timestamp,acc_x,acc_y,acc_z,gyro_x,gyro_y,gyro_z,Motion,Hand
1705996147485,0.604144,-0.790072,0.01708,35.07,45.01,8.19,Noise,Unknown
1705996147485,0.628544,-0.787632,0.0244,33.32,44.17,-0.84,Noise,Unknown
1705996147486,0.63196,-0.809104,0.049288,27.02,35.14,-6.65,Noise,Unknown
1705996147533,0.640744,-0.813496,0.066368,22.47,19.11,-5.74,Noise,Unknown
1705996147534,0.656848,-0.838872,0.095648,6.86,-0.21,-1.19,Noise,Unknown
1705996147581,0.626104,-0.846192,0.092232,-7.49,-24.92,4.27,Noise,Unknown
1705996147589,0.601216,-0.8418,-0.011712,-24.78,-29.82,8.61,Noise,Unknown
1705996147589,0.5246,-0.839848,-0.065392,-15.26,-9.45,10.15,Noise,Unknown
1705996147625,0.481656,-0.83936,-0.099064,9.31,20.79,9.8,Noise,Unknown
1705996147625,0.518256,-0.817888,-0.11712,35.14,44.94,5.11,Noise,Unknown
1705996147625,0.583648,-0.807152,-0.05124,47.81,53.76,-0.63,Noise,Right
1705996147671,0.62464,-0.81496,-0.00976,34.02,40.18,-2.52,Noise,Right
1705996147671,0.606584,-0.813984,0.036112,12.81,12.25,0.98,Noise,Right
1705996147719,0.57828,-0.81008,0.075152,-7.0,-20.44,5.18,Noise,Right
1705996147719,0.5734,-0.791536,0.03172,-29.26,-47.39,2.17,Noise,Right
1705996147719,0.508496,-0.801784,-0.011224,-28.35,-51.94,-7.7,Noise,Right
1705996147764,0.47336,-0.799832,-0.091744,-9.94,-31.92,-13.72,Noise,Right
1705996147764,0.505568,-0.816424,-0.096624,19.32,1.12,-11.41,Noise,Right
1705996147764,0.55144,-0.801296,-0.115656,49.14,31.22,-1.4,Noise,Right
1705996147813,0.5612,-0.833016,-0.079056,84.56,51.1,11.9,Noise,Right
1705996147814,0.562664,-0.838384,-0.00976,98.07,52.71,19.32,Noise,Right
1705996147814,0.546072,-0.846192,0.14884,82.04,31.85,17.78,Noise,Right
1705996147859,0.577792,-0.845704,0.196664,20.37,0.7,2.94,Noise,Right
1705996147859,0.569984,-0.833992,0.127856,-20.72,-29.89,-14.42,Noise,Right
1705996147859,0.547048,-0.872056,0.102968,-49.56,-45.01,-21.63,Noise,Right
1705996147905,0.488976,-0.84668,0.023912,-28.98,-36.75,-21.07,Noise,Right
1705996147905,0.47336,-0.826184,0.030256,-9.24,-0.98,-12.39,Noise,Right
1705996147951,0.44408,-0.801296,0.03904,34.86,31.78,-2.8,Noise,Right
1705996147951,0.620248,-0.791048,0.069784,59.57,53.9,1.12,Noise,Right
1705996147952,0.534848,-0.799832,0.13176,68.32,56.28,-2.24,Noise,Right
1705996147997,0.579256,-0.796904,0.190808,54.39,40.39,-9.66,Noise,Right
1705996147998,0.609512,-0.80764,0.195688,27.16,9.17,-15.68,Noise,Right
1705996147998,0.585112,-0.81496,0.184952,7.49,-17.57,-16.45,Noise,Right
1705996148049,0.572424,-0.830576,0.183976,-11.2,-35.21,-16.38,Noise,Right
1705996148049,0.541192,-0.804224,0.11468,-19.04,-37.38,-18.97,Noise,Right
1705996148093,0.496784,-0.801784,0.08052,-3.57,-23.17,-20.86,Noise,Right
1705996148093,0.497272,-0.77592,0.057584,16.94,17.85,-21.28,Noise,Right
1705996148093,0.543632,-0.770064,0.064416,41.02,27.65,-19.81,Noise,Right
1705996148140,0.610976,-0.766648,0.108824,54.74,38.92,-15.26,Noise,Right
1705996148140,0.658312,-0.776408,0.174216,55.65,32.13,-9.8,Noise,Right
1705996148140,0.699304,-0.79056,0.207888,37.52,8.12,-3.99,Noise,Right
1705996148196,0.666608,-0.781776,0.215696,12.6,-21.42,-1.47,Noise,Right
1705996148196,0.607072,-0.78324,0.171776,-11.48,-37.94,-8.12,Noise,Right
1705996148196,0.569008,-0.8052,0.179584,-12.74,-29.54,-16.87,Noise,Right
1705996148250,0.546072,-0.810568,0.177632,-2.38,-11.76,-17.57,Noise,Right
1705996148250,0.549488,-0.815936,0.164944,11.55,5.39,-10.22,Noise,Right
1705996148250,0.598288,-0.796416,0.164944,20.51,14.77,-3.64,Noise,Right
1705996148302,0.664656,-0.78324,0.17568,25.41,11.41,-1.47,Noise,Right
1705996148302,0.705648,-0.793976,0.216672,16.73,-4.2,0.63,Noise,Right
1705996148302,0.694912,-0.799832,0.193736,-6.93,-26.81,1.19,Noise,Right
1705996148358,0.655872,-0.794952,0.159088,-25.9,-45.85,-4.13,Noise,Right
1705996148358,0.599264,-0.78812,0.105408,-33.39,-52.22,-14.7,Noise,Right
1705996148358,0.54412,-0.78568,0.06832,-27.44,-41.37,-20.09,Noise,Right
1705996148358,0.520696,-0.77104,0.048312,-8.54,-18.34,-17.92,Noise,Right
1705996148404,0.54168,-0.764208,0.05856,18.76,-0.28,-10.78,Noise,Right
1705996148404,0.60756,-0.748592,0.088816,31.08,10.99,-6.02,Noise,Right
1705996148405,0.639768,-0.745176,0.145912,35.63,14.84,-5.6,Noise,Right
1705996148450,0.665144,-0.74908,0.209352,32.13,11.06,-6.37,Noise,Right
1705996148450,0.699792,-0.73932,0.26596,18.48,-0.28,-6.86,Noise,Right
1705996148527,0.679296,-0.74908,0.301096,3.57,-11.69,-7.77,Noise,Right
1705996148528,0.629032,-0.741272,0.247416,-7.63,-15.19,-10.78,Noise,Right
1705996148528,0.590968,-0.748104,0.228872,-4.83,-7.42,-10.85,Noise,Right
1705996148561,0.571448,-0.732488,0.18544,2.03,3.78,-8.47,Noise,Right
1705996148561,0.589016,-0.748104,0.1708,9.03,11.48,-6.16,Noise,Right
1705996148562,0.594384,-0.699792,0.43432,-19.74,14.63,7.14,Noise,Right
1705996148562,0.720776,-0.748592,0.267424,5.18,-0.7,11.34,Noise,Right
1705996148606,0.70272,-0.770552,0.253272,-20.44,-13.09,8.89,Noise,Right
1705996148607,0.70516,-0.78812,0.225944,-36.75,-26.11,5.53,Noise,Right
1705996148653,0.652456,-0.796416,0.155672,-54.88,-33.81,0.98,Noise,Right
1705996148653,0.609024,-0.801784,0.101504,-52.85,-31.5,-4.62,Noise,Right
1705996148653,0.56852,-0.775432,0.052704,-38.15,-23.03,-7.21,Noise,Right
1705996148708,0.543632,-0.763232,0.024888,-24.22,-13.23,-5.6,Noise,Right
1705996148709,0.633912,-0.767136,0.034648,-14.98,-5.67,0.56,Noise,Right
1705996148709,0.623664,-0.748592,0.096136,-6.72,-4.97,3.01,Noise,Right
1705996148763,0.631472,-0.747128,0.1464,-19.39,-5.88,3.78,Noise,Right
1705996148764,0.687104,-0.732488,0.16592,-46.34,-17.08,6.09,Noise,Right
1705996148764,0.671976,-0.77348,0.189832,-87.64,-33.32,8.61,Noise,Right
1705996148764,0.637328,-0.793976,0.169336,-94.43,-46.76,7.28,Noise,Right
1705996148813,0.58316,-0.811544,0.105896,-83.72,-52.57,1.61,Noise,Right
1705996148813,0.56852,-0.770064,0.016104,-66.78,-50.82,-4.55,Noise,Right
1705996148931,0.54656,-0.77104,-0.036112,-65.52,-48.37,-5.81,Noise,Right
1705996148931,0.541192,-0.76372,-0.052216,-55.3,-48.72,-1.75,Noise,Right
1705996148931,0.596824,-0.754448,-0.083448,-58.38,-50.19,1.75,Noise,Right
1705996148931,0.625616,-0.765672,-0.126392,-60.9,-52.85,3.08,Noise,Right
1705996148931,0.655384,-0.757864,-0.20252,-69.72,-55.44,2.17,Noise,Right
1705996148932,0.644648,-0.752984,-0.252784,-80.71,-54.67,-0.49,Noise,Right
1705996148932,0.58072,-0.774944,-0.238632,-105.77,-52.78,-3.08,Noise,Right
1705996148980,0.539728,-0.78568,-0.239608,-77.84,-52.92,-1.05,Noise,Right
1705996148980,0.549,-0.769576,-0.255224,-69.37,-54.11,0.0,Noise,Right
1705996148980,0.540216,-0.765184,-0.292312,-74.41,-52.85,-1.05,Noise,Right
1705996149026,0.535824,-0.750544,-0.332328,-80.92,-51.31,-1.19,Noise,Right
1705996149026,0.561688,-0.745176,-0.374296,-75.39,-49.7,-0.77,Noise,Right
1705996149026,0.599752,-0.741272,-0.38064,-96.95,-57.19,2.31,Noise,Right
1705996149073,0.58316,-0.728096,-0.420656,-109.06,-64.61,4.27,Noise,Right
1705996149073,0.582184,-0.726632,-0.43676,-128.66,-69.3,6.44,Noise,Right
1705996149073,0.550952,-0.729072,-0.470432,-139.79,-76.65,9.17,Noise,Right
1705996149118,0.513864,-0.706624,-0.545096,-109.9,-74.76,5.95,Noise,Right
1705996149118,0.479216,-0.668072,-0.57828,-91.56,-64.75,-4.97,Noise,Right
1705996149118,0.43188,-0.649528,-0.58316,-77.42,-56.14,-13.86,Noise,Right
1705996149164,0.463112,-0.630008,-0.577304,-67.48,-52.64,-16.24,Noise,Right
1705996149164,0.47824,-0.603656,-0.568032,-76.65,-55.72,-16.66,Noise,Right
1705996149220,0.508984,-0.580232,-0.587552,-93.03,-63.21,-14.98,Noise,Right
1705996149220,0.471896,-0.571936,-0.593896,-120.33,-74.34,-13.02,Noise,Right
1705996149220,0.426512,-0.514352,-0.640744,-138.18,-80.92,-15.75,Noise,Right
1705996149269,0.394304,-0.47336,-0.70028,-145.74,-81.69,-21.84,Noise,Right
1705996149271,0.4026,-0.382104,-0.908656,-88.41,-84.7,-18.34,Noise,Right
1705996149319,0.371368,-0.357704,-0.93696,-75.25,-83.65,-19.88,Noise,Right
1705996149319,0.354288,-0.336232,-0.940376,-67.76,-75.04,-24.71,Noise,Right
1705996149320,0.310368,-0.299144,-0.942328,-49.91,-63.84,-24.22,Noise,Right
1705996149363,0.32452,-0.309392,-0.905728,-37.87,-54.39,-22.33,Noise,Right
1705996149363,0.29768,-0.3172,-0.896456,-35.21,-50.82,-21.21,Noise,Right
1705996149410,0.29768,-0.311832,-0.854976,-29.33,-50.75,-21.28,Noise,Right
1705996149410,0.310368,-0.330376,-0.855464,-35.07,-58.03,-25.2,Noise,Right
1705996149410,0.275232,-0.306952,-0.855952,-34.58,-68.18,-30.17,Noise,Right
1705996149455,0.373808,-0.312808,-0.890112,-32.41,-75.25,-40.46,Noise,Right
1705996149456,0.253272,-0.267912,-0.933544,-24.57,-80.99,-47.18,Noise,Right
1705996149456,0.224968,-0.2562,-0.976,-17.64,-75.74,-47.81,Noise,Right
1705996149503,0.225456,-0.235704,-0.990152,-10.29,-65.94,-42.63,Noise,Right
1705996149503,0.246928,-0.233264,-0.976976,6.65,-51.73,-35.35,Noise,Right
1705996149549,0.269376,-0.230336,-0.979416,-8.4,-45.15,-27.09,Noise,Right
1705996149549,0.22692,-0.239608,-0.97356,-32.97,-44.17,-14.7,Noise,Right
1705996149549,0.212768,-0.225944,-1.016504,-19.32,-43.82,0.77,Noise,Right
1705996149596,0.181536,-0.208376,-1.059448,-4.27,-33.39,4.41,Noise,Right
1705996149597,0.185928,-0.20008,-1.06384,33.88,-14.7,0.21,Noise,Right
1705996149597,0.232288,-0.249856,-0.999424,32.06,7.56,-7.7,Noise,Right
1705996149644,0.182512,-0.293776,-0.998936,42.07,21.84,-16.87,Noise,Right
1705996149644,0.204472,-0.30988,-0.965752,54.39,25.41,-15.89,Noise,Right
1705996149752,0.211792,-0.321104,-0.931592,51.24,15.47,-10.36,Noise,Right
1705996149753,0.187392,-0.337208,-0.92232,33.04,-1.19,-2.24,Noise,Right
1705996149753,0.17568,-0.334768,-0.957456,14.21,-13.86,3.22,Noise,Right
1705996149753,0.160552,-0.307928,-0.975512,9.31,-16.03,2.03,Noise,Right
1705996149753,0.162016,-0.25376,-1.00772,17.78,-8.4,-3.64,Noise,Right
1705996149753,0.264984,-0.251808,-0.981368,27.37,4.06,-6.72,Noise,Right
1705996149753,0.22204,-0.308416,-0.987224,24.36,17.64,-7.7,Noise,Right
1705996149852,0.147864,-0.338672,-0.911584,18.9,23.66,-7.0,Noise,Right
1705996149852,0.14884,-0.33184,-0.887184,12.53,23.24,-5.18,Noise,Right
1705996149852,0.196176,-0.316224,-0.83448,13.86,18.69,-2.59,Noise,Right
1705996149852,0.169336,-0.31964,-0.818376,13.44,9.17,0.91,Noise,Right
1705996149852,0.211792,-0.31476,-0.848144,16.87,-2.66,3.29,Noise,Right
1705996149852,0.214232,-0.298656,-0.85888,9.66,-4.48,3.43,Noise,Right
1705996149902,0.21228,-0.301096,-0.850584,5.25,-1.61,-0.35,Noise,Right
1705996149902,0.21228,-0.281576,-0.85644,7.63,3.99,-6.37,Noise,Right
1705996149902,0.230336,-0.29768,-0.85888,7.56,6.16,-10.78,Noise,Right
1705996149950,0.253272,-0.30256,-0.83448,-7.07,1.82,-13.3,Noise,Right
1705996149950,0.194224,-0.296216,-0.85644,-14.84,-5.25,-13.37,Noise,Right
1705996149996,0.20496,-0.25376,-0.899384,-9.73,-11.34,-11.62,Noise,Right
1705996149996,0.20008,-0.24888,-0.95404,-1.26,-10.92,-7.7,Noise,Right
1705996149997,0.180072,-0.249368,-0.959896,9.17,-4.55,-4.27,Noise,Right
1705996150043,0.210816,-0.254736,-0.986736,12.39,4.76,-7.07,Noise,Right
1705996150043,0.198616,-0.272792,-0.964776,14.56,11.55,-13.51,Noise,Right
1705996150043,0.213256,-0.288896,-0.953064,16.24,6.79,-22.54,Noise,Right
1705996150089,0.250832,-0.312808,-0.938912,14.84,-10.01,-30.24,Noise,Right
1705996150089,0.257664,-0.282552,-0.97112,5.25,-33.67,-35.98,Noise,Right
1705996150089,0.221552,-0.323056,-1.035536,1.33,-53.48,-43.47,Noise,Right
1705996150141,0.18544,-0.32208,-1.091168,9.03,-57.4,-50.61,Noise,Right
1705996150141,0.152256,-0.28792,-1.110688,18.62,-40.95,-52.64,Noise,Right
1705996150141,0.127368,-0.32696,-1.083848,29.4,-15.68,-46.41,Noise,Right
1705996150197,0.142984,-0.315248,-1.052616,41.79,3.99,-37.17,Noise,Right
1705996150197,0.177144,-0.341112,-1.01748,40.88,4.2,-29.26,Noise,Right
1705996150197,0.221552,-0.342088,-0.988688,34.51,-17.57,-34.3,Noise,Right
1705996150244,0.27572,-0.337696,-0.981368,23.24,-46.97,-47.39,Noise,Right
1705996150244,0.238632,-0.370392,-0.98332,14.7,-72.31,-60.69,Noise,Right
1705996150244,0.164456,-0.360632,-1.0004,8.89,-80.92,-70.35,Noise,Right
1705996150291,0.106872,-0.34404,-1.054568,16.03,-66.57,-72.31,Noise,Right
1705996150291,0.0488,-0.349896,-1.0492,22.82,-31.85,-65.73,Noise,Right
1705996150291,0.088816,-0.346968,-1.019432,30.94,-6.02,-56.77,Noise,Right
1705996150346,0.143472,-0.357704,-0.976,40.74,-2.73,-51.38,Noise,Right
1705996150346,0.210816,-0.362096,-0.938912,32.9,-25.55,-53.76,Noise,Right
1705996150346,0.204472,-0.369904,-0.952576,16.94,-58.73,-59.99,Noise,Right
1705996150400,0.148352,-0.36112,-1.001376,-15.61,-81.41,-69.58,Noise,Right
1705996150400,0.112728,-0.3416,-1.045296,9.45,-80.29,-80.85,Noise,Right
1705996150400,0.080032,-0.352336,-0.999912,20.09,-57.96,-89.53,Noise,Right
1705996150449,0.086864,-0.3538,-0.975512,25.62,-33.6,-95.48,Noise,Right
1705996150449,0.089304,-0.3294,-0.969656,24.92,-17.85,-94.29,Noise,Right
1705996150449,0.137616,-0.314272,-0.981368,34.86,-16.24,-87.15,Noise,Right
1705996150493,0.184464,-0.340624,-0.933056,40.18,-28.91,-82.6,Noise,Right
1705996150493,0.176168,-0.31232,-0.947696,34.58,-47.25,-83.09,Noise,Right
1705996150538,0.172264,-0.335744,-0.947208,38.85,-61.6,-85.47,Noise,Right
1705996150538,0.163968,-0.401624,-0.920856,40.88,-64.82,-88.83,Noise,Right
1705996150538,0.189832,-0.392352,-0.879864,41.72,-55.65,-90.93,Noise,Right
1705996150584,0.170312,-0.398696,-0.8662,38.29,-37.1,-88.83,Noise,Right
1705996150584,0.195688,-0.413336,-0.843264,31.01,-24.57,-83.02,Noise,Right
1705996150585,0.184952,-0.371368,-0.88816,26.6,-21.84,-73.5,Noise,Right
1705996150630,0.223992,-0.35868,-0.899384,25.41,-27.23,-64.19,Noise,Right
1705996150630,0.22692,-0.383568,-0.891576,21.14,-35.56,-58.8,Noise,Right
1705996150676,0.22936,-0.402112,-0.841312,22.19,-38.64,-60.27,Noise,Right
1705996150676,0.204472,-0.41236,-0.782264,20.44,-33.6,-63.42,Noise,Right
1705996150676,0.151768,-0.423096,-0.759328,19.74,-27.58,-67.34,Noise,Right
1705996150723,0.140056,-0.416752,-0.759328,15.96,-23.45,-70.56,Noise,Right
1705996150723,0.093208,-0.383568,-0.799832,22.47,-21.84,-71.54,Noise,Right
1705996150723,0.138592,-0.390888,-0.786168,27.58,-19.74,-71.68,Noise,Right
1705996150770,0.227896,-0.375272,-0.792024,30.66,-17.08,-69.16,Noise,Right
1705996150770,0.205936,-0.389912,-0.773968,30.17,-14.42,-61.32,Noise,Right
1705996150770,0.25864,-0.413824,-0.743712,39.62,-13.93,-49.35,Noise,Right
1705996150813,0.224968,-0.419192,-0.745176,31.08,-15.4,-36.4,Noise,Right
1705996150813,0.223504,-0.437736,-0.751032,30.66,-19.74,-29.96,Noise,Right
1705996150860,0.250832,-0.43188,-0.78324,29.4,-22.4,-31.08,Noise,Right
1705996150860,0.244976,-0.427488,-0.795928,30.87,-22.75,-34.51,Noise,Right
1705996150860,0.267912,-0.44896,-0.792512,28.56,-20.16,-37.17,Noise,Right
1705996150907,0.254736,-0.457256,-0.774456,27.02,-16.52,-37.1,Noise,Right
1705996150907,0.233264,-0.477752,-0.75884,26.25,-11.2,-29.96,Noise,Right
1705996150908,0.180072,-0.522648,-0.719312,27.93,-4.06,-20.44,Noise,Right
1705996150958,0.239608,-0.491416,-0.73932,22.61,-0.91,-14.98,Noise,Right
1705996150958,0.216184,-0.464576,-0.752984,9.73,-2.52,-16.45,Noise,Right
1705996150958,0.211304,-0.471896,-0.770064,9.52,-2.94,-26.39,Noise,Right
1705996151015,0.237168,-0.481656,-0.754936,17.78,-0.28,-38.22,Noise,Right
1705996151015,0.233752,-0.502152,-0.628544,16.8,5.04,-35.42,Noise,Right
1705996151016,0.227408,-0.549,-0.737368,9.59,3.64,-27.58,Noise,Right
1705996151063,0.237656,-0.519232,-0.768112,4.13,-0.49,-19.25,Noise,Right
1705996151063,0.222528,-0.511424,-0.818864,-0.91,-6.37,-10.57,Noise,Right
1705996151063,0.22448,-0.50508,-0.838872,-4.97,-8.05,-4.48,Noise,Right
1705996151109,0.268888,-0.466528,-0.865224,-6.37,-7.56,-3.92,Noise,Right
1705996151109,0.315248,-0.485072,-0.85888,-6.65,-5.18,-6.23,Noise,Right
1705996151109,0.304512,-0.498736,-0.806664,3.15,1.19,-9.31,Noise,Right
1705996151165,0.321592,-0.506544,-0.789096,9.31,5.53,-11.62,Noise,Right
1705996151165,0.251808,-0.49044,-0.821792,11.41,5.81,-12.46,Noise,Right
1705996151165,0.336232,-0.464576,-0.867664,9.03,1.4,-12.81,Noise,Right
1705996151219,0.221552,-0.469944,-0.88572,7.35,-2.66,-7.49,Noise,Right
1705996151219,0.193736,-0.438224,-0.894016,12.95,-7.21,-1.89,Noise,Right
1705996151219,0.164456,-0.447984,-0.867664,6.16,-5.46,-1.19,Noise,Right
1705996151267,0.168848,-0.474336,-0.811544,8.75,6.51,-3.71,Noise,Right
1705996151268,0.233264,-0.489952,-0.732976,8.4,17.85,-3.78,Noise,Right
1705996151268,0.284016,-0.540704,-0.644648,7.42,18.48,-3.08,Noise,Right
1705996151312,0.319152,-0.542168,-0.60024,-2.1,10.5,-3.08,Noise,Right
1705996151312,0.317688,-0.518256,-0.635864,-11.06,-4.97,-1.54,Noise,Right
1705996151312,0.294264,-0.493368,-0.711016,-17.71,-20.86,1.05,Noise,Right
1705996151372,0.303536,-0.460184,-0.786656,-27.93,-32.83,6.09,Noise,Right
1705996151373,0.264984,-0.455304,-0.850096,-29.47,-38.15,11.13,Noise,Right
1705996151421,0.196664,-0.42456,-0.915488,-26.88,-30.03,9.45,Noise,Right
1705996151422,0.20252,-0.435296,-0.91988,-19.74,-21.7,8.47,Noise,Right
1705996151422,0.188368,-0.44408,-0.916952,-15.75,-15.61,7.49,Noise,Right
1705996151422,0.20252,-0.44408,-0.89304,-10.92,-7.91,3.85,Noise,Right
1705996151475,0.17568,-0.454328,-0.899384,-9.66,-5.95,5.04,Noise,Right
1705996151475,0.201544,-0.457256,-0.89304,-8.96,-5.04,3.22,Noise,Right
1705996151475,0.194224,-0.46116,-0.905728,-5.88,-9.31,3.08,Noise,Right
1705996151529,0.216672,-0.443104,-0.930616,-5.6,-12.39,2.17,Noise,Right
1705996151529,0.215696,-0.45872,-0.916464,-4.9,-9.87,-1.33,Noise,Right
1705996151529,0.220088,-0.452864,-0.873032,-4.62,-9.17,-1.12,Noise,Right
1705996151576,0.234728,-0.441152,-0.89548,-6.65,-6.37,-2.45,Noise,Right
1705996151576,0.230824,-0.437248,-0.895968,-5.88,-2.8,-0.63,Noise,Right
1705996151577,0.240584,-0.455792,-0.872544,-0.56,0.77,1.54,Noise,Right
1705996151625,0.240584,-0.432856,-0.870592,-1.33,2.1,5.74,Noise,Right
1705996151625,0.211792,-0.455304,-0.842288,0.28,3.5,10.36,Noise,Right
1705996151626,0.205448,-0.451888,-0.837896,0.35,-17.64,8.47,Noise,Right
1705996151676,0.172752,-0.451888,-0.82716,-1.68,-1.05,5.18,Noise,Right
1705996151677,0.196176,-0.430904,-0.83448,-5.25,-5.04,6.51,Noise,Right
1705996151677,0.210328,-0.401624,-0.832528,-10.36,-8.75,10.64,Noise,Right
1705996151733,0.122976,-0.355752,-0.857416,-12.6,-11.41,14.56,Noise,Right
1705996151733,0.188856,-0.372832,-0.869128,-17.08,-15.33,12.67,Noise,Right
1705996151733,0.199592,-0.408456,-0.870592,-35.77,-19.32,12.67,Noise,Right
1705996151779,0.163968,-0.447496,-0.768112,-7.0,-18.97,13.72,Noise,Right
1705996151779,0.181536,-0.373808,-0.8418,32.2,-19.95,21.56,Noise,Right
1705996151779,0.225456,-0.357704,-0.879864,-6.79,-10.43,21.14,Noise,Right
1705996151825,0.222528,-0.46116,-0.806664,0.14,-9.03,12.95,Noise,Right
1705996151825,0.21716,-0.421632,-0.78812,1.75,-7.63,8.96,Noise,Right
1705996151826,0.223016,-0.430904,-0.784704,6.86,-6.72,10.85,Noise,Right
1705996151879,0.174216,-0.423584,-0.826672,21.21,-10.43,16.38,Noise,Right
1705996151879,0.262056,-0.376248,-0.881816,-1.96,-18.55,20.09,Noise,Right
1705996151932,0.228872,-0.360632,-0.90036,-26.46,-26.11,20.65,Noise,Right
1705996151932,0.199592,-0.383568,-0.874984,-22.82,-38.5,18.97,Noise,Right
1705996151932,0.237656,-0.385032,-0.765672,-14.42,-49.84,17.5,Noise,Right
1705996151932,0.27084,-0.382592,-0.874496,-10.15,-63.42,19.67,Noise,Right
1705996151984,0.15128,-0.41724,-0.8296,13.44,-54.81,23.8,Noise,Right
1705996151984,0.120536,-0.460184,-0.812032,62.86,-17.43,33.53,Noise,Right
1705996151985,0.221064,-0.489464,-0.62952,62.23,18.06,52.57,Noise,Right
1705996152040,0.291336,-0.479216,-0.664656,56.7,44.73,76.58,Noise,Right
1705996152040,0.349408,-0.47092,-0.589504,27.86,48.02,99.54,Noise,Right
1705996152040,0.368928,-0.486536,-0.493856,9.31,36.68,114.94,Noise,Right
1705996152086,0.278648,-0.486536,-0.519232,-25.83,19.6,118.93,Noise,Right
1705996152086,0.22448,-0.442616,-0.589016,-38.15,8.12,114.24,Noise,Right
1705996152086,0.156648,-0.447984,-0.622688,-45.43,5.95,109.69,Noise,Right
1705996152133,0.12688,-0.432368,-0.67832,-38.92,12.39,110.39,Noise,Right
1705996152133,0.110288,-0.363072,-0.765672,-15.12,33.74,117.74,Noise,Right
1705996152133,0.03416,-0.365512,-0.707112,-11.06,61.88,133.98,Noise,Right
1705996152188,-0.017568,-0.318664,-0.732488,-18.27,76.09,155.96,Noise,Right
1705996152188,-0.095648,-0.240096,-0.854,-26.25,76.23,175.35,Noise,Right
1705996152188,-0.185928,-0.22448,-0.943792,-58.94,68.95,185.57,Noise,Right
1705996152241,-0.11956,-0.20252,-1.089704,-68.67,72.87,175.21,Noise,Right
1705996152241,-0.10004,-0.216184,-1.098976,-25.48,101.22,143.71,Noise,Right
1705996152241,-0.064416,-0.258152,-0.987712,-4.83,144.34,96.11,Noise,Right
1705996152292,-0.030256,-0.285968,-0.935496,-8.19,177.03,72.17,Noise,Right
1705996152292,0.04636,-0.267424,-0.979416,-14.91,172.48,74.62,Noise,Right
1705996152292,0.0732,-0.254248,-1.07116,1.12,139.72,91.56,Noise,Right
1705996152413,-0.015616,-0.202032,-1.219024,-20.86,95.27,116.62,Noise,Right
1705996152413,0.067344,-0.263032,-1.364448,-16.03,65.8,136.5,Noise,Right
1705996152414,0.168848,-0.33184,-1.323456,-11.27,67.13,118.65,Noise,Right
1705996152414,0.181536,-0.333792,-1.133136,13.86,91.7,64.82,Noise,Right
1705996152414,0.198616,-0.372344,-1.00284,22.54,111.37,13.58,Noise,Right
1705996152414,0.265472,-0.435296,-0.989664,-0.7,109.62,-9.24,Noise,Right
1705996152414,0.32452,-0.38064,-0.915976,-12.32,85.12,-7.7,Noise,Right
1705996152458,0.271816,-0.350872,-0.933056,-5.18,33.46,13.65,Noise,Right
1705996152458,0.287432,-0.295728,-1.108248,-22.54,-36.54,42.84,Noise,Right
1705996152459,0.261568,-0.377712,-1.175104,-8.68,-77.56,67.06,Noise,Right
1705996152507,0.28304,-0.430904,-1.098488,7.84,-74.9,55.37,Noise,Right
1705996152507,0.12932,-0.366976,-0.952088,23.52,-42.21,17.57,Noise,Right
1705996152507,0.144936,-0.431392,-0.835456,16.17,-13.02,-19.88,Noise,Right
1705996152551,0.168848,-0.473848,-0.86376,6.02,-4.97,-30.03,Noise,Right
1705996152551,0.174216,-0.445056,-0.892064,-6.37,-16.87,-24.15,Noise,Right
1705996152598,0.137616,-0.379176,-0.880352,-9.8,-33.74,-13.23,Noise,Right
1705996152598,0.140056,-0.372344,-0.856928,1.75,-56.07,-1.96,Noise,Right
1705996152598,0.240584,-0.342576,-0.940864,17.43,-76.65,8.26,Noise,Right
1705996152644,0.287432,-0.4148,-0.970632,29.54,-69.02,2.17,Noise,Right
1705996152644,0.155672,-0.347944,-0.943792,21.0,-37.94,-13.44,Noise,Right
1705996152644,0.184952,-0.377712,-0.988688,19.39,-13.93,-21.49,Noise,Right
1705996152688,0.144936,-0.404064,-1.037,15.89,-4.41,-16.87,Noise,Right
1705996152688,0.150304,-0.4026,-1.072136,22.05,-12.04,-4.27,Noise,Right
1705996152689,0.183,-0.389912,-1.050176,25.2,-27.09,3.99,Noise,Right
1705996152736,0.224968,-0.415288,-0.972584,25.48,-36.12,-1.26,Noise,Right
1705996152736,0.154696,-0.4636,-0.916464,19.18,-30.87,-15.26,Noise,Right
1705996152786,0.13664,-0.494344,-0.92476,22.96,-15.89,-27.3,Noise,Right
1705996152786,0.145424,-0.491416,-0.921344,29.26,4.55,-28.56,Noise,Right
1705996152786,0.125904,-0.489464,-0.899384,32.76,25.34,-18.06,Noise,Right
1705996152828,0.18544,-0.432368,-0.8662,33.39,45.64,-4.06,Noise,Right
1705996152828,0.195688,-0.412848,-0.823744,33.67,54.67,8.4,Noise,Right
1705996152828,0.215208,-0.43676,-0.769576,27.86,47.88,12.67,Noise,Right
1705996152875,0.261568,-0.450424,-0.742736,12.53,28.56,8.12,Noise,Right
1705996152875,0.300608,-0.491904,-0.698816,8.54,3.29,-4.48,Noise,Right
1705996152875,0.291824,-0.527528,-0.723704,0.35,-21.14,-19.04,Noise,Right
1705996152924,0.126392,-0.503128,-0.9516,11.13,-49.98,-9.38,Noise,Right
1705996152924,0.179096,-0.523624,-0.95404,0.21,-29.82,-17.29,Noise,Right
1705996152968,0.054656,-0.459208,-1.032608,21.91,-7.35,-11.2,Noise,Right
1705996152968,0.150792,-0.468968,-0.955504,17.43,7.35,0.21,Noise,Right
1705996152969,0.155184,-0.480192,-0.981368,27.72,26.11,9.87,Noise,Right
1705996153019,0.177144,-0.49288,-0.981856,27.37,34.58,20.02,Noise,Right
1705996153019,0.21716,-0.509472,-0.956968,18.55,28.91,25.69,Noise,Right
1705996153019,0.220576,-0.513864,-0.913048,13.65,20.79,18.97,Noise,Right
1705996153129,0.223992,-0.532408,-0.89792,17.5,16.73,2.17,Noise,Right
1705996153129,0.227896,-0.541192,-0.870592,18.62,20.02,-21.63,Noise,Right
1705996153129,0.226432,-0.530944,-0.8784,27.79,33.46,-35.07,Noise,Right
1705996153129,0.22936,-0.489952,-0.891576,38.5,50.47,-35.91,Noise,Right
1705996153130,0.367952,-0.542656,-0.823744,54.18,65.73,-26.04,Noise,Right
1705996153130,0.29524,-0.532408,-0.787144,55.09,70.42,-11.2,Noise,Right
1705996153174,0.318176,-0.542168,-0.804712,57.54,68.18,7.07,Noise,Right
1705996153175,0.314272,-0.543632,-0.82472,64.96,64.54,15.61,Noise,Right
1705996153175,0.32208,-0.5368,-0.8052,75.74,63.0,14.21,Noise,Right
1705996153220,0.330376,-0.532408,-0.78568,83.72,63.63,2.73,Noise,Right
1705996153221,0.3416,-0.548024,-0.69052,87.29,66.5,-12.32,Noise,Right
1705996153221,0.365024,-0.586088,-0.71492,88.48,70.49,-27.09,Noise,Right
1705996153265,0.311832,-0.5978,-0.688568,128.03,78.89,-35.35,Noise,Right
1705996153265,0.33916,-0.609512,-0.659776,141.12,87.15,-33.95,Noise,Right
1705996153315,0.355264,-0.620248,-0.62464,165.9,90.79,-28.91,Noise,Right
1705996153315,0.406992,-0.647088,-0.565592,159.88,93.94,-23.73,Noise,Right
1705996153315,0.367464,-0.672464,-0.525576,154.07,103.46,-27.65,Noise,Right
1705996153360,0.388936,-0.682712,-0.481168,155.54,116.9,-43.4,Noise,Right
1705996153360,0.391376,-0.694912,-0.391376,161.84,125.16,-57.82,Noise,Right
1705996153360,0.484096,-0.73444,-0.215208,161.28,117.81,-65.73,Noise,Right
1705996153406,0.5734,-0.752496,-0.109312,154.14,100.03,-68.95,Noise,Right
1705996153406,0.616344,-0.715896,-0.040016,138.04,82.6,-62.72,Noise,Right
1705996153406,0.5978,-0.742736,0.003416,90.93,68.53,-41.65,Noise,Right
1705996153455,0.597312,-0.736392,-0.01952,88.76,56.56,-20.58,Noise,Right
1705996153455,0.594384,-0.715408,0.000976,91.49,49.21,-5.6,Noise,Right
1705996153455,0.571936,-0.71492,-0.018056,82.53,41.79,-4.97,Noise,Right
1705996153499,0.55632,-0.710528,-0.013176,75.04,42.28,-20.16,Noise,Right
1705996153500,0.599264,-0.704184,0.019032,61.67,43.89,-43.75,Noise,Right
1705996153548,0.641232,-0.735416,0.075152,46.76,39.48,-58.03,Noise,Right
1705996153548,0.71004,-0.777872,0.127856,31.22,25.69,-58.24,Noise,Right
1705996153548,0.740784,-0.768112,0.117608,20.93,9.45,-44.94,Noise,Right
1705996153595,0.71004,-0.752008,0.101016,24.5,-3.15,-22.05,Noise,Right
1705996153595,0.678808,-0.745176,0.100528,30.17,-9.73,-1.61,Noise,Right
1705996153595,0.64172,-0.71004,0.066856,29.82,-4.55,0.56,Noise,Right
1705996153641,0.635376,-0.687592,0.059048,30.8,18.97,-7.0,Noise,Right
1705996153641,0.636352,-0.68564,0.077592,34.09,41.02,-13.44,Noise,Right
1705996153641,0.749568,-0.70028,0.14152,46.69,48.51,-13.09,Noise,Right
1705996153689,0.774456,-0.717848,0.182512,34.79,36.68,-6.72,Noise,Right
1705996153689,0.764696,-0.74176,0.216672,28.07,14.84,2.1,Noise,Right
1705996153736,0.713944,-0.729072,0.213256,16.59,-11.55,6.44,Noise,Right
1705996153736,0.664656,-0.709552,0.184952,8.75,-25.2,3.92,Noise,Right
1705996153736,0.640744,-0.701744,0.109312,-0.7,-27.72,-5.11,Noise,Right
1705996153783,0.672464,-0.705648,0.059536,0.77,-17.22,-35.56,Noise,Right
1705996153783,0.721752,-0.708576,0.0244,5.46,-3.22,-23.87,Noise,Right
1705996153783,0.76372,-0.727608,0.037088,23.59,7.0,-16.24,Noise,Right
1705996153829,0.756888,-0.759816,0.120048,33.74,-2.73,-6.02,Noise,Right
1705996153830,0.743224,-0.747128,0.16836,22.75,-22.33,0.91,Noise,Right
1705996153830,0.69296,-0.748104,0.197152,6.09,-43.19,3.08,Noise,Right
1705996153874,0.621712,-0.71736,0.147376,-10.78,-56.28,1.19,Noise,Right
1705996153874,0.53924,-0.705648,0.064416,-16.8,-36.33,-5.18,Noise,Right
1705996153928,0.518744,-0.696864,0.020496,-11.27,-36.05,-16.17,Noise,Right
1705996153928,0.636352,-0.676856,-0.010248,-0.21,-14.28,-25.06,Noise,Right
1705996153928,0.752008,-0.711504,0.022936,4.9,4.13,-22.54,Noise,Right
1705996153982,0.767624,-0.726144,0.078568,17.15,13.58,-7.42,Noise,Right
1705996153982,0.7686,-0.738832,0.132248,19.39,7.84,4.06,Noise,Right
1705996153982,0.763232,-0.720288,0.15616,5.88,-12.67,6.23,Noise,Right
1705996153983,0.718824,-0.707112,0.146888,-13.86,-31.57,1.61,Noise,Right
1705996154031,0.660752,-0.703696,0.109312,-23.03,-43.05,-2.94,Noise,Right
1705996154031,0.640744,-0.696376,0.083448,-23.87,-41.16,-6.3,Noise,Right
1705996154074,0.664168,-0.695888,0.063928,-24.15,-29.68,-9.38,Noise,Right
1705996154074,0.73444,-0.626104,0.023912,-54.67,-1.54,5.39,Noise,Right
1705996154074,0.787144,-0.670512,0.027816,-8.68,3.85,5.53,Noise,Right
1705996154134,0.827648,-0.694424,0.06344,-17.36,1.33,0.63,Noise,Right
1705996154134,0.757376,-0.72224,0.098088,-7.98,-11.55,-0.21,Noise,Right
1705996154134,0.749568,-0.712968,0.073688,-32.55,-31.71,0.49,Noise,Right
1705996154188,0.6954,-0.711016,0.069784,-29.54,-49.07,2.94,Noise,Right
1705996154188,0.62464,-0.704184,0.036112,-39.83,-49.98,6.16,Noise,Right
1705996154188,0.610488,-0.69784,-0.003904,-43.19,-38.01,5.95,Noise,Right
1705996154255,0.672952,-0.707112,-0.020496,-48.37,-23.45,1.61,Noise,Right
1705996154256,0.742248,-0.6832,-0.049776,-65.17,-16.1,-3.99,Noise,Right
1705996154257,0.78324,-0.672464,-0.051728,-63.42,-18.2,-6.3,Noise,Right
1705996154257,0.803248,-0.674904,-0.047824,-73.08,-26.53,-7.49,Noise,Right
1705996154257,0.794952,-0.698328,-0.058072,-75.04,-44.73,-6.3,Noise,Right
1705996154306,0.743224,-0.706624,-0.058072,-68.39,-66.43,-2.59,Noise,Right
1705996154306,0.720288,-0.699304,-0.111752,-79.03,-89.95,9.59,Noise,Right
1705996154306,0.679784,-0.718824,-0.164944,-91.07,-100.66,25.2,Noise,Right
1705996154355,0.573888,-0.703208,-0.239608,-78.68,-90.79,29.4,Noise,Right
1705996154355,0.55632,-0.674904,-0.308416,-73.71,-73.57,21.28,Noise,Right
1705996154460,0.547536,-0.691496,-0.296216,-63.56,-59.15,11.83,Noise,Right
1705996154460,0.580232,-0.698816,-0.27328,-71.68,-50.96,2.1,Noise,Right
1705996154460,0.618784,-0.685152,-0.265472,-91.07,-51.45,-5.32,Noise,Right
1705996154460,0.598288,-0.66612,-0.212768,-141.82,-61.53,-6.44,Noise,Right
1705996154460,0.577304,-0.669536,-0.300608,-158.41,-73.08,-12.18,Noise,Right
1705996154460,0.5734,-0.564128,-0.44896,-130.34,-80.08,-14.91,Noise,Right
1705996154461,0.62464,-0.525576,-0.596336,-112.98,-80.5,-14.56,Noise,Right
1705996154507,0.637328,-0.52948,-0.642696,-89.53,-79.94,-7.56,Noise,Right
1705996154507,0.6222,-0.538752,-0.621224,-84.77,-83.72,0.07,Noise,Right
1705996154552,0.605608,-0.549976,-0.583648,-93.17,-92.19,7.77,Noise,Right
1705996154552,0.549488,-0.555344,-0.56364,-120.26,-100.66,7.84,Noise,Right
1705996154552,0.453352,-0.50508,-0.64904,-137.13,-102.13,-4.13,Noise,Right
1705996154599,0.348432,-0.463112,-0.711016,-144.41,-91.7,-21.28,Noise,Right
1705996154599,0.4026,-0.321104,-0.868152,-155.12,-69.79,-35.56,Noise,Right
1705996154599,0.493368,-0.275232,-0.932568,-126.49,-50.4,-31.08,Noise,Right
1705996154648,0.57584,-0.296216,-0.88328,-105.28,-51.24,-20.79,Noise,Right
1705996154648,0.526552,-0.296704,-0.695888,-89.81,-72.73,-7.84,Noise,Right
1705996154648,0.513376,-0.37088,-0.705648,-101.99,-110.81,-2.66,Noise,Right
1705996154768,0.45872,-0.338672,-0.830576,-86.87,-142.52,-12.6,Noise,Right
1705996154768,0.369416,-0.297192,-0.918416,-91.7,-143.01,-28.84,Noise,Right
1705996154768,0.245952,-0.240096,-1.010648,-69.72,-119.42,-42.07,Noise,Right
1705996154768,0.237656,-0.18056,-1.050176,-53.34,-81.2,-44.8,Noise,Right
1705996154768,0.262544,-0.153232,-1.031144,-43.89,-46.27,-35.7,Noise,Right
1705996154769,0.328424,-0.132736,-0.995032,-37.38,-26.25,-11.48,Noise,Right
1705996154769,0.338184,-0.157624,-0.981368,-49.14,-29.4,13.51,Noise,Right
1705996154814,0.354776,-0.00244,-0.980392,-57.96,-47.88,29.4,Noise,Right
1705996154814,0.325008,-0.155672,-0.961848,-76.23,-66.5,37.38,Noise,Right
1705996154815,0.276696,-0.286944,-0.89304,-41.79,-76.51,29.75,Noise,Right
1705996154861,0.232776,-0.035624,-0.986736,24.64,-60.41,11.62,Noise,Right
1705996154861,0.203496,-0.0976,-1.047248,-27.93,-30.1,5.04,Noise,Right
1705996154906,0.153232,-0.081496,-1.020896,6.44,-2.87,-6.44,Noise,Right
1705996154906,0.17324,-0.121024,-0.982832,12.81,11.2,-5.81,Noise,Right
1705996154906,0.207888,-0.126392,-0.959896,15.19,12.95,1.33,Noise,Right
1705996154953,0.259128,-0.138592,-0.977952,9.73,3.99,11.9,Noise,Right
1705996154954,0.271328,-0.145912,-1.010648,2.87,-11.55,16.17,Noise,Right
1705996154954,0.263032,-0.13908,-1.045784,1.4,-25.06,14.63,Noise,Right
1705996155001,0.242536,-0.142984,-1.084336,24.99,-23.94,4.2,Noise,Right
1705996155001,0.202032,-0.12688,-1.067744,45.43,-8.54,-6.51,Noise,Right
1705996155056,0.147864,-0.137616,-1.06628,55.79,14.77,-14.35,Noise,Right
1705996155056,0.162992,-0.179096,-1.057008,62.79,37.24,-16.1,Noise,Right
1705996155056,0.20496,-0.208864,-1.018944,69.16,45.29,-13.79,Noise,Right
1705996155110,0.240584,-0.201544,-1.028704,58.94,36.96,-8.47,Noise,Right
1705996155110,0.258152,-0.237656,-0.959896,53.48,13.79,-2.8,Noise,Right
1705996155110,0.28792,-0.255712,-0.919392,33.18,-7.0,-0.49,Noise,Right
1705996155110,0.27084,-0.269376,-0.903776,27.09,-17.71,-3.64,Noise,Right
1705996155158,0.241072,-0.254248,-0.914024,24.71,-17.22,-9.52,Noise,Right
1705996155158,0.233752,-0.256688,-0.961848,29.68,-8.19,-15.68,Noise,Right
1705996155158,0.235704,-0.26596,-0.984296,39.2,6.86,-16.66,Noise,Right
1705996155279,0.240584,-0.253272,-0.968192,40.25,11.41,-14.77,Noise,Right
1705996155279,0.281576,-0.269864,-0.991616,36.96,7.28,-12.46,Noise,Right
1705996155279,0.264984,-0.269864,-1.011136,30.1,-3.01,-11.69,Noise,Right
1705996155279,0.281576,-0.300608,-0.999424,20.02,-16.87,-17.85,Noise,Right
1705996155279,0.281576,-0.293288,-0.976,19.53,-28.21,-28.98,Noise,Right
1705996155280,0.250344,-0.296704,-0.947696,21.98,-29.33,-38.15,Noise,Right
1705996155280,0.232776,-0.314272,-0.920856,25.48,-23.73,-43.19,Noise,Right
1705996155324,0.218624,-0.304024,-0.911096,30.52,-14.98,-43.54,Noise,Right
1705996155324,0.189832,-0.291824,-0.916464,33.25,-8.33,-38.71,Noise,Right
1705996155371,0.178608,-0.310368,-0.928664,35.84,-6.51,-36.82,Noise,Right
1705996155371,0.282552,-0.284992,-0.920856,35.7,-9.17,-41.23,Noise,Right
1705996155372,0.30012,-0.32696,-0.926712,28.56,-15.05,-48.02,Noise,Right
1705996155417,0.2562,-0.346968,-0.913048,27.58,-20.3,-49.91,Noise,Right
1705996155417,0.255712,-0.359656,-0.881816,22.12,-25.2,-52.71,Noise,Right
1705996155417,0.234728,-0.338672,-0.92964,9.59,-27.44,-56.77,Noise,Right
1705996155462,0.220088,-0.332328,-0.9638,11.41,-27.23,-59.92,Noise,Right
1705996155462,0.22204,-0.301584,-0.994056,12.32,-30.73,-59.78,Noise,Right
1705996155462,0.24644,-0.288408,-1.014552,17.01,-35.91,-59.92,Noise,Right
1705996155509,0.251808,-0.286456,-0.997472,20.58,-40.74,-61.81,Noise,Right
1705996155509,0.24888,-0.311832,-0.970632,20.02,-49.63,-67.55,Noise,Right
1705996155569,0.244488,-0.332816,-0.930616,26.39,-57.47,-76.72,Noise,Right
1705996155569,0.21716,-0.333792,-0.933544,32.27,-58.94,-85.75,Noise,Right
1705996155571,0.20008,-0.330376,-0.943304,38.71,-48.93,-91.07,Noise,Right
1705996155620,0.211304,-0.306464,-0.965752,43.68,-34.23,-92.96,Noise,Right
1705996155620,0.283528,-0.318176,-0.959896,46.83,-20.86,-87.29,Noise,Right
1705996155620,0.284992,-0.33428,-0.9516,44.31,-15.05,-75.39,Noise,Right
1705996155620,0.268888,-0.363072,-0.902312,42.14,-24.22,-62.09,Noise,Right
1705996155669,0.299144,-0.38796,-0.881328,38.01,-41.37,-57.47,Noise,Right
1705996155669,0.272304,-0.393816,-0.858392,34.65,-59.92,-63.21,Noise,Right
1705996155669,0.242536,-0.387472,-0.874008,37.59,-72.24,-73.36,Noise,Right
1705996155793,0.236192,-0.38064,-0.883768,41.16,-70.07,-77.98,Noise,Right
1705996155793,0.18544,-0.379176,-0.897432,44.1,-53.76,-77.07,Noise,Right
1705996155793,0.17812,-0.380152,-0.89792,46.62,-35.7,-68.81,Noise,Right
1705996155793,0.166896,-0.384544,-0.88084,43.75,-19.46,-56.21,Noise,Right
1705996155793,0.190808,-0.377224,-0.877912,42.35,-10.01,-45.85,Noise,Right
1705996155793,0.23668,-0.376248,-0.857904,39.2,-11.48,-43.47,Noise,Right
1705996155793,0.260104,-0.385032,-0.835456,35.98,-21.35,-48.16,Noise,Right
1705996155894,0.24644,-0.411384,-0.808616,38.22,-32.69,-53.9,Noise,Right
1705996155894,0.220088,-0.421144,-0.826184,38.71,-41.3,-57.96,Noise,Right
1705996155894,0.196176,-0.421632,-0.850584,43.26,-37.87,-57.4,Noise,Right
1705996155894,0.193736,-0.413824,-0.8418,45.85,-25.41,-52.36,Noise,Right
1705996155895,0.203984,-0.406504,-0.83448,42.49,-13.79,-46.76,Noise,Right
1705996155895,0.235216,-0.400648,-0.82716,41.44,-9.03,-41.72,Noise,Right
1705996155947,0.24156,-0.425536,-0.80032,38.5,-10.92,-36.82,Noise,Right
1705996155947,0.252296,-0.444568,-0.786656,35.0,-16.24,-34.37,Noise,Right
1705996155947,0.25864,-0.461648,-0.739808,32.76,-19.81,-36.61,Noise,Right
1705996155992,0.299144,-0.489952,-0.731024,31.43,-25.27,-40.39,Noise,Right
1705996155992,0.295728,-0.513376,-0.722728,27.72,-25.76,-40.18,Noise,Right
1705996155992,0.281576,-0.496784,-0.735416,26.67,-23.17,-36.12,Noise,Right
1705996156036,0.267912,-0.477752,-0.757376,24.01,-18.27,-30.1,Noise,Right
1705996156036,0.244,-0.452376,-0.779824,24.85,-15.68,-25.48,Noise,Right
1705996156083,0.26108,-0.455792,-0.809104,28.07,-14.49,-25.55,Noise,Right
1705996156083,0.252784,-0.454328,-0.791536,27.44,-15.19,-31.78,Noise,Right
1705996156083,0.28548,-0.486536,-0.793488,24.22,-17.43,-35.07,Noise,Right
1705996156130,0.244,-0.504104,-0.770552,22.96,-16.87,-31.85,Noise,Right
1705996156130,0.24644,-0.547536,-0.742248,25.55,-11.97,-27.65,Noise,Right
1705996156130,0.225944,-0.541192,-0.725168,24.78,-3.64,-25.69,Noise,Right
1705996156180,0.2562,-0.542656,-0.727608,21.84,4.27,-22.82,Noise,Right
1705996156180,0.235216,-0.530456,-0.73932,18.9,5.6,-21.21,Noise,Right
1705996156180,0.125416,-0.51972,-0.750544,16.31,2.17,-25.13,Noise,Right
1705996156235,0.296216,-0.52216,-0.756888,15.96,-4.48,-31.08,Noise,Right
1705996156235,0.282064,-0.522648,-0.755424,14.07,-6.3,-32.76,Noise,Right
1705996156285,0.32696,-0.53192,-0.752496,13.72,-2.52,-25.13,Noise,Right
1705996156285,0.340624,-0.55144,-0.751032,13.37,-1.26,-14.35,Noise,Right
1705996156285,0.38796,-0.563152,-0.762744,11.41,-3.64,-11.69,Noise,Right
1705996156285,0.408456,-0.525576,-0.784216,11.69,-6.02,-15.33,Noise,Right
1705996156331,0.391376,-0.504592,-0.80032,17.5,-6.72,-14.49,Noise,Right
1705996156332,0.4026,-0.500688,-0.794952,16.03,-6.44,-3.85,Noise,Right
1705996156332,0.350872,-0.524112,-0.760792,15.61,7.42,8.68,Noise,Right
1705996156377,0.305,-0.51972,-0.738344,19.39,24.78,16.73,Noise,Right
1705996156377,0.330864,-0.556808,-0.713944,18.97,26.81,15.75,Noise,Right
1705996156424,0.316224,-0.564616,-0.722728,16.45,17.36,10.15,Noise,Right
1705996156424,0.292312,-0.5612,-0.732976,12.11,10.08,4.55,Noise,Right
1705996156424,0.26108,-0.5612,-0.718824,13.51,11.27,2.24,Noise,Right
1705996156470,0.304024,-0.543144,-0.72956,12.25,14.56,0.7,Noise,Right
1705996156471,0.3416,-0.560224,-0.720288,14.63,17.57,4.48,Noise,Right
1705996156471,0.332816,-0.552904,-0.709552,15.96,19.6,8.89,Noise,Right
1705996156519,0.357704,-0.588528,-0.621224,22.96,21.91,12.39,Noise,Right
1705996156519,0.416752,-0.545584,-0.691008,16.94,30.03,12.39,Noise,Right
1705996156611,0.354776,-0.57828,-0.666608,8.4,32.13,10.08,Noise,Right
1705996156611,0.326472,-0.567056,-0.675392,3.5,29.82,8.61,Noise,Right
1705996156611,0.311344,-0.584136,-0.648552,-1.12,26.46,5.88,Noise,Right
1705996156612,0.324032,-0.56852,-0.651968,-5.74,21.35,2.66,Noise,Right
1705996156612,0.344528,-0.557296,-0.66124,-9.87,14.77,2.94,Noise,Right
1705996156612,0.366,-0.545096,-0.657336,-12.95,10.92,5.11,Noise,Right
1705996156654,0.416264,-0.557784,-0.652456,-13.93,7.21,9.24,Noise,Right
1705996156654,0.406992,-0.56364,-0.626592,-13.44,3.08,15.47,Noise,Right
1705996156654,0.386496,-0.560712,-0.6222,-18.13,-2.94,20.72,Noise,Right
1705996156700,0.355752,-0.563152,-0.669048,-18.9,-8.12,23.73,Noise,Right
1705996156701,0.345992,-0.564128,-0.6954,-16.66,-12.95,24.92,Noise,Right
1705996156746,0.3538,-0.550952,-0.713456,-20.02,-14.35,20.3,Noise,Right
1705996156746,0.333792,-0.565592,-0.691008,-17.29,-14.07,16.94,Noise,Right
1705996156746,0.306464,-0.552416,-0.70028,-12.32,-15.75,16.24,Noise,Right
1705996156796,0.289384,-0.567544,-0.674416,-6.44,-18.34,15.12,Noise,Right
1705996156796,0.28304,-0.553392,-0.704184,-6.09,-24.29,14.49,Noise,Right
1705996156796,0.279136,-0.534848,-0.71004,-10.15,-28.21,17.64,Noise,Right
1705996156841,0.318176,-0.538752,-0.729072,-11.27,-32.83,25.41,Noise,Right
1705996156841,0.37576,-0.537776,-0.711016,0.42,-34.58,33.67,Noise,Right
1705996156841,0.3904,-0.527528,-0.720776,-13.93,-32.27,47.53,Noise,Right
1705996156886,0.348432,-0.533384,-0.678808,2.94,-11.9,55.72,Noise,Right
1705996156886,0.347456,-0.488976,-0.66612,16.52,16.1,63.14,Noise,Right
1705996156933,0.336232,-0.530456,-0.652944,16.1,38.64,73.78,Noise,Right
1705996156933,0.337696,-0.54656,-0.687104,30.17,58.03,86.31,Noise,Right
1705996156933,0.305488,-0.49288,-0.728584,55.09,77.77,99.96,Noise,Right
1705996156981,0.239608,-0.565104,-0.554368,31.15,100.17,114.31,Noise,Right
1705996156981,0.237168,-0.57096,-0.59292,14.42,132.93,115.29,Noise,Right
1705996156981,0.18056,-0.572912,-0.638304,1.12,168.49,115.43,Noise,Right
1705996157026,0.154696,-0.59292,-0.65636,-1.61,204.47,115.85,Noise,Right
1705996157026,0.132736,-0.601216,-0.642208,-10.36,238.49,116.2,Noise,Right
1705996157026,0.152744,-0.61732,-0.62952,-6.23,267.54,114.73,Noise,Right
1705996157074,0.179584,-0.650992,-0.588528,8.05,286.72,108.43,Noise,Right
1705996157074,0.240584,-0.7198,-0.52704,45.99,283.71,99.33,Noise,Right
1705996157125,0.3904,-0.6954,-0.520696,48.86,256.41,88.27,Noise,Right
1705996157125,0.456768,-0.72956,-0.513864,38.43,213.36,86.03,Noise,Right
1705996157125,0.462136,-0.702232,-0.624152,27.16,169.96,87.36,Noise,Right
1705996157226,0.459208,-0.816424,-0.654408,35.91,139.86,85.54,Noise,Right
1705996157226,0.45628,-0.779336,-0.625616,25.27,132.65,63.21,Noise,Right
1705996157226,0.456768,-0.760792,-0.587064,46.62,136.22,33.67,Noise,Right
1705996157226,0.487512,-0.742736,-0.568032,38.01,143.08,7.0,Noise,Right
1705996157227,0.502152,-0.769088,-0.52216,34.02,145.18,-8.47,Noise,Right
1705996157227,0.469456,-0.799832,-0.486536,31.57,133.35,-7.91,Noise,Right
1705996157273,0.49532,-0.78324,-0.444568,30.03,109.13,-2.38,Noise,Right
1705996157273,0.552416,-0.809104,-0.44896,22.68,84.7,-1.33,Noise,Right
1705996157274,0.564616,-0.814472,-0.418704,33.25,74.13,-11.62,Noise,Right
1705996157324,0.520696,-0.804712,-0.38552,28.91,80.85,-29.4,Noise,Right
1705996157324,0.488976,-0.823256,-0.330376,44.94,103.18,-40.95,Noise,Right
1705996157324,0.489952,-0.824232,-0.237656,66.71,129.5,-40.46,Noise,Right
1705996157430,0.587552,-0.831064,-0.172752,82.74,132.72,-27.44,Noise,Right
1705996157430,0.657824,-0.859856,-0.083448,82.53,112.77,-8.96,Noise,Right
1705996157430,0.733952,-0.872056,0.032208,74.62,73.71,10.57,Noise,Right
1705996157430,0.770064,-0.898896,0.00244,36.68,39.48,13.51,Noise,Right
1705996157430,0.674904,-0.895968,-0.05612,22.89,25.2,-0.56,Noise,Right
1705996157430,0.630008,-0.861808,-0.122488,23.52,39.06,-17.36,Noise,Right
1705996157474,0.62708,-0.874008,-0.082472,52.15,72.73,-31.15,Noise,Right
1705996157474,0.715408,-0.889136,-0.003416,73.71,97.09,-30.45,Noise,Right
1705996157474,0.792024,-0.907192,0.064904,76.23,95.83,-9.17,Noise,Right
1705996157521,0.749568,-0.896944,0.169336,64.54,65.31,17.71,Noise,Right
1705996157522,0.732488,-0.90524,0.215696,46.48,28.84,35.0,Noise,Right
1705996157522,0.65392,-0.870104,0.193248,19.32,0.77,30.52,Noise,Right
1705996157567,0.583648,-0.847656,0.155184,6.44,-8.61,12.67,Noise,Right
1705996157567,0.55144,-0.807152,0.117608,12.95,3.99,-11.13,Noise,Right
1705996157624,0.484584,-0.796904,0.099552,32.62,52.22,-24.64,Noise,Right
1705996157625,0.455792,-0.79056,0.162016,61.81,72.52,-25.55,Noise,Right
1705996157625,0.501664,-0.774944,0.23424,88.06,90.02,-15.82,Noise,Right
1705996157662,0.647088,-0.777384,0.30988,87.78,80.85,-3.57,Noise,Right
1705996157662,0.701744,-0.776896,0.352824,58.31,50.47,4.41,Noise,Right
1705996157662,0.661728,-0.789096,0.375272,32.13,12.53,2.94,Noise,Right
1705996157717,0.616344,-0.768112,0.341112,4.76,-18.97,-9.31,Noise,Right
1705996157717,0.56852,-0.7564,0.29524,-8.61,-25.83,-23.45,Noise,Right
1705996157717,0.538752,-0.720288,0.216672,-2.59,-11.69,-28.49,Noise,Right
1705996157770,0.501176,-0.715896,0.215208,22.19,21.21,-23.03,Noise,Right
1705996157771,0.5002,-0.716872,0.261568,54.95,55.23,-8.05,Noise,Right
1705996157771,0.570472,-0.721752,0.325984,73.78,70.77,5.67,Noise,Right
1705996157820,0.6344,-0.732976,0.425536,67.83,55.65,11.27,Noise,Right
1705996157820,0.67832,-0.745664,0.474336,27.51,16.45,8.75,Noise,Right
1705996157820,0.644648,-0.763232,0.462136,-11.34,-32.41,-1.89,Noise,Right
1705996157941,0.599264,-0.738832,0.398696,-35.63,-71.12,-20.72,Noise,Right
1705996157941,0.563152,-0.740784,0.326472,-47.11,-75.46,-34.65,Noise,Right
1705996157941,0.543144,-0.732,0.235704,-36.33,-46.69,-37.24,Noise,Right
1705996157941,0.533384,-0.734928,0.209352,1.75,0.07,-24.36,Noise,Right
1705996157941,0.583648,-0.738832,0.24888,44.59,43.89,-4.62,Noise,Right
1705996157942,0.632448,-0.742248,0.299632,67.34,63.49,11.69,Noise,Right
1705996157942,0.708088,-0.763232,0.393328,67.83,51.03,17.78,Noise,Right
1705996157991,0.721752,-0.752984,0.463112,35.56,-3.01,19.53,Noise,Right
1705996157991,0.698816,-0.769088,0.465552,-21.98,-58.66,11.2,Noise,Right
1705996157991,0.606584,-0.728584,0.386008,-56.42,-96.88,-8.33,Noise,Right
1705996158033,0.54412,-0.729072,0.27084,-70.21,-99.33,-27.02,Noise,Right
1705996158033,0.53436,-0.706136,0.147864,-53.2,-63.84,-38.08,Noise,Right
1705996158034,0.549488,-0.717848,0.159088,-13.09,1.96,-31.22,Noise,Right
1705996158080,0.615856,-0.741272,0.205936,37.24,47.39,-12.39,Noise,Right
1705996158080,0.690032,-0.751032,0.277184,63.84,62.58,7.28,Noise,Right
1705996158127,0.706624,-0.752008,0.344528,54.95,44.87,16.1,Noise,Right
1705996158127,0.70272,-0.74908,0.40748,26.04,5.46,13.09,Noise,Right
1705996158127,0.683688,-0.73688,0.42944,-15.89,-45.99,0.21,Noise,Right
1705996158174,0.626592,-0.719312,0.389912,-49.63,-76.72,-16.03,Noise,Right
1705996158174,0.58804,-0.710528,0.3294,-66.43,-86.24,-29.47,Noise,Right
1705996158174,0.577792,-0.711504,0.27572,-53.76,-73.29,-33.25,Noise,Right
1705996158234,0.576328,-0.69784,0.22204,-32.06,-38.57,-22.4,Noise,Right
1705996158234,0.598776,-0.708088,0.209352,-4.27,3.5,-8.4,Noise,Right
1705996158234,0.642696,-0.709552,0.2074,16.94,20.37,1.89,Noise,Right
1705996158286,0.677832,-0.72956,0.235216,22.96,18.69,6.79,Noise,Right
1705996158286,0.676856,-0.723216,0.248392,13.51,5.18,5.67,Noise,Right
1705996158287,0.677832,-0.730536,0.26352,0.91,-10.99,-0.7,Noise,Right
1705996158404,0.725168,-0.684176,0.495808,-31.64,-5.39,1.19,Noise,Right
1705996158404,0.637328,-0.71736,0.277672,-1.89,-4.62,2.45,Noise,Right
1705996158404,0.638304,-0.741272,0.289384,-8.96,-6.23,-0.35,Noise,Right
1705996158404,0.648064,-0.742248,0.26596,-4.83,-9.45,0.07,Noise,Right
1705996158405,0.686616,-0.737368,0.244,-7.98,-12.6,-0.84,Noise,Right
1705996158405,0.72224,-0.756888,0.254248,-14.35,-17.85,-3.57,Noise,Right
1705996158405,0.708576,-0.757864,0.229848,-32.2,-26.88,-8.05,Noise,Right
1705996158454,0.675392,-0.750544,0.164944,-62.65,-29.68,-12.39,Noise,Right
1705996158455,0.666608,-0.722728,0.133224,-60.13,-29.05,-11.2,Noise,Right
1705996158455,0.650504,-0.75152,0.15128,-65.87,-30.1,-6.44,Noise,Right
1705996158500,0.648552,-0.745176,0.155184,-62.86,-31.85,-0.98,Noise,Right
1705996158500,0.684664,-0.738344,0.145424,-61.88,-32.34,3.15,Noise,Right
1705996158501,0.636352,-0.873032,0.152744,-58.73,-33.04,2.66,Noise,Right
1705996158547,0.74664,-0.750056,0.110776,-50.96,-30.03,-0.42,Noise,Right
1705996158548,0.629032,-0.754936,0.07564,-43.96,-27.86,-3.22,Noise,Right
1705996158548,0.615856,-0.752496,0.048312,-42.07,-25.9,-2.31,Noise,Right
1705996158593,0.603656,-0.747616,0.050264,-40.32,-23.52,0.56,Noise,Right
1705996158593,0.630008,-0.733464,0.061488,-49.63,-22.26,1.82,Noise,Right
1705996158593,0.666608,-0.733464,0.054168,-88.41,-24.71,3.78,Noise,Right
1705996158642,0.664656,-0.764208,0.049776,-108.22,-29.68,5.6,Noise,Right
1705996158642,0.630496,-0.792512,0.02928,-95.34,-35.35,6.79,Noise,Right
1705996158761,0.621712,-0.770552,-0.024888,-64.26,-38.71,2.73,Noise,Right
1705996158761,0.626104,-0.757376,-0.083936,-50.82,-38.29,-2.17,Noise,Right
1705996158762,0.629032,-0.747616,-0.11956,-42.63,-36.33,-6.44,Noise,Right
1705996158762,0.611464,-0.7442,-0.145424,-34.86,-35.14,-4.69,Noise,Right
1705996158762,0.623664,-0.732,-0.147376,-28.28,-34.72,0.28,Noise,Right
1705996158762,0.638792,-0.752008,-0.122976,-35.42,-36.54,3.92,Noise,Right
1705996158762,0.614392,-0.74908,-0.12688,-44.94,-39.13,5.46,Noise,Right
1705996158807,0.630008,-0.758352,-0.145424,-60.13,-41.86,4.48,Noise,Right
1705996158809,0.507032,-0.7808,-0.161528,-68.39,-45.29,3.64,Noise,Right
1705996158809,0.60756,-0.743224,-0.23424,-45.99,-48.02,2.66,Noise,Right
1705996158855,0.60024,-0.767136,-0.27572,-41.02,-46.9,1.12,Noise,Right
1705996158855,0.593896,-0.765184,-0.284504,-34.86,-45.5,1.4,Noise,Right
1705996158855,0.603168,-0.747128,-0.260104,-36.26,-46.48,4.13,Noise,Right
1705996158903,0.619272,-0.76128,-0.27084,-55.09,-49.91,6.23,Noise,Right
1705996158903,0.603656,-0.721752,-0.31964,-66.85,-51.52,5.32,Noise,Right
1705996158904,0.59536,-0.7198,-0.350872,-74.06,-50.96,1.05,Noise,Right
1705996158949,0.573888,-0.716384,-0.367952,-81.27,-50.19,-4.41,Noise,Right
1705996158949,0.559736,-0.711504,-0.372832,-78.75,-50.68,-5.6,Noise,Right
1705996158950,0.558272,-0.708088,-0.371856,-67.55,-54.95,-4.62,Noise,Right
1705996158995,0.545584,-0.685152,-0.436272,-60.62,-58.03,-4.83,Noise,Right
1705996158995,0.537288,-0.667096,-0.50996,-49.7,-55.16,-10.22,Noise,Right
1705996159047,0.50264,-0.642208,-0.538752,-39.9,-48.44,-17.22,Noise,Right
1705996159047,0.549,-0.624152,-0.51972,-38.71,-43.05,-17.92,Noise,Right
1705996159047,0.55388,-0.63684,-0.514352,-49.14,-45.99,-11.97,Noise,Right
1705996159103,0.505568,-0.629032,-0.531432,-57.75,-49.7,-2.94,Noise,Right
1705996159103,0.50264,-0.628056,-0.545096,-67.62,-50.61,-0.56,Noise,Right
1705996159104,0.506544,-0.628056,-0.57828,-70.14,-47.25,-9.66,Noise,Right
1705996159104,0.505568,-0.585112,-0.637816,-59.92,-40.46,-17.78,Noise,Right
1705996159153,0.51728,-0.577304,-0.664656,-46.27,-36.89,-17.71,Noise,Right
1705996159155,0.519232,-0.5856,-0.6344,-32.69,-37.03,-12.81,Noise,Right
1705996159155,0.523136,-0.59048,-0.61732,-40.32,-42.84,-6.02,Noise,Right
1705996159198,0.49288,-0.584624,-0.598776,-50.75,-49.63,-2.1,Noise,Right
1705996159216,0.483608,-0.583648,-0.612928,-65.24,-53.06,-8.75,Noise,Right
1705996159258,0.487024,-0.533872,-0.70516,-70.91,-49.28,-21.49,Noise,Right
1705996159258,0.488488,-0.499712,-0.755912,-64.4,-42.84,-28.56,Noise,Right
1705996159258,0.463112,-0.488,-0.746152,-54.25,-40.18,-27.79,Noise,Right
1705996159307,0.477264,-0.468968,-0.730048,-55.86,-43.05,-22.19,Noise,Right
1705996159307,0.481168,-0.462136,-0.719312,-59.99,-51.31,-16.31,Noise,Right
1705996159307,0.455304,-0.430904,-0.737856,-62.79,-60.2,-13.79,Noise,Right
1705996159307,0.422608,-0.418704,-0.7808,-59.64,-59.99,-16.59,Noise,Right
1705996159356,0.40504,-0.387472,-0.826672,-62.72,-50.26,-23.94,Noise,Right
1705996159356,0.384056,-0.382592,-0.859856,-53.55,-42.63,-23.45,Noise,Right
1705996159356,0.41236,-0.361608,-0.864736,-42.21,-39.55,-17.92,Noise,Right
1705996159400,0.420656,-0.35624,-0.862784,-35.91,-42.56,-13.79,Noise,Right
1705996159400,0.402112,-0.359168,-0.831552,-44.94,-51.52,-11.69,Noise,Right
1705996159446,0.379176,-0.3538,-0.828624,-58.17,-56.98,-14.98,Noise,Right
1705996159446,0.36844,-0.297192,-0.864736,-63.0,-56.91,-19.25,Noise,Right
1705996159447,0.375272,-0.333792,-0.861808,-65.52,-56.84,-23.45,Noise,Right
1705996159494,0.35868,-0.286944,-0.927688,-42.77,-57.05,-25.48,Noise,Right
1705996159494,0.34648,-0.266448,-0.931592,-35.63,-53.41,-28.7,Noise,Right
1705996159494,0.347456,-0.228384,-0.964288,-25.9,-48.37,-28.49,Noise,Right
1705996159540,0.323544,-0.236192,-0.94916,-16.8,-39.41,-22.89,Noise,Right
1705996159540,0.334768,-0.230824,-0.940376,-15.54,-29.75,-14.7,Noise,Right
1705996159587,0.325984,-0.254248,-0.904752,-16.8,-25.83,-7.84,Noise,Right
1705996159587,0.338184,-0.2684,-0.888648,-22.96,-31.36,-4.34,Noise,Right
1705996159587,0.318664,-0.278648,-0.854,-33.6,-39.27,-5.18,Noise,Right
1705996159632,0.316712,-0.26108,-0.886208,-37.87,-47.46,-10.08,Noise,Right
1705996159632,0.300608,-0.22448,-0.938912,-37.8,-49.63,-16.31,Noise,Right
1705996159632,0.295728,-0.180072,-0.989176,-32.48,-42.0,-18.76,Noise,Right
1705996159682,0.269376,-0.169824,-0.989664,-21.77,-28.56,-14.0,Noise,Right
1705996159682,0.267912,-0.166408,-0.981368,-13.02,-19.04,-5.11,Noise,Right
1705996159682,0.264984,-0.17812,-0.94916,-12.04,-15.75,4.55,Noise,Right
1705996159785,0.27572,-0.183488,-0.937448,-16.52,-19.6,9.17,Noise,Right
1705996159785,0.239608,-0.177144,-0.92964,-32.13,-28.07,8.33,Noise,Right
1705996159785,0.228384,-0.184952,-0.940376,-42.49,-37.73,3.08,Noise,Right
1705996159785,0.203984,-0.152744,-0.94916,-31.71,-39.83,-6.51,Noise,Right
1705996159786,0.20984,-0.131272,-0.971608,-28.21,-35.28,-14.56,Noise,Right
1705996159786,0.195688,-0.102968,-0.996984,-15.75,-26.18,-15.96,Noise,Right
1705996159835,0.18788,-0.08052,-1.038952,-2.66,-13.93,-9.52,Noise,Right
1705996159836,0.188368,-0.089792,-1.028216,11.34,-0.77,0.21,Noise,Right
1705996159836,0.195688,-0.108824,-1.001864,16.73,4.76,8.89,Noise,Right
1705996159884,0.203984,-0.122,-0.98088,16.8,3.29,12.74,Noise,Right
1705996159884,0.225944,-0.137616,-0.98088,9.31,0.0,11.41,Noise,Right
1705996159989,0.219112,-0.154208,-0.94916,8.82,-4.34,4.76,Noise,Right
1705996159989,0.215696,-0.1464,-0.982344,11.34,-9.66,-3.15,Noise,Right
1705996159989,0.20008,-0.121024,-0.994544,13.58,-9.45,-9.03,Noise,Right
1705996159989,0.187392,-0.142496,-0.999424,23.87,-8.61,-12.39,Noise,Right
1705996159989,0.166896,-0.133712,-1.005768,30.52,-7.91,-13.3,Noise,Right
1705996159989,0.16592,-0.157624,-0.984296,24.36,-8.68,-10.92,Noise,Right
1705996159990,0.161528,-0.164944,-0.964288,19.81,-11.2,-8.26,Noise,Right
1705996160036,0.181048,-0.165432,-0.957944,12.88,-13.86,-8.05,Noise,Right
1705996160036,0.183,-0.152744,-0.97356,8.4,-15.4,-10.43,Noise,Right
1705996160036,0.199592,-0.15372,-0.992104,8.26,-17.15,-12.32,Noise,Right
1705996160083,0.18056,-0.142496,-1.0248,7.63,-17.64,-15.47,Noise,Right
1705996160083,0.16348,-0.140544,-1.041392,18.69,-14.84,-20.72,Noise,Right
1705996160130,0.172264,-0.146888,-1.0614,28.14,-10.85,-24.85,Noise,Right
1705996160131,0.16836,-0.149816,-1.054568,34.23,-9.94,-27.65,Noise,Right
1705996160131,0.183,-0.180072,-1.01992,35.7,-12.04,-28.7,Noise,Right
1705996160178,0.174216,-0.185928,-0.999912,34.23,-17.01,-29.82,Noise,Right
1705996160179,0.159576,-0.203496,-0.991128,28.63,-22.4,-29.82,Noise,Right
1705996160179,0.150304,-0.203496,-0.981368,26.04,-25.48,-33.25,Noise,Right
1705996160225,0.159576,-0.18544,-0.98576,21.14,-25.9,-39.06,Noise,Right
1705996160225,0.181048,-0.176656,-1.0126,22.89,-23.1,-44.17,Noise,Right
1705996160225,0.185928,-0.2074,-1.036512,33.46,-20.72,-45.92,Noise,Right
1705996160276,0.152744,-0.192272,-1.016016,44.17,-19.46,-45.43,Noise,Right
1705996160277,0.149816,-0.23424,-0.982832,44.8,-18.9,-41.58,Noise,Right
1705996160277,0.159576,-0.253272,-0.974048,46.9,-18.69,-39.34,Noise,Right
1705996160332,0.140544,-0.276696,-0.961848,40.18,-18.9,-37.38,Noise,Right
1705996160332,0.152256,-0.27328,-0.950136,37.8,-21.77,-37.87,Noise,Right
1705996160332,0.191296,-0.260104,-0.970632,31.36,-25.2,-40.6,Noise,Right
1705996160381,0.188368,-0.273768,-0.99796,25.06,-28.28,-44.38,Noise,Right
1705996160381,0.159088,-0.279624,-0.995032,28.63,-33.04,-47.6,Noise,Right
1705996160500,0.113216,-0.296704,-0.981856,26.74,-35.28,-54.04,Noise,Right
1705996160501,0.094672,-0.294264,-0.95892,32.83,-32.69,-58.1,Noise,Right
1705996160501,0.083936,-0.31232,-0.94672,35.28,-26.6,-61.04,Noise,Right
1705996160501,0.10248,-0.298656,-0.955016,37.94,-21.0,-60.76,Noise,Right
1705996160501,0.122488,-0.31232,-0.948672,37.66,-19.18,-56.49,Noise,Right
1705996160501,0.115656,-0.318176,-0.925736,33.53,-22.47,-50.89,Noise,Right
1705996160501,0.122,-0.324032,-0.94672,28.77,-28.35,-48.86,Noise,Right
1705996160549,0.138104,-0.334768,-0.920368,28.42,-33.39,-52.99,Noise,Right
1705996160549,0.16104,-0.327448,-0.942328,22.96,-42.28,-61.25,Noise,Right
1705996160549,0.130296,-0.326472,-0.947208,25.2,-49.0,-66.08,Noise,Right
1705996160595,0.098088,-0.348432,-0.950624,29.68,-48.23,-68.95,Noise,Right
1705996160595,0.098576,-0.318176,-0.978928,34.79,-40.6,-69.44,Noise,Right
1705996160595,0.071736,-0.323056,-0.97112,43.47,-28.7,-65.45,Noise,Right
1705996160641,0.115656,-0.336232,-0.95404,50.89,-17.43,-57.96,Noise,Right
1705996160641,0.118584,-0.36112,-0.91744,53.13,-9.8,-51.66,Noise,Right
1705996160641,0.158112,-0.389424,-0.899384,49.98,-10.22,-47.46,Noise,Right
1705996160688,0.13908,-0.417728,-0.877424,44.24,-19.32,-44.94,Noise,Right
1705996160689,0.165432,-0.429928,-0.87352,41.44,-32.76,-46.76,Noise,Right
1705996160735,0.140056,-0.429928,-0.875472,42.84,-42.0,-52.85,Noise,Right
1705996160736,0.150792,-0.44408,-0.877912,43.82,-43.96,-58.1,Noise,Right
1705996160736,0.108336,-0.42944,-0.885232,50.54,-34.37,-57.96,Noise,Right
1705996160790,0.13908,-0.451888,-0.877912,53.41,-21.56,-52.29,Noise,Right
1705996160790,0.138592,-0.46848,-0.835456,53.83,-9.52,-43.96,Noise,Right
1705996160790,0.145424,-0.472384,-0.834968,50.12,-6.3,-35.77,Noise,Right
1705996160847,0.182512,-0.503616,-0.79544,46.55,-10.85,-31.01,Noise,Right
1705996160847,0.162992,-0.511912,-0.76128,40.74,-23.8,-32.62,Noise,Right
1705996160849,0.184952,-0.528016,-0.759816,28.7,-35.0,-39.83,Noise,Right
1705996160849,0.16592,-0.5246,-0.762256,22.68,-37.94,-47.67,Noise,Right
1705996160892,0.135176,-0.518744,-0.77104,19.46,-35.91,-50.4,Noise,Right
1705996160892,0.1464,-0.511424,-0.776896,19.11,-27.72,-44.1,Noise,Right
1705996160892,0.098088,-0.511912,-0.787144,19.81,-12.67,-35.98,Noise,Right
1705996160936,0.1098,-0.513376,-0.774456,26.81,-0.63,-26.11,Noise,Right
1705996160937,0.143472,-0.507032,-0.769088,25.9,1.89,-18.55,Noise,Right
1705996160994,0.181048,-0.508984,-0.72956,19.67,-9.45,-15.54,Noise,Right
1705996160994,0.205936,-0.547536,-0.71736,15.82,-26.18,-21.56,Noise,Right
1705996160994,0.171288,-0.549,-0.738832,16.66,-34.51,-35.35,Noise,Right
1705996161043,0.159088,-0.559248,-0.740784,16.66,-31.01,-48.44,Noise,Right
1705996161043,0.176656,-0.550952,-0.75884,28.21,-18.06,-52.99,Noise,Right
1705996161043,0.133224,-0.57096,-0.732488,23.31,-1.26,-48.16,Noise,Right
1705996161096,0.157624,-0.53924,-0.732976,30.03,6.58,-38.92,Noise,Right
1705996161096,0.178608,-0.524112,-0.727608,21.07,3.01,-24.29,Noise,Right
1705996161097,0.229848,-0.530456,-0.7198,17.29,-15.33,-14.49,Noise,Right
1705996161097,0.18544,-0.54656,-0.72956,12.04,-33.67,-11.48,Noise,Right
1705996161156,0.178608,-0.552416,-0.750544,8.54,-39.62,-18.13,Noise,Right
1705996161156,0.14396,-0.552416,-0.786168,9.87,-27.09,-28.7,Noise,Right
1705996161156,0.155672,-0.549488,-0.816912,19.6,-4.62,-31.36,Noise,Right
1705996161202,0.16592,-0.595848,-0.8052,17.5,15.61,-22.75,Noise,Right
1705996161202,0.16592,-0.572424,-0.81008,17.01,17.08,-11.83,Noise,Right
1705996161203,0.230824,-0.572424,-0.80276,14.28,5.32,-1.75,Noise,Right
1705996161246,0.236192,-0.582184,-0.823256,14.7,-11.76,2.66,Noise,Right
1705996161246,0.215208,-0.58804,-0.804224,13.86,-16.03,-2.45,Noise,Right
1705996161300,0.214232,-0.618296,-0.764696,9.94,-3.85,-7.91,Noise,Right
1705996161301,0.244976,-0.63684,-0.760792,11.76,14.84,-3.78,Noise,Right
1705996161301,0.267912,-0.648552,-0.75152,18.2,24.01,9.73,Noise,Right
1705996161355,0.273768,-0.615368,-0.757376,18.76,22.19,16.8,Noise,Right
1705996161355,0.185928,-0.604632,-0.74908,20.86,14.28,11.13,Noise,Right
1705996161355,0.235216,-0.551928,-0.782264,-0.91,6.3,3.99,Noise,Right
1705996161355,0.115656,-0.5856,-0.774944,-19.39,18.76,-1.54,Noise,Right
1705996161407,0.169336,-0.569496,-0.737368,6.51,31.15,-2.31,Noise,Right
1705996161409,0.171288,-0.620248,-0.659288,15.75,30.24,-1.19,Noise,Right
1705996161447,0.23668,-0.63684,-0.650504,21.49,24.99,-1.54,Noise,Right
1705996161447,0.267912,-0.654408,-0.637816,24.57,20.3,-6.37,Noise,Right
1705996161447,0.25376,-0.651968,-0.632448,18.34,14.35,-11.9,Noise,Right
1705996161492,0.240584,-0.64416,-0.60512,31.36,3.57,-17.22,Noise,Right
1705996161493,0.221552,-0.56852,-0.70028,7.84,-2.03,-16.24,Noise,Right
1705996161493,0.215208,-0.590968,-0.68076,0.63,-4.76,-15.33,Noise,Right
1705996161538,0.244488,-0.584136,-0.705648,-6.65,-7.35,-14.21,Noise,Right
1705996161538,0.236192,-0.590968,-0.689056,-2.87,-9.8,-12.46,Noise,Right
1705996161539,0.255712,-0.590968,-0.69296,-4.2,-10.22,-10.22,Noise,Right
1705996161584,0.244488,-0.598776,-0.706624,-10.15,-10.22,-8.19,Noise,Right
1705996161584,0.248392,-0.598776,-0.716384,-7.07,-11.41,-7.07,Noise,Right
1705996161632,0.282552,-0.595848,-0.742248,-9.45,-11.48,-6.65,Noise,Right
1705996161633,0.277672,-0.594384,-0.745176,-8.82,-8.89,-5.6,Noise,Right
1705996161633,0.27084,-0.595848,-0.769088,-10.36,-6.02,-3.5,Noise,Right
1705996161677,0.257176,-0.587064,-0.750544,-11.48,-2.8,0.21,Noise,Right
1705996161677,0.259616,-0.583648,-0.763232,-12.39,-2.66,6.65,Noise,Right
1705996161678,0.265472,-0.56364,-0.760304,-9.94,0.91,10.99,Noise,Right
1705996161723,0.284504,-0.564128,-0.752008,-10.99,0.0,13.09,Noise,Right
1705996161723,0.255712,-0.580232,-0.733464,-3.85,-0.77,14.07,Noise,Right
1705996161770,0.24888,-0.575352,-0.738344,-3.92,-1.12,13.86,Noise,Right
1705996161770,0.215208,-0.581696,-0.740296,-5.67,1.26,12.39,Noise,Right
1705996161770,0.21228,-0.574864,-0.74908,-5.32,2.45,12.74,Noise,Right
1705996161817,0.244,-0.564616,-0.748592,0.42,3.78,10.85,Noise,Right
1705996161817,0.22204,-0.569008,-0.755424,-0.21,4.83,9.31,Noise,Right
1705996161819,0.25132,-0.533872,-0.710528,9.66,-2.17,7.98,Noise,Right
1705996161863,0.2562,-0.554368,-0.688568,0.91,-10.5,7.21,Noise,Right
1705996161863,0.249368,-0.567544,-0.64172,6.72,-19.39,5.39,Noise,Right
1705996161863,0.304512,-0.549,-0.59292,8.75,-29.89,7.7,Noise,Right
1705996161917,0.294752,-0.565592,-0.663192,1.33,-33.32,21.42,Noise,Right
1705996161917,0.272304,-0.594384,-0.637816,11.41,-16.73,36.33,Noise,Right
1705996161917,0.305976,-0.565104,-0.676368,1.61,9.87,49.7,Noise,Right
1705996161973,0.284504,-0.557784,-0.66856,3.92,28.98,64.68,Noise,Right
1705996161974,0.269864,-0.564128,-0.674904,2.38,34.86,80.64,Noise,Right
1705996161974,0.245952,-0.56852,-0.657824,-4.97,34.16,88.34,Noise,Right
1705996162021,0.223992,-0.56852,-0.698816,-15.26,37.94,87.64,Noise,Right
1705996162021,0.184952,-0.542656,-0.72712,-16.24,48.65,81.55,Noise,Right
1705996162021,0.166896,-0.562176,-0.744688,-13.93,61.81,74.27,Noise,Right
1705996162071,0.142496,-0.580232,-0.768112,-7.49,76.3,68.74,Noise,Right
1705996162072,0.127856,-0.557296,-0.777384,-3.43,94.29,71.12,Noise,Right
1705996162072,0.113216,-0.556808,-0.796416,10.99,118.58,78.61,Noise,Right
1705996162121,0.104432,-0.53192,-0.801784,4.27,142.1,91.28,Noise,Right
1705996162121,0.096136,-0.564128,-0.777872,23.59,157.85,102.76,Noise,Right
1705996162121,0.102968,-0.55388,-0.737368,35.0,157.15,110.11,Noise,Right
1705996162177,0.169824,-0.584624,-0.732976,30.24,146.79,109.48,Noise,Right
1705996162177,0.174216,-0.601216,-0.737856,28.07,138.11,96.11,Noise,Right
1705996162177,0.172752,-0.60512,-0.715408,35.56,140.28,73.92,Noise,Right
1705996162224,0.184952,-0.609024,-0.704184,38.15,151.34,48.51,Noise,Right
1705996162224,0.22204,-0.645624,-0.728584,36.54,165.97,30.66,Noise,Right
1705996162224,0.2318,-0.71492,-0.704672,58.03,173.74,22.82,Noise,Right
1705996162269,0.264984,-0.71004,-0.657824,108.57,164.99,20.37,Noise,Right
1705996162269,0.292312,-0.706624,-0.609512,96.39,145.18,22.33,Noise,Right
1705996162269,0.302072,-0.72224,-0.562664,49.63,116.41,28.91,Noise,Right
1705996162325,0.321104,-0.77836,-0.61,43.19,90.65,30.24,Noise,Right
1705996162326,0.305488,-0.796416,-0.601216,45.99,90.44,14.35,Noise,Right
1705996162379,0.320128,-0.792512,-0.548024,54.53,107.17,-10.92,Noise,Right
1705996162379,0.428464,-0.79788,-0.493856,62.09,128.24,-34.02,Noise,Right
1705996162379,0.540704,-0.851072,-0.426024,67.97,135.38,-43.96,Noise,Right
1705996162379,0.61,-0.852048,-0.339648,64.89,120.26,-39.2,Noise,Right
1705996162433,0.625616,-0.866688,-0.287432,94.99,88.48,-27.72,Noise,Right
1705996162433,0.542656,-0.852536,-0.232288,42.07,59.99,-10.92,Noise,Right
1705996162433,0.554856,-0.892064,-0.261568,25.69,39.34,-4.55,Noise,Right
1705996162487,0.569008,-0.862784,-0.298656,30.73,41.65,-11.83,Noise,Right
1705996162487,0.604144,-0.841312,-0.30988,37.24,57.4,-24.08,Noise,Right
1705996162487,0.660752,-0.837408,-0.275232,50.4,75.11,-31.29,Noise,Right
1705996162537,0.696864,-0.847656,-0.225944,59.08,83.79,-27.09,Noise,Right
1705996162537,0.66612,-0.835944,-0.134688,55.65,75.6,-14.35,Noise,Right
1705996162537,0.61488,-0.842776,-0.081008,43.19,55.16,-2.87,Noise,Right
1705996162579,0.577304,-0.820328,-0.081008,19.95,28.14,0.07,Noise,Right
1705996162580,0.543144,-0.813496,-0.136152,11.97,7.56,-4.34,Noise,Right
1705996162580,0.49776,-0.799832,-0.198616,10.85,8.12,-14.56,Noise,Right
1705996162632,0.494832,-0.793,-0.2074,31.36,50.61,-23.17,Noise,Right
1705996162633,0.570472,-0.789096,-0.156648,61.25,72.24,-25.97,Noise,Right
1705996162633,0.657824,-0.818376,-0.094184,86.17,89.67,-18.9,Noise,Right
1705996162689,0.714432,-0.815448,0.018056,88.2,82.95,-3.64,Noise,Right
1705996162689,0.65392,-0.892552,0.164944,68.25,57.19,10.01,Noise,Right
1705996162689,0.700768,-0.813984,0.12444,49.77,22.89,14.21,Noise,Right
1705996162735,0.644648,-0.87352,0.130784,20.79,-6.79,8.75,Noise,Right
1705996162735,0.611952,-0.83692,0.071248,10.99,-14.7,-0.63,Noise,Right
1705996162735,0.55632,-0.818376,0.032696,12.32,3.22,-9.66,Noise,Right
1705996162783,0.540704,-0.812032,0.019032,32.41,36.54,-14.35,Noise,Right
1705996162783,0.55144,-0.813008,0.055144,59.71,69.16,-11.97,Noise,Right
1705996162783,0.609024,-0.802272,0.145912,79.8,81.83,-3.29,Noise,Right
1705996162839,0.66612,-0.793488,0.220088,69.3,67.69,5.88,Noise,Right
1705996162839,0.672952,-0.813984,0.264008,45.5,39.06,11.62,Noise,Right
1705996162891,0.649528,-0.79788,0.27572,23.59,6.58,11.27,Noise,Right
1705996162891,0.604632,-0.79544,0.260592,4.62,-16.94,2.94,Noise,Right
1705996162891,0.56364,-0.778848,0.191296,-5.18,-18.13,-8.89,Noise,Right
1705996162892,0.537288,-0.774456,0.157624,7.21,2.94,-17.99,Noise,Right
1705996162938,0.557784,-0.77104,0.152744,31.64,29.12,-19.32,Noise,Right
1705996162938,0.629032,-0.79056,0.205448,49.56,45.36,-11.76,Noise,Right
1705996162938,0.656848,-0.781288,0.259128,47.46,40.25,2.31,Noise,Right
1705996162983,0.660264,-0.790072,0.310368,27.09,16.59,11.06,Noise,Right
1705996162983,0.643184,-0.798368,0.281088,1.47,-18.06,10.01,Noise,Right
1705996162983,0.58072,-0.773968,0.233264,-18.76,-35.21,-2.24,Noise,Right
1705996163030,0.537776,-0.771528,0.1708,-19.53,-31.43,-16.73,Noise,Right
1705996163030,0.5368,-0.769576,0.155184,-4.13,-11.2,-23.38,Noise,Right
1705996163076,0.571448,-0.769088,0.182512,13.72,11.13,-17.01,Noise,Right
1705996163076,0.589504,-0.782264,0.213256,26.25,25.69,-3.36,Noise,Right
1705996163081,0.59292,-0.781776,0.248392,32.41,22.68,8.05,Noise,Right
1705996163320,0.565104,-0.76616,0.125416,-14.7,-12.95,-42.0,Noise,Right
1705996163553,0.71004,-0.750544,0.399672,-13.79,-44.87,-2.38,Noise,Right
1705996163728,0.614392,-0.74176,0.281088,-8.19,-24.64,-7.14,Noise,Right
1705996163777,0.598288,-0.748592,0.282064,-4.69,-15.54,-5.81,Noise,Right
1705996163777,0.62464,-0.81984,0.22936,16.17,0.35,4.48,Noise,Right
1705996163823,0.626104,-0.76616,0.26352,8.47,3.01,4.13,Noise,Right
1705996163823,0.659288,-0.76128,0.254248,2.87,-0.28,3.92,Noise,Right
1705996163823,0.636352,-0.751032,0.242048,5.11,-3.99,2.87,Noise,Right
1705996163869,0.68808,-0.76128,0.262544,-6.65,-7.63,2.59,Noise,Right
1705996163869,0.682224,-0.762256,0.24644,-20.58,-19.18,2.45,Noise,Right
1705996163869,0.660264,-0.759816,0.225456,-29.96,-24.85,1.19,Noise,Right
1705996163915,0.62708,-0.752984,0.210816,-37.8,-25.48,-1.82,Noise,Right
1705996163915,0.61,-0.760304,0.195688,-42.91,-21.49,-5.39,Noise,Right
1705996163962,0.60512,-0.741272,0.194712,-40.32,-20.02,-3.85,Noise,Right
1705996163962,0.633912,-0.747128,0.223992,-41.3,-25.55,-0.56,Noise,Right
1705996163963,0.650992,-0.75884,0.238144,-56.63,-36.12,1.96,Noise,Right
1705996164007,0.637816,-0.76616,0.227408,-76.79,-51.1,5.32,Noise,Right
1705996164007,0.60756,-0.754936,0.162016,-83.23,-58.66,7.56,Noise,Right
1705996164007,0.5978,-0.757864,0.106384,-81.9,-57.19,8.4,Noise,Right
1705996164054,0.58316,-0.75884,0.06832,-81.62,-49.42,4.41,Noise,Right
1705996164054,0.59292,-0.75884,0.036112,-83.44,-42.63,-0.28,Noise,Right
1705996164054,0.603656,-0.777384,0.018056,-90.3,-42.56,-1.12,Noise,Right
1705996164103,0.59536,-0.756888,-0.013664,-91.84,-47.81,1.68,Noise,Right
1705996164103,0.591944,-0.782752,-0.009272,-106.47,-55.23,6.79,Noise,Right
1705996164187,0.626104,-0.792024,-0.06344,-106.61,-64.12,9.94,Noise,Right
1705996164188,0.653432,-0.777872,-0.147864,-108.36,-67.76,6.3,Noise,Right
1705996164188,0.606584,-0.766648,-0.20984,-105.07,-62.93,-0.84,Noise,Right
1705996164188,0.591456,-0.72712,-0.247416,-99.54,-58.87,-4.55,Noise,Right
1705996164188,0.560712,-0.772504,-0.223504,-108.85,-61.95,1.05,Noise,Right
1705996164239,0.550464,-0.754936,-0.20984,-107.17,-70.42,8.54,Noise,Right
1705996164239,0.554856,-0.745176,-0.272792,-119.63,-78.12,12.18,Noise,Right
1705996164239,0.548024,-0.718824,-0.34892,-115.08,-77.7,7.49,Noise,Right
1705996164239,0.550464,-0.706136,-0.467504,-112.63,-73.22,-0.35,Noise,Right
1705996164286,0.549,-0.691496,-0.498248,-84.7,-68.6,-5.18,Noise,Right
1705996164287,0.542656,-0.696376,-0.493368,-93.8,-68.53,-1.33,Noise,Right
1705996164331,0.528016,-0.706624,-0.452376,-100.24,-78.12,8.33,Noise,Right
1705996164331,0.5246,-0.70272,-0.513376,-119.21,-89.18,14.28,Noise,Right
1705996164331,0.504592,-0.651968,-0.579256,-106.33,-90.37,5.67,Noise,Right
1705996164379,0.459208,-0.61732,-0.641232,-111.3,-83.23,-11.9,Noise,Right
1705996164380,0.43432,-0.563152,-0.695888,-105.35,-71.75,-27.72,Noise,Right
1705996164380,0.44652,-0.561688,-0.691008,-102.13,-66.36,-29.26,Noise,Right
1705996164425,0.429928,-0.523136,-0.694424,-102.2,-73.43,-23.66,Noise,Right
1705996164425,0.398208,-0.513376,-0.691008,-106.75,-82.18,-19.74,Noise,Right
1705996164425,0.398208,-0.466528,-0.708576,-98.49,-85.4,-24.01,Noise,Right
1705996164476,0.37332,-0.420656,-0.760792,-105.91,-83.3,-31.78,Noise,Right
1705996164477,0.3904,-0.38552,-0.773968,-96.53,-75.95,-36.26,Noise,Right
1705996164477,0.384056,-0.367952,-0.87108,-90.44,-70.63,-38.92,Noise,Right
1705996164532,0.362096,-0.33672,-0.891576,-81.97,-67.62,-38.29,Noise,Right
1705996164532,0.336232,-0.329888,-0.892064,-73.15,-65.03,-36.89,Noise,Right
1705996164532,0.324032,-0.294752,-0.88572,-67.69,-62.23,-36.33,Noise,Right
1705996164579,0.304512,-0.284992,-0.93208,-65.52,-57.68,-37.17,Noise,Right
1705996164579,0.296216,-0.260592,-0.948672,-56.35,-48.72,-34.16,Noise,Right
1705996164579,0.296704,-0.244488,-0.965752,-44.03,-42.0,-30.45,Noise,Right
1705996164625,0.32208,-0.26596,-0.979904,-28.84,-39.76,-28.28,Noise,Right
1705996164626,0.353312,-0.268888,-0.979416,-31.5,-46.48,-27.3,Noise,Right
1705996164682,0.346968,-0.277672,-0.97112,-34.37,-61.53,-24.22,Noise,Right
1705996164683,0.330376,-0.279624,-1.051152,-37.8,-75.39,-27.51,Noise,Right
1705996164683,0.28548,-0.243024,-1.06384,-30.45,-70.0,-38.08,Noise,Right
1705996164734,0.126392,-0.210816,-1.077992,-21.35,-51.8,-47.95,Noise,Right
1705996164734,0.222528,-0.219112,-1.03456,-0.84,-33.39,-48.44,Noise,Right
1705996164734,0.231312,-0.216672,-0.980392,8.05,-21.28,-38.85,Noise,Right
1705996164735,0.209352,-0.245464,-0.887184,10.64,-15.89,-24.99,Noise,Right
1705996164784,0.256688,-0.245952,-0.879376,0.14,-20.23,-11.13,Noise,Right
1705996164784,0.260592,-0.23668,-0.876936,-11.69,-33.6,-3.15,Noise,Right
1705996164784,0.2562,-0.227896,-0.931104,-28.28,-49.56,-3.5,Noise,Right
1705996164828,0.227408,-0.16348,-1.003328,-30.1,-53.76,-17.36,Noise,Right
1705996164828,0.205936,-0.118584,-1.050176,-15.68,-43.12,-32.48,Noise,Right
1705996164873,0.19276,-0.099552,-1.106784,-2.45,-23.17,-41.02,Noise,Right
1705996164874,0.176168,-0.113704,-1.081896,17.64,-9.24,-39.62,Noise,Right
1705996164874,0.167384,-0.133224,-1.056032,22.33,-1.68,-33.25,Noise,Right
1705996164921,0.167384,-0.151768,-1.026264,24.08,-3.43,-25.76,Noise,Right
1705996164921,0.169336,-0.176656,-0.983808,21.49,-13.23,-21.14,Noise,Right
1705996164921,0.166408,-0.18788,-0.97112,14.35,-26.95,-24.71,Noise,Right
1705996164967,0.191784,-0.183,-0.933056,13.16,-34.02,-34.09,Noise,Right
1705996164968,0.212768,-0.185928,-0.922808,14.42,-31.64,-43.75,Noise,Right
1705996165014,0.179584,-0.193248,-0.908656,17.08,-23.24,-48.58,Noise,Right
1705996165014,0.138592,-0.199104,-0.897432,23.1,-12.95,-44.38,Noise,Right
1705996165014,0.12444,-0.208376,-0.868152,30.8,-3.01,-34.3,Noise,Right
1705996165060,0.123952,-0.223504,-0.853512,27.79,1.19,-21.98,Noise,Right
1705996165060,0.118584,-0.222528,-0.829112,23.38,3.01,-12.32,Noise,Right
1705996165060,0.195688,-0.215208,-0.83448,16.59,-0.63,-9.8,Noise,Right
1705996165107,0.213256,-0.202032,-0.861808,8.75,-6.23,-10.85,Noise,Right
1705996165108,0.172264,-0.201056,-0.884256,4.27,-9.59,-10.08,Noise,Right
1705996165108,0.15128,-0.198128,-0.915976,3.78,-6.58,-9.31,Noise,Right
1705996165155,0.144448,-0.194224,-0.93452,7.7,0.07,-9.31,Noise,Right
1705996165155,0.14396,-0.190808,-0.970144,11.83,8.19,-8.19,Noise,Right
1705996165200,0.148352,-0.196176,-0.975512,19.18,13.37,-5.6,Noise,Right
1705996165201,0.21228,-0.191296,-0.986736,24.08,10.36,-5.18,Noise,Right
1705996165201,0.222528,-0.208376,-1.010648,20.02,0.7,-6.72,Noise,Right
1705996165245,0.198128,-0.215696,-1.02724,12.88,-8.19,-9.52,Noise,Right
1705996165245,0.195688,-0.204472,-1.053104,9.8,-16.17,-12.67,Noise,Right
1705996165245,0.181536,-0.211792,-1.058472,14.42,-20.16,-15.26,Noise,Right
1705996165296,0.169336,-0.205936,-1.06872,16.31,-18.48,-19.53,Noise,Right
1705996165296,0.152256,-0.205936,-1.07604,21.56,-14.42,-21.28,Noise,Right
1705996165296,0.166408,-0.206912,-1.077504,26.6,-15.19,-20.65,Noise,Right
1705996165364,0.183976,-0.206424,-1.093608,28.0,-19.53,-20.3,Noise,Right
1705996165365,0.159576,-0.231312,-1.081408,34.16,-25.62,-21.28,Noise,Right
1705996165365,0.157624,-0.247416,-1.072136,36.61,-31.08,-27.44,Noise,Right
1705996165415,0.142984,-0.256688,-1.081408,37.73,-35.98,-35.0,Noise,Right
1705996165415,0.12932,-0.270352,-1.059448,39.9,-40.32,-41.37,Noise,Right
1705996165415,0.112728,-0.27572,-1.069208,39.9,-43.47,-45.64,Noise,Right
1705996165415,0.096624,-0.275232,-1.069696,44.66,-42.21,-47.46,Noise,Right
1705996165464,0.07808,-0.276696,-1.053592,47.6,-39.06,-48.79,Noise,Right
1705996165465,0.0976,-0.272304,-1.039928,48.16,-36.82,-50.82,Noise,Right
1705996165581,0.099064,-0.294752,-1.03212,48.72,-39.13,-53.27,Noise,Right
1705996165581,0.085888,-0.308904,-1.006256,49.0,-43.33,-57.54,Noise,Right
1705996165581,0.094184,-0.342088,-0.991128,51.87,-47.39,-61.95,Noise,Right
1705996165581,0.062952,-0.3538,-0.97112,55.79,-47.11,-66.85,Noise,Right
1705996165581,0.096136,-0.378688,-0.926224,62.51,-42.14,-71.33,Noise,Right
1705996165581,0.137128,-0.400648,-0.879376,65.45,-35.07,-72.17,Noise,Right
1705996165582,0.142008,-0.426512,-0.880352,63.56,-32.2,-66.92,Noise,Right
1705996165630,0.1342,-0.427,-0.89304,63.14,-32.9,-57.75,Noise,Right
1705996165630,0.156648,-0.425048,-0.86864,62.44,-36.47,-55.16,Noise,Right
1705996165630,0.137128,-0.440176,-0.874008,55.3,-39.48,-61.81,Noise,Right
1705996165675,0.140544,-0.465064,-0.82472,56.7,-37.73,-70.0,Noise,Right
1705996165675,0.16104,-0.499224,-0.766648,36.05,-33.88,-75.6,Noise,Right
1705996165675,0.182024,-0.519232,-0.754448,48.16,-27.23,-73.92,Noise,Right
1705996165722,0.166896,-0.530456,-0.718336,43.61,-23.1,-65.45,Noise,Right
1705996165722,0.197152,-0.5368,-0.701256,38.71,-23.59,-55.16,Noise,Right
1705996165722,0.21228,-0.55144,-0.716384,30.03,-28.35,-49.35,Noise,Right
1705996165771,0.132248,-0.528504,-0.738344,23.45,-32.27,-45.08,Noise,Right
1705996165771,0.15372,-0.474336,-0.77348,16.87,-30.24,-43.96,Noise,Right
1705996165771,0.115656,-0.482632,-0.765672,20.37,-19.81,-48.09,Noise,Right
1705996165819,0.166896,-0.466528,-0.731512,24.08,-7.84,-53.69,Noise,Right
1705996165819,0.225456,-0.496296,-0.701744,26.46,-1.68,-52.01,Noise,Right
1705996165862,0.230824,-0.497272,-0.679296,26.67,-3.71,-44.45,Noise,Right
1705996165862,0.22692,-0.569984,-0.640256,22.26,-11.55,-36.75,Noise,Right
1705996165862,0.19276,-0.53924,-0.688568,14.28,-20.44,-32.27,Noise,Right
1705996165910,0.14396,-0.532896,-0.718336,15.54,-20.58,-30.66,Noise,Right
1705996165911,0.099064,-0.511424,-0.757864,15.19,-10.36,-33.32,Noise,Right
1705996165911,0.098576,-0.494344,-0.75884,18.34,8.82,-35.42,Noise,Right
1705996165955,0.20008,-0.540704,-0.732488,21.77,18.2,-31.43,Noise,Right
1705996165955,0.262544,-0.569984,-0.71736,20.51,14.07,-19.39,Noise,Right
1705996165955,0.267912,-0.574864,-0.701256,17.29,4.97,-6.72,Noise,Right
1705996166010,0.224968,-0.576816,-0.698816,9.87,2.52,-5.67,Noise,Right
1705996166010,0.22204,-0.5734,-0.730048,5.25,4.83,-9.17,Noise,Right
1705996166063,0.216672,-0.569008,-0.750056,9.17,2.45,-14.0,Noise,Right
1705996166063,0.2562,-0.548512,-0.795928,8.19,2.45,-17.78,Noise,Right
1705996166063,0.283528,-0.535824,-0.8296,13.58,4.9,-4.41,Noise,Right
1705996166063,0.260104,-0.545584,-0.78324,18.76,15.05,16.52,Noise,Right
1705996166116,0.26596,-0.564128,-0.737368,18.69,23.03,21.14,Noise,Right
1705996166117,0.265472,-0.598288,-0.686616,14.63,23.87,19.39,Noise,Right
1705996166117,0.23668,-0.628544,-0.659288,12.46,19.53,13.02,Noise,Right
1705996166236,0.218624,-0.615856,-0.690032,-0.77,16.31,2.1,Noise,Right
1705996166236,0.220576,-0.600728,-0.6832,4.34,11.76,-5.25,Noise,Right
1705996166236,0.243512,-0.596824,-0.700768,5.95,8.54,-9.59,Noise,Right
1705996166236,0.150792,-0.630008,-0.664656,12.18,2.87,-13.44,Noise,Right
1705996166236,0.271328,-0.529968,-0.736392,14.84,-0.77,-13.79,Noise,Right
1705996166236,0.244488,-0.585112,-0.704672,5.32,0.07,-9.59,Noise,Right
1705996166237,0.262056,-0.582672,-0.714432,-1.19,-0.21,-5.18,Noise,Right
1705996166283,0.263032,-0.586088,-0.697352,-0.21,3.71,1.96,Noise,Right
1705996166283,0.28304,-0.579256,-0.716384,-2.31,2.87,4.06,Noise,Right
1705996166283,0.277184,-0.572424,-0.730048,-4.83,2.24,6.58,Noise,Right
1705996166327,0.28548,-0.567544,-0.757864,-6.02,1.54,6.93,Noise,Right
1705996166327,0.237168,-0.567544,-0.757376,-0.21,-0.14,1.4,Noise,Right
1705996166376,0.25132,-0.574864,-0.773968,-2.45,-0.7,-0.14,Noise,Right
1705996166376,0.242536,-0.546072,-0.772016,-8.82,-2.52,0.63,Noise,Right
1705996166376,0.22448,-0.548024,-0.752496,0.42,-3.43,4.83,Noise,Right
1705996166423,0.23424,-0.550464,-0.744688,3.71,-7.42,10.08,Noise,Right
1705996166423,0.201544,-0.57828,-0.711992,8.12,-10.43,15.54,Noise,Right
1705996166423,0.252784,-0.592432,-0.71004,3.22,-9.52,17.08,Noise,Right
1705996166469,0.272304,-0.589504,-0.669536,0.21,-9.24,17.57,Noise,Right
1705996166469,0.269376,-0.5856,-0.672464,-2.87,-9.94,15.47,Noise,Right
1705996166523,0.15128,-0.558272,-0.694424,1.61,-13.72,10.99,Noise,Right
1705996166523,0.313296,-0.559248,-0.619272,26.81,-23.87,7.0,Noise,Right
1705996166524,0.32696,-0.542656,-0.638304,-18.13,-33.81,20.09,Noise,Right
1705996166577,0.284504,-0.570472,-0.657336,-7.84,-34.72,41.3,Noise,Right
1705996166577,0.270352,-0.549976,-0.6466,0.56,-11.13,61.25,Noise,Right
1705996166577,0.27816,-0.5368,-0.597312,11.06,23.03,77.49,Noise,Right
1705996166577,0.25864,-0.545096,-0.594384,9.73,48.65,91.98,Noise,Right
1705996166627,0.254248,-0.552904,-0.589992,8.82,56.35,107.24,Noise,Right
1705996166628,0.238144,-0.551928,-0.568032,4.48,48.02,116.69,Noise,Right
1705996166628,0.205448,-0.55632,-0.574376,-6.93,32.41,118.58,Noise,Right
1705996166747,0.199592,-0.555344,-0.552416,-12.81,28.77,113.05,Noise,Right
1705996166749,0.166408,-0.56364,-0.50752,-24.57,37.17,105.7,Noise,Right
1705996166749,0.108824,-0.533384,-0.543632,-28.77,57.26,104.58,Noise,Right
1705996166749,0.042456,-0.520208,-0.587064,-11.13,78.82,113.96,Noise,Right
1705996166749,-0.001952,-0.455792,-0.581696,1.26,96.46,124.46,Noise,Right
1705996166749,-0.033184,-0.464576,-0.59048,-24.71,102.41,137.13,Noise,Right
1705996166749,-0.00488,-0.462624,-0.618784,-36.75,97.09,143.71,Noise,Right
1705996166793,0.014152,-0.471896,-0.67832,-39.34,87.85,140.84,Noise,Right
1705996166793,0.044408,-0.501664,-0.678808,-48.79,80.78,120.89,Noise,Right
1705996166793,0.065392,-0.50264,-0.759328,-58.59,76.58,96.32,Noise,Right
1705996166841,0.07076,-0.494344,-0.866688,-53.41,75.39,78.05,Noise,Right
1705996166841,0.042456,-0.486048,-0.949648,-54.18,66.85,69.16,Noise,Right
1705996166889,0.032696,-0.472872,-1.035048,-50.47,50.19,68.18,Noise,Right
1705996166889,0.062464,-0.493368,-1.06628,-40.67,34.79,65.52,Noise,Right
1705996166889,0.137128,-0.503128,-0.874984,-35.42,1.68,59.01,Noise,Right
1705996166934,0.216184,-0.457256,-0.991616,-72.03,-2.24,51.66,Noise,Right
1705996166934,0.128344,-0.484096,-1.071648,-88.97,-26.18,47.46,Noise,Right
1705996166934,0.044408,-0.421632,-1.220488,-62.86,-46.76,38.85,Noise,Right
1705996166980,-0.02196,-0.44896,-1.233176,-46.62,-54.32,26.25,Noise,Right
1705996166981,0.042456,-0.454328,-1.199992,-21.84,-54.74,9.17,Noise,Right
1705996166981,-0.062952,-0.411872,-1.179008,-17.08,-41.16,-4.55,Noise,Right
1705996167041,0.080032,-0.425048,-1.094096,11.13,-26.25,-9.45,Noise,Right
1705996167041,0.064416,-0.462136,-1.0126,0.42,-19.39,-3.22,Noise,Right
1705996167090,0.029768,-0.459208,-0.983808,-9.17,-25.06,8.89,Noise,Right
1705996167090,-0.028792,-0.447496,-0.981856,-24.85,-34.09,20.3,Noise,Right
1705996167091,-0.08784,-0.465552,-1.027728,-31.92,-40.04,21.35,Noise,Right
1705996167091,-0.08296,-0.412848,-1.159976,-10.5,-22.54,10.29,Noise,Right
1705996167138,-0.213744,-0.386984,-1.160952,3.15,22.47,-4.83,Noise,Right
1705996167138,-0.151768,-0.401136,-1.150704,33.04,77.0,-16.38,Noise,Right
1705996167139,-0.019032,-0.395768,-1.108736,30.94,123.13,-17.01,Noise,Right
1705996167185,0.077104,-0.486048,-1.104344,31.99,133.42,-1.54,Noise,Right
1705996167185,0.15128,-0.45384,-1.086776,30.03,108.92,14.14,Noise,Right
1705996167185,0.198616,-0.395768,-0.973072,3.36,76.86,25.41,Noise,Right
1705996167240,0.246928,-0.399184,-0.8052,-5.53,41.3,27.86,Noise,Right
1705996167240,0.18056,-0.471896,-0.78812,-14.7,8.75,23.38,Noise,Right
1705996167293,0.21228,-0.655872,-0.832528,17.01,-3.99,3.57,Noise,Right
1705996167293,0.163968,-0.448472,-0.685152,70.35,19.81,-24.01,Noise,Right
1705996167293,0.152744,-0.51484,-0.697352,25.69,26.11,-32.9,Noise,Right
1705996167294,0.23424,-0.550952,-0.81008,61.32,8.26,-27.02,Noise,Right
1705996167346,0.255712,-0.459696,-0.779824,54.53,-20.93,-12.18,Noise,Right
1705996167346,0.182512,-0.459208,-0.721752,6.37,-54.18,5.6,Noise,Right
1705996167346,0.142984,-0.510936,-0.669536,-17.15,-91.63,9.17,Noise,Right
1705996167401,0.078568,-0.576816,-0.860832,-14.84,-116.48,-0.42,Noise,Right
1705996167401,0.103944,-0.42456,-0.845216,-37.45,-101.78,-22.12,Noise,Right
1705996167401,-0.080032,-0.39772,-0.992104,-34.16,-73.22,-31.71,Noise,Right
1705996167447,-0.10004,-0.37332,-1.124352,-4.62,-42.56,-19.88,Noise,Right
1705996167447,-0.086376,-0.422608,-1.05652,24.57,-13.72,-2.87,Noise,Right
1705996167447,-0.065392,-0.435296,-0.959896,43.75,0.0,4.69,Noise,Right
1705996167494,0.020496,-0.506056,-0.914024,30.17,2.31,-0.14,Noise,Right
1705996167494,0.110288,-0.445544,-0.972096,1.05,0.49,-10.43,Noise,Right
1705996167494,0.025864,-0.514352,-0.803736,17.22,-2.31,-17.5,Noise,Right
1705996167545,0.096624,-0.482144,-0.738832,6.44,-8.05,-22.61,Noise,Right
1705996167545,0.083936,-0.503616,-0.743712,-0.84,-8.61,-26.18,Noise,Right
1705996167545,0.098088,-0.48556,-0.807152,-6.86,-7.91,-25.62,Noise,Right
1705996167588,-0.10248,-0.196176,-0.481656,24.57,-16.8,-18.97,Noise,Right
1705996167589,0.183488,-0.378688,-0.810568,-23.87,-39.06,-7.7,Noise,Right
1705996167636,0.084424,-0.494344,-0.790072,9.17,-52.71,-7.28,Noise,Right
1705996167636,0.103944,-0.436272,-0.826672,-6.23,-73.15,-6.79,Noise,Right
1705996167636,0.172264,-0.435296,-0.877912,-39.83,-84.42,-7.35,Noise,Right
1705996167684,-0.002928,-0.463112,-0.91988,-50.26,-78.68,-10.08,Noise,Right
1705996167684,-0.12932,-0.467016,-0.969168,-39.06,-64.33,-9.45,Noise,Right
1705996167684,-0.171288,-0.478728,-0.988688,-19.88,-38.57,-5.95,Noise,Right
1705996167728,-0.169824,-0.460672,-0.996008,-2.03,-3.64,-0.77,Noise,Right
1705996167729,-0.152744,-0.469944,-0.974536,13.58,23.45,3.78,Noise,Right
1705996167729,-0.13664,-0.4392,-0.921344,29.89,39.97,3.43,Noise,Right
1705996167775,-0.067344,-0.476776,-0.825208,47.81,40.18,3.92,Noise,Right
1705996167775,0.001952,-0.472384,-0.78812,37.31,26.67,3.01,Noise,Right
1705996217245,0.237168,-0.648552,-0.70516,-59.08,-31.5,-79.17,Noise,Right
1705996217246,0.056608,-0.648552,-0.694424,-161.07,-36.54,-87.29,Noise,Right
1705996217246,0.169824,-0.352824,-0.935008,-201.74,-48.93,-106.68,Noise,Right
1705996217292,0.194224,-0.047336,-1.073112,-17.57,-45.92,-117.25,Noise,Right
1705996217292,0.055632,-0.364048,-1.055544,272.51,-17.57,-109.27,Noise,Right
1705996217292,0.0732,-0.479704,-0.940376,330.96,-8.4,-103.88,Noise,Right
1705996217343,-0.01464,-0.477752,-0.894992,261.17,6.86,-84.98,Noise,Right
1705996217344,0.086376,-0.401136,-0.817888,190.68,9.94,-40.25,Noise,Right
1705996217344,0.308416,-0.64172,-0.667584,83.86,7.91,-5.25,Noise,Right
1705996217435,0.293288,-0.860832,-0.522648,5.04,-6.58,-3.99,Noise,Right
1705996217435,0.413336,-0.672952,-0.60756,-1.33,-37.52,-19.32,Noise,Right
1705996217435,0.481656,-0.718336,-0.584136,-2.66,-45.78,-19.74,Noise,Right
1705996217435,0.226432,-0.611952,-0.702232,-53.48,-37.73,-27.86,Noise,Right
1705996217435,0.053192,-0.623176,-0.76128,-33.6,-27.79,-29.82,Noise,Right
1705996217478,0.208864,-0.575352,-0.881328,48.09,-15.82,-29.82,Noise,Right
1705996217478,0.199592,-0.571936,-0.732488,66.85,-28.28,-37.31,Noise,Right
1705996217478,0.310856,-0.620736,-0.704184,132.3,-47.11,-40.88,Noise,Right
1705996217525,0.3172,-0.849608,-0.509472,92.05,-60.76,-35.42,Noise,Right
1705996217525,0.641232,-0.635864,-0.525576,-49.91,-72.24,-48.16,Noise,Right
1705996217525,0.669048,-0.784216,-0.685152,9.87,-87.08,-44.59,Noise,Right
1705996217571,0.504104,-0.79544,-0.64416,-17.5,-73.92,-0.7,Noise,Right
1705996217572,0.547536,-0.80764,-0.602192,-14.21,-50.89,72.03,Noise,Right
1705996217619,0.482144,-0.715896,-0.665632,-3.85,-24.85,123.69,Noise,Right
1705996217619,0.402112,-0.696376,-0.681736,5.11,-12.88,130.83,Noise,Right
1705996217619,0.397232,-0.654408,-0.720288,0.21,-17.36,107.59,Noise,Right
1705996217665,0.324032,-0.706136,-0.698816,-33.74,-36.75,94.43,Noise,Right
1705996217665,0.22936,-0.71004,-0.590968,-38.15,-59.71,84.49,Noise,Right
1705996217665,0.288408,-0.620736,-0.60024,-36.61,-63.7,76.79,Noise,Right
1705996217724,0.090768,-0.618784,-0.555344,-25.55,-43.4,66.36,Noise,Right
1705996217724,-0.047824,-0.654896,-0.594872,-12.88,-10.43,66.36,Noise,Right
1705996217724,-0.020984,-0.64416,-0.665632,-34.44,26.18,87.99,Noise,Right
1705996217773,-0.087352,-0.660752,-0.76372,-48.09,68.67,120.68,Noise,Right
1705996217773,-0.173728,-0.598288,-0.786168,-16.24,87.01,139.79,Noise,Right
1705996217774,-0.221064,-0.589992,-0.672952,19.04,98.07,133.42,Noise,Right
1705996217824,-0.138592,-0.584136,-0.677832,20.02,103.32,92.89,Noise,Right
1705996217824,-0.052216,-0.55388,-0.669536,4.06,107.31,90.79,Noise,Right
1705996217824,-0.093696,-0.429928,-0.655384,-28.14,111.09,84.7,Noise,Right
1705996217945,-0.120536,-0.471408,-0.67344,-53.83,111.16,78.19,Noise,Right
1705996217945,-0.141032,-0.53924,-0.762256,-20.72,110.6,59.85,Noise,Right
1705996217946,-0.157136,-0.48312,-0.703208,8.75,135.52,16.59,Noise,Right
1705996217946,-0.056608,-0.533872,-0.787144,-6.72,149.87,-14.56,Noise,Right
1705996217946,0.05124,-0.562176,-0.90036,-5.95,140.98,-7.14,Noise,Right
1705996217946,0.103456,-0.572424,-0.948184,-37.59,123.97,18.41,Noise,Right
1705996217946,0.028792,-0.566568,-0.871568,-35.0,109.55,31.64,Noise,Right
1705996217992,0.150304,-0.523136,-0.97844,-56.14,88.41,34.44,Noise,Right
1705996217993,0.202032,-0.528016,-0.906216,-68.25,73.64,30.8,Noise,Right
1705996217994,0.210816,-0.432368,-0.897432,-73.15,58.59,23.31,Noise,Right
1705996218039,0.301096,-0.484096,-0.847168,-9.03,47.81,9.31,Noise,Right
1705996218039,0.289384,-0.475312,-0.836432,-11.69,56.21,-0.42,Noise,Right
1705996218039,0.205936,-0.468968,-0.83692,6.51,73.43,7.42,Noise,Right
1705996218083,0.275232,-0.511424,-0.887672,20.44,80.36,21.63,Noise,Right
1705996218084,0.239608,-0.5124,-0.899872,24.85,92.82,29.54,Noise,Right
1705996218133,0.198616,-0.501176,-0.88572,37.94,107.8,22.19,Noise,Right
1705996218134,0.242048,-0.514352,-0.842288,37.8,114.73,3.29,Noise,Right
1705996218134,0.308416,-0.547048,-0.756888,27.09,107.73,-21.63,Noise,Right
1705996218253,0.354288,-0.567056,-0.681248,17.78,86.1,-41.02,Noise,Right
1705996218254,0.386984,-0.593408,-0.649528,6.72,49.21,-40.95,Noise,Right
1705996218254,0.3782,-0.592432,-0.734928,-25.34,6.09,-19.25,Noise,Right
1705996218254,0.337696,-0.562664,-0.755912,-31.29,-5.88,-9.24,Noise,Right
1705996218254,0.32696,-0.425536,-0.765672,-17.36,15.33,-22.26,Noise,Right
1705996218254,0.350872,-0.462136,-0.782264,-10.08,44.31,-32.9,Noise,Right
1705996218254,0.362584,-0.467504,-0.785192,6.3,65.1,-32.83,Noise,Right
1705996218306,0.42944,-0.498736,-0.753472,4.55,67.34,-30.73,Noise,Right
1705996218306,0.498248,-0.47336,-0.743224,0.0,49.84,-32.76,Noise,Right
1705996218306,0.567056,-0.47824,-0.726144,-8.47,28.91,-36.68,Noise,Right
1705996218439,0.520696,-0.50264,-0.664168,-19.18,11.41,-40.25,Noise,Right
1705996218439,0.477264,-0.48556,-0.659288,-16.87,10.5,-42.42,Noise,Right
1705996218439,0.430904,-0.459696,-0.674904,-20.16,28.28,-44.17,Noise,Right
1705996218439,0.418216,-0.454328,-0.66856,-8.61,52.64,-44.59,Noise,Right
1705996218439,0.614392,-0.422608,-0.684176,-5.18,54.11,-35.77,Noise,Right
1705996218440,0.664168,-0.388936,-0.727608,-10.99,25.2,-31.71,Noise,Right
1705996218440,0.6466,-0.404552,-0.72224,-21.21,-4.06,-27.72,Noise,Right
1705996218488,0.589992,-0.4148,-0.672952,-20.16,-22.12,-28.21,Noise,Right
1705996218488,0.496296,-0.386008,-0.659288,-17.15,-13.65,-31.29,Noise,Right
1705996218488,0.481656,-0.398208,-0.630496,-6.65,12.88,-29.26,Noise,Right
1705996218488,0.514352,-0.40748,-0.638304,10.08,39.76,-19.39,Noise,Right
1705996218540,0.549488,0.052704,-1.010648,-84.7,-79.45,33.32,Noise,Right
1705996218540,0.474824,-0.372344,-0.375272,-13.44,-10.5,-9.24,Noise,Right
1705996218540,0.742248,-0.441152,-0.77592,15.96,-25.62,-26.18,Noise,Right
1705996218599,0.569984,-0.355264,-0.748592,-9.87,-36.89,-23.38,Noise,Right
1705996218600,0.522648,-0.396256,-0.730048,0.0,-30.1,-15.68,Noise,Right
1705996218600,0.532408,-0.413336,-0.698328,-1.82,-25.13,-6.09,Noise,Right
1705996218720,0.48312,-0.415288,-0.716384,2.59,-23.24,2.73,Noise,Right
1705996218720,0.490928,-0.436272,-0.706624,19.74,-23.87,5.04,Noise,Right
1705996218720,0.55388,-0.425048,-0.677344,20.02,-28.28,3.64,Noise,Right
1705996218721,0.550464,-0.415288,-0.719312,18.55,-31.29,1.05,Noise,Right
1705996218721,0.543632,-0.398208,-0.653432,8.47,-35.91,-3.08,Noise,Right
1705996218721,0.569008,-0.415288,-0.67832,-17.29,-41.23,-5.53,Noise,Right
1705996218721,0.532896,-0.416264,-0.664656,-10.08,-45.08,-7.28,Noise,Right
1705996218768,0.565104,-0.420168,-0.725168,-16.17,-47.81,-9.73,Noise,Right
1705996218768,0.55632,-0.41236,-0.778848,-18.83,-46.34,-11.69,Noise,Right
1705996218768,0.49288,-0.406504,-0.814472,-14.35,-40.46,-8.33,Noise,Right
1705996218814,0.484096,-0.406992,-0.81008,-3.78,-32.27,-1.75,Noise,Right
1705996218814,0.449936,-0.403576,-0.80276,7.49,-28.7,1.96,Noise,Right
1705996218814,0.442128,-0.412848,-0.772992,14.42,-28.56,3.57,Noise,Right
1705996218861,0.514352,-0.40992,-0.726632,21.56,-29.54,4.2,Noise,Right
1705996218862,0.567056,-0.3782,-0.72956,2.87,-32.13,2.24,Noise,Right
1705996218862,0.630008,-0.388448,-0.752496,-10.92,-33.04,-4.97,Noise,Right
1705996218907,0.529968,-0.42944,-0.740784,-12.46,-30.73,-7.35,Noise,Right
1705996218907,0.479704,-0.421632,-0.745664,-12.67,-28.63,-5.46,Noise,Right
1705996218907,0.479704,-0.41236,-0.77592,-7.42,-26.81,-1.82,Noise,Right
1705996218953,0.477752,-0.398696,-0.743712,2.24,-25.76,1.96,Noise,Right
1705996218953,0.643184,-0.373808,-0.793,16.24,-23.03,3.64,Noise,Right
1705996219000,0.509472,-0.398696,-0.738832,11.97,-22.68,5.6,Noise,Right
1705996219001,0.571448,-0.390888,-0.786168,-4.41,-22.05,8.68,Noise,Right
1705996219001,0.591456,-0.38064,-0.792512,-8.4,-20.72,6.02,Noise,Right
1705996219046,0.550952,-0.381616,-0.848144,-15.89,-17.57,3.43,Noise,Right
1705996219047,0.53924,-0.403088,-0.838384,-6.37,-13.37,1.54,Noise,Right
1705996219047,0.514352,-0.396256,-0.831552,-5.46,-14.07,3.01,Noise,Right
1705996219094,0.47824,-0.410408,-0.843752,-9.03,-14.07,6.37,Noise,Right
1705996219094,0.453352,-0.439688,-0.828624,1.12,-13.93,13.79,Noise,Right
1705996219141,0.472384,-0.418216,-0.816912,7.98,-9.38,21.98,Noise,Right
1705996219141,0.476288,-0.406504,-0.839848,3.57,-9.87,23.17,Noise,Right
1705996219141,0.460184,-0.405528,-0.84668,0.0,-15.75,19.6,Noise,Right
1705996219189,0.42456,-0.429928,-0.842776,-5.88,-20.86,14.28,Noise,Right
1705996219189,0.408944,-0.413824,-0.87108,-6.37,-23.03,16.17,Noise,Right
1705996219190,0.418216,-0.406016,-0.84912,-9.38,-27.09,15.47,Noise,Right
1705996219235,0.34404,-0.423096,-0.847168,-13.86,-22.12,2.73,Noise,Right
1705996219235,0.33184,-0.426512,-0.84424,-5.39,-9.59,0.07,Noise,Right
1705996219235,0.325496,-0.427,-0.835456,2.87,1.68,5.18,Noise,Right
1705996219285,0.321592,-0.413824,-0.833992,11.13,4.9,12.39,Noise,Right
1705996219285,0.30744,-0.423584,-0.824232,11.48,0.14,20.93,Noise,Right
1705996219285,0.299632,-0.407968,-0.81252,4.9,-12.04,19.25,Noise,Right
1705996219328,0.330376,-0.383568,-0.832528,-3.01,-26.46,4.06,Noise,Right
1705996219328,0.358192,-0.360632,-0.854976,-9.66,-33.04,-14.0,Noise,Right
1705996219376,0.33184,-0.384544,-0.869616,-5.53,-30.87,-24.64,Noise,Right
1705996219376,0.32452,-0.385032,-0.858392,4.48,-20.37,-26.04,Noise,Right
1705996219376,0.280112,-0.426512,-0.828136,7.77,-4.97,-20.58,Noise,Right
1705996219420,0.312808,-0.423096,-0.781288,14.91,7.56,-13.02,Noise,Right
1705996219420,0.335744,-0.402112,-0.788608,14.91,9.87,-2.59,Noise,Right
1705996219420,0.36112,-0.406992,-0.808616,12.25,2.66,6.09,Noise,Right
1705996219470,0.384544,-0.378688,-0.815448,-5.6,-7.91,9.59,Noise,Right
1705996219470,0.382592,-0.376736,-0.821304,-19.11,-21.98,6.44,Noise,Right
1705996219518,0.359656,-0.369904,-0.870592,-5.88,-32.9,-4.13,Noise,Right
1705996219519,0.33672,-0.363072,-0.902312,-2.1,-29.12,-17.22,Noise,Right
1705996219519,0.28792,-0.414312,-0.865224,7.63,-17.57,-26.39,Noise,Right
1705996219637,0.297192,-0.435296,-0.849608,1.33,-2.17,-27.44,Noise,Right
1705996219637,0.329888,-0.411872,-0.852048,7.07,11.06,-17.43,Noise,Right
1705996219637,0.337208,-0.408944,-0.85644,13.65,14.21,-1.96,Noise,Right
1705996219639,0.369904,-0.417728,-0.835456,13.44,3.71,5.46,Noise,Right
1705996219639,0.405528,-0.40016,-0.857416,4.62,-9.31,3.15,Noise,Right
1705996219639,0.393816,-0.397232,-0.855464,-1.05,-19.18,-6.02,Noise,Right
1705996219639,0.386496,-0.38796,-0.892064,-4.97,-26.39,-15.33,Noise,Right
1705996219686,0.34404,-0.4026,-0.89304,-0.07,-25.62,-21.07,Noise,Right
1705996219686,0.30256,-0.413824,-0.888648,3.43,-15.12,-21.28,Noise,Right
1705996219686,0.292312,-0.411872,-0.865712,5.04,-1.54,-15.75,Noise,Right
1705996219731,0.325984,-0.410408,-0.865224,9.31,8.75,-8.61,Noise,Right
1705996219731,0.357216,-0.401624,-0.874496,10.85,8.82,-1.33,Noise,Right
1705996219731,0.370392,-0.3904,-0.881328,9.8,-2.24,1.61,Noise,Right
1705996219779,0.427488,-0.368928,-0.847168,4.27,-20.44,-3.78,Noise,Right
1705996219779,0.379176,-0.38552,-0.862784,-0.63,-38.22,-11.34,Noise,Right
1705996219779,0.359168,-0.374296,-0.865712,5.6,-41.02,-18.06,Noise,Right
1705996219822,0.302072,-0.391864,-0.872056,14.28,-32.06,-22.54,Noise,Right
1705996219822,0.261568,-0.418216,-0.83204,11.34,-15.33,-23.38,Noise,Right
1705996219872,0.28304,-0.402112,-0.822768,13.86,2.8,-14.28,Noise,Right
1705996219872,0.318664,-0.396744,-0.837896,17.01,12.74,-3.08,Noise,Right
1705996219872,0.3538,-0.3904,-0.827648,19.88,7.91,4.27,Noise,Right
1705996220000,0.372832,-0.386008,-0.800808,12.18,-7.7,2.8,Noise,Right
1705996220000,0.36356,-0.371856,-0.799832,7.7,-20.37,-6.09,Noise,Right
1705996220000,0.36356,-0.36356,-0.820816,4.48,-28.35,-14.0,Noise,Right
1705996220000,0.337208,-0.387472,-0.823256,6.23,-29.82,-14.14,Noise,Right
1705996220001,0.306952,-0.395768,-0.827648,11.06,-23.1,-11.69,Noise,Right
1705996220001,0.27816,-0.401624,-0.80032,13.79,-10.57,-9.87,Noise,Right
1705996220001,0.281088,-0.415288,-0.767624,10.85,2.66,-8.26,Noise,Right
1705996220052,0.31232,-0.398696,-0.769088,7.49,7.42,-3.08,Noise,Right
1705996220053,0.320616,-0.402112,-0.781288,5.32,2.8,0.98,Noise,Right
1705996220053,0.334768,-0.38552,-0.785192,2.1,-10.22,-0.49,Noise,Right
1705996220053,0.322568,-0.384544,-0.79056,-10.08,-24.92,-7.0,Noise,Right
1705996220099,0.337696,-0.361608,-0.8052,-8.68,-35.77,-15.68,Noise,Right
1705996220099,0.323544,-0.366976,-0.826672,-8.47,-35.77,-20.93,Noise,Right
1705996220099,0.278648,-0.386496,-0.845216,-5.39,-23.66,-20.3,Noise,Right
1705996220147,0.259616,-0.405528,-0.837896,-3.43,0.28,-17.08,Noise,Right
1705996220148,0.298168,-0.410896,-0.845704,-0.07,19.95,-11.27,Noise,Right
1705996220198,0.3416,-0.398208,-0.862784,2.73,25.06,-3.5,Noise,Right
1705996220198,0.388448,-0.3904,-0.86132,1.47,13.16,0.28,Noise,Right
1705996220198,0.389912,-0.391376,-0.881816,-4.76,-9.17,-2.73,Noise,Right
1705996220306,0.384056,-0.404064,-0.880352,-10.15,-31.08,-9.17,Noise,Right
1705996220306,0.34648,-0.40016,-0.905728,-9.45,-36.96,-13.72,Noise,Right
1705996220306,0.315736,-0.4026,-0.915488,-2.45,-28.84,-13.16,Noise,Right
1705996220306,0.275232,-0.4148,-0.91744,4.76,-11.76,-9.45,Noise,Right
1705996220306,0.282552,-0.425536,-0.883768,9.87,7.84,-4.97,Noise,Right
1705996220306,0.308416,-0.420656,-0.854,11.06,17.29,0.28,Noise,Right
1705996220405,0.336232,-0.420656,-0.861808,9.45,10.29,3.29,Noise,Right
1705996220405,0.346968,-0.40992,-0.877424,6.09,-4.06,2.45,Noise,Right
1705996220406,0.342088,-0.396256,-0.881816,1.75,-14.21,-3.64,Noise,Right
1705996220406,0.347456,-0.390888,-0.899384,1.89,-18.83,-10.99,Noise,Right
1705996220406,0.318664,-0.40748,-0.88572,3.29,-18.69,-11.83,Noise,Right
1705996220406,0.299632,-0.41724,-0.879376,5.88,-9.94,-8.61,Noise,Right
1705996220457,0.280112,-0.418216,-0.84668,11.27,4.41,-5.32,Noise,Right
1705996220457,0.294264,-0.41968,-0.835456,13.02,14.63,-2.03,Noise,Right
1705996220457,0.325008,-0.418704,-0.811056,11.83,17.01,-0.28,Noise,Right
1705996220457,0.357704,-0.420168,-0.816424,8.61,8.75,1.47,Noise,Right
1705996220508,0.34892,-0.416264,-0.832528,5.74,-8.33,2.8,Noise,Right
1705996220508,0.348432,-0.393816,-0.83204,0.28,-22.61,1.33,Noise,Right
1705996220608,0.342576,-0.37332,-0.882304,-6.3,-32.13,-3.22,Noise,Right
1705996220608,0.286456,-0.371856,-0.91256,-5.74,-31.92,-7.28,Noise,Right
1705996220608,0.25376,-0.374784,-0.920856,2.03,-20.16,-9.17,Noise,Right
1705996220608,0.241072,-0.385032,-0.87108,8.26,3.22,-8.96,Noise,Right
1705996220609,0.262056,-0.386984,-0.851072,12.46,20.16,-7.35,Noise,Right
1705996220609,0.29036,-0.4148,-0.804224,13.3,24.78,-3.85,Noise,Right
1705996220684,0.337696,-0.406992,-0.789096,5.25,14.14,-2.31,Noise,Right
1705996220690,0.363072,-0.40016,-0.807152,2.45,-3.43,-4.97,Noise,Right
1705996220691,0.354776,-0.40504,-0.80032,2.45,-16.8,-9.1,Noise,Right
1705996220691,0.347456,-0.415776,-0.814472,0.07,-24.71,-11.06,Noise,Right
1705996220704,0.332328,-0.40992,-0.820816,1.61,-21.0,-8.96,Noise,Right
1705996220704,0.30012,-0.40016,-0.808128,5.88,-8.54,-4.83,Noise,Right
1705996220752,0.30256,-0.38796,-0.82228,7.91,4.41,0.28,Noise,Right
1705996220752,0.307928,-0.381616,-0.829112,7.98,11.48,2.03,Noise,Right
1705996220752,0.304512,-0.386984,-0.821304,3.08,10.08,-0.14,Noise,Right
1705996220801,0.320128,-0.382592,-0.825696,-3.29,3.85,-3.85,Noise,Right
1705996220803,0.338672,-0.380152,-0.84668,-6.72,-4.76,-6.16,Noise,Right
1705996220803,0.332816,-0.385032,-0.854,-5.18,-9.31,-7.07,Noise,Right
1705996220859,0.324032,-0.386984,-0.835944,-2.45,-8.26,-7.07,Noise,Right
1705996220859,0.320616,-0.386984,-0.830576,0.91,-5.04,-4.69,Noise,Right
1705996220859,0.311344,-0.392352,-0.820328,1.19,-1.82,-2.1,Noise,Right
1705996220906,0.340136,-0.374296,-0.857416,1.33,0.35,-0.35,Noise,Right
1705996220906,0.342088,-0.373808,-0.886696,1.47,0.35,0.49,Noise,Right
1705996220906,0.327936,-0.386008,-0.902312,3.15,0.07,-0.56,Noise,Right
1705996220952,0.305976,-0.38796,-0.925248,7.63,2.94,-2.1,Noise,Right
1705996220952,0.304024,-0.381128,-0.899384,14.7,8.61,-3.78,Noise,Right
1705996220952,0.316224,-0.375272,-0.837408,15.54,15.19,-8.26,Noise,Right
1705996220999,0.35624,-0.386008,-0.820816,11.83,20.23,-12.67,Noise,Right
1705996220999,0.381616,-0.414312,-0.80764,7.91,19.95,-9.8,Noise,Right
1705996220999,0.374296,-0.429928,-0.789096,4.55,18.83,-4.9,Noise,Right
1705996221043,0.372832,-0.420168,-0.764696,4.69,23.17,-2.1,Noise,Right
1705996221043,0.36356,-0.418216,-0.7808,5.88,31.71,-1.54,Noise,Right
1705996221090,0.352824,-0.40016,-0.794464,7.7,38.29,-2.73,Noise,Right
1705996221090,0.39772,-0.376736,-0.824232,4.2,43.19,-9.66,Noise,Right
1705996221090,0.416264,-0.365024,-0.845216,6.65,48.09,-19.25,Noise,Right
1705996221135,0.450912,-0.375272,-0.855464,11.27,48.72,-23.03,Noise,Right
1705996221136,0.447008,-0.391376,-0.887672,11.48,44.73,-21.7,Noise,Right
1705996221136,0.42944,-0.387472,-0.878888,16.31,42.07,-19.46,Noise,Right
1705996221182,0.481656,-0.381616,-0.88328,20.02,42.14,-21.7,Noise,Right
1705996221182,0.51484,-0.400648,-0.853024,26.18,46.2,-25.9,Noise,Right
1705996221232,0.540704,-0.420656,-0.81496,26.32,49.56,-23.94,Noise,Right
1705996221232,0.58316,-0.427976,-0.773968,28.49,51.38,-17.57,Noise,Right
1705996221233,0.588528,-0.4392,-0.719312,26.88,46.55,-7.63,Noise,Right
1705996221276,0.6344,-0.432856,-0.682224,22.68,31.01,4.06,Noise,Right
1705996221277,0.60756,-0.426512,-0.625616,19.46,8.33,12.74,Noise,Right
1705996221277,0.55876,-0.438712,-0.552904,4.62,-12.67,14.42,Noise,Right
1705996221324,0.501176,-0.420656,-0.526552,-7.7,-23.17,10.01,Noise,Right
1705996221324,0.479704,-0.404552,-0.567056,-13.44,-18.41,5.81,Noise,Right
1705996221324,0.374296,-0.372832,-0.692472,-15.26,2.73,3.99,Noise,Right
1705996221369,0.330864,-0.345016,-0.804712,-3.22,47.18,2.31,Noise,Right
1705996221369,0.404552,-0.319152,-0.858392,20.58,90.44,-1.54,Noise,Right
1705996221414,0.643184,-0.3416,-0.894016,28.35,77.35,2.73,Noise,Right
1705996221414,0.809592,-0.410896,-0.76372,-37.1,12.04,17.57,Noise,Right
1705996221414,0.740296,-0.453352,-0.677344,-39.9,-74.06,24.43,Noise,Right
1705996221460,0.738344,-0.431392,-0.68564,-44.94,-126.0,4.41,Noise,Right
1705996221460,0.508984,-0.469456,-0.552904,-39.97,-115.01,-33.39,Noise,Right
1705996221460,0.297192,-0.485072,-0.579256,-27.3,-57.54,-34.72,Noise,Right
1705996221510,0.248392,-0.476776,-0.64904,-26.11,6.65,-2.31,Noise,Right
1705996221511,0.251808,-0.345992,-0.5612,-8.12,58.03,31.08,Noise,Right
1705996221511,0.477752,-0.315248,-0.71004,2.1,68.18,30.52,Noise,Right
1705996221556,0.668072,-0.298168,-0.809104,-17.57,22.75,26.25,Noise,Right
1705996221556,0.73688,-0.339648,-0.706136,-56.77,-51.94,32.69,Noise,Right
1705996221607,0.66368,-0.362584,-0.76616,-58.38,-105.91,24.36,Noise,Right
1705996221607,0.567544,-0.30012,-0.801784,-57.68,-119.84,-4.34,Noise,Right
1705996221607,0.399184,-0.297192,-0.8784,-46.69,-103.11,-26.81,Noise,Right
1705996221666,0.2684,-0.308416,-0.762744,-23.66,-58.94,-10.36,Noise,Right
1705996221666,0.23912,-0.324032,-0.967216,-17.99,-24.43,-6.65,Noise,Right
1705996221666,0.286944,-0.303536,-0.945744,-16.38,10.92,-1.54,Noise,Right
1705996221666,0.3904,-0.30744,-0.970144,-2.94,35.98,7.14,Noise,Right
1705996221718,0.499224,-0.28304,-0.990152,0.21,44.45,14.14,Noise,Right
1705996221718,0.643672,-0.154696,-0.87596,-10.99,-28.63,42.21,Noise,Right
1705996221718,0.475312,-0.37576,-0.918416,-4.69,-19.11,-0.63,Noise,Right
1705996221774,0.496296,-0.342088,-0.891576,15.26,-9.66,-7.7,Noise,Right
1705996221774,0.424072,-0.3782,-0.803736,9.87,-7.42,-3.78,Noise,Right
1705996221774,0.349408,-0.286944,-0.819352,11.9,6.3,-5.04,Noise,Right
1705996221821,0.332816,-0.25376,-0.788608,25.62,23.59,-29.68,Noise,Right
1705996221821,0.420168,-0.271816,-0.709064,33.04,16.52,-37.52,Noise,Right
1705996221822,0.556808,-0.306952,-0.74908,3.15,-11.76,-5.46,Noise,Right
1705996221868,0.492392,-0.364048,-0.8174,8.82,-6.72,0.14,Noise,Right
1705996221868,0.524112,-0.333304,-0.798368,11.97,-7.07,-0.14,Noise,Right
1705996221869,0.477264,-0.33184,-0.812032,5.81,-8.82,-0.42,Noise,Right
1705996221921,0.467504,-0.32452,-0.804712,3.08,-10.57,1.4,Noise,Right
1705996221921,0.437736,-0.305976,-0.803736,-0.21,-7.7,-0.14,Noise,Right
1705996221921,0.444568,-0.326472,-0.80764,-1.19,-2.38,-2.03,Noise,Right
1705996221974,0.4514,-0.344528,-0.79544,-5.39,-5.04,2.17,Noise,Right
1705996221976,0.436272,-0.34404,-0.78568,-7.91,-9.03,2.59,Noise,Right
1705996221976,0.433344,-0.338672,-0.799832,-12.95,-14.07,2.17,Noise,Right
1705996222023,0.425536,-0.337696,-0.8052,-19.53,-21.77,1.96,Noise,Right
1705996222023,0.40504,-0.310368,-0.818864,-22.05,-29.19,-2.45,Noise,Right
1705996222023,0.405528,-0.276208,-0.848144,-21.49,-26.32,-8.4,Noise,Right
1705996222068,0.422608,-0.310856,-0.865224,-14.28,-20.58,-10.71,Noise,Right
1705996222068,0.427,-0.326472,-0.852048,-11.83,-19.53,-6.3,Noise,Right
1705996222124,0.416264,-0.331352,-0.84912,-15.54,-21.91,1.68,Noise,Right
1705996222126,0.372832,-0.34404,-0.837408,-31.15,-24.36,3.43,Noise,Right
1705996222126,0.338184,-0.34648,-0.849608,-41.72,-23.87,0.35,Noise,Right
1705996222179,0.328424,-0.279136,-0.8784,-56.0,-20.79,-3.22,Noise,Right
1705996222179,0.36844,-0.24888,-0.909144,-54.6,-19.11,-1.61,Noise,Right
1705996222179,0.404552,-0.237656,-0.907192,-51.31,-18.97,0.35,Noise,Right
1705996222180,0.442616,-0.260592,-0.895968,-48.3,-20.3,0.28,Noise,Right
1705996222227,0.428464,-0.268888,-0.90768,-46.97,-24.78,2.24,Noise,Right
1705996222227,0.399184,-0.236192,-0.940376,-49.98,-34.23,4.76,Noise,Right
1705996222227,0.362096,-0.18056,-0.946232,-45.01,-38.5,2.24,Noise,Right
1705996222276,0.34648,-0.144936,-0.988688,-28.0,-28.63,-6.37,Noise,Right
1705996222276,0.325008,-0.12444,-1.030168,-5.88,-10.22,-11.69,Noise,Right
1705996222276,0.344528,-0.177144,-0.98332,18.34,7.07,-5.11,Noise,Right
1705996222349,0.350384,-0.184464,-0.970144,15.68,6.79,5.39,Noise,Right
1705996222349,0.33916,-0.18544,-0.957944,4.27,-8.12,4.9,Noise,Right
1705996222349,0.330864,-0.140056,-0.937448,-2.59,-22.4,-10.22,Noise,Right
1705996222349,0.26352,-0.138104,-0.91012,2.1,-18.2,-27.72,Noise,Right
1705996222396,0.217648,-0.142496,-0.88572,8.33,13.93,-23.52,Noise,Right
1705996222396,0.172752,-0.13664,-0.861808,30.1,65.38,-7.0,Noise,Right
1705996222396,0.276696,-0.128832,-0.924272,58.31,113.47,10.08,Noise,Right
1705996222441,0.511424,-0.183,-0.927688,90.93,127.96,25.62,Noise,Right
1705996222442,0.903288,-0.177632,-1.148752,85.26,75.46,51.52,Noise,Right
1705996222489,0.756888,-0.284992,-0.752008,124.74,-40.32,68.39,Noise,Right
1705996222489,0.685152,-0.298656,-0.610976,4.48,-84.56,36.12,Noise,Right
1705996222489,0.47092,-0.269864,-0.839848,19.74,-48.86,-26.18,Noise,Right
1705996222536,0.47336,-0.355752,-0.931592,44.03,-14.14,-33.18,Noise,Right
1705996222536,0.318176,-0.45628,-0.881816,57.68,15.26,-1.61,Noise,Right
1705996222536,0.332328,-0.396256,-0.854976,34.23,44.87,27.02,Noise,Right
1705996222582,0.423096,-0.345504,-0.891576,42.77,81.13,39.48,Noise,Right
1705996222582,0.528016,-0.340136,-0.984784,57.33,82.74,40.18,Noise,Right
1705996222582,0.61,-0.333792,-0.965752,57.26,49.98,35.21,Noise,Right
1705996222641,0.549976,-0.318176,-0.915488,46.83,11.9,12.25,Noise,Right
1705996222642,0.462136,-0.271328,-0.992104,48.3,3.5,-29.61,Noise,Right
1705996222642,0.328424,-0.29036,-1.002352,81.97,41.72,-57.75,Noise,Right
1705996222691,0.33672,-0.357216,-0.891576,127.33,96.67,-65.52,Noise,Right
1705996222692,0.398208,-0.477264,-0.840336,152.46,131.74,-58.87,Noise,Right
1705996222692,0.487512,-0.549,-0.740784,138.67,132.02,-43.75,Noise,Right
1705996222741,0.550952,-0.574376,-0.676856,124.88,105.07,-31.22,Noise,Right
1705996222741,0.511912,-0.552416,-0.601704,100.59,63.07,-34.44,Noise,Right
1705996222741,0.40992,-0.496784,-0.581208,87.22,46.27,-56.28,Noise,Right
1705996222785,0.416264,-0.473848,-0.499224,86.8,51.38,-83.51,Noise,Right
1705996222785,0.560224,-0.450424,-0.412848,83.37,66.08,-99.33,Noise,Right
1705996222786,0.61732,-0.50508,-0.284504,70.21,81.34,-84.35,Noise,Right
1705996222844,0.537288,-0.515328,-0.215208,65.52,94.5,-57.61,Noise,Right
1705996222844,0.657336,-0.517768,-0.208376,67.55,89.53,-30.45,Noise,Right
1705996222894,0.6954,-0.472872,-0.193736,48.51,60.55,-25.69,Noise,Right
1705996222894,0.76616,-0.401136,-0.210328,36.12,28.91,-46.76,Noise,Right
1705996222894,1.00528,-0.507032,-0.232776,15.12,12.46,-62.65,Noise,Right
1705996222894,0.844728,-0.4758,-0.16348,-4.9,0.56,-12.18,Noise,Right
1705996222944,0.864248,-0.457256,-0.250344,-15.82,17.43,-6.02,Noise,Right
1705996222944,0.840336,-0.445544,-0.262544,-7.91,13.23,-3.43,Noise,Right
1705996222944,0.80276,-0.416264,-0.311832,-8.19,1.47,-10.15,Noise,Right
1705996223002,0.798368,-0.420168,-0.309392,-10.15,-10.29,-19.32,Noise,Right
1705996223003,0.886208,-0.358192,-0.364048,-3.99,-10.85,-10.99,Noise,Right
1705996223003,0.831064,-0.394304,-0.430904,-2.52,-4.83,-5.67,Noise,Right
1705996223049,0.843752,-0.408944,-0.451888,5.88,-2.03,-2.03,Noise,Right
1705996223049,0.863272,-0.416752,-0.41236,24.71,1.33,4.69,Noise,Right
1705996223049,0.842288,-0.479704,-0.335744,30.73,4.41,15.47,Noise,Right
1705996223100,0.937448,-0.559248,-0.304024,27.16,-7.07,41.02,Noise,Right
1705996223100,0.938424,-0.54656,-0.244,-19.67,-65.66,54.88,Noise,Right
1705996223101,0.88328,-0.466528,-0.316224,-54.18,-101.57,42.28,Noise,Right
1705996223168,0.75152,-0.405528,-0.389912,-70.49,-94.29,19.67,Noise,Right
1705996223168,0.601704,-0.428464,-0.451888,-20.44,-37.31,-2.31,Noise,Right
1705996223168,0.552416,-0.454328,-0.430416,2.31,46.83,-13.86,Noise,Right
1705996223168,0.640744,-0.51484,-0.414312,29.54,123.76,-5.67,Noise,Right
1705996223220,0.830576,-0.535824,-0.430416,39.55,102.97,14.0,Noise,Right
1705996223220,0.849608,-0.548024,-0.38064,27.02,46.2,28.91,Noise,Right
1705996223220,0.887672,-0.530456,-0.338672,3.57,-19.95,21.91,Noise,Right
1705996223267,0.781288,-0.50752,-0.355752,-10.36,-60.69,-2.17,Noise,Right
1705996223267,0.738832,-0.55144,-0.354288,-11.55,-72.94,-22.82,Noise,Right
1705996223268,0.715408,-0.582184,-0.355752,-15.33,-60.13,-22.75,Noise,Right
1705996223313,0.754448,-0.556808,-0.384544,-21.21,-28.91,-4.76,Noise,Right
1705996223313,0.75396,-0.568032,-0.386008,-22.19,6.58,19.39,Noise,Right
1705996223314,0.779824,-0.514352,-0.415776,-19.46,29.54,34.16,Noise,Right
1705996223365,0.769576,-0.48312,-0.494832,-11.27,30.8,32.69,Noise,Right
1705996223368,0.769088,-0.488976,-0.553392,-5.04,5.88,16.38,Noise,Right
1705996223369,0.785192,-0.476776,-0.536312,-2.8,-25.69,-8.4,Noise,Right
1705996223409,0.823744,-0.502152,-0.52216,-5.95,-54.04,-29.19,Noise,Right
1705996223409,0.821304,-0.493856,-0.515328,-0.56,-68.32,-35.91,Noise,Right
1705996223463,0.753472,-0.508984,-0.495808,3.08,-60.55,-24.43,Noise,Right
1705996223463,0.668072,-0.537776,-0.419192,5.88,-34.93,-12.25,Noise,Right
1705996223463,0.669048,-0.526552,-0.395768,-6.86,4.97,5.81,Noise,Right
1705996223578,0.6832,-0.471896,-0.381616,-5.04,31.29,27.93,Noise,Right
1705996223578,0.649528,-0.444568,-0.372832,-4.06,34.86,37.45,Noise,Right
1705996223578,0.639768,-0.38552,-0.406016,-5.04,18.55,29.89,Noise,Right
1705996223578,0.580232,-0.355264,-0.37576,-4.13,-8.47,3.78,Noise,Right
1705996223579,0.58804,-0.343552,-0.348432,-9.38,-38.5,-35.56,Noise,Right
1705996223579,0.713944,-0.362096,-0.375272,-12.32,-64.12,-62.72,Noise,Right
1705996223579,0.643184,-0.396744,-0.35624,-15.05,-68.88,-61.18,Noise,Right
1705996223626,0.610976,-0.509472,-0.333792,-8.89,-42.21,-43.61,Noise,Right
1705996223626,0.626104,-0.428952,-0.390888,-15.26,6.16,-17.01,Noise,Right
1705996223626,0.6588,-0.500688,-0.482144,-6.58,49.56,16.66,Noise,Right
1705996223678,0.747616,-0.43676,-0.574864,22.47,56.35,40.04,Noise,Right
1705996223679,0.786168,-0.458232,-0.428464,5.81,29.33,36.12,Noise,Right
1705996223679,0.847168,-0.441152,-0.5368,-10.01,-10.08,1.33,Noise,Right
1705996223782,0.888648,-0.491416,-0.577304,-18.55,-52.15,-30.45,Noise,Right
1705996223782,0.843752,-0.527528,-0.579256,-23.52,-73.15,-38.01,Noise,Right
1705996223782,0.765184,-0.522648,-0.628544,-21.14,-51.45,-28.07,Noise,Right
1705996223783,0.716384,-0.581696,-0.582184,-9.66,-7.28,-9.73,Noise,Right
1705996223783,0.773968,-0.525576,-0.638792,-0.84,31.36,9.94,Noise,Right
1705996223783,0.862296,-0.499712,-0.696864,18.06,41.72,32.48,Noise,Right
1705996223827,0.92964,-0.502152,-0.674904,28.84,9.73,42.49,Noise,Right
1705996223827,0.89304,-0.481168,-0.582184,6.86,-28.49,27.02,Noise,Right
1705996223827,0.789584,-0.498248,-0.631472,3.57,-53.97,-15.82,Noise,Right
1705996223894,0.755424,-0.536312,-0.630984,11.2,-49.56,-26.18,Noise,Right
1705996223894,0.655872,-0.562664,-0.626592,22.47,-19.67,-11.62,Noise,Right
1705996223894,0.614392,-0.582184,-0.589992,34.3,28.49,3.29,Noise,Right
1705996223935,0.618784,-0.538264,-0.59292,40.53,63.07,9.24,Noise,Right
1705996223936,0.670512,-0.498736,-0.571936,53.27,74.83,10.43,Noise,Right
1705996223936,0.689056,-0.497272,-0.516792,56.49,60.55,5.6,Noise,Right
1705996223988,0.725656,-0.472384,-0.478728,46.06,28.7,-8.33,Noise,Right
1705996223988,0.711016,-0.466528,-0.412848,38.78,-4.83,-26.67,Noise,Right
1705996223988,0.738832,-0.4758,-0.372832,31.36,-26.81,-37.59,Noise,Right
1705996224089,0.7076,-0.514352,-0.323544,30.03,-26.46,-34.44,Noise,Right
1705996224090,0.645624,-0.52704,-0.300608,22.68,-9.52,-23.73,Noise,Right
1705996224090,0.649528,-0.520208,-0.306952,24.92,21.56,-14.35,Noise,Right
1705996224090,0.677832,-0.467992,-0.32696,26.53,51.45,-13.3,Noise,Right
1705996224090,0.737856,-0.441152,-0.360632,39.83,63.21,-15.26,Noise,Right
1705996224090,0.782752,-0.45872,-0.282552,36.12,37.45,-19.95,Noise,Right
1705996224138,0.841312,-0.416264,-0.294264,22.68,-5.46,-36.05,Noise,Right
1705996224138,0.93452,-0.391376,-0.318664,12.11,-38.85,-50.26,Noise,Right
1705996224138,0.899384,-0.421144,-0.317688,7.14,-39.97,-44.45,Noise,Right
1705996224184,0.818376,-0.454816,-0.3172,10.29,-1.26,-22.61,Noise,Right
1705996224184,0.778848,-0.470432,-0.32696,19.67,42.0,-0.21,Noise,Right
1705996224184,0.791536,-0.44408,-0.313784,24.36,72.66,10.5,Noise,Right
1705996224231,1.006744,-0.394304,-0.315736,3.92,41.09,20.79,Noise,Right
1705996224231,0.732976,-0.465064,-0.243512,26.67,3.64,5.95,Noise,Right
1705996224279,0.794952,-0.485072,-0.262056,2.66,-20.3,-6.51,Noise,Right
1705996224279,0.74908,-0.482144,-0.233264,-4.13,-37.31,-17.78,Noise,Right
1705996224279,0.769088,-0.455792,-0.28548,-17.43,-36.19,-30.31,Noise,Right
1705996224324,0.930128,-0.568032,-0.369416,-32.2,-3.5,-26.25,Noise,Right
1705996224324,0.862296,-0.528016,-0.351848,-20.79,8.61,-0.49,Noise,Right
1705996224324,0.91744,-0.552904,-0.436272,-27.51,30.17,-0.84,Noise,Right
1705996224380,0.855464,-0.480192,-0.461648,9.24,61.46,19.95,Noise,Right
1705996224380,0.892064,-0.477752,-0.476288,24.15,73.01,12.74,Noise,Right
1705996224380,0.821304,-0.516792,-0.391376,28.07,64.33,-9.24,Noise,Right
1705996224439,0.751032,-0.508008,-0.360632,30.38,42.0,-28.77,Noise,Right
1705996224439,0.733464,-0.548512,-0.21228,17.64,32.48,-30.31,Noise,Right
1705996224440,0.77348,-0.50508,-0.22448,8.19,30.38,-26.67,Noise,Right
1705996224480,0.801296,-0.489464,-0.203496,1.89,27.37,-25.34,Noise,Right
1705996224481,0.891088,-0.46848,-0.207888,-1.96,26.18,-26.11,Noise,Right
1705996224481,0.93696,-0.426512,-0.242048,0.63,27.16,-28.42,Noise,Right
1705996224529,0.900848,-0.43432,-0.23424,12.46,28.14,-31.22,Noise,Right
1705996224529,0.872544,-0.429928,-0.238144,12.46,29.19,-33.53,Noise,Right
1705996224529,0.889136,-0.432856,-0.1952,16.87,27.65,-34.09,Noise,Right
1705996224586,0.87596,-0.417728,-0.161528,15.54,26.81,-33.18,Noise,Right
1705996224586,0.85156,-0.435296,-0.157624,14.07,27.3,-31.92,Noise,Right
1705996224586,0.858392,-0.417728,-0.13664,10.29,26.46,-30.17,Noise,Right
1705996224636,0.915,-0.377224,-0.166896,4.69,27.58,-30.03,Noise,Right
1705996224638,0.95892,-0.370392,-0.182024,13.23,28.42,-29.82,Noise,Right
1705996224638,0.955504,-0.367464,-0.183488,22.47,29.47,-32.83,Noise,Right
1705996224684,0.927688,-0.350384,-0.142008,32.9,29.75,-33.25,Noise,Right
1705996224684,0.903288,-0.337696,-0.129808,31.78,30.03,-32.41,Noise,Right
1705996224684,0.904264,-0.338184,-0.096136,27.65,29.68,-29.82,Noise,Right
1705996224731,0.90524,-0.366,-0.039528,22.12,31.57,-28.98,Noise,Right
1705996224732,0.902312,-0.372344,-0.049776,18.13,32.48,-30.17,Noise,Right
1705996224732,0.956968,-0.350384,-0.072712,25.62,31.29,-30.73,Noise,Right
1705996224786,0.989176,-0.345992,-0.047336,33.32,30.17,-32.76,Noise,Right
1705996224786,0.9272,-0.294264,-0.014152,34.93,28.42,-33.18,Noise,Right
1705996224787,0.95404,-0.255712,0.003904,34.23,25.76,-31.64,Noise,Right
1705996224840,0.952088,-0.251808,0.00732,26.88,24.85,-28.42,Noise,Right
1705996224840,0.938424,-0.257664,-0.0122,21.0,24.85,-26.39,Noise,Right
1705996224840,0.901336,-0.27084,0.037088,20.79,26.74,-24.01,Noise,Right
1705996224891,1.028216,-0.294264,-0.016104,20.37,26.46,-25.83,Noise,Right
1705996224892,0.899872,-0.264008,0.0122,30.45,21.49,-24.15,Noise,Right
1705996224892,0.798856,-0.190808,-0.068808,33.32,21.14,-20.72,Noise,Right
1705996225011,1.031632,-0.279136,0.088816,33.25,13.44,-25.69,Noise,Right
1705996225011,1.133624,-0.254736,-0.005856,21.42,18.62,-17.29,Noise,Right
1705996225012,0.883768,-0.137616,-0.049288,12.67,22.26,-13.51,Noise,Right
1705996225012,1.132648,-0.282552,0.030744,22.82,16.8,-14.63,Noise,Right
1705996225012,1.034072,-0.200568,0.068808,27.3,16.24,-9.59,Noise,Right
1705996225012,1.08336,-0.21472,0.177144,17.36,15.75,-5.11,Noise,Right
1705996225012,0.9028,-0.162504,0.201544,10.57,10.85,-1.4,Noise,Right
1705996225054,0.942816,-0.156648,0.2928,3.99,3.08,1.82,Noise,Right
1705996225056,1.020408,-0.187392,0.309392,-4.97,-6.16,3.71,Noise,Right
1705996225056,0.981368,-0.21716,0.314272,-10.36,-18.06,3.99,Noise,Right
1705996225104,0.976,-0.244488,0.275232,-14.0,-30.1,5.46,Noise,Right
1705996225106,0.96624,-0.245464,0.165432,-18.34,-38.15,6.16,Noise,Right
1705996225106,0.952088,-0.237168,0.0488,-22.12,-42.14,7.0,Noise,Right
1705996225151,0.975024,-0.254736,-0.000976,-16.87,-41.09,8.33,Noise,Right
1705996225151,0.984784,-0.217648,-0.023424,-15.33,-38.22,10.78,Noise,Right
1705996225197,0.993568,-0.198128,0.020496,-13.3,-35.84,13.72,Noise,Right
1705996225197,0.981856,-0.2074,0.094184,-16.73,-37.17,17.92,Noise,Right
1705996225197,0.962336,-0.177144,0.123952,-24.71,-43.96,22.68,Noise,Right
1705996225243,0.954528,-0.221064,0.160064,-22.19,-52.64,28.63,Noise,Right
1705996225244,0.911584,-0.206424,0.142496,-63.7,-52.5,39.55,Noise,Right
1705996225244,0.93452,-0.32696,0.05612,-30.1,-83.86,49.35,Noise,Right
1705996225299,0.93696,-0.313784,-0.037576,-38.22,-130.13,53.34,Noise,Right
1705996225299,0.912072,-0.286456,-0.171288,-52.5,-169.82,39.62,Noise,Right
1705996225299,0.871568,-0.246928,-0.203984,-53.62,-168.98,8.54,Noise,Right
1705996225365,0.973072,-0.279136,-0.264496,-60.55,-134.96,-17.5,Noise,Right
1705996225365,0.91988,-0.292312,-0.312808,-65.45,-69.58,-7.21,Noise,Right
1705996225366,0.881328,-0.367952,-0.266448,-52.85,-17.01,32.41,Noise,Right
1705996225414,0.845216,-0.325496,-0.241072,-51.17,6.23,82.74,Noise,Right
1705996225414,0.750544,-0.252296,-0.179096,-45.29,-22.05,122.08,Noise,Right
1705996225415,0.664168,-0.21472,-0.176656,-62.23,-89.53,139.86,Noise,Right
1705996225415,0.61,-0.206912,-0.11224,-111.72,-175.98,108.71,Noise,Right
1705996225460,0.624152,-0.108336,-0.159088,-140.98,-229.18,35.91,Noise,Right
1705996225460,0.5368,-0.258152,-0.205448,-126.91,-236.18,-26.74,Noise,Right
1705996225460,0.49776,-0.372832,-0.156648,-173.04,-164.22,6.16,Noise,Right
1705996225510,0.506056,-0.259128,-0.59048,-91.42,-62.86,83.93,Noise,Right
1705996225510,0.532408,-0.332816,-0.540704,-65.24,-37.59,94.78,Noise,Right
1705996225553,0.369416,-0.25376,-0.616832,-9.66,-193.06,108.78,Noise,Right
1705996225553,0.331352,-0.173728,-0.63928,-81.27,-164.99,50.47,Noise,Right
1705996225554,0.695888,-0.08052,-0.915976,-133.07,-190.75,26.53,Noise,Right
1705996225604,0.661728,-0.181536,-1.024312,-118.37,-167.37,-6.23,Noise,Right
1705996225604,0.643672,-0.379176,-1.06628,-102.9,-129.43,9.66,Noise,Right
1705996225605,0.525576,-0.390888,-1.108736,-68.32,-86.24,52.43,Noise,Right
1705996225659,0.494344,-0.351848,-1.19316,-30.52,-70.0,53.13,Noise,Right
1705996225659,0.328912,-0.37088,-1.207312,27.79,-57.68,55.51,Noise,Right
1705996225659,0.20252,-0.384544,-0.92964,74.2,-44.45,60.55,Noise,Right
1705996225709,0.289384,-0.38552,-0.627568,27.02,-44.03,42.35,Noise,Right
1705996225710,0.567544,-0.375272,-0.85644,-20.72,-55.16,40.25,Noise,Right
1705996225710,0.476288,-0.421144,-1.052128,-36.68,-46.97,34.16,Noise,Right
1705996225830,0.365024,-0.42456,-1.25904,-18.48,-31.92,29.26,Noise,Right
1705996225830,0.189344,-0.425048,-1.228784,21.07,-11.06,24.71,Noise,Right
1705996225830,0.234728,-0.447984,-1.179008,46.2,5.32,20.37,Noise,Right
1705996225831,0.214232,-0.387472,-0.980392,56.28,14.49,15.82,Noise,Right
1705996225831,0.197152,-0.410408,-0.752008,59.71,17.5,14.84,Noise,Right
1705996225831,0.35624,-0.408944,-0.693936,32.41,14.07,14.14,Noise,Right
1705996225831,0.31476,-0.416752,-0.67344,18.76,4.27,13.93,Noise,Right
1705996225881,0.347456,-0.404064,-0.648552,15.89,-7.42,13.44,Noise,Right
1705996225881,0.407968,-0.425048,-0.762256,10.29,-15.68,12.11,Noise,Right
1705996225881,0.427976,-0.436272,-0.796904,11.69,-18.34,11.27,Noise,Right
1705996225924,0.564128,-0.378688,-0.878888,-0.42,-15.4,13.3,Noise,Right
1705996225926,0.39772,-0.436272,-0.901824,0.07,-10.99,16.38,Noise,Right
1705996225926,0.365024,-0.40504,-0.854488,7.98,-8.68,17.5,Noise,Right
1705996225971,0.605608,-0.401136,-0.61976,17.85,8.61,4.83,Noise,Right
1705996225971,0.370392,-0.503128,-0.581208,11.55,-4.27,2.03,Noise,Right
1705996225971,-0.867664,-2.648864,-4.886832,174.09,112.56,-11.83,Noise,Right
1705996226017,0.26352,-0.57584,-0.724192,27.09,-17.85,23.38,Noise,Right
1705996226017,0.240584,-0.381616,-0.86864,-24.22,-33.95,23.66,Noise,Right
1705996226065,0.191296,-0.403088,-1.061888,-5.18,-31.5,24.57,Noise,Right
1705996226066,0.076616,-0.4148,-1.156072,24.01,-20.37,27.93,Noise,Right
1705996226066,0.18788,-0.462624,-1.082384,34.58,-5.88,26.32,Noise,Right
1705996226117,0.389912,-0.534848,-1.053104,16.24,6.51,18.06,Noise,Right
1705996226117,0.426512,-0.562664,-0.930616,18.9,16.73,4.06,Noise,Right
1705996226117,0.395768,-0.541192,-0.784704,13.37,17.85,-14.0,Noise,Right
1705996226172,0.355264,-0.584136,-0.745176,13.23,-8.26,-6.93,Noise,Right
1705996226172,0.18544,-0.51728,-0.751032,-7.7,-21.0,-6.72,Noise,Right
1705996226172,0.020496,-0.52216,-0.793488,-9.31,18.55,-19.46,Noise,Right
1705996226173,0.058072,-0.558272,-0.88328,13.72,67.41,-19.95,Noise,Right
1705996226221,0.20984,-0.873032,-1.075064,85.12,61.81,10.85,Noise,Right
1705996226222,0.140544,-0.49776,-0.88572,33.74,13.93,-1.47,Noise,Right
1705996226266,0.3782,-0.535824,-1.015528,20.44,-6.58,-7.56,Noise,Right
1705996226266,0.283528,-0.593408,-0.986248,14.14,-22.33,-6.86,Noise,Right
1705996226266,0.225456,-0.564128,-1.027728,7.49,-25.27,-13.44,Noise,Right
1705996226312,0.21716,-0.561688,-0.997472,21.63,-11.06,-25.83,Noise,Right
1705996226312,0.229848,-0.575352,-0.896944,29.4,6.23,-42.07,Noise,Right
1705996226312,0.183976,-0.543144,-0.772992,44.1,42.14,-59.08,Noise,Right
1705996226358,0.188368,-0.504592,-0.67588,76.65,90.3,-77.56,Noise,Right
1705996226359,0.301584,-0.491904,-0.585112,84.56,137.27,-78.75,Noise,Right
1705996226359,0.423096,-0.464576,-0.57584,73.99,154.63,-64.4,Noise,Right
1705996226406,0.495808,-0.450912,-0.54656,65.87,141.54,-46.76,Noise,Right
1705996226406,0.537776,-0.4148,-0.545096,58.52,108.71,-53.83,Noise,Right
1705996226452,0.564128,-0.402112,-0.482144,53.97,82.81,-75.81,Noise,Right
1705996226453,0.81496,-0.56608,-0.35136,68.88,42.14,-62.72,Noise,Right
1705996226453,0.576328,-0.448472,-0.432856,31.08,30.38,-60.83,Noise,Right
1705996226500,0.626104,-0.382592,-0.44652,39.41,22.82,-52.15,Noise,Right
1705996226500,0.535336,-0.370392,-0.42456,52.64,10.57,-42.56,Noise,Right
1705996226500,0.493368,-0.342576,-0.328424,71.33,-20.65,-41.86,Noise,Right
1705996226546,0.667584,-0.292312,-0.190808,19.18,-70.98,-34.79,Noise,Right
1705996226546,0.538752,-0.22448,0.02928,-40.95,-106.68,-21.98,Noise,Right
1705996226546,0.542656,-0.340624,-0.382104,-60.2,-99.68,-9.03,Noise,Right
1705996226591,0.498736,-0.3172,-0.471408,-59.36,-78.19,10.5,Noise,Right
1705996226591,0.44164,0.022448,-0.348432,-131.32,-107.03,36.54,Noise,Right
1705996226639,0.645624,-0.275232,-0.6466,-74.55,-107.1,30.66,Noise,Right
1705996226640,0.586576,-0.29768,-0.769088,-78.61,-114.38,8.75,Noise,Right
1705996226640,0.598776,-0.392352,-0.785192,-66.57,-114.94,13.93,Noise,Right
1705996226684,0.711992,-0.359168,-0.835456,-63.0,-109.13,16.87,Noise,Right
1705996226684,0.499712,-0.427,-0.90036,-10.99,-85.05,33.11,Noise,Right
1705996226684,0.367464,-0.455792,-0.919392,-19.88,-74.34,35.21,Noise,Right
1705996226733,0.413824,-0.423584,-0.96624,-28.63,-68.67,33.6,Noise,Right
1705996226733,0.518744,-0.41724,-0.98576,-23.1,-58.73,32.2,Noise,Right
1705996226852,0.451888,-0.412848,-1.012112,-65.1,-44.73,33.67,Noise,Right
1705996226853,0.609512,-0.748592,-1.753384,-47.88,-3.78,18.41,Noise,Right
1705996226853,0.376736,-0.411872,-0.769576,62.93,24.57,16.1,Noise,Right
1705996226853,0.313784,-0.525576,-0.589992,14.07,17.43,4.55,Noise,Right
1705996226853,0.410408,-0.513376,-0.650992,35.56,3.15,2.52,Noise,Right
1705996226853,0.393816,-0.487512,-0.684176,32.83,-7.49,-2.31,Noise,Right
1705996226853,0.416264,-0.4636,-0.74908,40.25,-15.61,-3.43,Noise,Right
1705996226901,0.341112,-0.436272,-0.812032,46.48,-19.18,-3.22,Noise,Right
1705996226901,0.27084,-0.425048,-0.8296,26.74,-13.79,-3.15,Noise,Right
1705996226901,0.26352,-0.464576,-0.792024,18.34,-10.99,-5.18,Noise,Right
1705996226944,0.298168,-0.457744,-0.821792,11.2,-10.22,-6.51,Noise,Right
1705996226946,0.345504,-0.464576,-0.908168,9.45,-4.97,-7.07,Noise,Right
1705996226946,0.370392,-0.477752,-0.830576,13.23,1.19,-7.42,Noise,Right
1705996226992,0.386496,-0.495808,-0.737368,38.92,-0.7,-8.61,Noise,Right
1705996226992,0.44652,-0.438712,-0.757376,40.25,-3.99,-6.16,Noise,Right
1705996226992,0.433344,-0.442616,-0.752496,7.56,-2.73,-0.91,Noise,Right
1705996227041,0.414312,-0.461648,-0.784216,-11.2,-0.07,5.04,Noise,Right
1705996227041,0.370392,-0.443592,-0.92476,-14.98,7.77,10.01,Noise,Right
1705996227041,0.38064,-0.50264,-0.978928,3.22,25.13,15.4,Noise,Right
1705996227085,0.392352,-0.51484,-0.874496,44.1,37.31,16.59,Noise,Right
1705996227086,0.374296,-0.510936,-0.757864,55.93,43.89,17.85,Noise,Right
1705996227131,0.60268,-0.5124,-0.63196,65.52,48.58,26.18,Noise,Right
1705996227132,0.473848,-0.589016,-0.660752,41.65,48.09,34.37,Noise,Right
1705996227132,0.412848,-0.664168,-0.618296,39.69,44.38,33.81,Noise,Right
1705996227179,0.435784,-0.637328,-0.720288,39.2,46.34,38.64,Noise,Right
1705996227179,0.401136,-0.55876,-0.696376,43.12,42.63,35.7,Noise,Right
1705996227179,0.320128,-0.57584,-0.769576,32.97,37.31,27.65,Noise,Right
1705996227227,0.293776,-0.560224,-0.74176,36.26,28.28,9.73,Noise,Right
1705996227227,0.378688,-0.5124,-0.726632,15.12,13.3,-10.15,Noise,Right
1705996227228,0.3538,-0.555344,-0.640744,6.65,3.71,-21.7,Noise,Right
1705996227275,0.316224,-0.582184,-0.571448,5.67,-1.96,-25.27,Noise,Right
1705996227275,0.287432,-0.630008,-0.508008,3.92,-3.01,-20.02,Noise,Right
1705996227320,0.300608,-0.607072,-0.559248,10.64,1.47,-7.7,Noise,Right
1705996227320,0.329888,-0.58804,-0.609024,26.25,16.52,7.07,Noise,Right
1705996227320,0.50996,-0.705648,-0.661728,43.75,-4.41,6.72,Noise,Right
1705996227368,0.457256,-0.576328,-0.520208,3.36,-21.0,6.51,Noise,Right
1705996227368,0.542168,-0.565104,-0.518256,-19.95,-28.21,4.2,Noise,Right
1705996227368,0.430416,-0.562176,-0.583648,-41.02,-35.98,-3.78,Noise,Right
1705996227414,0.467992,-0.560712,-0.6344,-60.97,-40.04,-6.72,Noise,Right
1705996227414,0.430416,-0.572424,-0.681248,-70.7,-45.22,-6.65,Noise,Right
1705996227414,0.438712,-0.567544,-0.731512,-50.33,-48.93,-0.21,Noise,Right
1705996227460,0.422608,-0.542656,-0.763232,-43.19,-50.61,4.69,Noise,Right
1705996227460,0.444568,-0.547048,-0.825208,-45.57,-54.39,12.88,Noise,Right
1705996227506,0.401624,-0.538752,-0.827648,-45.08,-53.69,21.21,Noise,Right
1705996227507,0.413824,-0.526552,-0.898896,-53.06,-37.66,15.33,Noise,Right
1705996227507,0.369904,-0.518256,-0.908168,-29.54,-13.79,4.76,Noise,Right
1705996227553,0.371368,-0.532896,-0.898408,-16.17,1.19,-2.31,Noise,Right
1705996227553,0.335744,-0.54412,-0.83204,-7.0,2.03,-3.08,Noise,Right
1705996227555,0.37088,-0.551928,-0.786656,-3.15,-10.08,2.87,Noise,Right
1705996227601,0.36844,-0.545584,-0.7686,-6.79,-32.06,9.45,Noise,Right
1705996227602,0.374296,-0.537288,-0.793,-14.35,-45.22,13.02,Noise,Right
1705996227602,0.368928,-0.523136,-0.855952,-17.57,-41.65,7.35,Noise,Right
1705996227655,0.312808,-0.531432,-0.942816,-2.59,-23.87,-0.21,Noise,Right
1705996227656,0.295728,-0.532408,-0.96868,17.71,0.35,-3.15,Noise,Right
1705996227710,0.315248,-0.535336,-0.909632,29.54,15.61,0.14,Noise,Right
1705996227710,0.328912,-0.555832,-0.837896,31.36,11.62,5.74,Noise,Right
1705996227710,0.34404,-0.554368,-0.846192,12.32,-5.39,8.68,Noise,Right
1705996227710,0.322568,-0.549976,-0.872544,3.15,-21.0,3.5,Noise,Right
1705996227759,0.272304,-0.54412,-0.894504,3.99,-26.04,-8.4,Noise,Right
1705996227759,0.261568,-0.548024,-0.915976,8.61,-22.82,-19.46,Noise,Right
1705996227759,0.276208,-0.53192,-0.9028,17.64,-11.34,-27.16,Noise,Right
1705996227880,0.294752,-0.498248,-0.877912,20.65,-2.03,-27.93,Noise,Right
1705996227880,0.30744,-0.516792,-0.861808,27.72,-2.94,-21.63,Noise,Right
1705996227880,0.294752,-0.523136,-0.891576,26.74,-15.47,-14.35,Noise,Right
1705996227881,0.266936,-0.494344,-0.881816,17.22,-27.3,-13.93,Noise,Right
1705996227881,0.276208,-0.46604,-0.894016,7.0,-33.46,-26.32,Noise,Right
1705996227881,0.228384,-0.466528,-0.882304,1.47,-35.98,-41.79,Noise,Right
1705996227882,0.260592,-0.474824,-0.842776,6.37,-35.07,-52.64,Noise,Right
1705996227926,0.260104,-0.474824,-0.821304,13.93,-33.53,-51.17,Noise,Right
1705996227926,0.257664,-0.48312,-0.815936,18.76,-33.25,-46.48,Noise,Right
1705996227926,0.2562,-0.479216,-0.80764,17.15,-38.15,-40.88,Noise,Right
1705996227971,0.234728,-0.459208,-0.855464,22.19,-46.76,-43.47,Noise,Right
1705996227971,0.242536,-0.46116,-0.830088,20.44,-50.96,-48.72,Noise,Right
1705996228018,0.243024,-0.446032,-0.858392,19.67,-54.25,-56.56,Noise,Right
1705996228018,0.28304,-0.46116,-0.837896,16.94,-57.61,-60.83,Noise,Right
1705996228018,0.24644,-0.467504,-0.78324,15.82,-61.25,-60.76,Noise,Right
1705996228064,0.249856,-0.487512,-0.782752,10.99,-61.32,-58.8,Noise,Right
1705996228065,0.226432,-0.48068,-0.779336,12.67,-58.45,-53.62,Noise,Right
1705996228066,0.2074,-0.46604,-0.816424,27.16,-50.75,-49.35,Noise,Right
1705996228109,0.21228,-0.475312,-0.803248,33.25,-42.35,-47.18,Noise,Right
1705996228110,0.233752,-0.487512,-0.788608,32.9,-36.54,-47.32,Noise,Right
1705996228110,0.243024,-0.462624,-0.782264,29.05,-36.12,-51.8,Noise,Right
1705996228169,0.248392,-0.483608,-0.792512,17.78,-39.76,-56.98,Noise,Right
1705996228169,0.254248,-0.496296,-0.754936,14.63,-45.5,-57.75,Noise,Right
1705996228217,0.270352,-0.516792,-0.724192,9.52,-51.8,-56.98,Noise,Right
1705996228218,0.255224,-0.50508,-0.71492,6.79,-54.46,-55.16,Noise,Right
1705996228218,0.263032,-0.508984,-0.728584,13.02,-54.25,-50.26,Noise,Right
1705996228218,0.237656,-0.496296,-0.766648,8.54,-50.33,-44.52,Noise,Right
1705996228266,0.225456,-0.489952,-0.771528,8.47,-49.14,-44.03,Noise,Right
1705996228266,0.249368,-0.471408,-0.791536,6.65,-50.96,-50.26,Noise,Right
1705996228266,0.233264,-0.49532,-0.801296,5.25,-49.91,-59.08,Noise,Right
1705996228326,0.255712,-0.498248,-0.808616,6.23,-45.99,-59.64,Noise,Right
1705996228327,0.249856,-0.509472,-0.825208,1.96,-40.95,-56.84,Noise,Right
1705996228327,0.237656,-0.504592,-0.827648,-8.75,-37.87,-53.34,Noise,Right
1705996228372,0.257176,-0.478728,-0.848144,-14.21,-42.63,-51.24,Noise,Right
1705996228372,0.239608,-0.493368,-0.90524,0.91,-50.82,-46.69,Noise,Right
1705996228372,0.221064,-0.482144,-0.934032,8.26,-56.0,-46.69,Noise,Right
1705996228419,0.214232,-0.451888,-0.959896,13.65,-49.77,-57.75,Noise,Right
1705996228419,0.221064,-0.458232,-0.944768,17.43,-40.95,-68.18,Noise,Right
1705996228420,0.21228,-0.449936,-0.95404,24.29,-36.68,-70.49,Noise,Right
1705996228472,0.25864,-0.459696,-0.9272,20.65,-35.63,-64.82,Noise,Right
1705996228472,0.22204,-0.4758,-0.913536,22.47,-34.65,-59.92,Noise,Right
1705996228528,0.26352,-0.444568,-0.88816,17.92,-37.1,-54.6,Noise,Right
1705996228529,0.249368,-0.491904,-0.837408,25.55,-43.33,-51.45,Noise,Right
1705996228529,0.1952,-0.493368,-0.830576,24.43,-47.67,-51.94,Noise,Right
1705996228529,0.203496,-0.491904,-0.8662,26.46,-49.0,-54.6,Noise,Right
1705996228577,0.194712,-0.481168,-0.88084,30.73,-47.53,-55.37,Noise,Right
1705996228577,0.191784,-0.49532,-0.874984,43.96,-44.8,-58.31,Noise,Right
1705996228577,0.247416,-0.482144,-0.842776,39.69,-39.34,-62.58,Noise,Right
1705996228622,0.262056,-0.51484,-0.803736,38.92,-39.76,-61.81,Noise,Right
1705996228622,0.233264,-0.516792,-0.794952,33.18,-43.82,-57.26,Noise,Right
1705996228622,0.225944,-0.5124,-0.79544,32.41,-49.77,-50.54,Noise,Right
1705996228668,0.171776,-0.484096,-0.804712,37.94,-53.9,-53.41,Noise,Right
1705996228668,0.193736,-0.50264,-0.807152,32.34,-51.38,-59.57,Noise,Right
1705996228714,0.20984,-0.499712,-0.821792,34.37,-46.97,-63.42,Noise,Right
1705996228714,0.244488,-0.537288,-0.783728,36.47,-43.75,-60.69,Noise,Right
1705996228714,0.276208,-0.540704,-0.75396,35.84,-45.64,-56.49,Noise,Right
1705996228761,0.267912,-0.557784,-0.699304,32.76,-49.49,-55.3,Noise,Right
1705996228761,0.264008,-0.552904,-0.71736,29.89,-51.52,-52.92,Noise,Right
1705996228761,0.206424,-0.528504,-0.783728,21.42,-50.61,-51.66,Noise,Right
1705996228810,0.258152,-0.537288,-0.774456,39.97,-49.21,-50.47,Noise,Right
1705996228810,0.257176,-0.516792,-0.813984,28.35,-44.17,-50.96,Noise,Right
1705996228810,0.275232,-0.533872,-0.754936,35.63,-39.06,-49.91,Noise,Right
1705996228903,0.286944,-0.576328,-0.655872,39.27,-14.84,-40.6,Noise,Right
1705996228903,0.377224,-0.581696,-0.58072,32.62,2.52,-31.64,Noise,Right
1705996228903,0.382104,-0.594872,-0.526552,31.64,-2.73,-30.94,Noise,Right
1705996228903,0.408944,-0.593408,-0.576328,16.45,-8.75,-33.6,Noise,Right
1705996228904,0.376736,-0.608048,-0.636352,9.8,-10.22,-14.7,Noise,Right
1705996228947,0.38552,-0.571448,-0.764696,-2.38,-12.39,7.91,Noise,Right
1705996228947,0.302072,-0.519232,-0.801784,-2.24,-13.23,15.33,Noise,Right
1705996228947,0.221552,-0.552904,-0.771528,-8.26,-9.59,4.13,Noise,Right
1705996228991,0.216672,-0.56364,-0.722728,-2.38,-5.39,-3.15,Noise,Right
1705996228991,0.20984,-0.569984,-0.7198,7.63,-11.76,-6.3,Noise,Right
1705996229037,0.223016,-0.618784,-0.71248,35.77,-16.31,-12.6,Noise,Right
1705996229038,0.211304,-0.555344,-0.733464,14.14,-14.21,-10.71,Noise,Right
1705996229038,0.186904,-0.563152,-0.730536,10.78,-9.17,-8.4,Noise,Right
1705996229088,0.16104,-0.576328,-0.700768,10.64,-2.1,-5.95,Noise,Right
1705996229088,0.192272,-0.594384,-0.678808,9.38,2.52,-3.5,Noise,Right
1705996229089,0.273768,-0.601216,-0.704184,5.88,2.45,-1.82,Noise,Right
1705996229144,0.336232,-0.579256,-0.720776,5.74,-5.95,2.66,Noise,Right
1705996229146,0.290848,-0.56364,-0.67832,8.68,-1.26,-0.98,Noise,Right
1705996229146,0.33184,-0.56608,-0.61976,6.65,0.28,-0.7,Noise,Right
1705996229191,0.34892,-0.603168,-0.595848,12.46,-8.54,7.84,Noise,Right
1705996229191,0.314272,-0.562664,-0.652456,-11.13,-16.24,13.3,Noise,Right
1705996229191,0.203008,-0.565592,-0.713456,6.93,-19.81,10.43,Noise,Right
1705996229238,0.243512,-0.538264,-0.817888,-5.18,-10.5,13.93,Noise,Right
1705996229241,0.248392,-0.522648,-0.833992,0.0,-4.9,17.92,Noise,Right
1705996229241,0.222528,-0.53192,-0.799832,0.98,0.91,21.84,Noise,Right
1705996229289,0.236192,-0.533384,-0.71736,2.45,12.74,21.91,Noise,Right
1705996229290,0.21472,-0.532408,-0.626592,4.06,18.83,19.46,Noise,Right
1705996229346,0.364048,-0.51484,-0.608536,4.9,20.37,17.64,Noise,Right
1705996229346,0.39528,-0.542168,-0.630496,3.01,23.1,23.66,Noise,Right
1705996229346,0.394792,-0.546072,-0.68564,8.75,14.0,40.88,Noise,Right
1705996229346,0.303536,-0.578768,-0.727608,29.05,28.98,60.48,Noise,Right
1705996229394,0.311344,-0.53924,-0.526552,20.86,25.55,87.5,Noise,Right
1705996229394,0.305976,-0.688568,-0.650992,3.85,6.37,108.36,Noise,Right
1705996229394,0.183,-0.52704,-0.637328,-11.9,16.94,110.67,Noise,Right
1705996229439,0.086376,-0.5002,-0.637328,-7.49,42.56,95.69,Noise,Right
1705996229439,0.121024,-0.492392,-0.635376,-6.23,66.71,86.03,Noise,Right
1705996229484,0.150304,-0.467504,-0.653432,-1.61,82.95,90.3,Noise,Right
1705996229484,0.184464,-0.54656,-0.681736,-13.93,73.57,114.94,Noise,Right
1705996229530,0.132248,-0.538264,-0.709064,-20.93,60.97,116.76,Noise,Right
1705996229531,0.141032,-0.534848,-0.679784,-23.03,51.38,114.59,Noise,Right
1705996229531,0.12932,-0.542656,-0.599752,-23.66,52.99,111.02,Noise,Right
1705996229582,0.07808,-0.545584,-0.56852,-18.83,73.78,109.62,Noise,Right
1705996229583,-0.003904,-0.562176,-0.576816,-16.45,105.49,115.78,Noise,Right
1705996229702,-0.000976,-0.564616,-0.647576,-22.26,133.14,129.29,Noise,Right
1705996229702,0.03416,-0.579744,-0.75396,-21.7,143.36,146.93,Noise,Right
1705996229702,0.130296,-0.555344,-0.852048,-20.65,134.26,157.64,Noise,Right
1705996229702,0.15372,-0.61976,-0.837408,-17.01,106.33,164.36,Noise,Right
1705996229702,0.059048,-0.661728,-0.77104,-36.96,72.94,161.77,Noise,Right
1705996229702,0.000488,-0.6588,-0.735416,-34.51,45.01,140.21,Noise,Right
1705996229702,-0.093696,-0.609512,-0.78812,-46.69,37.03,113.61,Noise,Right
1705996229764,-0.133224,-0.646112,-0.850096,-43.82,44.45,98.49,Noise,Right
1705996229768,-0.154696,-0.614392,-1.030168,-45.85,54.32,104.86,Noise,Right
1705996229772,-0.183,-0.67344,-1.111664,-16.38,50.26,121.31,Noise,Right
1705996229804,-0.267424,-0.652456,-1.11264,-20.09,31.85,138.95,Noise,Right
1705996229805,-0.242536,-0.60756,-1.067256,-24.15,14.63,141.12,Noise,Right
1705996229805,-0.143472,-0.537288,-0.916464,7.42,10.57,107.94,Noise,Right
1705996229805,-0.100528,-0.49044,-0.801296,7.77,18.83,68.04,Noise,Right
1705996229860,-0.132248,-0.526552,-0.763232,-15.4,23.59,40.74,Noise,Right
1705996229860,-0.11712,-0.532896,-0.752496,-31.08,13.02,35.56,Noise,Right
1705996229861,-0.111264,-0.477752,-0.828136,-41.09,-9.38,46.55,Noise,Right
1705996229908,-0.139568,-0.44164,-0.933056,-34.44,-30.03,65.03,Noise,Right
1705996229908,-0.166896,-0.447984,-0.953552,-24.43,-39.62,64.19,Noise,Right
1705996229908,-0.12688,-0.339648,-0.86864,-8.12,-20.86,35.77,Noise,Right
1705996229953,-0.147376,-0.349896,-0.726144,4.62,7.7,-0.42,Noise,Right
1705996229953,-0.069296,-0.386008,-0.638792,-4.9,26.39,-20.86,Noise,Right
1705996229999,0.028792,-0.403576,-0.732976,-36.19,18.34,-14.84,Noise,Right
1705996229999,0.006344,-0.474824,-0.918904,-62.79,-13.86,11.41,Noise,Right
1705996229999,-0.096624,-0.468968,-1.130208,-68.46,-60.06,22.47,Noise,Right
1705996230046,-0.133224,-0.40504,-1.153632,-49.49,-74.34,7.84,Noise,Right
1705996230046,-0.02196,-0.362096,-1.067256,-23.38,-58.45,-27.02,Noise,Right
1705996230046,-0.039528,-0.394304,-0.930616,-23.38,-8.82,-56.28,Noise,Right
1705996230092,-0.06344,-1.3298,-1.513288,-4.76,52.85,-59.78,Noise,Right
1705996230093,-0.401136,0.037576,-2.146712,157.08,114.87,-5.95,Noise,Right
1705996230093,-0.083448,-0.601704,-0.488976,103.6,100.73,99.61,Noise,Right
1705996230139,0.211792,-0.647088,-0.521672,-98.35,46.62,77.56,Noise,Right
1705996230139,-0.121024,-0.45628,-0.703208,48.51,-27.65,42.28,Noise,Right
1705996230187,-0.001952,-0.31964,-0.707112,12.74,-57.96,-2.17,Noise,Right
1705996230187,-0.015128,-0.359168,-0.569984,9.52,-31.43,-47.6,Noise,Right
1705996230187,0.011224,-0.83448,-0.981856,-20.72,15.19,-66.36,Noise,Right
1705996230234,-0.120536,-0.557296,-1.248304,51.87,70.98,-36.19,Noise,Right
1705996230234,-0.002928,-0.590968,-0.69296,78.96,87.15,25.48,Noise,Right
1705996230234,0.038552,-0.570472,-0.623176,55.86,75.67,37.73,Noise,Right
1705996230293,-0.015616,-0.625616,-0.767136,55.93,64.12,29.05,Noise,Right
1705996230294,-0.004392,-0.652944,-0.8784,43.61,36.19,36.82,Noise,Right
1705996230294,0.064416,-0.549976,-0.84424,20.79,10.78,43.82,Noise,Right
1705996230326,0.0244,-0.55876,-0.7564,-1.26,-10.99,24.64,Noise,Right
1705996230327,-0.062464,-0.54168,-0.784704,-15.47,-16.24,-11.13,Noise,Right
1705996230372,-0.098088,-0.541192,-0.874008,-16.03,-14.91,-31.22,Noise,Right
1705996230372,-0.106384,-0.535824,-0.83936,-2.94,0.0,-26.81,Noise,Right
1705996230373,-0.039528,-0.52704,-0.79788,5.6,20.3,-19.11,Noise,Right
1705996230420,-0.010736,-0.586576,-0.81252,26.67,34.44,-13.44,Noise,Right
1705996230420,0.065392,-0.627568,-0.814472,28.42,29.12,-3.22,Noise,Right
1705996230420,0.131272,-0.618296,-0.792512,22.89,16.31,3.92,Noise,Right
1705996230466,0.154208,-0.604632,-0.747128,15.4,7.91,3.85,Noise,Right
1705996230467,0.19032,-0.594872,-0.730048,3.15,6.93,1.26,Noise,Right
1705996230467,0.161528,-0.589016,-0.713456,-12.74,11.41,-1.82,Noise,Right
1705996230523,0.09028,-0.600728,-0.750544,-17.08,18.41,-1.82,Noise,Right
1705996230524,0.002928,-0.606584,-0.855464,-5.46,26.88,4.2,Noise,Right
1705996230577,-0.002928,-0.586088,-0.942816,19.67,38.71,13.02,Noise,Right
1705996230577,0.134688,-0.668072,-0.913048,32.48,44.52,18.55,Noise,Right
1705996230577,0.132248,-0.668072,-0.838872,-21.0,45.85,23.38,Noise,Right
1705996230578,0.051728,-0.610976,-0.933056,19.88,43.19,25.06,Noise,Right
1705996230624,0.011712,-0.60756,-0.911584,40.18,50.05,35.77,Noise,Right
1705996230624,0.07076,-0.620736,-0.879376,56.35,59.64,36.68,Noise,Right
1705996230624,0.13908,-0.60756,-0.857904,68.53,70.98,28.14,Noise,Right
1705996230673,0.135176,-0.620736,-0.831064,46.13,83.93,20.79,Noise,Right
1705996230673,0.212768,-0.757864,-0.77592,168.35,79.87,8.61,Noise,Right
1705996230673,0.153232,-0.7076,-0.676368,98.14,92.4,17.5,Noise,Right
1705996230727,0.154696,-0.757376,-0.728096,119.49,71.89,36.54,Noise,Right
1705996230727,0.166408,-0.762744,-0.644648,77.77,42.56,56.49,Noise,Right
1705996230727,0.221552,-0.742736,-0.632936,90.51,15.33,51.87,Noise,Right
1705996230782,0.162504,-0.715408,-0.587552,79.1,7.21,29.4,Noise,Right
1705996230782,0.087352,-0.687104,-0.57828,75.95,15.47,5.04,Noise,Right
1705996230782,0.09516,-0.702232,-0.547048,82.81,32.2,-12.67,Noise,Right
1705996230833,0.117608,-0.731024,-0.51972,82.6,45.57,-16.38,Noise,Right
1705996230834,0.116632,-0.756888,-0.540704,76.72,48.37,-11.83,Noise,Right
1705996230834,0.106872,-0.7808,-0.568032,87.22,41.16,-1.82,Noise,Right
1705996230876,0.08784,-0.79544,-0.560712,110.18,29.54,6.44,Noise,Right
1705996230876,0.122488,-0.774944,-0.518744,131.11,23.73,9.17,Noise,Right
1705996230876,0.177144,-0.809104,-0.44896,140.84,28.91,6.02,Noise,Right
1705996230940,0.216184,-0.812032,-0.396256,134.89,32.97,-2.66,Noise,Right
1705996230941,0.280112,-0.789584,-0.329888,105.77,27.58,-18.2,Noise,Right
1705996230983,0.310856,-0.743712,-0.27084,57.33,19.6,-55.09,Noise,Right
1705996230984,0.34404,-0.737856,-0.193736,-23.52,15.4,-108.85,Noise,Right
1705996230984,0.336232,-0.754448,-0.114192,-117.67,14.35,-161.63,Noise,Right
1705996230984,0.337696,-0.808616,-0.120048,-172.06,17.57,-191.87,Noise,Right
1705996231040,0.299632,-0.84424,-0.14152,-209.23,13.58,-193.9,Noise,Right
1705996231040,0.487512,-0.772992,-0.396256,-171.29,-15.68,-167.72,Noise,Right
1705996231040,0.465064,-0.728096,-0.504592,-161.21,-42.84,-109.34,Noise,Right
1705996231093,0.464576,-0.790072,-0.521672,-137.55,-66.57,-49.35,Noise,Right
1705996231093,0.469456,-0.689056,-0.63196,-116.2,-69.44,-38.43,Noise,Right
1705996231093,0.46116,-0.576816,-0.732,-108.92,-35.14,-70.56,Noise,Right
1705996231141,0.386008,-0.690032,-0.739808,-84.07,9.03,-115.85,Noise,Right
1705996231141,0.545096,-0.753472,-0.770064,-70.0,44.24,-137.69,Noise,Right
1705996231141,0.594384,-0.68808,-0.71004,-56.35,55.79,-117.18,Noise,Right
1705996231188,0.530456,-0.615856,-0.622688,-10.5,34.16,-75.46,Noise,Right
1705996231188,0.554368,-0.621712,-0.595848,-15.26,-10.92,-24.71,Noise,Right
1705996231188,0.686616,-0.626592,-0.611464,-7.14,-46.97,13.3,Noise,Right
1705996231237,0.64904,-0.606096,-0.718824,-18.69,-61.39,27.72,Noise,Right
1705996231238,0.653432,-0.477752,-0.665144,3.5,-51.03,5.39,Noise,Right
1705996231238,0.603168,-0.48068,-0.666608,-25.83,-29.96,-28.49,Noise,Right
1705996231368,0.5856,-0.47824,-0.747128,-11.2,-13.23,-45.85,Noise,Right
1705996231372,0.5246,-0.49776,-0.715408,1.47,0.56,-42.63,Noise,Right
1705996231376,0.5978,-0.47336,-0.689544,10.85,5.39,-30.52,Noise,Right
1705996231377,0.54168,-0.487024,-0.650992,12.74,0.21,-10.08,Noise,Right
1705996231377,0.473848,-0.4636,-0.621224,0.21,-12.46,17.08,Noise,Right
1705996231377,0.477752,-0.480192,-0.610488,2.24,-23.24,34.09,Noise,Right
1705996231379,0.455304,-0.421144,-0.613416,-8.19,-17.5,28.49,Noise,Right
1705996231404,0.403088,-0.398208,-0.657336,-15.19,-7.28,2.52,Noise,Right
1705996231404,0.4514,-0.40748,-0.720776,-10.01,-0.21,-23.45,Noise,Right
1705996231404,0.498248,-0.447984,-0.732,-0.49,5.74,-33.6,Noise,Right
1705996231450,0.510936,-0.459696,-0.72956,12.46,8.68,-25.55,Noise,Right
1705996231450,0.49044,-0.450912,-0.656848,18.34,8.4,-10.71,Noise,Right
1705996231497,0.47092,-0.461648,-0.643184,6.44,9.03,-1.75,Noise,Right
1705996231498,0.491416,-0.459208,-0.645624,6.93,12.32,-3.5,Noise,Right
1705996231498,0.488,-0.443592,-0.667584,-3.64,15.47,-8.19,Noise,Right
1705996231550,0.48556,-0.447008,-0.658312,-9.87,15.19,-16.24,Noise,Right
1705996231550,0.569496,-0.442128,-0.655384,-10.92,6.09,-26.6,Noise,Right
1705996231550,0.582672,-0.47092,-0.654408,-14.77,-5.18,-31.85,Noise,Right
1705996231667,0.593896,-0.47824,-0.634888,-12.39,-14.07,-28.91,Noise,Right
1705996231667,0.585112,-0.472384,-0.681248,-13.72,-16.31,-21.63,Noise,Right
1705996231667,0.571936,-0.461648,-0.677832,-8.82,-7.77,-12.81,Noise,Right
1705996231667,0.56364,-0.447008,-0.72712,-5.32,11.13,-10.5,Noise,Right
1705996231667,0.563152,-0.445056,-0.719312,3.5,27.02,-11.13,Noise,Right
1705996231667,0.576328,-0.43676,-0.71004,8.12,33.32,-16.94,Noise,Right
1705996231668,0.664168,-0.430416,-0.660752,12.53,32.69,-23.45,Noise,Right
1705996231716,0.690032,-0.443104,-0.653432,13.16,22.68,-24.22,Noise,Right
1705996231717,0.684664,-0.469456,-0.625128,11.97,6.86,-16.59,Noise,Right
1705996231717,0.654408,-0.46116,-0.574864,5.95,-11.97,-7.21,Noise,Right
1705996231762,0.658312,-0.452864,-0.620248,-4.9,-20.65,-4.34,Noise,Right
1705996231763,0.610488,-0.430416,-0.625616,-3.08,-12.88,-7.98,Noise,Right
1705996231763,0.633912,-0.412848,-0.628544,-1.33,-0.84,-10.43,Noise,Right
1705996231809,0.648064,-0.41236,-0.64904,-0.91,7.49,-6.09,Noise,Right
1705996231809,0.671,-0.419192,-0.662704,0.07,7.91,0.91,Noise,Right
1705996231810,0.665632,-0.408456,-0.68808,5.04,2.66,6.09,Noise,Right
1705996231854,0.674416,-0.41236,-0.68076,5.18,-8.89,6.09,Noise,Right
1705996231854,0.648064,-0.418216,-0.608536,1.05,-27.16,-17.01,Noise,Right
1705996231902,0.628056,-0.412848,-0.660264,-8.05,-37.24,-11.76,Noise,Right
1705996231903,0.556808,-0.410896,-0.643672,-4.2,-22.47,-18.34,Noise,Right
1705996231903,0.535336,-0.424072,-0.658312,-0.98,3.57,-17.5,Noise,Right
1705996231954,0.516304,-0.425048,-0.650016,5.11,26.88,-6.93,Noise,Right
1705996231954,0.552904,-0.399184,-0.65636,5.25,33.39,4.2,Noise,Right
1705996231954,0.603168,-0.367952,-0.693936,6.44,24.64,5.74,Noise,Right
1705996232011,0.68564,-0.377224,-0.701744,3.5,-4.13,-1.12,Noise,Right
1705996232012,0.660264,-0.387472,-0.681248,-1.68,-37.31,-12.11,Noise,Right
1705996232012,0.62708,-0.378688,-0.687592,-6.86,-58.59,-22.61,Noise,Right
1705996232059,0.5734,-0.377712,-0.66612,-9.38,-57.75,-30.1,Noise,Right
1705996232059,0.520208,-0.391376,-0.678808,-5.11,-31.22,-30.17,Noise,Right
1705996232059,0.501664,-0.40504,-0.679784,3.64,5.11,-17.64,Noise,Right
1705996232106,0.521672,-0.38308,-0.698816,10.78,30.45,-0.63,Noise,Right
1705996232106,1.394704,-0.503128,-0.93452,40.74,28.7,3.01,Noise,Right
1705996232106,0.482144,-0.303536,-0.64416,17.71,-21.14,-3.36,Noise,Right
1705996232161,0.576328,-0.24156,-0.608536,8.33,-42.56,-24.43,Noise,Right
1705996232161,0.749568,-0.347944,-0.706136,-3.64,-35.0,-30.45,Noise,Right
1705996232161,0.641232,-0.454328,-0.666608,6.58,-25.41,-14.49,Noise,Right
1705996232216,0.586088,-0.414312,-0.70272,8.47,-14.84,2.38,Noise,Right
1705996232216,0.616832,-0.398208,-0.68808,6.58,-11.69,6.23,Noise,Right
1705996232216,0.574376,-0.391376,-0.667584,5.53,-13.72,5.46,Noise,Right
1705996232268,0.550464,-0.386008,-0.655384,4.97,-17.5,2.59,Noise,Right
1705996232268,0.578768,-0.388936,-0.654408,3.57,-24.22,-3.01,Noise,Right
1705996232268,0.601704,-0.369904,-0.658312,1.26,-30.31,-9.31,Noise,Right
1705996232268,0.635376,-0.333792,-0.66856,-1.19,-33.32,-14.77,Noise,Right
1705996232323,0.636352,-0.379664,-0.703208,1.47,-34.51,-17.64,Noise,Right
1705996232323,0.63684,-0.43188,-0.686616,2.45,-30.24,-13.86,Noise,Right
1705996232323,0.634888,-0.403576,-0.738832,8.47,-23.17,-6.58,Noise,Right
1705996232369,0.61488,-0.41968,-0.760304,16.38,-15.26,-2.31,Noise,Right
1705996232369,0.564128,-0.393328,-0.777872,36.96,-8.26,-0.42,Noise,Right
1705996232370,0.574864,-0.395768,-0.672464,37.94,-4.48,0.35,Noise,Right
1705996232414,0.596824,-0.394304,-0.6832,12.39,-9.1,-3.85,Noise,Right
1705996232415,0.538752,-0.393816,-0.688568,5.81,-16.45,-14.63,Noise,Right
1705996232469,0.593896,-0.367464,-0.703208,4.62,-26.6,-26.74,Noise,Right
1705996232469,0.58072,-0.379176,-0.695888,-0.49,-33.39,-36.4,Noise,Right
1705996232469,0.55632,-0.419192,-0.704672,0.77,-30.03,-32.27,Noise,Right
1705996232522,0.567056,-0.427976,-0.703696,7.21,-20.51,-16.59,Noise,Right
1705996232522,0.574864,-0.413824,-0.732976,11.2,-11.69,2.8,Noise,Right
1705996232522,0.565592,-0.399184,-0.718824,24.22,-5.46,9.17,Noise,Right
1705996232523,0.5734,-0.382592,-0.70028,24.01,-7.77,6.02,Noise,Right
1705996232570,0.557784,-0.403088,-0.66368,15.82,-13.02,2.24,Noise,Right
1705996232571,0.498248,-0.408944,-0.657824,2.52,-24.43,-10.36,Noise,Right
1705996232617,0.472872,-0.411872,-0.692472,-3.36,-35.98,-22.47,Noise,Right
1705996232617,0.460184,-0.423584,-0.699304,-10.71,-43.82,-28.21,Noise,Right
1705996232617,0.473848,-0.425048,-0.75396,-10.78,-45.22,-23.87,Noise,Right
1705996232673,0.465552,-0.422608,-0.7686,-16.8,-42.35,-15.47,Noise,Right
1705996232673,0.479704,-0.421144,-0.77348,-12.81,-36.82,-4.34,Noise,Right
1705996232673,0.454328,-0.40016,-0.825696,-11.76,-32.06,3.71,Noise,Right
1705996232726,0.433832,-0.391376,-0.81008,-5.81,-30.45,4.97,Noise,Right
1705996232726,0.415288,-0.411872,-0.813496,-5.53,-30.66,2.94,Noise,Right
1705996232726,0.440664,-0.411384,-0.762744,-3.22,-31.08,1.96,Noise,Right
1705996232727,0.5002,-0.394792,-0.776896,-9.1,-30.1,4.2,Noise,Right
1705996232773,0.52704,-0.4026,-0.770064,-13.16,-28.35,8.05,Noise,Right
1705996232773,0.502152,-0.414312,-0.7442,-13.37,-25.13,12.25,Noise,Right
1705996232820,0.45384,-0.41724,-0.72712,-23.03,-27.16,13.44,Noise,Right
1705996232820,0.447496,-0.3904,-0.743224,-30.59,-31.36,10.43,Noise,Right
1705996232820,0.44896,-0.354288,-0.770064,-36.12,-36.12,7.14,Noise,Right
1705996232875,0.565592,-0.291824,-0.792512,-49.42,-39.69,4.27,Noise,Right
1705996232875,0.524112,-0.326472,-0.810568,-59.08,-38.78,0.77,Noise,Right
1705996232875,0.488488,-0.342088,-0.859368,-64.75,-37.45,0.42,Noise,Right
1705996232933,0.475312,-0.330864,-0.883768,-59.08,-43.26,3.5,Noise,Right
1705996232933,0.456768,-0.311344,-0.85644,-56.42,-52.15,8.33,Noise,Right
1705996232933,0.41724,-0.279136,-0.915976,-57.82,-43.96,3.99,Noise,Right
1705996233049,0.41724,-0.242536,-0.994544,-38.78,-27.72,2.87,Noise,Right
1705996233049,0.411384,-0.237656,-1.025776,-23.45,-17.01,1.96,Noise,Right
1705996233049,0.415776,-0.23668,-1.035536,-2.52,-8.96,4.27,Noise,Right
1705996233049,0.417728,-0.260592,-0.999424,19.74,-4.34,10.36,Noise,Right
1705996233049,0.396744,-0.260104,-0.886696,26.46,-11.83,15.4,Noise,Right
1705996233050,0.365512,-0.284504,-0.864736,17.29,-17.99,10.22,Noise,Right
1705996233050,0.39284,-0.2806,-0.8906,10.99,-13.79,9.87,Noise,Right
1705996233100,0.389912,-0.296704,-0.947208,13.65,-8.54,11.34,Noise,Right
1705996233100,0.34892,-0.26108,-0.901824,18.97,-0.98,4.62,Noise,Right
1705996233100,0.350384,-0.284504,-0.933056,21.35,1.89,4.69,Noise,Right
1705996233144,0.36356,-0.305976,-0.936472,28.84,10.5,9.52,Noise,Right
1705996233144,0.371856,-0.30256,-0.908168,32.83,17.08,13.86,Noise,Right
1705996233144,0.398208,-0.336232,-0.870104,28.98,14.42,17.64,Noise,Right
1705996233188,0.38552,-0.325496,-0.837408,19.81,1.89,19.32,Noise,Right
1705996233188,0.348432,-0.327448,-0.835456,11.13,-10.08,16.17,Noise,Right
1705996233188,0.305,-0.320128,-0.848144,7.21,-15.61,7.42,Noise,Right
1705996233235,0.290848,-0.313784,-0.857416,9.03,-11.76,-1.54,Noise,Right
1705996233235,0.298656,-0.31964,-0.870104,10.78,-0.21,-5.39,Noise,Right
1705996233286,0.31476,-0.325008,-0.892064,13.51,12.67,-4.34,Noise,Right
1705996233287,0.327936,-0.326472,-0.90036,19.67,21.77,0.14,Noise,Right
1705996233287,0.366488,-0.322568,-0.908168,24.36,23.45,4.06,Noise,Right
1705996233287,0.385032,-0.32452,-0.887672,21.21,12.39,4.62,Noise,Right
1705996233344,0.371368,-0.331352,-0.750056,18.27,-6.72,-0.49,Noise,Right
1705996233344,0.36112,-0.336232,-0.842776,9.87,-21.7,-11.13,Noise,Right
1705996233344,0.347944,-0.357704,-0.848632,9.38,-22.47,-21.49,Noise,Right
1705996233393,0.337208,-0.367464,-0.848632,11.97,-15.82,-23.24,Noise,Right
1705996233393,0.343552,-0.368928,-0.879376,13.02,-7.49,-14.42,Noise,Right
1705996233394,0.345016,-0.37088,-0.889136,18.34,-1.68,-0.98,Noise,Right
1705996233512,0.332816,-0.352336,-0.884256,18.55,1.61,3.85,Noise,Right
1705996233512,0.335744,-0.334768,-0.88572,16.31,2.52,-2.73,Noise,Right
1705996233512,0.353312,-0.327448,-0.888648,11.62,-4.62,-14.14,Noise,Right
1705996233512,0.402112,-0.335256,-0.8906,6.79,-16.38,-24.36,Noise,Right
1705996233512,0.366488,-0.362096,-0.854,10.78,-26.18,-29.47,Noise,Right
1705996233512,0.34648,-0.377712,-0.824232,11.83,-27.09,-29.12,Noise,Right
1705996233513,0.328424,-0.386008,-0.786168,18.55,-19.81,-23.1,Noise,Right
1705996233557,0.30744,-0.38796,-0.767624,21.0,-10.15,-12.46,Noise,Right
1705996233558,0.312808,-0.383568,-0.7564,20.02,-0.28,-2.52,Noise,Right
1705996233610,0.32452,-0.360632,-0.758352,19.32,5.46,1.26,Noise,Right
1705996233610,0.355752,-0.347944,-0.75152,15.19,0.98,-5.32,Noise,Right
1705996233610,0.40016,-0.32696,-0.7808,5.88,-11.41,-17.71,Noise,Right
1705996233663,0.421632,-0.33672,-0.79056,0.28,-23.31,-29.19,Noise,Right
1705996233663,0.390888,-0.337208,-0.7808,-2.52,-34.16,-36.26,Noise,Right
1705996233663,0.360632,-0.364536,-0.782264,1.89,-41.37,-35.14,Noise,Right
1705996233663,0.303536,-0.379664,-0.830576,4.34,-38.78,-26.11,Noise,Right
1705996233711,0.266448,-0.382104,-0.855952,5.53,-17.99,-12.39,Noise,Right
1705996233711,0.291336,-0.376736,-0.873032,11.69,2.52,-1.75,Noise,Right
1705996233757,0.336232,-0.366976,-0.87108,18.27,15.75,0.49,Noise,Right
1705996233757,0.374296,-0.353312,-0.89548,22.61,11.27,-5.32,Noise,Right
1705996233757,0.408944,-0.345504,-0.91744,22.61,-6.93,-18.2,Noise,Right
1705996233804,0.440176,-0.36112,-0.946232,24.5,-28.56,-31.43,Noise,Right
1705996233804,0.409432,-0.376248,-0.955016,28.35,-47.53,-40.46,Noise,Right
1705996233804,0.370392,-0.430416,-0.981368,27.86,-57.54,-46.9,Noise,Right
1705996233850,0.30988,-0.45384,-1.011136,25.48,-52.57,-46.48,Noise,Right
1705996233851,0.250832,-0.445056,-0.992592,25.27,-26.67,-34.72,Noise,Right
1705996233851,0.273768,-0.420168,-0.969168,28.98,9.24,-26.6,Noise,Right
1705996233901,0.344528,-0.401624,-0.937448,32.69,15.54,-20.44,Noise,Right
1705996233902,0.394304,-0.411872,-0.88328,27.37,-10.85,-18.55,Noise,Right
1705996233902,0.350872,-0.4148,-0.82716,19.11,-54.11,-27.09,Noise,Right
1705996234022,0.336232,-0.403088,-0.820816,4.34,-90.93,-48.44,Noise,Right
1705996234023,0.225944,-0.401624,-0.85644,0.42,-101.01,-65.45,Noise,Right
1705996234023,0.204472,-0.398696,-0.854488,5.32,-79.45,-70.56,Noise,Right
1705996234023,0.227896,-0.376248,-0.8784,6.58,-56.56,-64.05,Noise,Right
1705996234023,0.206912,-0.372832,-0.875472,7.42,-39.97,-55.16,Noise,Right
1705996234023,0.228384,-0.36844,-0.898896,4.13,-40.32,-54.53,Noise,Right
1705996234024,0.216672,-0.335744,-0.962824,1.12,-54.46,-62.3,Noise,Right
1705996234071,0.223016,-0.316224,-0.978928,2.66,-70.7,-77.91,Noise,Right
1705996234072,0.201056,-0.316224,-0.970144,7.56,-77.63,-93.52,Noise,Right
1705996234114,0.236192,-0.333792,-0.947696,11.34,-79.87,-101.85,Noise,Right
1705996234114,0.207888,-0.36844,-0.929152,11.62,-72.66,-98.84,Noise,Right
1705996234114,0.219112,-0.35624,-0.920856,12.88,-56.63,-84.21,Noise,Right
1705996234162,0.20496,-0.372344,-0.947208,16.03,-37.1,-70.42,Noise,Right
1705996234162,0.206424,-0.3294,-1.012112,16.31,-31.99,-64.26,Noise,Right
1705996234162,0.195688,-0.311832,-1.014552,19.74,-39.62,-67.9,Noise,Right
1705996234208,0.2318,-0.305,-1.015528,23.03,-57.75,-79.73,Noise,Right
1705996234208,0.210816,-0.333304,-1.000888,24.36,-70.21,-86.59,Noise,Right
1705996234208,0.247416,-0.343552,-0.984784,25.13,-73.01,-80.99,Noise,Right
1705996234254,0.203496,-0.352824,-0.97844,26.95,-65.38,-69.79,Noise,Right
1705996234255,0.184952,-0.366,-0.96868,34.72,-55.93,-61.04,Noise,Right
1705996234312,0.178608,-0.372344,-0.961848,35.0,-48.58,-59.85,Noise,Right
1705996234312,0.1586,-0.38796,-0.94184,35.35,-47.18,-64.19,Noise,Right
1705996234313,0.18056,-0.3782,-0.940376,37.03,-44.59,-69.09,Noise,Right
1705996234364,0.200568,-0.377224,-0.960384,37.1,-42.28,-69.02,Noise,Right
1705996234364,0.23668,-0.383568,-0.97112,37.1,-44.1,-61.67,Noise,Right
1705996234364,0.195688,-0.394304,-0.962336,38.36,-40.53,-53.83,Noise,Right
1705996234365,0.185928,-0.386496,-0.920856,40.04,-35.28,-47.67,Noise,Right
1705996234413,0.127856,-0.394304,-0.903776,37.1,-30.24,-47.04,Noise,Right
1705996234413,0.117608,-0.364536,-0.882792,41.23,-23.8,-52.92,Noise,Right
1705996234413,0.1586,-0.410896,-0.861808,56.28,-23.94,-61.67,Noise,Right
1705996234535,0.181536,-0.401136,-0.830088,50.33,-23.66,-68.6,Noise,Right
1705996234535,0.220576,-0.433832,-0.813008,51.1,-20.51,-67.41,Noise,Right
1705996234535,0.23912,-0.470432,-0.800808,49.35,-12.88,-55.37,Noise,Right
1705996234536,0.262544,-0.459696,-0.779336,47.39,-10.08,-45.29,Noise,Right
1705996234536,0.258152,-0.468968,-0.77348,40.53,-13.58,-41.58,Noise,Right
1705996234536,0.249856,-0.46848,-0.77348,30.31,-23.87,-42.98,Noise,Right
1705996234537,0.213744,-0.4636,-0.797392,20.58,-34.86,-48.65,Noise,Right
1705996234578,0.196176,-0.448472,-0.817888,18.62,-40.11,-54.81,Noise,Right
1705996234579,0.181048,-0.428952,-0.791536,27.44,-39.62,-57.12,Noise,Right
1705996234624,0.240096,-0.391864,-0.801296,21.98,-35.7,-56.21,Noise,Right
1705996234624,0.296704,-0.489464,-0.76128,33.53,-40.53,-57.82,Noise,Right
1705996234624,0.224968,-0.518256,-0.7198,31.15,-33.95,-56.49,Noise,Right
1705996234672,0.237656,-0.49288,-0.732488,27.09,-28.28,-47.95,Noise,Right
1705996234673,0.24156,-0.510936,-0.706624,27.79,-20.3,-38.99,Noise,Right
1705996234673,0.271328,-0.48556,-0.743224,20.51,-19.32,-33.18,Noise,Right
1705996234724,0.238144,-0.482144,-0.745664,15.05,-21.28,-32.69,Noise,Right
1705996234724,0.260592,-0.514352,-0.71736,26.88,-22.82,-35.42,Noise,Right
1705996234724,0.264008,-0.5002,-0.718824,18.48,-21.91,-36.47,Noise,Right
1705996234841,0.318176,-0.486048,-0.730536,17.43,-28.98,-42.7,Noise,Right
1705996234841,0.31476,-0.445056,-0.744688,19.32,-31.08,-45.43,Noise,Right
1705996234841,0.375272,-0.494832,-0.750056,24.71,-33.11,-36.89,Noise,Right
1705996234841,0.267912,-0.49288,-0.742736,20.44,-21.56,-14.84,Noise,Right
1705996234841,0.321592,-0.511912,-0.723704,17.57,-0.14,7.49,Noise,Right
1705996234841,0.288896,-0.508984,-0.742736,16.52,3.99,10.01,Noise,Right
1705996234842,0.288896,-0.545584,-0.72956,8.47,-18.27,-2.73,Noise,Right
1705996234894,0.166408,-0.54168,-0.704672,4.9,-29.89,-9.66,Noise,Right
1705996234894,0.217648,-0.500688,-0.751032,-7.63,-6.72,-5.39,Noise,Right
1705996234894,0.260104,-0.469944,-0.783728,1.47,2.73,5.88,Noise,Right
1705996234940,0.213744,-0.491416,-0.746152,2.38,1.33,12.6,Noise,Right
1705996234941,0.201544,-0.48068,-0.723216,0.98,3.36,13.65,Noise,Right
1705996234985,0.26596,-0.508008,-0.740296,2.45,8.89,16.1,Noise,Right
1705996234985,0.279624,-0.518256,-0.745176,-0.28,3.92,16.73,Noise,Right
1705996234985,0.269864,-0.51972,-0.757376,-4.76,1.33,11.76,Noise,Right
1705996235032,0.317688,-0.479704,-0.777384,-6.09,-0.14,9.45,Noise,Right
1705996235033,0.285968,-0.490928,-0.772504,1.75,2.24,9.73,Noise,Right
1705996235033,0.271328,-0.494344,-0.747616,-0.14,0.7,14.07,Noise,Right
1705996235081,0.218136,-0.461648,-0.75152,-1.75,0.42,19.46,Noise,Right
1705996235081,0.216672,-0.447984,-0.755424,-2.59,-0.21,27.23,Noise,Right
1705996235081,0.21472,-0.459208,-0.754936,-3.29,1.47,33.32,Noise,Right
1705996235141,0.2318,-0.471896,-0.742736,-1.12,0.98,38.15,Noise,Right
1705996235141,0.191784,-0.489952,-0.70272,-2.52,8.05,36.05,Noise,Right
1705996235142,0.200568,-0.482632,-0.699304,-2.38,15.4,28.84,Noise,Right
1705996235174,0.396256,-0.440664,-0.699304,-11.97,20.02,24.22,Noise,Right
1705996235174,0.294752,-0.464088,-0.677344,-11.62,25.69,32.97,Noise,Right
1705996235220,0.23912,-0.467504,-0.684176,-15.82,26.6,52.64,Noise,Right
1705996235220,0.232776,-0.455304,-0.699304,-23.66,24.43,73.85,Noise,Right
1705996235220,0.17812,-0.431392,-0.73688,-22.33,13.72,93.45,Noise,Right
1705996235265,0.131272,-0.429928,-0.784704,-16.73,2.31,100.94,Noise,Right
1705996235266,0.086864,-0.46604,-0.726144,-15.54,0.56,93.45,Noise,Right
1705996235266,0.049288,-0.449448,-0.74908,-25.97,14.84,76.44,Noise,Right
1705996235313,0.123952,-0.457256,-0.75396,-25.83,35.21,73.36,Noise,Right
1705996235313,0.129808,-0.485072,-0.753472,-27.72,50.26,89.95,Noise,Right
1705996235361,0.129808,-0.464576,-0.763232,-27.51,47.67,109.34,Noise,Right
1705996235361,0.10248,-0.42944,-0.793488,-35.35,29.82,118.23,Noise,Right
1705996235361,0.029768,-0.408944,-0.855464,-48.58,9.38,115.15,Noise,Right
1705996235405,-0.01708,-0.389424,-0.864248,-42.98,-6.86,100.31,Noise,Right
1705996235405,-0.068808,-0.387472,-0.874008,-40.32,-8.4,80.29,Noise,Right
1705996235405,-0.08052,-0.385032,-0.901336,-32.9,3.43,67.9,Noise,Right
1705996235454,-0.047824,-0.38552,-0.9272,-27.44,25.2,70.07,Noise,Right
1705996235455,-0.012688,-0.427488,-0.945256,-19.25,44.31,77.56,Noise,Right
1705996235455,-0.00244,-0.47092,-0.943304,-14.56,59.85,82.81,Noise,Right
1705996235503,0.052704,-0.510448,-0.936472,-13.3,71.4,82.88,Noise,Right
1705996235504,0.111752,-0.526064,-0.933544,-25.48,80.71,80.78,Noise,Right
1705996235504,0.142008,-0.526552,-0.957456,-31.71,74.83,82.46,Noise,Right
1705996235548,0.138104,-0.521672,-0.992592,-34.79,58.59,89.39,Noise,Right
1705996235548,0.141032,-0.495808,-1.027728,-30.73,45.01,96.46,Noise,Right
1705996235593,0.112728,-0.50264,-1.02236,-22.89,44.38,99.82,Noise,Right
1705996235593,0.099552,-0.510448,-0.991616,-12.11,60.06,97.09,Noise,Right
1705996235593,0.083936,-0.50508,-0.94428,-1.54,92.82,96.18,Noise,Right
1705996235641,0.104432,-0.49776,-0.903776,5.88,120.75,103.67,Noise,Right
1705996235641,0.15372,-0.508496,-0.914512,9.73,136.78,119.63,Noise,Right
1705996235641,0.115656,-0.488,-0.894504,8.12,138.11,137.69,Noise,Right
1705996235688,0.162016,-0.454328,-0.919392,-1.96,122.5,151.06,Noise,Right
1705996235688,0.131272,-0.416264,-0.937448,6.23,109.83,145.74,Noise,Right
1705996235748,0.096624,-0.35624,-0.95892,13.3,117.39,120.4,Noise,Right
1705996235749,0.113704,-0.349408,-0.972584,9.52,132.3,89.88,Noise,Right
1705996235749,0.159576,-0.406504,-0.948672,6.3,135.73,71.12,Noise,Right
1705996235799,0.210328,-0.447984,-0.904752,3.15,119.28,67.55,Noise,Right
1705996235799,0.229848,-0.459208,-0.89304,2.73,93.52,72.1,Noise,Right
1705996235799,0.201544,-0.474824,-0.91012,-7.0,65.17,72.66,Noise,Right
1705996235800,0.196664,-0.442616,-0.94672,11.9,50.82,63.56,Noise,Right
1705996235857,0.206424,-0.421144,-0.991616,12.74,59.71,49.21,Noise,Right
1705996235858,0.165432,-0.43432,-0.976488,33.53,92.96,31.43,Noise,Right
1705996235858,0.244976,-0.477264,-0.943304,48.02,128.31,19.95,Noise,Right
1705996235905,0.337696,-0.549976,-0.861808,49.42,144.97,19.6,Noise,Right
1705996235905,0.410896,-0.529968,-0.803248,62.65,125.23,21.91,Noise,Right
1705996235905,0.416264,-0.53192,-0.762256,40.81,86.03,32.69,Noise,Right
1705996235951,0.386984,-0.572424,-0.785192,22.89,45.15,41.16,Noise,Right
1705996235951,0.379664,-0.602192,-0.7564,60.83,20.86,34.79,Noise,Right
1705996235951,0.360632,-0.630984,-0.7198,59.99,30.66,16.94,Noise,Right
1705996235998,0.392352,-0.601704,-0.726144,71.12,65.66,-4.2,Noise,Right
1705996235998,0.443104,-0.660752,-0.745664,83.86,80.08,-3.43,Noise,Right
1705996235998,0.49044,-0.673928,-0.714432,99.4,67.55,13.93,Noise,Right
1705996236052,0.47092,-0.672952,-0.627568,101.71,46.34,53.34,Noise,Right
1705996236052,0.418704,-0.67588,-0.508008,101.57,25.9,50.33,Noise,Right
1705996236052,0.389424,-0.71004,-0.471896,101.08,12.95,50.75,Noise,Right
1705996236105,0.441152,-0.707112,-0.415288,91.21,29.89,40.6,Noise,Right
1705996236105,0.428464,-0.752496,-0.424072,92.68,57.68,25.9,Noise,Right
1705996236105,0.42456,-0.760792,-0.447984,93.87,73.22,24.92,Noise,Right
1705996236154,0.449936,-0.796416,-0.43432,101.15,62.79,46.83,Noise,Right
1705996236154,0.518744,-0.758352,-0.430904,98.21,21.7,68.39,Noise,Right
1705996236154,0.516792,-0.791536,-0.343064,81.13,-13.09,66.92,Noise,Right
1705996236276,0.520208,-0.750544,-0.267424,48.44,-16.8,24.57,Noise,Right
1705996236277,0.389424,-0.696864,-0.225944,22.54,8.89,-29.26,Noise,Right
1705996236277,0.372832,-0.757864,-0.281088,13.58,37.52,-57.26,Noise,Right
1705996236277,0.432856,-0.82228,-0.299144,47.39,54.67,-45.01,Noise,Right
1705996236277,0.48556,-0.823744,-0.320128,68.95,44.38,-10.43,Noise,Right
1705996236277,0.5124,-0.82228,-0.332816,67.69,19.39,22.33,Noise,Right
1705996236278,0.583648,-0.801296,-0.325496,53.13,-4.06,34.16,Noise,Right
1705996236320,0.635376,-0.813496,-0.291824,32.97,-9.45,15.05,Noise,Right
1705996236320,0.489952,-0.799344,-0.261568,12.18,2.38,-16.31,Noise,Right
1705996236320,0.450424,-0.820816,-0.264496,7.56,19.53,-39.97,Noise,Right
1705996236367,0.458232,-0.840824,-0.26596,20.65,31.5,-44.66,Noise,Right
1705996236367,0.5124,-0.845704,-0.252784,34.79,28.28,-29.19,Noise,Right
1705996236413,0.619272,-0.835944,-0.22204,20.3,2.87,-6.02,Noise,Right
1705996236414,0.684664,-0.83448,-0.231312,-12.67,-31.15,4.76,Noise,Right
1705996236414,0.5978,-0.793488,-0.228872,-32.27,-44.66,-8.33,Noise,Right
1705996236461,0.514352,-0.737368,-0.202032,-42.35,-33.04,-25.76,Noise,Right
1705996236462,0.485072,-0.68808,-0.165432,-42.49,-4.76,-46.62,Noise,Right
1705996236462,0.457256,-0.699792,-0.174216,-40.39,24.92,-62.16,Noise,Right
1705996236509,0.857904,-1.16388,-0.429928,-97.37,32.41,-18.34,Noise,Right
1705996236509,0.620248,-0.808128,-0.313296,68.18,-21.98,10.36,Noise,Right
1705996236509,0.722728,-0.752984,-0.303048,-35.49,-20.65,9.52,Noise,Right
1705996236570,0.81496,-0.752984,-0.298656,-37.03,-18.27,1.4,Noise,Right
1705996236570,0.6954,-0.772016,-0.299632,-50.75,-18.83,-10.71,Noise,Right
1705996236570,0.60512,-0.812032,-0.274744,-59.15,-18.34,-18.06,Noise,Right
1705996236619,0.509472,-0.796416,-0.304512,-56.35,-16.8,-18.41,Noise,Right
1705996236619,0.437248,-0.760792,-0.354288,-47.53,-12.46,-13.09,Noise,Right
1705996236619,0.411872,-0.743712,-0.411872,-28.7,-8.12,-3.15,Noise,Right
1705996236669,0.389912,-0.733464,-0.435784,-6.51,-7.98,5.67,Noise,Right
1705996236669,0.434808,-0.715408,-0.435784,4.76,-12.88,8.54,Noise,Right
1705996236670,0.567056,-0.724192,-0.409432,-13.16,-18.62,3.92,Noise,Right
1705996236740,0.60756,-0.721264,-0.39772,-44.59,-21.35,-3.08,Noise,Right
1705996236743,0.623176,-0.764696,-0.460672,-61.46,-22.26,-8.75,Noise,Right
1705996236744,0.510448,-0.792024,-0.465552,-51.38,-21.0,-14.14,Noise,Right
1705996236747,0.423096,-0.745664,-0.512888,-36.82,-17.71,-13.23,Noise,Right
1705996236773,0.387472,-0.720288,-0.511424,-4.62,-13.86,-3.71,Noise,Right
1705996236775,0.360632,-0.685152,-0.488488,16.45,-11.76,4.9,Noise,Right
1705996236819,0.403576,-0.665632,-0.432856,27.58,-14.56,10.78,Noise,Right
1705996236819,0.511912,-0.669048,-0.408944,9.24,-18.83,12.32,Noise,Right
1705996236820,0.501176,-0.707112,-0.40992,-14.28,-23.1,9.8,Noise,Right
1705996236874,0.499712,-0.73688,-0.461648,-30.03,-28.07,5.74,Noise,Right
1705996236874,0.499224,-0.756888,-0.465064,-27.86,-31.08,2.17,Noise,Right
1705996236874,0.50752,-0.766648,-0.495808,-34.79,-31.71,-3.01,Noise,Right
1705996236991,0.479216,-0.771528,-0.508984,-29.47,-29.12,-5.25,Noise,Right
1705996236991,0.433344,-0.75884,-0.535336,-20.3,-24.78,-4.2,Noise,Right
1705996236991,0.409432,-0.757864,-0.547536,-3.78,-20.86,-1.4,Noise,Right
1705996236991,0.422608,-0.762256,-0.52704,8.61,-18.55,0.42,Noise,Right
1705996236993,0.47092,-0.752984,-0.513864,10.01,-16.1,-0.35,Noise,Right
1705996236993,0.47336,-0.742736,-0.477752,-1.89,-13.16,-2.24,Noise,Right
1705996236993,0.54656,-0.76616,-0.491904,-14.63,-13.09,-5.53,Noise,Right
1705996237036,0.528016,-0.770552,-0.514352,-15.26,-11.41,-8.61,Noise,Right
1705996237036,0.560712,-0.793976,-0.526552,-0.14,-8.33,-9.17,Noise,Right
1705996237036,0.540216,-0.84424,-0.55876,-3.43,-4.83,-6.3,Noise,Right
1705996237083,0.492392,-0.84668,-0.562664,-13.16,-17.85,8.82,Noise,Right
1705996237083,0.426512,-0.789096,-0.549976,-14.7,-22.89,13.44,Noise,Right
1705996237083,0.354288,-0.732488,-0.542656,-19.04,-15.05,-1.33,Noise,Right
1705996237134,0.324032,-0.679784,-0.540704,-35.84,-2.52,-33.6,Noise,Right
1705996237134,0.383568,-0.67344,-0.58804,-46.13,9.03,-63.14,Noise,Right
1705996237134,0.402112,-0.665632,-0.603168,-60.97,8.61,-79.66,Noise,Right
1705996237271,0.445544,-0.665144,-0.62952,-55.16,3.78,-82.46,Noise,Right
1705996237272,0.431392,-0.65148,-0.657824,-34.86,-3.99,-70.63,Noise,Right
1705996237272,0.42456,-0.637816,-0.669048,-6.09,-13.02,-43.33,Noise,Right
1705996237272,0.452864,-0.630496,-0.681248,28.14,-16.94,-16.38,Noise,Right
1705996237272,0.484584,-0.61244,-0.607072,42.0,-16.87,3.99,Noise,Right
1705996237272,0.49532,-0.56852,-0.532896,31.5,-7.35,1.33,Noise,Right
1705996237273,0.535824,-0.570472,-0.550952,7.77,10.29,-22.47,Noise,Right
1705996237316,0.49044,-0.609024,-0.589504,11.34,26.46,-41.58,Noise,Right
1705996237318,0.452376,-0.61732,-0.491904,24.5,32.62,-37.87,Noise,Right
1705996237318,0.43676,-0.628056,-0.436272,21.63,39.9,-29.61,Noise,Right
1705996237363,0.426024,-0.610488,-0.453352,33.18,44.73,-25.27,Noise,Right
1705996237363,0.472872,-0.599264,-0.462624,40.18,42.84,-23.52,Noise,Right
1705996237363,0.535824,-0.60024,-0.50508,38.57,36.54,-24.43,Noise,Right
1705996237409,0.604632,-0.618296,-0.517768,36.05,28.7,-22.96,Noise,Right
1705996237409,0.641232,-0.637328,-0.542168,27.79,19.74,-16.24,Noise,Right
1705996237409,0.664168,-0.637328,-0.455304,9.94,-6.44,1.61,Noise,Right
1705996237454,0.642696,-0.66612,-0.522648,-2.17,0.07,-3.01,Noise,Right
1705996237455,0.709064,-0.641232,-0.572424,10.29,4.69,-2.17,Noise,Right
1705996237502,0.686616,-0.662704,-0.616344,30.87,10.85,-1.26,Noise,Right
1705996237502,0.728096,-0.686616,-0.6466,49.63,14.21,2.31,Noise,Right
1705996237502,0.677832,-0.720288,-0.608048,53.62,-6.51,28.63,Noise,Right
1705996237548,0.496784,-0.701744,-0.553392,62.72,-45.29,60.55,Noise,Right
1705996237548,0.325984,-0.659776,-0.373808,42.91,-60.27,57.33,Noise,Right
1705996237548,0.315736,-0.5368,-0.288896,35.14,-34.23,-2.8,Noise,Right
1705996237593,0.391376,-0.582184,-0.335256,17.78,19.11,-64.68,Noise,Right
1705996237593,0.546072,-0.711016,-0.35868,45.64,72.03,-71.68,Noise,Right
1705996237593,0.66368,-0.745664,-0.267912,92.68,95.06,-33.53,Noise,Right
1705996237641,0.86864,-0.724192,-0.240096,105.77,97.58,22.96,Noise,Right
1705996237641,0.983808,-0.728584,-0.254736,101.36,57.96,77.49,Noise,Right
1705996237690,0.95648,-0.701744,-0.203008,72.8,29.47,86.87,Noise,Right
1705996237690,0.918416,-0.701256,-0.235704,26.88,-17.57,67.41,Noise,Right
1705996237690,0.737368,-0.65148,-0.221064,-27.51,-52.57,33.53,Noise,Right
1705996237737,0.620248,-0.682224,-0.2562,-56.49,-57.96,-9.24,Noise,Right
1705996237737,0.486048,-0.74176,-0.316712,-48.37,-42.84,-38.36,Noise,Right
1705996237738,0.365024,-0.776408,-0.326472,-19.32,-20.16,-31.5,Noise,Right
1705996237781,0.259616,-0.746152,-0.357704,2.73,5.46,1.68,Noise,Right
1705996237781,0.354288,-0.723704,-0.349408,37.17,13.3,34.16,Noise,Right
1705996237781,0.40748,-0.689544,-0.333792,31.15,4.76,42.21,Noise,Right
1705996237832,0.587552,-0.63684,-0.291824,-3.43,-19.67,22.33,Noise,Right
1705996237832,0.630984,-0.61732,-0.334768,-72.87,-44.17,-31.99,Noise,Right
1705996237894,0.467992,-0.64172,-0.382592,-106.75,-51.8,-81.83,Noise,Right
1705996237894,0.492392,-0.738344,-0.428952,-119.77,-43.4,-113.4,Noise,Right
1705996237894,0.511912,-0.735904,-0.428952,-86.45,-32.27,-113.89,Noise,Right
1705996237894,0.496296,-0.742248,-0.393816,-43.26,-24.22,-86.73,Noise,Right
1705996237948,0.579256,-0.72956,-0.444568,12.25,-19.11,-47.74,Noise,Right
1705996237948,0.671488,-0.667584,-0.408944,-11.48,-8.61,-4.55,Noise,Right
1705996237948,0.720288,-0.650504,-0.415776,-16.1,-2.66,-3.15,Noise,Right
1705996237997,0.6832,-0.605608,-0.4514,-34.86,9.45,-24.43,Noise,Right
1705996237997,0.670512,-0.59292,-0.472872,-36.05,21.84,-49.84,Noise,Right
1705996237997,0.719312,-0.593408,-0.48312,-44.73,27.44,-63.91,Noise,Right
1705996238046,0.769576,-0.601704,-0.484584,-34.86,21.0,-61.04,Noise,Right
1705996238046,0.704672,-0.585112,-0.433832,-28.35,6.16,-46.06,Noise,Right
1705996238046,0.690032,-0.545096,-0.454816,-28.63,1.19,-34.86,Noise,Right
1705996238118,0.677344,-0.50752,-0.482144,-15.82,9.8,-33.81,Noise,Right
1705996238118,0.753472,-0.604632,-0.631472,-1.47,31.01,-38.57,Noise,Right
1705996238118,0.538264,-0.206424,-0.452864,-100.38,-20.44,-5.95,Noise,Right
1705996238118,0.813496,-0.558272,-0.494344,-11.48,-0.98,-13.3,Noise,Right
1705996238166,0.686616,-0.482144,-0.385032,-16.87,-10.99,-10.57,Noise,Right
1705996238166,0.610976,-0.459208,-0.362584,-12.11,-21.0,-8.19,Noise,Right
1705996238166,0.635864,-0.4758,-0.323056,-17.99,-31.99,-5.6,Noise,Right
1705996238213,0.650504,-0.477264,-0.286944,-32.06,-43.12,-1.54,Noise,Right
1705996238213,0.642208,-0.490928,-0.366976,-44.73,-53.76,3.01,Noise,Right
1705996238213,0.710528,-0.464088,-0.394304,-58.59,-61.39,3.99,Noise,Right
1705996238259,0.772504,-0.42944,-0.42212,-71.54,-65.17,3.43,Noise,Right
1705996238259,0.637816,-0.360632,-0.5124,-69.16,-69.93,5.39,Noise,Right
1705996238259,0.611464,-0.386008,-0.54412,-55.72,-78.96,0.91,Noise,Right
1705996238307,0.623664,-0.332816,-0.650016,-70.42,-91.14,-11.13,Noise,Right
1705996238307,0.5978,-0.343064,-0.702232,-58.8,-92.68,-11.62,Noise,Right
1705996238307,0.73444,-0.408944,-0.837896,-36.68,-88.06,-3.64,Noise,Right
1705996238353,0.625616,-0.36112,-0.803248,-31.64,-75.04,5.95,Noise,Right
1705996238353,0.659776,-0.364048,-0.861808,-29.33,-65.94,10.71,Noise,Right
1705996238409,0.5368,-0.359168,-0.86864,-6.58,-54.11,13.37,Noise,Right
1705996238409,0.554368,-0.359168,-0.88328,-2.38,-47.6,11.41,Noise,Right
1705996238409,0.507032,-0.358192,-0.864736,4.97,-39.9,9.94,Noise,Right
1705996238461,0.518744,-0.393328,-0.801296,20.16,-37.66,4.9,Noise,Right
1705996238461,0.510936,-0.423584,-0.745176,-2.1,-43.12,-8.12,Noise,Right
1705996238461,0.484584,-0.441152,-0.711504,-21.7,-49.21,-19.25,Noise,Right
1705996238463,0.471896,-0.464576,-0.691496,-28.98,-52.15,-17.78,Noise,Right
1705996238508,0.447984,-0.467016,-0.746152,-30.87,-50.54,-7.0,Noise,Right
1705996238508,0.447984,-0.41236,-0.816424,-29.19,-45.15,2.45,Noise,Right
1705996238554,0.443592,-0.391864,-0.862296,-19.11,-42.84,2.66,Noise,Right
1705996238554,0.528016,-0.345504,-0.954528,-19.74,-38.78,0.63,Noise,Right
1705996238554,0.609512,-0.295728,-1.040904,-6.79,-28.14,2.17,Noise,Right
1705996238611,0.533384,-0.3782,-0.924272,7.84,-10.92,4.27,Noise,Right
1705996238611,0.467992,-0.373808,-0.896944,23.45,-2.87,4.83,Noise,Right
1705996238611,0.397232,-0.411872,-0.764696,30.87,-2.17,3.01,Noise,Right
1705996238663,0.349896,-0.40992,-0.629032,23.66,-9.24,-2.31,Noise,Right
1705996238663,0.384056,-0.428464,-0.62708,-14.56,-24.99,-8.75,Noise,Right
1705996238663,0.4758,-0.362096,-0.681736,-32.13,-39.62,-11.83,Noise,Right
1705996238713,0.60024,-0.264008,-0.82228,-57.82,-42.35,-11.34,Noise,Right
1705996238713,0.590968,-0.356728,-0.939888,-59.85,-34.09,-10.22,Noise,Right
1705996238713,0.604632,-0.339648,-1.01748,-56.0,-19.25,-6.09,Noise,Right
1705996238713,0.532896,-0.301584,-1.0004,-27.44,-2.52,-3.22,Noise,Right
1705996238834,0.505568,-0.336232,-0.898896,-15.47,9.03,2.03,Noise,Right
1705996238835,0.496784,-0.32696,-0.85156,-10.71,4.41,9.52,Noise,Right
1705996238835,0.459208,-0.35624,-0.7442,-29.33,-15.89,19.6,Noise,Right
1705996238835,0.406016,-0.352336,-0.824232,-19.53,-36.54,20.51,Noise,Right
1705996238835,0.414312,-0.281576,-0.84668,-9.8,-33.04,10.36,Noise,Right
1705996238835,0.381616,-0.260104,-0.885232,-7.42,-18.69,-4.97,Noise,Right
1705996238835,0.37088,-0.236192,-0.911096,7.42,-1.54,-8.12,Noise,Right
1705996238885,0.454328,-0.275232,-0.901824,14.0,2.66,1.89,Noise,Right
1705996238885,0.43676,-0.262056,-0.870104,18.41,-0.77,10.36,Noise,Right
1705996238885,0.406016,-0.325008,-0.926224,11.55,-23.1,17.29,Noise,Right
1705996238933,0.316712,-0.332328,-0.825208,12.6,-37.1,11.83,Noise,Right
1705996238933,0.272792,-0.310856,-0.845704,12.67,-37.8,3.22,Noise,Right
1705996238979,0.196176,-0.311344,-0.786168,16.94,-23.52,-2.38,Noise,Right
1705996238979,0.128832,-0.266936,-0.722728,13.37,-0.07,-5.04,Noise,Right
1705996238979,0.23912,-0.288408,-0.827648,19.39,22.47,-2.52,Noise,Right
1705996239028,0.386496,-0.313784,-0.87596,29.12,25.13,10.43,Noise,Right
1705996239028,0.455304,-0.318176,-0.91012,18.41,12.95,18.83,Noise,Right
1705996239028,0.432368,-0.319152,-0.957456,2.87,-9.17,16.94,Noise,Right
1705996239071,0.39772,-0.322568,-0.952576,10.29,-16.73,3.57,Noise,Right
1705996239071,0.34648,-0.3538,-0.91012,18.2,-15.05,-8.75,Noise,Right
1705996239073,0.350872,-0.3416,-0.912072,26.6,-6.86,-11.9,Noise,Right
1705996239124,0.333792,-0.360632,-0.87596,35.84,6.72,-5.95,Noise,Right
1705996239124,0.343552,-0.375272,-0.84424,45.78,23.45,4.76,Noise,Right
1705996239124,0.370392,-0.409432,-0.792512,59.15,27.65,14.49,Noise,Right
1705996239244,0.397232,-0.440664,-0.7198,55.09,13.23,21.91,Noise,Right
1705996239245,0.410896,-0.435784,-0.757376,36.68,-0.42,21.35,Noise,Right
1705996239245,0.424072,-0.400648,-0.794952,23.17,-7.63,9.8,Noise,Right
1705996239245,0.443104,-0.40016,-0.833504,9.45,-8.96,-1.89,Noise,Right
1705996239245,0.440176,-0.415776,-0.835944,6.58,-8.4,-8.12,Noise,Right
1705996239245,0.40748,-0.437736,-0.83448,10.22,-5.04,-8.12,Noise,Right
1705996239245,0.394792,-0.43188,-0.852048,19.81,3.36,-1.54,Noise,Right
1705996239289,0.394304,-0.44652,-0.842288,28.21,9.24,8.89,Noise,Right
1705996239290,0.404552,-0.44896,-0.814472,32.34,4.69,14.35,Noise,Right
1705996239339,0.399672,-0.434808,-0.822768,27.93,-4.41,11.97,Noise,Right
1705996239339,0.428464,-0.435296,-0.83448,18.76,-13.16,3.22,Noise,Right
1705996239339,0.415288,-0.44164,-0.851072,8.4,-18.13,-8.89,Noise,Right
1705996239449,0.404552,-0.447496,-0.856928,4.62,-17.99,-19.81,Noise,Right
1705996239449,0.388936,-0.4758,-0.856928,6.58,-17.01,-20.23,Noise,Right
1705996239449,0.37332,-0.481656,-0.84424,8.19,-17.08,-13.58,Noise,Right
1705996239449,0.364048,-0.477752,-0.842288,10.78,-16.8,-6.51,Noise,Right
1705996239449,0.338672,-0.461648,-0.845704,13.3,-15.4,-4.55,Noise,Right
1705996239449,0.329888,-0.43676,-0.854,15.47,-13.16,-9.8,Noise,Right
1705996239449,0.348432,-0.437248,-0.839848,19.11,-13.37,-17.15,Noise,Right
1705996239551,0.370392,-0.420656,-0.806176,11.13,-23.17,-21.7,Noise,Right
1705996239551,0.353312,-0.427,-0.809104,-1.26,-30.52,-28.77,Noise,Right
1705996239551,0.325496,-0.422608,-0.81008,-3.15,-35.56,-37.24,Noise,Right
1705996239551,0.328424,-0.43676,-0.799832,-0.63,-34.3,-42.14,Noise,Right
1705996239551,0.31232,-0.437736,-0.773968,0.7,-30.1,-39.97,Noise,Right
1705996239551,0.308416,-0.428464,-0.774944,-4.97,-23.52,-35.28,Noise,Right
1705996239601,0.306952,-0.343552,-0.813496,-46.48,-12.46,-33.6,Noise,Right
1705996239601,0.340136,-0.40992,-0.866688,-8.89,-14.49,-33.53,Noise,Right
1705996239601,0.40992,-0.416752,-0.843752,3.85,-24.29,-33.04,Noise,Right
1705996239646,0.396256,-0.40992,-0.859856,2.8,-39.13,-36.75,Noise,Right
1705996239648,0.393328,-0.39284,-0.874008,3.22,-48.16,-42.56,Noise,Right
1705996239697,0.378688,-0.406504,-0.862784,3.08,-47.11,-46.83,Noise,Right
1705996239698,0.352824,-0.388448,-0.869616,-1.82,-40.46,-48.09,Noise,Right
1705996239698,0.335256,-0.393328,-0.882792,13.16,-31.22,-45.71,Noise,Right
1705996239741,0.327448,-0.391376,-0.885232,15.82,-21.21,-38.57,Noise,Right
1705996239741,0.330376,-0.384056,-0.879864,21.91,-14.14,-30.94,Noise,Right
1705996239741,0.344528,-0.377712,-0.872056,21.42,-15.12,-28.49,Noise,Right
1705996239791,0.345992,-0.382592,-0.869128,19.18,-24.43,-32.41,Noise,Right
1705996239791,0.372344,-0.375272,-0.87596,14.42,-41.37,-41.86,Noise,Right
1705996239791,0.342088,-0.38552,-0.864736,11.27,-55.09,-52.85,Noise,Right
1705996239843,0.345504,-0.388448,-0.87596,10.43,-58.59,-60.97,Noise,Right
1705996239843,0.334768,-0.41724,-0.88816,16.73,-50.75,-60.41,Noise,Right
1705996239843,0.291824,-0.40504,-0.926224,18.62,-38.22,-52.22,Noise,Right
1705996239903,0.295728,-0.393328,-0.960384,25.41,-26.67,-42.42,Noise,Right
1705996239903,0.296216,-0.380152,-0.969168,34.58,-21.77,-36.26,Noise,Right
1705996239903,0.327936,-0.372832,-0.922808,30.31,-33.39,-40.11,Noise,Right
1705996240022,0.337208,-0.377224,-0.921344,24.78,-59.43,-51.03,Noise,Right
1705996240023,0.32208,-0.381128,-0.91256,16.1,-82.04,-61.11,Noise,Right
1705996240023,0.271328,-0.381616,-0.917928,10.5,-92.61,-69.44,Noise,Right
1705996240023,0.24156,-0.403576,-0.885232,19.25,-86.31,-76.51,Noise,Right
1705996240023,0.20252,-0.3904,-0.90036,21.14,-67.83,-78.12,Noise,Right
1705996240023,0.183488,-0.393328,-0.929152,24.99,-43.47,-66.71,Noise,Right
1705996240023,0.226432,-0.410408,-0.917928,27.86,-32.48,-50.68,Noise,Right
1705996240069,0.238144,-0.38552,-0.90524,27.23,-38.57,-45.99,Noise,Right
1705996240069,0.277184,-0.372344,-0.90768,24.43,-53.76,-55.72,Noise,Right
1705996240070,0.236192,-0.40504,-0.899384,20.51,-68.81,-67.06,Noise,Right
1705996240114,0.211304,-0.413824,-0.88816,19.25,-79.66,-74.2,Noise,Right
1705996240115,0.176656,-0.398696,-0.879864,20.09,-72.8,-77.84,Noise,Right
1705996240115,0.16592,-0.403576,-0.837896,23.8,-58.03,-77.7,Noise,Right
1705996240163,0.182512,-0.395768,-0.84424,24.22,-42.77,-74.41,Noise,Right
1705996240163,0.223992,-0.39528,-0.877424,27.02,-34.02,-65.38,Noise,Right
1705996240269,0.23668,-0.386984,-0.867664,27.09,-35.0,-60.48,Noise,Right
1705996240269,0.189344,-0.3782,-0.8784,20.16,-41.93,-61.46,Noise,Right
1705996240269,0.19276,-0.399672,-0.864248,19.95,-49.21,-70.0,Noise,Right
1705996240269,0.214232,-0.417728,-0.867664,19.18,-56.7,-75.46,Noise,Right
1705996240269,0.180072,-0.410896,-0.863272,14.49,-58.87,-76.72,Noise,Right
1705996240269,0.2196,-0.447008,-0.872544,1.75,-55.16,-78.12,Noise,Right
1705996240270,0.171776,-0.463112,-0.854,19.74,-44.73,-77.14,Noise,Right
1705996240314,0.187392,-0.438712,-0.86132,21.63,-35.56,-69.58,Noise,Right
1705996240314,0.364536,-0.470432,-0.862296,2.59,-30.24,-63.77,Noise,Right
1705996240360,0.243024,-0.372832,-0.894016,17.99,-35.0,-65.24,Noise,Right
1705996240360,0.22204,-0.44164,-0.827648,17.92,-49.14,-60.55,Noise,Right
1705996240361,0.167872,-0.284992,-0.904752,7.21,-59.36,-64.89,Noise,Right
1705996240408,0.11224,-0.382592,-0.894504,24.22,-56.7,-70.14,Noise,Right
1705996240409,0.237656,-0.394304,-0.878888,36.89,-49.35,-77.7,Noise,Right
1705996240409,0.157136,-0.44408,-0.829112,42.98,-33.95,-73.22,Noise,Right
1705996240453,0.198616,-0.437736,-0.827648,42.35,-23.87,-55.09,Noise,Right
1705996240453,0.207888,-0.442616,-0.808128,41.93,-14.7,-42.49,Noise,Right
1705996240453,0.22692,-0.438712,-0.791048,41.51,-11.69,-42.42,Noise,Right
1705996240510,0.228872,-0.453352,-0.78324,34.86,-15.68,-48.37,Noise,Right
1705996240511,0.220088,-0.442128,-0.792512,31.01,-23.17,-56.56,Noise,Right
1705996240511,0.308416,-0.45628,-0.809592,28.28,-30.94,-59.92,Noise,Right
1705996240564,0.255224,-0.474336,-0.796904,24.15,-36.05,-50.26,Noise,Right
1705996240564,0.242048,-0.426024,-0.82716,21.28,-28.42,-42.7,Noise,Right
1705996240610,0.204472,-0.479216,-0.78812,30.1,-15.82,-36.47,Noise,Right
1705996240611,0.205448,-0.477264,-0.772992,30.24,-5.88,-32.9,Noise,Right
1705996240612,0.182512,-0.468968,-0.776896,28.56,-5.25,-33.39,Noise,Right
1705996240612,0.23668,-0.437248,-0.796416,25.34,-13.3,-42.91,Noise,Right
1705996240662,0.26108,-0.437736,-0.83204,22.61,-27.37,-45.85,Noise,Right
1705996240662,0.255224,-0.479704,-0.80276,21.21,-35.42,-37.52,Noise,Right
1705996240662,0.204472,-0.465064,-0.810568,18.34,-30.59,-31.43,Noise,Right
1705996240717,0.220088,-0.481656,-0.777384,21.84,-21.28,-28.84,Noise,Right
1705996240717,0.235704,-0.504592,-0.748592,21.28,-15.89,-29.54,Noise,Right
1705996240717,0.266448,-0.544608,-0.726632,26.46,-18.97,-26.88,Noise,Right
1705996240764,0.264008,-0.49044,-0.733952,13.16,-10.92,-19.04,Noise,Right
1705996240764,0.361608,-0.485072,-0.788608,9.24,-13.44,-13.93,Noise,Right
1705996240764,0.325984,-0.507032,-0.76372,5.74,-23.87,-8.12,Noise,Right
1705996240812,0.359656,-0.502152,-0.771528,15.4,-25.62,11.55,Noise,Right
1705996240812,0.280112,-0.490928,-0.787144,16.03,-6.44,17.36,Noise,Right
1705996240812,0.316224,-0.495808,-0.772992,8.26,-6.02,14.14,Noise,Right
1705996240865,0.21472,-0.53924,-0.720288,25.27,-9.94,8.89,Noise,Right
1705996240865,0.167384,-0.508984,-0.754936,3.92,-0.84,1.12,Noise,Right
1705996240865,0.18544,-0.469944,-0.74176,3.22,-0.84,3.15,Noise,Right
1705996240920,0.208864,-0.483608,-0.762744,1.26,0.7,3.5,Noise,Right
1705996240920,0.240096,-0.484096,-0.766648,1.12,-0.07,3.57,Noise,Right
1705996240921,0.240096,-0.498736,-0.772992,-1.61,-0.42,7.07,Noise,Right
1705996240967,0.228872,-0.492392,-0.803736,-3.64,-1.26,11.76,Noise,Right
1705996240968,0.227408,-0.47824,-0.828136,-5.81,-0.56,12.39,Noise,Right
1705996240968,0.225944,-0.486048,-0.8418,-4.34,-1.12,13.16,Noise,Right
1705996241038,0.232776,-0.467504,-0.84912,-4.97,-4.48,16.59,Noise,Right
1705996241039,0.187392,-0.48068,-0.815936,-4.55,-5.11,19.81,Noise,Right
1705996241042,0.19032,-0.488976,-0.824232,1.12,-5.18,18.76,Noise,Right
1705996241149,0.186416,-0.48556,-0.777872,-2.52,-8.05,19.53,Noise,Right
1705996241149,0.17812,-0.484584,-0.802272,-3.64,-7.77,20.37,Noise,Right
1705996241149,0.210816,-0.477752,-0.777384,-1.89,-1.54,21.42,Noise,Right
1705996241149,0.236192,-0.483608,-0.781288,-0.49,8.33,26.18,Noise,Right
1705996241149,0.221552,-0.498736,-0.767136,-2.1,14.0,33.88,Noise,Right
1705996241149,0.230824,-0.491904,-0.759328,-0.84,15.68,38.57,Noise,Right
1705996241149,0.230824,-0.493856,-0.735416,2.87,16.45,38.01,Noise,Right
1705996241196,0.250832,-0.496296,-0.72224,2.1,16.38,38.78,Noise,Right
1705996241196,0.266936,-0.502152,-0.72224,-1.12,15.54,47.6,Noise,Right
1705996241196,0.259128,-0.49776,-0.715408,-5.11,14.7,63.14,Noise,Right
1705996241243,0.251808,-0.493856,-0.714432,-1.05,14.98,79.38,Noise,Right
1705996241243,0.230824,-0.49532,-0.716384,0.07,15.54,89.32,Noise,Right
1705996241243,0.206912,-0.513376,-0.698816,3.85,15.05,93.59,Noise,Right
1705996241291,0.177144,-0.523624,-0.681736,-3.85,16.1,96.04,Noise,Right
1705996241291,0.153232,-0.501664,-0.691496,-4.76,28.42,100.8,Noise,Right
1705996241291,0.143472,-0.476776,-0.691008,1.12,49.21,107.1,Noise,Right
1705996241341,0.150304,-0.506544,-0.670512,5.04,76.16,118.3,Noise,Right
1705996241341,0.154208,-0.527528,-0.666608,3.99,101.01,135.73,Noise,Right
1705996241341,0.149816,-0.50752,-0.676856,3.29,117.6,152.39,Noise,Right
1705996241480,0.159576,-0.511424,-0.708576,-1.96,109.62,165.9,Noise,Right
1705996241480,0.148352,-0.47336,-0.74908,-11.97,93.52,172.13,Noise,Right
1705996241481,0.102968,-0.428952,-0.783728,-15.75,86.66,171.22,Noise,Right
1705996241481,0.037576,-0.481656,-0.813008,-12.18,90.09,167.09,Noise,Right
1705996241481,0.016104,-0.477264,-0.86132,1.68,103.67,160.86,Noise,Right
1705996241481,0.032208,-0.497272,-0.874984,17.85,128.8,160.09,Noise,Right
1705996241481,-0.000488,-0.548512,-0.816424,44.24,138.25,164.36,Noise,Right
1705996241526,0.007808,-0.544608,-0.84668,33.95,130.97,174.44,Noise,Right
1705996241526,-0.001464,-0.571448,-0.830576,26.67,114.66,181.02,Noise,Right
1705996241526,-0.058072,-0.549488,-0.847168,19.04,98.0,177.87,Noise,Right
1705996241526,-0.032696,-0.529968,-0.886696,43.26,93.8,162.4,Noise,Right
1705996241585,-0.040992,-0.489952,-0.888648,51.52,110.18,136.78,Noise,Right
1705996241585,-0.04392,-0.515328,-0.877912,55.65,128.94,108.36,Noise,Right
1705996241636,0.072712,-0.577792,-0.813496,55.16,137.62,84.07,Noise,Right
1705996241636,0.020496,-0.644648,-0.833016,9.73,134.4,74.34,Noise,Right
1705996241636,0.081496,-0.696376,-0.825208,1.89,100.1,78.12,Noise,Right
1705996241636,0.016104,-0.721264,-0.829112,-26.32,61.46,84.7,Noise,Right
1705996241690,-0.040016,-0.71492,-0.848632,-1.05,26.39,76.23,Noise,Right
1705996241690,0.013176,-0.648552,-0.862784,4.13,14.07,55.16,Noise,Right
1705996241690,0.0244,-0.677344,-0.883768,19.18,27.09,36.19,Noise,Right
1705996241744,-0.043432,-0.67832,-0.76372,49.84,45.43,34.72,Noise,Right
1705996241745,-0.059048,-0.68076,-0.820816,34.16,63.63,49.07,Noise,Right
1705996241745,-0.013664,-0.650992,-0.838872,64.96,56.91,68.88,Noise,Right
1705996241790,0.007808,-0.665632,-0.826672,70.07,47.95,83.02,Noise,Right
1705996241790,0.11468,-0.634888,-0.815448,89.88,40.95,76.65,Noise,Right
1705996241790,0.226432,-0.608048,-0.758352,112.77,49.28,48.58,Noise,Right
1705996241840,0.279136,-0.674416,-0.732,105.07,66.64,13.3,Noise,Right
1705996241840,0.22448,-0.711016,-0.67588,153.3,75.67,-18.97,Noise,Right
1705996241840,0.19276,-0.867176,-0.491904,146.02,61.32,-12.25,Noise,Right
1705996241888,0.20496,-0.852536,-0.557296,84.35,19.88,20.93,Noise,Right
1705996241888,0.247904,-0.860832,-0.639768,52.08,-25.2,47.88,Noise,Right
1705996241888,0.200568,-0.834968,-0.574376,35.0,-55.72,30.03,Noise,Right
1705996242009,0.299144,-0.750544,-0.549976,-2.8,-63.14,-8.19,Noise,Right
1705996242009,0.198128,-0.771528,-0.414312,-13.86,-49.84,-43.33,Noise,Right
1705996242009,0.17324,-0.76128,-0.3416,-10.43,-30.03,-59.43,Noise,Right
1705996242010,0.229848,-0.827648,-0.28304,0.28,-18.62,-46.27,Noise,Right
1705996242010,0.252784,-0.84668,-0.352336,-30.52,-25.69,-16.03,Noise,Right
1705996242010,0.254736,-0.819352,-0.406992,-68.81,-42.07,7.28,Noise,Right
1705996242010,0.289384,-0.78812,-0.440176,-100.45,-56.98,7.56,Noise,Right
1705996242056,0.260104,-0.784704,-0.499712,-141.19,-70.84,-6.44,Noise,Right
1705996242056,0.385032,-2.988512,-1.267336,-267.12,-73.15,-36.96,Noise,Right
1705996242057,0.50264,-0.154696,-1.663104,-417.69,-24.5,-47.81,Noise,Right
1705996242105,-0.209352,-0.568032,-0.478728,87.85,-64.12,19.6,Noise,Right
1705996242105,-0.019032,-0.652456,-0.377712,-49.63,-93.8,10.01,Noise,Right
1705996242105,0.02196,-0.642696,-0.472384,-141.19,-89.32,1.54,Noise,Right
1705996242149,-0.05612,-0.731512,-0.797392,-149.94,-78.19,-2.73,Noise,Right
1705996242150,-0.074176,-0.582184,-1.003816,-117.81,-64.4,16.94,Noise,Right
1705996242195,-0.0976,-0.496784,-0.881328,-40.04,-56.0,46.83,Noise,Right
1705996242195,-0.09516,-0.464576,-0.787144,-40.53,-51.45,60.97,Noise,Right
1705996242195,-0.055144,-0.4148,-0.812032,-64.96,-42.42,55.37,Noise,Right
1705996242241,-0.267424,-0.422608,-0.82472,-80.15,-30.38,40.81,Noise,Right
1705996242241,-0.205936,-0.351848,-0.938424,-34.86,-20.72,9.24,Noise,Right
1705996242241,-0.200568,-0.35624,-0.986248,-9.8,8.05,-10.22,Noise,Right
1705996242298,-0.201056,-0.367464,-1.022848,24.78,27.16,-20.44,Noise,Right
1705996242298,-0.16348,-0.432856,-0.950136,61.95,39.06,-22.26,Noise,Right
1705996242299,-0.13664,-0.45628,-0.843264,60.34,39.2,-23.94,Noise,Right
1705996242418,-0.119072,-0.490928,-0.79788,51.24,31.22,-28.35,Noise,Right
1705996242418,-0.054168,-0.531432,-0.80032,41.86,24.36,-32.83,Noise,Right
1705996242418,0.010248,-0.543632,-0.835456,30.45,20.51,-35.98,Noise,Right
1705996242418,0.052216,-0.55388,-0.8662,24.29,22.19,-37.66,Noise,Right
1705996242418,0.047824,-0.540704,-0.851072,32.55,26.32,-41.58,Noise,Right
1705996242419,0.047824,-0.561688,-0.831552,41.37,27.16,-43.26,Noise,Right
1705996242419,0.091744,-0.57584,-0.815448,34.09,20.09,-39.41,Noise,Right
1705996242520,0.093208,-0.567056,-0.799832,7.21,3.29,-31.22,Noise,Right
1705996242521,0.11712,-0.565104,-0.778848,-16.03,-13.72,-26.53,Noise,Right
1705996242521,0.130296,-0.594384,-0.766648,-27.3,-27.44,-28.56,Noise,Right
1705996242521,0.093696,-0.578768,-0.786168,-26.81,-34.72,-36.61,Noise,Right
1705996242521,0.095648,-0.568032,-0.79544,-32.69,-32.83,-44.24,Noise,Right
1705996242521,0.082472,-0.565592,-0.8174,-30.52,-26.81,-43.19,Noise,Right
1705996242572,0.061488,-0.54656,-0.831064,-34.93,-23.1,-35.42,Noise,Right
1705996242572,0.045384,-0.5734,-0.785192,-50.05,-21.49,-28.42,Noise,Right
1705996242572,0.040016,-0.552904,-0.778848,-106.47,-17.78,-27.3,Noise,Right
1705996242706,0.056608,-0.402112,-0.876936,-140.84,-9.87,-31.5,Noise,Right
1705996242706,0.022448,-0.306464,-0.975024,-78.82,-2.8,-33.74,Noise,Right
1705996242706,-0.010736,-0.397232,-0.960872,19.95,-3.64,-24.29,Noise,Right
1705996242707,0.015128,-0.40016,-0.880352,23.24,-10.78,-15.05,Noise,Right
1705996242707,0.056608,-0.42944,-0.86376,25.06,-15.33,-11.13,Noise,Right
1705996242707,0.069784,-0.44896,-0.889624,15.12,-10.85,-11.76,Noise,Right
1705996242707,0.079056,-0.465064,-0.887184,18.55,-2.1,-11.55,Noise,Right
1705996242753,0.069296,-0.488,-0.838384,24.01,3.92,-8.54,Noise,Right
1705996242755,0.088816,-0.500688,-0.828136,17.08,5.6,-4.06,Noise,Right
1705996242755,0.094672,-0.499712,-0.828136,6.86,6.02,0.63,Noise,Right
1705996242755,0.090768,-0.463112,-0.843264,-11.2,5.18,6.37,Noise,Right
1705996242809,0.110288,-0.435296,-0.879864,-17.64,1.4,11.69,Noise,Right
1705996242810,0.070272,-0.442128,-0.925248,-15.47,-6.44,12.81,Noise,Right
1705996242810,0.061488,-0.403088,-0.919392,2.24,-12.04,5.95,Noise,Right
1705996242864,0.05368,-0.410896,-0.910608,5.95,-11.48,-2.87,Noise,Right
1705996242864,0.032696,-0.40504,-0.912072,7.84,-8.33,-10.29,Noise,Right
1705996242864,0.022448,-0.427976,-0.899872,12.11,-5.53,-11.48,Noise,Right
1705996242912,0.021472,-0.450424,-0.862784,14.56,-3.15,-9.38,Noise,Right
1705996242912,0.046848,-0.45872,-0.853512,14.56,0.35,-7.84,Noise,Right
1705996242912,0.057584,-0.471896,-0.854976,14.42,5.46,-6.09,Noise,Right
1705996242955,0.09272,-0.472872,-0.844728,14.49,11.41,-3.08,Noise,Right
1705996242955,0.084424,-0.469456,-0.849608,15.4,16.45,2.94,Noise,Right
1705996242957,0.082472,-0.479216,-0.855952,21.0,17.36,9.38,Noise,Right
1705996243003,0.0976,-0.473848,-0.884256,17.15,11.76,11.62,Noise,Right
1705996243003,0.141032,-0.44896,-0.915488,15.82,4.06,8.54,Noise,Right
1705996243003,0.11224,-0.455792,-0.899384,12.39,-5.74,1.82,Noise,Right
1705996243050,0.088328,-0.452864,-0.864736,0.28,-14.42,-8.68,Noise,Right
1705996243051,0.071248,-0.45384,-0.864736,-8.75,-16.94,-17.92,Noise,Right
1705996243096,0.053192,-0.456768,-0.875472,-9.1,-11.34,-18.06,Noise,Right
1705996243096,0.037576,-0.481656,-0.843752,-1.26,-3.99,-12.39,Noise,Right
1705996243096,0.059048,-0.475312,-0.85644,4.34,2.73,-4.55,Noise,Right
1705996243142,0.09028,-0.48068,-0.854488,10.22,8.47,1.89,Noise,Right
1705996243142,0.104432,-0.465552,-0.854488,12.95,10.71,4.97,Noise,Right
1705996243142,0.119072,-0.470432,-0.877912,16.1,7.63,3.99,Noise,Right
1705996243189,0.126392,-0.471408,-0.888648,9.38,0.63,-0.98,Noise,Right
1705996243189,0.1098,-0.464576,-0.86864,1.26,-7.42,-8.75,Noise,Right
1705996243189,0.096624,-0.467016,-0.861808,-5.32,-11.83,-14.63,Noise,Right
1705996243241,0.094672,-0.466528,-0.864736,-6.02,-11.41,-14.91,Noise,Right
1705996243241,0.084424,-0.468968,-0.855952,-3.08,-7.21,-9.17,Noise,Right
1705996243340,0.084912,-0.46116,-0.842776,-4.27,-1.54,-2.94,Noise,Right
1705996243341,0.0976,-0.45628,-0.885232,-3.92,2.66,1.33,Noise,Right
1705996243341,0.101504,-0.464576,-0.874984,5.81,3.36,2.52,Noise,Right
1705996243341,0.097112,-0.462624,-0.857416,7.7,-0.21,-0.63,Noise,Right
1705996243342,0.089304,-0.458232,-0.873032,3.64,-3.29,-6.72,Noise,Right
1705996243462,0.134688,-0.479704,-0.85156,10.01,-5.04,0.56,Noise,Right
1705996243704,0.130296,-0.507032,-0.84668,18.48,-3.5,5.74,Noise,Right
1705996243917,0.162992,-0.793,-0.62952,109.62,10.71,48.51,Noise,Right
1705996244139,0.10004,-0.899872,-0.2684,125.51,32.34,79.73,Noise,Right
1705996244261,-0.198616,-1.01016,-0.066856,-23.03,29.19,1.96,Noise,Right
1705996244310,-0.183976,-0.903288,-0.125904,-142.17,36.54,-1.68,Noise,Right
1705996244310,-0.07564,-0.831552,-0.193248,-172.69,41.58,-14.84,Noise,Right
1705996244355,0.075152,-0.833016,-0.259128,-132.93,45.01,-33.88,Noise,Right
1705996244355,0.123952,-0.857904,-0.279624,0.7,33.18,-55.79,Noise,Right
1705996244355,0.056608,-0.876936,-0.237656,63.56,8.54,-60.2,Noise,Right
1705996244404,0.044408,-0.955016,-0.183976,111.72,-15.54,-49.7,Noise,Right
1705996244404,0.05856,-0.996496,-0.15372,85.82,-26.88,-29.47,Noise,Right
1705996244404,0.030744,-1.052128,-0.202032,57.33,-22.61,-1.26,Noise,Right
1705996244448,0.065392,-1.01992,-0.105896,65.1,-14.14,23.94,Noise,Right
1705996244448,0.061976,-0.968192,-0.057096,27.72,-9.17,32.76,Noise,Right
1705996244449,0.068808,-0.958432,-0.062464,13.51,-15.33,24.01,Noise,Right
1705996244492,0.039528,-0.970632,-0.055144,15.54,-22.12,6.93,Noise,Right
1705996244492,0.006832,-0.908168,-0.060024,19.6,-25.06,-9.31,Noise,Right
1705996244538,0.015616,-0.957944,0.030256,19.18,-25.13,-19.04,Noise,Right
1705996244538,0.0122,-0.895968,-0.073688,-9.59,-29.47,-25.34,Noise,Right
1705996244538,-0.010248,-0.95404,-0.125904,7.49,-31.22,-30.87,Noise,Right
1705996244585,0.032696,-1.021872,-0.170312,20.23,-30.03,-35.0,Noise,Right
1705996244586,0.083448,-1.016992,-0.203984,11.27,-27.16,-43.68,Noise,Right
1705996244586,0.10736,-0.909632,-0.201544,21.7,-20.86,-59.43,Noise,Right
1705996244633,0.043432,-0.950136,0.008784,61.46,-12.95,-69.44,Noise,Right
1705996244634,0.125416,-0.97844,0.071248,12.39,-9.03,-58.03,Noise,Right
1705996244634,0.079544,-1.014064,0.066856,16.24,-4.48,-26.53,Noise,Right
1705996244679,0.066856,-0.998936,0.049776,-19.53,2.03,-4.83,Noise,Right
1705996244679,0.033184,-0.980392,-0.07564,-49.84,12.46,1.4,Noise,Right
1705996244730,0.152744,-1.026752,-0.16104,-31.15,26.39,-8.12,Noise,Right
1705996244731,0.245952,-1.050176,-0.146888,-11.13,31.15,-13.02,Noise,Right
1705996244731,0.076128,-1.068232,-0.138104,-14.42,32.48,-8.05,Noise,Right
1705996244774,0.183976,-1.009184,-0.021472,-35.7,26.32,15.33,Noise,Right
1705996244774,0.162504,-1.01504,0.025864,-56.35,14.07,34.79,Noise,Right
1705996244774,-0.025864,-0.913536,0.056608,-97.23,6.72,51.45,Noise,Right
1705996244826,-0.035136,-0.86132,-0.01464,-142.94,4.48,64.82,Noise,Right
1705996244826,0.020496,-0.894016,-0.194712,-140.0,15.12,65.38,Noise,Right
1705996244826,0.143472,-1.06628,-0.262544,-63.21,36.54,49.07,Noise,Right
1705996244958,-0.094184,-0.85644,-0.340624,-11.55,61.67,19.81,Noise,Right
1705996244959,-0.093208,-0.693448,-0.391864,-5.81,68.88,7.77,Noise,Right
1705996244959,-0.135664,-0.528992,-0.327448,-40.67,59.99,-9.24,Noise,Right
1705996244959,0.210328,-0.738832,-0.308416,-38.78,48.02,-24.92,Noise,Right
1705996244959,0.547048,-1.191208,-0.343064,-29.26,34.58,-58.24,Noise,Right
1705996244959,0.151768,-1.094096,-0.455792,-76.44,24.85,-81.34,Noise,Right
1705996244959,0.086376,-1.160464,-0.574376,-59.92,-0.56,-46.06,Noise,Right
1705996245006,0.006344,-1.025776,-0.437248,-36.54,-23.73,-1.75,Noise,Right
1705996245006,-0.038064,-0.80276,-0.284016,-39.97,-32.48,23.03,Noise,Right
1705996245006,0.100528,-0.76128,-0.199592,-10.43,-15.68,22.26,Noise,Right
1705996245065,0.268888,-0.994544,-0.358192,-29.26,14.21,19.04,Noise,Right
1705996245065,0.190808,-1.140944,-0.320616,28.0,42.77,-5.04,Noise,Right
1705996245065,0.103944,-0.976,-0.44652,-8.68,41.51,5.67,Noise,Right
1705996245116,0.095648,-0.89792,-0.430904,-30.38,17.85,23.24,Noise,Right
1705996245116,0.015128,-0.752496,-0.375272,-60.06,-13.16,24.43,Noise,Right
1705996245116,0.007808,-0.66368,-0.307928,-81.83,-23.24,9.17,Noise,Right
1705996245116,-0.18056,-0.71248,-0.357704,-84.28,-8.54,-26.32,Noise,Right
1705996245163,0.276208,-1.056032,-0.621712,-1.4,14.42,-46.9,Noise,Right
1705996245165,0.074664,-1.006744,-0.538264,-1.89,44.8,-50.26,Noise,Right
1705996245165,0.084424,-1.05896,-0.567544,30.73,31.64,-9.1,Noise,Right
1705996245211,0.130784,-0.972584,-0.5124,42.56,6.79,20.09,Noise,Right
1705996245211,0.148352,-0.913536,-0.443104,-0.14,-17.22,39.06,Noise,Right
1705996245265,0.155184,-0.816424,-0.332328,10.08,-24.22,27.23,Noise,Right
1705996245265,0.172264,-0.811056,-0.315736,-2.73,-4.2,-3.57,Noise,Right
1705996245265,0.164456,-0.872056,-0.372832,-6.72,19.67,-27.09,Noise,Right
1705996245321,0.101016,-0.953064,-0.434808,-0.77,19.18,-23.94,Noise,Right
1705996245321,0.051728,-1.001376,-0.487512,8.47,8.61,-1.68,Noise,Right
1705996245321,0.05368,-0.953552,-0.499712,11.48,-6.86,22.47,Noise,Right
1705996245322,0.020984,-0.8418,-0.438224,19.18,-17.99,37.59,Noise,Right
1705996245369,-0.018056,-0.777872,-0.340624,48.16,-13.02,46.48,Noise,Right
1705996245369,0.020496,-0.811056,-0.274744,108.57,13.51,50.12,Noise,Right
1705996245369,0.05612,-0.898896,-0.29524,163.8,42.98,51.73,Noise,Right
1705996245427,0.13664,-0.99796,-0.329888,142.73,64.26,47.74,Noise,Right
1705996245427,0.14152,-0.95648,-0.375272,87.85,60.41,49.7,Noise,Right
1705996245427,0.101504,-0.978928,-0.355752,43.26,35.7,54.74,Noise,Right
1705996245473,0.068808,-0.896456,-0.232288,57.61,-4.27,52.22,Noise,Right
1705996245473,0.019032,-0.872544,-0.149328,133.42,-19.95,52.71,Noise,Right
1705996245473,-0.03172,-0.842288,-0.042456,215.81,-8.26,47.18,Noise,Right
1705996245523,-0.087352,-0.897432,0.015616,269.64,26.74,33.67,Noise,Right
1705996245523,-0.157136,-0.974048,0.05124,240.24,63.98,12.67,Noise,Right
1705996245523,0.010248,-1.066768,0.01952,122.43,91.77,5.6,Noise,Right
1705996245578,0.17812,-1.252696,-0.066368,-73.64,92.12,29.33,Noise,Right
1705996245578,0.089792,-1.31272,-0.072224,-187.88,61.11,74.13,Noise,Right
1705996245578,-0.035136,-1.316624,-0.081496,-209.51,11.06,101.92,Noise,Right
1705996245631,-0.11224,-1.10776,-0.116632,-166.39,-25.27,98.7,Noise,Right
1705996245631,-0.162016,-0.78812,-0.105896,-160.51,-20.93,92.05,Noise,Right
1705996245632,-0.174704,-0.694424,-0.162504,-149.45,7.28,88.9,Noise,Right
1705996245755,-0.16592,-0.755424,-0.271328,-89.04,45.57,83.23,Noise,Right
1705996245756,-0.164456,-0.96868,-0.328912,-114.1,84.07,96.04,Noise,Right
1705996245756,-0.114192,-1.026264,-0.326472,-160.23,107.1,127.12,Noise,Right
1705996245756,-0.043432,-1.03944,-0.41236,-162.68,107.17,145.67,Noise,Right
1705996245756,-0.040992,-1.001376,-0.55144,-184.45,97.16,156.38,Noise,Right
1705996245756,-0.12932,-0.789584,-0.473848,-193.2,76.23,157.29,Noise,Right
1705996245756,-0.202032,-0.781776,-0.455304,-95.55,42.0,144.55,Noise,Right
1705996245799,-0.218624,-0.728584,-0.549488,-0.21,14.21,120.4,Noise,Right
1705996245799,-0.14884,-0.774944,-0.598288,36.75,1.4,100.94,Noise,Right
1705996245799,-0.170312,-0.996984,-0.542168,-10.22,-7.21,88.48,Noise,Right
1705996245845,-0.160064,-0.921344,-0.599752,-86.73,-18.2,72.87,Noise,Right
1705996245845,-0.113216,-0.709064,-0.572424,-84.28,-28.21,56.77,Noise,Right
1705996245845,-0.167872,-0.584136,-0.546072,-39.76,-39.9,40.11,Noise,Right
1705996245892,-0.348432,-0.561688,-0.486048,-62.16,-54.18,18.27,Noise,Right
1705996245892,-0.453352,-0.762744,-0.704184,-29.4,-78.19,-14.42,Noise,Right
1705996245892,-0.43432,-0.73688,-0.622688,50.61,-91.28,-53.76,Noise,Right
1705996245939,-0.694912,-0.415288,-0.711992,48.37,-80.64,-77.07,Noise,Right
1705996245939,-0.979416,-0.572912,-0.538752,-143.43,-48.23,-58.1,Noise,Right
1705996260647,0.586576,0.328912,0.704184,10.78,-13.86,1.96,Noise,Right
1705996260647,0.606096,0.313784,0.744688,2.87,-15.05,0.07,Noise,Right
1705996260648,0.604144,0.366488,0.805688,-3.85,-20.37,-0.77,Noise,Right
1705996260694,0.55632,0.359656,0.796416,-2.17,-17.99,-0.91,Noise,Right
1705996260694,0.538752,0.382592,0.767624,3.43,-18.27,-0.14,Noise,Right
1705996260694,0.526064,0.388936,0.74908,13.65,-16.45,1.33,Noise,Right
1705996260741,0.556808,0.3538,0.707112,16.45,-14.07,1.96,Noise,Right
1705996260741,0.617808,0.352336,0.69784,13.3,-13.51,1.33,Noise,Right
1705996260741,0.692472,0.323056,0.816424,2.24,-15.61,2.03,Noise,Right
1705996260787,0.68076,0.403576,0.77592,-12.46,-20.02,2.45,Noise,Right
1705996260787,0.692472,0.393328,0.772992,-4.83,-22.26,3.08,Noise,Right
1705996260788,0.595848,0.39772,0.728584,2.45,-21.49,5.32,Noise,Right
1705996260839,0.560224,0.392352,0.732,8.05,-20.79,6.93,Noise,Right
1705996260840,0.564616,0.355264,0.70028,13.86,-18.13,7.14,Noise,Right
1705996260952,0.60756,0.307928,0.670024,14.49,-15.33,6.72,Noise,Right
1705996260953,0.606584,0.277672,0.634888,11.83,-19.88,6.16,Noise,Right
1705996260953,0.704184,0.247416,0.692472,-3.92,-17.85,2.87,Noise,Right
1705996260953,0.65636,0.384056,0.791536,-17.15,-16.66,-0.77,Noise,Right
1705996260953,0.655872,0.376248,0.739808,-6.23,-17.64,3.22,Noise,Right
1705996260953,0.61976,0.345016,0.732976,-4.2,-18.06,2.31,Noise,Right
1705996260953,0.61,0.320616,0.687592,-16.1,-16.59,2.73,Noise,Right
1705996261003,0.626592,0.311832,0.671,7.42,-15.54,0.91,Noise,Right
1705996261003,0.637328,0.276208,0.650504,0.21,-11.34,-0.14,Noise,Right
1705996261003,0.703696,0.277672,0.674904,-10.57,-10.43,-3.01,Noise,Right
1705996261058,0.66856,0.334768,0.674904,-15.33,-10.29,-5.81,Noise,Right
1705996261058,0.680272,0.289872,0.66368,-23.8,-9.24,-3.57,Noise,Right
1705996261059,0.6344,0.349408,0.695888,-19.46,-8.75,-3.99,Noise,Right
1705996261059,0.610976,0.344528,0.690032,-12.39,-10.15,-2.31,Noise,Right
1705996261113,0.625616,0.303048,0.749568,-6.58,-9.73,-2.59,Noise,Right
1705996261113,0.660264,0.315248,0.738832,-10.92,-7.14,-1.68,Noise,Right
1705996261113,0.653432,0.281576,0.725168,-13.37,-5.11,-3.01,Noise,Right
1705996261160,0.662704,0.308904,0.722728,-11.97,-5.81,-3.5,Noise,Right
1705996261160,0.639768,0.305976,0.699304,-9.03,-4.41,-4.41,Noise,Right
1705996261160,0.6832,0.316224,0.708576,-8.47,-5.39,-3.43,Noise,Right
1705996261207,0.671,0.345992,0.716384,-17.15,-5.39,-3.29,Noise,Right
1705996261207,0.609024,0.261568,0.704672,-21.0,-2.17,-4.9,Noise,Right
1705996261258,0.682712,0.319152,0.784704,-17.43,-3.85,-3.57,Noise,Right
1705996261259,0.652456,0.314272,0.752984,-14.49,-3.78,-3.29,Noise,Right
1705996261259,0.68076,0.274256,0.716384,-5.11,-3.08,-3.71,Noise,Right
1705996261301,0.66368,0.279624,0.733464,0.84,-5.25,-2.66,Noise,Right
1705996261301,0.701744,0.281576,0.699304,0.84,-2.73,-3.92,Noise,Right
1705996261302,0.68076,0.28304,0.709064,-5.74,-1.47,-4.41,Noise,Right
1705996261350,0.663192,0.293776,0.725656,-6.09,0.42,-3.78,Noise,Right
1705996261350,0.681736,0.306464,0.72712,-6.58,1.54,-3.08,Noise,Right
1705996261350,0.661728,0.31476,0.719312,-7.42,2.66,-0.91,Noise,Right
1705996261401,0.655872,0.29768,0.693448,-5.46,5.53,0.0,Noise,Right
1705996261409,0.671,0.308416,0.71736,-7.07,10.22,0.42,Noise,Right
1705996261445,0.643672,0.338672,0.711016,-2.1,17.64,0.21,Noise,Right
1705996261445,0.633912,0.297192,0.59048,0.91,27.93,0.49,Noise,Right
1705996261446,0.648064,0.254248,0.564616,-14.07,34.16,1.61,Noise,Right
1705996261502,0.65636,0.207888,0.572424,-55.93,45.08,-1.61,Noise,Right
1705996261502,0.613904,0.121512,0.614392,-122.01,58.31,0.21,Noise,Right
1705996261502,0.641232,-0.016104,0.797392,-133.98,80.85,33.39,Noise,Right
1705996261502,0.634888,0.013176,1.020896,-160.51,119.42,48.51,Noise,Right
1705996261549,0.626592,-0.00976,1.033096,-156.94,142.66,52.71,Noise,Right
1705996261549,0.569984,-0.18788,1.023824,-142.52,155.96,46.13,Noise,Right
1705996261594,0.494832,-0.280112,1.047736,-138.95,155.12,51.66,Noise,Right
1705996261594,0.390888,-0.342088,1.126792,-134.12,158.06,67.48,Noise,Right
1705996261594,0.32452,-0.37576,1.157048,-157.64,177.24,83.72,Noise,Right
1705996261651,0.251808,-0.430416,1.169248,-193.41,208.46,103.39,Noise,Right
1705996261651,0.30744,-0.443592,1.065792,-227.92,234.15,135.8,Noise,Right
1705996261651,0.246928,-0.497272,0.93696,-245.35,232.4,153.44,Noise,Right
1705996261706,0.157136,-0.550464,0.782752,-244.37,196.91,163.59,Noise,Right
1705996261706,0.031232,-0.584624,0.706624,-210.14,146.51,169.12,Noise,Right
1705996261706,-0.090768,-0.665144,0.704672,-165.76,100.52,168.98,Noise,Right
1705996261706,-0.1586,-0.717848,0.776408,-147.0,69.86,170.31,Noise,Right
1705996261752,-0.1952,-0.675392,0.860344,-134.4,58.45,188.02,Noise,Right
1705996261752,-0.228384,-0.597312,0.886696,-131.25,64.75,206.08,Noise,Right
1705996261797,-0.30744,-0.559736,0.852536,-123.06,74.2,204.47,Noise,Right
1705996261797,-0.345016,-0.581208,0.753472,-145.32,76.72,184.45,Noise,Right
1705996261797,-0.367464,-0.597312,0.665632,-139.86,65.31,170.45,Noise,Right
1705996261849,-0.376736,-0.650992,0.624152,-119.77,42.07,170.59,Noise,Right
1705996261850,-0.391376,-0.643184,0.616832,-104.09,16.03,171.01,Noise,Right
1705996261850,-0.42944,-0.647576,0.643184,-84.0,-2.03,170.8,Noise,Right
1705996261906,-0.509472,-0.666608,0.693936,-50.82,-11.83,168.14,Noise,Right
1705996261907,-0.5368,-0.64172,0.725656,-40.18,-9.24,173.32,Noise,Right
1705996261907,-0.519232,-0.594872,0.691984,-44.73,-1.19,181.72,Noise,Right
1705996261957,-0.514352,-0.53192,0.6588,-42.91,3.29,180.04,Noise,Right
1705996261957,-0.52216,-0.4636,0.665144,-45.22,-0.07,169.61,Noise,Right
1705996261958,-0.521184,-0.34648,0.691008,-34.09,-10.85,158.48,Noise,Right
1705996261958,-0.568032,-0.310368,0.723704,6.86,-22.05,143.92,Noise,Right
1705996262078,-0.577792,-0.327448,0.74908,15.54,-21.14,122.5,Noise,Right
1705996262078,-0.554368,-0.30256,0.710528,-5.95,-17.43,108.78,Noise,Right
1705996262078,-0.591456,-0.309392,0.669048,2.87,-16.31,109.97,Noise,Right
1705996262078,-0.60512,-0.325008,0.665632,14.14,-24.08,113.68,Noise,Right
1705996262078,-0.639768,-0.276696,0.782752,13.02,-30.38,108.78,Noise,Right
1705996262078,-0.66368,-0.213744,0.921832,1.26,-21.56,96.11,Noise,Right
1705996262078,-0.642208,-0.2318,0.877912,5.6,-0.56,84.49,Noise,Right
1705996262125,-0.609512,-0.183,0.730536,-7.14,19.25,74.83,Noise,Right
1705996262125,-0.604632,-0.084912,0.527528,14.14,15.19,70.42,Noise,Right
1705996262170,-0.620736,-0.129808,0.476776,40.53,-9.31,63.7,Noise,Right
1705996262170,-0.56608,-0.120536,0.576816,35.21,-46.69,47.74,Noise,Right
1705996262170,-0.657336,-0.164944,0.730536,37.8,-60.06,36.89,Noise,Right
1705996262217,-0.708088,-0.179584,0.902312,23.87,-40.18,39.83,Noise,Right
1705996262217,-0.681248,-0.159088,0.955992,11.06,-5.11,47.53,Noise,Right
1705996262217,-0.640744,-0.037088,0.838872,-17.71,35.42,51.03,Noise,Right
1705996262264,-0.56852,0.144448,0.441152,70.7,-42.91,19.74,Noise,Right
1705996262265,-0.70272,-0.003904,0.64416,31.64,-11.62,11.27,Noise,Right
1705996262265,-0.821792,0.011712,0.731512,54.39,-22.54,-4.34,Noise,Right
1705996262311,-0.585112,-0.211792,0.763232,7.91,19.25,10.08,Noise,Right
1705996262311,-0.741272,-0.122,0.837896,45.22,4.97,7.56,Noise,Right
1705996262367,-0.609024,-0.059048,0.669536,31.92,-3.29,9.73,Noise,Right
1705996262368,-0.708088,-0.15372,0.665144,42.35,-2.94,12.04,Noise,Right
1705996262368,-0.724192,-0.016104,0.679784,40.74,-2.45,10.71,Noise,Right
1705996262419,-0.7442,-0.097112,0.616344,73.78,-3.36,9.73,Noise,Right
1705996262419,-0.796416,-0.077104,0.633912,58.87,-4.83,9.66,Noise,Right
1705996262420,-0.80764,-0.035624,0.66368,45.57,-3.29,6.93,Noise,Right
1705996262420,-0.788608,-0.086864,0.647576,41.09,-1.61,3.92,Noise,Right
1705996262471,-0.72224,-0.094184,0.654408,17.29,-1.96,-2.24,Noise,Right
1705996262472,-0.720288,-0.035624,0.706136,5.11,-1.33,-4.83,Noise,Right
1705996262476,-0.704672,-0.012688,0.703696,2.87,-2.24,-2.73,Noise,Right
1705996262591,-0.71004,-0.000488,0.711504,12.95,-2.87,-1.47,Noise,Right
1705996262591,-0.687592,0.054168,0.704184,24.08,-2.73,-1.75,Noise,Right
1705996262591,-0.607072,0.044896,0.687104,29.96,-2.03,-2.59,Noise,Right
1705996262591,-0.635376,0.052216,0.718336,15.75,-1.61,-8.26,Noise,Right
1705996262591,-0.629032,0.043432,0.737368,20.86,-1.96,-13.93,Noise,Right
1705996262592,-0.609024,0.09272,0.712968,-5.67,9.24,-40.88,Noise,Right
1705996262592,-0.602192,-0.042456,0.608048,-6.02,10.29,-45.43,Noise,Right
1705996262638,-0.566568,-0.063928,0.519232,9.94,-4.97,-42.35,Noise,Right
1705996262638,-0.713944,-0.015616,0.77592,-2.8,2.8,-45.01,Noise,Right
1705996262682,-0.681736,0.019032,0.758352,-17.29,30.8,-56.84,Noise,Right
1705996262682,-0.778848,-0.064904,0.684664,-10.71,49.0,-64.33,Noise,Right
1705996262682,-0.953552,-0.21472,0.564128,-15.54,53.55,-73.57,Noise,Right
1705996262730,-1.247328,-0.358192,0.334768,-6.58,35.42,-67.76,Noise,Right
1705996262730,-1.490352,-0.595848,0.271328,13.3,-4.62,-54.39,Noise,Right
1705996262730,-1.453264,-0.56852,0.34892,4.83,-25.76,-14.35,Noise,Right
1705996262778,-1.104344,-0.1464,0.657336,36.89,-39.2,28.63,Noise,Right
1705996262778,-0.615368,0.155672,0.95648,73.85,-32.97,25.97,Noise,Right
1705996262779,-0.252296,0.350384,1.068232,29.54,4.97,-10.78,Noise,Right
1705996262822,-0.154208,0.488976,1.09068,-0.28,42.21,-48.72,Noise,Right
1705996262822,-0.094672,0.472384,0.940376,-15.82,64.61,-97.79,Noise,Right
1705996262868,-0.181048,0.34648,0.63196,-26.04,78.05,-151.76,Noise,Right
1705996262868,-0.366488,0.108824,0.335256,76.65,44.8,-178.08,Noise,Right
1705996262868,-0.619272,-0.435784,0.267912,131.04,-8.75,-191.1,Noise,Right
1705996262915,-0.83936,-0.760792,0.358192,63.35,-40.67,-174.86,Noise,Right
1705996262915,-0.892064,-0.69784,0.61976,-27.37,-21.14,-122.08,Noise,Right
1705996262915,-0.904264,-0.435784,0.739808,-29.68,21.35,-70.7,Noise,Right
1705996262963,-0.823256,-0.262056,0.75396,-31.71,69.86,-61.18,Noise,Right
1705996262963,-0.730048,-0.166408,0.658312,-48.23,111.58,-88.83,Noise,Right
1705996263010,-0.657824,-0.232288,0.430904,-45.99,129.78,-128.1,Noise,Right
1705996263010,-0.559736,-0.435784,0.17812,-39.27,101.22,-147.49,Noise,Right
1705996263010,-0.648064,-0.549976,0.169824,3.01,40.11,-141.68,Noise,Right
1705996263057,-0.738832,-0.655872,0.231312,72.66,-20.65,-113.12,Noise,Right
1705996263057,-0.872056,-0.654896,0.420168,91.07,-38.71,-81.06,Noise,Right
1705996263057,-0.854,-0.54412,0.596824,67.2,-18.55,-70.98,Noise,Right
1705996263102,-0.826672,-0.421144,0.668072,33.74,22.89,-83.79,Noise,Right
1705996263102,-0.741272,-0.366976,0.621224,4.41,70.0,-110.11,Noise,Right
1705996263104,-0.638792,-0.381616,0.52216,-16.31,91.49,-139.37,Noise,Right
1705996263149,-0.526552,-0.42456,0.411384,-13.93,87.01,-162.05,Noise,Right
1705996263150,-0.482632,-0.535824,0.30256,15.19,58.45,-176.82,Noise,Right
1705996263195,-0.489464,-0.684176,0.31232,83.72,10.43,-175.21,Noise,Right
1705996263195,-0.549976,-0.831064,0.409432,130.97,-36.33,-147.21,Noise,Right
1705996263196,-0.599752,-0.818864,0.522648,131.25,-48.65,-109.69,Noise,Right
1705996263242,-0.638792,-0.70272,0.638304,110.32,-36.26,-85.33,Noise,Right
1705996263243,-0.566568,-0.554368,0.689544,91.98,-12.88,-81.62,Noise,Right
1705996263244,-0.483608,-0.443104,0.6832,93.94,2.52,-100.94,Noise,Right
1705996263289,-0.406016,-0.394792,0.66856,136.08,-5.67,-133.84,Noise,Right
1705996263289,-0.304024,-0.456768,0.662216,230.09,-42.49,-163.52,Noise,Right
1705996263290,-0.284504,-0.691496,0.730048,279.72,-90.72,-178.5,Noise,Right
1705996263333,-0.31232,-0.882304,0.848144,258.93,-120.75,-173.39,Noise,Right
1705996263333,-0.36112,-0.94428,0.976488,175.56,-107.17,-136.99,Noise,Right
1705996263393,-0.302072,-0.735904,0.962336,80.15,-55.37,-94.01,Noise,Right
1705996263393,-0.291824,-0.532408,0.940376,70.42,-14.21,-49.49,Noise,Right
1705996263394,-0.20008,-0.30988,0.842288,142.17,-17.01,-53.06,Noise,Right
1705996263441,-0.076616,-0.3294,0.826184,247.1,-57.61,-88.97,Noise,Right
1705996263441,-0.113704,-0.467016,0.903288,320.81,-114.24,-116.76,Noise,Right
1705996263441,-0.142496,-0.606584,1.060912,317.31,-141.47,-101.71,Noise,Right
1705996263494,-0.25376,-0.694912,1.231712,236.6,-116.48,-58.24,Noise,Right
1705996263494,-0.120536,-0.514352,1.102392,125.58,-75.74,-8.26,Noise,Right
1705996263495,-0.140544,-0.378688,1.102392,35.63,-26.32,31.36,Noise,Right
1705996263495,-0.020984,-0.177144,1.004792,-1.82,-15.19,35.98,Noise,Right
1705996263552,-0.016592,-0.142496,0.964776,36.4,-29.68,21.7,Noise,Right
1705996263554,0.030744,-0.123952,1.010648,106.96,-59.5,2.73,Noise,Right
1705996263554,-0.016592,-0.210816,1.042856,139.44,-67.41,-4.06,Noise,Right
1705996263679,0.001952,-0.215208,1.0614,134.26,-60.69,10.29,Noise,Right
1705996263680,-0.006832,-0.20252,1.078968,86.8,-46.62,23.17,Noise,Right
1705996263680,0.006832,-0.124928,1.082384,41.44,-28.35,32.76,Noise,Right
1705996263680,0.028792,-0.026352,1.028704,6.09,-11.97,39.76,Noise,Right
1705996263681,0.02928,0.061,0.996496,-13.93,-3.78,36.19,Noise,Right
1705996263681,0.05612,0.103456,0.913048,8.96,-11.48,23.94,Noise,Right
1705996263681,0.072224,0.041968,0.892552,43.33,-35.63,12.11,Noise,Right
1705996263739,0.06832,-0.017568,0.931104,71.96,-61.74,10.08,Noise,Right
1705996263739,0.079056,-0.015616,1.01748,86.1,-73.15,21.7,Noise,Right
1705996263739,0.092232,0.001464,1.06872,80.08,-63.63,30.03,Noise,Right
1705996263739,0.1098,0.059536,1.03456,58.38,-46.55,32.83,Noise,Right
1705996263802,0.166408,0.11468,0.931104,40.95,-35.84,30.1,Noise,Right
1705996263802,0.153232,0.136152,0.894504,56.35,-49.07,25.48,Noise,Right
1705996263802,0.1586,0.142984,0.896944,87.29,-71.96,20.44,Noise,Right
1705996263802,0.16104,0.127368,0.963312,97.02,-79.94,15.68,Noise,Right
1705996263922,0.180072,0.123952,1.01504,83.09,-65.38,21.14,Noise,Right
1705996263922,0.19764,0.164456,1.0614,60.06,-43.54,28.56,Noise,Right
1705996263923,0.223504,0.189832,1.030656,33.11,-17.71,24.92,Noise,Right
1705996263923,0.260592,0.250344,0.935008,21.14,-5.32,22.4,Noise,Right
1705996263924,0.306952,0.246928,0.80032,49.28,-25.9,18.27,Noise,Right
1705996263924,0.325984,0.133712,0.806176,69.16,-62.44,13.02,Noise,Right
1705996263924,0.30256,0.244,0.931104,92.61,-87.92,10.15,Noise,Right
1705996263965,0.234728,0.250832,1.08092,85.96,-75.81,10.57,Noise,Right
1705996263965,0.28548,0.26108,1.117032,56.77,-40.25,7.98,Noise,Right
1705996264012,0.30256,0.240584,1.106296,19.81,4.62,4.06,Noise,Right
1705996264012,0.327448,0.227896,1.004792,-9.73,32.34,2.31,Noise,Right
1705996264012,0.326472,0.205448,0.863272,-21.7,32.62,7.21,Noise,Right
1705996264061,0.344528,0.213744,0.788608,3.36,2.24,16.66,Noise,Right
1705996264061,0.316224,0.240096,0.813984,31.15,-36.19,26.18,Noise,Right
1705996264062,0.27328,0.313784,0.914512,42.49,-51.52,25.97,Noise,Right
1705996264106,0.2562,0.365024,0.973072,38.64,-35.21,17.85,Noise,Right
1705996264106,0.286456,0.37332,0.948672,28.28,-14.14,4.83,Noise,Right
1705996264107,0.316224,0.369416,0.872544,21.91,-3.22,-3.01,Noise,Right
1705996264152,0.347944,0.29524,0.813008,22.75,-9.31,-7.42,Noise,Right
1705996264152,0.338184,0.256688,0.847168,28.63,-28.7,0.14,Noise,Right
1705996264198,0.359168,0.22204,0.877912,32.76,-38.5,11.34,Noise,Right
1705996264199,0.448472,0.277672,0.95892,1.82,-36.96,25.13,Noise,Right
1705996264199,0.430904,0.421144,1.140456,-12.95,-11.27,25.27,Noise,Right
1705996264245,0.551928,0.449448,0.84912,-21.07,-5.46,3.64,Noise,Right
1705996264245,0.486536,0.398208,0.91256,-1.82,-15.33,-6.44,Noise,Right
1705996264246,0.462136,0.343064,0.92964,9.45,-21.42,-7.28,Noise,Right
1705996264292,0.416264,0.304024,0.945256,25.9,-27.37,-6.02,Noise,Right
1705996264293,0.399184,0.288896,0.90768,28.91,-28.21,-4.83,Noise,Right
1705996264293,0.379176,0.284016,0.857416,26.46,-27.09,-2.45,Noise,Right
1705996264339,0.362584,0.28304,0.804712,13.02,-21.0,2.45,Noise,Right
1705996264339,0.405528,0.32208,0.794464,-3.43,-18.27,1.89,Noise,Right
1705996264386,0.391864,0.356728,0.895968,-13.23,-17.57,-0.28,Noise,Right
1705996264386,0.403088,0.379664,0.948184,-15.33,-19.53,3.08,Noise,Right
1705996264386,0.406504,0.4148,0.959408,-6.09,-19.46,4.06,Noise,Right
1705996264433,0.392352,0.350384,0.953552,14.49,-19.53,7.63,Noise,Right
1705996264433,0.373808,0.38064,0.908656,30.31,-19.39,7.98,Noise,Right
1705996264433,0.3294,0.284504,0.76128,38.71,-15.75,6.79,Noise,Right
1705996264477,0.372832,0.24644,0.755424,24.5,-11.13,5.11,Noise,Right
1705996264478,0.474336,0.310856,0.821304,7.77,-9.87,1.68,Noise,Right
1705996264524,0.508984,0.280112,0.826184,-1.26,-13.93,0.49,Noise,Right
1705996264524,0.501664,0.331352,0.935984,-8.05,-23.38,6.93,Noise,Right
1705996264524,0.472872,0.475312,0.996496,-3.57,-21.49,9.03,Noise,Right
1705996264570,0.460184,0.40992,0.917928,10.29,-26.74,4.76,Noise,Right
1705996264570,0.398208,0.374784,0.863272,24.29,-25.97,7.07,Noise,Right
1705996264570,0.367952,0.316712,0.72956,31.78,-23.38,6.44,Noise,Right
1705996264620,0.39284,0.260104,0.752496,29.68,-19.74,1.75,Noise,Right
1705996264620,0.488976,0.277672,0.77592,20.93,-18.83,-3.08,Noise,Right
1705996264620,0.4758,0.301096,0.799832,4.55,-22.4,-0.84,Noise,Right
1705996264742,0.474824,0.374784,0.948184,-8.05,-34.72,7.35,Noise,Right
1705996264744,0.50264,0.43432,0.903288,-15.89,-26.88,-1.68,Noise,Right
1705996264744,0.430904,0.431392,0.89304,-9.94,-29.61,3.92,Noise,Right
1705996264744,0.440664,0.380152,0.754448,9.38,-24.78,3.43,Noise,Right
1705996264744,0.379176,0.247416,0.654408,23.45,-24.15,0.63,Noise,Right
1705996264744,0.439688,0.210328,0.73444,22.19,-19.6,-2.24,Noise,Right
1705996264745,0.513864,0.406504,0.848144,2.31,-17.22,-7.42,Noise,Right
1705996264787,0.579256,0.444568,0.782752,9.03,-17.99,-5.6,Noise,Right
1705996264787,0.599264,0.410896,0.816424,4.69,-13.44,-7.84,Noise,Right
1705996264787,0.554368,0.416264,0.801296,-6.02,-9.52,-5.53,Noise,Right
1705996264832,0.51728,0.427,0.777384,-3.78,-6.86,-4.41,Noise,Right
1705996264834,0.487024,0.40504,0.738344,-6.79,-1.75,-2.31,Noise,Right
1705996264884,0.524112,0.414312,0.733464,-11.48,5.74,-0.42,Noise,Right
1705996264884,0.547536,0.437248,0.729072,-17.15,14.7,1.68,Noise,Right
1705996264884,0.499224,0.433832,0.526064,-17.78,28.0,3.57,Noise,Right
1705996264927,0.5246,0.34648,0.5124,-36.26,40.11,5.81,Noise,Right
1705996264928,0.621224,0.171288,0.630984,-93.8,47.67,6.02,Noise,Right
1705996264928,0.817888,0.267424,0.712968,-146.65,48.09,-5.81,Noise,Right
1705996264973,0.705648,0.244488,0.942816,-141.96,39.13,-8.47,Noise,Right
1705996264973,0.609024,0.182512,0.951112,-127.89,25.9,-15.4,Noise,Right
1705996264973,0.488976,0.077592,1.043832,-108.71,24.36,-10.78,Noise,Right
1705996265032,0.426024,0.027816,1.210728,-115.78,58.73,-0.49,Noise,Right
1705996265033,0.404552,0.033672,1.209264,-121.66,95.76,11.48,Noise,Right
1705996265085,0.39284,0.061,1.122888,-130.2,114.1,12.32,Noise,Right
1705996265085,0.351848,0.023912,1.070672,-126.63,116.41,2.87,Noise,Right
1705996265085,0.321592,-0.044896,0.996496,-109.83,100.17,-1.89,Noise,Right
1705996265085,0.277672,-0.203496,0.944768,-95.83,79.73,1.68,Noise,Right
1705996265211,0.219112,-0.294264,0.957456,-101.99,58.59,21.42,Noise,Right
1705996265211,0.186416,-0.35136,1.01016,-112.84,47.81,55.51,Noise,Right
1705996265211,0.194224,-0.359656,1.032608,-131.18,48.02,93.87,Noise,Right
1705996265211,0.182024,-0.2562,1.03944,-132.23,71.54,120.61,Noise,Right
1705996265211,0.169824,-0.144448,1.03212,-108.57,57.33,128.73,Noise,Right
1705996265211,0.14396,-0.100528,1.016016,-85.82,62.3,110.74,Noise,Right
1705996265211,0.081984,-0.119072,0.989664,-92.33,70.49,73.36,Noise,Right
1705996265266,0.04148,-0.208864,0.92964,-94.43,76.65,41.16,Noise,Right
1705996265266,0.028304,-0.406016,0.87352,-118.02,78.47,37.45,Noise,Right
1705996265266,-0.033672,-0.466528,0.85644,-149.52,76.72,62.16,Noise,Right
1705996265266,-0.050264,-0.494344,0.825696,-141.68,71.96,92.54,Noise,Right
1705996265313,-0.065392,-0.49044,0.815448,-148.82,68.32,107.66,Noise,Right
1705996265314,-0.091256,-0.4758,0.830576,-164.15,66.85,108.5,Noise,Right
1705996265314,-0.145424,-0.434808,0.837408,-182.35,74.34,103.39,Noise,Right
1705996265361,-0.157624,-0.46848,0.818376,-168.35,86.94,85.05,Noise,Right
1705996265361,-0.148352,-0.518256,0.720288,-167.02,97.09,61.67,Noise,Right
1705996265481,-0.157624,-0.559248,0.651968,-180.88,101.78,42.84,Noise,Right
1705996265482,-0.184464,-0.598776,0.559736,-189.56,92.33,42.0,Noise,Right
1705996265482,-0.224968,-0.67588,0.491416,-165.97,71.61,49.35,Noise,Right
1705996265482,-0.259616,-0.748104,0.451888,-152.6,45.29,59.01,Noise,Right
1705996265482,-0.306464,-0.76372,0.465552,-134.96,29.47,71.47,Noise,Right
1705996265482,-0.326472,-0.813984,0.455792,-110.11,19.39,80.5,Noise,Right
1705996265482,-0.366976,-0.817888,0.447984,-101.64,15.12,84.91,Noise,Right
1705996265541,-0.397232,-0.801784,0.459208,-97.86,11.48,87.15,Noise,Right
1705996265541,-0.428464,-0.832528,0.438224,-90.23,5.46,84.21,Noise,Right
1705996265541,-0.465552,-0.909144,0.440176,-87.64,-0.07,81.62,Noise,Right
1705996265593,-0.485072,-0.923784,0.442616,-88.69,-5.95,87.92,Noise,Right
1705996265594,-0.54168,-0.900848,0.454816,-73.99,-9.17,98.63,Noise,Right
1705996265594,-0.569984,-0.892552,0.398208,-53.55,-9.03,103.11,Noise,Right
1705996265594,-0.581696,-0.899384,0.337208,-43.61,-10.5,103.11,Noise,Right
1705996265645,-0.609024,-0.91012,0.282552,-42.77,-22.54,105.91,Noise,Right
1705996265645,-0.637328,-0.89304,0.31476,-30.45,-39.55,113.05,Noise,Right
1705996265645,-0.660264,-0.843264,0.377712,-13.3,-49.35,119.84,Noise,Right
1705996265700,-0.703696,-0.76372,0.464088,-6.58,-45.85,121.1,Noise,Right
1705996265700,-0.696376,-0.712968,0.46848,-11.76,-30.8,113.54,Noise,Right
1705996265701,-0.67832,-0.676856,0.401624,-33.6,-15.89,106.33,Noise,Right
1705996265747,-0.65148,-0.618784,0.329888,-31.99,-19.74,106.61,Noise,Right
1705996265748,-0.604632,-0.58316,0.297192,-5.32,-37.66,108.15,Noise,Right
1705996265748,-0.627568,-0.555344,0.367464,0.49,-57.33,104.65,Noise,Right
1705996265792,-0.663192,-0.510936,0.433344,-6.58,-62.16,95.9,Noise,Right
1705996265792,-0.704184,-0.484584,0.477264,-21.21,-36.96,88.34,Noise,Right
1705996265792,-0.711504,-0.442616,0.461648,-31.78,-36.4,81.48,Noise,Right
1705996265853,-0.681736,-0.421144,0.42212,-31.08,-27.44,73.36,Noise,Right
1705996265853,-0.669048,-0.39284,0.388448,-25.27,-27.93,66.85,Noise,Right
1705996265854,-0.654896,-0.393816,0.399184,-16.31,-34.02,58.94,Noise,Right
1705996265902,-0.679784,-0.420656,0.435296,-11.2,-36.61,47.53,Noise,Right
1705996265902,-0.7076,-0.468968,0.45628,-22.05,-32.2,43.54,Noise,Right
1705996265902,-0.745664,-0.51484,0.437736,-19.81,-25.41,48.58,Noise,Right
1705996265951,-0.745176,-0.483608,0.403088,-2.94,-25.27,54.6,Noise,Right
1705996265951,-0.772504,-0.463112,0.41236,23.8,-33.67,60.2,Noise,Right
1705996265951,-0.783728,-0.39772,0.425048,31.99,-46.69,53.55,Noise,Right
1705996265994,-0.781776,-0.379664,0.487024,29.4,-53.13,40.88,Noise,Right
1705996265994,-0.772016,-0.389424,0.509472,16.38,-51.59,26.88,Noise,Right
1705996265995,-0.772992,-0.39772,0.515328,11.83,-50.26,21.98,Noise,Right
1705996266041,-0.750544,-0.42212,0.5124,19.53,-49.49,28.42,Noise,Right
1705996266041,-0.790072,-0.430416,0.560712,30.59,-48.3,39.97,Noise,Right
1705996266091,-0.76616,-0.38064,0.577304,41.3,-40.74,45.36,Noise,Right
1705996266092,-0.787632,-0.354288,0.600728,35.0,-33.18,45.29,Noise,Right
1705996266092,-0.767624,-0.336232,0.586088,34.79,-31.08,37.31,Noise,Right
1705996266155,-0.7564,-0.340136,0.582672,27.58,-30.31,33.32,Noise,Right
1705996266155,-0.767624,-0.35868,0.608536,18.06,-34.44,33.67,Noise,Right
1705996266155,-0.770552,-0.316224,0.635376,8.96,-31.57,38.57,Noise,Right
1705996266155,-0.768112,-0.251808,0.675392,17.08,-24.22,42.0,Noise,Right
1705996266277,-0.745664,-0.208376,0.61732,48.51,-16.87,43.05,Noise,Right
1705996266277,-0.743712,-0.249368,0.586576,44.73,-14.07,40.04,Noise,Right
1705996266278,-0.730048,-0.235704,0.554856,40.32,-19.67,33.53,Noise,Right
1705996266278,-0.743224,-0.262544,0.622688,33.67,-28.21,30.38,Noise,Right
1705996266278,-0.766648,-0.247416,0.659776,25.48,-26.46,32.48,Noise,Right
1705996266278,-0.789584,-0.21716,0.675392,23.1,-13.58,37.17,Noise,Right
1705996266278,-0.800808,-0.160552,0.617808,-21.91,-0.7,38.01,Noise,Right
1705996266324,-0.76372,-0.145912,0.545584,42.0,-8.19,43.61,Noise,Right
1705996266324,-0.754936,-0.083936,0.565592,54.11,-14.98,39.34,Noise,Right
1705996266325,-0.533384,-0.094672,0.58804,43.96,-32.34,20.58,Noise,Right
1705996266367,-0.594872,0.181048,0.80032,-22.05,-16.1,-20.72,Noise,Right
1705996266367,-0.673928,0.091256,0.509472,33.6,-36.4,-38.78,Noise,Right
1705996266367,-0.622688,-0.315248,0.565592,106.05,-37.87,6.3,Noise,Right
1705996266414,-0.71004,-0.218624,0.618296,53.83,-11.41,22.61,Noise,Right
1705996266414,-0.66612,-0.081984,0.532896,25.76,-7.98,12.53,Noise,Right
1705996266463,-0.671,-0.05856,0.789096,30.87,16.52,-6.79,Noise,Right
1705996266464,-0.672952,-0.189832,0.715896,8.19,-3.71,-9.45,Noise,Right
1705996266464,-0.748592,-0.14884,0.704672,28.91,-6.51,-1.96,Noise,Right
1705996266512,-0.832528,-0.152256,0.667584,36.4,-3.36,14.35,Noise,Right
1705996266512,-0.865224,-0.133224,0.650992,30.94,8.33,21.0,Noise,Right
1705996266512,-0.847168,0.0244,0.601216,6.37,12.18,20.51,Noise,Right
1705996266584,-0.833504,-0.00488,0.519232,43.61,-3.71,17.01,Noise,Right
1705996266584,-0.83936,-0.033672,0.587064,59.64,-23.59,3.92,Noise,Right
1705996266584,-0.793488,-0.078568,0.62952,42.91,-42.28,-6.72,Noise,Right
1705996266585,-0.812032,-0.122488,0.721264,36.33,-38.29,-3.08,Noise,Right
1705996266632,-0.77836,-0.122,0.713456,27.72,-17.43,11.06,Noise,Right
1705996266632,-0.744688,-0.039528,0.652456,19.67,-3.57,25.34,Noise,Right
1705996266632,-0.684176,0.057584,0.585112,41.02,-1.33,31.22,Noise,Right
1705996266677,-0.653432,0.145424,0.615368,44.17,-6.37,19.95,Noise,Right
1705996266677,-0.60268,0.125416,0.6832,19.53,-11.41,-4.62,Noise,Right
1705996266678,-0.574376,0.125904,0.635864,13.44,-8.54,-19.11,Noise,Right
1705996266725,-0.549488,0.072712,0.706136,11.34,1.26,-20.44,Noise,Right
1705996266726,-0.74908,-0.029768,0.632936,-13.37,-11.41,-23.8,Noise,Right
1705996266726,-0.635376,-0.002928,0.741272,23.59,-6.16,-7.49,Noise,Right
1705996266770,-0.609512,0.06344,0.72956,-25.34,-3.08,-15.47,Noise,Right
1705996266771,-0.591944,0.11956,0.754936,-3.92,2.66,-30.38,Noise,Right
1705996266819,-0.619272,0.104432,0.682712,17.15,-4.13,-47.25,Noise,Right
1705996266819,-0.671488,-0.010736,0.764696,13.37,2.03,-64.54,Noise,Right
1705996266819,-0.699792,-0.096624,0.789096,1.05,24.92,-65.1,Noise,Right
1705996266865,-0.659288,-0.126392,0.725168,-0.7,50.33,-51.17,Noise,Right
1705996266865,-0.631472,-0.08784,0.642208,2.73,58.03,-40.81,Noise,Right
1705996266866,-0.65392,-0.0244,0.562664,6.79,50.33,-46.83,Noise,Right
1705996266911,-0.678808,-0.008296,0.54412,11.97,38.57,-64.05,Noise,Right
1705996266911,-0.724192,0.000488,0.552904,13.51,29.96,-85.19,Noise,Right
1705996266912,-0.757864,-0.057096,0.615856,-4.48,33.95,-107.45,Noise,Right
1705996266957,-0.756888,-0.104432,0.609512,-44.66,52.01,-128.1,Noise,Right
1705996266957,-0.761768,-0.20984,0.53436,-81.48,80.29,-131.32,Noise,Right
1705996267002,-0.7442,-0.301096,0.449936,-76.72,92.26,-112.91,Noise,Right
1705996267002,-0.72468,-0.317688,0.393328,-28.42,82.81,-81.48,Noise,Right
1705996267004,-0.735904,-0.299632,0.38552,6.09,63.14,-61.6,Noise,Right
1705996267048,-0.758352,-0.260104,0.421632,12.95,48.09,-64.89,Noise,Right
1705996267049,-0.798856,-0.235704,0.611952,15.4,41.51,-83.09,Noise,Right
1705996267049,-0.813984,-0.225456,0.520208,16.45,46.2,-102.34,Noise,Right
1705996267096,-0.811544,-0.277184,0.526552,12.04,60.2,-124.04,Noise,Right
1705996267097,-0.81252,-0.3904,0.479704,-6.02,76.58,-141.68,Noise,Right
1705996267142,-0.798856,-0.471408,0.394304,-16.1,90.23,-146.93,Noise,Right
1705996267143,-0.791048,-0.554368,0.309392,-21.77,94.08,-134.75,Noise,Right
1705996267143,-0.767136,-0.609024,0.215696,-8.54,82.25,-116.06,Noise,Right
1705996267196,-0.790072,-0.632448,0.188368,24.71,60.55,-94.57,Noise,Right
1705996267196,-0.806664,-0.672464,0.2074,38.57,37.1,-85.05,Noise,Right
1705996267196,-0.845216,-0.67344,0.243024,27.72,26.32,-85.96,Noise,Right
1705996267301,-0.850584,-0.682712,0.282064,21.21,24.85,-81.62,Noise,Right
1705996267301,-0.846192,-0.694424,0.296704,11.83,25.13,-75.74,Noise,Right
1705996267301,-0.840824,-0.708576,0.306464,8.61,29.26,-70.91,Noise,Right
1705996267301,-0.79788,-0.69052,0.29768,8.75,31.78,-65.45,Noise,Right
1705996267302,-0.755424,-0.678808,0.257176,3.64,29.12,-63.28,Noise,Right
1705996267302,-0.765672,-0.706624,0.26352,35.91,18.27,-59.01,Noise,Right
1705996267346,-0.704672,-0.681248,0.219112,36.33,-2.1,-56.21,Noise,Right
1705996267346,-0.730048,-0.756888,0.293776,37.38,-11.69,-47.6,Noise,Right
1705996267346,-0.735904,-0.746152,0.316712,41.3,-15.12,-42.14,Noise,Right
1705996267391,-0.728096,-0.742248,0.346968,29.05,-10.71,-35.21,Noise,Right
1705996267393,-0.68564,-0.742248,0.356728,3.99,-3.43,-26.46,Noise,Right
1705996267393,-0.670024,-0.687104,0.325496,14.63,-3.85,-20.58,Noise,Right
1705996267438,-0.676368,-0.670024,0.34404,10.29,8.47,-12.46,Noise,Right
1705996267438,-0.68564,-0.668072,0.338672,5.04,14.56,-12.18,Noise,Right
1705996267438,-0.665144,-0.657824,0.305,0.84,15.82,-14.28,Noise,Right
1705996267487,-0.657824,-0.669536,0.290848,0.7,13.58,-13.86,Noise,Right
1705996267488,-0.664656,-0.679784,0.281088,4.9,10.71,-12.39,Noise,Right
1705996267532,-0.671488,-0.681736,0.283528,4.34,9.59,-10.43,Noise,Right
1705996267532,-0.675392,-0.675392,0.278648,1.96,10.15,-9.03,Noise,Right
1705996267532,-0.666608,-0.66124,0.27816,-0.7,12.04,-9.24,Noise,Right
1705996267589,-0.659288,-0.64416,0.279624,-0.07,12.74,-10.92,Noise,Right
1705996267589,-0.664656,-0.650016,0.292312,5.81,12.25,-14.14,Noise,Right
1705996267589,-0.667096,-0.671,0.304512,10.29,11.97,-16.45,Noise,Right
1705996267644,-0.65392,-0.686616,0.312808,13.16,11.34,-16.59,Noise,Right
1705996267644,-0.66124,-0.699304,0.315736,11.41,13.72,-14.98,Noise,Right
1705996267644,-0.656848,-0.695888,0.299632,5.74,15.75,-12.39,Noise,Right
1705996267691,-0.665144,-0.687592,0.296704,2.94,16.45,-7.07,Noise,Right
1705996267692,-0.658312,-0.689056,0.28548,-0.84,16.31,-4.9,Noise,Right
1705996267692,-0.669048,-0.67832,0.281576,-6.51,19.18,-6.79,Noise,Right
1705996267749,-0.654896,-0.657336,0.269864,-4.48,20.09,-10.08,Noise,Right
1705996267749,-0.65636,-0.64416,0.260592,3.99,18.13,-14.21,Noise,Right
1705996267749,-0.646112,-0.647576,0.250344,13.02,14.84,-20.93,Noise,Right
1705996267749,-0.648064,-0.680272,0.257664,18.13,10.08,-30.73,Noise,Right
1705996267796,-0.642696,-0.71492,0.267912,20.93,5.74,-36.61,Noise,Right
1705996267796,-0.640256,-0.748104,0.283528,22.54,2.94,-38.36,Noise,Right
1705996267796,-0.652456,-0.748592,0.280112,24.36,-0.14,-37.52,Noise,Right
1705996267846,-0.630984,-0.73444,0.286456,36.05,-7.14,-37.45,Noise,Right
1705996267846,-0.632936,-0.660264,0.31232,52.36,-17.64,-43.68,Noise,Right
1705996267914,-0.618296,-0.609024,0.366,81.9,-33.6,-65.59,Noise,Right
1705996267916,-0.589992,-0.5978,0.4148,114.52,-45.85,-92.05,Noise,Right
1705996267916,-0.587064,-0.667096,0.45872,152.81,-55.23,-106.54,Noise,Right
1705996267916,-0.561688,-0.748104,0.506056,182.28,-65.17,-107.73,Noise,Right
1705996267916,-0.487024,-0.782264,0.545096,195.72,-69.09,-91.77,Noise,Right
1705996267964,-0.510448,-0.786656,0.5734,182.63,-67.62,-71.54,Noise,Right
1705996267965,-0.529968,-0.6832,0.612928,181.44,-70.35,-64.61,Noise,Right
1705996267965,-0.439688,-0.528504,0.64172,177.94,-78.54,-78.89,Noise,Right
1705996268014,-0.392352,-0.445056,0.661728,200.34,-97.09,-108.64,Noise,Right
1705996268014,-0.301584,-0.49288,0.755912,277.34,-127.26,-128.8,Noise,Right
1705996268058,-0.293776,-0.549,0.865224,346.78,-153.86,-114.03,Noise,Right
1705996268059,-0.267424,-0.637816,1.0126,365.61,-161.07,-90.58,Noise,Right
1705996268059,-0.259128,-0.608048,1.057984,339.15,-153.3,-70.0,Noise,Right
1705996268105,-0.169824,-0.51972,1.086288,229.32,-126.14,-42.21,Noise,Right
1705996268105,-0.177632,-0.335256,1.098488,172.41,-88.83,-24.71,Noise,Right
1705996268105,-0.109312,-0.195688,1.054568,176.12,-74.41,-20.93,Noise,Right
1705996268151,-0.041968,-0.105408,0.998448,202.93,-83.58,-32.27,Noise,Right
1705996268152,-0.0366,-0.139568,1.007232,223.44,-91.91,-35.35,Noise,Right
1705996268205,-0.014152,-0.197152,1.056032,212.38,-91.56,-19.6,Noise,Right
1705996268205,0.038064,-0.180072,1.152168,161.56,-74.62,6.3,Noise,Right
1705996268205,0.078568,-0.067344,1.03944,119.35,-55.16,21.35,Noise,Right
1705996268260,0.072712,0.067832,0.982832,97.72,-36.82,28.49,Noise,Right
1705996268261,0.111264,0.160552,0.843264,135.1,-41.79,16.94,Noise,Right
1705996268261,0.18788,0.150304,0.762256,174.51,-75.46,8.05,Noise,Right
1705996268261,0.160064,0.091744,0.843752,148.26,-101.85,3.29,Noise,Right
1705996268307,0.145424,0.06832,0.977464,101.5,-99.54,9.8,Noise,Right
1705996268309,0.182024,0.089304,1.02236,35.14,-70.84,20.86,Noise,Right
1705996268352,0.194712,0.158112,1.014552,4.41,-31.15,32.69,Noise,Right
1705996268352,0.186904,0.217648,0.98576,-4.62,4.2,35.7,Noise,Right
1705996268352,0.204472,0.281088,0.833992,4.41,10.92,29.54,Noise,Right
1705996268407,0.322568,0.300608,0.772016,62.44,-16.52,20.51,Noise,Right
1705996268407,0.286944,0.288896,0.813984,83.79,-53.9,14.77,Noise,Right
1705996268407,0.237656,0.252784,0.975024,88.76,-64.26,13.79,Noise,Right
1705996268463,0.202032,0.233752,0.98088,69.65,-47.95,23.45,Noise,Right
1705996268463,0.233264,0.275232,1.015528,35.63,-11.69,30.66,Noise,Right
1705996268464,0.305488,0.351848,0.969656,-6.51,18.06,29.12,Noise,Right
1705996268464,0.374784,0.444568,0.858392,-17.08,25.2,17.5,Noise,Right
1705996268513,0.518256,0.467016,0.769088,23.03,3.01,7.7,Noise,Right
1705996268513,0.47336,0.408456,0.781288,70.14,-48.23,-6.09,Noise,Right
1705996268634,0.447496,0.343064,0.869616,84.56,-95.83,-18.9,Noise,Right
1705996268634,0.379664,0.31232,1.16632,52.08,-48.23,-18.13,Noise,Right
1705996268635,0.271816,0.362096,1.003816,26.74,-12.53,-11.2,Noise,Right
1705996268635,0.358192,0.43188,0.868152,14.35,-3.22,9.45,Noise,Right
1705996268635,0.361608,0.471408,0.875472,25.55,5.39,12.81,Noise,Right
1705996268635,0.355752,0.499712,0.740296,18.69,-1.54,4.13,Noise,Right
1705996268635,0.351848,0.455792,0.77348,31.29,-14.28,-9.8,Noise,Right
1705996268681,0.333792,0.43676,0.794464,16.94,-21.14,-22.12,Noise,Right
1705996268681,0.325008,0.410896,0.821792,10.29,-24.78,-22.82,Noise,Right
1705996268682,0.311832,0.411872,0.918416,-0.28,-21.14,-15.75,Noise,Right
1705996268727,0.290848,0.374784,0.90036,-15.19,-6.93,-9.59,Noise,Right
1705996268727,0.266936,0.38308,0.89304,-28.07,4.27,-3.5,Noise,Right
1705996268728,0.269376,0.40748,0.849608,-38.64,5.88,-7.7,Noise,Right
1705996268773,0.249368,0.39284,0.85644,-28.56,3.15,-10.5,Noise,Right
1705996268773,0.240584,0.37088,0.88328,-14.35,1.33,-10.5,Noise,Right
1705996268773,0.255712,0.367464,0.91744,-6.16,1.05,-11.06,Noise,Right
1705996268821,0.286944,0.433344,0.957456,-8.33,-2.31,-12.11,Noise,Right
1705996268835,0.29768,0.432368,0.906216,-9.8,-5.6,-11.06,Noise,Right
1705996268836,0.292312,0.425048,0.90036,-6.58,-10.36,-11.41,Noise,Right
1705996268867,0.30012,0.423584,0.894016,-9.66,-15.19,-13.23,Noise,Right
1705996268867,0.303048,0.39528,0.853512,-10.64,-19.46,-13.65,Noise,Right
1705996268924,0.298656,0.3782,0.869128,-1.68,-24.43,-7.63,Noise,Right
1705996268924,0.291824,0.322568,0.8174,8.68,-32.76,5.53,Noise,Right
1705996268924,0.224968,0.33428,0.9028,2.38,-34.16,13.09,Noise,Right
1705996268924,0.195688,0.338184,0.967704,-8.96,-25.2,12.95,Noise,Right
1705996268974,0.215696,0.396744,1.043344,-22.61,15.19,0.0,Noise,Right
1705996268974,0.274744,0.392352,0.987712,-16.52,52.01,0.35,Noise,Right
1705996268975,0.344528,0.393816,0.997472,-34.3,53.9,-13.23,Noise,Right
1705996269027,0.4026,0.40748,0.927688,-49.42,53.27,-19.32,Noise,Right
1705996269027,0.454816,0.347944,0.899872,-23.24,28.35,-9.87,Noise,Right
1705996269027,0.377712,0.313296,0.88328,-0.7,-16.94,2.66,Noise,Right
1705996269084,0.332328,0.351848,0.945744,1.68,-46.9,7.21,Noise,Right
1705996269084,0.299144,0.398208,0.986736,4.97,-45.5,1.61,Noise,Right
1705996269084,0.244976,0.418216,0.972096,0.84,-32.41,-5.25,Noise,Right
1705996269132,0.21716,0.452864,0.972096,-13.16,-13.23,-14.98,Noise,Right
1705996269132,0.218136,0.449936,0.969656,-10.99,0.49,-26.6,Noise,Right
1705996269132,0.191784,0.384544,0.973072,-3.71,10.99,-39.83,Noise,Right
1705996269178,0.194712,0.245952,0.938912,-4.76,17.01,-41.44,Noise,Right
1705996269178,0.199104,0.171776,0.939888,-10.71,13.44,-23.73,Noise,Right
1705996269178,0.203984,0.1708,0.981368,-7.56,6.79,2.38,Noise,Right
1705996269228,0.215696,0.22692,1.021384,-8.75,3.57,19.67,Noise,Right
1705996269228,0.201544,0.272304,1.033584,-9.59,9.03,19.88,Noise,Right
1705996269284,0.188368,0.28792,0.997472,-0.14,19.39,14.84,Noise,Right
1705996269284,0.188856,0.276696,0.928176,3.85,24.78,7.7,Noise,Right
1705996269286,0.201056,0.25132,0.857416,14.28,19.18,5.67,Noise,Right
1705996269286,0.200568,0.20984,0.85156,35.21,1.19,13.58,Noise,Right
1705996269331,0.212768,0.254248,0.87596,42.56,-11.13,29.05,Noise,Right
1705996269332,0.189344,0.328424,0.915,42.21,-11.9,32.13,Noise,Right
1705996269332,0.188368,0.42212,0.908168,48.79,-0.84,23.45,Noise,Right
1705996269376,0.201544,0.447984,0.845216,53.69,7.21,8.82,Noise,Right
1705996269376,0.215208,0.425048,0.7686,49.56,8.96,-5.46,Noise,Right
1705996269430,0.24644,0.388936,0.738344,62.44,-4.55,-6.37,Noise,Right
1705996269430,0.27816,0.386984,0.751032,70.49,-29.12,6.51,Noise,Right
1705996269431,0.326472,0.4636,0.85888,79.59,-48.93,10.36,Noise,Right
1705996269484,0.369904,0.495808,0.904264,80.85,-52.43,7.98,Noise,Right
1705996269484,0.46848,0.49288,0.90036,54.53,-38.43,-6.44,Noise,Right
1705996269484,0.521672,0.45384,0.818376,30.03,-23.24,-12.74,Noise,Right
1705996269485,0.641232,0.355752,0.691496,28.28,-37.1,3.64,Noise,Right
1705996269536,0.548512,0.447496,0.894992,-12.88,-48.16,11.06,Noise,Right
1705996269536,0.532896,0.475312,0.8052,17.22,-75.11,31.64,Noise,Right
1705996269536,0.554368,0.505568,0.796416,59.85,-99.47,47.39,Noise,Right
1705996269591,0.365512,0.65636,0.981368,58.24,-62.37,25.83,Noise,Right
1705996269591,0.45872,0.601704,0.794952,23.52,-49.14,9.8,Noise,Right
1705996269592,0.370392,0.5734,0.723216,12.11,-10.22,-16.45,Noise,Right
1705996269641,0.367464,0.47336,0.628056,3.99,4.41,-30.73,Noise,Right
1705996269642,0.374784,0.328912,0.565592,4.55,-4.48,-24.01,Noise,Right
1705996269642,0.419192,0.294264,0.615856,-1.12,-26.32,2.52,Noise,Right
1705996269758,0.277184,0.3172,0.632448,-15.61,-44.66,28.77,Noise,Right
1705996269759,0.357704,0.401624,0.892064,-47.32,-10.64,14.56,Noise,Right
1705996269759,0.282552,0.590968,1.079456,1.68,5.46,11.55,Noise,Right
1705996269759,0.32696,0.71736,1.083848,-45.36,51.45,-18.83,Noise,Right
1705996269759,0.462136,0.688568,1.064328,-46.34,86.31,-59.57,Noise,Right
1705996269759,0.432856,0.528992,0.8418,-42.14,92.05,-88.55,Noise,Right
1705996269759,0.370392,0.374784,0.779336,-18.06,63.56,-79.45,Noise,Right
1705996269811,0.364536,0.277672,0.756888,4.62,0.42,-29.75,Noise,Right
1705996269811,0.350384,0.30012,0.82472,13.58,-41.58,25.55,Noise,Right
1705996269811,0.329888,0.39528,0.936472,-0.7,-54.6,49.21,Noise,Right
1705996269860,0.369416,0.411872,0.927688,-32.83,-43.68,48.09,Noise,Right
1705996269861,0.362584,0.433344,0.900848,-53.34,-28.28,46.06,Noise,Right
1705996269861,0.34892,0.471896,0.818864,-58.8,-20.37,37.52,Noise,Right
1705996269907,0.372832,0.447984,0.732488,-43.05,-33.53,20.51,Noise,Right
1705996269907,0.35868,0.31964,0.703208,-29.75,-64.89,8.61,Noise,Right
1705996269951,0.324032,0.293776,0.80276,0.49,-86.38,14.84,Noise,Right
1705996269951,0.244488,0.27572,0.895968,34.37,-80.92,31.15,Noise,Right
1705996269951,0.313784,0.38064,1.00772,17.99,-48.65,39.48,Noise,Right
1705996269999,0.3172,0.430416,0.983808,9.03,9.94,26.46,Noise,Right
1705996269999,0.342088,0.413336,0.728584,-9.59,32.27,12.53,Noise,Right
1705996269999,0.455792,0.39284,0.55876,8.68,12.04,12.39,Noise,Right
1705996270049,0.480192,0.43432,0.520208,41.79,-46.55,10.99,Noise,Right
1705996270049,0.428952,0.454816,0.711992,62.79,-94.36,-3.85,Noise,Right
1705996270049,0.382104,0.447496,0.923784,53.34,-85.05,-10.92,Noise,Right
1705996270094,0.36356,0.474336,1.030168,18.55,-40.88,-9.52,Noise,Right
1705996270094,0.36844,0.53436,1.044808,19.25,12.18,-8.19,Noise,Right
1705996270138,0.408944,0.488488,0.8662,-2.94,62.02,-19.67,Noise,Right
1705996270139,0.54656,0.39528,0.660752,-35.98,70.07,-27.23,Noise,Right
1705996270139,0.567544,0.362096,0.585112,7.0,27.44,-13.58,Noise,Right
1705996270184,0.640256,0.289872,0.57584,16.59,-49.21,6.72,Noise,Right
1705996270185,0.491416,0.331352,0.81008,25.13,-81.9,24.36,Noise,Right
1705996270185,0.450912,0.259128,0.8174,11.76,-67.48,32.13,Noise,Right
1705996270233,0.586088,0.399184,0.825208,-70.84,6.93,-0.07,Noise,Right
1705996270233,0.601216,0.39284,0.698816,2.73,-0.98,10.15,Noise,Right
1705996270233,0.655872,0.427976,0.828136,-48.65,-11.48,-7.42,Noise,Right
1705996270278,0.601216,0.408456,0.990152,-30.31,-17.01,-3.15,Noise,Right
1705996270279,0.571936,0.42212,0.997472,-11.13,-27.16,-1.96,Noise,Right
1705996270324,0.538752,0.464576,0.925736,23.94,-36.26,3.85,Noise,Right
1705996270324,0.46604,0.434808,0.835456,46.34,-39.48,10.08,Noise,Right
1705996270325,0.406992,0.445056,0.699304,46.62,-34.86,9.31,Noise,Right
1705996270375,0.44408,0.36844,0.635376,45.71,-28.7,7.14,Noise,Right
1705996270375,0.51972,0.40504,0.681248,23.38,-22.96,4.13,Noise,Right
1705996270375,0.613416,0.386496,0.671976,13.86,-18.9,2.17,Noise,Right
1705996270418,0.66856,0.449936,0.757376,-3.57,-19.11,3.85,Noise,Right
1705996270418,0.614392,0.447008,0.792512,-2.59,-21.7,6.51,Noise,Right
1705996270418,0.554368,0.441152,0.742736,0.77,-21.91,7.7,Noise,Right
1705996270464,0.530456,0.435784,0.713456,7.63,-21.14,8.75,Noise,Right
1705996270464,0.566568,0.393816,0.714432,9.03,-19.67,8.96,Noise,Right
1705996270510,0.591456,0.400648,0.695888,9.45,-19.6,8.75,Noise,Right
1705996270510,0.601216,0.38308,0.7076,2.8,-20.02,7.35,Noise,Right
1705996270511,0.59292,0.389424,0.710528,-2.17,-18.69,6.37,Noise,Right
1705996270560,0.589504,0.399672,0.707112,-6.3,-17.64,4.97,Noise,Right
1705996270560,0.585112,0.359656,0.687592,-4.97,-15.96,3.15,Noise,Right
1705996270560,0.593408,0.372832,0.67588,-10.08,-13.93,1.26,Noise,Right
1705996270604,0.608536,0.345992,0.62952,-3.99,-13.86,-1.89,Noise,Right
1705996270604,0.506056,0.30744,0.674904,-7.49,-10.22,-3.92,Noise,Right
1705996270604,0.683688,0.403576,0.762256,-24.57,-7.56,-6.23,Noise,Right
1705996270662,0.672952,0.430416,0.673928,-26.18,-5.95,-5.53,Noise,Right
1705996270662,0.626592,0.393816,0.723704,-18.34,-6.16,-4.83,Noise,Right
1705996270711,0.601216,0.433832,0.793,-23.31,-5.32,-3.08,Noise,Right
1705996270711,0.650016,0.399184,0.70272,-11.48,-7.7,-1.26,Noise,Right
1705996270711,0.61976,0.37576,0.725656,15.54,-7.28,-1.26,Noise,Right
1705996270712,0.661728,0.38308,0.727608,0.07,-4.69,-1.89,Noise,Right
1705996270768,0.682224,0.366488,0.740784,-0.7,-3.64,-1.75,Noise,Right
1705996270768,0.618296,0.407968,0.727608,0.42,-3.36,-0.7,Noise,Right
1705996270769,0.607072,0.424072,0.715896,0.35,-0.77,1.12,Noise,Right
1705996270822,0.605608,0.459208,0.669536,-0.91,4.41,4.2,Noise,Right
1705996270822,0.582672,0.501176,0.661728,-1.47,12.04,8.33,Noise,Right
1705996270822,0.4636,0.435784,0.513376,-0.84,28.98,10.92,Noise,Right
1705996270942,0.511424,0.350384,0.460184,-21.35,43.05,9.24,Noise,Right
1705996270942,0.644648,0.298656,0.571448,-55.93,53.76,2.38,Noise,Right
1705996270942,0.7686,0.250344,0.715896,-117.88,59.99,-5.18,Noise,Right
1705996270943,0.694424,0.286456,0.872544,-108.57,56.91,9.52,Noise,Right
1705996270943,0.757864,0.263032,0.789584,-102.9,45.92,8.68,Noise,Right
1705996270943,0.671488,0.235704,0.98332,-81.41,38.71,12.39,Noise,Right
1705996270943,0.56364,0.2562,1.142896,-80.43,63.63,6.93,Noise,Right
1705996270989,0.507032,0.20496,1.20292,-119.35,134.05,-8.4,Noise,Right
1705996270990,0.458232,0.043432,1.099464,-163.52,181.65,-18.06,Noise,Right
1705996270990,0.462624,-0.112728,0.947208,-210.7,198.59,-10.22,Noise,Right
1705996271037,0.340624,-0.234728,0.897432,-205.31,186.2,18.76,Noise,Right
1705996271037,0.263032,-0.33916,0.925736,-204.89,158.83,59.57,Noise,Right
1705996271037,0.183,-0.378688,0.986248,-200.62,136.29,86.24,Noise,Right
1705996271086,0.106384,-0.41724,1.065304,-189.7,131.67,106.89,Noise,Right
1705996271086,0.026352,-0.388936,1.043832,-185.57,140.84,125.23,Noise,Right
1705996271087,-0.035136,-0.380152,0.955992,-198.31,156.52,135.24,Noise,Right
1705996271192,-0.060512,-0.371368,0.86864,-203.84,161.7,131.11,Noise,Right
1705996271192,-0.074664,-0.414312,0.761768,-196.42,147.98,124.46,Noise,Right
1705996271192,-0.082472,-0.496784,0.712968,-189.49,115.99,121.31,Noise,Right
1705996271193,-0.140056,-0.648552,0.708576,-164.15,82.11,123.48,Noise,Right
1705996271193,-0.192272,-0.742248,0.752496,-161.98,52.01,134.05,Noise,Right
1705996271193,-0.264496,-0.731024,0.819352,-158.9,40.11,157.15,Noise,Right
1705996271234,-0.304512,-0.679784,0.862784,-137.69,40.39,172.62,Noise,Right
1705996271234,-0.374784,-0.59536,0.819352,-124.46,54.6,169.19,Noise,Right
1705996271235,-0.40992,-0.543144,0.721752,-120.47,69.65,153.16,Noise,Right
1705996271280,-0.387472,-0.574376,0.554368,-111.72,67.34,136.71,Noise,Right
1705996271280,-0.394304,-0.684176,0.52216,-91.77,47.46,126.42,Noise,Right
1705996271326,-0.391376,-0.787144,0.549488,-82.11,10.15,126.63,Noise,Right
1705996271326,-0.423584,-0.793,0.652456,-75.25,-22.12,138.74,Noise,Right
1705996271326,-0.51484,-0.713944,0.77592,-52.15,-29.26,155.4,Noise,Right
1705996271376,-0.538264,-0.604144,0.822768,-33.6,-15.89,165.62,Noise,Right
1705996271377,-0.58316,-0.528016,0.816912,-45.92,12.39,160.09,Noise,Right
1705996271377,-0.603656,-0.48068,0.719312,-67.62,42.07,140.42,Noise,Right
1705996271505,-0.555344,-0.502152,0.533384,-73.92,51.8,129.15,Noise,Right
1705996271505,-0.584624,-0.573888,0.512888,-59.5,28.28,123.41,Noise,Right
1705996271508,-0.554368,-0.621224,0.559248,-40.25,-12.95,117.81,Noise,Right
1705996271508,-0.5734,-0.586576,0.643184,-13.3,-46.27,121.52,Noise,Right
1705996271508,-0.649528,-0.49288,0.754936,-3.08,-54.25,125.93,Noise,Right
1705996271508,-0.697352,-0.40748,0.786656,-2.94,-43.89,120.68,Noise,Right
1705996271508,-0.718336,-0.32696,0.73444,-7.07,-20.65,107.24,Noise,Right
1705996271561,-0.691496,-0.30012,0.67832,-18.83,-10.43,87.64,Noise,Right
1705996271561,-0.651968,-0.31964,0.618784,-16.45,-20.44,69.3,Noise,Right
1705996271561,-0.61732,-0.377712,0.670512,3.22,-41.51,55.72,Noise,Right
1705996271562,-0.629032,-0.414312,0.71004,15.61,-53.97,56.07,Noise,Right
1705996271612,-0.643672,-0.409432,0.760304,16.03,-48.16,66.01,Noise,Right
1705996271612,-0.633424,-0.343552,0.691008,13.16,-35.0,73.64,Noise,Right
1705996271707,-0.625616,-0.267424,0.630496,7.35,-32.62,74.69,Noise,Right
1705996271708,-0.608048,-0.237656,0.599264,6.51,-37.38,67.27,Noise,Right
1705996271708,-0.626104,-0.22692,0.650016,6.16,-42.98,56.21,Noise,Right
1705996271708,-0.637816,-0.2318,0.720288,10.99,-38.78,51.03,Noise,Right
1705996271708,-0.645624,-0.237168,0.71248,6.16,-21.84,46.97,Noise,Right
1705996271708,-0.633424,-0.235704,0.660752,0.0,-9.87,49.91,Noise,Right
1705996271760,-0.612928,-0.181536,0.562664,3.01,-12.53,52.64,Noise,Right
1705996271760,-0.642696,-0.10736,0.508984,16.17,-26.67,47.88,Noise,Right
1705996271760,-0.572424,-0.05368,0.595848,22.75,-49.14,22.05,Noise,Right
1705996271760,-0.593896,-0.063928,0.840824,17.64,-44.31,0.56,Noise,Right
1705996271811,-0.533384,-0.11224,0.79788,2.87,-13.02,-6.65,Noise,Right
1705996271811,-0.487512,-0.172752,0.669536,14.0,-4.48,10.01,Noise,Right
1705996271912,-0.535824,-0.122488,0.598776,13.02,-10.57,17.36,Noise,Right
1705996271912,-0.628056,-0.093696,0.596824,11.76,-19.53,8.75,Noise,Right
1705996271912,-0.719312,-0.137616,0.648064,19.11,-22.05,1.54,Noise,Right
1705996271912,-1.165344,-0.424072,0.982344,16.8,-10.5,-0.42,Noise,Right
1705996271912,-0.780312,-0.286944,0.311832,103.95,17.85,11.48,Noise,Right
1705996271912,-0.3904,-0.138592,0.56852,-4.69,1.54,-3.15,Noise,Right
1705996271960,-0.500688,-0.085888,0.835456,15.75,-14.7,1.54,Noise,Right
1705996272155,-0.632448,-0.076128,0.91256,27.3,55.93,-72.52,Noise,Right
1705996272381,-0.50752,-0.645136,0.32208,34.72,70.07,-257.67,Noise,Right
1705996272579,-0.177632,-0.827648,0.765672,47.18,-17.29,-50.54,Noise,Right
1705996272632,-0.132248,-0.643672,0.799344,87.29,-14.49,-31.15,Noise,Right
1705996272632,-0.110288,-0.559736,0.811056,183.89,-17.22,-47.04,Noise,Right
1705996272632,-0.036112,-0.692472,0.828624,213.85,-27.3,-79.8,Noise,Right
1705996272684,-0.08784,-0.806176,0.850584,130.27,-29.75,-99.61,Noise,Right
1705996272684,-0.12932,-0.87108,0.856928,53.41,-20.44,-80.57,Noise,Right
1705996272800,-0.100528,-0.85156,0.838872,-1.89,-10.08,-33.88,Noise,Right
1705996272800,-0.116144,-0.718824,0.80276,-22.89,-11.69,7.7,Noise,Right
1705996272800,-0.083936,-0.507032,0.777872,30.1,-22.82,20.44,Noise,Right
1705996272800,-0.07076,-0.399672,0.81008,108.92,-36.26,6.79,Noise,Right
1705996272801,-0.018544,-0.42212,0.83936,174.09,-51.03,-17.08,Noise,Right
1705996272801,0.018544,-0.491904,0.891576,168.98,-55.72,-32.83,Noise,Right
1705996272801,0.000488,-0.551928,0.970144,105.98,-48.58,-39.76,Noise,Right
1705996272852,-0.035136,-0.489952,0.992104,29.33,-30.66,-29.4,Noise,Right
1705996272852,-0.04636,-0.422608,0.97844,8.68,-10.92,-11.83,Noise,Right
1705996272852,-0.015128,-0.311832,0.937936,30.66,-1.33,2.38,Noise,Right
1705996272852,0.022936,-0.235216,0.88816,82.81,-5.39,-0.35,Noise,Right
1705996272901,0.038064,-0.23912,0.925736,145.81,-21.91,-12.6,Noise,Right
1705996272901,0.045872,-0.33184,0.95404,147.91,-36.19,-21.35,Noise,Right
1705996272945,0.022448,-0.38064,1.013576,88.34,-39.06,-25.06,Noise,Right
1705996272945,-0.008784,-0.354288,1.039928,19.11,-31.57,-17.71,Noise,Right
1705996272945,0.006832,-0.304512,1.049688,-7.56,-21.84,0.56,Noise,Right
1705996272991,-0.001952,-0.221064,1.037488,-15.82,-13.44,10.36,Noise,Right
1705996272994,0.005856,-0.17324,1.01992,-3.36,-12.39,3.36,Noise,Right
1705996272994,0.018544,-0.16104,1.005768,15.19,-14.21,-13.02,Noise,Right
1705996273039,0.021472,-0.211304,1.004792,30.59,-19.25,-25.2,Noise,Right
1705996273039,0.009272,-0.262056,1.023336,30.45,-24.5,-25.27,Noise,Right
1705996273040,0.013664,-0.275232,1.067744,20.86,-25.41,-14.07,Noise,Right
1705996273091,0.015616,-0.267912,1.091168,-4.41,-12.04,-2.8,Noise,Right
1705996273092,0.018544,-0.237656,1.078968,-44.38,3.43,-0.42,Noise,Right
1705996273137,0.013664,-0.233264,1.057008,-76.51,13.51,-1.96,Noise,Right
1705996273137,0.032208,-0.201544,1.015528,-97.44,15.61,-6.51,Noise,Right
1705996273138,0.014152,-0.189344,0.970144,-60.34,12.53,-16.87,Noise,Right
1705996273240,-0.031232,-0.24888,0.975512,-15.05,2.38,-25.9,Noise,Right
1705996273240,-0.086376,-0.299144,0.982344,-0.28,-3.57,-33.95,Noise,Right
1705996273240,0.020496,-0.387472,1.004304,-29.96,-1.26,-40.04,Noise,Right
1705996273240,0.023424,-0.440664,0.969656,-118.79,8.68,-39.41,Noise,Right
1705996273240,-0.015616,-0.508984,0.99064,-174.93,17.85,-31.15,Noise,Right
1705996273240,0.000976,-0.423096,0.93696,-223.44,25.41,-18.55,Noise,Right
1705996273294,-0.008296,-0.493856,0.895968,-225.47,25.06,-8.75,Noise,Right
1705996273294,0.009272,-0.450912,0.88328,-190.82,23.17,-0.28,Noise,Right
1705996273295,-0.018056,-0.5124,0.844728,-168.0,25.48,-3.71,Noise,Right
1705996273411,-0.030256,-0.548512,0.792512,-165.62,30.94,-23.1,Noise,Right
1705996273412,-0.03904,-0.65148,0.762744,-155.05,33.25,-38.78,Noise,Right
1705996273412,-0.038552,-0.755912,0.708088,-185.08,41.93,-50.82,Noise,Right
1705996273412,-0.119072,-0.885232,0.644648,-366.59,59.43,-51.31,Noise,Right
1705996273412,-0.024888,-0.752984,0.510936,-537.74,54.81,-63.28,Noise,Right
1705996273412,-0.017568,-0.696864,0.401624,-432.18,47.74,-63.14,Noise,Right
1705996273412,-0.018544,-0.835944,0.309392,-232.19,27.3,-40.39,Noise,Right
1705996273464,0.034648,-0.938912,0.216672,-122.08,15.54,-19.32,Noise,Right
1705996273464,0.054168,-1.015528,0.169336,-85.12,11.76,-10.57,Noise,Right
1705996273464,0.057096,-0.998936,0.16348,-106.33,6.37,-7.21,Noise,Right
1705996273548,0.00976,-0.98088,0.18788,-101.29,-4.41,-8.05,Noise,Right
1705996273548,-0.018544,-0.994544,0.184952,-160.23,-7.21,-13.09,Noise,Right
1705996273548,0.046848,-0.96136,0.12932,-223.79,7.91,-27.58,Noise,Right
1705996273548,0.0488,-1.003328,0.038552,-321.93,30.87,-34.23,Noise,Right
1705996273548,0.062952,-0.953552,-0.083936,-402.08,46.06,-26.95,Noise,Right
1705996273601,0.0854,-0.92232,-0.18788,-312.76,37.94,-12.74,Noise,Right
1705996273601,-0.003416,-0.895968,-0.275232,-71.54,11.13,5.25,Noise,Right
1705996273601,0.041968,-0.963312,-0.216184,-14.42,-6.16,18.13,Noise,Right
1705996273648,0.079544,-0.995032,-0.227896,-79.24,-5.18,16.73,Noise,Right
1705996273648,0.098088,-0.961848,-0.207888,-119.28,10.85,6.16,Noise,Right
1705996273648,0.084424,-0.979416,-0.257664,-131.25,28.91,0.35,Noise,Right
1705996273692,0.082472,-0.986736,-0.294752,-110.39,42.7,11.76,Noise,Right
1705996273692,0.116144,-1.031632,-0.492392,-147.84,51.17,36.47,Noise,Right
1705996273692,0.144448,-0.932568,-0.455304,-201.88,57.96,65.8,Noise,Right
1705996273738,0.04636,-0.754448,-0.471408,-183.89,43.75,89.95,Noise,Right
1705996273739,0.061,-0.692472,-0.60756,-19.46,7.14,94.64,Noise,Right
1705996273739,0.0976,-0.738344,-0.671488,100.24,-18.41,96.39,Noise,Right
1705996273787,0.053192,-0.818864,-0.560712,113.33,-29.12,99.96,Noise,Right
1705996273788,0.00488,-0.791048,-0.361608,61.53,-34.72,100.38,Noise,Right
1705996273788,-0.0488,-0.660752,-0.346968,93.1,-42.42,92.89,Noise,Right
1705996273836,-0.119072,-0.705648,-0.27816,202.16,-47.67,72.1,Noise,Right
1705996273836,-0.060512,-0.85888,-0.2928,196.91,-48.93,37.94,Noise,Right
1705996273957,-0.123464,-1.046272,-0.498248,-12.04,-31.78,-17.29,Noise,Right
1705996273957,-0.055632,-1.206336,-0.411872,-158.9,-0.98,-81.55,Noise,Right
1705996273957,-0.343064,-0.99552,-0.298168,-294.14,13.02,-129.01,Noise,Right
1705996273957,-0.371856,-0.42456,-0.79788,-180.67,26.18,-129.5,Noise,Right
1705996273957,-0.100528,-1.205848,-0.381616,-116.41,45.64,-24.85,Noise,Right
1705996273957,-0.068808,-1.023824,-0.679296,-199.5,54.25,30.1,Noise,Right
1705996273958,0.004392,-0.758352,-0.56852,-109.48,56.14,56.14,Noise,Right
1705996274002,-0.035624,-0.711992,-0.874496,-7.49,47.81,58.31,Noise,Right
1705996274002,-0.050752,-0.517768,-0.87352,-9.38,23.03,37.94,Noise,Right
1705996274002,-0.03904,-0.5124,-0.704672,96.39,-22.82,-6.93,Noise,Right
1705996274049,0.244488,-0.71004,-0.615368,190.82,-57.19,-59.5,Noise,Right
1705996274049,-0.210328,-0.859856,-0.508008,137.76,-88.34,-62.72,Noise,Right
1705996274049,-0.53924,-0.828136,-0.48556,8.19,-90.3,-17.22,Noise,Right
1705996274097,-0.089304,-0.943792,-0.165432,-91.91,-72.1,-15.33,Noise,Right
1705996274097,-0.049288,-0.501176,-0.453352,6.16,-29.47,-34.93,Noise,Right
1705996274097,-0.120048,-0.755424,-0.5002,-14.56,33.53,-36.47,Noise,Right
1705996274143,-0.064416,-1.20048,-0.569008,-9.31,40.39,-43.26,Noise,Right
1705996274143,-0.120048,-0.743712,-0.726144,-151.34,16.73,-15.54,Noise,Right
1705996274143,0.061488,-0.764208,-0.5978,-79.03,5.53,28.35,Noise,Right
1705996274189,-0.155184,-0.746152,-0.632448,22.33,1.54,38.85,Noise,Right
1705996274189,-0.11956,-0.865224,-0.671488,40.95,9.59,29.47,Noise,Right
1705996274244,-0.141032,-0.798856,-0.719312,20.51,15.68,22.54,Noise,Right
1705996274244,0.177144,-0.816424,-0.81984,4.62,-7.21,8.96,Noise,Right
1705996274244,-0.305976,-0.73688,-0.805688,-60.2,-43.12,-1.61,Noise,Right
1705996274301,0.145424,-0.742736,-0.63196,-11.97,-73.15,-20.65,Noise,Right
1705996274302,-0.30012,-0.630008,-0.486048,34.58,-99.54,-37.59,Noise,Right
1705996274302,-0.024888,-0.6588,-0.628056,138.39,-96.67,-60.06,Noise,Right
1705996274348,-0.124928,-0.793,-0.56364,142.59,-72.52,-67.9,Noise,Right
1705996274348,-0.109312,-0.83204,-0.549976,96.53,-51.03,-76.09,Noise,Right
1705996274349,-0.15128,-0.916464,-0.496784,35.49,-42.28,-87.36,Noise,Right
1705996274397,-0.083448,-0.93696,-0.447008,-92.54,-28.14,-100.87,Noise,Right
1705996274397,-0.188368,-0.758352,-0.46604,-154.91,1.05,-105.07,Noise,Right
1705996274397,-0.068808,-0.86376,-0.555832,-10.01,25.55,-77.42,Noise,Right
1705996274440,-0.026352,-0.850584,-0.53924,18.9,31.85,-33.88,Noise,Right
1705996274440,0.020008,-0.840336,-0.539728,56.14,14.35,10.71,Noise,Right
1705996274440,-0.015128,-0.898408,-0.504592,67.27,-12.67,24.5,Noise,Right
1705996274487,0.052704,-0.88084,-0.490928,45.22,-27.51,22.05,Noise,Right
1705996274487,-0.00732,-0.985272,-0.396744,5.11,-28.49,42.42,Noise,Right
1705996274533,-0.042944,-0.797392,-0.439688,-28.56,-22.33,48.93,Noise,Right
1705996274534,0.054168,-0.62952,-0.524112,-67.83,-8.47,33.81,Noise,Right
1705996274534,0.032208,-0.623176,-0.558272,-30.17,7.98,-5.25,Noise,Right
1705996274580,-0.028792,-0.621224,-0.559736,10.5,9.17,-38.29,Noise,Right
1705996274580,0.026352,-0.655384,-0.528504,-20.58,1.33,-64.12,Noise,Right
1705996274580,0.082472,-0.726632,-0.472872,-34.09,-5.18,-72.8,Noise,Right
1705996274626,0.142496,-0.76128,-0.52216,-27.02,3.92,-65.94,Noise,Right
1705996274627,0.197152,-0.828136,-0.654408,3.78,26.32,-31.15,Noise,Right
1705996274627,0.142984,-0.84668,-0.730048,-8.12,44.03,0.0,Noise,Right
1705996274672,0.156648,-0.785192,-0.774944,-14.91,24.71,13.02,Noise,Right
1705996274672,0.067832,-0.800808,-0.739808,-6.72,-7.49,4.2,Noise,Right
1705996274722,0.083448,-0.784704,-0.633912,-29.54,-20.86,-1.12,Noise,Right
1705996274727,0.05368,-0.786168,-0.566568,-47.67,-14.63,9.03,Noise,Right
1705996274727,0.022936,-0.760304,-0.542656,-69.86,4.9,18.13,Noise,Right
1705996274767,-0.022448,-0.67588,-0.615856,-68.53,12.46,21.77,Noise,Right
1705996274767,0.033672,-0.610488,-0.61244,-44.24,13.37,11.2,Noise,Right
1705996274767,-0.018056,-0.653432,-0.626104,-37.17,-12.6,8.26,Noise,Right
1705996274878,0.051728,-0.733952,-0.66612,-19.74,-18.06,6.44,Noise,Right
1705996274879,0.04636,-0.724192,-0.735416,-24.29,-15.4,6.16,Noise,Right
1705996274879,0.01952,-0.696376,-0.770064,-20.16,-11.97,3.36,Noise,Right
1705996274880,0.029768,-0.689544,-0.689544,-56.14,-7.49,-1.47,Noise,Right
1705996274880,-0.00976,-0.613416,-0.714432,-15.47,-17.5,-15.89,Noise,Right
1705996274880,0.03172,-0.687592,-0.60268,-40.67,-20.51,-16.8,Noise,Right
1705996274935,0.01464,-0.721264,-0.690032,-25.48,-30.17,-8.68,Noise,Right
1705996274935,0.013664,-0.658312,-0.603656,-58.87,-28.91,0.7,Noise,Right
1705996274935,-0.009272,-0.646112,-0.73688,-106.33,-32.62,4.34,Noise,Right
1705996274936,-0.008296,-0.689056,-0.855952,-85.96,-34.23,1.61,Noise,Right
1705996274985,0.041968,-0.323056,-0.742248,-75.39,-14.21,-20.3,Noise,Right
1705996274985,0.019032,-0.560224,-0.812032,16.45,-9.38,-3.78,Noise,Right
1705996274986,-0.042456,-0.675392,-0.802272,-0.91,2.59,3.43,Noise,Right
1705996275029,-0.050264,-0.536312,-0.749568,-61.6,4.55,5.6,Noise,Right
1705996275029,-0.030256,-1.389824,-1.678232,9.38,-6.09,9.03,Noise,Right
1705996275075,0.07808,-0.624152,-0.831552,61.67,-9.38,1.05,Noise,Right
1705996275075,0.040992,-0.591944,-0.765672,74.27,-5.18,-1.33,Noise,Right
1705996275075,-0.014152,-0.650992,-0.731024,73.71,-5.67,-1.05,Noise,Right
1705996275123,-0.034648,-0.671,-0.731512,43.89,-4.69,-1.96,Noise,Right
1705996275124,-0.004392,-0.70028,-0.699792,-15.61,-3.29,-3.08,Noise,Right
1705996275124,0.000488,-0.647576,-0.748592,-118.51,1.75,-3.15,Noise,Right
1705996275256,0.000488,-0.593408,-0.802272,-145.53,0.91,2.8,Noise,Right
1705996275257,-0.014152,-0.516792,-0.817888,-75.32,-3.22,-0.35,Noise,Right
1705996275259,-0.018544,-0.485072,-0.84668,-5.81,-4.41,-2.45,Noise,Right
1705996275259,-0.018056,-0.569984,-0.804712,20.72,-4.34,-2.45,Noise,Right
1705996275259,-0.018056,-0.588528,-0.78324,8.12,-4.27,-2.8,Noise,Right
1705996275259,-0.017568,-0.578768,-0.782752,-18.27,-5.67,-4.97,Noise,Right
1705996275260,-0.018056,-0.563152,-0.804224,-39.34,-6.93,-6.37,Noise,Right
1705996275305,-0.015128,-0.536312,-0.818376,-52.36,-7.07,-4.97,Noise,Right
1705996275305,-0.016104,-0.509472,-0.843264,-59.01,-6.3,-2.45,Noise,Right
1705996275305,-0.018544,-0.487024,-0.85644,-49.56,-6.09,-2.45,Noise,Right
1705996275305,-0.017568,-0.474336,-0.859368,-40.39,-5.95,-2.24,Noise,Right
1705996275353,-0.019032,-0.450912,-0.868152,-26.6,-5.6,-2.38,Noise,Right
1705996275353,-0.023424,-0.442616,-0.877424,-5.74,-4.76,-2.66,Noise,Right
1705996275399,-0.018056,-0.447984,-0.870104,15.89,-3.78,-2.87,Noise,Right
1705996275399,-0.01952,-0.465552,-0.859368,34.02,-3.43,-3.01,Noise,Right
1705996275399,-0.010736,-0.486048,-0.854976,42.7,-3.08,-2.73,Noise,Right
1705996275447,-0.017568,-0.487024,-0.848632,50.54,-3.08,-3.01,Noise,Right
1705996275447,-0.018544,-0.527528,-0.826184,57.47,-3.15,-2.94,Noise,Right
1705996275447,-0.016592,-0.54656,-0.81252,48.79,-3.5,-2.87,Noise,Right
1705996275493,-0.01952,-0.56364,-0.803736,34.58,-3.92,-3.15,Noise,Right
1705996275493,-0.016592,-0.569008,-0.80276,20.37,-4.55,-3.71,Noise,Right
1705996275495,-0.017568,-0.568032,-0.795928,3.15,-5.74,-5.67,Noise,Right
1705996375013,0.54168,-0.092232,-0.854976,-10.85,3.71,-3.08,Noise,Right
1705996375014,0.528992,-0.100528,-0.862784,-9.59,5.81,-2.87,Noise,Right
1705996375014,0.51484,-0.101016,-0.875472,-6.79,4.2,-1.82,Noise,Right
1705996375059,0.50508,-0.10004,-0.86864,-5.04,-1.12,0.21,Noise,Right
1705996375059,0.523136,-0.098088,-0.864736,-2.8,-6.93,3.64,Noise,Right
1705996375059,0.528992,-0.0976,-0.843264,-2.03,-8.75,5.53,Noise,Right
1705996375107,0.530944,-0.079544,-0.838384,-2.31,-7.63,5.88,Noise,Right
1705996375109,0.533872,-0.077592,-0.837408,-4.83,-4.48,5.18,Noise,Right
1705996375109,0.541192,-0.077104,-0.852048,-6.72,-2.38,4.34,Noise,Right
1705996375150,0.545096,-0.101504,-0.86376,-6.51,1.54,3.29,Noise,Right
1705996375151,0.534848,-0.10004,-0.890112,-3.57,5.74,2.94,Noise,Right
1705996375199,0.518744,-0.112728,-0.89548,1.54,5.18,3.78,Noise,Right
1705996375199,0.504104,-0.1098,-0.88816,6.3,-1.26,6.3,Noise,Right
1705996375200,0.488976,-0.109312,-0.865712,9.8,-8.82,7.84,Noise,Right
1705996375245,0.49776,-0.101992,-0.839848,8.68,-14.91,9.73,Noise,Right
1705996375245,0.51484,-0.093696,-0.821304,6.09,-16.45,10.85,Noise,Right
1705996375246,0.53192,-0.093696,-0.814472,2.24,-10.29,8.82,Noise,Right
1705996375294,0.54656,-0.103456,-0.821304,-1.12,0.07,5.74,Noise,Right
1705996375294,0.543144,-0.106872,-0.859856,-0.77,13.09,4.41,Noise,Right
1705996375294,0.488,-0.111264,-0.880352,1.96,17.43,0.42,Noise,Right
1705996375339,0.463112,-0.103456,-0.876936,0.35,7.07,3.29,Noise,Right
1705996375339,0.452376,-0.095648,-0.856928,-3.15,-5.67,7.77,Noise,Right
1705996375387,0.504592,-0.116144,-0.848632,-7.98,-7.77,6.02,Noise,Right
1705996375387,0.526064,-0.128344,-0.87108,-4.97,1.4,0.21,Noise,Right
1705996375387,0.52704,-0.152256,-0.914024,0.56,9.66,-3.08,Noise,Right
1705996375434,0.507032,-0.156648,-0.892552,6.16,11.27,-1.82,Noise,Right
1705996375434,0.482632,-0.126392,-0.850584,8.05,9.8,0.98,Noise,Right
1705996375434,0.454816,-0.075152,-0.862784,4.83,9.73,-0.49,Noise,Right
1705996375481,0.438224,-0.050752,-0.8174,-0.07,4.34,-7.14,Noise,Right
1705996375482,0.474824,-0.123952,-0.872056,-8.68,4.2,-10.71,Noise,Right
1705996375527,0.523624,-0.203984,-0.892064,-4.69,7.56,-11.55,Noise,Right
1705996375527,0.51484,-0.192272,-0.886208,0.77,10.29,-7.91,Noise,Right
1705996375527,0.465552,-0.164456,-0.884744,3.15,4.76,-0.07,Noise,Right
1705996375575,0.47824,-0.091744,-0.8296,-2.8,-3.01,3.78,Noise,Right
1705996375576,0.452864,-0.096624,-0.843264,-2.31,0.42,-3.08,Noise,Right
1705996375576,0.479216,-0.077592,-0.859368,-9.17,11.48,-13.23,Noise,Right
1705996375702,0.505568,-0.084912,-0.89792,-12.53,25.83,-27.93,Noise,Right
1705996375702,0.522648,-0.133712,-0.930128,-5.88,40.53,-40.18,Noise,Right
1705996375702,0.49776,-0.155184,-0.94428,2.24,46.13,-46.9,Noise,Right
1705996375702,0.473848,-0.158112,-0.915488,9.24,37.24,-49.21,Noise,Right
1705996375702,0.493368,-0.17324,-0.907192,11.27,16.87,-45.22,Noise,Right
1705996375702,0.545096,-0.14396,-0.887184,10.92,-5.32,-34.93,Noise,Right
1705996375702,0.620248,-0.10736,-0.839848,9.94,-14.56,-24.64,Noise,Right
1705996375759,0.681248,-0.086376,-0.779824,7.21,-0.56,-22.54,Noise,Right
1705996375759,0.676856,-0.038552,-0.769088,3.01,27.72,-29.33,Noise,Right
1705996375760,0.632448,-0.028792,-0.797392,-4.62,51.24,-37.45,Noise,Right
1705996375760,0.584624,-0.06344,-0.848144,-8.96,60.41,-43.05,Noise,Right
1705996375805,0.571448,-0.108336,-0.905728,-2.52,61.04,-49.14,Noise,Right
1705996375805,0.52704,-0.130784,-0.942816,9.24,50.68,-56.84,Noise,Right
1705996375851,0.576816,-0.163968,-0.92476,24.78,27.23,-52.92,Noise,Right
1705996375852,0.65148,-0.167872,-0.88572,36.61,5.25,-35.49,Noise,Right
1705996375852,0.699792,-0.113704,-0.798368,42.84,-7.0,-18.55,Noise,Right
1705996375897,0.691984,-0.034648,-0.735904,46.34,-3.22,-13.93,Noise,Right
1705996375897,0.65636,0.028304,-0.684176,45.01,8.68,-20.58,Noise,Right
1705996375897,0.631472,0.047824,-0.67588,37.66,19.11,-29.75,Noise,Right
1705996375950,0.641232,0.007808,-0.693448,28.42,25.9,-36.4,Noise,Right
1705996375950,0.620736,-0.0122,-0.738344,23.87,29.89,-42.49,Noise,Right
1705996375950,0.598288,-0.0366,-0.755912,26.04,29.54,-48.37,Noise,Right
1705996376006,0.595848,-0.077104,-0.773968,34.65,24.43,-54.81,Noise,Right
1705996376007,0.619272,-0.091744,-0.773968,41.16,15.33,-54.88,Noise,Right
1705996376008,0.67588,-0.079056,-0.718336,46.69,2.17,-46.55,Noise,Right
1705996376053,0.711504,-0.055632,-0.664656,46.9,-2.66,-38.01,Noise,Right
1705996376053,0.710528,0.000976,-0.625128,43.96,2.87,-36.33,Noise,Right
1705996376053,0.687592,0.047824,-0.603168,38.85,11.83,-42.0,Noise,Right
1705996376099,0.674416,0.057584,-0.613904,29.26,17.29,-47.32,Noise,Right
1705996376100,0.691008,0.01708,-0.642696,20.09,19.67,-50.82,Noise,Right
1705996376100,0.712968,-0.022936,-0.68076,17.22,21.21,-50.89,Noise,Right
1705996376148,0.716384,-0.05856,-0.72224,17.99,21.63,-48.86,Noise,Right
1705996376149,0.71736,-0.06832,-0.731512,24.5,18.27,-46.27,Noise,Right
1705996376149,0.723216,-0.034648,-0.699304,29.61,7.49,-38.36,Noise,Right
1705996376195,0.74176,-0.011712,-0.66612,29.96,-3.92,-29.05,Noise,Right
1705996376195,0.776408,0.016592,-0.60756,29.68,-3.36,-27.51,Noise,Right
1705996376247,0.772504,0.054656,-0.5856,24.78,6.02,-30.73,Noise,Right
1705996376247,0.765672,0.079056,-0.584136,14.7,14.84,-33.81,Noise,Right
1705996376247,0.7686,0.05856,-0.616832,6.09,24.08,-39.34,Noise,Right
1705996376291,0.764208,0.003904,-0.674416,3.92,29.68,-42.07,Noise,Right
1705996376291,0.737368,-0.03904,-0.714432,7.84,25.2,-37.03,Noise,Right
1705996376292,0.738344,-0.063928,-0.715408,17.01,16.66,-31.64,Noise,Right
1705996376339,0.752496,-0.040504,-0.694912,24.64,7.0,-26.53,Noise,Right
1705996376339,0.765184,-0.019032,-0.64172,29.75,0.84,-20.72,Noise,Right
1705996376339,0.773968,0.008784,-0.594872,30.8,0.84,-19.53,Noise,Right
1705996376384,0.761768,0.04636,-0.53924,26.6,5.53,-21.0,Noise,Right
1705996376384,0.743224,0.068808,-0.526552,17.22,11.9,-25.13,Noise,Right
1705996376384,0.731512,0.086376,-0.52704,5.11,35.35,-31.15,Noise,Right
1705996376437,0.737368,0.052216,-0.577304,-2.73,24.85,-39.06,Noise,Right
1705996376437,0.746152,0.02684,-0.621224,-3.29,24.36,-41.93,Noise,Right
1705996376437,0.763232,-0.019032,-0.613904,3.01,18.48,-39.55,Noise,Right
1705996376557,0.759328,-0.0122,-0.602192,9.17,6.65,-31.5,Noise,Right
1705996376557,0.779824,-0.00976,-0.586576,13.58,-3.43,-21.42,Noise,Right
1705996376557,0.78324,0.039528,-0.581208,19.04,-5.6,-17.36,Noise,Right
1705996376557,0.784216,0.066368,-0.571936,21.28,-5.04,-15.68,Noise,Right
1705996376557,0.770552,0.090768,-0.547536,19.04,-4.69,-14.42,Noise,Right
1705996376557,0.774944,0.071736,-0.550464,14.07,-3.29,-15.05,Noise,Right
1705996376557,0.772504,0.055632,-0.573888,10.71,-0.42,-15.68,Noise,Right
1705996376607,0.757376,0.035624,-0.623176,8.33,0.42,-14.7,Noise,Right
1705996376607,0.727608,0.018544,-0.674904,10.01,-1.33,-15.33,Noise,Right
1705996376608,0.70516,0.011712,-0.696864,16.24,-7.0,-17.01,Noise,Right
1705996376653,0.717848,0.013176,-0.679296,23.94,-14.42,-19.39,Noise,Right
1705996376654,0.749568,0.023912,-0.638304,29.12,-21.7,-19.53,Noise,Right
1705996376699,0.80276,0.067832,-0.567056,29.4,-23.66,-18.2,Noise,Right
1705996376700,0.826184,0.091744,-0.511912,22.82,-15.96,-18.34,Noise,Right
1705996376700,0.836432,0.128832,-0.490928,10.78,-3.08,-19.88,Noise,Right
1705996376745,0.81252,0.103456,-0.514352,-3.85,8.96,-18.34,Noise,Right
1705996376746,0.781776,0.052216,-0.574376,-13.23,11.62,-13.16,Noise,Right
1705996376746,0.748104,-0.026352,-0.669048,-11.83,8.33,-6.37,Noise,Right
1705996376791,0.699792,-0.057096,-0.71004,1.26,-0.98,-0.14,Noise,Right
1705996376791,0.675392,-0.038064,-0.73444,17.08,-15.47,3.01,Noise,Right
1705996376791,0.66612,0.002928,-0.711504,31.5,-30.1,2.87,Noise,Right
1705996376847,0.70272,0.04148,-0.656848,38.64,-40.25,-0.77,Noise,Right
1705996376847,0.75396,0.060512,-0.59536,37.59,-38.01,-5.25,Noise,Right
1705996376847,0.794952,0.06344,-0.549488,29.47,-28.7,-8.19,Noise,Right
1705996376977,0.817888,0.070272,-0.545584,15.82,-16.38,-8.47,Noise,Right
1705996376979,0.824232,0.059048,-0.57828,0.84,-0.35,-9.24,Noise,Right
1705996376979,0.772504,0.047824,-0.630008,-8.82,11.9,-10.5,Noise,Right
1705996376979,0.72224,0.02928,-0.689544,-15.33,9.31,-6.72,Noise,Right
1705996376979,0.711992,0.003416,-0.718336,-11.76,2.52,-4.97,Noise,Right
1705996376979,0.699304,-0.006344,-0.718336,-1.05,-2.31,-7.21,Noise,Right
1705996376980,0.691496,0.015616,-0.69052,6.79,-11.06,-7.28,Noise,Right
1705996377026,0.704184,0.047336,-0.638792,9.94,-18.41,-6.86,Noise,Right
1705996377027,0.722728,0.052216,-0.61488,6.65,-18.2,-8.54,Noise,Right
1705996377027,0.75152,0.054168,-0.616344,-0.77,-13.72,-9.73,Noise,Right
1705996377076,0.772504,0.030744,-0.644648,-8.89,-6.58,-9.52,Noise,Right
1705996377076,0.774456,-0.007808,-0.681248,-14.35,0.63,-7.77,Noise,Right
1705996377076,0.758352,-0.010248,-0.72712,-15.12,5.04,-5.25,Noise,Right
1705996377172,0.72712,-0.005368,-0.748104,-13.16,4.41,-4.13,Noise,Right
1705996377172,0.704184,0.032696,-0.74908,-8.12,1.05,-5.95,Noise,Right
1705996377172,0.705648,0.054168,-0.72956,-4.9,-2.24,-11.48,Noise,Right
1705996377173,0.732488,0.05856,-0.703696,-3.22,-3.64,-15.33,Noise,Right
1705996377173,0.769576,0.042456,-0.678808,-4.27,-3.85,-14.84,Noise,Right
1705996377173,0.798368,0.027328,-0.670024,-7.21,-1.33,-10.43,Noise,Right
1705996377227,0.808616,0.016592,-0.685152,-8.61,4.62,-5.04,Noise,Right
1705996377227,0.8052,0.013664,-0.7076,-11.13,7.77,1.4,Noise,Right
1705996377227,0.769088,0.0244,-0.735416,-11.27,11.27,4.41,Noise,Right
1705996377273,0.734928,0.039528,-0.756888,-9.03,14.28,2.52,Noise,Right
1705996377274,0.721264,0.050264,-0.759328,-6.44,13.93,-2.24,Noise,Right
1705996377274,0.720288,0.044408,-0.750544,-2.66,14.14,-8.26,Noise,Right
1705996377324,0.737368,0.043432,-0.732,-0.35,14.14,-13.23,Noise,Right
1705996377324,0.736392,0.045384,-0.703696,2.87,15.12,-15.96,Noise,Right
1705996377480,0.7564,0.038552,-0.673928,2.66,13.37,-15.05,Noise,Right
1705996377480,0.768112,0.037576,-0.647088,1.61,13.65,-13.72,Noise,Right
1705996377481,0.771528,0.055632,-0.613416,-1.26,15.19,-11.48,Noise,Right
1705996377481,0.768112,0.090768,-0.601704,-5.95,18.34,-10.5,Noise,Right
1705996377581,0.827648,0.112728,-0.558272,-10.85,13.02,-21.14,Noise,Right
1705996377870,0.89548,0.245952,-0.447496,-30.66,32.34,-21.91,Noise,Right
1705996377993,0.845704,0.296704,-0.388448,-33.25,30.87,-19.67,Noise,Right
1705996378050,0.861808,0.296704,-0.366976,-28.28,29.12,-21.0,Noise,Right
1705996378050,0.857416,0.2928,-0.343552,-24.99,25.97,-19.81,Noise,Right
1705996378050,0.87596,0.29768,-0.329888,-25.06,23.17,-17.5,Noise,Right
1705996378097,0.879864,0.294264,-0.317688,-25.34,23.17,-15.19,Noise,Right
1705996378097,0.8906,0.29524,-0.301584,-28.98,23.31,-10.92,Noise,Right
1705996378097,0.887184,0.303048,-0.31964,-30.73,26.18,-9.38,Noise,Right
1705996378143,0.879376,0.307928,-0.333304,-30.31,25.2,-7.91,Noise,Right
1705996378143,0.85156,0.31232,-0.346968,-26.32,23.59,-9.31,Noise,Right
1705996378144,0.843264,0.3172,-0.330376,-20.79,19.46,-11.2,Noise,Right
1705996378279,0.85156,0.33672,-0.30012,-15.54,16.17,-14.07,Noise,Right
1705996378279,0.872056,0.3538,-0.261568,-12.46,14.56,-16.73,Noise,Right
1705996378279,0.883768,0.349896,-0.221064,-11.9,14.21,-16.59,Noise,Right
1705996378279,0.906704,0.338672,-0.221552,-15.61,14.77,-14.14,Noise,Right
1705996378279,0.933056,0.323544,-0.225456,-17.99,18.41,-10.5,Noise,Right
1705996378279,0.920368,0.333792,-0.250344,-17.5,21.98,-5.81,Noise,Right
1705996378279,0.896456,0.357704,-0.266448,-16.45,20.51,-1.54,Noise,Right
1705996378328,0.868152,0.382104,-0.262056,-13.44,19.11,-1.89,Noise,Right
1705996378330,0.854,0.386984,-0.25376,-12.67,15.61,-4.69,Noise,Right
1705996378330,0.87108,0.388448,-0.240096,-13.23,13.23,-7.84,Noise,Right
1705996378378,0.885232,0.374296,-0.223992,-14.42,12.25,-9.38,Noise,Right
1705996378379,0.899872,0.37576,-0.214232,-15.26,12.95,-9.45,Noise,Right
1705996378379,0.926712,0.368928,-0.202032,-15.26,14.98,-8.75,Noise,Right
1705996378423,0.93696,0.379664,-0.196664,-14.84,18.06,-6.37,Noise,Right
1705996378424,0.92964,0.404064,-0.174704,-15.05,20.79,-4.2,Noise,Right
1705996378424,0.915,0.418216,-0.176168,-17.43,21.98,-3.01,Noise,Right
1705996378469,0.904752,0.407968,-0.183,-20.65,22.96,-3.43,Noise,Right
1705996378469,0.89548,0.388936,-0.187392,-20.16,21.35,-3.5,Noise,Right
1705996378469,0.883768,0.36356,-0.196664,-19.88,20.3,-3.78,Noise,Right
1705996378516,0.86376,0.365512,-0.198128,-17.78,18.27,-5.18,Noise,Right
1705996378517,0.854,0.386496,-0.187392,-16.03,16.24,-7.49,Noise,Right
1705996378562,0.869128,0.388936,-0.170312,-15.12,13.37,-9.73,Noise,Right
1705996378562,0.896944,0.39528,-0.147864,-13.79,11.83,-10.29,Noise,Right
1705996378562,0.915976,0.386008,-0.11468,-13.58,9.03,-6.23,Noise,Right
1705996378609,0.90524,0.381616,-0.08784,-12.04,8.05,-2.59,Noise,Right
1705996378609,0.889624,0.38308,-0.101992,-10.64,8.26,-0.63,Noise,Right
1705996378610,0.879864,0.433344,-0.110288,-8.96,9.1,-2.1,Noise,Right
1705996378655,0.906216,0.453352,-0.111264,-12.11,12.67,-5.81,Noise,Right
1705996378655,0.933056,0.447984,-0.13176,-17.92,17.71,-8.33,Noise,Right
1705996378656,0.940376,0.418216,-0.138592,-22.68,19.67,-6.58,Noise,Right
1705996378707,0.92964,0.391864,-0.13176,-24.01,20.86,-3.36,Noise,Right
1705996378707,0.882792,0.367464,-0.121024,-22.26,20.23,-1.4,Noise,Right
1705996378810,0.843264,0.358192,-0.10248,-17.01,15.89,-0.98,Noise,Right
1705996378810,0.820328,0.362584,-0.081008,-9.87,8.4,-1.47,Noise,Right
1705996378811,0.81008,0.362584,-0.072712,-1.4,-2.1,-1.68,Noise,Right
1705996378811,0.837408,0.364048,-0.058072,6.02,-10.71,-0.56,Noise,Right
1705996378811,0.853024,0.374784,-0.064904,10.71,-14.63,-0.35,Noise,Right
1705996378811,0.854,0.35868,-0.075152,12.39,-17.71,0.84,Noise,Right
1705996378812,0.854,0.357704,-0.114192,13.09,-21.42,2.73,Noise,Right
1705996378862,0.83936,0.367464,-0.128832,16.24,-25.48,3.78,Noise,Right
1705996378862,0.811056,0.382104,-0.149816,18.27,-32.27,4.55,Noise,Right
1705996378862,0.826184,0.364048,-0.179096,21.7,-39.62,2.87,Noise,Right
1705996378912,0.850584,0.369904,-0.162992,29.82,-44.59,0.28,Noise,Right
1705996378912,0.883768,0.378688,-0.130296,34.44,-49.07,0.98,Noise,Right
1705996378912,0.905728,0.411384,-0.11224,36.05,-49.91,2.24,Noise,Right
1705996378956,0.924272,0.415776,-0.138104,34.3,-47.67,3.43,Noise,Right
1705996378956,0.927688,0.405528,-0.186904,30.03,-44.03,6.02,Noise,Right
1705996379003,0.931104,0.394304,-0.235216,27.02,-41.44,9.03,Noise,Right
1705996379003,0.935496,0.360144,-0.262544,23.73,-40.18,14.07,Noise,Right
1705996379004,0.915,0.331352,-0.301096,26.32,-40.11,19.18,Noise,Right
1705996379047,0.874984,0.31964,-0.327448,30.87,-43.82,24.29,Noise,Right
1705996379048,0.83936,0.336232,-0.341112,39.2,-49.35,23.66,Noise,Right
1705996379048,0.825696,0.340136,-0.32208,44.87,-53.62,19.88,Noise,Right
1705996379179,0.841312,0.311344,-0.362584,45.57,-56.84,16.87,Noise,Right
1705996379179,0.862784,0.293288,-0.37088,49.42,-58.45,15.4,Noise,Right
1705996379179,0.876448,0.25864,-0.3904,50.47,-59.64,17.85,Noise,Right
1705996379180,0.87108,0.252296,-0.405528,52.92,-60.62,21.0,Noise,Right
1705996379180,0.852048,0.239608,-0.424072,55.72,-58.73,21.91,Noise,Right
1705996379180,0.823744,0.242048,-0.435296,59.92,-58.87,21.21,Noise,Right
1705996379180,0.811544,0.224968,-0.454328,63.77,-63.98,22.75,Noise,Right
1705996379323,0.813008,0.202032,-0.470432,70.91,-70.35,24.36,Noise,Right
1705996379323,0.816424,0.217648,-0.452376,77.63,-76.86,26.88,Noise,Right
1705996379323,0.831552,0.2562,-0.462624,79.94,-79.03,26.18,Noise,Right
1705996379323,0.87108,0.234728,-0.51484,77.77,-80.22,27.58,Noise,Right
1705996379323,0.934032,0.17324,-0.589016,79.17,-85.89,38.71,Noise,Right
1705996379323,0.948184,0.151768,-0.57584,85.68,-81.34,47.88,Noise,Right
1705996379406,0.901336,0.16836,-0.538264,87.57,-73.85,55.65,Noise,Right
1705996379406,0.848144,0.179584,-0.523624,79.87,-69.72,62.86,Noise,Right
1705996379407,0.797392,0.184464,-0.515816,70.56,-62.86,64.05,Noise,Right
1705996379407,0.755424,0.176656,-0.54656,59.71,-57.68,61.88,Noise,Right
1705996379407,0.757864,0.130296,-0.591944,51.17,-54.25,57.68,Noise,Right
1705996379407,0.76372,0.089304,-0.605608,45.99,-48.86,54.39,Noise,Right
1705996379407,0.776896,0.056608,-0.593408,41.3,-43.82,53.97,Noise,Right
1705996379472,0.782264,0.0244,-0.586088,34.09,-38.57,56.42,Noise,Right
1705996379472,0.782752,0.009272,-0.559248,26.04,-31.78,59.92,Noise,Right
1705996379477,0.752496,0.034648,-0.508496,13.93,-25.2,61.67,Noise,Right
1705996379478,0.735904,0.073688,-0.491416,-3.85,-15.82,57.82,Noise,Right
1705996379511,0.741272,0.063928,-0.533384,-21.77,-4.55,51.87,Noise,Right
1705996379511,0.761768,0.0,-0.56608,-36.4,5.18,51.17,Noise,Right
1705996379511,0.737856,-0.06344,-0.625128,-45.57,10.29,57.26,Noise,Right
1705996379566,0.691984,-0.119072,-0.676856,-46.62,6.09,69.16,Noise,Right
1705996379566,0.643184,-0.142008,-0.682224,-44.31,-3.71,79.45,Noise,Right
1705996379566,0.584624,-0.11224,-0.670024,-40.81,-11.83,83.72,Noise,Right
1705996379614,0.55388,-0.050752,-0.660264,-42.21,-16.17,78.82,Noise,Right
1705996379614,0.56852,-0.028792,-0.657336,-46.27,-11.2,63.91,Noise,Right
1705996379614,0.596824,-0.0488,-0.654896,-52.43,2.66,46.2,Noise,Right
1705996379733,0.61,-0.08052,-0.691984,-59.78,8.33,38.36,Noise,Right
1705996379734,0.631472,-0.142984,-0.728584,-66.99,4.62,42.56,Noise,Right
1705996379734,0.646112,-0.198616,-0.782264,-67.9,-1.19,51.24,Noise,Right
1705996379735,0.634888,-0.21228,-0.81252,-60.27,-5.32,58.66,Noise,Right
1705996379735,0.601704,-0.189344,-0.806664,-51.17,-8.54,62.02,Noise,Right
1705996379735,0.580232,-0.138104,-0.798856,-43.82,-11.9,60.41,Noise,Right
1705996379736,0.575352,-0.088816,-0.780312,-43.26,-15.61,55.72,Noise,Right
1705996379781,0.594384,-0.086864,-0.767136,-47.18,-13.79,49.98,Noise,Right
1705996379781,0.622688,-0.115656,-0.78568,-50.54,-11.06,48.16,Noise,Right
1705996379781,0.623664,-0.156648,-0.813984,-52.71,-10.78,52.36,Noise,Right
1705996379834,0.626104,-0.173728,-0.81984,-49.49,-10.29,54.74,Noise,Right
1705996379834,0.601216,-0.167872,-0.827648,-46.06,-5.46,51.59,Noise,Right
1705996379834,0.554856,-0.167872,-0.86376,-40.95,-4.41,47.88,Noise,Right
1705996379938,0.540216,-0.16836,-0.869616,-36.82,-9.45,45.08,Noise,Right
1705996379938,0.543144,-0.16104,-0.864736,-30.87,-15.26,41.58,Noise,Right
1705996379938,0.56852,-0.15128,-0.841312,-28.0,-17.78,38.64,Noise,Right
1705996379938,0.589016,-0.150792,-0.81984,-28.77,-14.63,36.61,Noise,Right
1705996379939,0.5978,-0.137616,-0.804224,-32.9,-8.61,36.68,Noise,Right
1705996379939,0.594384,-0.139568,-0.827648,-39.55,-3.15,38.85,Noise,Right
1705996379986,0.589504,-0.165432,-0.87352,-46.55,-1.54,44.52,Noise,Right
1705996379986,0.576816,-0.189344,-0.91256,-46.83,-1.68,51.73,Noise,Right
1705996379986,0.552416,-0.186904,-0.93452,-40.18,0.7,52.57,Noise,Right
1705996380036,0.5124,-0.154208,-0.918904,-30.03,3.99,45.85,Noise,Right
1705996380036,0.493368,-0.128832,-0.893528,-23.66,3.85,36.89,Noise,Right
1705996380036,0.472384,-0.120536,-0.88572,-20.58,-1.33,30.73,Noise,Right
1705996380142,0.50508,-0.13908,-0.876448,-20.16,-10.92,28.91,Noise,Right
1705996380143,0.549,-0.164944,-0.853024,-19.88,-15.96,30.31,Noise,Right
1705996380143,0.57584,-0.16348,-0.821792,-21.0,-13.23,32.27,Noise,Right
1705996380143,0.559248,-0.123952,-0.799832,-26.46,-3.29,31.22,Noise,Right
1705996380143,0.527528,-0.105896,-0.805688,-32.83,9.94,25.55,Noise,Right
1705996380144,0.495808,-0.135664,-0.855952,-38.57,18.97,0.28,Noise,Right
1705996380188,0.470432,-0.173728,-0.90768,-39.34,16.59,16.8,Noise,Right
1705996380188,0.467992,-0.188368,-0.946232,-33.39,9.38,14.28,Noise,Right
1705996380189,0.461648,-0.210328,-0.965264,-20.72,1.4,11.13,Noise,Right
1705996380233,0.466528,-0.187392,-0.960384,-6.72,-9.66,9.31,Noise,Right
1705996380233,0.49532,-0.154696,-0.925248,1.54,-21.14,9.59,Noise,Right
1705996380279,0.53924,-0.11956,-0.856928,3.64,-26.39,8.47,Noise,Right
1705996380279,0.572424,-0.108824,-0.802272,-0.14,-19.39,5.11,Noise,Right
1705996380279,0.593896,-0.105896,-0.783728,-6.72,-8.68,1.96,Noise,Right
1705996380328,0.58316,-0.116144,-0.793,-13.37,1.33,0.21,Noise,Right
1705996380328,0.570472,-0.143472,-0.820816,-17.64,5.6,2.31,Noise,Right
1705996380328,0.554856,-0.163968,-0.863272,-17.92,5.88,4.83,Noise,Right
1705996380371,0.537776,-0.174216,-0.89792,-14.14,2.73,8.19,Noise,Right
1705996380371,0.525088,-0.183488,-0.915488,-5.18,-4.41,11.2,Noise,Right
1705996380371,0.525088,-0.15616,-0.890112,1.75,-11.27,15.33,Noise,Right
1705996380417,0.521184,-0.127856,-0.857416,5.6,-13.23,15.26,Noise,Right
1705996380417,0.527528,-0.111264,-0.82472,5.74,-10.71,12.46,Noise,Right
1705996380464,0.530456,-0.095648,-0.817888,1.05,-6.58,9.66,Noise,Right
1705996380464,0.540704,-0.115656,-0.812032,-5.6,-3.01,8.19,Noise,Right
1705996380465,0.541192,-0.121024,-0.828136,-11.27,0.84,7.35,Noise,Right
1705996380510,0.543632,-0.1464,-0.834968,-15.61,6.51,5.11,Noise,Right
1705996380510,0.52216,-0.150792,-0.856928,-13.65,9.17,4.34,Noise,Right
1705996380510,0.511912,-0.15616,-0.87108,-11.34,7.56,3.43,Noise,Right
1705996380557,0.510936,-0.15616,-0.881328,-8.33,-0.42,5.81,Noise,Right
1705996380557,0.528016,-0.155672,-0.878888,-4.41,-8.26,8.96,Noise,Right
1705996380557,0.542168,-0.125904,-0.849608,-2.03,-12.11,10.78,Noise,Right
1705996380606,0.540216,-0.109312,-0.826184,-2.87,-8.96,9.38,Noise,Right
1705996380606,0.533872,-0.094184,-0.819352,-5.88,-2.24,6.16,Noise,Right
1705996380653,0.508496,-0.105408,-0.827648,-9.31,2.66,3.01,Noise,Right
1705996380654,0.5002,-0.128344,-0.842776,-10.71,4.97,0.7,Noise,Right
1705996380654,0.49532,-0.149328,-0.86376,-9.03,3.22,0.7,Noise,Right
1705996380697,0.5002,-0.150792,-0.86132,-6.3,-2.8,3.71,Noise,Right
1705996380699,0.518256,-0.156648,-0.860344,-4.69,-8.26,8.12,Noise,Right
1705996380699,0.523136,-0.140056,-0.8418,-2.94,-9.1,9.59,Noise,Right
1705996380746,0.522648,-0.13176,-0.822768,-3.64,-6.58,8.82,Noise,Right
1705996380746,0.571936,-0.059536,-0.728096,-6.02,0.56,6.65,Noise,Right
1705996380746,0.386984,-0.11468,-0.818376,5.18,18.62,-13.3,Noise,Right
1705996380796,0.444568,-0.129808,-0.864736,-7.7,10.5,-9.03,Noise,Right
1705996380796,0.523624,-0.1342,-0.852048,-9.8,-3.43,-4.34,Noise,Right
1705996380796,0.553392,-0.159576,-0.860832,-7.7,-1.75,-3.71,Noise,Right
1705996380930,0.543144,-0.152744,-0.887672,-2.59,5.39,-4.69,Noise,Right
1705996380930,0.526552,-0.154696,-0.882792,1.05,4.13,-3.92,Noise,Right
1705996380930,0.517768,-0.140544,-0.877424,1.75,-4.13,0.49,Noise,Right
1705996380931,0.5246,-0.138592,-0.854,2.38,-9.38,3.71,Noise,Right
1705996380931,0.52704,-0.122976,-0.8296,2.24,-8.05,2.45,Noise,Right
1705996380931,0.5246,-0.115168,-0.810568,-0.28,-4.2,0.91,Noise,Right
1705996380931,0.511912,-0.130784,-0.80764,-1.89,-0.14,-1.4,Noise,Right
1705996380978,0.501664,-0.136152,-0.81496,-2.94,1.33,-2.66,Noise,Right
1705996380979,0.490928,-0.128344,-0.826672,-3.08,-0.49,-3.08,Noise,Right
1705996380979,0.501176,-0.118096,-0.83936,-3.01,-3.29,-3.92,Noise,Right
1705996381023,0.516304,-0.11712,-0.849608,-1.89,-4.13,-5.74,Noise,Right
1705996381024,0.540216,-0.121512,-0.856928,-1.05,-3.99,-5.25,Noise,Right
1705996381024,0.557296,-0.120536,-0.850584,-1.19,-2.24,-3.57,Noise,Right
1705996381080,0.549976,-0.124928,-0.847168,-2.73,0.14,-1.47,Noise,Right
1705996381084,0.542656,-0.123464,-0.847656,-2.59,2.73,0.49,Noise,Right
1705996381085,0.521184,-0.113216,-0.83692,-3.29,4.62,0.77,Noise,Right
1705996381117,0.516304,-0.121512,-0.828624,-4.48,4.76,-0.42,Noise,Right
1705996381117,0.500688,-0.119072,-0.831064,-4.69,4.62,-2.45,Noise,Right
1705996381165,0.504592,-0.11956,-0.83692,-4.55,3.71,-4.69,Noise,Right
1705996381166,0.50264,-0.12932,-0.843264,-3.5,3.36,-5.53,Noise,Right
1705996381166,0.499712,-0.1342,-0.852536,-2.24,3.36,-6.93,Noise,Right
1705996381211,0.498736,-0.13176,-0.861808,-0.49,1.75,-7.91,Noise,Right
1705996381212,0.513376,-0.132736,-0.8662,-0.56,-1.47,-6.37,Noise,Right
1705996381212,0.524112,-0.125416,-0.862784,-0.21,-2.24,-5.39,Noise,Right
1705996381255,0.537288,-0.115656,-0.857416,0.21,0.21,-6.02,Noise,Right
1705996381256,0.538264,-0.112728,-0.8418,0.56,3.15,-6.44,Noise,Right
1705996381256,0.53192,-0.113216,-0.833504,-0.7,5.32,-7.49,Noise,Right
1705996381303,0.539728,-0.126392,-0.831552,-1.75,8.19,-9.73,Noise,Right
1705996381303,0.524112,-0.128832,-0.838384,-1.12,11.13,-12.81,Noise,Right
1705996381352,0.51972,-0.137128,-0.866688,-1.4,12.11,-15.05,Noise,Right
1705996381352,0.513864,-0.146888,-0.872544,0.49,9.94,-16.17,Noise,Right
1705996381352,0.515328,-0.147864,-0.88816,2.52,5.39,-14.84,Noise,Right
1705996381475,0.528016,-0.15372,-0.898408,3.64,-1.05,-12.46,Noise,Right
1705996381475,0.548512,-0.139568,-0.876936,5.25,-5.18,-8.61,Noise,Right
1705996381475,0.548512,-0.118584,-0.862784,5.46,-3.78,-7.98,Noise,Right
1705996381476,0.558272,-0.115168,-0.848144,4.97,1.54,-11.76,Noise,Right
1705996381476,0.55144,-0.1342,-0.881816,6.93,11.34,-17.99,Noise,Right
1705996381476,0.543144,-0.106872,-0.825208,10.15,9.17,-16.52,Noise,Right
1705996381476,0.52216,-0.111264,-0.827648,6.02,4.41,-13.44,Noise,Right
1705996381520,0.549976,-0.118096,-0.834968,-3.01,1.19,-15.82,Noise,Right
1705996381520,0.56852,-0.148352,-0.883768,-2.03,5.74,-17.85,Noise,Right
1705996381520,0.601704,-0.183488,-0.923296,1.96,13.09,-17.5,Noise,Right
1705996381565,0.565592,-0.178608,-0.943792,17.15,17.29,-16.17,Noise,Right
1705996381565,0.515816,-0.000976,-0.921832,27.09,7.77,-12.67,Noise,Right
1705996381613,0.525576,-0.09272,-0.837408,24.85,-7.49,-8.82,Noise,Right
1705996381615,0.569496,-0.084424,-0.820816,14.42,-11.41,-6.58,Noise,Right
1705996381615,0.622688,-0.092232,-0.837408,5.18,-3.43,-9.94,Noise,Right
1705996381735,0.630984,-0.112728,-0.865712,4.27,18.76,-16.31,Noise,Right
1705996381735,0.577304,-0.110288,-0.866688,7.63,39.2,-25.06,Noise,Right
1705996381735,0.549488,-0.140056,-0.925248,12.39,46.06,-31.43,Noise,Right
1705996381735,0.555832,-0.155672,-0.940376,15.4,32.55,-28.56,Noise,Right
1705996381735,0.592432,-0.19276,-0.929152,15.05,12.81,-15.68,Noise,Right
1705996381735,0.630008,-0.173728,-0.879864,14.28,-0.28,-3.71,Noise,Right
1705996381736,0.631472,-0.138592,-0.845704,12.81,-1.12,0.84,Noise,Right
1705996381781,0.613416,-0.094672,-0.811544,11.62,10.92,-4.41,Noise,Right
1705996381781,0.5978,-0.06344,-0.81008,10.78,29.05,-19.11,Noise,Right
1705996381781,0.576816,-0.103456,-0.818376,13.44,47.81,-39.2,Noise,Right
1705996381827,0.547536,-0.121512,-0.826184,18.9,52.29,-52.43,Noise,Right
1705996381828,0.538752,-0.154696,-0.823744,25.76,40.6,-55.65,Noise,Right
1705996381828,0.576816,-0.165432,-0.777384,32.2,21.77,-52.36,Noise,Right
1705996381874,0.633424,-0.160064,-0.715896,33.32,5.6,-42.28,Noise,Right
1705996381874,0.695888,-0.13664,-0.674904,29.12,-4.62,-28.84,Noise,Right
1705996381874,0.719312,-0.095648,-0.650504,19.11,0.07,-18.13,Noise,Right
1705996381921,0.71004,-0.06588,-0.651968,11.48,24.29,-19.88,Noise,Right
1705996381921,0.659288,-0.056608,-0.716384,8.4,50.82,-31.78,Noise,Right
1705996381966,0.601704,-0.066368,-0.751032,8.33,59.78,-40.11,Noise,Right
1705996381967,0.549,-0.063928,-0.787632,9.31,52.78,-45.36,Noise,Right
1705996381967,0.557296,-0.07076,-0.785192,14.21,39.62,-53.55,Noise,Right
1705996382014,0.601704,-0.08784,-0.763232,23.03,30.59,-64.68,Noise,Right
1705996382014,0.70516,-0.078568,-0.706624,30.24,25.62,-68.88,Noise,Right
1705996382014,0.789096,-0.084424,-0.665632,30.66,27.65,-65.59,Noise,Right
1705996382069,0.839848,-0.101992,-0.617808,30.66,35.28,-57.82,Noise,Right
1705996382070,0.837408,-0.079056,-0.586576,26.53,46.34,-48.86,Noise,Right
1705996382070,0.789096,-0.02928,-0.586088,21.28,50.89,-41.16,Noise,Right
1705996382194,0.740784,-0.008784,-0.610488,18.41,49.56,-38.85,Noise,Right
1705996382201,0.711016,0.017568,-0.632936,18.69,44.1,-40.74,Noise,Right
1705996382201,0.730048,0.002928,-0.648552,21.77,38.43,-46.55,Noise,Right
1705996382201,0.768112,-0.01464,-0.64904,29.89,36.33,-53.55,Noise,Right
1705996382201,0.787632,-0.020496,-0.637328,38.78,31.08,-54.32,Noise,Right
1705996382202,0.831064,-0.025864,-0.620248,45.71,20.72,-46.27,Noise,Right
1705996382202,0.89548,-0.03416,-0.547536,52.01,15.12,-37.38,Noise,Right
1705996382293,0.918904,-0.003416,-0.458232,52.15,21.28,-30.94,Noise,Right
1705996382294,0.886696,0.067344,-0.391864,44.73,32.76,-30.52,Noise,Right
1705996382294,0.838872,0.120536,-0.372832,28.84,40.04,-30.94,Noise,Right
1705996382294,0.835944,0.112728,-0.400648,12.88,42.77,-33.74,Noise,Right
1705996382294,0.835944,0.065392,-0.427976,6.93,43.89,-36.12,Noise,Right
1705996382294,0.852048,0.025864,-0.4392,7.0,39.41,-33.74,Noise,Right
1705996382343,0.850096,-0.006832,-0.443592,12.67,33.53,-28.98,Noise,Right
1705996382343,0.833504,0.007808,-0.434808,18.48,24.71,-22.61,Noise,Right
1705996382344,0.825696,0.031232,-0.411872,22.47,18.76,-20.02,Noise,Right
1705996382391,0.853024,0.069784,-0.394792,21.98,18.69,-20.79,Noise,Right
1705996382391,0.86132,0.085888,-0.371856,16.8,22.33,-22.26,Noise,Right
1705996382391,0.887184,0.068808,-0.371856,8.68,27.44,-23.03,Noise,Right
1705996382437,0.898408,0.053192,-0.362584,2.52,32.76,-21.35,Noise,Right
1705996382437,0.884256,0.047824,-0.365024,-2.66,36.33,-19.81,Noise,Right
1705996382437,0.864736,0.065392,-0.363072,-5.81,36.82,-20.3,Noise,Right
1705996382482,0.835456,0.079544,-0.373808,-8.05,33.32,-20.86,Noise,Right
1705996382482,0.854976,0.067344,-0.38308,-7.77,26.25,-21.56,Noise,Right
1705996382533,0.881328,0.045872,-0.398696,-5.11,20.37,-19.46,Noise,Right
1705996382533,0.9028,0.028792,-0.384544,-1.82,16.03,-15.19,Noise,Right
1705996382533,0.904264,0.028792,-0.386008,0.63,16.03,-11.34,Noise,Right
1705996382653,0.899384,0.061976,-0.3782,1.54,16.1,-8.96,Noise,Right
1705996382653,0.882304,0.094184,-0.382592,1.61,16.66,-10.01,Noise,Right
1705996382653,0.877912,0.099064,-0.367952,1.12,12.6,-11.34,Noise,Right
1705996382653,0.889624,0.088328,-0.356728,-0.07,8.05,-11.55,Noise,Right
1705996382653,0.907192,0.081008,-0.343552,-0.35,7.07,-12.88,Noise,Right
1705996382653,0.913048,0.068808,-0.350384,-1.05,7.91,-13.09,Noise,Right
1705996382653,0.904752,0.077104,-0.379664,-2.24,11.13,-14.42,Noise,Right
1705996382702,0.901824,0.072224,-0.401136,-1.54,14.21,-15.96,Noise,Right
1705996382702,0.918416,0.067832,-0.430904,1.26,14.28,-15.96,Noise,Right
1705996382702,0.92964,0.062464,-0.40504,4.9,12.53,-12.95,Noise,Right
1705996382747,0.938912,0.079056,-0.351848,6.93,10.99,-9.59,Noise,Right
1705996382747,0.936472,0.120536,-0.287432,5.67,13.44,-9.1,Noise,Right
1705996382747,0.908656,0.160552,-0.27328,-2.03,20.58,-12.53,Noise,Right
1705996382796,0.876448,0.175192,-0.310368,-11.83,24.43,-17.08,Noise,Right
1705996382796,0.899872,0.13664,-0.333304,-17.22,20.72,-18.76,Noise,Right
1705996382797,0.943304,0.088816,-0.355752,-17.01,21.56,-19.46,Noise,Right
1705996382840,0.945744,0.069784,-0.352824,-12.11,22.33,-17.08,Noise,Right
1705996382840,0.930128,0.092232,-0.34892,-4.97,19.81,-12.95,Noise,Right
1705996382841,0.921832,0.116632,-0.323544,-0.7,19.04,-12.95,Noise,Right
1705996382889,0.93452,0.140056,-0.278648,0.21,19.88,-13.65,Noise,Right
1705996382890,0.939888,0.16836,-0.225944,-3.92,22.54,-13.3,Noise,Right
1705996382933,0.938424,0.190808,-0.222528,-14.84,23.38,-10.85,Noise,Right
1705996382933,0.939888,0.185928,-0.258152,-22.54,28.56,-14.35,Noise,Right
1705996382933,0.931592,0.172264,-0.305488,-25.48,30.03,-17.29,Noise,Right
1705996382988,0.940376,0.148352,-0.329888,-23.59,27.44,-18.48,Noise,Right
1705996382988,0.967704,0.1342,-0.317688,-16.38,23.52,-17.85,Noise,Right
1705996382988,0.967216,0.135176,-0.27816,-9.38,22.61,-16.38,Noise,Right
1705996383112,0.958432,0.174704,-0.220088,-7.21,22.89,-14.63,Noise,Right
1705996383112,0.965264,0.20496,-0.166408,-12.6,26.81,-15.61,Noise,Right
1705996383112,0.975024,0.201544,-0.16836,-22.54,31.5,-15.61,Noise,Right
1705996383112,0.981368,0.18056,-0.198128,-29.54,36.96,-14.56,Noise,Right
1705996383112,0.972584,0.168848,-0.233752,-30.73,40.18,-13.65,Noise,Right
1705996383112,0.9638,0.160064,-0.251808,-27.37,39.83,-13.23,Noise,Right
1705996383112,0.9272,0.183,-0.230336,-22.33,34.65,-11.69,Noise,Right
1705996383165,0.932568,0.2074,-0.197152,-18.83,25.41,-10.71,Noise,Right
1705996383165,0.931104,0.211792,-0.133712,-16.1,22.82,-13.93,Noise,Right
1705996383165,0.927688,0.224968,-0.11468,-16.8,23.1,-17.36,Noise,Right
1705996383166,0.948184,0.210816,-0.105408,-21.07,23.94,-19.6,Noise,Right
1705996383211,0.976,0.195688,-0.122976,-24.92,27.44,-20.02,Noise,Right
1705996383213,0.971608,0.186904,-0.15616,-26.25,30.24,-19.39,Noise,Right
1705996383259,0.946232,0.184952,-0.174704,-23.52,27.09,-16.94,Noise,Right
1705996383259,0.92232,0.201544,-0.179096,-17.08,20.02,-15.54,Noise,Right
1705996383259,0.923296,0.213744,-0.164944,-10.01,10.78,-15.33,Noise,Right
1705996383306,0.955992,0.237168,-0.109312,-4.97,5.81,-15.19,Noise,Right
1705996383306,0.986248,0.244488,-0.061,-2.94,8.54,-15.96,Noise,Right
1705996383306,0.992104,0.2684,-0.038552,-6.02,16.66,-16.31,Noise,Right
1705996383352,0.984296,0.261568,-0.040992,-13.79,21.84,-14.98,Noise,Right
1705996383353,0.973072,0.25376,-0.071736,-19.6,26.11,-13.86,Noise,Right
1705996383353,0.95404,0.243512,-0.087352,-21.21,27.72,-13.44,Noise,Right
1705996383400,0.932568,0.23912,-0.1098,-18.83,24.5,-12.81,Noise,Right
1705996383401,0.92232,0.255224,-0.10004,-13.02,18.41,-13.16,Noise,Right
1705996383446,0.913536,0.274744,-0.071248,-6.93,12.74,-14.28,Noise,Right
1705996383446,0.937936,0.286944,-0.049776,-4.97,6.93,-13.79,Noise,Right
1705996383447,0.966728,0.27084,-0.016104,-6.3,7.42,-12.74,Noise,Right
1705996383491,0.98088,0.266936,-0.006832,-10.22,11.55,-10.22,Noise,Right
1705996383491,0.967216,0.244488,-0.01464,-13.86,15.96,-6.37,Noise,Right
1705996383491,0.93452,0.251808,-0.040992,-14.63,18.13,-5.6,Noise,Right
1705996383541,0.891576,0.271328,-0.05368,-12.6,14.84,-7.28,Noise,Right
1705996383541,0.873032,0.274256,-0.061,-7.56,6.23,-9.45,Noise,Right
1705996383541,0.890112,0.27328,-0.05612,-1.96,-4.97,-10.08,Noise,Right
1705996383586,0.93452,0.259616,-0.024888,3.57,-9.52,-9.8,Noise,Right
1705996383586,0.973072,0.265472,-0.005368,5.95,-8.68,-7.21,Noise,Right
1705996383633,0.981368,0.294264,0.015616,4.55,-3.08,-5.25,Noise,Right
1705996383634,0.975512,0.31476,-0.006344,-2.24,3.43,-4.06,Noise,Right
1705996383634,0.96136,0.316224,-0.025376,-7.07,6.79,-4.41,Noise,Right
1705996383679,0.944768,0.294264,-0.030744,-10.85,7.84,-5.32,Noise,Right
1705996383679,0.926224,0.29036,-0.031232,-9.03,6.3,-6.44,Noise,Right
1705996383679,0.914024,0.274256,-0.021472,-5.88,3.78,-8.26,Noise,Right
1705996383727,0.914512,0.280112,-0.003416,0.07,-0.56,-7.77,Noise,Right
1705996383728,0.922808,0.290848,-0.001952,3.22,-7.35,-6.23,Noise,Right
1705996383728,0.918416,0.2928,0.01464,6.58,-10.64,-3.92,Noise,Right
1705996383778,0.884744,0.28792,-0.005856,6.02,-15.12,-2.03,Noise,Right
1705996383783,0.873032,0.28792,-0.040992,4.27,-20.72,-0.07,Noise,Right
1705996383820,0.89792,0.284016,-0.060024,2.52,-23.73,0.35,Noise,Right
1705996383820,0.940864,0.284016,-0.05368,3.29,-21.98,-2.38,Noise,Right
1705996383820,0.967704,0.28548,-0.01952,4.06,-19.74,-0.98,Noise,Right
1705996383867,0.967216,0.28792,-0.016592,4.2,-18.06,1.33,Noise,Right
1705996383867,0.947696,0.285968,-0.0244,3.57,-20.3,5.88,Noise,Right
1705996383868,0.911584,0.311344,-0.03172,5.53,-25.13,8.47,Noise,Right
1705996383916,0.886696,0.314272,-0.02928,8.68,-28.35,6.44,Noise,Right
1705996383916,0.88084,0.317688,-0.065392,9.03,-30.45,1.82,Noise,Right
1705996383916,0.9028,0.265472,-0.10492,9.17,-33.95,2.1,Noise,Right
1705996383961,0.926712,0.223504,-0.156648,10.92,-34.65,4.55,Noise,Right
1705996383961,0.931592,0.175192,-0.215208,17.57,-36.68,9.38,Noise,Right
1705996383962,0.90768,0.145424,-0.272792,27.37,-40.88,13.93,Noise,Right
1705996384021,0.8662,0.182024,-0.23424,39.97,-49.42,17.78,Noise,Right
1705996384021,0.865224,0.259616,-0.174216,46.13,-60.9,18.34,Noise,Right
1705996384022,0.908168,0.2928,-0.145424,46.62,-71.05,17.85,Noise,Right
1705996384071,0.943304,0.296216,-0.177144,45.57,-73.15,14.63,Noise,Right
1705996384071,0.981856,0.284992,-0.2196,44.73,-70.0,11.41,Noise,Right
1705996384071,0.989664,0.243512,-0.262056,45.15,-63.21,9.8,Noise,Right
1705996384117,0.981856,0.219112,-0.27084,45.5,-55.58,10.57,Noise,Right
1705996384117,0.9272,0.18056,-0.306464,43.89,-50.54,11.06,Noise,Right
1705996384117,0.879864,0.144936,-0.355752,45.29,-54.18,14.35,Noise,Right
1705996384166,0.861808,0.132736,-0.374784,49.63,-59.78,16.24,Noise,Right
1705996384166,0.875472,0.155672,-0.369416,53.97,-66.22,17.71,Noise,Right
1705996384219,0.894504,0.196664,-0.360144,55.86,-67.27,15.68,Noise,Right
1705996384220,0.918416,0.211304,-0.374296,55.79,-65.38,12.74,Noise,Right
1705996384220,0.948184,0.194224,-0.394304,53.06,-63.7,13.37,Noise,Right
1705996384220,0.958432,0.154208,-0.435296,52.64,-59.57,16.45,Noise,Right
1705996384340,0.942328,0.131272,-0.470432,56.07,-59.78,22.47,Noise,Right
1705996384341,0.927688,0.107848,-0.498248,61.6,-66.43,31.5,Noise,Right
1705996384341,0.933544,0.088328,-0.550952,70.0,-76.65,41.65,Noise,Right
1705996384342,0.950136,0.121512,-0.519232,80.5,-79.03,43.89,Noise,Right
1705996384342,0.9516,0.118584,-0.499712,81.69,-77.28,47.81,Noise,Right
1705996384342,0.9516,0.088328,-0.48068,77.14,-75.39,55.72,Noise,Right
1705996384343,0.926712,0.072224,-0.455304,70.91,-68.74,60.69,Noise,Right
1705996384441,0.863272,0.08052,-0.447008,62.93,-59.92,61.95,Noise,Right
1705996384442,0.823256,0.093696,-0.459208,52.64,-52.36,59.5,Noise,Right
1705996384442,0.798368,0.076128,-0.455792,41.16,-46.9,55.51,Noise,Right
1705996384442,0.78812,0.037576,-0.479216,30.59,-40.81,50.82,Noise,Right
1705996384442,0.778848,-0.010248,-0.489464,22.89,-37.73,47.46,Noise,Right
1705996384442,0.776408,-0.049776,-0.495808,15.68,-37.1,47.18,Noise,Right
1705996384489,0.759328,-0.077592,-0.506056,9.45,-37.38,49.14,Noise,Right
1705996384489,0.748104,-0.075152,-0.522648,4.48,-38.29,52.08,Noise,Right
1705996384489,0.762256,-0.082472,-0.515328,-1.19,-37.17,54.18,Noise,Right
1705996384536,0.756888,-0.090768,-0.513376,-9.1,-31.64,56.84,Noise,Right
1705996384536,0.745664,-0.101992,-0.508008,-18.13,-23.8,58.17,Noise,Right
1705996384582,0.722728,-0.112728,-0.50752,-29.12,-15.12,59.08,Noise,Right
1705996384583,0.676856,-0.139568,-0.54168,-38.29,-11.55,57.68,Noise,Right
1705996384583,0.637328,-0.140544,-0.574864,-44.59,-12.53,56.63,Noise,Right
1705996384630,0.619272,-0.137616,-0.610488,-47.88,-13.51,53.13,Noise,Right
1705996384631,0.630496,-0.149816,-0.630496,-47.53,-12.32,47.81,Noise,Right
1705996384631,0.634888,-0.163968,-0.643184,-48.44,-11.06,46.69,Noise,Right
1705996384677,0.641232,-0.18056,-0.663192,-50.05,-9.87,48.3,Noise,Right
1705996384677,0.63196,-0.183976,-0.677344,-53.2,-5.6,48.23,Noise,Right
1705996384677,0.614392,-0.184952,-0.71004,-56.21,-2.17,47.74,Noise,Right
1705996384731,0.588528,-0.197152,-0.728096,-59.01,-2.24,46.48,Noise,Right
1705996384731,0.577792,-0.191784,-0.754448,-61.88,-3.5,43.89,Noise,Right
1705996384732,0.578768,-0.204472,-0.772992,-60.48,-1.89,38.92,Noise,Right
1705996384786,0.569496,-0.22204,-0.80276,-55.23,-0.84,35.98,Noise,Right
1705996384786,0.566568,-0.232776,-0.810568,-49.56,-6.37,38.85,Noise,Right
1705996384786,0.582672,-0.249368,-0.816424,-43.12,-14.21,44.17,Noise,Right
1705996384840,0.593408,-0.228384,-0.80276,-37.45,-16.17,45.01,Noise,Right
1705996384845,0.57828,-0.20008,-0.79056,-32.48,-11.69,41.09,Noise,Right
1705996384848,0.552416,-0.176656,-0.796904,-31.78,-9.66,36.47,Noise,Right
1705996384958,0.560712,-0.182512,-0.814472,-33.04,-10.57,32.55,Noise,Right
1705996384958,0.5612,-0.19032,-0.821792,-32.69,-11.76,30.87,Noise,Right
1705996384958,0.572912,-0.213744,-0.803736,-33.46,-12.25,29.12,Noise,Right
1705996384959,0.571936,-0.22448,-0.809104,-34.09,-10.57,28.21,Noise,Right
1705996384959,0.560224,-0.235704,-0.82716,-36.19,-13.16,30.94,Noise,Right
1705996384959,0.558272,-0.228872,-0.845216,-37.1,-15.4,32.69,Noise,Right
1705996384959,0.549976,-0.203496,-0.87108,-34.72,-13.93,30.94,Noise,Right
1705996385006,0.55388,-0.197152,-0.868152,-33.46,-10.36,26.11,Noise,Right
1705996385006,0.555344,-0.178608,-0.874984,-30.94,-8.89,24.15,Noise,Right
1705996385007,0.568032,-0.148352,-0.847168,-32.27,-7.35,21.56,Noise,Right
1705996385053,0.573888,-0.146888,-0.809592,-36.19,-1.47,16.03,Noise,Right
1705996385054,0.572424,-0.140056,-0.810568,-40.25,5.88,10.43,Noise,Right
1705996385054,0.579256,-0.18788,-0.851072,-44.17,7.7,10.08,Noise,Right
1705996385098,0.5978,-0.24156,-0.910608,-40.81,0.0,19.25,Noise,Right
1705996385098,0.597312,-0.259616,-0.9394,-33.04,-8.47,32.9,Noise,Right
1705996385146,0.574864,-0.236192,-0.938912,-23.1,-14.98,43.82,Noise,Right
1705996385146,0.536312,-0.176168,-0.918416,-14.56,-14.7,42.98,Noise,Right
1705996385146,0.50264,-0.12932,-0.890112,-11.27,-11.55,34.86,Noise,Right
1705996385192,0.490928,-0.12932,-0.881328,-11.41,-8.26,23.31,Noise,Right
1705996385192,0.497272,-0.15616,-0.875472,-11.97,-8.68,15.61,Noise,Right
1705996385192,0.509472,-0.188856,-0.872544,-11.83,-10.78,11.97,Noise,Right
1705996385321,0.532896,-0.197152,-0.867176,-11.13,-12.81,10.71,Noise,Right
1705996385321,0.544608,-0.19764,-0.87108,-9.66,-11.62,10.29,Noise,Right
1705996385321,0.545096,-0.187392,-0.861808,-7.7,-8.82,9.8,Noise,Right
1705996385321,0.547048,-0.16348,-0.84912,-5.67,-6.65,8.33,Noise,Right
1705996385322,0.54412,-0.162504,-0.828136,-3.85,-4.76,7.63,Noise,Right
1705996385322,0.532408,-0.163968,-0.825696,-4.69,-5.53,9.38,Noise,Right
1705996385322,0.542168,-0.175192,-0.837408,-9.03,-7.0,12.6,Noise,Right
1705996385467,0.547048,-0.191296,-0.83448,-12.32,-4.69,14.14,Noise,Right
1705996385467,0.535824,-0.186904,-0.847168,-13.09,-0.56,14.07,Noise,Right
1705996385467,0.519232,-0.179584,-0.848632,-14.42,1.54,13.51,Noise,Right
1705996385467,0.504104,-0.168848,-0.833992,-15.19,2.66,11.27,Noise,Right
1705996385467,0.505568,-0.164456,-0.833016,-14.7,3.29,7.84,Noise,Right
1705996385468,0.505568,-0.167872,-0.838384,-13.16,2.66,5.6,Noise,Right
1705996385518,0.520208,-0.179096,-0.850096,-12.53,-1.05,7.42,Noise,Right
1705996385518,0.53436,-0.183976,-0.87108,-11.2,-2.52,10.01,Noise,Right
1705996385518,0.532408,-0.18544,-0.876936,-7.91,-1.54,11.62,Noise,Right
1705996385518,0.511912,-0.178608,-0.868152,-3.64,-0.63,12.53,Noise,Right
1705996385519,0.500688,-0.1708,-0.853024,-2.45,0.0,9.66,Noise,Right
1705996385519,0.490928,-0.161528,-0.83936,-1.12,-1.75,5.95,Noise,Right
1705996385568,0.502152,-0.177632,-0.827648,-0.7,-4.27,4.2,Noise,Right
1705996385569,0.523136,-0.182512,-0.829112,-1.05,-7.77,5.67,Noise,Right
1705996385569,0.538264,-0.179096,-0.81984,-4.2,-7.49,7.35,Noise,Right
1705996385672,0.543632,-0.177144,-0.830088,-11.34,-1.82,6.3,Noise,Right
1705996385672,0.528016,-0.167384,-0.843264,-11.13,3.36,4.83,Noise,Right
1705996385672,0.512888,-0.180072,-0.8418,-12.81,7.63,3.08,Noise,Right
1705996385673,0.502152,-0.176656,-0.846192,-12.95,8.26,2.17,Noise,Right
1705996385673,0.49288,-0.174216,-0.855952,-11.97,5.25,1.12,Noise,Right
1705996385673,0.493856,-0.169824,-0.862296,-9.66,1.12,1.12,Noise,Right
1705996385727,0.503616,-0.15616,-0.854976,-7.0,-1.75,1.26,Noise,Right
1705996385728,0.517768,-0.154696,-0.848144,-3.99,-3.29,0.63,Noise,Right
1705996385728,0.530944,-0.16104,-0.848144,0.0,-1.12,0.0,Noise,Right
1705996385859,0.520696,-0.159088,-0.847168,4.48,-0.56,0.14,Noise,Right
1705996385859,0.50752,-0.148352,-0.831064,5.53,-2.59,0.7,Noise,Right
1705996385859,0.50752,-0.142984,-0.81252,4.34,-5.39,0.77,Noise,Right
1705996385859,0.50996,-0.142008,-0.794464,1.05,-5.74,-0.42,Noise,Right
1705996385859,0.511912,-0.147376,-0.797392,-3.71,-3.71,-1.05,Noise,Right
1705996385859,0.515816,-0.152256,-0.814472,-10.08,-2.52,-0.77,Noise,Right
1705996385859,0.533872,-0.1708,-0.844728,-13.23,-0.42,-0.91,Noise,Right
1705996385913,0.5368,-0.182512,-0.872056,-12.25,1.54,-0.63,Noise,Right
1705996385917,0.521184,-0.187392,-0.873032,-10.15,2.17,-0.21,Noise,Right
1705996385917,0.504592,-0.167384,-0.8662,-4.97,0.14,1.26,Noise,Right
1705996385917,0.49532,-0.148352,-0.854,-2.24,-2.66,1.82,Noise,Right
1705996385954,0.500688,-0.131272,-0.83448,-1.82,-3.99,0.49,Noise,Right
1705996385954,0.511912,-0.137616,-0.8296,-1.61,-3.78,-0.91,Noise,Right
1705996385954,0.523136,-0.152744,-0.833504,-2.31,-1.54,-2.17,Noise,Right
1705996386081,0.526552,-0.174704,-0.827648,-2.73,1.26,-2.59,Noise,Right
1705996386081,0.515328,-0.166896,-0.83204,-3.15,0.98,-1.33,Noise,Right
1705996386081,0.50264,-0.159088,-0.820816,-4.41,-0.7,0.0,Noise,Right
1705996386081,0.499712,-0.143472,-0.815936,-5.39,-1.61,-0.42,Noise,Right
1705996386081,0.491904,-0.143472,-0.814472,-7.07,-1.82,-1.47,Noise,Right
1705996386083,0.501664,-0.149328,-0.833504,-8.89,-1.61,-2.17,Noise,Right
1705996386083,0.504592,-0.154696,-0.843752,-9.03,-0.77,-2.17,Noise,Right
1705996386184,0.504592,-0.16592,-0.862784,-7.42,1.96,-2.94,Noise,Right
1705996386184,0.49532,-0.166408,-0.874984,-3.15,2.45,-2.66,Noise,Right
1705996386184,0.479704,-0.1586,-0.867176,0.98,0.14,-3.08,Noise,Right
1705996386184,0.47824,-0.1464,-0.849608,2.94,-4.83,-3.22,Noise,Right
1705996386184,0.497272,-0.142496,-0.833504,2.38,-9.17,-3.15,Noise,Right
1705996386184,0.517768,-0.13908,-0.826672,0.21,-8.82,-3.22,Noise,Right
1705996386234,0.538752,-0.1464,-0.813008,-2.8,-5.88,-3.57,Noise,Right
1705996386235,0.534848,-0.15128,-0.82228,-6.51,-2.24,-3.71,Noise,Right
1705996386235,0.531432,-0.15128,-0.845704,-9.31,0.07,-2.8,Noise,Right
1705996386282,0.525576,-0.157624,-0.861808,-10.5,1.68,-2.66,Noise,Right
1705996386282,0.52704,-0.16104,-0.876936,-7.14,1.33,-2.03,Noise,Right
1705996386282,0.511912,-0.159088,-0.885232,-3.29,0.0,-1.47,Noise,Right
1705996386326,0.510448,-0.15616,-0.87596,-0.14,-2.59,-0.56,Noise,Right
1705996386326,0.50508,-0.14396,-0.856928,2.03,-4.34,1.05,Noise,Right
1705996386327,0.500688,-0.140056,-0.842288,1.68,-4.13,0.91,Noise,Right
1705996386371,0.504104,-0.137128,-0.841312,0.28,-1.96,-0.77,Noise,Right
1705996386372,0.503616,-0.137616,-0.846192,-0.98,0.14,-2.87,Noise,Right
1705996386419,0.503616,-0.1464,-0.836432,-2.31,0.56,-4.27,Noise,Right
1705996386419,0.511912,-0.157136,-0.83936,-2.31,-0.07,-4.2,Noise,Right
1705996386420,0.51972,-0.147864,-0.835456,-2.8,-0.98,-2.87,Noise,Right
1705996386464,0.51972,-0.142496,-0.837408,-3.78,-0.21,-1.54,Noise,Right
1705996386464,0.513864,-0.144936,-0.854488,-3.78,1.33,-2.24,Noise,Right
1705996386464,0.5124,-0.147864,-0.87596,-2.03,2.17,-3.01,Noise,Right
1705996386511,0.508008,-0.153232,-0.896944,0.63,0.63,-2.87,Noise,Right
1705996386511,0.516304,-0.1586,-0.886696,3.01,-0.7,-1.82,Noise,Right
1705996386558,0.526552,-0.16592,-0.86864,5.04,-1.05,-0.21,Noise,Right
1705996386558,0.528504,-0.1586,-0.85644,4.69,0.49,1.61,Noise,Right
1705996386558,0.523624,-0.154696,-0.858392,1.68,2.66,2.24,Noise,Right
1705996386604,0.508984,-0.15616,-0.857904,-2.87,4.55,0.77,Noise,Right
1705996386604,0.508008,-0.1586,-0.869616,-7.77,6.86,-1.61,Noise,Right
1705996386604,0.524112,-0.163968,-0.896944,-10.43,10.08,-3.64,Noise,Right
1705996386649,0.525088,-0.184464,-0.924272,-8.75,14.7,-6.23,Noise,Right
1705996386649,0.508984,-0.189832,-0.93208,-2.03,19.46,-9.1,Noise,Right
1705996386649,0.48312,-0.179096,-0.91988,6.3,16.94,-11.83,Noise,Right
1705996386696,0.478728,-0.169824,-0.893528,12.81,9.59,-13.65,Noise,Right
1705996386696,0.496296,-0.164456,-0.854488,18.41,1.54,-14.84,Noise,Right
1705996386742,0.51484,-0.154696,-0.80764,21.56,-3.71,-15.54,Noise,Right
1705996386742,0.543632,-0.1342,-0.772504,20.58,-4.27,-15.68,Noise,Right
1705996386742,0.562176,-0.123464,-0.762256,14.42,0.42,-16.1,Noise,Right
1705996386790,0.5612,-0.140056,-0.77836,6.37,6.3,-15.96,Noise,Right
1705996386790,0.554856,-0.169336,-0.815936,0.21,10.22,-12.25,Noise,Right
1705996386790,0.550952,-0.202032,-0.849608,-1.33,9.38,-8.05,Noise,Right
1705996386835,0.52948,-0.2074,-0.87352,3.36,7.35,-5.18,Noise,Right
1705996386835,0.513864,-0.185928,-0.8662,8.89,5.18,-4.69,Noise,Right
1705996386835,0.507032,-0.159088,-0.840824,11.55,1.26,-5.25,Noise,Right
1705996386883,0.523624,-0.138592,-0.825696,8.75,-2.8,-6.09,Noise,Right
1705996386883,0.554368,-0.126392,-0.811544,1.54,-0.7,-7.91,Noise,Right
1705996386930,0.60024,-0.132736,-0.808128,-6.65,9.38,-10.15,Noise,Right
1705996386930,0.62708,-0.167872,-0.851072,-11.48,26.53,-14.0,Noise,Right
1705996386930,0.608048,-0.188368,-0.897432,-10.57,38.43,-14.84,Noise,Right
1705996386983,0.570472,-0.205936,-0.926712,-6.37,38.78,-11.9,Noise,Right
1705996386983,0.54168,-0.179584,-0.935008,4.34,30.03,-11.55,Noise,Right
1705996387043,0.552416,-0.164944,-0.91744,10.78,23.66,-13.79,Noise,Right
1705996387043,0.578768,-0.145424,-0.879864,15.33,23.52,-17.71,Noise,Right
1705996387043,0.600728,-0.135664,-0.860832,11.69,29.19,-22.47,Noise,Right
1705996387043,0.618784,-0.142496,-0.834968,6.51,37.73,-27.3,Noise,Right
1705996387168,0.610488,-0.149328,-0.83936,3.64,49.98,-34.86,Noise,Right
1705996387168,0.608048,-0.152256,-0.85156,3.08,56.49,-41.51,Noise,Right
1705996387168,0.597312,-0.159576,-0.852536,6.23,55.72,-45.78,Noise,Right
1705996387168,0.589504,-0.149328,-0.851072,13.51,48.23,-48.02,Noise,Right
1705996387168,0.618784,-0.124928,-0.811544,16.87,33.95,-46.97,Noise,Right
1705996387169,0.67832,-0.109312,-0.755912,15.75,27.3,-46.83,Noise,Right
1705996387169,0.73444,-0.110288,-0.720776,14.07,35.21,-51.59,Noise,Right
1705996387299,0.769576,-0.13908,-0.727608,9.52,45.85,-49.56,Noise,Right
1705996387299,0.777872,-0.14884,-0.727608,7.91,53.55,-42.63,Noise,Right
1705996387299,0.738832,-0.147864,-0.741272,8.54,56.91,-33.6,Noise,Right
1705996387300,0.689056,-0.112728,-0.745176,7.49,50.61,-25.76,Noise,Right
1705996387300,0.648064,-0.093696,-0.742248,11.2,49.0,-31.15,Noise,Right
1705996387300,0.615856,-0.039528,-0.746152,17.85,45.01,-40.95,Noise,Right
1705996387300,0.65148,-0.04636,-0.713944,24.99,40.6,-51.8,Noise,Right
1705996387301,0.701256,-0.059048,-0.661728,31.85,38.36,-57.61,Noise,Right
1705996387352,0.73444,-0.050752,-0.604144,37.73,37.87,-61.25,Noise,Right
1705996387352,0.755424,-0.05124,-0.550464,39.55,31.36,-58.45,Noise,Right
1705996387352,0.806664,-0.039528,-0.5002,36.82,23.38,-50.19,Noise,Right
1705996387352,0.831552,-0.020008,-0.471408,30.94,28.0,-45.57,Noise,Right
1705996387398,0.83448,0.008296,-0.497272,24.15,35.77,-42.7,Noise,Right
1705996387398,0.826184,0.006344,-0.503128,20.58,43.26,-42.42,Noise,Right
1705996387446,0.813984,-0.008296,-0.5246,21.98,45.71,-42.7,Noise,Right
1705996387446,0.793488,-0.0122,-0.528016,27.65,41.16,-42.35,Noise,Right
1705996387446,0.786168,-0.020984,-0.53192,36.33,33.88,-42.28,Noise,Right
1705996387506,0.78812,-0.004392,-0.522648,46.34,25.06,-42.84,Noise,Right
1705996387509,0.800808,0.033672,-0.503128,54.74,16.17,-41.3,Noise,Right
1705996387513,0.849608,0.059536,-0.454328,57.61,11.62,-40.25,Noise,Right
1705996387619,0.893528,0.072224,-0.386984,53.69,13.86,-39.34,Noise,Right
1705996387619,0.927688,0.07808,-0.336232,44.31,21.14,-36.96,Noise,Right
1705996387619,0.924272,0.093208,-0.308416,30.52,29.96,-33.6,Noise,Right
1705996387619,0.892552,0.094672,-0.338672,16.59,38.99,-31.64,Noise,Right
1705996387619,0.858392,0.066368,-0.397232,5.88,38.57,-27.58,Noise,Right
1705996387619,0.855464,0.036112,-0.431392,3.64,35.0,-26.39,Noise,Right
1705996387619,0.867176,0.005856,-0.449448,10.43,29.82,-24.64,Noise,Right
1705996387665,0.896944,-0.00488,-0.443104,19.11,22.82,-18.97,Noise,Right
1705996387665,0.89548,0.027328,-0.41968,28.35,17.92,-13.79,Noise,Right
1705996387666,0.906216,0.05368,-0.369904,32.13,14.42,-10.22,Noise,Right
1705996387709,0.909144,0.069784,-0.31964,29.05,18.13,-9.59,Noise,Right
1705996387709,0.885232,0.083448,-0.27816,23.73,23.8,-11.41,Noise,Right
1705996387709,0.854976,0.108336,-0.249368,12.67,25.48,-13.72,Noise,Right
1705996387756,0.869128,0.10004,-0.264008,1.26,28.56,-17.85,Noise,Right
1705996387756,0.876936,0.06588,-0.294752,-7.0,31.64,-20.02,Noise,Right
1705996387804,0.881816,0.042456,-0.334768,-10.22,28.49,-16.8,Noise,Right
1705996387804,0.88084,0.023424,-0.389912,-6.86,26.46,-16.1,Noise,Right
1705996387805,0.880352,0.00488,-0.419192,0.84,19.88,-14.0,Noise,Right
1705996387925,0.892552,0.00488,-0.413824,9.8,13.93,-12.88,Noise,Right
1705996387925,0.910608,0.024888,-0.379176,17.29,9.87,-11.97,Noise,Right
1705996387925,0.9394,0.042944,-0.33184,20.16,11.06,-10.99,Noise,Right
1705996387925,0.950136,0.069784,-0.304512,18.27,16.73,-10.57,Noise,Right
1705996387926,0.950624,0.08296,-0.283528,14.14,26.67,-13.23,Noise,Right
1705996387926,0.89792,0.100528,-0.282064,8.54,31.36,-12.74,Noise,Right
1705996387926,0.86132,0.117608,-0.28792,-0.28,19.74,-7.91,Noise,Right
1705996387972,0.88084,0.107848,-0.296216,-5.74,15.75,-10.99,Noise,Right
1705996387972,0.899872,0.073688,-0.313296,-7.21,15.05,-15.68,Noise,Right
1705996387972,0.903288,0.060512,-0.323056,-6.44,13.09,-16.94,Noise,Right
1705996388019,0.915488,0.062464,-0.316712,-4.27,12.11,-17.64,Noise,Right
1705996388019,0.931592,0.061488,-0.304512,-1.96,11.9,-17.22,Noise,Right
1705996388020,0.939888,0.076128,-0.293776,-0.21,14.28,-16.31,Noise,Right
1705996388065,0.949648,0.076128,-0.312808,-0.35,15.4,-13.51,Noise,Right
1705996388065,0.953552,0.071736,-0.311344,-1.68,13.72,-9.66,Noise,Right
1705996388066,0.947696,0.074176,-0.304024,-3.85,12.04,-7.14,Noise,Right
1705996388113,0.921344,0.084912,-0.289384,-4.62,14.35,-10.5,Noise,Right
1705996388114,0.88328,0.121024,-0.279624,-6.02,11.62,-14.98,Noise,Right
1705996388161,0.904264,0.161528,-0.25376,-6.86,10.71,-22.61,Noise,Right
1705996388162,0.972096,0.159088,-0.25132,-8.68,12.81,-28.21,Noise,Right
1705996388162,1.030656,0.145424,-0.243512,-11.55,21.35,-28.0,Noise,Right
1705996388215,1.06628,0.142496,-0.254248,-15.82,32.83,-24.22,Noise,Right
1705996388216,1.061888,0.110776,-0.265472,-20.79,44.17,-18.76,Noise,Right
1705996388216,1.00772,0.106872,-0.274256,-21.63,50.19,-12.32,Noise,Right
1705996388270,0.937448,0.124928,-0.271816,-20.16,45.71,-6.93,Noise,Right
1705996388270,0.891576,0.164944,-0.244488,-18.83,37.1,-7.56,Noise,Right
1705996388270,0.901824,0.191784,-0.191784,-16.31,33.6,-16.59,Noise,Right
1705996388270,0.950136,0.199592,-0.130784,-17.36,31.78,-22.33,Noise,Right
1705996388319,1.034072,0.20496,-0.10248,-22.26,34.09,-22.19,Noise,Right
1705996388319,1.048224,0.184952,-0.12932,-27.58,40.46,-18.55,Noise,Right
1705996388442,1.01504,0.157624,-0.174704,-29.54,46.06,-14.07,Noise,Right
1705996388443,0.960384,0.142496,-0.20252,-28.84,47.11,-9.73,Noise,Right
1705996388443,0.908656,0.144936,-0.205936,-25.41,45.5,-9.45,Noise,Right
1705996388443,0.885232,0.14884,-0.174216,-21.21,39.97,-12.46,Noise,Right
1705996388443,0.894504,0.162992,-0.12932,-17.92,34.02,-16.73,Noise,Right
1705996388444,0.932568,0.176656,-0.10004,-15.61,28.91,-19.6,Noise,Right
1705996388444,0.982832,0.199104,-0.05856,-14.7,25.06,-17.85,Noise,Right
1705996388538,1.002352,0.22448,-0.039528,-16.03,25.97,-15.47,Noise,Right
1705996388539,0.991616,0.229848,-0.032208,-18.97,28.42,-13.23,Noise,Right
1705996388539,0.965752,0.220576,-0.06832,-22.26,29.05,-11.55,Noise,Right
1705996388539,0.938424,0.201544,-0.082472,-21.98,28.07,-12.46,Noise,Right
1705996388539,0.935984,0.19276,-0.086376,-19.6,25.55,-14.28,Noise,Right
1705996388539,0.940864,0.180072,-0.053192,-14.7,22.19,-14.91,Noise,Right
1705996388642,0.943304,0.183488,-0.00488,-12.25,18.41,-14.49,Noise,Right
1705996388642,0.947696,0.198128,0.018544,-12.74,17.15,-14.77,Noise,Right
1705996388642,0.955992,0.2196,0.009272,-15.19,16.94,-15.47,Noise,Right
1705996388642,0.957456,0.246928,-0.001952,-16.24,16.94,-17.36,Noise,Right
1705996388642,0.965752,0.247416,-0.029768,-15.54,16.73,-18.41,Noise,Right
1705996388643,0.98088,0.230824,-0.042456,-11.69,15.75,-18.13,Noise,Right
1705996388686,0.98576,0.218136,-0.046848,-6.58,14.49,-14.91,Noise,Right
1705996388686,0.979904,0.212768,-0.005368,-1.89,12.95,-10.57,Noise,Right
1705996388687,0.957944,0.237656,0.042944,-1.47,12.53,-8.61,Noise,Right
1705996388733,0.941352,0.257664,0.07564,-6.44,14.21,-11.27,Noise,Right
1705996388733,0.952576,0.254736,0.076128,-9.8,14.14,-12.81,Noise,Right
1705996388733,0.97112,0.267912,0.0732,-14.07,15.19,-13.16,Noise,Right
1705996388778,0.97356,0.277672,0.044896,-15.82,17.43,-13.44,Noise,Right
1705996388779,0.970144,0.28304,0.015128,-15.82,18.41,-12.67,Noise,Right
1705996388779,0.96624,0.2562,-0.003904,-12.88,17.92,-10.36,Noise,Right
1705996388826,0.952576,0.24156,0.009272,-7.98,17.57,-8.61,Noise,Right
1705996388826,0.921344,0.244488,0.037088,-3.78,15.68,-7.0,Noise,Right
1705996388872,0.919392,0.244976,0.079056,-1.54,14.07,-7.98,Noise,Right
1705996388872,0.92964,0.25864,0.10248,-2.03,11.55,-6.51,Noise,Right
1705996388872,0.947208,0.260592,0.127368,-3.36,10.57,-4.9,Noise,Right
1705996388928,0.951112,0.27572,0.115656,-7.0,12.6,-3.71,Noise,Right
1705996388928,0.937936,0.279136,0.091256,-7.63,10.15,-2.03,Noise,Right
1705996388928,0.923784,0.281088,0.054168,-6.93,6.02,-1.89,Noise,Right
1705996388982,0.903288,0.26596,0.05368,-4.41,2.38,-3.99,Noise,Right
1705996388983,0.913536,0.265472,0.062464,-1.68,-1.4,-5.67,Noise,Right
1705996388983,0.935984,0.248392,0.076128,0.77,-2.59,-6.58,Noise,Right
1705996389100,0.957456,0.232776,0.096136,2.52,-2.17,-5.74,Noise,Right
1705996389100,0.95892,0.236192,0.10492,3.43,-0.84,-3.71,Noise,Right
1705996389100,0.960872,0.261568,0.103944,3.36,1.05,-2.31,Noise,Right
1705996389101,0.955992,0.301096,0.101992,2.24,1.05,-2.03,Noise,Right
1705996389101,0.947208,0.328424,0.102968,0.35,0.07,-2.31,Noise,Right
1705996389101,0.934032,0.316224,0.093208,-1.54,-2.87,-2.59,Noise,Right
1705996389101,0.908656,0.286944,0.076128,-2.1,-6.3,-2.17,Noise,Right
1705996389152,0.860832,0.2684,0.064416,-1.82,-13.23,0.0,Noise,Right
1705996389152,0.852536,0.244976,0.066856,-0.98,-23.73,1.68,Noise,Right
1705996389152,0.87352,0.201544,0.052704,3.57,-27.72,-0.07,Noise,Right
1705996389199,0.887184,0.20008,0.050264,11.06,-31.71,0.63,Noise,Right
1705996389199,0.922808,0.22936,0.05124,17.08,-36.54,3.78,Noise,Right
1705996389199,0.943792,0.262544,0.070272,20.72,-38.15,6.3,Noise,Right
1705996389245,0.95404,0.290848,0.069296,20.23,-37.8,8.26,Noise,Right
1705996389245,0.955992,0.30988,0.059536,16.8,-40.74,12.46,Noise,Right
1705996389245,0.962336,0.315248,0.01952,12.18,-42.77,14.28,Noise,Right
1705996389289,0.971608,0.283528,-0.01708,10.15,-40.11,11.69,Noise,Right
1705996389290,0.960872,0.236192,-0.072224,10.78,-35.56,10.78,Noise,Right
1705996389290,0.940864,0.2074,-0.087352,13.65,-38.15,12.74,Noise,Right
1705996389338,0.927688,0.179096,-0.108824,17.85,-40.11,11.13,Noise,Right
1705996389339,0.899872,0.188856,-0.089792,24.22,-45.57,9.66,Noise,Right
1705996389339,0.918416,0.212768,-0.060024,25.27,-54.95,10.01,Noise,Right
1705996389382,0.940376,0.257664,-0.05124,26.32,-62.65,10.92,Noise,Right
1705996389383,0.987224,0.298168,-0.064416,25.27,-63.21,10.29,Noise,Right
1705996389430,1.024312,0.269376,-0.12444,24.01,-54.25,8.68,Noise,Right
1705996389430,1.030168,0.20984,-0.158112,24.43,-48.16,14.14,Noise,Right
1705996389430,0.971608,0.186904,-0.205936,26.39,-41.44,16.17,Noise,Right
1705996389476,0.892552,0.176168,-0.247904,27.3,-41.51,15.12,Noise,Right
1705996389476,0.861808,0.160064,-0.284016,29.68,-49.21,12.39,Noise,Right
1705996389476,0.879376,0.15616,-0.283528,36.33,-55.3,7.35,Noise,Right
1705996389523,0.89792,0.169336,-0.260104,42.63,-60.48,3.99,Noise,Right
1705996389523,0.952576,0.174216,-0.255712,46.55,-64.82,4.9,Noise,Right
1705996389573,0.976,0.166896,-0.25132,50.19,-63.63,6.16,Noise,Right
1705996389574,0.96868,0.15128,-0.281088,51.24,-64.05,11.62,Noise,Right
1705996389574,0.972096,0.128832,-0.322568,53.41,-65.24,17.99,Noise,Right
1705996389665,0.957944,0.118096,-0.366,57.89,-68.88,26.95,Noise,Right
1705996389666,0.968192,0.093208,-0.408944,66.78,-76.23,36.89,Noise,Right
1705996389666,0.93696,0.106872,-0.42456,79.38,-78.54,42.98,Noise,Right
1705996389666,0.88328,0.157136,-0.39528,87.01,-82.88,46.69,Noise,Right
1705996389666,0.865712,0.182512,-0.33916,85.19,-87.57,46.83,Noise,Right
1705996389666,0.862784,0.198616,-0.293288,78.75,-83.72,41.16,Noise,Right
1705996389710,0.884256,0.157136,-0.26596,67.55,-78.19,38.01,Noise,Right
1705996389710,0.897432,0.099064,-0.305488,55.93,-73.78,41.16,Noise,Right
1705996389755,0.908168,0.069784,-0.330376,47.53,-70.98,47.46,Noise,Right
1705996389755,0.903776,0.042944,-0.343552,40.53,-64.68,52.64,Noise,Right
1705996389755,0.870592,0.046848,-0.368928,32.55,-58.38,57.26,Noise,Right
1705996389803,0.836432,0.047336,-0.383568,22.54,-56.77,61.39,Noise,Right
1705996389803,0.808616,0.024888,-0.41236,13.09,-54.95,62.51,Noise,Right
1705996389803,0.77836,0.001464,-0.44408,5.81,-52.57,61.18,Noise,Right
1705996389852,0.76128,-0.041968,-0.4636,-1.05,-52.71,60.2,Noise,Right
1705996389852,0.754448,-0.069296,-0.485072,-6.3,-52.22,59.99,Noise,Right
1705996389852,0.777872,-0.0976,-0.520208,-10.43,-46.97,58.94,Noise,Right
1705996389896,0.789584,-0.103456,-0.506056,-12.53,-38.15,59.43,Noise,Right
1705996389896,0.774456,-0.088816,-0.487512,-18.83,-28.63,61.04,Noise,Right
1705996389951,0.726632,-0.092232,-0.488976,-26.88,-20.23,61.11,Noise,Right
1705996389951,0.677344,-0.101504,-0.505568,-36.68,-18.83,61.88,Noise,Right
1705996389951,0.63684,-0.117608,-0.526064,-47.88,-25.2,67.55,Noise,Right
1705996390005,0.638792,-0.134688,-0.56608,-58.38,-28.77,69.51,Noise,Right
1705996390006,0.647088,-0.147864,-0.594872,-67.13,-25.34,65.8,Noise,Right
1705996390006,0.642696,-0.152744,-0.621712,-70.98,-16.17,58.38,Noise,Right
1705996390006,0.624152,-0.172264,-0.683688,-75.6,-8.82,52.29,Noise,Right
1705996390055,0.61976,-0.183976,-0.752984,-76.65,-7.49,49.0,Noise,Right
1705996390056,0.626592,-0.212768,-0.821304,-74.34,-9.31,48.86,Noise,Right
1705996390056,0.618296,-0.229848,-0.862296,-65.52,-10.85,48.44,Noise,Right
1705996390099,0.605608,-0.223016,-0.85156,-55.72,-12.6,45.36,Noise,Right
1705996390100,0.599752,-0.198616,-0.830576,-49.7,-10.64,38.36,Noise,Right
1705996390146,0.600728,-0.20984,-0.820816,-46.9,-6.93,34.51,Noise,Right
1705996390146,0.599752,-0.223016,-0.8296,-44.8,-5.81,32.76,Noise,Right
1705996390146,0.581696,-0.230336,-0.833504,-43.05,-10.57,35.28,Noise,Right
1705996390194,0.591944,-0.22204,-0.821304,-43.89,-17.99,37.03,Noise,Right
1705996390195,0.615856,-0.220576,-0.841312,-42.98,-20.02,38.92,Noise,Right
1705996390195,0.620248,-0.220088,-0.854,-43.33,-13.3,36.47,Noise,Right
1705996390238,0.599264,-0.233752,-0.898896,-40.39,-5.11,33.32,Noise,Right
1705996390238,0.571448,-0.223016,-0.929152,-35.56,-4.69,30.17,Noise,Right
1705996390288,0.560712,-0.193736,-0.935496,-27.58,-7.35,26.18,Noise,Right
1705996390288,0.5612,-0.166896,-0.919392,-23.1,-12.88,21.84,Noise,Right
1705996390288,0.584136,-0.199592,-0.920368,-21.7,-18.48,19.74,Noise,Right
1705996390334,0.612928,-0.23668,-0.915488,-19.46,-24.64,22.4,Noise,Right
1705996390334,0.627568,-0.255712,-0.889624,-16.73,-27.72,26.11,Noise,Right
1705996390334,0.606584,-0.225456,-0.86864,-14.84,-25.69,27.65,Noise,Right
1705996390380,0.57828,-0.184952,-0.843264,-14.77,-20.86,24.64,Noise,Right
1705996390381,0.565104,-0.1708,-0.826184,-16.24,-13.79,17.99,Noise,Right
1705996390381,0.558272,-0.177632,-0.842288,-17.43,-9.31,11.41,Noise,Right
1705996390426,0.562176,-0.192272,-0.87108,-17.64,-10.64,9.38,Noise,Right
1705996390426,0.58804,-0.205936,-0.880352,-16.38,-17.01,13.3,Noise,Right
1705996390426,0.593896,-0.211792,-0.867664,-15.19,-20.16,18.2,Noise,Right
1705996390472,0.586576,-0.1952,-0.85156,-14.77,-17.57,20.02,Noise,Right
1705996390472,0.572912,-0.164456,-0.830088,-15.4,-11.13,17.22,Noise,Right
1705996390524,0.565592,-0.152256,-0.835944,-16.59,-4.27,12.04,Noise,Right
1705996390525,0.572424,-0.160552,-0.830088,-17.64,-0.56,11.34,Noise,Right
1705996390525,0.582672,-0.183,-0.831552,-17.99,0.07,13.37,Noise,Right
1705996390647,0.580232,-0.182024,-0.83448,-17.5,-0.35,16.66,Noise,Right
1705996390648,0.568032,-0.176168,-0.8296,-17.15,0.7,19.04,Noise,Right
1705996390649,0.54412,-0.181536,-0.825208,-17.78,3.71,19.25,Noise,Right
1705996390649,0.516792,-0.183,-0.833016,-17.22,6.23,16.59,Noise,Right
1705996390649,0.491904,-0.176656,-0.828624,-16.24,3.78,13.3,Noise,Right
1705996390649,0.488976,-0.164944,-0.839848,-14.91,-1.68,10.71,Noise,Right
1705996390650,0.501664,-0.164944,-0.843264,-14.0,-7.35,9.38,Noise,Right
1705996390783,0.532896,-0.18056,-0.840336,-14.7,-7.35,8.47,Noise,Right
1705996390783,0.547536,-0.181536,-0.84912,-14.42,1.54,4.62,Noise,Right
1705996390783,0.530456,-0.176168,-0.85156,-13.23,11.06,0.21,Noise,Right
1705996390784,0.514352,-0.162992,-0.857416,-13.93,13.79,-3.15,Noise,Right
1705996390784,0.503128,-0.159576,-0.853024,-12.88,11.48,-5.74,Noise,Right
1705996390784,0.513376,-0.1708,-0.852536,-10.29,7.35,-7.14,Noise,Right
1705996390784,0.526064,-0.188368,-0.855464,-7.21,0.14,-4.55,Noise,Right
1705996390784,0.549976,-0.172264,-0.837408,-2.94,-7.07,0.14,Noise,Right
1705996390830,0.565104,-0.16104,-0.816912,-1.26,-10.08,4.97,Noise,Right
1705996390830,0.560712,-0.132248,-0.799832,-2.31,-6.79,6.09,Noise,Right
1705996390830,0.542656,-0.12688,-0.808616,-5.18,1.89,2.31,Noise,Right
1705996390876,0.518256,-0.133712,-0.828624,-6.79,7.63,-1.47,Noise,Right
1705996390876,0.5124,-0.144936,-0.841312,-7.28,6.02,-2.8,Noise,Right
1705996390876,0.515328,-0.157624,-0.843752,-5.67,1.12,-2.73,Noise,Right
1705996390922,0.520696,-0.169824,-0.840336,-2.66,-3.78,-1.82,Noise,Right
1705996390922,0.528016,-0.167872,-0.829112,0.0,-8.96,0.77,Noise,Right
1705996390922,0.54412,-0.142984,-0.8174,0.42,-11.55,2.59,Noise,Right
1705996390976,0.548024,-0.140544,-0.816912,-0.42,-8.26,1.26,Noise,Right
1705996390976,0.543632,-0.122488,-0.825696,-0.77,-1.26,-2.59,Noise,Right
1705996390977,0.540216,-0.124928,-0.831552,-2.59,2.03,-4.13,Noise,Right
1705996391099,0.544608,-0.140544,-0.82716,-4.62,0.91,-3.71,Noise,Right
1705996391099,0.548512,-0.145912,-0.820328,-4.97,-0.49,-3.01,Noise,Right
1705996391099,0.556808,-0.152256,-0.828136,-4.83,-1.75,-1.54,Noise,Right
1705996391099,0.554856,-0.144936,-0.824232,-3.99,-2.38,-0.07,Noise,Right
1705996391099,0.557784,-0.134688,-0.833504,-4.06,-3.57,1.68,Noise,Right
1705996391099,0.558272,-0.13908,-0.8296,-4.83,-2.94,2.66,Noise,Right
1705996391100,0.554856,-0.147864,-0.836432,-6.23,-1.54,2.87,Noise,Right
1705996391201,0.548512,-0.1586,-0.842776,-4.83,-0.28,2.94,Noise,Right
1705996391201,0.541192,-0.159576,-0.834968,-5.6,0.28,1.96,Noise,Right
1705996391201,0.537776,-0.15128,-0.838384,-4.9,0.63,1.33,Noise,Right
1705996391201,0.52704,-0.15128,-0.837408,-3.57,0.35,0.14,Noise,Right
1705996391201,0.529968,-0.152744,-0.838384,-1.4,-0.7,-1.26,Noise,Right
1705996391202,0.534848,-0.139568,-0.836432,-0.35,-1.47,-2.24,Noise,Right
1705996391249,0.54168,-0.13908,-0.832528,2.73,-1.05,-2.1,Noise,Right
1705996391251,0.546072,-0.15372,-0.8296,-1.33,-0.91,-3.64,Noise,Right
1705996391251,0.541192,-0.154208,-0.82716,-1.75,-0.56,-2.52,Noise,Right
1705996391295,0.539728,-0.157136,-0.8174,-2.1,-1.82,-0.77,Noise,Right
1705996391295,0.538752,-0.144448,-0.8174,-0.63,-2.24,0.21,Noise,Right
1705996391296,0.528992,-0.1342,-0.815448,0.42,-1.54,-1.33,Noise,Right
1705996391343,0.5368,-0.122976,-0.81984,-0.07,-1.19,-3.01,Noise,Right
1705996391344,0.535824,-0.123464,-0.813496,-0.98,0.14,-4.06,Noise,Right
1705996391389,0.54656,-0.144448,-0.817888,-2.45,1.89,-4.2,Noise,Right
1705996391390,0.537288,-0.158112,-0.820816,-2.45,3.22,-3.43,Noise,Right
1705996391390,0.524112,-0.164456,-0.819352,-1.05,2.73,-2.17,Noise,Right
1705996391438,0.512888,-0.1464,-0.813984,-0.35,-1.96,-0.84,Noise,Right
1705996391439,0.51728,-0.126392,-0.808616,-1.54,-4.76,-0.84,Noise,Right
1705996391439,0.535824,-0.127368,-0.81008,-2.66,-2.8,-3.36,Noise,Right
1705996391490,0.54168,-0.135176,-0.820328,-2.66,0.49,-5.32,Noise,Right
1705996391491,0.550952,-0.140056,-0.821792,-3.22,1.05,-5.6,Noise,Right
1705996391491,0.553392,-0.1464,-0.826672,-3.22,-0.42,-4.34,Noise,Right
1705996391611,0.564616,-0.1586,-0.819352,-2.52,0.77,-3.01,Noise,Right
1705996391611,0.56364,-0.143472,-0.826672,-0.63,3.92,-2.8,Noise,Right
1705996391611,0.549976,-0.150792,-0.820816,-0.7,5.53,-1.68,Noise,Right
1705996391611,0.525088,-0.1464,-0.825208,-0.98,3.22,-0.49,Noise,Right
1705996391612,0.5246,-0.140544,-0.827648,-1.47,-1.68,0.77,Noise,Right
1705996391612,0.533872,-0.141032,-0.81496,-1.54,-4.13,1.26,Noise,Right
1705996391612,0.541192,-0.135664,-0.819352,-1.05,-3.5,-0.35,Noise,Right
1705996391655,0.543632,-0.140056,-0.817888,-1.75,-1.19,-2.52,Noise,Right
1705996391655,0.538264,-0.141032,-0.827648,-0.21,0.84,-3.78,Noise,Right
1705996391655,0.53436,-0.142008,-0.828624,0.7,0.84,-4.06,Noise,Right
1705996391700,0.538752,-0.142496,-0.827648,1.54,-0.35,-3.99,Noise,Right
1705996391701,0.535824,-0.13664,-0.826184,0.56,-1.33,-4.27,Noise,Right
1705996391701,0.545584,-0.15128,-0.8296,-0.91,-2.87,-3.57,Noise,Right
1705996391750,0.552416,-0.154696,-0.815448,-1.4,-3.29,-2.8,Noise,Right
1705996391750,0.543632,-0.15372,-0.81252,-1.75,-2.31,-2.24,Noise,Right
1705996391900,0.538752,-0.140544,-0.810568,-2.03,-1.33,-2.03,Noise,Right
1705996391900,0.53436,-0.132736,-0.823256,-2.1,-0.7,-1.82,Noise,Right
1705996391900,0.528992,-0.142496,-0.825208,0.0,-0.91,-2.45,Noise,Right
1705996391901,0.53436,-0.141032,-0.820816,3.57,-2.31,-2.52,Noise,Right
1705996391901,0.528016,-0.132248,-0.814472,2.52,-3.29,-1.89,Noise,Right
1705996391901,0.530944,-0.12444,-0.804224,0.35,-3.64,-3.43,Noise,Right
1705996391901,0.533384,-0.116632,-0.806176,-1.26,-1.96,-6.44,Noise,Right
1705996391948,0.542656,-0.13908,-0.809592,-2.87,0.56,-8.61,Noise,Right
1705996391948,0.549976,-0.144936,-0.814472,-2.38,0.63,-8.33,Noise,Right
1705996391948,0.562176,-0.14884,-0.821792,-2.31,0.21,-6.58,Noise,Right
1705996391948,0.558272,-0.154208,-0.816912,-1.68,-1.33,-3.15,Noise,Right
1705996392003,0.549,-0.142984,-0.804712,-1.05,-3.01,-0.42,Noise,Right
1705996392003,0.539728,-0.135664,-0.809104,-3.08,-3.43,0.77,Noise,Right
1705996392005,0.54656,-0.120536,-0.81252,-4.83,-2.31,-0.07,Noise,Right
1705996392059,0.544608,-0.133712,-0.815448,-6.93,0.84,-2.1,Noise,Right
1705996392059,0.538264,-0.133712,-0.828136,-5.88,3.57,-3.29,Noise,Right
1705996392059,0.533872,-0.142984,-0.832528,-5.74,2.8,-2.24,Noise,Right
1705996392182,0.521184,-0.150304,-0.83936,-3.01,0.42,-0.56,Noise,Right
1705996392182,0.514352,-0.134688,-0.842288,-1.33,-4.27,0.56,Noise,Right
1705996392182,0.5246,-0.122976,-0.829112,0.14,-6.37,-0.07,Noise,Right
1705996392182,0.535336,-0.110776,-0.809592,-0.49,-5.6,-2.59,Noise,Right
1705996392182,0.59536,-0.110776,-0.875472,9.31,11.13,-4.76,Noise,Right
1705996392183,0.477264,-0.05856,-0.704672,5.32,7.84,-1.12,Noise,Right
1705996392183,0.562176,-0.144936,-0.830576,0.77,-2.87,4.9,Noise,Right
1705996392228,0.560224,-0.159576,-0.825208,-2.1,-6.51,2.59,Noise,Right
1705996392228,0.579256,-0.163968,-0.821304,-0.98,-1.47,0.21,Noise,Right
1705996392228,0.540216,-0.14396,-0.815936,-0.84,3.15,-2.38,Noise,Right
1705996392333,0.534848,-0.14152,-0.826672,-0.21,3.5,-4.97,Noise,Right
1705996392333,0.538264,-0.138592,-0.824232,-0.28,2.87,-4.2,Noise,Right
1705996392333,0.523624,-0.136152,-0.81496,-0.28,3.92,-0.77,Noise,Right
1705996392333,0.542656,-0.138104,-0.803248,5.53,7.63,-4.76,Noise,Right
1705996392333,0.555344,-0.127368,-0.796904,9.73,11.48,-4.76,Noise,Right
1705996392333,0.546072,-0.116144,-0.801296,13.65,15.26,-6.93,Noise,Right
1705996392384,0.587064,-0.157136,-0.742736,20.02,22.19,-8.12,Noise,Right
1705996392384,0.630984,-0.16104,-0.736392,20.44,30.03,-6.09,Noise,Right
1705996392384,0.548024,-0.099552,-0.840824,18.41,17.71,-1.75,Noise,Right
1705996392511,0.577304,-0.124928,-0.844728,3.01,1.33,-7.91,Noise,Right
1705996392511,0.5246,-0.159088,-0.809592,-0.42,1.05,-3.85,Noise,Right
1705996392511,0.559248,-0.157136,-0.787144,0.28,10.92,-3.71,Noise,Right
1705996392512,0.601704,-0.16348,-0.79544,-1.4,4.41,-3.22,Noise,Right
1705996392512,0.579744,-0.16104,-0.791048,-0.84,-2.8,-1.54,Noise,Right
1705996392512,0.576328,-0.16592,-0.793488,-1.12,-0.42,-2.38,Noise,Right
1705996392512,0.57828,-0.176656,-0.782264,-1.19,-1.05,-2.17,Noise,Right
1705996392565,0.565104,-0.164456,-0.80276,-1.19,0.07,-2.52,Noise,Right
1705996392565,0.578768,-0.159576,-0.791536,-1.61,-0.63,-2.17,Noise,Right
1705996392566,0.581696,-0.16104,-0.793488,-1.61,2.52,-3.08,Noise,Right
1705996392566,0.574864,-0.166408,-0.787632,-0.98,-3.99,-1.26,Noise,Right
1705996392619,0.569008,-0.170312,-0.779824,-1.05,-0.49,-2.45,Noise,Right
1705996392619,0.560712,-0.162992,-0.779336,0.0,-6.58,-0.42,Noise,Right
1705996392619,0.587064,-0.166896,-0.789584,-1.47,-2.66,-1.82,Noise,Right
1705996392673,0.579744,-0.157624,-0.792024,-1.26,0.91,-2.8,Noise,Right
1705996392673,0.57096,-0.166408,-0.793488,-1.96,1.26,-3.01,Noise,Right
1705996392673,0.577304,-0.163968,-0.791536,-1.4,-1.12,-2.17,Noise,Right
1705996392719,0.584624,-0.159088,-0.786168,-0.91,-1.75,-1.75,Noise,Right
1705996392720,0.582184,-0.161528,-0.784216,-1.19,-2.66,-1.82,Noise,Right
1705996392720,0.584624,-0.159088,-0.784704,-1.4,-0.42,-2.31,Noise,Right
1705996392765,0.571936,-0.166408,-0.793976,-1.26,-2.1,-1.96,Noise,Right
1705996392765,0.569008,-0.163968,-0.793488,-1.47,-1.75,-2.24,Noise,Right
1705996392765,0.562176,-0.164456,-0.793,-1.75,2.1,-3.08,Noise,Right
1705996392824,0.55876,-0.167384,-0.792024,-0.84,-2.94,-1.47,Noise,Right
1705996392824,0.577304,-0.162504,-0.796416,-0.91,-2.87,-1.68,Noise,Right
1705996392876,0.60024,-0.1586,-0.783728,-1.61,1.19,-2.66,Noise,Right
1705996392878,0.577304,-0.16104,-0.787632,-1.33,-1.47,-1.61,Noise,Right
1705996392878,0.581696,-0.157624,-0.787144,-1.4,-0.56,-2.24,Noise,Right
1705996392878,0.584136,-0.160064,-0.787632,-1.12,-0.7,-2.31,Noise,Right
1705996393001,0.572912,-0.168848,-0.796416,-1.4,-0.84,-2.17,Noise,Right
1705996393001,0.575352,-0.167872,-0.795928,-1.47,-0.84,-2.45,Noise,Right
1705996393001,0.574376,-0.162504,-0.792024,-1.54,-0.98,-2.38,Noise,Right
1705996393001,0.579744,-0.161528,-0.793976,-1.4,-0.84,-2.31,Noise,Right
1705996393001,0.548512,-0.167872,-0.797392,-1.82,-1.54,-2.24,Noise,Right
1705996393001,0.587552,-0.162504,-0.790072,-1.33,-0.63,-2.1,Noise,Right
1705996393001,0.584136,-0.161528,-0.787632,-1.68,-0.56,-2.31,Noise,Right
1705996393138,0.578768,-0.156648,-0.782264,-0.91,-0.77,-2.1,Noise,Right
1705996393139,0.582672,-0.162992,-0.793488,-1.4,-1.05,-2.31,Noise,Right
1705996393139,0.572424,-0.167384,-0.793976,-1.12,-0.91,-2.31,Noise,Right
1705996393139,0.572424,-0.163968,-0.793488,-1.26,-0.84,-2.45,Noise,Right
1705996393139,0.575352,-0.165432,-0.789584,-1.26,-0.77,-2.24,Noise,Right
1705996393139,0.575352,-0.15616,-0.79056,-1.26,-0.91,-2.1,Noise,Right
1705996393139,0.582672,-0.161528,-0.789584,-1.4,-0.91,-2.31,Noise,Right
1705996393139,0.577304,-0.158112,-0.788608,-1.33,-0.77,-2.24,Noise,Right
1705996393185,0.57828,-0.164456,-0.791536,-1.26,-0.98,-2.31,Noise,Right
1705996393185,0.580232,-0.164944,-0.787632,-0.49,-1.12,-1.54,Noise,Right
1705996393185,0.58072,-0.156648,-0.791048,-1.26,-0.7,-2.38,Noise,Right
1705996393231,0.638792,-0.009272,-0.77348,-18.62,3.64,22.89,Noise,Right
1705996393232,0.618784,0.061,-0.782264,-68.46,19.25,94.22,Noise,Right
1705996393232,0.536312,-0.230336,-0.770552,-105.84,30.59,146.23,Noise,Right
1705996393278,0.532408,-0.162016,-0.82228,-67.83,21.28,88.27,Noise,Right
1705996393278,0.564616,-0.296216,-0.779824,-28.98,7.84,30.8,Noise,Right
1705996393278,0.533384,-0.259128,-0.785192,-5.74,0.42,-0.21,Noise,Right
1705996490729,-0.040504,-0.089792,1.037,3.43,-0.84,9.73,Noise,Right
1705996490729,-0.05124,-0.08052,1.033584,-4.06,-8.75,16.24,Noise,Right
1705996490730,-0.064416,-0.097112,1.016992,-5.46,-16.38,9.52,Noise,Right
1705996490773,-0.08296,-0.104432,1.008208,-8.54,-19.81,-4.69,Noise,Right
1705996490773,-0.092232,-0.086864,1.001376,-5.74,-14.28,-20.72,Noise,Right
1705996490831,-0.061,-0.088328,1.004304,3.22,-3.71,-32.06,Noise,Right
1705996490837,-0.039528,-0.060024,0.999424,11.48,6.44,-33.6,Noise,Right
1705996490837,-0.05612,-0.049776,0.98088,14.91,11.97,-26.53,Noise,Right
1705996490837,-0.07076,-0.01708,0.965264,26.04,11.62,-14.28,Noise,Right
1705996490882,-0.068808,-0.015616,0.962824,36.19,6.3,0.42,Noise,Right
1705996490882,-0.169824,-0.097112,1.109712,101.08,-1.75,6.3,Noise,Right
1705996490882,-0.067832,-0.012688,1.032608,12.11,-13.86,30.03,Noise,Right
1705996490933,-0.049288,-0.052704,1.0736,7.21,-18.48,28.63,Noise,Right
1705996490934,-0.05124,-0.102968,1.054568,-2.94,-16.87,15.68,Noise,Right
1705996490934,-0.081984,-0.062952,1.036024,-9.45,-9.24,-7.28,Noise,Right
1705996491036,-0.061,-0.080032,1.01504,-8.96,3.29,-35.98,Noise,Right
1705996491037,-0.066856,-0.09516,1.033584,-14.56,16.94,-52.64,Noise,Right
1705996491037,-0.063928,-0.096136,1.020896,-11.06,31.29,-55.16,Noise,Right
1705996491037,-0.083936,-0.046848,0.987224,-1.89,39.69,-48.65,Noise,Right
1705996491037,-0.114192,0.020008,0.972096,3.85,38.92,-44.31,Noise,Right
1705996491037,-0.146888,0.056608,0.907192,7.7,29.61,-29.96,Noise,Right
1705996491143,-0.105408,-0.010736,0.940376,24.71,12.6,-12.95,Noise,Right
1705996491143,-0.103456,-0.003416,0.94916,13.51,-4.97,12.46,Noise,Right
1705996491143,-0.10004,-0.06832,1.019432,1.54,-22.89,33.04,Noise,Right
1705996491143,-0.113216,-0.046848,1.078968,-22.26,-35.98,43.96,Noise,Right
1705996491144,-0.122,-0.084912,1.099952,-33.95,-36.75,32.69,Noise,Right
1705996491144,-0.16836,-0.079544,1.094096,-37.8,-26.25,8.54,Noise,Right
1705996491193,-0.140056,-0.123464,1.151192,-33.25,-7.14,-15.89,Noise,Right
1705996491193,-0.085888,-0.060512,1.171688,-24.43,14.63,-30.03,Noise,Right
1705996491193,-0.088328,-0.042456,1.1834,-11.97,26.74,-36.4,Noise,Right
1705996491244,-0.106872,-0.084912,1.16876,14.49,28.42,-28.49,Noise,Right
1705996491244,-0.115656,-0.041968,1.116544,38.22,17.64,-12.39,Noise,Right
1705996491245,-0.116144,-0.047824,1.09068,50.89,-1.82,11.06,Noise,Right
1705996491350,-0.105896,-0.064904,1.071648,47.46,-20.23,36.96,Noise,Right
1705996491351,-0.100528,-0.041968,1.054568,12.67,-33.04,56.77,Noise,Right
1705996491351,-0.078568,-0.060024,1.037,-6.65,-34.16,36.26,Noise,Right
1705996491351,-0.076128,-0.116632,1.016016,-23.73,-21.14,32.55,Noise,Right
1705996491351,-0.087352,-0.165432,1.010648,-31.08,0.91,3.29,Noise,Right
1705996491351,-0.05612,-0.145424,1.013088,-28.77,28.07,-19.32,Noise,Right
1705996491448,-0.071736,-0.044896,1.048712,-30.66,51.59,-38.08,Noise,Right
1705996491448,-0.061488,-0.038552,1.085312,-21.77,71.47,-50.47,Noise,Right
1705996491448,-0.064416,-0.003416,1.017968,-4.55,88.55,-56.0,Noise,Right
1705996491448,-0.122488,-0.0244,0.996496,18.76,96.11,-55.72,Noise,Right
1705996491449,0.149328,-0.04636,0.888648,99.19,62.58,-67.69,Noise,Right
1705996491449,-0.429928,-0.189832,0.92964,30.59,24.57,-50.33,Noise,Right
1705996491501,-0.252296,-0.101992,0.979904,9.31,3.71,-32.27,Noise,Right
1705996491501,-0.244488,-0.062952,0.958432,-2.17,-13.51,-17.99,Noise,Right
1705996491502,-0.226432,-0.119072,0.914024,-29.12,-23.38,-5.81,Noise,Right
1705996491549,-0.347944,-0.14396,1.026752,-62.02,-21.49,-3.99,Noise,Right
1705996491549,-0.186904,-0.061976,1.099952,-72.8,1.4,-10.15,Noise,Right
1705996491549,-0.121024,0.02196,0.411872,-34.16,-6.16,-15.61,Noise,Right
1705996491652,-0.0122,-0.186904,1.109224,-142.59,-31.92,25.62,Noise,Right
1705996491652,-0.394304,-0.53436,0.867664,-164.01,-28.35,50.19,Noise,Right
1705996491652,-0.088328,0.04392,0.986736,171.64,-4.06,60.55,Noise,Right
1705996491652,-0.018544,0.36844,1.21024,348.25,17.08,32.34,Noise,Right
1705996491653,-0.26108,0.199104,0.9516,34.72,-15.26,26.95,Noise,Right
1705996491653,-0.21716,0.028304,0.90036,-109.55,-23.31,7.42,Noise,Right
1705996491703,-0.2684,0.008296,0.996008,-48.37,-29.4,-9.52,Noise,Right
1705996491704,-0.208864,-0.085888,1.048712,-51.59,-25.06,-16.38,Noise,Right
1705996491704,-0.145424,-0.089304,1.100928,-36.26,-24.71,-18.76,Noise,Right
1705996491836,-0.169824,-0.148352,1.097512,-60.69,-16.66,-13.37,Noise,Right
1705996491836,-0.153232,-0.179096,1.14924,-64.12,-3.78,-7.56,Noise,Right
1705996491836,-0.130784,-0.330376,1.02968,-51.45,9.87,0.14,Noise,Right
1705996491836,-0.191296,-0.118096,0.964288,47.67,17.5,15.26,Noise,Right
1705996491837,-0.197152,-0.093208,0.91744,-26.6,4.41,6.3,Noise,Right
1705996491837,-0.166896,-0.10736,0.992104,36.26,0.35,-3.43,Noise,Right
1705996491837,-0.160552,-0.152256,0.92476,26.95,-5.25,-22.12,Noise,Right
1705996491958,-0.123952,-0.106872,0.99064,42.42,-10.29,-49.35,Noise,Right
1705996491958,-0.691984,0.047824,1.07604,49.21,-16.94,-71.75,Noise,Right
1705996491958,-0.178608,-0.22936,1.07116,118.86,-45.92,-13.23,Noise,Right
1705996491958,-0.234728,-0.08296,1.07604,62.58,-44.87,-22.89,Noise,Right
1705996491958,-0.190808,-0.032696,1.105808,67.9,-40.39,-20.44,Noise,Right
1705996491958,-0.180072,-0.044408,1.159976,74.34,-28.35,-3.01,Noise,Right
1705996492011,-0.157136,-0.044408,1.21268,82.74,-13.02,21.84,Noise,Right
1705996492011,-0.145912,0.0122,1.21024,95.9,-0.07,36.54,Noise,Right
1705996492011,-0.115168,0.076128,1.163392,87.22,3.08,34.72,Noise,Right
1705996492011,-0.115656,0.080032,1.125328,64.05,-2.38,18.62,Noise,Right
1705996492011,-0.148352,0.072224,1.116056,45.57,-13.72,-5.11,Noise,Right
1705996492056,-0.134688,0.105408,1.110688,32.9,-22.89,-23.38,Noise,Right
1705996492057,-0.101504,0.120536,1.096048,21.7,-25.69,-30.17,Noise,Right
1705996492057,-0.061488,0.152256,1.07116,14.42,-17.5,-26.25,Noise,Right
1705996492112,-0.069784,0.142496,1.04188,10.99,-1.12,-16.73,Noise,Right
1705996492113,-0.106384,0.127856,1.026752,11.69,16.17,-3.08,Noise,Right
1705996492114,-0.129808,0.128344,1.029192,15.26,24.64,10.22,Noise,Right
1705996492245,-0.097112,0.118096,1.04676,21.84,21.56,19.95,Noise,Right
1705996492245,-0.091256,0.077592,1.074576,14.77,4.9,19.81,Noise,Right
1705996492247,-0.082472,0.092232,1.046272,6.37,-17.08,2.1,Noise,Right
1705996492247,-0.077592,0.072224,1.011136,3.99,-35.56,-27.3,Noise,Right
1705996492247,-0.053192,0.062952,0.9882,-5.18,-39.06,-53.62,Noise,Right
1705996492248,-0.01464,0.099552,1.009672,-10.57,-22.47,-60.27,Noise,Right
1705996492248,0.042944,0.13176,1.011624,-9.59,8.54,-52.01,Noise,Right
1705996492370,-0.024888,0.113216,0.963312,-5.6,38.15,-33.18,Noise,Right
1705996492371,-0.101016,0.10004,0.911584,1.75,53.69,-10.99,Noise,Right
1705996492371,-0.180072,0.114192,0.866688,12.95,51.31,9.1,Noise,Right
1705996492371,-0.210328,0.101016,0.845216,36.26,34.72,24.78,Noise,Right
1705996492371,-0.184464,0.081496,0.868152,43.26,7.14,37.66,Noise,Right
1705996492371,-0.153232,0.121512,0.87352,19.18,-34.86,39.62,Noise,Right
1705996492373,-0.124928,0.123464,0.854488,1.19,-63.49,21.28,Noise,Right
1705996492373,-0.166896,0.04392,0.9028,-22.89,-72.87,-12.46,Noise,Right
1705996492471,-0.160064,0.017568,0.904264,-16.94,-50.82,-51.31,Noise,Right
1705996492471,-0.121512,0.057584,0.923296,-32.69,-12.95,-73.85,Noise,Right
1705996492472,-0.088816,0.094184,0.945744,-25.62,22.33,-77.28,Noise,Right
1705996492472,-0.162016,0.08784,0.94672,-20.72,41.65,-61.6,Noise,Right
1705996492472,-0.276696,0.022936,0.96868,28.91,44.1,-41.16,Noise,Right
1705996492472,-0.244488,0.044408,0.966728,90.44,28.42,-24.85,Noise,Right
1705996492520,-0.182024,0.00732,0.990152,103.25,-0.07,-4.55,Noise,Right
1705996492520,-0.089304,0.12444,1.076528,20.65,-37.8,31.78,Noise,Right
1705996492520,-0.046848,0.101992,1.176568,-30.31,-71.12,46.76,Noise,Right
1705996492569,-0.134688,0.066368,1.171688,-42.0,-83.79,24.29,Noise,Right
1705996492569,-0.122976,0.071736,1.125816,-42.49,-66.5,-24.64,Noise,Right
1705996492571,-0.045872,0.07564,1.18096,-42.91,-21.7,-71.4,Noise,Right
1705996492615,0.011224,0.101016,1.194624,-39.83,31.57,-88.27,Noise,Right
1705996492615,-0.0976,0.09028,1.136552,-33.11,68.81,-71.47,Noise,Right
1705996492661,-0.21472,0.196176,0.952576,-20.93,80.08,-26.11,Noise,Right
1705996492661,-0.234728,0.093208,0.9394,18.06,61.04,-0.98,Noise,Right
1705996492661,-0.213744,0.039528,0.976976,41.37,24.99,30.8,Noise,Right
1705996492707,-0.068808,0.088328,1.050664,24.5,-28.7,67.06,Noise,Right
1705996492708,-0.07808,0.169336,1.138992,-2.03,-83.72,76.16,Noise,Right
1705996492708,-0.096136,0.07808,1.067256,-19.88,-108.92,39.48,Noise,Right
1705996492759,-0.114192,-0.020496,1.0492,-15.12,-87.57,-25.55,Noise,Right
1705996492759,0.004392,0.083448,1.065304,-19.95,-29.82,-84.35,Noise,Right
1705996492760,0.006344,0.078568,1.064328,-20.37,35.42,-103.6,Noise,Right
1705996492882,-0.092232,0.072712,0.963312,-16.31,84.35,-79.73,Noise,Right
1705996492883,-0.200568,0.144448,0.849608,-27.79,97.02,-18.34,Noise,Right
1705996492883,-0.22936,0.140056,0.789096,-19.11,82.88,2.38,Noise,Right
1705996492883,-0.245952,0.128344,0.794952,4.41,52.01,30.59,Noise,Right
1705996492883,-0.201544,0.07808,0.858392,21.56,17.36,61.88,Noise,Right
1705996492884,-0.188856,0.10492,0.930128,36.33,-10.78,90.3,Noise,Right
1705996492884,-0.183,0.03172,1.053592,23.1,-29.82,109.76,Noise,Right
1705996492981,-0.239608,-0.040016,1.114104,-38.99,-38.85,114.38,Noise,Right
1705996492981,-0.269864,-0.041968,1.141432,-64.33,-30.17,79.38,Noise,Right
1705996492981,-0.29524,-0.07808,1.159,-66.22,-7.28,24.64,Noise,Right
1705996492981,-0.247416,-0.031232,1.124352,-56.49,21.56,-22.89,Noise,Right
1705996492983,-0.169824,0.042456,1.089216,-36.75,28.21,-46.27,Noise,Right
1705996492983,-0.199104,0.077592,1.0126,-22.89,17.92,-43.61,Noise,Right
1705996493032,-0.177632,0.069296,0.925248,-7.49,-1.89,-27.51,Noise,Right
1705996493033,-0.118096,0.088328,0.937448,-1.19,-16.52,-6.51,Noise,Right
1705996493033,-0.049776,-0.024888,0.959896,3.92,-24.29,18.62,Noise,Right
1705996493081,-0.065392,-0.107848,1.089216,15.82,-22.82,49.98,Noise,Right
1705996493081,-0.123952,-0.184464,1.172176,3.36,-9.38,78.61,Noise,Right
1705996493083,-0.086376,-0.093208,1.180472,-18.48,10.5,94.15,Noise,Right
1705996493124,-0.091744,-0.055632,1.123376,-35.0,28.21,88.13,Noise,Right
1705996493124,-0.133712,-0.109312,1.156072,-59.22,42.21,72.1,Noise,Right
1705996493173,-0.171776,-0.02196,1.164856,-68.6,59.57,58.94,Noise,Right
1705996493173,-0.19764,0.060512,1.040416,-68.04,77.63,39.62,Noise,Right
1705996493173,-0.611952,0.172264,3.245688,-64.26,95.62,17.71,Noise,Right
1705996493219,-0.31964,0.078568,1.016504,-23.52,21.07,12.25,Noise,Right
1705996493220,-0.33916,-0.086864,0.882792,-12.81,-3.99,4.2,Noise,Right
1705996493220,-0.324032,-0.058072,1.335168,-2.59,8.4,-0.77,Noise,Right
1705996493272,-0.205448,-0.069784,1.17852,39.9,-5.25,2.24,Noise,Right
1705996493272,-0.214232,0.081496,1.020896,74.27,0.98,-3.99,Noise,Right
1705996493272,-0.366488,-0.02196,0.947208,239.54,26.95,-25.83,Noise,Right
1705996493394,-0.385032,0.181536,0.903288,276.78,23.8,-32.34,Noise,Right
1705996493395,-0.365512,-0.317688,1.092632,-1.26,0.07,6.51,Noise,Right
1705996493395,-0.286456,0.231312,0.841312,-233.73,-4.97,39.27,Noise,Right
1705996493395,-0.180072,0.481656,0.881816,-129.57,-21.63,9.1,Noise,Right
1705996493395,-0.23424,0.08052,1.02724,39.62,-28.84,-26.04,Noise,Right
1705996493395,-0.282064,-0.023424,1.060912,3.22,-21.42,-24.22,Noise,Right
1705996493395,-0.332816,-0.022448,1.110688,34.23,-11.83,-17.99,Noise,Right
1705996493496,-0.489952,-0.15128,0.988688,10.01,-6.58,1.19,Noise,Right
1705996493497,-0.331352,0.050752,0.99064,-74.69,-4.69,24.85,Noise,Right
1705996493497,-0.19764,0.17324,1.059936,-61.32,-6.72,34.51,Noise,Right
1705996493497,-0.248392,0.092232,0.905728,26.18,0.0,25.62,Noise,Right
1705996493497,-0.226432,-0.082472,0.892064,-9.31,-13.3,12.67,Noise,Right
1705996493498,-0.22692,-0.003416,0.989176,-53.97,-28.0,8.75,Noise,Right
1705996493548,-0.268888,-0.069784,1.026264,-12.04,-28.7,-4.97,Noise,Right
1705996493548,-0.349896,-0.122,1.074088,-13.23,-20.65,-2.66,Noise,Right
1705996493549,-0.244,-0.069296,1.024312,23.24,-8.47,-4.2,Noise,Right
1705996493594,-0.221064,-0.03172,0.957944,35.21,-6.3,-7.21,Noise,Right
1705996493594,-0.281576,0.064416,0.913048,75.04,-6.79,-12.88,Noise,Right
1705996493594,-0.205936,-0.035136,0.964776,42.7,-14.49,-14.77,Noise,Right
1705996493638,-0.225456,-0.125904,1.023824,23.73,-43.19,-3.99,Noise,Right
1705996493638,-0.197152,-0.11712,0.960872,-8.26,-36.89,-4.41,Noise,Right
1705996493638,-0.130784,0.091256,1.104832,-19.39,-29.54,-17.64,Noise,Right
1705996493686,-0.096136,0.027328,1.265872,-16.87,-11.34,-31.64,Noise,Right
1705996493687,-0.17324,0.031232,1.103368,-7.07,-2.66,-28.77,Noise,Right
1705996493735,-0.181048,0.029768,1.080432,4.55,1.96,-16.59,Noise,Right
1705996493735,-0.244,0.01464,1.070184,3.5,-8.26,4.2,Noise,Right
1705996493736,-0.22936,0.020008,1.101904,4.41,-27.16,24.85,Noise,Right
1705996493784,-0.159088,0.000976,1.219512,9.24,-48.72,29.4,Noise,Right
1705996493784,-0.144936,-0.052216,1.24928,16.94,-46.9,7.63,Noise,Right
1705996493785,-0.114192,-0.024888,1.25904,18.34,-30.1,-20.37,Noise,Right
1705996493909,-0.088816,-0.005368,1.22732,17.01,-2.59,-42.84,Noise,Right
1705996493909,-0.096624,0.030744,1.177544,15.68,26.25,-49.42,Noise,Right
1705996493910,-0.165432,0.033184,1.118008,15.82,45.29,-38.29,Noise,Right
1705996493910,-0.167872,0.068808,1.062864,19.18,46.27,-17.01,Noise,Right
1705996493910,-0.1952,0.063928,1.028704,23.52,30.1,4.34,Noise,Right
1705996493910,-0.175192,0.059048,1.025288,29.26,-17.57,21.42,Noise,Right
1705996493910,-0.157136,0.068808,1.070184,31.22,-38.99,22.82,Noise,Right
1705996494015,-0.113216,0.063928,1.064816,35.77,-61.95,1.54,Noise,Right
1705996494015,-0.122488,0.016104,1.05896,32.41,-66.57,-31.43,Noise,Right
1705996494015,-0.12688,-0.020008,1.092632,18.83,-46.62,-56.98,Noise,Right
1705996494015,-0.037576,0.016104,1.126792,13.58,-7.14,-64.61,Noise,Right
1705996494015,-0.042944,0.030744,1.107272,14.35,31.22,-53.48,Noise,Right
1705996494015,-0.094672,0.062464,1.025288,20.93,53.13,-30.59,Noise,Right
1705996494114,-0.145912,0.103456,0.991128,22.89,57.19,-7.84,Noise,Right
1705996494114,-0.179584,0.081984,0.996008,32.76,46.83,6.23,Noise,Right
1705996494114,-0.188368,0.05368,1.01504,39.76,19.11,13.02,Noise,Right
1705996494114,-0.183488,0.081496,1.031144,36.19,-25.41,9.45,Noise,Right
1705996494114,-0.138104,0.0854,1.014552,41.37,-72.17,-15.33,Noise,Right
1705996494115,-0.128832,0.049288,1.016504,37.52,-100.8,-55.16,Noise,Right
1705996494166,-0.09272,0.012688,1.051152,30.31,-85.89,-91.98,Noise,Right
1705996494167,0.113704,0.05368,1.094584,21.91,-30.52,-107.1,Noise,Right
1705996494167,-0.104432,0.052704,1.146312,26.81,28.77,-99.75,Noise,Right
1705996494214,-0.1464,0.097112,1.016016,22.89,68.25,-69.65,Noise,Right
1705996494214,-0.244488,0.108824,0.940376,23.24,76.23,-35.7,Noise,Right
1705996494215,-0.286944,0.094672,0.942816,34.44,60.69,-10.29,Noise,Right
1705996494263,-0.257176,0.111264,0.962336,40.88,27.02,7.14,Noise,Right
1705996494263,-0.295728,0.121024,0.935496,36.96,-22.96,7.77,Noise,Right
1705996494263,-0.199104,0.198616,0.87596,22.61,-76.23,-16.59,Noise,Right
1705996494310,-0.2196,0.116144,0.953064,14.77,-100.59,-58.17,Noise,Right
1705996494310,-0.181048,0.098576,1.052128,11.27,-82.74,-93.1,Noise,Right
1705996494354,-0.167384,0.15372,1.110688,20.79,-32.2,-106.19,Noise,Right
1705996494354,-0.144936,0.139568,1.021872,10.71,24.15,-83.79,Noise,Right
1705996494355,-0.260104,0.11468,0.966728,10.15,61.39,-46.13,Noise,Right
1705996494401,-0.263032,0.1464,0.948672,20.51,79.03,-7.21,Noise,Right
1705996494401,-0.213744,0.172264,0.95892,33.25,73.85,20.02,Noise,Right
1705996494401,-0.247904,0.204472,0.925248,25.97,34.37,31.99,Noise,Right
1705996494447,-0.314272,0.240096,0.847656,22.61,-38.43,20.44,Noise,Right
1705996494447,-0.291336,0.257664,0.806664,24.22,-112.14,-15.82,Noise,Right
1705996494447,-0.263032,0.224968,0.900848,-1.54,-134.33,-62.72,Noise,Right
1705996494500,-0.08052,0.123952,1.04676,0.84,-81.06,-91.84,Noise,Right
1705996494501,-0.088816,0.12444,1.127768,11.34,0.21,-84.0,Noise,Right
1705996494619,-0.119072,0.1708,1.045296,-7.98,69.3,-32.34,Noise,Right
1705996494619,-0.320128,0.147864,0.952088,-8.61,83.3,23.1,Noise,Right
1705996494620,-0.41724,0.15128,0.945744,3.57,57.82,60.41,Noise,Right
1705996494620,-0.323544,0.194712,0.997472,9.24,4.97,73.99,Noise,Right
1705996494620,-0.153232,0.36844,0.916952,22.68,-24.64,34.65,Noise,Right
1705996494620,-0.14884,0.21228,0.813496,15.19,-11.69,-38.22,Noise,Right
1705996494620,-0.216672,0.236192,0.77348,-13.58,5.53,-85.12,Noise,Right
1705996494669,-0.311832,0.274744,0.813984,-40.11,-2.31,-53.27,Noise,Right
1705996494669,-0.202032,0.223504,0.884256,-25.27,-6.86,5.67,Noise,Right
1705996494670,-0.177144,0.163968,0.995032,-29.54,-5.32,13.23,Noise,Right
1705996494786,-0.157136,0.13176,1.091656,-4.97,1.68,9.59,Noise,Right
1705996494786,-0.19276,0.142496,1.073112,15.82,6.58,11.13,Noise,Right
1705996494787,-0.19032,0.123464,1.069208,12.95,4.48,6.58,Noise,Right
1705996494787,-0.209352,0.205936,1.09068,37.45,3.5,-3.78,Noise,Right
1705996494788,-0.176656,0.211792,1.050664,28.91,-0.98,-15.12,Noise,Right
1705996494788,-0.258152,0.237168,1.034072,36.54,-3.01,-21.42,Noise,Right
1705996494789,-0.244488,0.211304,0.987224,17.29,-13.44,-14.42,Noise,Right
1705996494834,-0.204472,0.179584,1.006256,-2.31,-15.33,-8.47,Noise,Right
1705996494835,-0.230336,0.13664,1.030168,-12.04,-8.96,-8.61,Noise,Right
1705996494835,-0.174216,0.15372,1.026264,-7.91,7.7,-10.92,Noise,Right
1705996494885,-0.247416,0.1586,1.036024,-3.71,21.84,-9.73,Noise,Right
1705996494885,-0.291336,0.174704,0.954528,5.74,26.32,-7.63,Noise,Right
1705996494885,-0.301584,0.19032,0.91012,-4.06,25.2,-4.55,Noise,Right
1705996495012,-0.28548,0.209352,0.894992,-0.63,24.29,2.73,Noise,Right
1705996495012,-0.210816,0.244976,0.830576,12.74,23.38,6.16,Noise,Right
1705996495013,-0.18056,0.24644,0.78812,10.36,14.91,6.02,Noise,Right
1705996495013,-0.163968,0.210816,0.785192,1.4,1.82,5.11,Noise,Right
1705996495013,-0.172264,0.15616,0.817888,-7.91,-12.88,3.85,Noise,Right
1705996495013,-0.1586,0.094672,0.848144,-10.85,-25.41,3.29,Noise,Right
1705996495013,-0.163968,0.144448,0.889136,-9.24,-29.75,1.82,Noise,Right
1705996495069,-0.228384,0.10248,0.957456,-11.9,-35.07,3.08,Noise,Right
1705996495069,-0.255712,0.12932,0.989176,-11.27,-34.09,10.22,Noise,Right
1705996495069,-0.281088,0.12932,1.005768,-12.67,-29.68,21.56,Noise,Right
1705996495069,-0.2684,0.1464,0.998448,-10.92,-19.74,33.53,Noise,Right
1705996495196,-0.2928,0.130784,1.001864,-10.01,-7.42,44.73,Noise,Right
1705996495196,-0.216184,0.142984,1.021872,3.57,10.78,54.6,Noise,Right
1705996495196,-0.122976,0.186416,1.004792,10.57,28.56,56.28,Noise,Right
1705996495196,-0.1342,0.20984,0.952576,2.59,41.65,38.57,Noise,Right
1705996495196,-0.169336,0.125904,0.937936,10.5,11.69,27.58,Noise,Right
1705996495197,-0.243512,0.21472,0.937448,0.28,-43.89,16.45,Noise,Right
1705996495197,-0.175192,0.081984,1.026264,25.76,-74.34,-2.52,Noise,Right
1705996495334,-0.135176,0.11224,1.013576,-3.71,-47.18,-14.91,Noise,Right
1705996495335,-0.115168,0.176168,1.015528,-23.31,21.77,-24.64,Noise,Right
1705996495335,-0.129808,0.146888,0.968192,-52.92,101.15,-10.78,Noise,Right
1705996495335,-0.149328,0.143472,0.88328,-66.22,159.11,24.78,Noise,Right
1705996495335,-0.264984,0.178608,0.788608,-61.88,177.87,65.31,Noise,Right
1705996495335,-0.354776,0.191296,0.783728,-43.19,154.35,91.98,Noise,Right
1705996495335,-0.353312,0.225456,0.881816,-41.93,96.32,104.09,Noise,Right
1705996495335,-0.359168,0.130784,0.955992,-58.31,14.28,105.0,Noise,Right
1705996495394,-0.372344,0.121512,0.9394,-63.35,-70.35,98.14,Noise,Right
1705996495394,-0.332816,0.083448,1.01748,-56.42,-130.76,80.78,Noise,Right
1705996495395,-0.304512,0.054656,1.060424,-34.23,-132.37,46.13,Noise,Right
1705996495395,-0.247904,0.004392,1.1102,-19.74,-79.1,6.16,Noise,Right
1705996495439,-0.19032,-0.005856,1.13704,-23.66,2.17,-20.86,Noise,Right
1705996495440,-0.123464,0.07808,1.152168,-34.72,77.28,-23.38,Noise,Right
1705996495440,-0.1342,0.107848,1.138016,-29.82,123.83,-5.32,Noise,Right
1705996495490,-0.175192,0.155184,1.06872,-17.99,134.75,23.03,Noise,Right
1705996495491,-0.163968,0.107848,1.164856,21.35,112.49,39.48,Noise,Right
1705996495493,-0.206424,0.256688,0.909632,-27.79,67.27,59.92,Noise,Right
1705996495531,-0.301096,0.098088,0.904752,-36.12,9.03,61.88,Noise,Right
1705996495531,-0.344528,0.061976,0.938424,-22.05,-35.63,58.94,Noise,Right
1705996495578,-0.37088,0.025376,1.014552,-13.44,-57.75,39.48,Noise,Right
1705996495578,-0.360632,0.01952,1.094096,-15.33,-48.58,4.34,Noise,Right
1705996495578,-0.286944,0.017568,1.156072,-22.54,-8.61,-27.09,Noise,Right
1705996495628,-0.267912,0.067832,1.158512,-29.33,51.59,-39.9,Noise,Right
1705996495629,-0.298168,0.081008,1.114104,-24.78,105.14,-31.92,Noise,Right
1705996495629,-0.370392,0.10004,1.07116,-20.51,129.71,-6.72,Noise,Right
1705996495749,-0.42944,0.145912,1.003328,-10.01,121.03,22.75,Noise,Right
1705996495749,-0.49288,0.128832,0.933056,-4.9,81.76,45.92,Noise,Right
1705996495749,-0.529968,0.0854,0.896456,-1.82,34.23,60.06,Noise,Right
1705996495749,-0.547048,0.054168,0.91256,0.91,-7.14,61.46,Noise,Right
1705996495749,-0.547536,0.033184,0.96868,1.12,-28.7,43.68,Noise,Right
1705996495749,-0.532408,-0.001952,1.047248,1.68,-16.38,13.86,Noise,Right
1705996495751,-0.468968,0.003416,1.033584,-0.42,32.83,-19.32,Noise,Right
1705996495793,-0.492392,0.037576,0.936472,-5.81,95.34,-39.9,Noise,Right
1705996495793,-0.5124,0.060024,0.945256,-14.56,138.32,-38.99,Noise,Right
1705996495794,-0.594872,0.10492,0.967216,-10.64,148.26,-19.53,Noise,Right
1705996495843,-0.638304,0.116144,0.926712,7.77,124.32,7.7,Noise,Right
1705996495843,-0.683688,0.109312,0.880352,17.01,76.72,34.72,Noise,Right
1705996495888,-0.738344,0.130784,0.831064,25.06,24.71,52.92,Noise,Right
1705996495889,-0.704184,0.095648,0.808616,24.29,-13.72,56.0,Noise,Right
1705996495889,-0.665632,0.07076,0.847656,25.83,-26.25,39.41,Noise,Right
1705996495942,-0.65392,0.087352,0.903288,28.0,-4.13,8.47,Noise,Right
1705996495943,-0.65392,0.023424,0.917928,38.15,47.11,-25.62,Noise,Right
1705996495943,-0.682712,0.103944,0.820816,10.64,111.23,-37.45,Noise,Right
1705996496059,-0.703208,0.135176,0.785192,4.55,158.34,-32.55,Noise,Right
1705996496060,-0.803736,0.144936,0.80764,12.39,169.19,-8.89,Noise,Right
1705996496060,-0.829112,0.16348,0.751032,29.82,135.03,21.77,Noise,Right
1705996496060,-0.812032,0.174216,0.693448,35.63,80.22,48.65,Noise,Right
1705996496060,-0.811544,0.164944,0.647088,42.56,32.69,61.11,Noise,Right
1705996496060,-0.760304,0.152744,0.672952,41.02,6.3,58.38,Noise,Right
1705996496060,-0.683688,0.123952,0.702232,45.22,13.37,43.12,Noise,Right
1705996496111,-0.635376,0.105896,0.700768,48.44,52.08,16.73,Noise,Right
1705996496111,-0.625616,0.170312,0.626592,43.12,112.56,-15.75,Noise,Right
1705996496112,-0.684176,0.241072,0.466528,40.04,168.63,-39.34,Noise,Right
1705996496248,-0.778848,0.231312,0.359656,31.22,188.93,-39.69,Noise,Right
1705996496248,-0.880352,0.25376,0.308416,27.72,158.06,-18.13,Noise,Right
1705996496249,-0.879376,0.279136,0.26596,38.64,97.72,6.86,Noise,Right
1705996496249,-0.875472,0.252296,0.229848,42.21,33.53,21.49,Noise,Right
1705996496249,-0.889136,0.18544,0.223016,41.02,-12.95,23.1,Noise,Right
1705996496249,-0.874008,0.151768,0.334768,22.75,-39.06,18.48,Noise,Right
1705996496249,-0.764696,0.09028,0.560224,2.94,-19.04,14.21,Noise,Right
1705996496294,-0.635376,0.122488,0.5612,25.9,43.82,3.22,Noise,Right
1705996496294,-0.705648,0.215208,0.4636,17.64,109.48,-8.96,Noise,Right
1705996496294,-0.877424,0.203496,0.374296,26.53,149.24,-27.51,Noise,Right
1705996496294,-1.09556,0.166408,0.24156,41.58,129.01,-34.72,Noise,Right
1705996496341,-1.10288,0.20984,0.049288,74.62,52.22,-31.15,Noise,Right
1705996496341,-1.00772,0.271328,-0.074176,72.1,-28.63,-23.87,Noise,Right
1705996496341,-1.007232,0.181536,-0.074176,52.08,-104.23,-19.32,Noise,Right
1705996496389,-1.019432,0.129808,-0.031232,33.32,-166.04,-18.76,Noise,Right
1705996496389,-0.915488,0.145424,0.101992,-4.55,-208.46,-17.57,Noise,Right
1705996496389,-0.816912,0.133712,0.293288,-25.97,-220.85,-14.98,Noise,Right
1705996496434,-0.731024,0.159576,0.432368,-17.99,-187.11,-16.73,Noise,Right
1705996496434,-0.669536,0.093208,0.510936,-23.8,-118.3,-24.64,Noise,Right
1705996496481,-0.642696,0.137128,0.594872,-37.94,-28.63,-31.99,Noise,Right
1705996496481,-0.648064,0.122976,0.658312,-51.59,57.12,-33.32,Noise,Right
1705996496481,-0.786656,0.06832,0.640744,-39.48,103.67,-26.32,Noise,Right
1705996496527,-1.050176,0.135664,0.547048,-10.5,69.3,-12.95,Noise,Right
1705996496527,-0.99796,0.134688,0.345016,109.27,-37.38,21.35,Noise,Right
1705996496527,-0.777872,0.23912,0.442128,14.98,-79.59,14.42,Noise,Right
1705996496575,-0.98088,0.067344,0.548512,-6.86,-94.64,7.91,Noise,Right
1705996496580,-0.862296,0.061976,0.686616,-13.23,-76.79,22.33,Noise,Right
1705996496580,-0.74176,-0.0122,0.768112,-30.45,-19.11,25.2,Noise,Right
1705996496620,-0.904264,0.121512,0.793976,-40.32,31.71,44.94,Noise,Right
1705996496620,-1.016016,0.162504,0.735416,-14.84,72.8,53.55,Noise,Right
1705996496667,-0.964288,0.262544,0.66612,31.71,85.82,31.57,Noise,Right
1705996496667,-0.982832,0.24156,0.52948,57.75,84.0,-3.64,Noise,Right
1705996496667,-0.945744,0.281576,0.403576,69.23,48.3,-27.37,Noise,Right
1705996496717,-0.859368,0.272792,0.335256,58.94,-10.01,-32.9,Noise,Right
1705996496717,-0.92964,0.18544,0.308416,59.64,-69.86,-31.64,Noise,Right
1705996496717,-0.985272,0.105896,0.32696,41.72,-124.53,-20.65,Noise,Right
1705996496844,-0.871568,0.140056,0.447984,-6.51,-151.9,-7.49,Noise,Right
1705996496844,-0.657336,0.134688,0.560224,-14.77,-121.59,3.64,Noise,Right
1705996496844,-0.51728,0.227408,0.746152,-15.05,-25.9,4.62,Noise,Right
1705996496844,-0.487512,0.242048,0.67344,-28.42,85.82,-5.53,Noise,Right
1705996496844,-0.547048,0.218624,0.677344,-44.87,196.14,-19.18,Noise,Right
1705996496844,-0.833504,0.140056,0.6466,-28.77,253.82,-24.57,Noise,Right
1705996496844,-1.054568,0.07076,0.525088,-7.0,193.97,-4.34,Noise,Right
1705996496900,-1.003328,0.173728,0.392352,33.67,107.59,21.77,Noise,Right
1705996496900,-0.953552,0.188856,0.29768,43.54,42.98,23.24,Noise,Right
1705996496900,-0.967704,0.110776,0.22936,33.88,1.82,4.62,Noise,Right
1705996496901,-1.016992,0.098576,0.208864,23.03,-26.39,-10.15,Noise,Right
1705996496947,-0.8906,0.08052,0.32452,-2.31,-37.24,-15.19,Noise,Right
1705996496947,-0.808616,0.152744,0.371856,-0.21,-17.36,-20.3,Noise,Right
1705996496947,-0.862296,0.148352,0.386984,-0.35,24.01,-27.16,Noise,Right
1705996496994,-0.977464,0.140544,0.404552,-0.21,64.19,-33.25,Noise,Right
1705996496994,-1.045296,0.13176,0.389912,6.44,79.59,-23.38,Noise,Right
1705996497045,-1.0614,0.147376,0.289872,31.64,67.06,-6.93,Noise,Right
1705996497045,-1.028216,0.142496,0.199592,53.69,38.01,0.98,Noise,Right
1705996497046,-1.047248,0.13176,0.142984,57.19,2.8,0.98,Noise,Right
1705996497168,-1.009184,0.098088,0.123464,53.69,-33.95,1.4,Noise,Right
1705996497169,-1.038952,0.088816,0.097112,31.08,-69.16,7.35,Noise,Right
1705996497169,-0.968192,0.118096,0.131272,-1.12,-92.75,14.7,Noise,Right
1705996497169,-0.813984,0.0976,0.25864,-23.03,-90.44,21.49,Noise,Right
1705996497169,-0.723704,0.176168,0.325008,-14.91,-54.04,22.26,Noise,Right
1705996497169,-0.732488,0.209352,0.37576,-21.14,5.11,7.14,Noise,Right
1705996497169,-0.731024,0.182024,0.427,-33.67,70.77,-16.87,Noise,Right
1705996497216,-0.815448,0.170312,0.451888,-37.52,121.38,-32.76,Noise,Right
1705996497216,-0.915,0.16104,0.41724,-21.49,131.95,-34.51,Noise,Right
1705996497216,-0.98576,0.134688,0.325984,2.38,109.83,-22.61,Noise,Right
1705996497265,-1.069696,0.145912,0.227896,18.97,60.55,-2.17,Noise,Right
1705996497265,-1.067744,0.108336,0.163968,28.14,0.91,18.06,Noise,Right
1705996497265,-1.025776,0.13664,0.140056,19.32,-46.2,28.35,Noise,Right
1705996497388,-0.921344,0.120536,0.191296,4.34,-72.73,29.4,Noise,Right
1705996497389,-0.811544,0.12932,0.254248,8.75,-73.01,24.71,Noise,Right
1705996497389,-0.752496,0.125904,0.329888,7.56,-46.9,5.67,Noise,Right
1705996497389,-0.738344,0.172264,0.383568,-8.61,0.63,-22.96,Noise,Right
1705996497390,-0.8052,0.142008,0.42212,-16.66,63.77,-56.21,Noise,Right
1705996497391,-0.953552,0.118096,0.3782,-18.48,92.47,-65.03,Noise,Right
1705996497391,-1.04432,0.110776,0.281576,-4.34,77.7,-39.97,Noise,Right
1705996497488,-1.016992,0.164944,0.193248,14.28,48.65,-5.67,Noise,Right
1705996497488,-1.05408,0.142496,0.09516,29.89,16.24,14.42,Noise,Right
1705996497488,-0.998936,0.148352,0.06344,39.27,-24.22,20.51,Noise,Right
1705996497489,-0.966728,0.132736,0.056608,24.29,-62.51,20.93,Noise,Right
1705996497489,-0.943304,0.129808,0.099064,16.17,-85.75,17.71,Noise,Right
1705996497489,-0.892552,0.101992,0.177144,5.46,-89.95,12.81,Noise,Right
1705996497540,-0.849608,0.076616,0.254736,7.77,-71.82,8.75,Noise,Right
1705996497540,-0.835944,0.078568,0.32452,-5.95,-35.63,3.43,Noise,Right
1705996497540,-0.88328,0.090768,0.398696,-26.6,3.78,-5.11,Noise,Right
1705996497591,-0.957456,0.091256,0.403088,-27.72,30.24,-9.31,Noise,Right
1705996497591,-0.779336,0.14396,0.266936,40.95,17.99,28.63,Noise,Right
1705996497591,-1.449848,-0.004392,0.130784,7.49,-0.56,15.05,Noise,Right
1705996497694,-1.047736,0.312808,0.123952,16.8,-36.61,7.07,Noise,Right
1705996497694,-0.940864,0.10004,0.150304,16.45,-56.14,5.18,Noise,Right
1705996497694,-0.9272,0.093696,0.143472,1.82,-72.59,6.58,Noise,Right
1705996497695,-0.886208,0.094672,0.179584,-16.73,-81.34,7.63,Noise,Right
1705996497695,-0.883768,0.111264,0.240584,-36.47,-78.05,10.92,Noise,Right
1705996497695,-0.886208,0.079056,0.305,-45.43,-65.73,13.79,Noise,Right
1705996497740,-1.029192,0.084424,0.386496,-50.47,-54.6,12.81,Noise,Right
1705996497740,-0.896456,0.155672,0.455304,-54.11,-52.85,8.75,Noise,Right
1705996497740,-0.880352,0.113216,0.46848,-39.83,-47.88,7.77,Noise,Right
1705996497787,-0.85888,0.12688,0.420656,-17.92,-50.05,6.23,Noise,Right
1705996497787,-0.84912,0.154208,0.388936,-9.87,-55.86,4.41,Noise,Right
1705996497787,-0.814472,0.118096,0.437248,-8.89,-76.72,-0.21,Noise,Right
1705996497834,-0.776896,0.114192,0.46848,-12.04,-102.27,-1.19,Noise,Right
1705996497834,-0.70516,0.088816,0.46604,-25.2,-123.69,-1.05,Noise,Right
1705996497834,-0.743712,0.084424,0.560224,-49.7,-140.21,-12.67,Noise,Right
1705996497886,-0.782264,0.036112,0.646112,-55.37,-132.16,-30.66,Noise,Right
1705996497887,-0.727608,0.074176,0.729072,-122.43,-100.31,-4.55,Noise,Right
1705996497999,-0.687592,0.086376,0.784704,-55.02,-63.07,8.19,Noise,Right
1705996498000,-0.803248,0.096136,0.839848,-54.11,-25.06,15.47,Noise,Right
1705996498000,-0.773968,0.083936,0.817888,-39.62,-4.69,23.38,Noise,Right
1705996498000,-0.760792,0.101992,0.748104,-13.86,-5.88,24.15,Noise,Right
1705996498000,-0.74908,0.128344,0.667584,6.44,-15.4,13.93,Noise,Right
1705996498000,-0.728584,0.120048,0.650016,16.1,-25.41,2.31,Noise,Right
1705996498001,-0.708576,0.109312,0.649528,11.27,-42.07,0.77,Noise,Right
1705996498054,-0.667584,0.10248,0.639768,3.08,-62.44,-0.14,Noise,Right
1705996498054,-0.672952,0.037088,0.674416,-3.57,-76.65,-8.19,Noise,Right
1705996498054,-0.732488,-0.060512,0.763232,-19.74,-81.13,-21.0,Noise,Right
1705996498186,-0.693936,-0.07076,0.884256,-37.03,-65.52,-30.59,Noise,Right
1705996498186,-0.637328,-0.040016,0.976488,-36.61,-26.6,-36.33,Noise,Right
1705996498187,-0.827648,-0.006832,0.9638,18.34,5.39,13.16,Noise,Right
1705996498187,-0.733464,0.000976,0.918904,-8.61,25.9,15.05,Noise,Right
1705996498187,-0.738832,0.026352,0.792512,8.33,25.9,9.66,Noise,Right
1705996498187,-0.726144,0.060512,0.711504,26.39,15.96,-5.74,Noise,Right
1705996498188,-0.70272,0.0488,0.68076,33.81,-2.17,-18.48,Noise,Right
1705996498240,-0.69296,0.058072,0.661728,24.99,-23.38,-21.84,Noise,Right
1705996498241,-0.656848,0.079544,0.623176,13.86,-40.6,-17.22,Noise,Right
1705996498241,-0.679784,0.03904,0.675392,-10.08,-42.21,-11.9,Noise,Right
1705996498241,-0.66612,0.013664,0.767624,-20.23,-22.75,-9.87,Noise,Right
1705996498290,-0.692472,-0.000488,0.807152,-24.64,0.84,-9.87,Noise,Right
1705996498290,-0.666608,0.02196,0.834968,-21.49,22.26,-8.05,Noise,Right
1705996498291,-0.659288,0.015616,0.855952,-16.52,39.13,-3.5,Noise,Right
1705996498417,-0.66856,0.01708,0.840336,-2.66,47.04,2.03,Noise,Right
1705996498417,-0.686616,0.025864,0.789096,22.54,35.14,2.31,Noise,Right
1705996498417,-0.681736,0.0244,0.735416,55.09,11.06,-5.32,Noise,Right
1705996498418,-0.6588,0.031232,0.71736,69.72,-9.73,-11.2,Noise,Right
1705996498418,-0.706624,-0.001464,0.67832,66.08,-34.02,-10.29,Noise,Right
1705996498418,-0.721752,-0.011712,0.637816,64.05,-43.33,-4.62,Noise,Right
1705996498418,-0.69052,0.074664,0.586088,45.71,-42.63,-1.19,Noise,Right
1705996498471,-0.667096,0.104432,0.621712,3.5,-28.63,-5.46,Noise,Right
1705996498471,-0.715896,0.060512,0.718336,-30.66,-12.67,-12.53,Noise,Right
1705996498471,-0.691496,0.030744,0.785192,-16.03,0.7,-14.56,Noise,Right
1705996498471,-0.698328,0.027816,0.813984,-0.63,16.31,-11.34,Noise,Right
1705996498521,-0.720288,-0.001952,0.782264,19.53,16.1,-5.88,Noise,Right
1705996498521,-0.762256,-0.017568,0.752984,51.17,0.35,-5.74,Noise,Right
1705996498565,-0.762744,0.013176,0.710528,79.73,-22.96,-6.93,Noise,Right
1705996498565,-0.687592,0.083936,0.659776,63.84,-55.58,0.28,Noise,Right
1705996498566,-0.698328,0.073688,0.674904,33.81,-84.21,12.32,Noise,Right
1705996498625,-0.661728,0.08296,0.69784,19.88,-72.17,18.83,Noise,Right
1705996498625,-0.584136,0.092232,0.732976,-0.14,-82.25,15.82,Noise,Right
1705996498625,-0.537288,0.106384,0.780312,-18.48,-55.02,5.81,Noise,Right
1705996498674,-0.509472,0.091744,0.863272,-37.45,-23.31,-6.72,Noise,Right
1705996498674,-0.53436,0.035624,0.945744,-25.2,4.13,-11.97,Noise,Right
1705996498674,-0.535824,0.07564,0.919392,-6.51,20.3,-10.64,Noise,Right
1705996498674,-0.628544,0.072224,0.842776,16.03,15.12,-4.55,Noise,Right
1705996498727,-0.68808,0.084912,0.756888,42.7,-15.05,3.57,Noise,Right
1705996498727,-0.628544,0.123952,0.744688,38.78,-51.66,13.37,Noise,Right
1705996498727,-0.620736,0.103456,0.770064,11.97,-83.86,26.95,Noise,Right
1705996498823,-0.522648,0.12688,0.792024,6.51,-90.72,31.08,Noise,Right
1705996498823,-0.479704,0.160064,0.847656,-20.3,-73.43,23.03,Noise,Right
1705996498824,-0.44164,0.142984,0.879864,-37.17,-32.48,2.59,Noise,Right
1705996498824,-0.457256,0.083448,0.941352,-53.97,6.93,-14.35,Noise,Right
1705996498824,-0.47336,0.060512,0.963312,-50.4,39.2,-25.06,Noise,Right
1705996498875,-0.50264,0.038064,0.914512,-33.46,64.05,-27.23,Noise,Right
1705996498875,-0.62464,0.02928,0.859368,-13.44,51.31,-15.12,Noise,Right
1705996498875,-0.716384,0.018544,0.789096,16.8,-0.21,-0.42,Noise,Right
1705996498926,-0.708088,0.047336,0.762256,29.05,-63.14,12.18,Noise,Right
1705996498926,-0.6344,0.019032,0.771528,10.92,-115.92,32.76,Noise,Right
1705996498926,-0.548512,0.050752,0.747616,-11.55,-137.62,48.72,Noise,Right
1705996499023,-0.502152,0.050264,0.7442,-55.58,-131.88,40.53,Noise,Right
1705996499024,-0.502152,-0.026352,0.877424,-81.97,-103.04,6.51,Noise,Right
1705996499024,-0.41968,-0.0366,1.00528,-85.75,-56.7,-23.03,Noise,Right
1705996499024,-0.404064,-0.084912,1.068232,-70.07,-18.2,-32.55,Noise,Right
1705996499024,-0.350384,-0.015616,1.033584,-44.8,14.91,-31.78,Noise,Right
1705996499025,-0.37088,-0.016104,0.986736,-23.52,26.04,-29.61,Noise,Right
1705996499126,-0.46848,-0.011712,0.933056,-5.74,10.78,-11.13,Noise,Right
1705996499126,-0.468968,0.022936,0.908656,7.0,-25.76,14.91,Noise,Right
1705996499126,-0.467504,-0.03416,0.921832,-8.19,-76.44,45.29,Noise,Right
1705996499126,-0.433832,-0.06588,0.96624,-17.15,-121.17,64.05,Noise,Right
1705996499126,-0.323056,-0.044896,1.057984,-10.36,-141.68,60.13,Noise,Right
1705996499126,-0.32696,-0.10736,1.097512,-13.02,-133.98,22.12,Noise,Right
1705996499170,-0.307928,-0.117608,1.13216,-3.64,-101.36,-23.1,Noise,Right
1705996499171,-0.230824,-0.08052,1.140456,-0.49,-54.88,-60.27,Noise,Right
1705996499171,-0.230336,-0.08296,1.152656,-3.01,-13.37,-71.61,Noise,Right
1705996499221,-0.25376,-0.0122,1.135088,4.62,11.2,-56.84,Noise,Right
1705996499227,-0.279624,0.029768,1.098,14.7,11.2,-28.21,Noise,Right
1705996499262,-0.266936,0.028792,1.067256,21.07,-9.1,5.74,Noise,Right
1705996499264,-0.26352,0.028304,1.086776,10.99,-41.51,33.25,Noise,Right
1705996499264,-0.203984,-0.018544,1.109712,-1.33,-75.39,43.33,Noise,Right
1705996499315,-0.187392,-0.0732,1.187792,-4.34,-103.88,32.27,Noise,Right
1705996499315,-0.144448,-0.101016,1.221464,19.18,-102.69,-3.71,Noise,Right
1705996499315,-0.108824,-0.100528,1.238544,27.02,-77.14,-49.56,Noise,Right
1705996499433,-0.061488,-0.09272,1.227808,30.1,-30.52,-83.58,Noise,Right
1705996499433,-0.064416,0.003904,1.178032,26.39,17.08,-85.82,Noise,Right
1705996499433,-0.095648,0.05368,1.101416,32.69,52.78,-61.95,Noise,Right
1705996499434,-0.154208,0.076616,1.030168,39.55,67.34,-25.55,Noise,Right
1705996499434,-0.181048,0.062464,0.994056,44.59,62.86,12.53,Noise,Right
1705996499434,-0.180072,0.076616,1.009184,36.26,38.43,41.09,Noise,Right
1705996499434,-0.194224,0.033672,1.026752,18.2,-6.93,52.71,Noise,Right
1705996499483,-0.188368,0.057096,1.06872,29.19,-57.96,40.95,Noise,Right
1705996499483,-0.167872,0.020008,1.086288,45.43,-90.09,4.48,Noise,Right
1705996499483,-0.166408,-0.022448,1.0736,54.39,-83.02,-43.89,Noise,Right
1705996499533,-0.101992,0.025864,1.086776,47.11,-41.37,-81.34,Noise,Right
1705996499533,-0.08052,0.036112,1.089704,36.54,15.05,-90.65,Noise,Right
1705996499533,-0.083448,0.122488,1.048712,32.27,65.24,-70.98,Noise,Right
1705996499639,-0.136152,0.150792,0.99796,35.7,94.78,-36.26,Noise,Right
1705996499639,-0.18788,0.154696,0.977464,46.34,104.37,2.31,Noise,Right
1705996499639,-0.232288,0.152256,0.929152,49.7,92.61,32.55,Noise,Right
1705996499640,-0.233264,0.123464,0.915976,52.71,59.29,50.54,Noise,Right
1705996499640,-0.249856,0.086376,0.932568,54.95,8.54,47.11,Noise,Right
1705996499640,-0.247904,0.090768,0.943304,43.19,-47.39,17.57,Noise,Right
1705996499684,-0.317688,0.059048,0.960872,45.64,-85.4,-38.15,Noise,Right
1705996499684,-0.238144,0.109312,0.984784,44.87,-85.12,-92.89,Noise,Right
1705996499684,-0.155672,0.140056,1.042856,33.67,-50.19,-121.66,Noise,Right
1705996499729,-0.135176,0.17812,1.060912,20.09,2.03,-106.19,Noise,Right
1705996499730,-0.152744,0.20252,1.02236,20.02,51.03,-65.17,Noise,Right
1705996499730,-0.22448,0.217648,0.964288,28.21,80.71,-17.01,Noise,Right
1705996499776,-0.293776,0.21228,0.914512,43.4,88.2,22.47,Noise,Right
1705996499776,-0.306464,0.223016,0.900848,41.72,70.7,45.01,Noise,Right
1705996499824,-0.310368,0.180072,0.922808,30.1,26.18,46.83,Noise,Right
1705996499826,-0.30988,0.194712,0.88328,19.95,-42.63,19.04,Noise,Right
1705996499826,-0.380152,0.118584,0.927688,31.71,-100.52,-42.84,Noise,Right
1705996499871,-0.295728,0.124928,0.978928,37.45,-106.26,-105.77,Noise,Right
1705996499871,-0.20252,0.218624,1.016992,29.19,-58.66,-140.21,Noise,Right
1705996499871,-0.167872,0.271328,1.022848,10.57,9.73,-127.54,Noise,Right
1705996499921,-0.223992,0.284992,0.955992,11.48,72.17,-79.31,Noise,Right
1705996499921,-0.304512,0.27084,0.870592,14.84,107.24,-17.08,Noise,Right
1705996499921,-0.396256,0.269376,0.845704,26.88,110.04,34.16,Noise,Right
1705996499964,-0.374784,0.272304,0.819352,26.95,77.49,57.4,Noise,Right
1705996499964,-0.43676,0.179096,0.7808,26.74,12.81,53.69,Noise,Right
1705996500013,-0.503128,0.176656,0.738832,30.03,-59.22,20.86,Noise,Right
1705996500013,-0.412848,0.151768,0.710528,63.35,-93.31,-31.01,Noise,Right
1705996500014,-0.371368,0.213744,0.746152,8.47,-87.22,-71.61,Noise,Right
1705996500059,-0.372344,0.233752,0.77104,-13.51,-53.41,-77.35,Noise,Right
1705996500060,-0.372832,0.298656,0.82228,-25.69,-37.59,-22.05,Noise,Right
1705996500060,-0.292312,0.26352,0.895968,-13.3,-23.94,35.98,Noise,Right
1705996500106,-0.22692,0.20984,0.943304,-15.82,-3.57,39.83,Noise,Right
1705996500106,-0.315248,0.175192,0.943792,-22.12,6.16,20.72,Noise,Right
1705996500107,-0.385032,0.215696,0.932568,-19.95,-16.38,12.25,Noise,Right
1705996500153,-0.250344,0.272304,0.921344,11.69,-31.85,-3.5,Noise,Right
1705996500153,-0.19032,0.285968,0.945744,3.57,-39.48,-11.27,Noise,Right
1705996500200,-0.137616,0.325008,0.960872,-6.09,-39.06,-8.47,Noise,Right
1705996500201,-0.14396,0.279136,0.9882,-15.68,-41.93,-5.11,Noise,Right
1705996500201,-0.154208,0.284504,1.016504,-21.42,-46.06,-1.68,Noise,Right
1705996500253,-0.160552,0.284504,1.030656,-24.01,-42.21,0.42,Noise,Right
1705996500254,-0.245952,0.230336,1.033096,-19.95,-33.88,-1.26,Noise,Right
1705996500254,-0.278648,0.218136,1.045296,-12.04,-32.76,-10.43,Noise,Right
1705996500306,-0.280112,0.212768,1.057984,-23.45,-35.91,-14.77,Noise,Right
1705996500307,-0.245464,0.1708,1.0858,-29.12,-32.62,-11.62,Noise,Right
1705996500307,-0.174704,0.137616,1.079456,-20.02,-18.62,-14.07,Noise,Right
1705996500425,-0.135664,0.188368,1.059448,-47.39,-8.82,-8.89,Noise,Right
1705996500425,-0.116144,0.201544,1.039928,-19.81,-5.6,-7.84,Noise,Right
1705996500426,-0.122976,0.181048,1.016016,-11.41,-6.37,-6.37,Noise,Right
1705996500426,-0.169336,0.156648,0.98088,-23.73,-6.86,-8.47,Noise,Right
1705996500426,-0.2074,0.138592,0.95648,-22.82,-2.31,-7.77,Noise,Right
1705996500426,-0.220088,0.147376,0.96868,-16.94,-1.75,-5.88,Noise,Right
1705996500426,-0.230824,0.143472,0.952088,-12.18,-1.05,-3.78,Noise,Right
1705996500560,-0.227408,0.130296,0.959896,-10.99,0.35,-1.68,Noise,Right
1705996500560,-0.20984,0.134688,0.976976,-11.27,0.7,0.63,Noise,Right
1705996500560,-0.159088,0.113704,0.99796,-15.75,-1.26,1.89,Noise,Right
1705996500560,-0.172752,0.111264,1.02236,-29.82,-3.85,0.63,Noise,Right
1705996500561,-0.198616,0.102968,0.984784,-0.35,-3.08,0.7,Noise,Right
1705996500561,-0.223992,0.11468,0.95404,15.26,-4.41,0.42,Noise,Right
1705996500606,-0.219112,0.138592,0.967216,8.96,-5.25,2.52,Noise,Right
1705996500606,-0.20252,0.106872,0.978928,10.92,-5.39,6.65,Noise,Right
1705996500607,-0.142496,0.113704,1.009672,10.29,-6.09,13.51,Noise,Right
1705996500607,-0.097112,0.091256,1.021872,5.53,-5.81,17.78,Noise,Right
1705996500607,-0.06344,0.142496,1.072624,3.92,-4.83,22.4,Noise,Right
1705996500654,-0.085888,0.127368,1.060424,-1.75,-4.27,20.23,Noise,Right
1705996500655,-0.001464,0.145912,1.050176,7.49,-3.5,17.92,Noise,Right
1705996500655,-0.178608,0.170312,1.035536,8.89,-5.53,10.99,Noise,Right
1705996500707,-0.19032,0.14396,1.036024,10.85,-8.19,11.69,Noise,Right
1705996500707,-0.228872,0.099064,1.038464,11.34,-5.95,16.94,Noise,Right
1705996500707,-0.215696,0.10736,1.052128,19.18,-0.42,28.49,Noise,Right
1705996500766,-0.140544,0.149328,1.042856,17.43,4.62,41.16,Noise,Right
1705996500767,-0.15128,0.170312,1.016016,16.03,6.93,44.66,Noise,Right
1705996500767,-0.19764,0.209352,1.001864,15.26,6.09,39.69,Noise,Right
1705996500875,-0.101992,0.133712,0.996496,21.35,5.53,33.95,Noise,Right
1705996500876,-0.177632,0.142008,1.0004,5.53,4.48,24.71,Noise,Right
1705996500876,-0.157136,0.1708,0.98576,15.47,8.82,16.59,Noise,Right
1705996500877,-0.154696,0.198616,0.954528,15.26,16.87,12.6,Noise,Right
1705996500877,-0.16104,0.203008,0.94672,7.91,29.96,20.58,Noise,Right
1705996500878,-0.138104,0.218624,0.914512,1.96,56.56,31.08,Noise,Right
1705996500878,-0.17568,0.255224,0.854,-13.93,85.54,45.08,Noise,Right
1705996500973,-0.223016,0.2318,0.814472,-25.34,103.39,58.24,Noise,Right
1705996500973,-0.30012,0.231312,0.787144,-30.1,101.29,67.76,Noise,Right
1705996500974,-0.303048,0.204472,0.778848,-31.22,79.45,71.19,Noise,Right
1705996500974,-0.3294,0.186904,0.839848,-38.99,42.7,66.78,Noise,Right
1705996500974,-0.316224,0.10736,0.925736,-43.4,21.42,54.74,Noise,Right
1705996500974,-0.298168,0.07808,0.994056,-47.53,23.59,38.22,Noise,Right
1705996501027,-0.265472,0.05856,1.007232,-42.91,51.1,26.74,Noise,Right
1705996501028,-0.25864,0.105408,0.987712,-43.33,89.11,23.31,Noise,Right
1705996501028,-0.282064,0.138104,0.95404,-50.61,121.17,29.33,Noise,Right
1705996501076,-0.328912,0.158112,0.931104,-52.57,137.34,40.74,Noise,Right
1705996501076,-0.369904,0.171776,0.907192,-47.11,136.57,50.68,Noise,Right
1705996501077,-0.396744,0.150792,0.894504,-45.08,119.84,57.61,Noise,Right
1705996501175,-0.452376,0.091744,0.918904,-44.17,94.57,56.98,Noise,Right
1705996501176,-0.542168,0.05124,0.931104,-40.46,72.66,46.27,Noise,Right
1705996501176,-0.552904,0.033184,0.913536,-28.35,65.45,24.85,Noise,Right
1705996501176,-0.542656,0.057096,0.870592,-26.53,73.01,-0.35,Noise,Right
1705996501176,-0.536312,0.08296,0.83936,-37.94,85.19,-19.67,Noise,Right
1705996501281,-0.564128,0.0854,0.84668,-47.39,91.0,-25.69,Noise,Right
1705996501281,-0.596336,0.077104,0.869128,-53.2,85.33,-18.27,Noise,Right
1705996501282,-0.631472,0.057584,0.896456,-44.52,70.84,-2.03,Noise,Right
1705996501283,-0.640744,0.040992,0.882304,-33.11,53.13,16.66,Noise,Right
1705996501283,-0.630008,0.050752,0.859368,-22.68,39.62,29.4,Noise,Right
1705996501283,-0.647576,0.057584,0.820816,-16.31,34.37,30.66,Noise,Right
1705996501283,-0.682224,0.035624,0.800808,-11.62,36.89,23.8,Noise,Right
1705996501380,-0.7564,0.016104,0.793976,-11.62,40.88,11.97,Noise,Right
1705996501383,-0.769088,-0.000488,0.830088,-13.51,44.24,1.61,Noise,Right
1705996501383,-0.755912,0.0244,0.855464,-13.3,46.27,-4.69,Noise,Right
1705996501383,-0.749568,0.046848,0.850096,-7.7,49.35,-7.21,Noise,Right
1705996501383,-0.747616,0.06344,0.815448,-1.61,54.53,-6.02,Noise,Right
1705996501430,-0.774944,0.061488,0.756888,1.75,60.76,-3.57,Noise,Right
1705996501430,-0.804712,0.047336,0.71736,2.73,63.63,0.35,Noise,Right
1705996501430,-0.850584,0.039528,0.6832,2.17,59.15,4.62,Noise,Right
1705996501478,-0.847168,0.055632,0.674416,1.68,46.9,9.52,Noise,Right
1705996501478,-0.862296,0.041968,0.672952,4.41,31.99,14.0,Noise,Right
1705996501478,-0.870592,0.035624,0.68808,8.12,18.41,15.89,Noise,Right
1705996501523,-0.865712,0.01952,0.7198,8.05,9.45,14.42,Noise,Right
1705996501523,-0.823256,0.025376,0.739808,10.01,12.53,12.67,Noise,Right
1705996501523,-0.803248,0.057584,0.73688,9.73,29.47,12.6,Noise,Right
1705996501569,-0.801784,0.067832,0.698816,9.8,53.76,15.75,Noise,Right
1705996501569,-0.782752,0.111752,0.661728,9.52,73.71,21.42,Noise,Right
1705996501569,-0.822768,0.101504,0.635864,11.34,80.64,26.67,Noise,Right
1705996501628,-0.843264,0.137128,0.5856,21.63,54.74,27.86,Noise,Right
1705996501629,-0.854488,0.123952,0.5368,27.23,48.3,25.34,Noise,Right
1705996501629,-0.86132,0.099552,0.517768,31.15,23.87,19.88,Noise,Right
1705996501683,-0.85888,0.106384,0.515328,33.18,6.09,11.13,Noise,Right
1705996501683,-0.793488,0.13664,0.52948,30.38,4.13,1.4,Noise,Right
1705996501683,-0.765672,0.130784,0.548024,21.98,21.98,-4.34,Noise,Right
1705996501794,-0.756888,0.167384,0.545584,15.54,55.72,-1.47,Noise,Right
1705996501795,-0.751032,0.181536,0.494344,14.84,95.55,4.97,Noise,Right
1705996501795,-0.847656,0.15372,0.433832,15.12,114.31,12.6,Noise,Right
1705996501795,-0.918416,0.143472,0.366,28.84,96.11,16.03,Noise,Right
1705996501795,-0.93208,0.132248,0.310368,38.92,52.78,12.46,Noise,Right
1705996501795,-0.929152,0.142496,0.284992,40.11,1.4,3.71,Noise,Right
1705996501795,-0.910608,0.107848,0.284016,37.8,-36.75,-9.31,Noise,Right
1705996501903,-0.88816,0.09272,0.313784,29.19,-58.31,-19.39,Noise,Right
1705996501906,-0.816424,0.115656,0.374296,16.87,-56.49,-26.11,Noise,Right
1705996501911,-0.798856,0.107848,0.418216,11.2,-36.54,-28.56,Noise,Right
1705996501914,-0.83692,0.10492,0.444568,3.64,-5.11,-23.24,Noise,Right
1705996501914,-0.899872,0.12932,0.42212,-4.9,24.85,-15.33,Noise,Right
1705996501914,-0.979904,0.11712,0.362584,-3.71,34.09,-8.54,Noise,Right
1705996501949,-1.021384,0.133712,0.266936,9.24,13.93,-2.94,Noise,Right
1705996501949,-1.001864,0.116632,0.228384,17.92,-28.28,-1.61,Noise,Right
1705996501949,-0.954528,0.07808,0.252784,13.44,-69.58,-4.83,Noise,Right
1705996502085,-0.909632,0.076128,0.305,5.53,-99.12,-9.31,Noise,Right
1705996502086,-0.791048,0.072712,0.409432,-5.18,-113.12,-12.25,Noise,Right
1705996502086,-0.699304,0.101992,0.520696,-14.14,-102.34,-13.72,Noise,Right
1705996502086,-0.711504,0.08784,0.569008,-15.26,-70.84,-17.08,Noise,Right
1705996502086,-1.511336,0.371368,0.510936,-22.33,-36.26,-7.7,Noise,Right
1705996502086,-0.999912,0.196176,0.639768,-20.93,-36.47,8.26,Noise,Right
1705996502086,-0.886696,0.045872,0.651968,-33.25,-37.17,3.99,Noise,Right
1705996502135,-0.891576,0.106384,0.535336,-9.03,-27.16,6.58,Noise,Right
1705996502136,-0.870104,0.182024,0.468968,-0.35,-27.3,1.89,Noise,Right
1705996502136,-0.809104,0.101992,0.47092,0.49,-42.21,-2.24,Noise,Right
1705996502136,-0.72712,0.098088,0.481656,3.29,-89.11,-6.3,Noise,Right
1705996502263,-0.671976,0.099552,0.517768,-7.42,-102.55,-10.36,Noise,Right
1705996502263,-0.645624,0.088328,0.55388,-15.19,-108.22,-16.45,Noise,Right
1705996502264,-0.809592,0.084912,0.684664,-12.53,-96.25,2.8,Noise,Right
1705996502264,-0.818376,-0.010248,0.735416,-40.74,-70.0,2.73,Noise,Right
1705996502264,-0.773968,0.02196,0.815448,-49.35,-49.56,1.05,Noise,Right
1705996502265,-0.774944,-0.010248,0.870104,-50.89,-24.78,4.69,Noise,Right
1705996502265,-0.737368,0.018056,0.875472,-41.93,-11.76,10.57,Noise,Right
1705996502400,-0.697352,0.0366,0.844728,-26.25,-12.53,12.11,Noise,Right
1705996502401,-0.699792,0.052704,0.772504,-3.43,-17.92,6.16,Noise,Right
1705996502401,-0.671,0.044408,0.752008,5.25,-30.94,1.33,Noise,Right
1705996502401,-0.675392,0.037576,0.753472,9.59,-42.7,-0.77,Noise,Right
1705996502401,-0.667584,0.0244,0.740296,7.42,-48.86,-0.42,Noise,Right
1705996502401,-0.703208,0.014152,0.759328,2.17,-47.95,1.61,Noise,Right
1705996502401,-0.691496,0.027328,0.806176,-2.94,-39.69,3.08,Noise,Right
1705996502401,-0.682224,0.016592,0.867176,-8.47,-24.5,2.31,Noise,Right
1705996502507,-0.683688,0.00976,0.89548,-9.94,-6.16,0.49,Noise,Right
1705996502507,-0.67588,0.020984,0.896456,-5.46,7.42,-2.59,Noise,Right
1705996502507,-0.67344,0.02928,0.861808,1.68,10.78,-5.88,Noise,Right
1705996502507,-0.662216,0.061976,0.805688,8.4,4.69,-8.75,Noise,Right
1705996502507,-0.660752,0.084912,0.729072,22.54,-9.38,-10.78,Noise,Right
1705996502507,-0.619272,0.077592,0.71004,19.18,-29.19,-11.13,Noise,Right
1705996502507,-0.58804,0.057584,0.725168,9.52,-43.19,-10.15,Noise,Right
1705996502612,-0.587552,0.025376,0.757864,-1.47,-50.33,-10.22,Noise,Right
1705996502612,-0.577304,0.015616,0.782264,-7.0,-47.6,-11.55,Noise,Right
1705996502612,-0.599264,-0.015616,0.818376,-13.37,-35.77,-13.86,Noise,Right
1705996502612,-0.633424,-0.030744,0.842776,-15.89,-15.4,-11.76,Noise,Right
1705996502613,-0.637328,-0.028304,0.853512,-18.41,5.67,-5.67,Noise,Right
1705996502613,-0.683688,-0.01708,0.826184,-16.38,21.84,3.71,Noise,Right
1705996502660,-0.706136,0.001464,0.780312,-7.84,22.05,13.37,Noise,Right
1705996502660,-0.7686,0.021472,0.702232,6.58,4.27,19.32,Noise,Right
1705996502660,-0.759816,0.02684,0.661728,17.92,-29.19,20.23,Noise,Right
1705996502707,-0.715896,0.009272,0.7076,10.92,-64.47,20.86,Noise,Right
1705996502707,-0.671,0.008784,0.770552,4.69,-84.0,20.23,Noise,Right
1705996502707,-0.63196,0.006344,0.818376,4.55,-95.41,17.43,Noise,Right
1705996502756,-0.576328,0.025864,0.865712,-0.28,-104.02,11.76,Noise,Right
1705996502757,-0.496784,0.029768,0.928664,-7.77,-91.07,3.92,Noise,Right
1705996502800,-0.44164,0.033672,0.98088,-12.39,-60.48,-1.33,Noise,Right
1705996502800,-0.388448,0.03904,1.015528,-15.05,-17.92,-1.12,Noise,Right
1705996502801,-0.360632,0.027816,1.015528,-15.89,25.62,1.89,Noise,Right
1705996502847,-0.361608,0.032696,0.982344,-14.14,56.28,6.3,Noise,Right
1705996502847,-0.409432,0.051728,0.914512,-7.0,67.13,7.91,Noise,Right
1705996502847,-0.469944,0.041968,0.831552,3.85,54.18,5.46,Noise,Right
1705996502896,-0.555832,0.04392,0.760304,14.77,14.91,-1.33,Noise,Right
1705996502896,-0.588528,-0.013176,0.753472,20.16,-44.59,-9.73,Noise,Right
1705996502896,-0.611464,-0.018544,0.779824,20.93,-104.37,-18.83,Noise,Right
1705996502940,-0.543632,-0.000976,0.83692,16.03,-142.38,-30.94,Noise,Right
1705996502940,-0.498736,-0.009272,0.916464,7.7,-148.26,-44.94,Noise,Right
1705996502985,-0.40748,-0.00244,0.982832,-0.35,-119.0,-52.29,Noise,Right
1705996502985,-0.323056,0.036112,1.016504,-13.3,-61.25,-48.44,Noise,Right
1705996502985,-0.289872,0.033672,1.0126,-25.34,9.73,-34.44,Noise,Right
1705996503031,-0.360144,0.076128,1.02968,-9.87,76.16,4.97,Noise,Right
1705996503031,-0.420656,-0.014152,0.930616,-27.65,130.06,20.79,Noise,Right
1705996503031,-0.562176,0.00732,0.830088,-10.78,143.85,30.03,Noise,Right
1705996503078,-0.704672,-0.00732,0.776896,4.83,110.46,34.72,Noise,Right
1705996503079,-0.770064,-0.059536,0.77592,11.2,38.43,38.36,Noise,Right
1705996503126,-0.7442,-0.096624,0.810568,11.97,-51.17,43.82,Noise,Right
1705996503127,-0.676856,-0.04636,0.895968,5.53,-125.58,39.2,Noise,Right
1705996503127,-0.536312,-0.056608,1.018456,5.04,-158.41,21.28,Noise,Right
1705996503173,-0.392352,-0.09516,1.1346,4.62,-139.93,-1.96,Noise,Right
1705996503173,-0.2806,-0.045384,1.173152,-2.24,-73.01,-17.92,Noise,Right
1705996503173,-0.201544,0.00976,1.157536,-10.5,23.31,-25.27,Noise,Right
1705996503220,-0.223992,0.042456,1.096048,-15.05,122.29,-25.76,Noise,Right
1705996503221,-0.391864,0.0732,0.95892,-10.92,191.66,-15.19,Noise,Right
1705996503221,-0.554368,0.067344,0.815936,10.57,206.92,-2.03,Noise,Right
1705996503268,-0.716872,0.053192,0.730048,35.0,162.19,11.62,Noise,Right
1705996503269,-0.911096,0.232288,0.418704,48.44,71.61,26.39,Noise,Right
1705996503269,-0.61732,-0.108824,0.7198,65.8,-52.01,29.54,Noise,Right
1705996503315,-0.640744,0.11712,0.7686,19.74,-131.39,25.55,Noise,Right
1705996503315,-0.572912,0.056608,0.865712,32.41,-159.53,-0.07,Noise,Right
1705996503363,-0.476288,0.02196,1.00284,25.76,-140.35,-26.18,Noise,Right
1705996503363,-0.392352,0.001952,1.04432,5.67,-75.32,-41.93,Noise,Right
1705996503363,-0.321104,0.074664,1.016504,-12.6,13.23,-42.07,Noise,Right
1705996503414,-0.33672,0.110288,1.001376,-30.8,97.09,-27.79,Noise,Right
1705996503414,-0.413824,0.117608,0.937448,-29.33,155.54,-0.49,Noise,Right
1705996503414,-0.501176,0.116632,0.826184,-5.67,175.63,27.93,Noise,Right
1705996503475,-0.61488,0.11468,0.711016,20.02,148.96,46.48,Noise,Right
1705996503475,-0.664168,0.07808,0.642696,29.82,83.02,55.86,Noise,Right
1705996503475,-0.702232,0.063928,0.643184,34.93,5.04,54.25,Noise,Right
1705996503475,-0.66856,0.045384,0.6954,33.39,-59.57,39.83,Noise,Right
1705996503519,-0.620248,0.028304,0.772016,35.21,-90.93,13.09,Noise,Right
1705996503520,-0.57096,0.017568,0.8906,9.87,-83.86,-14.63,Noise,Right
1705996503566,-0.520696,0.040992,0.924272,-11.62,-37.8,-36.68,Noise,Right
1705996503567,-0.522648,0.055632,0.957456,-24.36,28.35,-42.63,Noise,Right
1705996503567,-0.536312,0.082472,0.93452,-13.93,114.1,-19.88,Noise,Right
1705996503614,-0.5978,0.074664,0.843264,7.56,140.77,6.58,Noise,Right
1705996503614,-0.652944,0.067832,0.743224,25.62,131.6,28.84,Noise,Right
1705996503614,-0.706624,0.045872,0.672464,35.77,92.68,35.63,Noise,Right
1705996503660,-0.74908,0.009272,0.645624,39.13,43.68,26.46,Noise,Right
1705996503660,-0.7808,-0.045384,0.672952,33.11,8.05,8.33,Noise,Right
1705996503714,-0.753472,-0.018544,0.70272,21.56,-0.56,-12.74,Noise,Right
1705996503714,-0.75884,-0.006344,0.742736,9.73,15.19,-31.71,Noise,Right
1705996503714,-0.841312,-0.003416,0.772504,-0.77,40.25,-39.55,Noise,Right
1705996503768,-0.838872,0.062952,0.7808,6.79,63.14,-36.75,Noise,Right
1705996503768,-0.833992,0.116632,0.7564,21.49,71.54,-28.07,Noise,Right
1705996503768,-0.821304,0.13176,0.701744,33.04,64.26,-11.34,Noise,Right
1705996503768,-0.785192,0.1464,0.632448,45.29,50.54,0.56,Noise,Right
1705996503819,-0.780312,0.143472,0.572912,50.05,37.8,3.71,Noise,Right
1705996503820,-0.823744,0.072224,0.542656,46.41,28.77,-0.14,Noise,Right
1705996503820,-0.876448,0.040016,0.5124,36.82,24.01,-3.08,Noise,Right
1705996503939,-0.877424,0.038064,0.491416,22.75,22.68,-0.7,Noise,Right
1705996503939,-0.794952,0.07564,0.520208,10.29,27.09,6.79,Noise,Right
1705996503940,-0.737368,0.095648,0.567544,6.51,38.92,12.18,Noise,Right
1705996503940,-0.711016,0.14152,0.578768,14.56,55.65,7.84,Noise,Right
1705996503940,-0.741272,0.140056,0.570472,23.1,59.64,-2.45,Noise,Right
1705996503940,-0.736392,0.149816,0.528992,25.62,51.8,-9.87,Noise,Right
1705996503941,-0.753472,0.142008,0.490928,28.14,36.54,-15.12,Noise,Right
1705996503986,-0.784216,0.120536,0.447496,28.07,22.19,-17.99,Noise,Right
1705996503986,-0.81252,0.097112,0.42212,20.86,11.41,-17.85,Noise,Right
1705996504031,-0.776896,0.144448,0.38796,10.08,8.26,-14.56,Noise,Right
1705996504031,-0.769088,0.182024,0.387472,4.83,8.47,-9.38,Noise,Right
1705996504031,-0.77836,0.166896,0.390888,6.65,2.52,-1.4,Noise,Right
1705996504078,-0.765184,0.18544,0.406504,6.79,-12.25,7.56,Noise,Right
1705996504078,-0.776896,0.171776,0.459208,9.59,-28.63,9.59,Noise,Right
1705996504078,-0.83936,0.138592,0.501176,10.85,-41.79,1.47,Noise,Right
1705996504126,-0.879376,0.091744,0.528504,9.24,-48.72,-11.76,Noise,Right
1705996504127,-1.15656,0.333792,0.417728,41.93,-56.42,8.05,Noise,Right
1705996504127,-0.92232,0.042944,0.538264,-13.23,-54.11,4.9,Noise,Right
1705996504186,-0.990152,0.101016,0.595848,-7.35,-34.44,2.94,Noise,Right
1705996504186,-0.857416,0.105896,0.584624,-10.01,-17.78,-3.22,Noise,Right
1705996504186,-0.826672,0.089792,0.52216,-7.21,-19.39,-1.96,Noise,Right
1705996504230,-0.774944,0.106384,0.462624,-11.69,-32.06,1.68,Noise,Right
1705996504230,-0.742248,0.040504,0.449936,-34.23,-61.67,2.8,Noise,Right
1705996504230,-0.780312,-0.040992,0.531432,-10.99,-83.02,-9.66,Noise,Right
1705996504278,-0.854488,0.037576,0.372832,-46.27,-98.0,-14.14,Noise,Right
1705996504278,-0.72956,0.114192,0.416752,-78.47,-100.87,-14.77,Noise,Right
1705996504279,-0.725168,0.077592,0.498248,-91.7,-96.95,-20.23,Noise,Right
1705996504331,-0.67588,0.064416,0.598288,-90.79,-92.96,-16.8,Noise,Right
1705996504331,-0.721752,-0.023912,0.664168,-75.39,-93.66,-10.01,Noise,Right
1705996504331,-0.615856,0.018056,0.677344,-49.56,-95.41,-9.17,Noise,Right
1705996504455,-0.624152,-0.00976,0.696376,-46.2,-103.53,-8.47,Noise,Right
1705996504455,-0.56852,-0.019032,0.693448,-55.58,-129.15,-5.81,Noise,Right
1705996504455,-0.598288,-0.205448,0.847656,-89.32,-157.64,-8.12,Noise,Right
1705996504455,-0.625128,-0.194224,0.982832,-91.14,-170.52,-20.44,Noise,Right
1705996504455,-0.5002,-0.272304,1.025776,-21.77,-158.55,-35.77,Noise,Right
1705996504455,-0.47336,-0.167384,1.021872,-39.41,-142.52,-46.06,Noise,Right
1705996504455,-0.43188,-0.112728,1.015528,-29.54,-117.39,-52.57,Noise,Right
1705996504554,-0.330864,-0.074176,1.037976,-25.76,-94.99,-42.42,Noise,Right
1705996504554,-0.286944,-0.030744,1.072624,-19.25,-72.66,-22.47,Noise,Right
1705996504554,-0.261568,-0.032208,1.073112,-5.67,-59.08,-4.13,Noise,Right
1705996504554,-0.303048,-0.032208,1.03944,10.22,-49.14,15.75,Noise,Right
1705996504555,-0.345992,-0.061976,1.01016,23.8,-45.43,30.03,Noise,Right
1705996504555,-0.384056,-0.155184,1.038952,22.68,-56.91,43.26,Noise,Right
1705996504601,-0.441152,-0.22448,1.087752,21.42,-75.81,49.21,Noise,Right
1705996504601,-0.354288,-0.150304,1.083848,23.31,-96.18,30.38,Noise,Right
1705996504601,-0.390888,-0.109312,1.11752,21.98,-111.09,-14.0,Noise,Right
1705996504648,-0.11468,-0.086864,1.077992,-0.63,-99.96,-47.04,Noise,Right
1705996504649,-0.272792,-0.1708,1.125328,-0.28,-78.61,-78.82,Noise,Right
1705996504694,-0.130296,-0.088328,1.1712,-4.76,-38.64,-72.73,Noise,Right
1705996504694,-0.202032,-0.06588,1.118496,-18.76,2.59,-41.65,Noise,Right
1705996504695,-0.244,0.001464,1.025288,3.36,30.52,1.96,Noise,Right
1705996504741,-0.210328,-0.038552,0.951112,6.3,45.29,29.96,Noise,Right
1705996504741,-0.27328,-0.044408,0.919392,12.32,45.57,44.45,Noise,Right
1705996504741,-0.267912,-0.07808,0.92964,10.71,30.59,48.51,Noise,Right
1705996504786,-0.296216,-0.181048,1.018456,8.82,-0.14,45.5,Noise,Right
1705996504787,-0.299144,-0.154696,1.01748,12.53,-39.13,28.56,Noise,Right
1705996504787,-0.264496,-0.116632,0.991128,12.67,-74.69,-7.42,Noise,Right
1705996504842,-0.237168,-0.15128,1.031144,6.09,-88.83,-53.55,Noise,Right
1705996504842,-0.220576,-0.1586,1.072624,3.92,-72.38,-86.59,Noise,Right
1705996504894,-0.179096,-0.127368,1.112152,-6.65,-33.81,-87.64,Noise,Right
1705996504894,-0.133224,-0.044408,1.091168,-7.7,15.82,-56.42,Noise,Right
1705996504894,-0.168848,-0.01708,0.994056,-0.91,56.0,-19.39,Noise,Right
1705996504894,-0.032208,-0.122,1.005768,-22.82,70.63,29.05,Noise,Right
1705996504944,-0.28792,-0.00244,0.898408,13.3,55.02,52.57,Noise,Right
1705996504945,-0.294752,-0.080032,0.913048,17.15,42.77,70.07,Noise,Right
1705996504945,-0.320128,-0.11468,0.97844,13.51,15.89,78.68,Noise,Right
1705996505006,-0.261568,-0.133712,1.0248,18.27,-18.34,69.65,Noise,Right
1705996505006,-0.228384,-0.098088,1.050176,18.97,-49.63,34.72,Noise,Right
1705996505006,-0.214232,-0.147376,1.057496,52.85,-66.99,-19.74,Noise,Right
1705996505128,-0.193248,-0.120536,1.041392,33.88,-70.49,-65.59,Noise,Right
1705996505129,-0.152256,-0.094184,1.060912,9.38,-52.57,-88.97,Noise,Right
1705996505129,-0.132248,-0.040992,1.09556,-4.06,-15.47,-84.14,Noise,Right
1705996505129,-0.139568,0.013664,1.051152,-0.7,24.08,-57.96,Noise,Right
1705996505130,-0.189832,0.0244,0.992104,-0.7,51.59,-19.53,Noise,Right
1705996505130,-0.245464,0.003416,0.915,10.5,64.89,18.13,Noise,Right
1705996505131,-0.281576,0.024888,0.849608,14.98,60.34,47.11,Noise,Right
1705996505178,-0.257664,-0.00244,0.868152,6.51,39.27,69.37,Noise,Right
1705996505178,-0.274256,-0.035624,0.918904,-4.34,10.29,80.78,Noise,Right
1705996505178,-0.260104,-0.069784,0.968192,-8.12,-19.6,69.65,Noise,Right
1705996505179,-0.24644,-0.089792,1.042856,0.28,-42.21,36.61,Noise,Right
1705996505273,-0.214232,-0.095648,1.074576,3.78,-51.52,-8.89,Noise,Right
1705996505273,-0.190808,-0.088816,1.096048,3.71,-46.48,-49.07,Noise,Right
1705996505273,-0.157136,-0.074176,1.10776,-0.7,-30.1,-66.92,Noise,Right
1705996505273,-0.167384,-0.030256,1.083848,-4.9,-8.96,-61.18,Noise,Right
1705996505275,-0.196664,-0.000976,1.03456,-2.31,11.62,-39.34,Noise,Right
1705996505373,-0.247904,-0.009272,0.994056,3.85,24.57,-9.38,Noise,Right
1705996505374,-0.274744,0.000976,0.962824,9.31,27.44,19.81,Noise,Right
1705996505374,-0.260592,-0.007808,0.965752,16.73,20.79,42.42,Noise,Right
1705996505374,-0.273768,-0.04148,1.024312,13.23,2.73,56.77,Noise,Right
1705996505374,-0.272304,-0.047336,1.069208,6.65,-25.13,49.84,Noise,Right
1705996505375,-0.232288,-0.061,1.091168,6.51,-45.57,20.93,Noise,Right
1705996505426,-0.218136,-0.0488,1.098,3.43,-57.54,-20.65,Noise,Right
1705996505426,-0.203984,-0.075152,1.115568,0.14,-51.24,-56.63,Noise,Right
1705996505426,-0.1586,-0.034648,1.12972,-1.54,-30.03,-72.03,Noise,Right
1705996505558,-0.166408,-0.022936,1.121424,-7.77,-3.36,-63.91,Noise,Right
1705996505558,-0.218624,-0.025864,1.113616,-3.78,20.79,-37.94,Noise,Right
1705996505558,-0.244976,0.004392,1.08092,12.39,36.4,-3.5,Noise,Right
1705996505558,-0.262544,0.007808,1.05652,26.39,41.3,27.65,Noise,Right
1705996505559,-0.26108,-0.000488,1.058472,31.22,33.11,51.59,Noise,Right
1705996505559,-0.218136,-0.010736,1.109224,19.11,9.1,62.79,Noise,Right
1705996505559,-0.194224,-0.010248,1.144848,7.77,-19.39,50.12,Noise,Right
1705996505607,-0.205936,0.003416,1.123376,3.64,-48.86,9.87,Noise,Right
1705996505608,-0.202032,-0.018544,1.112152,14.91,-65.66,-44.66,Noise,Right
1705996505608,-0.189344,-0.084912,1.18096,14.14,-61.95,-86.8,Noise,Right
1705996505608,-0.158112,-0.04148,1.241472,12.6,-38.71,-98.28,Noise,Right
1705996505668,-0.124928,-0.00732,1.257576,14.35,-5.25,-81.83,Noise,Right
1705996505669,-0.170312,0.060024,1.203896,25.69,26.04,-51.31,Noise,Right
1705996505773,-0.17324,0.09028,1.123376,44.38,51.24,-20.65,Noise,Right
1705996505773,-0.192272,0.091744,1.060424,47.88,62.86,8.05,Noise,Right
1705996505773,-0.186904,0.093208,1.053592,41.37,59.08,30.94,Noise,Right
1705996505773,-0.200568,0.025864,1.069696,13.16,29.89,47.39,Noise,Right
1705996505773,-0.189344,0.024888,1.07116,11.9,-21.14,41.51,Noise,Right
1705996505773,-0.250832,0.041968,1.042368,17.64,-74.83,1.47,Noise,Right
1705996505773,-0.21472,0.008296,1.048712,38.5,-103.11,-52.43,Noise,Right
1705996505825,-0.131272,0.001464,1.090192,44.52,-91.14,-93.38,Noise,Right
1705996505825,-0.049288,0.059536,1.138992,35.98,-45.29,-104.72,Noise,Right
1705996505825,-0.008296,0.132736,1.132648,30.94,32.27,-88.55,Noise,Right
1705996505870,-0.0488,0.138104,1.08092,38.29,70.21,-56.07,Noise,Right
1705996505870,-0.0732,0.16592,0.990152,42.91,106.47,-19.18,Noise,Right
1705996505870,-0.143472,0.122976,0.911096,26.95,103.53,8.68,Noise,Right
1705996505917,-0.257664,0.061,0.828624,20.09,39.9,20.58,Noise,Right
1705996505917,-0.277184,0.065392,0.836432,31.92,-49.14,18.34,Noise,Right
1705996505918,-0.344528,0.07076,0.9028,45.15,-117.32,-2.73,Noise,Right
1705996505973,-0.241072,0.055144,0.959896,58.03,-128.03,-33.6,Noise,Right
1705996505973,-0.119072,0.11956,1.019432,47.95,-80.85,-62.58,Noise,Right
1705996505973,-0.003904,0.228384,1.047248,28.56,-0.07,-76.23,Noise,Right
1705996506027,-0.050264,0.210816,0.995032,16.87,81.06,-66.15,Noise,Right
1705996506027,-0.116632,0.169824,0.920856,16.94,134.4,-36.89,Noise,Right
1705996506029,-0.138592,0.202032,0.901824,17.15,148.05,-7.35,Noise,Right
1705996506147,-0.251808,0.15616,0.86864,11.55,108.71,6.72,Noise,Right
1705996506149,-0.38552,0.057096,0.8174,25.55,23.38,7.7,Noise,Right
1705996506149,-0.46116,0.054168,0.861808,30.73,-82.81,2.8,Noise,Right
1705996506149,-0.401136,0.09516,0.9394,55.58,-145.88,-18.76,Noise,Right
1705996506149,-0.263032,0.140544,1.020896,55.44,-140.0,-47.6,Noise,Right
1705996506150,-0.11224,0.199592,1.0736,34.3,-69.02,-66.78,Noise,Right
1705996506150,-0.043432,0.284016,1.048712,8.82,32.2,-67.83,Noise,Right
1705996506201,-0.115168,0.274744,0.952088,-7.21,120.4,-50.96,Noise,Right
1705996506205,-0.164944,0.282064,0.858392,-7.98,171.64,-27.65,Noise,Right
1705996506207,-0.235216,0.263032,0.834968,-1.05,182.91,-11.55,Noise,Right
1705996506243,-0.360144,0.130784,0.882304,-1.19,150.64,0.56,Noise,Right
1705996506243,-0.55388,0.055632,0.836432,1.61,77.07,14.0,Noise,Right
1705996506243,-0.734928,0.072224,0.80764,26.46,-23.87,13.58,Noise,Right
1705996506291,-0.640256,0.17568,0.757376,94.36,10.85,40.81,Noise,Right
1705996506291,-0.376736,0.27816,0.696864,-20.86,7.56,34.93,Noise,Right
1705996506291,-0.50264,0.0976,0.774456,-1.96,-9.59,-24.22,Noise,Right
1705996506336,-0.512888,0.172264,0.791536,-10.01,-16.31,-35.49,Noise,Right
1705996506336,-0.43676,0.279136,0.860344,-10.22,-28.28,-10.22,Noise,Right
1705996506336,-0.379664,0.225944,0.978928,3.99,-80.5,-9.94,Noise,Right
1705996506382,-0.189832,0.307928,1.012112,20.09,-91.0,-3.36,Noise,Right
1705996506384,-0.117608,0.318176,1.065304,13.72,-55.86,3.15,Noise,Right
1705996506430,-0.152256,0.249856,1.043344,-6.09,-12.88,2.94,Noise,Right
1705996506430,-0.2074,0.2196,1.0004,-16.17,6.72,-11.76,Noise,Right
1705996506430,-0.270352,0.196176,0.961848,-21.56,-10.22,-48.02,Noise,Right
1705996506481,-0.508008,-0.018544,1.011136,5.88,-39.34,-74.41,Noise,Right
1705996506481,-0.48312,0.130296,1.01748,24.36,-39.69,-43.96,Noise,Right
1705996506482,-0.305488,0.334768,1.011624,46.2,-13.86,8.89,Noise,Right
1705996506601,-0.312808,0.34892,0.94672,30.24,16.94,8.68,Noise,Right
1705996506601,-0.33916,0.362584,0.886696,25.76,27.3,-5.04,Noise,Right
1705996506601,-0.345504,0.365512,0.82716,16.73,26.18,-11.34,Noise,Right
1705996506601,-0.342088,0.326472,0.840336,-0.63,21.84,-19.74,Noise,Right
1705996506602,-0.447496,0.20984,0.900848,-21.14,-5.6,-22.68,Noise,Right
1705996506602,-0.403088,0.223504,0.94428,-8.4,-28.7,-28.28,Noise,Right
1705996506602,-0.449448,0.144936,0.972584,-17.36,-25.83,-16.94,Noise,Right
1705996506646,-0.532896,0.081496,0.986736,-13.02,-23.24,0.56,Noise,Right
1705996506646,-0.421144,0.18544,0.991128,-15.19,-17.08,7.35,Noise,Right
1705996506647,-0.321592,0.213744,1.027728,-13.79,-8.82,10.15,Noise,Right
1705996506692,-0.29768,0.19032,1.030656,-9.38,-5.6,9.17,Noise,Right
1705996506692,-0.232288,0.220088,0.97844,2.59,6.37,-2.17,Noise,Right
1705996506693,-0.255224,0.225944,0.947208,-11.27,16.59,-7.49,Noise,Right
1705996506740,-0.29524,0.190808,0.948672,-8.96,14.35,-7.0,Noise,Right
1705996506741,-0.3416,0.159576,0.959408,-6.09,14.84,-4.9,Noise,Right
1705996506789,-0.362096,0.182512,0.953064,-4.55,19.25,-0.84,Noise,Right
1705996506789,-0.374784,0.191296,0.981856,-3.5,22.47,1.47,Noise,Right
1705996506789,-0.38308,0.174216,0.97112,-3.29,24.99,2.59,Noise,Right
1705996506832,-0.381128,0.166896,0.90768,-5.04,24.57,1.61,Noise,Right
1705996506833,-0.38308,0.155672,0.870592,-6.44,22.54,2.73,Noise,Right
1705996506833,-0.38308,0.179096,0.84424,-3.92,19.53,3.08,Noise,Right
1705996506879,-0.400648,0.175192,0.860344,-5.81,15.26,2.1,Noise,Right
1705996506879,-0.386008,0.167872,0.887672,-3.64,14.0,2.87,Noise,Right
1705996506879,-0.374296,0.168848,0.9394,-3.5,14.7,3.85,Noise,Right
1705996506926,-0.372344,0.174216,0.962824,-3.43,14.84,3.71,Noise,Right
1705996506926,-0.373808,0.199104,0.947696,-2.52,13.72,3.36,Noise,Right
1705996506973,-0.381616,0.204472,0.92964,-4.41,11.62,3.15,Noise,Right
1705996506973,-0.418216,0.169336,0.930128,0.84,12.88,3.71,Noise,Right
1705996506973,-0.421632,0.179584,0.918904,5.95,11.83,3.36,Noise,Right
1705996507019,-0.399184,0.115168,0.92476,3.85,12.32,3.99,Noise,Right
1705996507020,-0.406504,0.137128,0.933056,-2.38,13.65,4.27,Noise,Right
1705996507020,-0.410408,0.156648,0.933544,-1.61,14.42,7.63,Noise,Right
1705996507067,-0.45628,0.158112,0.873032,0.56,12.95,9.17,Noise,Right
1705996507068,-0.47824,0.143472,0.785192,4.55,8.61,14.98,Noise,Right
1705996507068,-0.496784,0.138592,0.752008,3.64,0.56,24.36,Noise,Right
1705996507114,-0.492392,0.142008,0.770552,6.09,-7.07,34.79,Noise,Right
1705996507114,-0.47336,0.137616,0.83936,14.0,-11.76,42.28,Noise,Right
1705996507160,-0.482144,0.159576,0.864736,0.28,-11.27,47.18,Noise,Right
1705996507160,-0.462136,0.213744,0.865712,18.76,-6.37,49.98,Noise,Right
1705996507160,-0.39528,0.233264,0.851072,2.66,-0.7,55.3,Noise,Right
1705996507209,-0.331352,0.181048,0.865224,-19.25,9.1,60.55,Noise,Right
1705996507209,-0.302072,0.227896,0.848632,-14.42,18.62,56.35,Noise,Right
1705996507209,-0.25132,0.19276,0.787632,-22.12,19.88,38.22,Noise,Right
1705996507258,-0.327936,0.162992,0.75396,-29.12,12.25,17.01,Noise,Right
1705996507262,-0.33184,0.180072,0.727608,-31.43,3.99,5.74,Noise,Right
1705996507262,-0.293776,0.225456,0.752984,-41.44,2.52,9.66,Noise,Right
1705996507302,-0.297192,0.219112,0.80032,-52.92,11.83,25.2,Noise,Right
1705996507302,-0.323056,0.225944,0.813984,-52.64,29.12,41.65,Noise,Right
1705996507349,-0.36112,0.223504,0.82228,-51.73,45.71,52.43,Noise,Right
1705996507350,-0.388448,0.21716,0.81496,-44.94,57.4,57.33,Noise,Right
1705996507350,-0.417728,0.167384,0.804224,-46.27,56.98,61.53,Noise,Right
1705996507402,-0.443592,0.144448,0.798856,-56.7,46.34,67.27,Noise,Right
1705996507402,-0.44652,0.106384,0.825208,-64.4,31.01,69.23,Noise,Right
1705996507404,-0.442616,0.135664,0.869128,-62.51,18.41,64.61,Noise,Right
1705996507464,-0.428464,0.113704,0.925248,-56.35,12.11,46.83,Noise,Right
1705996507465,-0.455304,0.089304,0.935496,-50.82,15.96,21.98,Noise,Right
1705996507465,-0.463112,0.083936,0.948672,-52.43,26.88,10.85,Noise,Right
1705996507519,-0.458232,0.13176,0.95648,-54.67,40.6,12.74,Noise,Right
1705996507520,-0.475312,0.1586,0.930616,-48.58,51.31,22.75,Noise,Right
1705996507520,-0.480192,0.190808,0.913048,-38.5,48.72,33.6,Noise,Right
1705996507520,-0.535336,0.183976,0.894016,-34.09,35.14,41.02,Noise,Right
1705996507567,-0.601216,0.122,0.90036,-31.01,15.96,46.2,Noise,Right
1705996507567,-0.671,0.03416,0.924272,-35.14,-4.76,50.05,Noise,Right
1705996507567,-0.656848,0.020984,0.961848,-37.94,-19.95,49.91,Noise,Right
1705996507612,-0.594384,0.094184,0.9638,-28.77,-17.29,36.47,Noise,Right
1705996507612,-0.54412,0.11468,0.923784,-27.51,-2.1,16.38,Noise,Right
1705996507612,-0.527528,0.145424,0.933544,-36.12,11.83,-0.63,Noise,Right
1705996507660,-0.531432,0.142984,0.992592,-41.51,16.45,-10.01,Noise,Right
1705996507660,-0.559248,0.140056,1.016016,-34.65,11.41,-8.4,Noise,Right
1705996507716,-0.570472,0.10248,1.001864,-24.29,-3.15,3.01,Noise,Right
1705996507716,-0.537776,0.118584,0.976,-15.68,-21.0,16.31,Noise,Right
1705996507716,-0.51484,0.117608,0.94672,-10.15,-34.58,23.73,Noise,Right
1705996507830,-0.522648,0.113216,0.937448,-9.66,-39.2,23.03,Noise,Right
1705996507830,-0.527528,0.085888,0.9394,-12.39,-35.21,15.33,Noise,Right
1705996507830,-0.567544,0.052216,0.968192,-17.78,-27.72,7.0,Noise,Right
1705996507830,-0.565104,0.0244,1.005768,-18.34,-20.02,2.8,Noise,Right
1705996507830,-0.555832,0.037576,0.99796,-10.64,-13.65,-1.4,Noise,Right
1705996507830,-0.542656,0.050752,0.95648,-7.49,-10.36,-3.85,Noise,Right
1705996507830,-0.51484,0.074664,0.922808,-4.76,-10.15,-2.8,Noise,Right
1705996507876,-0.49776,0.081008,0.89548,-5.53,-11.9,1.82,Noise,Right
1705996507876,-0.513376,0.061,0.898408,-7.14,-16.87,8.05,Noise,Right
1705996507876,-0.522648,0.057584,0.908168,-7.91,-22.96,12.32,Noise,Right
1705996507921,-0.5124,0.059536,0.92964,-5.88,-26.88,12.6,Noise,Right
1705996507921,-0.489952,0.066368,0.935496,-5.74,-25.41,9.31,Noise,Right
1705996507922,-0.198616,0.130784,0.98576,-19.11,-15.19,8.4,Noise,Right
1705996507968,-0.491904,0.095648,0.855464,-21.07,-8.19,21.56,Noise,Right
1705996507969,-0.489464,0.04636,0.885232,-14.56,6.79,0.14,Noise,Right
1705996507969,-0.447496,-0.000976,0.904264,-21.56,12.39,11.69,Noise,Right
1705996508020,-0.455304,-0.009272,0.990152,-26.6,10.57,7.07,Noise,Right
1705996508020,-0.48556,-0.012688,1.02724,-15.96,2.45,1.75,Noise,Right
1705996508021,-0.474336,-0.015128,1.016504,-8.96,-9.66,-1.12,Noise,Right
1705996508138,-0.55144,0.0732,0.96136,9.03,-10.15,17.15,Noise,Right
1705996508138,-0.472872,0.050752,0.907192,-2.1,-9.24,24.78,Noise,Right
1705996508138,-0.44408,0.057096,0.86376,-4.41,-7.56,22.33,Noise,Right
1705996508138,-0.447984,0.079056,0.85156,-9.59,-3.29,10.99,Noise,Right
1705996508138,-0.449936,0.060024,0.798856,-12.67,6.37,0.77,Noise,Right
1705996508138,-0.47092,-0.027816,0.842776,-23.73,10.5,-2.24,Noise,Right
1705996508242,-0.555344,-0.062952,0.940864,-39.9,11.55,6.3,Noise,Right
1705996508242,-0.488488,-0.027816,1.010648,-49.98,13.58,14.0,Noise,Right
1705996508242,-0.428464,-0.026352,1.036512,-56.28,19.74,19.32,Noise,Right
1705996508242,-0.485072,-0.076128,0.992104,-71.89,25.13,26.39,Noise,Right
1705996508242,-0.61976,-0.11224,0.862784,-54.74,3.78,42.28,Noise,Right
1705996508242,-0.666608,-0.025864,0.843264,-28.42,-24.71,38.78,Noise,Right
1705996508242,-0.50752,-0.000488,0.8296,-17.85,-35.49,23.94,Noise,Right
1705996508347,-0.51972,0.044408,0.779336,-10.78,-38.36,13.58,Noise,Right
1705996508351,-0.5124,-0.022448,0.822768,-0.7,-41.58,2.66,Noise,Right
1705996508352,-0.426512,-0.07076,0.895968,6.58,-43.75,0.91,Noise,Right
1705996508352,-0.320128,-0.11712,0.647576,75.04,-26.81,-2.03,Noise,Right
1705996508355,-0.223016,0.027328,1.25416,113.68,-32.69,-5.81,Noise,Right
1705996508451,-0.464088,-0.006832,0.811056,147.35,-15.75,-8.82,Noise,Right
1705996508452,-1.313696,-0.060512,1.127768,127.96,15.33,-2.87,Noise,Right
1705996508452,-0.498736,-0.082472,0.872544,33.53,23.52,33.74,Noise,Right
1705996508452,-0.4392,0.237656,0.736392,10.01,33.88,48.51,Noise,Right
1705996508452,-0.562664,0.216184,1.070672,-99.33,6.16,47.39,Noise,Right
1705996508452,-0.498248,0.116144,0.864248,-38.08,8.26,25.76,Noise,Right
1705996508452,-0.392352,0.128832,1.052616,3.78,-7.7,6.93,Noise,Right
1705996508501,-0.440664,0.10004,0.899872,-2.94,-3.01,-0.63,Noise,Right
1705996508501,-0.48068,0.071248,0.87596,-23.59,-3.78,-2.52,Noise,Right
1705996508501,-0.469456,0.041968,0.920368,-34.09,-4.06,-3.64,Noise,Right
1705996508546,-0.449448,0.02684,0.943304,-32.2,-4.69,-3.5,Noise,Right
1705996508547,-0.447496,0.009272,0.925248,-24.29,-4.41,-2.66,Noise,Right
1705996508592,-0.46116,0.003904,0.921832,-11.62,-4.13,-1.26,Noise,Right
1705996508593,-0.455304,-0.000976,0.929152,1.26,-4.06,0.07,Noise,Right
1705996508593,-0.462624,-0.000488,0.915488,11.41,-2.03,1.54,Noise,Right
1705996508645,-0.452376,0.026352,0.926224,18.13,-1.89,2.73,Noise,Right
1705996508645,-0.452376,0.027328,0.942328,21.49,-2.45,2.8,Noise,Right
1705996508645,-0.450912,0.036112,0.935496,21.56,-2.1,3.01,Noise,Right
1705996508754,-0.46848,0.050264,0.930616,19.88,-1.89,2.73,Noise,Right
1705996508754,-0.455304,0.069296,0.92232,13.51,-2.38,1.89,Noise,Right
1705996508754,-0.399184,0.070272,1.035048,-17.15,-5.67,-1.33,Noise,Right
1705996508754,-0.45384,0.04392,0.981368,-20.86,-6.65,-1.96,Noise,Right
1705996508754,-0.453352,0.025376,0.931592,-19.39,-2.8,-1.96,Noise,Right
1705996508754,-0.460672,0.020008,0.889136,-15.68,-3.29,-1.68,Noise,Right
1705996508754,-0.466528,0.015128,0.889624,-10.36,-2.1,-1.05,Noise,Right
1705996508854,-0.449448,0.00488,0.931592,-3.99,-2.94,-0.14,Noise,Right
1705996508855,-0.442616,0.008296,0.95404,3.57,-3.36,1.05,Noise,Right
1705996508855,-0.447984,0.009272,0.953552,10.78,-2.8,1.61,Noise,Right
1705996508855,-0.454816,0.023912,0.925248,16.66,-2.31,2.66,Noise,Right
1705996508855,-0.455304,0.031232,0.904752,20.44,-1.54,2.59,Noise,Right
1705996508902,-0.45872,0.0488,0.93208,20.65,-1.68,2.59,Noise,Right
1705996508902,-0.459696,0.061,0.935984,16.8,-2.31,2.24,Noise,Right
1705996508902,-0.454328,0.0732,0.937448,7.49,-3.01,1.12,Noise,Right
1705996508957,-0.450912,0.060512,0.930616,-3.99,-3.22,-0.35,Noise,Right
1705996508957,-0.454816,0.047824,0.91988,-11.27,-3.85,-1.12,Noise,Right
1705996508958,-0.459208,0.038064,0.918904,-13.37,-3.22,-1.26,Noise,Right
1705996508958,-0.454328,0.025376,0.930128,-12.32,-3.57,-1.12,Noise,Right
1705996509060,-0.447496,0.01708,0.933056,-8.89,-3.22,-0.7,Noise,Right
1705996509060,-0.449936,0.01464,0.933056,-4.13,-3.01,-0.14,Noise,Right
1705996509060,-0.459208,0.021472,0.925736,2.1,-2.87,0.49,Noise,Right
1705996509061,-0.451888,0.025864,0.930128,6.65,-2.38,1.26,Noise,Right
1705996509061,-0.447496,0.031232,0.925248,10.71,-2.52,1.4,Noise,Right
1705996509107,-0.456768,0.039528,0.93208,11.69,-2.94,1.19,Noise,Right
1705996509107,-0.449448,0.04148,0.925248,10.15,-2.31,1.54,Noise,Right
1705996509107,-0.455792,0.046848,0.927688,7.77,-2.8,1.33,Noise,Right
1705996509152,-0.460672,0.048312,0.93452,4.76,-3.64,0.91,Noise,Right
1705996509153,-0.458232,0.052216,0.932568,1.19,-3.01,0.49,Noise,Right
1705996509153,-0.45384,0.047336,0.92232,-2.17,-3.01,0.0,Noise,Right
1705996509198,-0.451888,0.0366,0.927688,-4.55,-2.8,-0.14,Noise,Right
1705996509198,-0.4514,0.030744,0.928664,-5.53,-3.01,-0.42,Noise,Right
1705996509246,-0.451888,0.032208,0.927688,-5.04,-3.01,-0.28,Noise,Right
1705996509247,-0.454328,0.032208,0.931104,-3.36,-2.94,-0.07,Noise,Right
1705996509247,-0.453352,0.0244,0.926712,-0.84,-2.66,0.42,Noise,Right
1705996509294,-0.458232,0.022936,0.926224,1.96,-2.73,0.91,Noise,Right
1705996509294,-0.46116,0.025864,0.926224,4.48,-2.73,0.84,Noise,Right
1705996509294,-0.457256,0.0366,0.933056,6.44,-2.59,1.05,Noise,Right
1705996509348,-0.453352,0.03904,0.9272,7.14,-3.15,1.12,Noise,Right
1705996509348,-0.454328,0.04392,0.923296,5.88,-2.38,1.05,Noise,Right
1705996509349,-0.45384,0.037088,0.92964,3.99,-2.87,0.7,Noise,Right
1705996509470,-0.459208,0.04392,0.930616,1.82,-3.08,0.63,Noise,Right
1705996509470,-0.450424,0.03904,0.925736,-0.28,-3.08,0.21,Noise,Right
1705996509470,-0.45384,0.036112,0.933056,-1.33,-3.01,0.14,Noise,Right
1705996509470,-0.456768,0.03904,0.930616,-1.47,-2.66,0.14,Noise,Right
1705996509470,-0.455304,0.036112,0.927688,-0.98,-2.8,0.0,Noise,Right
1705996509471,-0.4514,0.033184,0.930128,0.21,-2.87,0.28,Noise,Right
1705996509471,-0.4514,0.03416,0.931104,1.05,-2.66,0.28,Noise,Right
1705996509571,-0.454816,0.037088,0.935496,1.89,-3.08,0.49,Noise,Right
1705996509571,-0.45872,0.035136,0.934032,2.1,-2.73,0.56,Noise,Right
1705996509571,-0.457744,0.039528,0.930616,2.52,-2.8,0.49,Noise,Right
1705996509571,-0.459696,0.033672,0.93208,2.59,-2.59,0.42,Noise,Right
1705996509571,-0.450912,0.033672,0.928664,2.66,-2.38,0.49,Noise,Right
1705996509572,-0.452376,0.0366,0.929152,2.87,-2.59,0.63,Noise,Right
1705996509618,-0.45628,0.035624,0.931104,2.59,-3.92,0.49,Noise,Right
1705996509618,-0.457744,0.040504,0.932568,1.89,-2.8,0.49,Noise,Right
1705996509618,-0.456768,0.042456,0.928176,1.19,-2.8,0.49,Noise,Right
1705996509665,-0.45628,0.042456,0.932568,0.35,-3.22,0.42,Noise,Right
1705996509665,-0.456768,0.038064,0.929152,0.21,-2.8,0.56,Noise,Right
1705996509665,-0.45628,0.036112,0.932568,0.28,-2.94,0.35,Noise,Right
1705996509711,-0.457744,0.037576,0.92964,0.77,-2.66,0.42,Noise,Right
1705996509711,-0.452864,0.031232,0.935984,1.47,-2.8,0.56,Noise,Right
1705996509759,-0.454328,0.038064,0.933544,1.82,-2.87,0.42,Noise,Right
1705996509759,-0.452376,0.035624,0.92964,2.52,-2.73,0.49,Noise,Right
1705996509760,-0.457744,0.036112,0.932568,2.24,-2.59,0.56,Noise,Right
1705996509803,-0.460672,0.03904,0.930616,2.1,-2.94,0.35,Noise,Right
1705996509804,-0.455304,0.028792,0.9272,1.61,-2.94,0.35,Noise,Right
1705996509804,-0.454328,0.033672,0.935984,1.12,-2.94,0.42,Noise,Right
1705996509858,-0.45628,0.037088,0.93452,1.19,-3.22,0.56,Noise,Right
1705996509859,-0.457256,0.037576,0.93208,1.33,-2.87,0.56,Noise,Right
1705996509859,-0.452376,0.033672,0.925736,1.61,-3.01,0.56,Noise,Right
1705996509985,-0.452864,0.035624,0.927688,1.61,-2.66,0.56,Noise,Right
1705996509985,-0.450424,0.037576,0.92476,1.82,-2.66,0.42,Noise,Right
1705996509985,-0.455792,0.041968,0.93208,1.61,-2.8,0.63,Noise,Right
1705996509985,-0.45628,0.040992,0.92964,1.4,-2.87,0.42,Noise,Right
1705996509985,-0.455792,0.036112,0.931104,0.98,-2.38,0.42,Noise,Right
1705996509985,-0.453352,0.035136,0.931104,1.33,-2.8,0.28,Noise,Right
1705996509985,-0.45384,0.039528,0.9272,1.26,-2.8,0.35,Noise,Right
1705996510038,-0.45628,0.037576,0.935008,1.61,-3.29,0.21,Noise,Right
1705996510038,-0.45872,0.040016,0.93208,1.89,-2.94,0.56,Noise,Right
1705996510039,-0.452376,0.035136,0.931104,2.31,-2.66,0.63,Noise,Right
1705996510039,-0.455792,0.043432,0.931592,1.96,-2.94,0.42,Noise,Right
1705996510084,-0.45628,0.039528,0.928176,1.75,-2.59,0.49,Noise,Right
1705996510085,-0.456768,0.038552,0.93208,1.33,-2.87,0.56,Noise,Right
1705996510186,-0.45384,0.03416,0.925736,1.05,-3.01,0.49,Noise,Right
1705996510186,-0.456768,0.038064,0.930616,0.98,-2.73,0.35,Noise,Right
1705996510186,-0.456768,0.038064,0.928664,0.98,-2.87,0.35,Noise,Right
1705996510186,-0.45384,0.038552,0.92964,1.33,-3.08,0.35,Noise,Right
1705996510186,-0.45384,0.036112,0.930616,1.89,-2.45,0.42,Noise,Right
1705996510186,-0.45384,0.035624,0.932568,2.03,-2.8,0.35,Noise,Right
1705996510291,-0.4636,0.03416,0.933544,1.96,-3.22,0.28,Noise,Right
1705996510291,-0.456768,0.041968,0.93208,1.82,-3.01,0.35,Noise,Right
1705996510291,-0.457256,0.040992,0.92964,1.47,-2.87,0.35,Noise,Right
1705996510291,-0.455304,0.038064,0.92964,1.26,-3.01,0.35,Noise,Right
1705996510292,-0.45384,0.033184,0.935984,0.98,-2.59,0.28,Noise,Right
1705996510292,-0.452376,0.036112,0.9272,1.26,-2.94,0.35,Noise,Right
1705996510394,-0.454816,0.039528,0.928176,1.54,-3.15,0.42,Noise,Right
1705996510394,-0.456768,0.040992,0.931592,1.75,-2.66,0.56,Noise,Right
1705996510395,-0.455304,0.038552,0.92964,1.82,-3.01,0.49,Noise,Right
1705996510395,-0.457744,0.038064,0.93208,1.68,-2.87,0.63,Noise,Right
1705996510395,-0.450424,0.040504,0.9272,1.4,-2.17,0.56,Noise,Right
1705996510395,-0.45384,0.0366,0.9272,1.54,-2.59,0.49,Noise,Right
1705996510443,-0.4514,0.033672,0.928176,1.75,-3.43,0.35,Noise,Right
1705996510443,-0.450912,0.0366,0.927688,1.61,-2.73,0.49,Noise,Right
1705996510443,-0.454816,0.0366,0.928664,1.89,-2.73,0.63,Noise,Right
1705996510490,-0.454816,0.038064,0.92964,2.03,-2.8,0.56,Noise,Right
1705996510491,-0.469944,-0.023424,0.887184,6.72,-5.04,1.19,Noise,Right
1705996510491,-0.467016,0.068808,0.875472,31.29,-0.84,3.85,Noise,Right
1705996510536,-0.444568,0.095648,0.957456,15.96,-1.96,2.52,Noise,Right
1705996510536,-0.440176,0.084424,0.993568,-3.22,-4.27,0.0,Noise,Right
1705996510537,-0.45628,0.193736,0.947208,-26.74,-4.34,-3.36,Noise,Right
1705996510582,-0.469456,0.312808,0.87596,-41.79,-6.09,-15.89,Noise,Right
1705996510582,-0.455304,0.150304,0.887672,-51.73,-7.35,-30.03,Noise,Right
1705996510582,-0.466528,0.015128,0.886696,-56.84,-6.72,-35.35,Noise,Right
1705996510628,-0.402112,-0.091744,0.915,-35.14,-6.72,-33.6,Noise,Right
1705996510629,-0.426512,-0.11224,0.902312,1.96,-11.06,-30.17,Noise,Right
1705996510680,-0.453352,-0.129808,0.943792,20.16,-13.09,-25.34,Noise,Right
1705996510680,-0.438224,-0.196664,1.004304,34.16,-4.83,-16.1,Noise,Right
1705996510680,-0.364536,-0.266448,1.252208,-7.77,1.68,-3.08,Noise,Right
1705996510728,-0.51728,-0.16104,1.3176,-8.12,38.99,12.81,Noise,Right
1705996510728,-0.520696,0.069784,1.068232,137.13,64.96,5.11,Noise,Right
1705996510728,-0.436272,0.142496,1.187304,137.13,60.9,5.11,Noise,Right
1705996510799,-0.364048,0.05124,0.797392,30.66,55.02,-2.73,Noise,Right
1705996510799,-0.496296,0.18544,0.82472,31.85,55.23,-6.72,Noise,Right
1705996510800,-0.755912,-0.051728,1.001376,26.32,53.97,-0.63,Noise,Right
1705996510800,-0.49776,-0.125904,1.048224,34.23,67.55,21.91,Noise,Right
1705996510852,-0.421144,0.020496,1.038952,105.07,69.44,26.67,Noise,Right
1705996510853,-0.682712,0.108824,1.011624,114.87,72.31,11.83,Noise,Right
1705996510853,-0.82472,0.061,0.92964,125.65,68.95,-15.33,Noise,Right
1705996510974,-0.944768,0.09028,0.877912,97.09,54.18,-32.76,Noise,Right
1705996510974,-0.884256,0.120536,0.813496,86.24,36.68,-39.9,Noise,Right
1705996510974,-0.812032,0.13908,0.763232,86.24,20.44,-38.36,Noise,Right
1705996510974,-0.704184,0.16592,0.726144,79.45,14.35,-29.33,Noise,Right
1705996510974,-0.61244,0.203984,0.696864,54.88,16.1,-9.38,Noise,Right
1705996510974,-0.53192,0.18056,0.692472,47.25,29.26,19.81,Noise,Right
1705996510975,-0.518256,0.186416,0.723704,47.6,56.91,53.83,Noise,Right
1705996511020,-0.510936,0.208376,0.632448,109.06,95.48,72.03,Noise,Right
1705996511020,-0.426024,0.23424,0.56608,129.78,129.43,75.6,Noise,Right
1705996511020,-0.429928,0.288408,0.45384,129.57,145.53,63.49,Noise,Right
1705996511068,-0.557296,0.311832,0.4026,111.58,145.04,36.33,Noise,Right
1705996511068,-0.627568,0.334768,0.334768,93.59,140.63,2.45,Noise,Right
1705996511068,-0.652944,0.33916,0.277184,66.85,127.61,-27.16,Noise,Right
1705996511115,-0.675392,0.370392,0.315736,35.35,112.28,-45.29,Noise,Right
1705996511115,-0.657824,0.364048,0.325008,16.17,104.86,-48.37,Noise,Right
1705996511115,-0.64904,0.4026,0.355752,20.58,103.04,-38.22,Noise,Right
1705996511162,-0.649528,0.35868,0.320616,43.82,102.55,-18.97,Noise,Right
1705996511163,-0.699792,0.374296,0.313296,56.07,89.67,-0.98,Noise,Right
1705996511163,-0.786656,0.383568,0.2806,65.24,60.83,5.74,Noise,Right
1705996511211,-0.861808,0.371368,0.252296,49.42,13.86,4.55,Noise,Right
1705996511212,-0.894992,0.384544,0.250344,20.86,-35.42,-1.47,Noise,Right
1705996511212,-0.880352,0.392352,0.250832,-0.56,-74.34,-10.57,Noise,Right
1705996511255,-0.874008,0.381128,0.272792,-19.39,-95.2,-15.89,Noise,Right
1705996511256,-0.863272,0.374784,0.30988,-32.55,-95.2,-14.0,Noise,Right
1705996511301,-0.828136,0.37576,0.406504,-35.77,-70.14,-7.42,Noise,Right
1705996511302,-0.77836,0.400648,0.485072,-16.24,-28.77,0.28,Noise,Right
1705996511302,-0.754936,0.432856,0.520696,19.39,19.04,2.24,Noise,Right
1705996511348,-0.779824,0.417728,0.484096,49.49,56.14,-6.02,Noise,Right
1705996511349,-0.827648,0.404064,0.376736,72.1,70.84,-17.43,Noise,Right
1705996511349,-0.948184,0.348432,0.263032,69.09,44.87,-20.51,Noise,Right
1705996511396,-1.036512,0.3294,0.23424,40.74,-14.84,-10.43,Noise,Right
1705996511396,-0.992592,0.33916,0.225944,9.17,-72.94,-0.14,Noise,Right
1705996511396,-0.911584,0.360632,0.2684,-24.85,-112.35,5.74,Noise,Right
1705996511440,-0.84424,0.386984,0.354776,-63.91,-115.99,4.83,Noise,Right
1705996511442,-0.754936,0.3172,0.485072,-105.49,-81.2,1.96,Noise,Right
1705996511496,-0.720288,0.386984,0.608048,-99.33,-11.41,-4.2,Noise,Right
1705996511497,-0.67832,0.406016,0.739808,-63.7,73.92,-19.32,Noise,Right
1705996511497,-0.878888,0.338184,0.62952,-14.63,122.29,-25.69,Noise,Right
1705996511619,-1.040904,0.31476,0.480192,48.44,100.45,-6.93,Noise,Right
1705996511619,-0.769576,0.329888,0.298656,81.48,47.04,16.73,Noise,Right
1705996511620,-0.8052,0.32452,0.204472,75.95,-13.58,26.11,Noise,Right
1705996511620,-0.827648,0.323544,0.203984,43.89,-65.1,18.06,Noise,Right
1705996511621,-0.806176,0.3172,0.18056,5.39,-104.16,5.67,Noise,Right
1705996511621,-0.744688,0.346968,0.20496,-40.74,-125.93,-3.92,Noise,Right
1705996511621,-0.87352,0.3538,0.231312,-101.36,-116.9,10.85,Noise,Right
1705996511724,-0.88328,0.33672,0.365512,-111.16,-86.66,20.3,Noise,Right
1705996511725,-0.8906,0.216672,0.55388,-117.6,-46.2,19.95,Noise,Right
1705996511725,-0.781288,0.311832,0.703208,-156.8,-44.66,18.41,Noise,Right
1705996511725,-0.765672,0.345016,0.831064,-114.03,-34.3,16.59,Noise,Right
1705996511726,-0.77836,0.37088,0.777872,-27.37,-22.05,13.09,Noise,Right
1705996511726,-0.693936,0.378688,0.605608,53.41,-14.35,10.08,Noise,Right
1705996511726,-0.591456,0.365512,0.45384,37.24,-30.52,14.42,Noise,Right
1705996511855,-0.723704,0.418216,0.271328,13.09,-72.24,11.06,Noise,Right
1705996511855,-0.727608,0.183488,0.168848,24.57,-128.59,19.18,Noise,Right
1705996511855,-0.874984,0.130784,0.177632,-58.87,-179.9,46.48,Noise,Right
1705996511856,-0.760304,0.201056,0.533384,-153.86,-195.65,60.2,Noise,Right
1705996511856,-0.564616,0.286456,0.899384,-169.12,-146.44,28.84,Noise,Right
1705996511856,-0.439688,0.325008,1.037488,-135.31,-84.0,-6.44,Noise,Right
1705996511856,-0.473848,0.255224,1.043832,-80.71,-36.61,-19.39,Noise,Right
1705996511926,-0.44652,0.2074,0.938912,-49.14,-13.3,-10.71,Noise,Right
1705996511926,-0.501176,0.243512,0.901824,-44.52,-23.52,5.32,Noise,Right
1705996511973,-0.621712,0.233752,0.835944,-56.91,-54.25,14.77,Noise,Right
1705996511973,-0.615856,0.170312,0.6954,-73.36,-93.73,22.12,Noise,Right
1705996511973,-0.718336,0.043432,0.845216,-11.27,-111.37,14.84,Noise,Right
1705996511974,-0.559736,0.160064,0.935984,-48.72,-107.38,10.08,Noise,Right
1705996511974,-0.523624,0.179584,1.037,-89.53,-84.42,-4.27,Noise,Right
1705996512017,-0.5002,0.196176,1.02724,-63.35,-47.81,-28.49,Noise,Right
1705996512018,-0.49044,0.171288,1.006256,-49.0,-28.7,-36.12,Noise,Right
1705996512018,-0.427,0.157624,0.917928,-27.51,-15.33,-35.63,Noise,Right
1705996512066,-0.396744,0.150304,0.859368,-25.83,-19.67,-30.94,Noise,Right
1705996512068,-0.413336,0.201056,0.730048,-10.78,-51.45,-17.43,Noise,Right
1705996512069,-0.43188,0.074176,0.861808,-27.37,-88.9,-16.03,Noise,Right
1705996512110,-0.406992,0.034648,0.972096,-43.75,-102.27,-15.4,Noise,Right
1705996512110,-0.357216,0.035136,1.026752,-37.03,-105.63,-19.46,Noise,Right
1705996512111,-0.33672,0.047336,1.02724,-29.82,-96.04,-27.44,Noise,Right
1705996512157,-0.289872,0.003416,1.077992,-30.87,-69.58,-35.49,Noise,Right
1705996512158,-0.21716,0.022448,1.097512,-23.31,-39.41,-34.51,Noise,Right
1705996512214,-0.228872,0.052704,1.082384,-9.38,-16.66,-31.43,Noise,Right
1705996512214,-0.272304,0.010248,1.041392,-7.07,-11.76,-28.42,Noise,Right
1705996512214,-0.29036,0.008296,1.014064,-2.94,-28.84,-17.71,Noise,Right
1705996512266,-0.304024,0.016592,1.018944,4.55,-60.06,-5.11,Noise,Right
1705996512268,-0.277184,0.021472,1.02236,9.8,-82.81,-3.01,Noise,Right
1705996512268,-0.257664,0.016592,1.110688,-1.4,-84.7,-18.41,Noise,Right
1705996512268,-0.203496,0.030744,1.194624,-3.08,-60.69,-34.65,Noise,Right
1705996512319,-0.160552,-0.018056,1.222928,4.27,-25.34,-33.25,Noise,Right
1705996512320,-0.140544,-0.00732,1.187792,13.51,2.66,-18.48,Noise,Right
1705996512435,-0.157624,-0.009272,1.158512,21.28,14.49,-2.87,Noise,Right
1705996512436,-0.179584,0.002928,1.162416,33.6,11.06,8.05,Noise,Right
1705996512436,-0.166408,0.02196,1.03212,48.23,-7.42,13.79,Noise,Right
1705996512436,-0.17812,0.049776,1.020408,28.42,-33.18,5.74,Noise,Right
1705996512436,-0.121512,0.045384,1.094584,26.25,-42.84,-15.82,Noise,Right
1705996512436,-0.088328,0.062464,1.129232,28.35,-37.24,-34.02,Noise,Right
1705996512436,-0.099552,0.020496,1.126792,31.01,-22.33,-41.16,Noise,Right
1705996512486,-0.137616,0.00976,1.117032,35.84,-5.32,-33.81,Noise,Right
1705996512486,-0.142008,0.035624,1.109712,44.59,7.14,-16.17,Noise,Right
1705996512486,-0.165432,0.076616,1.04676,51.59,7.77,-0.49,Noise,Right
1705996512486,-0.172264,0.09028,0.977464,52.43,-2.94,5.88,Noise,Right
1705996512536,-0.160552,0.11712,0.956968,45.71,-22.12,1.47,Noise,Right
1705996512536,-0.144936,0.124928,1.000888,36.96,-37.17,-11.34,Noise,Right
1705996512645,-0.14884,0.096624,1.043344,33.53,-42.0,-25.62,Noise,Right
1705996512646,-0.133224,0.074664,1.060912,34.3,-35.77,-31.36,Noise,Right
1705996512646,-0.14152,0.077104,1.04676,36.47,-22.68,-26.04,Noise,Right
1705996512646,-0.13908,0.111264,1.038464,35.7,-5.32,-14.28,Noise,Right
1705996512646,-0.120048,0.117608,1.018456,36.54,9.87,-3.08,Noise,Right
1705996512646,-0.14152,0.162016,0.98088,32.69,16.24,2.1,Noise,Right
1705996512646,-0.1708,0.167872,0.94428,25.06,8.19,0.21,Noise,Right
1705996512746,-0.172264,0.171776,0.933544,23.38,-7.0,-7.91,Noise,Right
1705996512746,-0.160552,0.17324,0.953064,18.69,-20.02,-15.61,Noise,Right
1705996512746,-0.16836,0.162016,0.956968,17.85,-28.14,-20.44,Noise,Right
1705996512746,-0.133224,0.144936,1.014064,13.3,-26.6,-20.23,Noise,Right
1705996512747,-0.1098,0.16592,1.035048,15.19,-12.67,-18.13,Noise,Right
1705996512747,-0.106872,0.161528,1.0492,17.22,5.74,-14.77,Noise,Right
1705996512795,-0.112728,0.20252,1.018456,17.57,19.95,-10.57,Noise,Right
1705996512795,-0.125904,0.201544,1.018944,13.3,23.31,-7.98,Noise,Right
1705996512795,-0.129808,0.196664,1.003816,14.56,16.03,-7.63,Noise,Right
1705996512844,-0.147864,0.204472,0.964288,16.52,0.14,-13.16,Noise,Right
1705996512844,-0.155672,0.195688,0.965264,15.19,-17.15,-23.73,Noise,Right
1705996512955,-0.139568,0.189832,0.998448,15.19,-27.3,-33.46,Noise,Right
1705996512956,-0.14884,0.14884,1.021384,17.15,-27.09,-37.17,Noise,Right
1705996512956,-0.136152,0.17324,1.016504,16.17,-16.87,-31.78,Noise,Right
1705996512956,-0.12932,0.199592,1.016016,13.16,1.12,-20.86,Noise,Right
1705996512956,-0.122488,0.210328,1.021384,10.22,18.41,-10.22,Noise,Right
1705996512957,-0.142496,0.217648,1.014552,9.52,24.92,-6.3,Noise,Right
1705996512957,-0.183488,0.203984,1.006744,10.22,15.96,-8.33,Noise,Right
1705996513052,-0.17324,0.225944,1.0004,14.07,-3.01,-16.24,Noise,Right
1705996513052,-0.13664,0.244976,1.019432,18.83,-20.65,-26.95,Noise,Right
1705996513052,-0.15616,0.230824,1.03944,22.26,-32.48,-37.94,Noise,Right
1705996513052,-0.135176,0.250832,1.067256,25.62,-35.0,-45.43,Noise,Right
1705996513052,-0.172264,0.240584,1.086288,22.05,-26.95,-47.6,Noise,Right
1705996513052,-0.170312,0.240584,1.098488,18.55,-11.27,-39.9,Noise,Right
1705996513105,-0.144448,0.249856,1.104344,19.6,7.49,-21.98,Noise,Right
1705996513105,-0.15616,0.27328,1.0858,24.43,24.43,-7.84,Noise,Right
1705996513106,-0.170312,0.286944,1.021872,25.06,27.51,-8.26,Noise,Right
1705996513151,-0.174704,0.295728,0.991616,24.15,15.54,-18.9,Noise,Right
1705996513151,-0.176656,0.303536,0.991128,26.39,-0.35,-27.79,Noise,Right
1705996513152,-0.175192,0.298168,0.978928,28.35,-11.34,-36.75,Noise,Right
1705996513196,-0.223504,0.237168,0.970144,26.18,-12.6,-42.7,Noise,Right
1705996513197,-0.233752,0.20008,0.964288,25.9,6.51,-33.67,Noise,Right
1705996513243,-0.291336,0.210816,0.933056,19.39,30.45,-16.8,Noise,Right
1705996513243,-0.325496,0.229848,0.906704,18.41,38.5,-1.96,Noise,Right
1705996513243,-0.323544,0.258152,0.872056,18.34,28.77,3.22,Noise,Right
1705996513290,-0.277184,0.303536,0.860832,17.43,7.84,0.07,Noise,Right
1705996513290,-0.237656,0.337696,0.85644,20.37,-6.02,-12.39,Noise,Right
1705996513290,-0.174216,0.35624,0.871568,17.29,-6.09,-24.43,Noise,Right
1705996513338,-0.20252,0.312808,0.872544,10.01,3.85,-28.35,Noise,Right
1705996513338,-0.272304,0.25376,0.901824,3.71,13.93,-20.79,Noise,Right
1705996513339,-0.299144,0.271328,0.870592,6.44,19.11,-5.81,Noise,Right
1705996513383,-0.301096,0.298656,0.870592,2.24,18.55,6.79,Noise,Right
1705996513383,-0.24644,0.300608,0.903288,0.0,15.54,9.17,Noise,Right
1705996513428,-0.232776,0.314272,0.85156,6.72,9.45,1.12,Noise,Right
1705996513428,-0.19032,0.338184,0.831064,4.2,-1.54,-6.79,Noise,Right
1705996513428,-0.150792,0.36112,0.875472,1.26,-9.31,-11.62,Noise,Right
1705996513473,-0.161528,0.320128,0.909632,-3.36,-11.27,-15.54,Noise,Right
1705996513474,-0.213256,0.311832,0.947208,-6.09,-11.48,-12.6,Noise,Right
1705996513474,-0.277672,0.315736,0.976488,-0.49,-8.96,-9.1,Noise,Right
1705996513522,-0.296704,0.332816,0.954528,-8.61,-6.58,-6.23,Noise,Right
1705996513522,-0.24156,0.275232,0.934032,-2.17,-4.55,-9.03,Noise,Right
1705996513569,-0.348432,0.318176,0.9516,-16.24,-9.03,-9.87,Noise,Right
1705996513570,-0.2806,0.237168,0.996984,-9.38,-14.84,-13.23,Noise,Right
1705996513570,-0.331352,0.262544,1.060912,-8.12,-16.52,-14.35,Noise,Right
1705996513616,-0.260592,0.259128,1.04432,-1.89,-11.13,-15.05,Noise,Right
1705996513616,-0.22448,0.250344,1.020896,1.54,0.07,-9.8,Noise,Right
1705996513616,-0.244,0.277672,0.974536,4.76,8.26,-0.28,Noise,Right
1705996513667,-0.251808,0.293288,0.928664,6.09,7.56,4.48,Noise,Right
1705996513667,-0.282552,0.288408,0.9028,5.46,5.88,3.22,Noise,Right
1705996513667,-0.297192,0.281576,0.887184,4.97,3.36,1.05,Noise,Right
1705996513769,-0.289384,0.277672,0.895968,-0.91,2.03,-3.15,Noise,Right
1705996513769,-0.2928,0.268888,0.945256,-4.34,0.77,-2.24,Noise,Right
1705996513769,-0.22936,0.262056,0.95648,-1.4,1.75,2.17,Noise,Right
1705996513770,-0.216184,0.257176,0.968192,-1.89,0.77,5.74,Noise,Right
1705996513770,-0.210816,0.276696,0.963312,0.91,1.12,8.4,Noise,Right
1705996513770,-0.222528,0.289384,0.944768,2.8,-0.35,7.35,Noise,Right
1705996513871,-0.279624,0.279624,0.938424,-1.26,-2.17,6.02,Noise,Right
1705996513872,-0.307928,0.277184,0.950136,1.12,-3.43,6.09,Noise,Right
1705996513872,-0.321592,0.259128,0.956968,0.98,-1.89,7.28,Noise,Right
1705996513872,-0.301584,0.250344,0.951112,0.7,-0.28,8.75,Noise,Right
1705996513872,-0.299144,0.252784,0.964776,1.19,0.28,14.98,Noise,Right
1705996513872,-0.265472,0.26596,0.953552,4.69,2.52,22.89,Noise,Right
1705996513928,-0.223016,0.268888,0.955016,6.37,1.61,30.1,Noise,Right
1705996513929,-0.203496,0.257664,0.979904,4.2,-0.77,32.27,Noise,Right
1705996513929,-0.211792,0.232776,0.979904,3.5,-2.31,32.06,Noise,Right
1705996513973,-0.243512,0.216672,0.96868,5.46,-3.15,32.9,Noise,Right
1705996513974,-0.277672,0.227408,0.922808,10.85,-3.5,31.64,Noise,Right
1705996513974,-0.315736,0.232776,0.889136,8.47,-3.85,31.71,Noise,Right
1705996514025,-0.329888,0.235704,0.876448,4.41,-3.71,34.09,Noise,Right
1705996514025,-0.33916,0.24156,0.881816,15.33,3.71,43.96,Noise,Right
1705996514025,-0.310368,0.255712,0.891088,32.13,14.0,53.83,Noise,Right
1705996514159,-0.24888,0.294752,0.878888,25.9,23.94,60.48,Noise,Right
1705996514159,-0.137128,0.340624,0.850584,21.42,40.25,55.93,Noise,Right
1705996514159,-0.130296,0.351848,0.778848,1.54,47.11,57.4,Noise,Right
1705996514159,-0.159576,0.31476,0.750544,-3.08,29.68,60.83,Noise,Right
1705996514159,-0.217648,0.263032,0.732976,-0.21,1.89,52.43,Noise,Right
1705996514160,-0.208864,0.264008,0.80276,-8.47,-19.04,34.16,Noise,Right
1705996514160,-0.13664,0.320616,0.852536,-13.79,-7.49,5.25,Noise,Right
1705996514209,-0.170312,0.335256,0.84912,-27.09,28.07,-17.85,Noise,Right
1705996514210,-0.239608,0.274256,0.81496,-37.03,71.47,-15.12,Noise,Right
1705996514210,-0.256688,0.295728,0.740296,-33.67,107.66,7.77,Noise,Right
1705996514210,-0.306464,0.3538,0.704184,-34.09,125.44,30.45,Noise,Right
1705996514253,-0.323544,0.383568,0.725168,-32.06,125.02,47.04,Noise,Right
1705996514254,-0.343552,0.401624,0.773968,-47.11,105.28,59.78,Noise,Right
1705996514302,-0.383568,0.360144,0.791048,-55.37,69.72,68.11,Noise,Right
1705996514302,-0.4514,0.330864,0.835944,-55.23,31.22,69.72,Noise,Right
1705996514303,-0.482144,0.267912,0.88084,-57.54,2.94,63.14,Noise,Right
1705996514348,-0.447496,0.238144,0.950136,-60.83,-10.5,36.12,Noise,Right
1705996514349,-0.386008,0.308416,1.018456,-61.53,-7.91,38.71,Noise,Right
1705996514349,-0.332328,0.30988,1.06384,-59.36,4.62,25.69,Noise,Right
1705996514398,-0.359168,0.303536,1.103368,-50.12,16.94,22.33,Noise,Right
1705996514398,-0.397232,0.292312,1.120448,-36.68,26.6,23.8,Noise,Right
1705996514398,-0.406992,0.304512,1.10776,-22.05,36.05,24.22,Noise,Right
1705996514444,-0.428464,0.30744,1.08336,-18.27,47.04,22.26,Noise,Right
1705996514444,-0.447984,0.333792,1.020408,-12.6,56.91,21.42,Noise,Right
1705996514444,-0.427976,0.321592,0.965752,-19.81,59.92,25.83,Noise,Right
1705996514586,-0.418704,0.281088,0.943792,-19.46,49.35,35.42,Noise,Right
1705996514586,-0.428952,0.263032,1.025288,-21.14,31.78,39.83,Noise,Right
1705996514587,-0.474824,0.252296,1.125816,-21.49,16.24,33.81,Noise,Right
1705996514587,-0.530944,0.249368,1.121912,-14.98,5.25,14.56,Noise,Right
1705996514587,-0.528992,0.232776,1.081408,-16.87,4.69,-8.12,Noise,Right
1705996514587,-0.482144,0.247904,0.99796,-22.05,17.29,-25.9,Noise,Right
1705996514588,-0.437736,0.232288,0.87596,-8.12,36.82,-26.6,Noise,Right
1705996514692,-0.476288,0.25376,0.856928,2.45,40.04,-11.9,Noise,Right
1705996514693,-0.496296,0.267912,0.895968,8.47,32.55,6.02,Noise,Right
1705996514693,-0.515328,0.289384,0.917928,8.33,20.72,21.49,Noise,Right
1705996514693,-0.52216,0.29768,0.901336,6.86,7.7,24.99,Noise,Right
1705996514693,-0.5002,0.297192,0.864736,-4.41,-13.86,23.31,Noise,Right
1705996514693,-0.450424,0.304024,0.831552,-5.39,-30.38,12.04,Noise,Right
1705996514693,-0.481168,0.26596,0.81252,-4.76,-40.6,-6.65,Noise,Right
1705996514736,-0.562664,0.182512,0.79788,-10.36,-38.15,-20.65,Noise,Right
1705996514737,-0.611952,0.13176,0.855464,-27.65,-24.15,-22.54,Noise,Right
1705996514783,-0.562176,0.147864,0.962824,-35.63,-3.5,-11.55,Noise,Right
1705996514783,-0.518256,0.1708,1.027728,-22.47,17.85,6.72,Noise,Right
1705996514783,-0.486536,0.191784,1.01748,7.0,34.86,21.98,Noise,Right
1705996514833,-0.477752,0.398696,1.44204,55.37,12.88,39.13,Noise,Right
1705996514834,-0.387472,0.288408,0.837408,38.43,-10.92,40.39,Noise,Right
1705996514834,-0.416752,0.274256,0.76372,-9.52,5.11,19.39,Noise,Right
1705996514965,-0.4392,0.150792,0.470432,-1.96,-7.28,-0.42,Noise,Right
1705996514965,-0.467992,0.099064,0.651968,-12.67,-15.61,-17.36,Noise,Right
1705996514966,-0.4758,0.265472,0.837408,-0.49,-29.05,-22.68,Noise,Right
1705996514966,-0.461648,0.221064,0.93696,-2.94,-34.09,-24.01,Noise,Right
1705996514966,-0.432368,0.152256,0.916952,-43.89,-34.02,-14.91,Noise,Right
1705996514966,-0.484096,0.132248,0.88084,-42.84,-27.51,-4.97,Noise,Right
1705996514966,-0.410896,0.119072,0.874496,-21.28,-9.66,0.63,Noise,Right
1705996515014,-0.44408,0.26352,1.038952,-18.13,2.73,4.69,Noise,Right
1705996515014,-0.40016,0.125904,0.842288,-19.32,14.07,3.78,Noise,Right
1705996515014,-0.446032,0.19276,0.982832,-15.19,17.29,2.1,Noise,Right
1705996515014,-0.427976,0.146888,0.732488,-14.14,18.13,-0.49,Noise,Right
1705996515064,-0.454328,0.177632,0.693448,-23.94,4.9,-1.54,Noise,Right
1705996515064,-0.584136,0.04148,0.951112,-62.79,-18.55,8.26,Noise,Right
1705996515108,-0.493368,0.13664,0.991128,-80.5,-32.48,20.23,Noise,Right
1705996515109,-0.54656,0.094672,0.83448,4.69,-20.02,10.64,Noise,Right
1705996515109,-0.503616,0.182512,1.070672,13.51,-7.77,4.83,Noise,Right
1705996515154,-0.21228,0.189832,1.009672,18.41,5.39,-4.97,Noise,Right
1705996515154,-0.3538,0.189832,0.803248,-37.94,5.11,-7.63,Noise,Right
1705996515154,-0.2562,0.163968,0.688568,-112.21,-15.96,0.35,Noise,Right
1705996515201,-0.481656,0.019032,0.683688,-122.15,-21.0,-1.12,Noise,Right
1705996515202,-0.389912,0.03904,0.977952,-56.56,-13.23,-10.5,Noise,Right
1705996515202,-0.5734,0.0,0.87352,-48.93,-13.09,-4.97,Noise,Right
1705996515250,-0.47336,-0.044408,0.93452,-19.74,-6.65,-3.08,Noise,Right
1705996515255,-0.436272,-0.017568,0.984296,5.04,-3.43,1.05,Noise,Right
1705996515294,-0.44652,0.016592,0.96624,27.72,-2.38,3.78,Noise,Right
1705996515295,-0.467504,0.061488,0.908656,34.02,-0.7,4.34,Noise,Right
1705996515295,-0.456768,0.077104,0.8906,25.83,-1.12,3.43,Noise,Right
1705996515342,-0.447984,0.084912,0.926712,13.51,-2.66,2.17,Noise,Right
1705996515342,-0.4514,0.088816,0.948672,-0.28,-3.15,0.42,Noise,Right
1705996515342,-0.44896,0.079544,0.94916,-13.51,-4.13,-1.4,Noise,Right
1705996515391,-0.455304,0.064904,0.930128,-24.01,-4.62,-2.66,Noise,Right
1705996515391,-0.459696,0.03172,0.906216,-26.04,-3.57,-2.8,Noise,Right
1705996515391,-0.451888,-0.003416,0.920856,-13.86,-3.5,-1.05,Noise,Right
1705996515435,-0.443104,0.000976,0.946232,5.11,-3.08,1.26,Noise,Right
1705996515435,-0.450912,0.025864,0.946232,20.44,-2.45,2.94,Noise,Right
1705996515497,-0.455304,0.061488,0.920856,21.35,-1.68,2.73,Noise,Right
1705996515497,-0.458232,0.07564,0.923784,12.18,-2.17,1.54,Noise,Right
1705996515497,-0.452864,0.077592,0.926224,0.28,-3.01,0.07,Noise,Right
1705996515546,-0.454328,0.063928,0.933544,-10.22,-3.43,-1.12,Noise,Right
1705996515546,-0.449936,0.041968,0.933056,-14.49,-3.92,-1.26,Noise,Right
1705996515546,-0.450912,0.01952,0.926224,-10.43,-3.22,-0.84,Noise,Right
1705996515547,-0.44896,0.014152,0.923296,1.4,-2.87,0.84,Noise,Right
1705996515694,-0.450912,0.035136,0.938912,10.99,-2.31,1.89,Noise,Right
1705996515695,-0.449936,0.053192,0.935984,12.18,-2.66,1.75,Noise,Right
1705996515695,-0.448472,0.057096,0.929152,6.3,-2.73,0.98,Noise,Right
1705996515695,-0.450912,0.050752,0.928664,-5.39,-3.29,-0.28,Noise,Right
1705996515695,-0.4514,0.03416,0.928176,-7.14,-3.15,-0.77,Noise,Right
1705996515695,-0.450912,0.02684,0.923784,-2.31,-2.94,0.0,Noise,Right
1705996515695,-0.449448,0.030256,0.926224,4.9,-2.59,0.84,Noise,Right
1705996515742,-0.452376,0.048312,0.928176,7.28,-2.45,1.12,Noise,Right
1705996515742,-0.454816,0.05368,0.932568,3.92,-2.94,0.98,Noise,Right
1705996515743,-0.457256,0.05856,0.930616,-0.35,-2.87,0.42,Noise,Right
1705996515743,-0.450912,0.042456,0.9272,-2.66,-2.94,0.0,Noise,Right
1705996515788,-0.453352,0.032696,0.935008,-0.84,-3.43,0.28,Noise,Right
1705996515789,-0.447496,0.035624,0.938424,3.08,-3.01,0.56,Noise,Right
1705996515835,-0.4514,0.046848,0.933544,4.27,-2.94,0.84,Noise,Right
1705996515835,-0.450424,0.047336,0.928664,2.66,-2.73,0.7,Noise,Right
1705996515835,-0.452376,0.046848,0.931104,0.07,-2.8,0.35,Noise,Right
1705996515880,-0.448472,0.03904,0.932568,-0.77,-3.01,0.21,Noise,Right
1705996515882,-0.449936,0.038552,0.92964,0.63,-2.87,0.35,Noise,Right
1705996515883,-0.451888,0.037088,0.932568,2.45,-2.87,0.7,Noise,Right
1705996515927,-0.448472,0.045872,0.926712,3.01,-3.15,0.63,Noise,Right
1705996515928,-0.456768,0.052216,0.93452,1.75,-2.66,0.49,Noise,Right
1705996515928,-0.449936,0.040992,0.928664,0.84,-2.94,0.42,Noise,Right
1705996515975,-0.449448,0.036112,0.937448,0.77,-2.94,0.42,Noise,Right
1705996515975,-0.456768,0.040504,0.932568,1.47,-2.87,0.49,Noise,Right
1705996516025,-0.454816,0.041968,0.928176,1.68,-2.87,0.56,Noise,Right
1705996516025,-0.451888,0.03904,0.92476,1.96,-3.01,0.42,Noise,Right
1705996516026,-0.449936,0.039528,0.928176,1.47,-2.73,0.49,Noise,Right
1705996516128,-0.450912,0.038552,0.929152,1.47,-2.66,0.56,Noise,Right
1705996516128,-0.449936,0.04392,0.930616,1.47,-2.94,0.56,Noise,Right
1705996516129,-0.446032,0.040504,0.930616,1.68,-2.8,0.49,Noise,Right
1705996516129,-0.450424,0.041968,0.930616,1.54,-2.94,0.49,Noise,Right
1705996516129,-0.447496,0.045384,0.927688,1.4,-2.31,0.56,Noise,Right
1705996516129,-0.448472,0.044408,0.928664,1.47,-2.59,0.49,Noise,Right
1705996516177,-0.4514,0.040504,0.926224,1.54,-3.22,0.35,Noise,Right
1705996516177,-0.449936,0.0366,0.935496,1.47,-2.87,0.35,Noise,Right
1705996516177,-0.449936,0.040504,0.929152,1.61,-2.8,0.49,Noise,Right
1705996516222,-0.451888,0.040992,0.931104,1.61,-2.87,0.56,Noise,Right
1705996516222,-0.449448,0.040504,0.927688,1.54,-2.8,0.49,Noise,Right
1705996516223,-0.449448,0.040016,0.931592,1.33,-2.73,0.49,Noise,Right
1705996516269,-0.452376,0.045872,0.93208,1.12,-2.66,0.77,Noise,Right
1705996516270,-0.454328,0.041968,0.935496,1.75,-2.94,0.35,Noise,Right
1705996516270,-0.444568,0.04148,0.928664,1.68,-2.8,0.35,Noise,Right
1705996516315,-0.45384,0.044896,0.931104,1.68,-3.15,0.49,Noise,Right
1705996516316,-0.44652,0.041968,0.935008,1.33,-2.73,0.49,Noise,Right
1705996516316,-0.452864,0.042944,0.93208,1.54,-2.73,0.42,Noise,Right
1705996516362,-0.451888,0.042456,0.9272,1.68,-2.66,0.56,Noise,Right
1705996516363,-0.452864,0.040992,0.926712,1.61,-2.73,0.35,Noise,Right
1705996516414,-0.45384,0.043432,0.928664,1.26,-2.87,0.35,Noise,Right
1705996516414,-0.454328,0.044896,0.930128,1.33,-2.8,0.49,Noise,Right
1705996516415,-0.454816,0.045872,0.933056,1.54,-2.94,0.56,Noise,Right
1705996516533,-0.45384,0.040992,0.931592,1.82,-2.87,0.49,Noise,Right
1705996516534,-0.4514,0.040016,0.92476,1.61,-3.08,0.49,Noise,Right
1705996516534,-0.450912,0.045384,0.92964,1.61,-3.15,0.42,Noise,Right
1705996516534,-0.450912,0.03904,0.926712,1.61,-2.94,0.28,Noise,Right
1705996516534,-0.449448,0.040504,0.926712,1.61,-2.52,0.49,Noise,Right
1705996516534,-0.44896,0.04392,0.926712,1.68,-2.87,0.42,Noise,Right
1705996516534,-0.450912,0.044896,0.929152,1.82,-2.87,0.42,Noise,Right
1705996516578,-0.452864,0.04148,0.933544,1.4,-3.08,0.21,Noise,Right
1705996516578,-0.447496,0.040992,0.9272,1.4,-3.01,0.49,Noise,Right
1705996516578,-0.451888,0.043432,0.929152,1.4,-3.08,0.63,Noise,Right
1705996516623,-0.44896,0.040016,0.930616,1.82,-3.5,0.42,Noise,Right
1705996516623,-0.449448,0.042456,0.923296,1.75,-2.87,0.28,Noise,Right
1705996516623,-0.453352,0.04392,0.93208,1.68,-2.73,0.42,Noise,Right
1705996516670,-0.45628,0.047824,0.927688,1.26,-2.73,0.49,Noise,Right
1705996516670,-0.454816,0.043432,0.930128,1.54,-3.01,0.42,Noise,Right
1705996516721,-0.452864,0.03904,0.929152,1.54,-2.87,0.35,Noise,Right
1705996516722,-0.448472,0.040992,0.927688,1.61,-2.8,0.42,Noise,Right
1705996516722,-0.455304,0.042456,0.93208,1.47,-2.87,0.42,Noise,Right
1705996516843,-0.4514,0.037576,0.933056,1.26,-2.59,0.42,Noise,Right
1705996516843,-0.453352,0.043432,0.93208,1.4,-2.73,0.49,Noise,Right
1705996516843,-0.455792,0.039528,0.931592,1.68,-2.87,0.56,Noise,Right
1705996516843,-0.449448,0.042456,0.928664,1.61,-2.87,0.35,Noise,Right
1705996516844,-0.447496,0.042944,0.924272,1.33,-2.17,0.56,Noise,Right
1705996516844,-0.450424,0.041968,0.93208,1.47,-2.59,0.35,Noise,Right
1705996516844,-0.446032,0.044896,0.927688,1.68,-2.87,0.28,Noise,Right
1705996516890,-0.454328,0.045872,0.92964,1.61,-2.66,0.35,Noise,Right
1705996516892,-0.45628,0.045872,0.933544,1.54,-2.45,0.49,Noise,Right
1705996516892,-0.451888,0.042456,0.93208,1.54,-2.94,0.49,Noise,Right
1705996516935,-0.452864,0.037576,0.933056,1.4,-2.59,0.49,Noise,Right
1705996516936,-0.450424,0.045384,0.931592,1.54,-3.01,0.56,Noise,Right
1705996516936,-0.448472,0.039528,0.92964,1.75,-3.08,0.63,Noise,Right
1705996516980,-0.451888,0.04392,0.930128,1.68,-3.71,-0.07,Noise,Right
1705996516982,-0.447984,0.04392,0.929152,1.54,-2.87,0.42,Noise,Right
1705996516982,-0.447984,0.044408,0.926224,1.61,-2.87,0.42,Noise,Right
1705996517030,-0.45384,0.041968,0.933544,1.47,-2.66,0.49,Noise,Right
1705996517030,-0.4514,0.043432,0.92964,1.47,-3.01,0.42,Noise,Right
1705996517031,-0.452376,0.037088,0.930616,1.4,-2.87,0.42,Noise,Right
1705996517076,-0.453352,0.044408,0.931104,1.61,-2.66,0.56,Noise,Right
1705996517076,-0.45384,0.042944,0.931592,1.47,-2.94,0.42,Noise,Right
1705996517128,-0.452864,0.043432,0.928664,1.4,-2.87,0.42,Noise,Right
1705996517128,-0.450912,0.037576,0.931104,1.54,-2.94,0.49,Noise,Right
1705996517129,-0.454328,0.045872,0.93208,1.54,-2.94,0.63,Noise,Right
1705996517250,-0.452376,0.042944,0.927688,1.47,-2.73,0.14,Noise,Right
1705996517252,-0.452376,0.040992,0.925248,1.33,-2.73,0.42,Noise,Right
1705996517252,-0.44652,0.04392,0.928664,1.61,-2.73,0.56,Noise,Right
1705996517252,-0.452864,0.044896,0.934032,1.54,-2.87,0.49,Noise,Right
1705996517253,-0.450424,0.044896,0.926712,1.68,-2.52,0.56,Noise,Right
1705996517253,-0.450424,0.042944,0.929152,1.75,-2.66,0.28,Noise,Right
1705996517253,-0.447496,0.045872,0.92476,1.47,-2.73,0.21,Noise,Right
1705996517356,-0.449448,0.043432,0.92476,1.68,-2.73,0.42,Noise,Right
1705996517356,-0.451888,0.03904,0.929152,1.68,-3.08,0.35,Noise,Right
1705996517356,-0.455304,0.045872,0.930616,1.47,-2.87,0.35,Noise,Right
1705996517357,-0.4514,0.040504,0.932568,1.4,-2.87,0.35,Noise,Right
1705996517357,-0.4514,0.04392,0.929152,1.47,-2.59,0.77,Noise,Right
1705996517357,-0.445056,0.044896,0.926712,1.61,-2.66,0.42,Noise,Right
1705996517404,-0.45384,0.044896,0.926712,1.68,-2.66,0.42,Noise,Right
1705996517404,-0.45384,0.041968,0.92964,1.82,-2.73,0.49,Noise,Right
1705996517405,-0.451888,0.040504,0.925248,1.47,-2.87,0.49,Noise,Right
1705996517405,-0.454328,0.040016,0.92964,1.4,-2.87,0.42,Noise,Right
1705996517540,-0.456768,0.037576,0.92964,1.4,-2.73,0.56,Noise,Right
1705996517540,-0.45384,0.043432,0.928664,1.61,-2.87,0.56,Noise,Right
1705996517541,-0.450424,0.044896,0.930616,1.47,-2.8,0.49,Noise,Right
1705996517541,-0.448472,0.043432,0.9272,1.54,-2.73,0.56,Noise,Right
1705996517541,-0.449936,0.045872,0.925736,1.61,-2.8,0.35,Noise,Right
1705996517542,-0.449936,0.04148,0.928664,1.61,-2.73,0.35,Noise,Right
1705996517542,-0.450424,0.043432,0.928176,1.61,-2.73,0.49,Noise,Right
1705996517586,-0.450424,0.042456,0.930616,1.61,-2.87,0.42,Noise,Right
1705996517587,-0.451888,0.040016,0.933056,1.47,-3.22,0.56,Noise,Right
1705996517587,-0.447984,0.041968,0.926712,1.33,-2.87,0.35,Noise,Right
1705996517662,-0.452376,0.043432,0.92964,1.54,-2.87,0.35,Noise,Right
1705996517662,-0.449448,0.037576,0.932568,1.54,-2.94,0.49,Noise,Right
1705996517663,-0.454816,0.042456,0.931592,1.82,-3.01,0.49,Noise,Right
1705996517663,-0.450912,0.040992,0.926712,1.54,-2.87,0.49,Noise,Right
1705996517664,-0.4514,0.040016,0.93208,1.47,-2.38,0.42,Noise,Right
1705996517763,-0.451888,0.042456,0.926712,1.61,-2.66,0.42,Noise,Right
1705996517763,-0.454328,0.042944,0.931104,1.61,-2.8,0.49,Noise,Right
1705996517763,-0.450424,0.040504,0.930616,1.47,-2.73,0.49,Noise,Right
1705996517763,-0.448472,0.04148,0.925248,1.61,-2.87,0.49,Noise,Right
1705996517763,-0.443592,0.045872,0.927688,1.75,-2.87,0.28,Noise,Right
1705996517763,-0.45384,0.040504,0.925248,1.68,-2.73,0.35,Noise,Right
1705996517867,-0.451888,0.042456,0.931104,1.68,-2.66,0.56,Noise,Right
1705996517868,-0.449448,0.04392,0.93208,1.68,-2.87,0.35,Noise,Right
1705996517868,-0.454328,0.04392,0.931592,1.61,-3.01,0.42,Noise,Right
1705996517868,-0.447008,0.040992,0.930616,1.61,-2.94,0.42,Noise,Right
1705996517868,-0.447008,0.04392,0.9272,1.68,-2.8,0.42,Noise,Right
1705996517869,-0.453352,0.044408,0.931104,1.61,-2.52,0.42,Noise,Right
1705996517923,-0.449936,0.040016,0.929152,1.82,-3.01,0.49,Noise,Right
1705996517924,-0.45628,0.045384,0.928664,1.54,-3.01,0.49,Noise,Right
1705996517924,-0.453352,0.042456,0.928176,1.54,-2.94,0.35,Noise,Right
1705996517968,-0.451888,0.038552,0.930616,1.33,-2.52,0.56,Noise,Right
1705996517968,-0.450424,0.039528,0.925736,1.61,-2.8,0.35,Noise,Right
1705996517968,-0.452864,0.042944,0.925736,1.4,-2.87,0.56,Noise,Right
1705996518018,-0.451888,0.040504,0.927688,1.54,-2.8,0.63,Noise,Right
1705996518019,-0.447496,0.040504,0.926712,1.47,-2.8,0.35,Noise,Right
1705996518019,-0.452376,0.040992,0.927688,1.54,-2.94,0.56,Noise,Right
1705996518062,-0.448472,0.044896,0.926712,1.68,-2.45,0.7,Noise,Right
1705996518062,-0.448472,0.040504,0.930128,1.61,-2.94,0.49,Noise,Right
1705996518109,-0.447496,0.042944,0.93208,1.47,-2.8,0.56,Noise,Right
1705996518109,-0.452864,0.040992,0.933056,1.47,-2.87,0.42,Noise,Right
1705996518110,-0.451888,0.040504,0.930128,1.33,-2.87,0.35,Noise,Right
1705996518156,-0.4514,0.042456,0.928176,1.33,-2.73,0.35,Noise,Right
1705996518156,-0.4514,0.039528,0.9272,1.61,-2.87,0.49,Noise,Right
1705996518156,-0.449936,0.041968,0.926712,1.47,-2.94,0.49,Noise,Right
1705996518204,-0.451888,0.040016,0.92964,1.4,-3.08,0.49,Noise,Right
1705996518204,-0.450912,0.043432,0.928664,1.4,-2.73,0.56,Noise,Right
1705996518205,-0.451888,0.038064,0.932568,1.61,-2.94,0.49,Noise,Right
1705996518275,-0.451888,0.041968,0.930128,1.61,-2.66,0.35,Noise,Right
1705996518276,-0.452376,0.040992,0.9272,1.4,-2.94,0.35,Noise,Right
1705996518276,-0.447008,0.04148,0.925248,1.47,-2.73,0.49,Noise,Right
1705996518276,-0.454816,0.04392,0.92964,1.47,-2.73,0.42,Noise,Right
1705996518326,-0.44896,0.040504,0.926712,1.68,-2.52,0.56,Noise,Right
1705996518326,-0.45628,0.044408,0.9272,1.61,-2.73,0.35,Noise,Right
1705996518326,-0.447496,0.045384,0.928176,1.54,-2.87,0.49,Noise,Right
1705996518376,-0.452864,0.038552,0.927688,1.68,-2.73,0.63,Noise,Right
1705996518377,-0.453352,0.042456,0.93696,1.47,-2.94,0.63,Noise,Right
1705996518377,-0.451888,0.037088,0.935984,1.68,-2.94,0.56,Noise,Right
1705996518482,-0.450912,0.037088,0.931592,1.61,-2.94,0.49,Noise,Right
1705996518482,-0.4514,0.043432,0.925736,1.61,-3.01,0.49,Noise,Right
1705996518482,-0.453352,0.042944,0.933056,1.4,-3.01,0.49,Noise,Right
1705996518484,-0.452864,0.045384,0.930128,1.54,-2.94,0.35,Noise,Right
1705996518484,-0.447496,0.042944,0.93208,1.68,-2.8,0.49,Noise,Right
1705996518484,-0.452864,0.044408,0.930616,1.61,-2.8,0.42,Noise,Right
1705996518530,-0.450912,0.042944,0.932568,1.33,-2.45,0.63,Noise,Right
1705996518530,-0.451888,0.041968,0.928664,1.47,-2.8,0.56,Noise,Right
1705996518530,-0.447984,0.040504,0.925736,1.47,-2.8,0.42,Noise,Right
1705996518664,-0.449936,0.041968,0.928664,1.61,-3.36,0.42,Noise,Right
1705996518664,-0.4514,0.04392,0.9272,1.4,-2.8,0.63,Noise,Right
1705996518664,-0.449936,0.038552,0.930128,1.26,-2.87,0.42,Noise,Right
1705996518664,-0.450424,0.040016,0.927688,1.61,-2.94,0.49,Noise,Right
1705996518665,-0.449936,0.042456,0.922808,1.68,-2.73,0.21,Noise,Right
1705996518665,-0.449936,0.04392,0.928176,1.89,-2.8,0.35,Noise,Right
1705996518665,-0.452864,0.041968,0.93208,1.75,-2.8,0.28,Noise,Right
1705996518712,-0.45384,0.043432,0.928176,1.61,-2.73,0.28,Noise,Right
1705996518712,-0.454328,0.03904,0.935984,1.33,-2.8,0.42,Noise,Right
1705996518712,-0.450424,0.040992,0.9272,1.47,-2.8,0.35,Noise,Right
1705996518712,-0.451888,0.041968,0.930128,1.68,-2.73,0.56,Noise,Right
1705996518769,-0.450424,0.042456,0.925736,1.68,-2.66,0.42,Noise,Right
1705996518770,-0.450424,0.041968,0.928664,1.54,-3.01,0.56,Noise,Right
1705996518882,-0.40992,0.035136,1.535248,1.47,-2.73,0.35,Noise,Right
1705996518882,-0.351848,-0.022448,0.75884,144.9,40.6,10.15,Noise,Right
1705996518882,-0.574376,0.05856,0.824232,200.48,49.63,13.72,Noise,Right
1705996518882,-0.61732,0.29524,0.857904,195.72,40.88,19.46,Noise,Right
1705996518883,-0.355752,0.313784,0.811056,153.3,32.69,5.81,Noise,Right
1705996518883,-0.360632,0.276208,0.76616,43.54,15.82,2.59,Noise,Right
1705996518883,-0.462624,0.259128,0.860344,-74.97,-5.81,-4.69,Noise,Right
1705996518933,-0.530456,0.211304,0.923784,-125.51,-11.9,-3.57,Noise,Right
1705996518933,-0.464576,0.1342,0.962336,-141.05,-10.43,-7.49,Noise,Right
1705996518933,-0.537776,0.120536,1.037976,-124.95,4.06,-16.59,Noise,Right
1705996518933,-0.5124,-0.060024,1.104344,-120.47,13.93,-14.0,Noise,Right
1705996518980,-0.499224,-0.208376,1.089704,-61.25,28.21,-2.52,Noise,Right
1705996518980,-0.427488,-0.071736,0.921832,17.78,42.28,11.83,Noise,Right
1705996519093,-0.53924,0.161528,0.738344,57.75,43.68,15.61,Noise,Right
1705996519094,-0.559736,0.246928,0.71492,12.53,32.48,7.42,Noise,Right
1705996519094,-0.555344,0.14884,0.796904,-64.47,20.51,-0.7,Noise,Right
1705996519094,-0.564616,0.106384,0.872544,-107.66,15.26,-3.99,Noise,Right
1705996519095,-0.487024,0.0122,0.95892,-123.9,15.26,-5.53,Noise,Right
1705996519095,-0.540704,-0.138104,0.931104,-70.49,25.97,-0.35,Noise,Right
1705996519095,-0.55144,0.02684,0.85644,51.87,32.83,6.3,Noise,Right
1705996519146,-0.537288,0.065392,0.803736,68.6,32.13,2.94,Noise,Right
1705996519147,-0.586576,-0.016104,0.801296,35.07,27.3,2.17,Noise,Right
1705996519147,-0.553392,0.019032,0.774944,-11.62,22.47,4.2,Noise,Right
1705996519197,-0.599752,0.037576,0.88084,-45.5,18.06,4.06,Noise,Right
1705996519198,-0.596336,0.026352,0.857416,-40.25,21.35,4.27,Noise,Right
1705996519198,-0.621712,0.002928,0.884744,-32.06,23.03,3.29,Noise,Right
1705996519299,-0.606584,-0.038064,0.921344,-45.85,26.32,4.41,Noise,Right
1705996519299,-0.60512,-0.13176,0.977952,-55.09,34.58,10.5,Noise,Right
1705996519299,-0.640744,-0.061976,0.86132,-38.29,52.01,20.51,Noise,Right
1705996519299,-0.610488,-0.055144,0.7564,-13.65,50.75,21.35,Noise,Right
1705996519299,-0.65148,-0.049776,0.680272,-14.84,39.69,18.2,Noise,Right
1705996519300,-0.64904,-0.029768,0.693936,-45.01,31.22,19.04,Noise,Right
1705996519346,-0.691008,-0.008784,0.725168,-65.8,26.46,19.18,Noise,Right
1705996519347,-0.6954,0.0,0.720288,-66.78,24.64,16.59,Noise,Right
1705996519347,-0.691008,0.095648,0.767136,-17.71,28.07,11.41,Noise,Right
1705996519394,-0.682224,-0.036112,0.784216,33.04,32.2,6.3,Noise,Right
1705996519394,-0.66612,-0.066368,0.757864,37.73,33.88,6.44,Noise,Right
1705996519394,-0.671488,-0.1098,0.784216,38.15,35.42,9.31,Noise,Right
1705996519439,-0.723216,-0.132248,0.786168,34.23,35.98,14.49,Noise,Right
1705996519440,-0.745176,-0.045872,0.815448,38.15,42.42,18.48,Noise,Right
1705996519563,-0.711504,-0.067832,0.810568,61.53,59.29,16.8,Noise,Right
1705996519563,-0.759328,0.008296,0.781776,82.04,82.25,5.88,Noise,Right
1705996519563,-0.787632,0.013664,0.684664,86.52,94.08,-6.3,Noise,Right
1705996519563,-0.778848,0.038064,0.575352,97.16,88.62,-10.5,Noise,Right
1705996519564,-0.823744,0.088816,0.493368,87.78,74.9,-7.21,Noise,Right
1705996519564,-0.852536,0.074664,0.475312,72.87,57.47,2.17,Noise,Right
1705996519564,-0.90036,0.072224,0.445056,48.86,38.29,19.11,Noise,Right
1705996519608,-0.9028,0.02928,0.479216,44.59,26.88,31.85,Noise,Right
1705996519609,-0.877424,0.10248,0.521184,57.47,21.98,39.2,Noise,Right
1705996519609,-0.871568,0.125416,0.550464,68.95,23.59,41.09,Noise,Right
1705996519655,-0.896944,0.135664,0.532408,75.18,27.79,38.5,Noise,Right
1705996519656,-0.984296,0.160064,0.523136,72.03,28.7,36.75,Noise,Right
1705996519656,-1.088728,0.171288,0.515328,66.78,28.7,35.14,Noise,Right
1705996519707,-1.082384,0.19032,0.493856,62.44,29.05,38.22,Noise,Right
1705996519707,-0.987712,0.169336,0.491904,65.94,28.21,47.88,Noise,Right
1705996519708,-0.872544,0.211304,0.511424,59.01,29.68,63.84,Noise,Right
1705996519754,-0.813008,0.235704,0.494344,79.45,37.94,71.68,Noise,Right
1705996519755,-0.760304,0.259616,0.464088,83.51,49.28,70.42,Noise,Right
1705996519755,-0.752984,0.260592,0.430416,77.56,61.18,59.71,Noise,Right
1705996519894,-0.739808,0.286944,0.386008,53.62,74.2,44.59,Noise,Right
1705996519894,-0.712968,0.307928,0.334768,37.31,85.54,25.27,Noise,Right
1705996519895,-0.671,0.339648,0.309392,30.38,96.04,11.97,Noise,Right
1705996519895,-0.63684,0.384544,0.289384,37.03,103.95,4.2,Noise,Right
1705996519895,-0.622688,0.408456,0.252784,56.21,104.79,-2.1,Noise,Right
1705996519895,-0.634888,0.411872,0.177144,74.76,95.27,-5.88,Noise,Right
1705996519895,-0.63928,0.391376,0.081008,55.16,71.47,-0.63,Noise,Right
1705996520027,-0.727608,0.393328,0.038064,27.65,39.34,6.72,Noise,Right
1705996520031,-0.777872,0.379176,0.108824,16.38,16.38,8.61,Noise,Right
1705996520037,-0.765672,0.384056,0.172264,9.87,5.25,2.87,Noise,Right
1705996520038,-0.753472,0.382104,0.199104,18.62,2.52,-7.0,Noise,Right
1705996520039,-0.793,0.391376,0.206424,26.04,-0.28,-17.71,Noise,Right
1705996520039,-0.833504,0.402112,0.182512,29.4,-7.77,-24.85,Noise,Right
1705996520039,-0.886208,0.372832,0.171288,26.81,-22.12,-26.95,Noise,Right
1705996520039,-0.93208,0.366,0.161528,18.9,-35.98,-24.85,Noise,Right
1705996520059,-0.938912,0.381128,0.1464,6.02,-43.89,-20.58,Noise,Right
1705996520059,-0.914024,0.397232,0.130296,-4.9,-46.48,-14.56,Noise,Right
1705996520059,-0.885232,0.376248,0.206424,-6.79,-44.73,-10.85,Noise,Right
1705996520105,-0.876448,0.35868,0.321104,-11.41,-32.83,-5.53,Noise,Right
1705996520106,-0.892064,0.359656,0.359168,13.51,-16.1,-5.95,Noise,Right
1705996520153,-0.975512,0.365024,0.305976,33.04,-14.56,-11.2,Noise,Right
1705996520154,-1.056032,0.360632,0.264496,28.0,-32.41,-15.54,Noise,Right
1705996520154,-1.039928,0.359656,0.260104,6.3,-61.67,-14.14,Noise,Right
1705996520206,-1.000888,0.368928,0.265472,0.77,-69.72,-7.14,Noise,Right
1705996520206,-0.948672,0.499224,0.260104,-1.68,-66.71,0.84,Noise,Right
1705996520206,-0.89304,0.369904,0.280112,-1.82,-54.04,8.96,Noise,Right
1705996520324,-0.835944,0.367952,0.327936,3.29,-31.29,13.37,Noise,Right
1705996520324,-0.78812,0.376736,0.356728,13.37,0.98,13.58,Noise,Right
1705996520324,-0.791536,0.362584,0.389424,29.12,35.07,8.12,Noise,Right
1705996520324,-0.791048,0.371368,0.316712,41.72,56.77,-2.17,Noise,Right
1705996520324,-0.872544,0.370392,0.257176,38.43,56.56,-12.32,Noise,Right
1705996520324,-0.923784,0.359168,0.233264,29.68,38.22,-20.16,Noise,Right
1705996520324,-0.972096,0.34892,0.225456,21.35,8.89,-21.42,Noise,Right
1705996520370,-0.975512,0.338672,0.2318,16.8,-18.48,-19.25,Noise,Right
1705996520371,-0.954528,0.342088,0.24156,4.55,-37.03,-16.94,Noise,Right
1705996520371,-0.92964,0.333792,0.244976,-4.41,-44.1,-17.99,Noise,Right
1705996520417,-0.907192,0.328424,0.264984,-16.17,-44.17,-20.51,Noise,Right
1705996520417,-0.877912,0.305488,0.298656,-24.57,-38.71,-21.84,Noise,Right
1705996520463,-0.848632,0.296704,0.339648,-21.14,-24.43,-19.46,Noise,Right
1705996520464,-0.833504,0.283528,0.34648,-10.08,-12.74,-14.7,Noise,Right
1705996520465,-0.857904,0.290848,0.321104,0.77,-5.18,-9.38,Noise,Right
1705996520591,-0.857416,0.307928,0.298168,9.45,-7.7,-5.74,Noise,Right
1705996520591,-0.851072,0.316224,0.280112,10.29,-17.5,-3.71,Noise,Right
1705996520591,-0.854976,0.311832,0.2806,6.09,-29.05,-4.13,Noise,Right
1705996520591,-0.857416,0.327448,0.266936,1.12,-36.54,-5.32,Noise,Right
1705996520591,-0.858392,0.337696,0.256688,-8.61,-39.13,-4.13,Noise,Right
1705996520591,-0.84424,0.332328,0.310856,-18.69,-32.34,0.21,Noise,Right
1705996520591,-0.864736,0.30012,0.39528,-18.55,-15.12,5.39,Noise,Right
1705996520638,-0.892064,0.471408,0.458232,-38.43,3.5,25.2,Noise,Right
1705996520638,-0.94672,0.29768,0.47092,25.83,5.53,23.24,Noise,Right
1705996520638,-1.007232,0.304024,0.343064,55.51,-0.98,15.4,Noise,Right
1705996520680,-0.935496,0.303048,0.239608,63.21,-31.99,2.8,Noise,Right
1705996520680,-0.918904,0.299144,0.233752,42.0,-72.17,-7.56,Noise,Right
1705996520680,-0.848632,0.29524,0.229848,13.16,-97.58,-13.86,Noise,Right
1705996520735,-0.772016,0.216672,0.221552,-7.77,-112.56,-15.54,Noise,Right
1705996520735,-0.892064,0.293288,0.2562,-61.81,-136.85,-8.82,Noise,Right
1705996520736,-0.842776,0.33672,0.253272,-60.48,-139.23,7.21,Noise,Right
1705996520843,-0.80032,0.320616,0.271328,-106.47,-135.94,14.28,Noise,Right
1705996520843,-0.764696,0.262544,0.343552,-127.68,-118.79,6.72,Noise,Right
1705996520843,-0.633424,0.254248,0.48312,-151.9,-93.73,-2.8,Noise,Right
1705996520843,-0.633424,0.183488,0.631472,-165.2,-73.57,-8.12,Noise,Right
1705996520843,-0.63196,0.180072,0.74664,-134.82,-58.59,-6.02,Noise,Right
1705996520844,-0.675392,0.16592,0.77592,-87.71,-53.41,1.12,Noise,Right
1705996520939,-0.736392,0.17568,0.735416,-35.21,-69.79,4.62,Noise,Right
1705996520939,-0.5978,0.18544,0.672464,-26.04,-102.97,2.52,Noise,Right
1705996520939,-0.67832,0.166408,0.648552,-48.86,-140.21,-1.05,Noise,Right
1705996520940,-0.718824,0.0854,0.642696,-6.09,-155.05,-5.46,Noise,Right
1705996520940,-0.684176,0.085888,0.606584,-90.44,-151.41,-4.55,Noise,Right
1705996520940,-0.57828,0.003904,0.750056,-182.77,-139.51,-9.94,Noise,Right
1705996521044,-0.481168,-0.106872,0.98088,-219.1,-107.73,-18.27,Noise,Right
1705996521044,-0.495808,-0.05856,1.125328,-193.55,-78.82,-19.88,Noise,Right
1705996521044,-0.479216,-0.089304,1.158024,-129.08,-60.62,-16.38,Noise,Right
1705996521044,-0.330376,-0.043432,1.443992,-18.27,-105.21,-13.72,Noise,Right
1705996521044,-0.662216,-0.10004,1.096536,1.33,-106.61,-28.56,Noise,Right
1705996521045,-0.515328,-0.112728,0.921832,-19.67,-106.19,-17.71,Noise,Right
1705996521147,-0.50752,-0.1098,0.946232,-64.82,-98.84,-17.64,Noise,Right
1705996521148,-0.396744,-0.186904,1.010648,-50.4,-84.49,-21.91,Noise,Right
1705996521148,-0.343552,-0.149816,1.087752,-65.03,-69.51,-24.92,Noise,Right
1705996521148,-0.366488,-0.169336,1.159488,-81.06,-51.73,-21.07,Noise,Right
1705996521148,-0.301584,-0.136152,1.164856,-38.01,-17.71,-20.44,Noise,Right
1705996521148,-0.292312,-0.147376,1.052616,-4.9,7.63,-18.76,Noise,Right
1705996521199,-0.424072,-0.050752,1.000888,11.06,19.88,-13.51,Noise,Right
1705996521199,-0.375272,-0.092232,0.898408,17.64,13.44,-5.32,Noise,Right
1705996521199,-0.440664,-0.119072,0.933544,28.21,-8.26,-3.78,Noise,Right
1705996521327,-0.443592,-0.1708,0.96136,19.18,-42.56,-5.53,Noise,Right
1705996521327,-0.43676,-0.177144,1.011624,15.47,-77.7,-15.82,Noise,Right
1705996521328,-0.40504,-0.12688,0.89548,8.75,-100.66,-34.79,Noise,Right
1705996521328,-0.272792,-0.18788,1.040904,19.6,-98.28,-51.94,Noise,Right
1705996521328,-0.306464,-0.182512,1.057984,4.34,-86.94,-59.64,Noise,Right
1705996521328,-0.245464,-0.154696,1.11752,16.73,-54.39,-57.19,Noise,Right
1705996521328,-0.137616,-0.090768,1.122888,1.75,-19.81,-39.69,Noise,Right
1705996521382,-0.214232,-0.074664,1.097024,20.93,9.66,-21.77,Noise,Right
1705996521382,-0.205448,-0.083448,1.043832,31.64,24.57,-4.06,Noise,Right
1705996521383,-0.13908,-0.152256,1.039928,46.34,22.82,6.44,Noise,Right
1705996521383,-0.228872,-0.142008,1.016016,54.95,7.42,15.89,Noise,Right
1705996521436,-0.183,-0.037576,1.005768,45.85,-20.3,21.07,Noise,Right
1705996521436,-0.184464,-0.035136,1.017968,46.41,-44.52,7.77,Noise,Right
1705996521436,-0.183488,-0.064904,1.03456,44.94,-57.4,-20.44,Noise,Right
1705996521552,-0.190808,-0.080032,1.05164,31.99,-56.91,-47.67,Noise,Right
1705996521552,-0.176656,-0.081496,1.080432,22.4,-45.57,-65.66,Noise,Right
1705996521552,-0.181048,-0.096136,1.118496,19.39,-27.65,-66.29,Noise,Right
1705996521553,-0.192272,-0.06344,1.114104,26.11,-11.48,-49.91,Noise,Right
1705996521553,-0.11224,-0.075152,1.087264,38.08,-1.82,-31.08,Noise,Right
1705996521553,-0.0854,-0.028304,1.067744,35.35,-3.22,-9.59,Noise,Right
1705996521553,-0.14884,-0.005856,1.071648,35.91,-12.32,3.22,Noise,Right
1705996521599,-0.110776,-0.001952,1.059936,34.86,-26.95,2.31,Noise,Right
1705996521600,-0.128344,0.040016,1.026752,29.26,-39.34,-33.53,Noise,Right
1705996521600,-0.074664,-0.019032,1.05408,41.44,-41.58,-45.64,Noise,Right
1705996521648,-0.147376,-0.019032,1.033096,15.89,-40.39,-63.35,Noise,Right
1705996521649,-0.142496,-0.077104,1.062864,9.24,-29.33,-66.15,Noise,Right
1705996521649,-0.106384,-0.039528,1.109224,11.13,-15.89,-49.63,Noise,Right
1705996521691,-0.061976,-0.027816,1.134112,22.68,-2.17,-27.02,Noise,Right
1705996521692,-0.061,-0.013664,1.125328,38.64,8.54,-6.3,Noise,Right
1705996521738,-0.076128,0.01464,1.089216,41.37,12.6,4.76,Noise,Right
1705996521738,-0.091256,0.030256,1.057008,40.53,12.25,0.7,Noise,Right
1705996521738,-0.109312,0.035136,1.033584,32.76,4.97,-14.42,Noise,Right
1705996521784,-0.122976,0.042456,1.035536,25.48,-6.37,-33.32,Noise,Right
1705996521784,-0.113216,-0.037088,1.031144,16.59,-16.59,-54.18,Noise,Right
1705996521784,-0.142496,-0.015128,1.05896,29.54,-19.46,-62.23,Noise,Right
1705996521842,-0.132736,-0.027328,1.0614,33.53,-14.77,-58.38,Noise,Right
1705996521842,-0.111264,-0.030256,1.077504,37.59,-2.31,-44.94,Noise,Right
1705996521893,-0.108824,-0.004392,1.072624,39.27,11.97,-26.25,Noise,Right
1705996521893,-0.101504,0.029768,1.053104,43.61,22.75,-9.17,Noise,Right
1705996521893,-0.111264,0.057584,1.017968,46.55,25.9,0.42,Noise,Right
1705996521894,-0.132248,0.080032,0.97112,45.22,20.44,-2.24,Noise,Right
1705996521940,-0.186416,0.082472,0.935984,40.32,10.99,-34.37,Noise,Right
1705996521940,-0.165432,0.072712,0.941352,36.05,-3.5,-37.17,Noise,Right
1705996521940,-0.174216,-0.006344,0.950136,26.74,-15.26,-53.48,Noise,Right
1705996521987,-0.18544,0.071248,0.964776,42.42,-20.09,-59.71,Noise,Right
1705996521987,-0.166408,0.101016,0.967216,39.69,-16.87,-52.64,Noise,Right
1705996521987,-0.127856,0.128832,0.984784,31.29,-5.67,-35.7,Noise,Right
1705996522033,-0.13908,0.130784,1.004792,21.56,10.57,-14.0,Noise,Right
1705996522033,-0.162016,0.143472,0.998448,19.95,26.25,3.71,Noise,Right
1705996522079,-0.205448,0.14884,0.939888,23.73,33.74,11.34,Noise,Right
1705996522080,-0.214232,0.19032,0.856928,25.55,27.79,7.0,Noise,Right
1705996522080,-0.20496,0.229848,0.838872,19.67,13.65,-8.54,Noise,Right
1705996522127,-0.195688,0.227408,0.847168,11.06,0.35,-26.39,Noise,Right
1705996522127,-0.262544,0.145424,0.866688,5.18,-9.59,-36.96,Noise,Right
1705996522128,-0.297192,0.135176,0.874984,4.97,-18.62,-35.35,Noise,Right
1705996522175,-0.18788,0.162504,0.918416,11.69,-20.37,-24.92,Noise,Right
1705996522175,-0.217648,0.173728,0.978928,-5.67,-12.25,-10.5,Noise,Right
1705996522176,-0.169824,0.201544,0.984784,-17.92,2.94,2.03,Noise,Right
1705996522225,-0.130784,0.2318,0.984784,-1.96,10.99,10.36,Noise,Right
1705996522225,-0.1342,0.225456,1.004304,-3.78,10.71,10.22,Noise,Right
1705996522226,-0.140056,0.233264,1.016016,0.56,5.81,0.21,Noise,Right
1705996522267,-0.155672,0.211304,1.009184,2.31,-2.73,-13.79,Noise,Right
1705996522267,-0.171776,0.205448,0.994544,3.71,-10.71,-25.13,Noise,Right
1705996522319,-0.20496,0.179584,0.972096,2.87,-12.81,-30.03,Noise,Right
1705996522319,-0.27572,0.249856,0.940376,-4.55,-10.08,-27.02,Noise,Right
1705996522319,-0.072712,0.125904,0.845216,1.89,-4.48,-19.53,Noise,Right
1705996522362,-0.242048,0.166896,0.987712,-9.45,-4.13,-10.78,Noise,Right
1705996522362,-0.20984,0.19276,1.010648,-7.21,-1.75,-9.38,Noise,Right
1705996522362,-0.171776,0.191784,1.031632,-6.65,-0.77,-12.67,Noise,Right
1705996522407,-0.206424,0.16348,1.047248,-7.84,-3.43,-13.65,Noise,Right
1705996522408,-0.20252,0.137128,1.065304,2.17,-10.85,-10.15,Noise,Right
1705996522533,-0.17324,0.123464,1.06628,9.8,-9.59,-8.61,Noise,Right
1705996522533,-0.150304,0.171776,1.044808,11.76,0.84,-14.07,Noise,Right
1705996522534,-0.174216,0.115656,0.973072,-4.2,5.95,-21.84,Noise,Right
1705996522534,-0.223992,0.173728,0.967704,3.92,-1.4,-23.38,Noise,Right
1705996522534,-0.072712,0.132736,0.977464,19.39,-4.62,-33.32,Noise,Right
1705996522534,-0.250832,0.152744,1.010648,-8.19,-7.07,-34.58,Noise,Right
1705996522534,-0.268888,0.115656,1.001376,-1.68,-4.69,-27.37,Noise,Right
1705996522578,-0.247904,0.113216,1.051152,-4.2,-5.46,-12.6,Noise,Right
1705996522578,-0.230336,0.110288,1.035536,-6.72,-4.06,-1.05,Noise,Right
1705996522578,-0.218624,0.14152,1.015528,-11.97,-1.68,6.23,Noise,Right
1705996522625,-0.195688,0.121512,0.976976,-20.23,2.38,8.96,Noise,Right
1705996522626,-0.242048,0.139568,0.975512,-14.49,7.07,11.2,Noise,Right
1705996522626,-0.225456,0.10004,0.990152,-15.33,8.54,11.34,Noise,Right
1705996522674,-0.211792,0.105896,1.001376,-15.82,9.87,8.61,Noise,Right
1705996522674,-0.198128,0.145912,0.99552,-20.44,8.61,5.32,Noise,Right
1705996522675,-0.209352,0.132736,1.00528,-21.42,7.07,4.76,Noise,Right
1705996522718,-0.221552,0.105896,1.00528,-14.98,7.35,6.44,Noise,Right
1705996522718,-0.231312,0.096624,0.99308,-2.94,5.53,10.78,Noise,Right
1705996522718,-0.229848,0.12444,0.9638,4.97,2.94,16.87,Noise,Right
1705996522766,-0.244976,0.115168,0.951112,5.46,0.84,20.16,Noise,Right
1705996522766,-0.24156,0.110288,0.95404,6.23,0.0,22.4,Noise,Right
1705996522812,-0.230336,0.076616,0.98088,-3.08,-1.12,25.27,Noise,Right
1705996522812,-0.193736,0.068808,1.030656,-2.66,-0.07,29.05,Noise,Right
1705996522812,-0.153232,0.085888,1.050664,-7.07,0.63,27.3,Noise,Right
1705996522862,-0.142008,0.10492,1.050176,-6.93,-1.47,22.12,Noise,Right
1705996522862,-0.177632,0.087352,1.019432,-2.66,-4.48,17.92,Noise,Right
1705996522863,-0.21716,0.086864,0.976488,3.92,-6.37,21.0,Noise,Right
1705996522987,-0.253272,0.0854,0.951112,6.02,-9.73,24.64,Noise,Right
1705996522987,-0.285968,0.107848,0.90768,3.78,-10.29,28.7,Noise,Right
1705996522987,-0.259128,0.136152,0.888648,2.45,-9.24,30.17,Noise,Right
1705996522987,-0.252784,0.124928,0.886208,-3.36,-3.85,32.97,Noise,Right
1705996522987,-0.230824,0.113216,0.911096,-11.69,4.13,39.2,Noise,Right
1705996522988,-0.194224,0.116632,0.920856,-14.14,7.07,46.62,Noise,Right
1705996522988,-0.19276,0.055632,0.91012,-17.85,-2.17,58.1,Noise,Right
1705996523088,-0.101992,0.0732,0.929152,-17.15,-13.02,67.69,Noise,Right
1705996523088,-0.0732,0.075152,0.922808,-15.82,-12.88,62.02,Noise,Right
1705996523089,-0.083936,0.11956,0.909144,-23.31,-0.77,42.42,Noise,Right
1705996523089,-0.105408,0.134688,0.870104,-32.06,21.21,12.74,Noise,Right
1705996523089,-0.174704,0.125416,0.844728,-45.22,44.94,-1.82,Noise,Right
1705996523089,-0.2684,0.057096,0.816424,-58.03,64.61,3.43,Noise,Right
1705996523137,-0.350384,0.00488,0.818864,-67.48,78.54,28.56,Noise,Right
1705996523137,-0.427976,0.077104,0.85644,-68.39,82.6,60.83,Noise,Right
1705996523137,-0.203008,0.018056,0.91988,-66.92,73.5,88.76,Noise,Right
1705996523185,-0.221064,0.096624,0.959896,-60.76,48.72,102.83,Noise,Right
1705996523186,-0.215696,0.09272,0.968192,-39.69,23.66,98.42,Noise,Right
1705996523186,-0.234728,0.079544,0.93452,-31.78,1.54,75.46,Noise,Right
1705996523238,-0.2928,0.0122,0.921344,-35.35,-7.91,42.42,Noise,Right
1705996523239,-0.36356,-0.037088,0.918416,-41.93,-7.84,13.51,Noise,Right
1705996523239,-0.315736,-0.019032,0.984784,-63.28,-1.82,5.04,Noise,Right
1705996523278,-0.28548,-0.019032,1.037488,-68.53,6.93,14.77,Noise,Right
1705996523278,-0.288408,-0.02196,1.022848,-55.58,11.9,33.04,Noise,Right
1705996523325,-0.284992,0.001952,1.023824,-45.43,12.74,47.67,Noise,Right
1705996523325,-0.244488,-0.013664,1.074576,-49.42,8.89,54.88,Noise,Right
1705996523325,-0.252296,0.005856,1.088728,-41.3,-0.14,54.46,Noise,Right
1705996523377,-0.278648,-0.00976,1.103368,-40.81,-9.8,46.48,Noise,Right
1705996523377,-0.333792,-0.050752,1.09312,-37.8,-15.26,31.36,Noise,Right
1705996523377,-0.36356,-0.089792,1.123376,-37.1,-19.81,16.38,Noise,Right
1705996523435,-0.37332,-0.117608,1.155096,-38.15,-24.92,5.32,Noise,Right
1705996523435,-0.339648,-0.122,1.197064,-36.12,-24.43,3.36,Noise,Right
1705996523435,-0.350384,-0.12444,1.194624,-32.76,-12.6,8.4,Noise,Right
1705996523436,-0.37332,-0.140544,1.17364,-31.43,9.38,21.07,Noise,Right
1705996523480,-0.377224,-0.117608,1.116056,-22.75,40.18,37.24,Noise,Right
1705996523482,-0.379664,-0.096624,1.04188,-10.99,66.5,51.31,Noise,Right
1705996523482,-0.386008,-0.112728,1.027728,-7.35,76.16,64.26,Noise,Right
1705996523526,-0.42456,-0.087352,1.02236,3.08,67.62,73.5,Noise,Right
1705996523526,-0.437248,-0.098088,0.985272,4.27,43.19,74.76,Noise,Right
1705996523581,-0.464088,-0.075152,1.001376,14.49,13.44,62.3,Noise,Right
1705996523582,-0.470432,-0.049288,0.982344,18.2,-12.32,31.78,Noise,Right
1705996523582,-0.495808,-0.091744,1.037488,23.1,-25.97,-8.05,Noise,Right
1705996523635,-0.50508,-0.088328,0.998448,-3.01,-24.36,-40.67,Noise,Right
1705996523635,-0.466528,-0.062952,0.989664,-21.21,-0.28,-50.33,Noise,Right
1705996523635,-0.432368,-0.06588,0.925248,-17.78,34.58,-40.95,Noise,Right
1705996523635,-0.428464,-0.086864,0.935984,-19.67,59.78,-16.59,Noise,Right
1705996523684,-0.601704,-0.147864,2.1594,-17.15,73.57,10.5,Noise,Right
1705996523685,-0.543632,-0.085888,1.772904,65.45,17.36,24.99,Noise,Right
1705996523728,-0.381128,-0.016104,0.869128,5.6,5.81,33.04,Noise,Right
1705996523729,-0.411384,0.001464,0.996496,22.75,10.08,24.5,Noise,Right
1705996523729,-0.384544,-0.027328,0.977952,15.96,28.56,11.83,Noise,Right
1705996523785,-0.387472,-0.018056,0.909632,14.7,35.77,-3.71,Noise,Right
1705996523786,-0.393816,0.013664,0.860832,17.43,33.32,-20.51,Noise,Right
1705996523786,-0.430904,0.030744,0.772016,23.52,22.05,-37.31,Noise,Right
1705996523837,-0.577304,-0.049776,0.603168,21.84,-2.87,-44.73,Noise,Right
1705996523837,-0.80032,-0.190808,0.585112,-15.96,-39.83,-21.63,Noise,Right
1705996523838,-0.684176,-0.182024,0.813008,-36.19,-49.98,7.07,Noise,Right
1705996523886,-0.501176,-0.077592,0.972584,-24.29,-37.87,19.88,Noise,Right
1705996523886,-0.353312,0.104432,0.743224,14.7,-33.53,17.5,Noise,Right
1705996523886,-0.385032,-0.172264,0.748592,64.82,-8.33,6.23,Noise,Right
1705996523932,-0.602192,-0.08784,1.004304,7.77,4.9,10.22,Noise,Right
1705996523932,-0.3904,0.003904,0.715408,30.8,6.3,-4.27,Noise,Right
1705996523932,-1.015528,0.022448,0.5368,6.09,-4.27,-13.58,Noise,Right
1705996523979,-0.345992,0.019032,0.775432,-13.72,-9.87,-16.87,Noise,Right
1705996523979,-0.408456,-0.044896,1.006256,-15.12,-16.03,-20.09,Noise,Right
1705996523979,-0.430416,-0.0732,0.918904,6.86,-7.49,-17.5,Noise,Right
1705996524024,-0.415776,-0.096136,0.994544,15.61,-3.78,-14.07,Noise,Right
1705996524024,-0.442616,-0.135176,0.965752,13.09,-3.15,-11.41,Noise,Right
1705996524074,-0.452376,-0.13908,0.932568,15.61,-2.38,-8.26,Noise,Right
1705996524075,-0.442128,-0.127856,0.889136,14.42,-1.96,-4.41,Noise,Right
1705996524075,-0.449936,-0.125904,0.91744,12.6,-2.31,-1.05,Noise,Right
1705996524197,-0.445056,-0.101504,0.93208,13.79,-3.22,1.61,Noise,Right
1705996524198,-0.445544,-0.07808,0.93208,24.64,-2.1,3.43,Noise,Right
1705996524198,-0.452376,-0.059048,0.94184,34.09,-1.54,4.55,Noise,Right
1705996524198,-0.443104,-0.033672,0.926224,38.5,-1.19,4.83,Noise,Right
1705996524198,-0.458232,0.001464,0.919392,31.43,-1.12,3.85,Noise,Right
1705996524198,-0.461648,0.000976,0.940864,16.24,-2.52,1.89,Noise,Right
1705996524198,-0.44896,-0.000488,0.924272,1.12,-2.94,0.14,Noise,Right
1705996524244,-0.455304,-0.00976,0.920368,-11.62,-3.22,-1.47,Noise,Right
1705996524244,-0.449936,-0.025864,0.937936,-20.37,-3.71,-2.24,Noise,Right
1705996524244,-0.451888,-0.052704,0.938912,-19.88,-4.06,-1.96,Noise,Right
1705996524298,-0.447984,-0.06832,0.921344,-10.36,-2.73,-0.56,Noise,Right
1705996524298,-0.456768,-0.064416,0.918904,0.98,-2.66,0.56,Noise,Right
1705996524298,-0.443592,-0.05612,0.930128,11.69,-2.45,1.96,Noise,Right
1705996524418,-0.46116,-0.03416,0.931104,18.62,-2.45,2.52,Noise,Right
1705996524419,-0.456768,-0.020496,0.928176,15.75,-2.17,2.31,Noise,Right
1705996524419,-0.454328,-0.016104,0.92964,7.84,-2.73,1.26,Noise,Right
1705996524419,-0.450912,-0.018056,0.930128,-0.56,-3.15,0.28,Noise,Right
1705996524419,-0.4514,-0.025376,0.92476,-7.07,-2.52,-0.42,Noise,Right
1705996524420,-0.44896,-0.04148,0.926224,-9.03,-3.29,-0.98,Noise,Right
1705996524420,-0.448472,-0.049288,0.926224,-6.16,-3.29,-0.63,Noise,Right
1705996524525,-0.447984,-0.054168,0.921832,0.21,-3.36,-0.14,Noise,Right
1705996524525,-0.45628,-0.043432,0.92964,6.02,-2.73,1.05,Noise,Right
1705996524526,-0.456768,-0.033672,0.931592,8.82,-2.73,1.26,Noise,Right
1705996524526,-0.4514,-0.028304,0.937448,8.05,-2.66,1.26,Noise,Right
1705996524526,-0.454816,-0.023912,0.930128,4.41,-2.1,0.98,Noise,Right
1705996524526,-0.450424,-0.025376,0.924272,0.14,-2.8,0.07,Noise,Right
1705996524526,-0.4514,-0.035624,0.927688,-2.87,-2.8,-0.21,Noise,Right
1705996524623,-0.455792,-0.0366,0.930128,-3.29,-2.94,0.07,Noise,Right
1705996524623,-0.452864,-0.042456,0.930128,-1.12,-3.01,0.28,Noise,Right
1705996524623,-0.45384,-0.039528,0.93208,2.17,-2.8,0.63,Noise,Right
1705996524624,-0.453352,-0.035624,0.920856,4.13,-2.73,1.05,Noise,Right
1705996524624,-0.449448,-0.036112,0.923296,4.62,-2.59,0.77,Noise,Right
1705996524678,-0.454816,-0.030744,0.931592,3.22,-2.38,0.28,Noise,Right
1705996524678,-0.454328,-0.032696,0.932568,1.61,-2.59,0.42,Noise,Right
1705996524678,-0.447984,-0.038064,0.926712,0.42,-3.01,0.42,Noise,Right
1705996524678,-0.450912,-0.037576,0.926712,-0.07,-2.94,0.28,Noise,Right
1705996524727,-0.452376,-0.037088,0.928176,0.63,-2.87,0.49,Noise,Right
1705996524727,-0.455304,-0.035624,0.925736,1.75,-2.8,0.63,Noise,Right
1705996524833,-0.457256,-0.02928,0.929152,2.59,-2.73,0.56,Noise,Right
1705996524833,-0.455792,-0.03172,0.933056,2.45,-2.8,0.49,Noise,Right
1705996524833,-0.449448,-0.035136,0.929152,1.61,-2.87,0.35,Noise,Right
1705996524833,-0.454816,-0.034648,0.925736,0.84,-2.8,0.28,Noise,Right
1705996524833,-0.44896,-0.037088,0.922808,0.77,-2.59,0.63,Noise,Right
1705996524833,-0.449448,-0.039528,0.923296,1.26,-2.59,0.49,Noise,Right
1705996524834,-0.454816,-0.036112,0.930128,2.24,-2.59,0.35,Noise,Right
1705996524880,-0.4514,-0.03416,0.926224,2.38,-2.66,0.84,Noise,Right
1705996524880,-0.450424,-0.032208,0.931104,2.24,-3.08,0.56,Noise,Right
1705996524880,-0.455304,-0.032208,0.930616,1.75,-2.73,0.63,Noise,Right
1705996524926,-0.4514,-0.038552,0.926224,1.33,-2.73,0.42,Noise,Right
1705996524927,-0.454816,-0.035624,0.923296,1.12,-2.73,0.49,Noise,Right
1705996524971,-0.454816,-0.037088,0.925736,0.98,-3.01,0.35,Noise,Right
1705996524971,-0.455792,-0.037088,0.924272,1.12,-2.8,0.63,Noise,Right
1705996524971,-0.452864,-0.038064,0.923784,1.89,-2.73,0.42,Noise,Right
1705996525016,-0.448472,-0.037088,0.924272,2.52,-3.43,0.42,Noise,Right
1705996525016,-0.450424,-0.032208,0.928664,2.24,-2.87,0.56,Noise,Right
1705996525016,-0.452864,-0.032696,0.9272,1.68,-2.8,0.56,Noise,Right
1705996525062,-0.4514,-0.03416,0.925248,1.05,-2.66,0.49,Noise,Right
1705996525062,-0.452376,-0.034648,0.922808,1.19,-2.8,0.35,Noise,Right
1705996525116,-0.454328,-0.034648,0.92964,1.4,-2.87,0.56,Noise,Right
1705996525116,-0.452376,-0.038552,0.930128,1.89,-2.94,0.49,Noise,Right
1705996525116,-0.45628,-0.034648,0.92964,2.17,-3.01,0.49,Noise,Right
1705996525236,-0.447496,-0.03416,0.925736,2.1,-2.87,0.56,Noise,Right
1705996525236,-0.449448,-0.033184,0.923784,1.68,-2.45,0.56,Noise,Right
1705996525236,-0.456768,-0.030256,0.933056,1.4,-2.87,0.42,Noise,Right
1705996525236,-0.450424,-0.033672,0.9272,1.33,-2.87,0.42,Noise,Right
1705996525237,-0.447008,-0.037576,0.92476,1.47,-2.94,0.84,Noise,Right
1705996525237,-0.450912,-0.038552,0.928664,1.75,-2.8,0.35,Noise,Right
1705996525237,-0.454328,-0.034648,0.923784,1.89,-2.8,0.35,Noise,Right
1705996525281,-0.450912,-0.032696,0.926712,1.89,-2.8,0.35,Noise,Right
1705996525281,-0.45384,-0.034648,0.925248,1.61,-3.15,0.56,Noise,Right
1705996525281,-0.454816,-0.03172,0.929152,1.4,-2.87,0.35,Noise,Right
1705996525327,-0.456768,-0.033672,0.93208,1.33,-2.94,-0.56,Noise,Right
1705996525327,-0.459696,-0.03172,0.933544,1.68,-3.15,0.56,Noise,Right
1705996525375,-0.454328,-0.03416,0.925736,1.89,-2.73,0.7,Noise,Right
1705996525375,-0.45384,-0.029768,0.931592,1.26,-2.8,0.42,Noise,Right
1705996525422,-0.447984,-0.037576,0.92964,0.84,-2.31,0.84,Noise,Right
1705996525422,-0.454816,-0.033184,0.927688,0.98,-2.87,0.28,Noise,Right
1705996525422,-0.452864,-0.035624,0.927688,1.19,-2.94,0.35,Noise,Right
1705996525468,-0.4514,-0.042456,0.930616,2.03,-3.22,0.56,Noise,Right
1705996525469,-0.449936,-0.038064,0.923784,1.96,-2.8,0.56,Noise,Right
1705996525469,-0.45628,-0.028304,0.933056,2.31,-2.94,0.56,Noise,Right
1705996525525,-0.449448,-0.032696,0.927688,1.82,-2.66,0.63,Noise,Right
1705996525526,-0.451888,-0.034648,0.9272,1.33,-2.87,0.63,Noise,Right
1705996525577,-0.454816,-0.035136,0.93208,0.77,-2.8,0.42,Noise,Right
1705996525577,-0.453352,-0.037088,0.926712,0.35,-3.36,0.49,Noise,Right
1705996525577,-0.454816,-0.038064,0.9272,0.91,-2.94,0.28,Noise,Right
1705996525577,-0.450912,-0.03416,0.926712,2.1,-3.01,0.42,Noise,Right
1705996525709,-0.457256,-0.026352,0.931104,2.66,-2.8,0.7,Noise,Right
1705996525710,-0.451888,-0.032208,0.9272,2.52,-2.87,0.56,Noise,Right
1705996525710,-0.455792,-0.02684,0.930128,1.89,-2.73,0.28,Noise,Right
1705996525710,-0.450912,-0.036112,0.928664,0.91,-2.87,0.35,Noise,Right
1705996525710,-0.453352,-0.035624,0.923296,0.63,-3.22,0.63,Noise,Right
1705996525710,-0.447008,-0.035624,0.921344,1.12,-2.8,0.21,Noise,Right
1705996525710,-0.452864,-0.037576,0.926224,1.96,-2.94,0.28,Noise,Right
1705996628366,0.554368,0.698328,-0.382104,-17.64,-36.19,64.05,Noise,Right
1705996628452,0.558272,0.66124,-0.38796,-9.38,-45.85,61.95,Noise,Right
1705996628452,0.5612,0.625128,-0.425048,-8.54,-48.16,52.08,Noise,Right
1705996628452,0.567544,0.61244,-0.463112,-3.85,-47.18,35.98,Noise,Right
1705996628453,0.593408,0.59048,-0.470432,6.09,-38.29,22.12,Noise,Right
1705996628501,0.574376,0.632936,-0.435296,5.53,-28.28,14.98,Noise,Right
1705996628510,0.577792,0.6466,-0.392352,-1.82,-24.01,13.44,Noise,Right
1705996628511,0.569984,0.651968,-0.403576,-9.59,-24.64,19.88,Noise,Right
1705996628552,0.569984,0.6222,-0.404064,-2.52,-30.59,26.95,Noise,Right
1705996628552,0.554856,0.61976,-0.426024,3.92,-35.98,27.79,Noise,Right
1705996628552,0.564128,0.594384,-0.479704,17.22,-39.34,21.56,Noise,Right
1705996628657,0.572424,0.581208,-0.518256,32.41,-39.62,12.95,Noise,Right
1705996628657,0.604632,0.59292,-0.523136,32.97,-30.87,7.14,Noise,Right
1705996628657,0.638792,0.63196,-0.486048,14.84,-14.49,6.3,Noise,Right
1705996628657,0.6344,0.667584,-0.443592,-7.42,-2.31,12.53,Noise,Right
1705996628657,0.618296,0.682712,-0.40992,-17.64,-1.47,24.22,Noise,Right
1705996628657,0.60268,0.682224,-0.409432,-16.66,-11.27,35.42,Noise,Right
1705996628657,0.587064,0.629032,-0.440664,-12.88,-18.2,35.91,Noise,Right
1705996628700,0.571936,0.548024,-0.521672,-11.27,-15.75,24.29,Noise,Right
1705996628701,0.542168,0.517768,-0.5368,5.32,-12.74,10.36,Noise,Right
1705996628747,0.494344,0.504104,-0.5368,5.74,-1.26,-2.94,Noise,Right
1705996628747,0.529968,0.616344,-0.506056,26.95,3.15,-0.7,Noise,Right
1705996628747,0.6832,0.59292,-0.421144,42.98,-2.8,-5.6,Noise,Right
1705996628797,0.650504,0.7442,-0.425048,20.37,17.15,9.94,Noise,Right
1705996628797,0.599752,0.623176,-0.389424,26.46,15.68,-2.45,Noise,Right
1705996628797,0.563152,0.549488,-0.413824,10.08,6.09,-6.44,Noise,Right
1705996628844,0.590968,0.61244,-0.436272,-24.29,0.28,-7.63,Noise,Right
1705996628844,0.56608,0.548512,-0.497272,-6.86,1.96,-9.52,Noise,Right
1705996628845,0.576328,0.528504,-0.542168,7.21,0.49,-7.56,Noise,Right
1705996628901,0.528992,0.560224,-0.488488,18.76,-4.41,-2.31,Noise,Right
1705996628902,0.531432,0.601704,-0.432368,-0.63,-6.79,2.31,Noise,Right
1705996628902,0.44896,0.621712,-0.391376,-3.29,-4.62,6.72,Noise,Right
1705996628947,0.474336,0.580232,-0.47824,8.61,-3.57,4.83,Noise,Right
1705996628947,0.345504,0.60512,-0.519232,10.5,1.33,3.64,Noise,Right
1705996628947,0.421144,0.459208,-0.57828,41.51,14.98,-33.74,Noise,Right
1705996628995,0.48556,0.586576,-0.533872,-7.98,38.64,-33.18,Noise,Right
1705996628995,0.477752,0.603168,-0.465064,6.16,48.44,-32.97,Noise,Right
1705996628995,0.539728,0.621224,-0.4636,5.39,55.44,-26.6,Noise,Right
1705996629041,0.583648,0.604144,-0.488488,9.73,67.62,-25.06,Noise,Right
1705996629041,0.621224,0.585112,-0.516792,11.27,87.57,-34.02,Noise,Right
1705996629088,0.639768,0.559248,-0.507032,14.7,113.05,-53.62,Noise,Right
1705996629088,0.59292,0.584624,-0.345992,18.97,130.48,-79.87,Noise,Right
1705996629088,0.518744,0.58316,-0.230336,35.0,117.74,-109.2,Noise,Right
1705996629134,0.490928,0.650016,-0.1952,79.66,73.71,-143.36,Noise,Right
1705996629134,0.53924,0.713456,-0.181048,121.1,22.12,-166.18,Noise,Right
1705996629135,0.613416,0.78812,-0.242536,125.09,-1.75,-162.96,Noise,Right
1705996629180,0.64904,0.79544,-0.341112,103.74,2.94,-150.29,Noise,Right
1705996629181,0.60024,0.736392,-0.428952,71.33,26.11,-135.31,Noise,Right
1705996629228,0.546072,0.671488,-0.500688,55.37,50.12,-128.94,Noise,Right
1705996629228,0.459696,0.643184,-0.508984,63.56,63.28,-139.09,Noise,Right
1705996629228,0.367464,0.669536,-0.481168,82.04,60.62,-167.51,Noise,Right
1705996629273,0.294264,0.732976,-0.440176,103.32,36.61,-199.78,Noise,Right
1705996629274,0.269376,0.820328,-0.447984,159.74,-5.11,-222.11,Noise,Right
1705996629274,0.27084,0.882792,-0.479704,204.33,-47.81,-223.86,Noise,Right
1705996630589,0.305488,0.929152,-0.549976,221.06,-75.11,-209.02,Noise,Right
1705996630590,0.324032,0.892552,-0.619272,218.89,-81.83,-161.7,Noise,Right
1705996630590,0.2684,0.84424,-0.67588,202.65,-75.32,-135.87,Noise,Right
1705996630647,0.196664,0.773968,-0.721752,172.41,-66.71,-102.2,Noise,Right
1705996630647,0.10248,0.705648,-0.765184,140.14,-67.69,-81.2,Noise,Right
1705996630648,0.02684,0.60268,-0.77104,138.67,-71.19,-69.44,Noise,Right
1705996630648,0.032208,0.653432,-0.833016,154.7,-77.91,-69.37,Noise,Right
1705996630649,0.087352,0.643184,-0.87596,142.94,-84.21,-68.88,Noise,Right
1705996630649,-0.001952,0.65392,-0.881816,112.98,-78.4,-60.97,Noise,Right
1705996630649,0.022936,0.63684,-0.946232,84.84,-36.82,-38.71,Noise,Right
1705996630695,0.003416,0.599752,-0.93452,53.69,-21.07,-7.56,Noise,Right
1705996630695,-0.018544,0.572912,-0.9272,16.17,7.56,23.94,Noise,Right
1705996630696,-0.052216,0.519232,-0.908168,-23.94,24.57,47.32,Noise,Right
1705996630697,-0.060512,0.43188,-0.89792,-46.9,30.8,61.46,Noise,Right
1705996630697,-0.072712,0.379176,-0.892552,-45.99,27.02,64.68,Noise,Right
1705996630697,-0.047336,0.38308,-0.876448,-25.55,15.96,54.6,Noise,Right
1705996630697,-0.018056,0.333792,-0.933056,31.15,1.47,34.58,Noise,Right
1705996630697,-0.077104,0.258152,-0.872544,60.55,-14.91,23.38,Noise,Right
1705996630701,-0.042456,0.335256,-0.919392,80.01,-23.45,6.23,Noise,Right
1705996630702,-0.054656,0.322568,-0.92476,82.46,-27.3,-9.59,Noise,Right
1705996630702,-0.075152,0.3172,-0.903776,65.59,-24.85,-18.34,Noise,Right
1705996630702,-0.05124,0.34892,-0.892552,38.92,-17.43,-24.22,Noise,Right
1705996630702,-0.040992,0.34648,-0.881816,19.39,-8.96,-26.25,Noise,Right
1705996630702,-0.044408,0.34648,-0.862784,5.53,-3.29,-22.68,Noise,Right
1705996630702,-0.04148,0.346968,-0.864248,-1.47,-1.33,-16.03,Noise,Right
1705996632085,-0.039528,0.353312,-0.878888,-1.75,-5.18,-9.66,Noise,Right
1705996632088,-0.030744,0.352336,-0.909632,7.63,-11.41,-5.46,Noise,Right
1705996632088,-0.027816,0.342088,-0.92964,27.16,-16.38,-4.06,Noise,Right
1705996632088,-0.026352,0.338672,-0.947696,43.26,-18.55,-6.79,Noise,Right
1705996632088,-0.022448,0.33428,-0.947208,40.11,-17.57,-10.29,Noise,Right
1705996632090,-0.051728,0.309392,-0.947696,31.5,-15.54,-14.77,Noise,Right
1705996632090,-0.023424,0.299632,-0.945256,17.08,-9.31,-16.73,Noise,Right
1705996632090,-0.041968,0.321592,-0.93696,-10.99,-1.82,-15.75,Noise,Right
1705996632090,-0.069296,0.334768,-0.916464,-24.71,5.11,-16.31,Noise,Right
1705996632091,-0.08784,0.341112,-0.91256,-22.96,6.51,-14.84,Noise,Right
1705996632091,-0.10004,0.345016,-0.89792,-5.6,3.36,-12.39,Noise,Right
1705996632091,-0.104432,0.34648,-0.869128,17.43,-2.1,-10.78,Noise,Right
1705996632091,-0.108336,0.364536,-0.859856,37.8,-8.4,-9.66,Noise,Right
1705996632091,-0.0854,0.355752,-0.85644,45.64,-8.82,-4.83,Noise,Right
1705996632091,-0.0854,0.33428,-0.851072,45.08,-3.15,3.85,Noise,Right
1705996632091,-0.09028,0.309392,-0.858392,29.47,3.78,11.41,Noise,Right
1705996632091,-0.113704,0.276696,-0.87352,12.32,7.14,16.45,Noise,Right
1705996632097,-0.12444,0.2562,-0.882792,5.67,4.83,16.17,Noise,Right
1705996632098,-0.124928,0.253272,-0.9028,8.05,-5.46,10.85,Noise,Right
1705996632098,-0.138104,0.219112,-0.915976,31.36,-15.75,1.26,Noise,Right
1705996632098,-0.130296,0.245464,-0.897432,16.17,-23.03,-1.82,Noise,Right
1705996632100,-0.129808,0.224968,-0.919392,26.6,-25.76,-8.68,Noise,Right
1705996632100,-0.135664,0.221552,-0.931104,35.0,-27.58,-10.64,Noise,Right
1705996632101,-0.122976,0.252296,-0.933056,50.26,-25.83,-12.74,Noise,Right
1705996632101,-0.160064,0.201056,-0.937936,59.85,-27.65,-10.57,Noise,Right
1705996632107,-0.16592,0.216184,-0.925248,30.52,-21.0,-4.97,Noise,Right
1705996632109,-0.125416,0.216184,-0.959896,22.75,-12.67,-8.75,Noise,Right
1705996632109,-0.151768,0.158112,-0.956968,-0.21,-8.61,-6.86,Noise,Right
1705996632109,-0.122,0.202032,-0.959896,-17.99,-3.78,-8.96,Noise,Right
1705996632109,-0.135664,0.183976,-0.952576,-24.92,-1.68,-14.14,Noise,Right
1705996632109,-0.133712,0.17324,-0.955016,-13.93,-0.07,-16.8,Noise,Right
1705996632109,-0.137128,0.166896,-0.943792,2.17,-1.89,-17.43,Noise,Right
1705996632110,-0.13176,0.16104,-0.931592,19.18,-4.83,-18.76,Noise,Right
1705996632110,-0.128832,0.13664,-0.928664,27.79,-9.31,-20.37,Noise,Right
1705996632119,-0.14884,0.096624,-0.935008,34.16,-12.74,-22.89,Noise,Right
1705996632120,-0.147376,0.060512,-0.94916,39.97,-15.05,-27.79,Noise,Right
1705996632120,-0.15128,0.040992,-0.958432,46.76,-15.19,-36.4,Noise,Right
1705996632121,-0.132248,0.025376,-0.961848,48.79,-14.28,-47.88,Noise,Right
1705996632121,-0.139568,0.071248,-0.955016,21.14,-11.13,-55.44,Noise,Right
1705996632122,-0.11712,0.105896,-0.977952,5.74,-6.23,-63.42,Noise,Right
1705996632122,-0.120048,0.165432,-0.961848,-1.75,0.0,-67.97,Noise,Right
1705996632122,-0.092232,0.17324,-0.96136,5.67,5.6,-64.54,Noise,Right
1705996632129,-0.099552,0.1708,-0.951112,10.36,9.59,-51.45,Noise,Right
1705996632129,-0.081008,0.170312,-0.935984,9.31,12.81,-43.12,Noise,Right
1705996632130,-0.082472,0.15128,-0.937936,5.32,18.55,-39.06,Noise,Right
1705996632130,-0.07808,0.141032,-0.937936,8.19,23.8,-35.56,Noise,Right
1705996632130,-0.039528,0.176656,-0.945744,-0.84,25.06,-30.59,Noise,Right
1705996632130,-0.018056,0.203008,-0.941352,-24.85,25.41,-24.78,Noise,Right
1705996632130,-0.012688,0.276696,-0.91256,-58.73,26.67,-19.32,Noise,Right
1705996632131,0.00976,0.27816,-0.901824,-63.84,27.02,-13.44,Noise,Right
1705996632141,0.005368,0.263032,-0.877912,-63.98,19.88,-0.98,Noise,Right
1705996632141,-0.015128,0.25132,-0.889624,-46.69,7.63,12.88,Noise,Right
1705996632142,-0.006832,0.224968,-0.900848,-17.78,-9.73,24.57,Noise,Right
1705996632142,-0.00732,0.193736,-0.9272,14.28,-21.35,29.26,Noise,Right
1705996632143,-0.01952,0.170312,-0.94672,44.94,-24.78,29.96,Noise,Right
1705996632143,-0.0488,0.175192,-0.940376,65.1,-23.45,29.54,Noise,Right
1705996632144,-0.047336,0.134688,-0.943304,68.46,-22.33,31.78,Noise,Right
1705996632145,-0.05612,0.121512,-0.938912,47.46,-23.17,37.94,Noise,Right
1705996632145,-0.103456,0.110288,-0.92232,2.87,-22.82,39.69,Noise,Right
1705996632150,-0.118096,0.09028,-0.9272,-6.23,-21.28,35.21,Noise,Right
1705996632150,-0.14396,0.055144,-0.950624,-3.71,-17.5,24.43,Noise,Right
1705996632151,-0.174704,0.08052,-0.955504,12.11,-15.61,14.21,Noise,Right
1705996632151,-0.188856,0.086376,-0.94672,32.13,-16.8,7.21,Noise,Right
1705996632151,-0.204472,0.091256,-0.922808,53.76,-19.81,3.78,Noise,Right
1705996632151,-0.189832,0.11468,-0.899872,63.21,-25.2,4.9,Noise,Right
1705996632151,-0.210328,0.121024,-0.884256,65.45,-30.59,11.27,Noise,Right
1705996632152,-0.229848,0.110288,-0.894504,70.14,-34.93,20.23,Noise,Right
1705996632161,-0.27084,0.083936,-0.915976,73.99,-38.85,29.82,Noise,Right
1705996632161,-0.260104,0.037576,-0.94428,84.14,-40.25,30.73,Noise,Right
1705996632161,-0.271328,-0.088328,-0.959896,85.12,-41.09,29.33,Noise,Right
1705996632161,-0.354288,-0.035136,-0.935008,34.23,-44.38,29.89,Noise,Right
1705996632162,-0.264984,-0.070272,-0.935496,37.87,-35.42,5.39,Noise,Right
1705996632162,-0.28548,-0.047336,-0.892064,20.93,-35.84,-12.74,Noise,Right
1705996632162,-0.274256,-0.041968,-0.893528,28.63,-34.23,-16.94,Noise,Right
1705996632163,-0.299632,-0.018544,-0.881328,40.53,-38.01,-7.0,Noise,Right
1705996632172,-0.305488,-0.022448,-0.870592,49.7,-44.24,11.41,Noise,Right
1705996632172,-0.294264,-0.037576,-0.873032,49.28,-46.83,23.1,Noise,Right
1705996632172,-0.287432,-0.07808,-0.891088,47.81,-42.49,28.84,Noise,Right
1705996632172,-0.249856,-0.162992,-0.920856,42.56,-28.21,26.95,Noise,Right
1705996632172,-0.286944,-0.135176,-0.89792,-3.08,-14.0,18.2,Noise,Right
1705996632173,-0.298168,-0.128344,-0.916952,-35.98,-1.96,-0.84,Noise,Right
1705996632173,-0.334768,-0.076616,-0.90036,-53.48,3.5,-15.05,Noise,Right
1705996632174,-0.3416,-0.059536,-0.908168,-33.18,-0.77,-18.55,Noise,Right
1705996632174,-0.325984,-0.034648,-0.909632,2.03,-15.4,-11.69,Noise,Right
1705996632175,-0.30988,-0.026352,-0.898408,32.83,-26.6,-0.7,Noise,Right
1705996632183,-0.284504,-0.018056,-0.902312,46.27,-29.33,12.46,Noise,Right
1705996632183,-0.316224,-0.053192,-0.938424,41.72,-14.49,29.54,Noise,Right
1705996632183,-0.359168,-0.094184,-0.892064,15.05,4.06,10.78,Noise,Right
1705996632184,-0.369416,-0.19032,-0.861808,11.13,0.56,9.03,Noise,Right
1705996632184,-0.345016,-0.134688,-0.86376,15.26,-4.27,5.53,Noise,Right
1705996632184,-0.40504,-0.061,-0.840336,-19.67,-5.67,-0.49,Noise,Right
1705996632184,-0.37088,0.048312,-0.9638,-65.73,-11.13,4.55,Noise,Right
1705996632185,-0.327936,0.086376,-1.04432,-74.13,-15.05,-0.35,Noise,Right
1705996632193,-0.333792,-0.033672,-1.042856,-56.21,-18.83,-4.2,Noise,Right
1705996632193,-0.322568,-0.134688,-1.021872,-14.21,-21.77,-5.67,Noise,Right
1705996632193,-0.3172,-0.128832,-0.9394,31.08,-22.82,-0.77,Noise,Right
1705996632193,-0.323544,-0.103944,-0.87352,46.55,-22.54,2.31,Noise,Right
1705996632193,-0.325496,-0.110776,-0.841312,47.39,-20.16,-0.14,Noise,Right
1705996632193,-0.33184,-0.033672,-0.77836,41.51,-18.06,0.84,Noise,Right
1705996632194,-0.408944,0.055144,-0.763232,1.54,-19.6,0.42,Noise,Right
1705996632195,-0.427976,0.069296,-0.817888,-72.24,-25.9,0.07,Noise,Right
1705996632202,-0.4392,0.054168,-0.989664,-117.04,-30.52,-4.34,Noise,Right
1705996632202,-0.375272,-0.096624,-1.154608,-104.3,-35.63,-6.79,Noise,Right
1705996632203,-0.391864,-0.20984,-1.169736,-18.27,-40.81,-4.9,Noise,Right
1705996632203,-0.352824,-0.093208,-0.99796,64.96,-45.5,3.15,Noise,Right
1705996632203,-0.303048,-0.053192,-0.863272,93.73,-45.15,-1.19,Noise,Right
1705996632203,-0.27328,-0.03416,-0.77348,99.82,-39.83,0.63,Noise,Right
1705996632203,-0.333304,-0.07564,-0.697352,98.98,-31.99,0.77,Noise,Right
1705996632204,-0.327448,-0.03172,-0.6832,78.54,-23.73,2.03,Noise,Right
1705996632212,-0.520208,0.02196,-0.63928,33.81,-21.28,6.3,Noise,Right
1705996632212,-0.59536,-0.059048,-0.774944,-38.57,-25.27,1.33,Noise,Right
1705996632212,-0.58072,-0.086864,-0.972584,-77.63,-31.99,0.28,Noise,Right
1705996632212,-0.532408,-0.079056,-1.076528,-63.0,-40.18,-1.75,Noise,Right
1705996632212,-0.469944,-0.203008,-1.023336,9.73,-47.39,-3.64,Noise,Right
1705996632214,-0.387472,-0.093696,-0.856928,67.83,-49.63,-3.22,Noise,Right
1705996632214,-0.3538,-0.05612,-0.721752,83.44,-42.98,-2.59,Noise,Right
1705996632214,-0.40504,-0.110776,-0.681248,90.86,-34.09,-3.08,Noise,Right
1705996632222,-0.479216,-0.0732,-0.637816,83.16,-27.16,-4.34,Noise,Right
1705996632222,-0.50264,-0.010248,-0.609024,33.95,-23.1,-3.43,Noise,Right
1705996632222,-0.609024,-0.09272,-0.65636,-30.31,-22.61,-3.57,Noise,Right
1705996632222,-0.6466,-0.159576,-0.796416,-60.97,-28.77,-7.56,Noise,Right
1705996632223,-0.598288,-0.16104,-0.937448,-52.71,-30.66,-7.77,Noise,Right
1705996632223,-0.518744,-0.237656,-0.947696,-6.09,-34.09,-7.42,Noise,Right
1705996632224,-0.467016,-0.173728,-0.786656,44.52,-36.54,-5.53,Noise,Right
1705996632224,-0.446032,-0.151768,-0.689056,51.87,-29.05,-4.41,Noise,Right
1705996632232,-0.508496,-0.171776,-0.665632,53.27,-22.47,-2.31,Noise,Right
1705996632232,-0.53924,-0.162504,-0.635864,39.97,-19.04,-1.96,Noise,Right
1705996632233,-0.563152,-0.143472,-0.657824,8.68,-17.99,0.98,Noise,Right
1705996632233,-0.64904,-0.20252,-0.710528,-21.56,-19.18,2.31,Noise,Right
1705996632233,-0.62708,-0.177632,-0.781776,-35.77,-22.54,4.34,Noise,Right
1705996632233,-0.589016,-0.18544,-0.804712,-38.78,-25.34,5.11,Noise,Right
1705996632233,-0.549976,-0.193248,-0.820816,-23.31,-25.34,5.74,Noise,Right
1705996632238,-0.550464,-0.183,-0.760792,13.02,-23.17,5.46,Noise,Right
1705996632238,-0.5734,-0.137616,-0.709552,25.83,-21.42,5.39,Noise,Right
1705996632238,-0.573888,-0.108824,-0.64172,26.25,-20.79,5.18,Noise,Right
1705996632245,-0.584136,-0.1586,-0.694912,15.75,-17.78,4.2,Noise,Right
1705996632245,-0.5856,-0.128344,-0.61732,2.03,-18.27,4.2,Noise,Right
1705996632246,-0.616344,-0.138104,-0.659776,-21.14,-17.15,5.25,Noise,Right
1705996632246,-0.614392,-0.13176,-0.67832,-30.52,-17.57,6.02,Noise,Right
1705996632246,-0.60756,-0.157624,-0.75884,-30.66,-16.45,5.32,Noise,Right
1705996632246,-0.608048,-0.125416,-0.747128,-8.05,-17.36,3.01,Noise,Right
1705996632246,-0.603168,-0.135176,-0.756888,6.02,-15.54,2.38,Noise,Right
1705996632247,-0.6344,-0.10736,-0.686128,20.93,-16.66,0.35,Noise,Right
1705996632262,-0.603656,-0.122,-0.66612,14.14,-16.52,-1.54,Noise,Right
1705996632263,-0.61732,-0.123464,-0.615368,-2.03,-17.08,0.7,Noise,Right
1705996632263,-0.668072,-0.11712,-0.626104,-7.28,-13.72,-1.33,Noise,Right
1705996632264,-0.665144,-0.097112,-0.574376,-20.16,-14.14,0.0,Noise,Right
1705996632265,-0.720288,-0.101504,-0.672464,-31.01,-13.72,-1.33,Noise,Right
1705996632265,-0.69052,-0.085888,-0.740296,-20.51,-11.41,-4.41,Noise,Right
1705996632265,-0.630496,-0.120048,-0.765184,-17.15,-13.58,-5.95,Noise,Right
1705996632265,-0.75396,-0.140544,-0.727608,-0.56,-12.81,-8.47,Noise,Right
1705996632313,-0.668072,-0.148352,-0.66856,17.01,-10.22,-11.2,Noise,Right
1705996632313,-0.618784,-0.150304,-0.604144,14.84,-8.68,-10.5,Noise,Right
1705996632358,-0.623664,-0.162992,-0.620248,2.45,-5.53,-8.47,Noise,Right
1705996632359,-0.63684,-0.174704,-0.626104,-2.94,-2.59,-5.74,Noise,Right
1705996632359,-0.6466,-0.209352,-0.638304,-10.5,0.63,-2.31,Noise,Right
1705996632404,-0.647576,-0.220576,-0.623176,-14.84,3.71,2.03,Noise,Right
1705996632405,-0.643184,-0.181536,-0.615856,-22.75,6.72,6.79,Noise,Right
1705996632405,-0.647088,-0.181048,-0.649528,-29.4,10.22,10.36,Noise,Right
1705996632453,-0.640256,-0.168848,-0.668072,-26.25,14.35,12.95,Noise,Right
1705996632454,-0.630496,-0.155672,-0.679784,-20.23,21.07,14.56,Noise,Right
1705996632454,-0.613904,-0.154208,-0.670512,-3.01,27.02,15.4,Noise,Right
1705996632501,-0.61732,-0.153232,-0.635864,31.64,32.34,16.8,Noise,Right
1705996632501,-0.644648,-0.086864,-0.5612,61.74,37.73,17.08,Noise,Right
1705996632620,-0.6588,-0.017568,-0.572424,52.36,41.65,14.7,Noise,Right
1705996632620,-0.755424,-0.00732,-0.635376,23.73,42.91,10.78,Noise,Right
1705996632620,-0.73932,-0.011712,-0.740296,-31.78,30.87,15.26,Noise,Right
1705996632620,-0.679784,-0.002928,-0.835944,-60.83,23.8,19.88,Noise,Right
1705996632620,-0.61488,0.037576,-0.926712,-70.56,24.99,35.0,Noise,Right
1705996632620,-0.555832,0.05368,-0.954528,-86.1,43.61,44.8,Noise,Right
1705996632620,-0.547536,0.003416,-0.988688,-80.15,62.02,52.78,Noise,Right
1705996632665,-0.571936,-0.008784,-0.976976,-37.1,69.23,45.08,Noise,Right
1705996632666,-0.559736,-0.032696,-0.924272,17.64,66.57,25.41,Noise,Right
1705996632666,-0.586088,0.001464,-0.821792,49.21,54.74,4.41,Noise,Right
1705996632716,-0.555344,0.002928,-0.762256,59.92,34.3,-13.93,Noise,Right
1705996632718,-0.486536,-0.015616,-0.750056,52.64,9.31,-18.34,Noise,Right
1705996632719,-0.427976,-0.01952,-0.78324,53.2,-9.52,-13.93,Noise,Right
1705996638854,0.9516,0.534848,-0.902312,-60.06,15.12,37.87,Noise,Right
1705996638899,0.711016,0.255712,-0.589016,-10.15,38.15,16.45,Noise,Right
1705996638899,0.594872,0.14396,-0.498248,-13.02,-6.44,-5.81,Noise,Right
1705996638944,0.536312,0.323544,-0.662704,-17.71,5.6,-3.78,Noise,Right
1705996638944,0.531432,0.301584,-0.708088,-15.12,7.63,-3.15,Noise,Right
1705996638944,0.50264,0.242048,-0.748592,-13.65,8.05,0.0,Noise,Right
1705996638996,0.05612,0.165432,-0.66368,-25.13,11.06,7.28,Noise,Right
1705996638996,0.28304,0.060512,-0.92476,-47.04,17.71,13.58,Noise,Right
1705996638996,0.210328,0.120536,-0.901336,-13.02,20.72,13.51,Noise,Right
1705996639101,0.099064,0.110776,-0.79056,24.57,23.38,-7.91,Noise,Right
1705996639101,0.199592,0.04636,-0.812032,22.19,35.7,-50.47,Noise,Right
1705996639102,0.266448,0.074664,-0.757376,-24.15,60.97,-90.65,Noise,Right
1705996639102,0.366488,0.1952,-0.69296,-31.15,88.69,-105.0,Noise,Right
1705996639102,0.44408,0.309392,-0.604144,-43.19,100.66,-101.92,Noise,Right
1705996639102,0.501664,0.354288,-0.548512,-59.57,97.37,-95.55,Noise,Right
1705996639146,0.547536,0.335256,-0.511912,-70.28,83.51,-97.16,Noise,Right
1705996639146,0.647088,0.284504,-0.552416,-43.68,66.08,-125.37,Noise,Right
1705996639146,0.750544,0.311344,-0.553392,30.03,53.34,-176.68,Noise,Right
1705996639191,0.748104,0.483608,-0.489952,96.04,46.62,-242.41,Noise,Right
1705996639192,0.715896,0.713456,-0.537288,116.2,36.82,-304.78,Noise,Right
1705996639241,0.6466,0.777384,-0.50508,122.22,35.21,-338.17,Noise,Right
1705996639242,0.53924,0.884744,-0.481656,47.53,35.35,-340.13,Noise,Right
1705996639242,0.479216,0.884744,-0.51728,-11.06,49.35,-316.96,Noise,Right
1705996640571,0.40992,0.864736,-0.528992,-47.11,63.07,-268.38,Noise,Right
1705996640572,0.36356,0.851072,-0.53436,-39.55,56.98,-211.26,Noise,Right
1705996640572,0.320128,0.906704,-0.53924,-10.43,31.71,-158.76,Noise,Right
1705996640572,0.289872,0.955504,-0.601216,37.59,-2.1,-116.06,Noise,Right
1705996640572,0.283528,0.990152,-0.649528,68.67,-28.56,-75.25,Noise,Right
1705996640572,0.267424,1.01016,-0.694912,75.81,-33.6,-41.86,Noise,Right
1705996640572,0.255712,0.98576,-0.7442,57.19,-20.37,-13.51,Noise,Right
1705996640572,0.269376,0.983808,-0.75152,26.88,5.32,7.07,Noise,Right
1705996640573,0.225944,0.998448,-0.729072,-22.33,33.81,15.26,Noise,Right
1705996640573,0.216184,0.953064,-0.707112,-75.88,56.07,17.99,Noise,Right
1705996640574,0.243512,0.87352,-0.67832,-83.72,66.5,22.82,Noise,Right
1705996640575,0.259128,0.77104,-0.610488,-57.33,65.24,33.95,Noise,Right
1705996640575,0.272304,0.69296,-0.53924,-15.54,57.68,47.11,Noise,Right
1705996640575,0.2928,0.667584,-0.51972,28.21,42.14,51.94,Noise,Right
1705996640575,0.314272,0.603168,-0.50264,84.21,25.55,49.28,Noise,Right
1705996640575,0.279624,0.56852,-0.533384,141.19,15.05,41.72,Noise,Right
1705996670185,-0.405528,-0.616832,0.94672,74.34,21.07,-59.43,Noise,Right
1705996670185,-0.316712,-0.374784,0.952576,76.09,-19.32,-91.77,Noise,Right
1705996670185,-0.215208,-0.152256,0.918416,44.17,-64.54,-105.56,Noise,Right
1705996670185,-0.158112,0.067344,0.891088,44.52,-88.41,-88.97,Noise,Right
1705996670186,-0.127856,0.170312,0.828624,25.76,-82.67,-42.21,Noise,Right
1705996670186,-0.0488,0.25864,0.845704,32.06,-50.19,11.69,Noise,Right
1705996670187,-0.120536,0.16592,0.91256,18.34,-3.57,64.12,Noise,Right
1705996670188,-0.298656,-0.018544,1.046272,16.03,48.72,122.57,Noise,Right
1705996670194,-0.38308,-0.293776,1.047736,21.91,80.57,119.07,Noise,Right
1705996670195,-0.478728,-0.44408,1.079944,33.39,78.4,87.78,Noise,Right
1705996670195,-0.439688,-0.415288,1.099952,12.39,58.94,26.6,Noise,Right
1705996670195,-0.392352,-0.445544,0.996496,-10.99,26.25,-37.8,Noise,Right
1705996670195,-0.370392,-0.318176,0.891088,-32.34,-13.65,-69.09,Noise,Right
1705996670195,-0.31964,-0.24156,0.947696,-9.31,-47.74,-75.74,Noise,Right
1705996670196,-0.264496,-0.11468,0.935984,9.73,-66.22,-59.85,Noise,Right
1705996670197,-0.191784,-0.01708,0.854976,35.07,-66.57,-35.7,Noise,Right
1705996670197,-0.076128,0.111752,0.81252,24.99,-50.47,-14.7,Noise,Right
1705996671645,-0.081008,0.162992,0.8174,-5.6,-23.24,3.57,Noise,Right
1705996671646,-0.22936,0.054656,1.016016,-43.68,13.58,25.69,Noise,Right
1705996671646,-0.356728,-0.183,1.052128,-52.85,50.33,44.45,Noise,Right
1705996671646,-0.386496,-0.354288,1.03212,-46.2,62.51,35.7,Noise,Right
1705996671646,-0.39772,-0.449936,1.01748,-36.68,49.56,-4.2,Noise,Right
1705996671646,-0.36112,-0.446032,0.96624,-47.6,18.13,-57.4,Noise,Right
1705996671646,-0.336232,-0.366488,0.94916,-42.07,-19.67,-93.73,Noise,Right
1705996671646,-0.258152,-0.201056,0.954528,-20.09,-44.94,-101.99,Noise,Right
1705996671646,-0.174216,-0.054168,0.930616,-23.31,-51.87,-83.37,Noise,Right
1705996671646,-0.122976,0.026352,0.92232,-17.01,-41.09,-47.95,Noise,Right
1705996671646,-0.142984,0.038552,0.965264,-9.24,-15.96,-1.89,Noise,Right
1705996671646,-0.243512,-0.083448,1.060912,2.59,17.43,47.46,Noise,Right
1705996671647,-0.317688,-0.244,1.060424,7.42,40.46,85.68,Noise,Right
1705996671647,-0.357704,-0.374784,1.037488,13.72,39.27,89.46,Noise,Right
1705996671647,-0.372344,-0.416264,1.04188,15.4,22.82,58.59,Noise,Right
1705996671647,-0.323056,-0.420168,1.016504,9.94,2.52,11.76,Noise,Right
1705996671656,-0.298656,-0.427976,1.006744,3.5,-14.07,-21.98,Noise,Right
1705996671656,-0.271816,-0.403576,1.02724,1.54,-21.91,-20.79,Noise,Right
1705996671657,-0.318176,-0.378688,0.99064,18.69,-20.44,10.01,Noise,Right
1705996671657,-0.18544,-0.2562,0.99308,41.86,-17.64,53.76,Noise,Right
1705996671658,-0.211304,-0.108824,0.979904,45.64,-9.66,85.05,Noise,Right
1705996671658,-0.182024,-0.038064,0.803736,7.63,-2.73,95.62,Noise,Right
1705996671659,-0.254248,-0.085888,1.028704,-47.04,4.48,81.97,Noise,Right
1705996671665,-0.341112,-0.198128,1.086288,-63.35,27.02,55.44,Noise,Right
1705996671665,-0.372832,-0.366,1.014552,-65.66,42.07,40.46,Noise,Right
1705996671665,-0.344528,-0.245952,1.036024,-97.51,39.41,40.04,Noise,Right
1705996671665,-0.25132,-0.298656,0.989176,-93.31,33.11,30.94,Noise,Right
1705996671666,-0.299632,-0.337696,0.869128,-81.06,23.24,20.86,Noise,Right
1705996671666,-0.377224,-0.35868,0.920856,-84.91,10.92,18.34,Noise,Right
1705996671666,-0.440664,-0.329888,0.932568,-56.63,10.71,6.37,Noise,Right
1705996671666,-0.389424,-0.381128,0.850096,-4.27,12.74,-3.64,Noise,Right
1705996671673,-0.334768,-0.315248,0.772016,17.08,9.73,-4.41,Noise,Right
1705996671673,-0.252296,-0.27328,0.80764,-3.57,1.26,1.12,Noise,Right
1705996671673,-0.25132,-0.237656,0.898408,20.72,5.81,1.47,Noise,Right
1705996671673,-0.346968,-0.266936,0.915,60.34,17.71,7.84,Noise,Right
1705996671673,-0.533384,-0.331352,0.901336,64.82,17.43,24.99,Noise,Right
1705996671673,-0.467016,-0.439688,0.88084,38.64,11.62,58.1,Noise,Right
1705996671673,-0.405528,-0.388448,0.792024,30.17,7.35,84.63,Noise,Right
1705996671674,-0.207888,-0.22448,0.8296,50.89,16.8,92.89,Noise,Right
1705996671683,-0.35868,-0.094672,0.686616,19.88,24.71,56.14,Noise,Right
1705996671683,-0.3538,-0.126392,0.828136,22.12,26.88,2.8,Noise,Right
1705996671683,-0.45872,-0.198128,0.966728,12.88,26.04,-51.03,Noise,Right
1705996671683,-0.603168,-0.249856,1.055056,-0.21,17.99,-75.67,Noise,Right
1705996671683,-0.616344,-0.257176,0.984784,16.59,-0.35,-81.41,Noise,Right
1705996671684,-0.569496,-0.156648,0.953552,-8.4,-25.13,-73.36,Noise,Right
1705996671684,-0.4758,-0.138592,0.92232,5.53,-36.89,-60.69,Noise,Right
1705996671685,-0.472872,-0.148352,0.877424,25.97,-41.16,-36.33,Noise,Right
1705996671692,-0.469456,-0.202032,0.850096,57.54,-34.79,-4.48,Noise,Right
1705996671693,-0.428952,-0.089792,0.836432,76.37,-16.31,22.96,Noise,Right
1705996671693,-0.411384,-0.033184,0.773968,84.91,5.18,23.66,Noise,Right
1705996671694,-0.406992,-0.038064,0.811056,103.04,18.55,13.23,Noise,Right
1705996671694,-0.414312,-0.058072,0.876448,122.22,24.57,5.18,Noise,Right
1705996671694,-0.364048,-0.041968,0.91256,141.82,25.69,2.66,Noise,Right
1705996671695,-0.556808,0.027816,0.78324,-41.02,4.9,23.94,Noise,Right
1705996671695,-0.332328,-0.037576,0.998448,54.04,-11.34,-2.03,Noise,Right
1705996671702,-0.207888,0.016592,0.977952,-95.48,-7.21,7.84,Noise,Right
1705996671702,-0.665632,-0.078568,1.123864,-78.96,2.45,-13.37,Noise,Right
1705996671703,-0.331352,-0.203984,1.300032,61.18,35.35,-14.42,Noise,Right
1705996671703,-0.670024,-0.10736,1.084336,-50.96,41.51,0.35,Noise,Right
1705996671703,-0.292312,-0.184952,1.120448,110.53,53.34,-12.39,Noise,Right
1705996671703,-0.557296,-0.02928,0.852536,-15.19,40.25,-5.88,Noise,Right
1705996671703,-0.252296,-0.077104,1.140944,92.47,28.0,-31.22,Noise,Right
1705996671713,-0.329888,-0.0366,0.82716,-35.14,-14.0,-31.29,Noise,Right
1705996671714,-0.337696,0.008784,0.92232,-25.34,-39.76,-34.93,Noise,Right
1705996671715,-0.418216,-0.057096,0.906704,-51.66,-50.54,-25.48,Noise,Right
1705996671715,-0.503128,-0.122976,0.89792,-26.53,-26.6,-16.87,Noise,Right
1705996671715,-0.47092,-0.149328,0.940376,33.04,2.8,-10.36,Noise,Right
1705996671715,-0.41236,-0.110776,0.933056,50.96,15.82,-4.69,Noise,Right
1705996671715,-0.40992,-0.105896,0.970144,45.57,11.97,-8.68,Noise,Right
1705996671715,-0.333792,-0.025864,0.874984,20.09,-2.8,-20.44,Noise,Right
1705996671717,-0.45628,-0.096136,0.996984,38.85,-6.3,-50.19,Noise,Right
1705996671717,-0.469944,-0.055144,0.945256,26.53,3.29,-55.02,Noise,Right
1705996671717,-0.421632,-0.061,1.00284,34.09,0.84,-43.96,Noise,Right
1705996671737,-0.441152,-0.10004,0.949648,13.09,-5.67,-27.02,Noise,Right
1705996671742,-0.396744,-0.101992,0.94184,-17.57,-17.15,-10.5,Noise,Right
1705996671743,-0.426512,-0.099064,0.935496,-16.31,-25.62,-2.66,Noise,Right
1705996671748,-0.39528,-0.14152,0.894992,15.61,-26.32,-8.75,Noise,Right
1705996671748,-0.55388,-0.077592,0.92476,-0.49,-37.31,-10.64,Noise,Right
1705996671749,-0.438712,-0.1342,0.979416,8.26,-44.52,-12.32,Noise,Right
1705996671749,-0.371856,-0.128832,0.971608,7.14,-51.73,-20.93,Noise,Right
1705996671751,-0.264496,-0.09516,1.037,35.28,-70.42,-43.47,Noise,Right
1705996671751,-0.295728,-0.081008,1.14436,72.38,-96.32,-81.55,Noise,Right
1705996671752,-0.432368,-0.220576,1.159976,130.9,-109.9,-108.36,Noise,Right
1705996671752,-0.135664,-0.010736,1.121912,173.46,-98.91,-105.91,Noise,Right
1705996671752,-0.24888,-0.28548,1.20536,64.68,-68.6,-77.42,Noise,Right
1705996671752,-0.190808,-0.030256,1.13216,-15.47,10.15,-31.99,Noise,Right
1705996671752,-0.226432,-0.101504,1.058472,-41.23,82.32,6.65,Noise,Right
1705996671752,-0.313784,-0.11956,0.977952,-49.77,136.29,49.42,Noise,Right
1705996671753,-0.393328,-0.107848,0.810568,-19.53,154.84,105.42,Noise,Right
1705996671753,-0.331352,-0.064416,0.76616,-6.02,137.13,122.71,Noise,Right
1705996671753,-0.358192,0.038552,0.748104,5.25,92.26,127.4,Noise,Right
1705996671753,-0.43676,0.033672,0.731024,44.17,42.91,117.95,Noise,Right
1705996671753,-0.454328,0.078568,0.876936,96.6,12.6,109.34,Noise,Right
1705996671753,-0.4514,0.094184,1.007232,137.9,10.01,105.49,Noise,Right
1705996671753,-0.528504,0.145912,1.068232,106.54,30.1,103.81,Noise,Right
1705996671753,-0.508496,0.177632,1.060912,114.87,70.98,85.75,Noise,Right
1705996671753,-0.334768,0.17324,0.97112,127.26,120.19,47.39,Noise,Right
1705996671754,-0.41236,0.264496,0.823256,133.77,131.18,16.94,Noise,Right
1705996671757,-0.68076,0.423096,0.694912,148.4,115.5,-14.84,Noise,Right
1705996671757,-0.631472,0.399672,0.603656,62.86,71.47,-22.82,Noise,Right
1705996671758,-0.54656,0.413824,0.541192,-5.39,10.92,-26.74,Noise,Right
1705996671758,-0.567544,0.3416,0.595848,-29.68,-44.03,-31.22,Noise,Right
1705996671758,-0.528016,0.276696,0.661728,-29.68,-84.0,-34.72,Noise,Right
1705996671758,-0.564128,0.308904,0.798368,-31.71,-84.35,-38.08,Noise,Right
1705996671758,-0.461648,0.215696,0.965752,-0.28,-39.2,-26.95,Noise,Right
1705996671759,-0.396744,0.325984,0.998936,-29.89,22.82,0.28,Noise,Right
1705996671769,-0.45872,0.250344,0.950136,-0.63,72.17,22.05,Noise,Right
1705996671769,-0.521184,0.2928,0.826672,7.21,93.03,34.02,Noise,Right
1705996671769,-0.574864,0.226432,0.799832,33.67,99.05,30.87,Noise,Right
1705996671770,-0.611952,0.288408,0.694912,-16.8,76.58,37.45,Noise,Right
1705996671770,-0.61976,0.215208,0.652456,-25.62,31.01,48.02,Noise,Right
1705996671770,-0.632936,0.20252,0.62708,30.73,-14.0,56.14,Noise,Right
1705996671770,-0.560224,0.285968,0.776408,13.58,-36.96,63.07,Noise,Right
1705996671781,-0.5734,0.360632,0.894504,15.05,-11.83,43.47,Noise,Right
1705996671781,-0.581696,0.37332,0.824232,20.09,33.25,15.82,Noise,Right
1705996671782,-0.510448,0.389912,0.790072,35.91,71.19,-5.95,Noise,Right
1705996671782,-0.521672,0.318664,0.689056,51.52,80.64,-18.97,Noise,Right
1705996671782,-0.183488,0.362096,0.54656,-81.55,-76.02,46.83,Noise,Right
1705996671782,-0.47092,0.40992,0.643672,83.37,9.17,-6.79,Noise,Right
1705996671782,-0.446032,0.3294,0.764696,8.68,-22.26,15.05,Noise,Right
1705996671782,-0.52704,0.389424,0.79544,17.78,-17.08,9.94,Noise,Right
1705996671782,-0.743224,0.359168,0.713456,12.46,-4.06,-1.47,Noise,Right
1705996671784,-0.840824,0.288896,0.653432,-14.0,-17.57,1.26,Noise,Right
1705996671784,-0.720776,0.356728,0.665144,-26.11,-18.41,-3.71,Noise,Right
1705996671785,-0.59292,0.375272,0.666608,-108.01,-22.75,0.14,Noise,Right
1705996671792,-0.560224,0.169824,0.774944,-200.97,-27.93,15.68,Noise,Right
1705996671792,-0.449936,0.142984,0.81496,-165.41,-26.18,23.17,Noise,Right
1705996671794,-0.487024,0.21228,0.826672,-131.88,-28.21,24.71,Noise,Right
1705996671794,-0.501176,0.23424,0.813984,-137.55,-31.43,24.29,Noise,Right
1705996671794,-0.624152,0.243512,0.830088,-109.27,-33.04,13.86,Noise,Right
1705996671794,-0.70516,0.25132,0.906704,-51.03,-29.68,-2.1,Noise,Right
1705996671794,-0.735416,0.159576,0.897432,-20.09,-15.61,-12.46,Noise,Right
1705996671795,-0.618296,0.17812,0.894504,-40.18,-9.94,-20.44,Noise,Right
1705996671802,-0.583648,0.167384,0.890112,-50.47,-8.4,-35.91,Noise,Right
1705996671803,-0.556808,0.201544,0.93208,-42.0,-4.34,-49.49,Noise,Right
1705996671803,-0.746152,0.214232,0.974536,26.11,3.5,-67.06,Noise,Right
1705996671803,-0.651968,0.229848,0.886696,113.96,13.79,-83.23,Noise,Right
1705996671803,-0.801296,0.196664,0.88816,208.46,17.08,-103.32,Noise,Right
1705996671803,-0.881328,0.088328,0.939888,129.64,-2.8,-93.73,Noise,Right
1705996671803,-0.656848,0.074664,0.870104,15.47,-50.19,-47.81,Noise,Right
1705996671805,-0.567056,0.147376,0.876936,2.87,-113.47,-1.19,Noise,Right
1705996671812,-0.68076,0.26352,0.9394,-3.15,-150.85,32.34,Noise,Right
1705996671813,-0.640744,0.203984,0.91256,6.09,-139.86,41.3,Noise,Right
1705996671813,-0.543144,0.217648,0.881816,4.9,-105.91,47.95,Noise,Right
1705996671813,-0.454328,0.2318,0.899384,20.72,-58.52,60.13,Noise,Right
1705996671813,-0.375272,0.281088,0.887184,40.74,-13.23,84.56,Noise,Right
1705996671813,-0.325984,0.321104,0.855952,64.26,29.33,110.88,Noise,Right
1705996671813,-0.301584,0.349896,0.759328,78.12,44.59,126.98,Noise,Right
1705996671814,-0.310368,0.386496,0.65636,75.04,37.94,133.42,Noise,Right
1705996671822,-0.317688,0.359168,0.607072,58.59,15.4,130.13,Noise,Right
1705996671823,-0.303048,0.335744,0.623664,28.49,-3.57,117.04,Noise,Right
1705996671823,-0.265472,0.264008,0.684664,9.45,-4.97,93.45,Noise,Right
1705996671823,-0.203496,0.251808,0.72468,-2.38,12.53,61.88,Noise,Right
1705996671823,-0.207888,0.249368,0.772016,-10.36,33.67,27.44,Noise,Right
1705996671823,-0.243024,0.26596,0.81496,-12.88,48.3,-3.36,Noise,Right
1705996671823,-0.268888,0.255224,0.869616,-12.39,49.91,-20.79,Noise,Right
1705996671825,-0.295728,0.231312,0.901336,-11.83,36.82,-23.1,Noise,Right
1705996671832,-0.347944,0.227896,0.939888,-24.85,3.71,-13.51,Noise,Right
1705996671833,-0.396744,0.20496,1.004792,-30.38,-30.8,-14.21,Noise,Right
1705996671833,-0.393816,0.192272,1.018456,-44.17,-52.08,-32.62,Noise,Right
1705996671833,-0.397232,0.16836,1.018944,-60.62,-47.88,-64.05,Noise,Right
1705996671835,-0.421632,0.118096,1.003328,-78.75,-15.4,-94.08,Noise,Right
1705996671835,-0.396744,0.172264,1.015528,-64.4,36.61,-101.64,Noise,Right
1705996671835,-0.375272,0.207888,1.015528,-24.71,67.13,-88.69,Noise,Right
1705996671835,-0.38064,0.18056,1.005768,7.63,78.26,-56.07,Noise,Right
1705996671836,-0.442128,0.222528,0.982832,15.82,69.86,-13.16,Noise,Right
1705996671850,-0.488976,0.23668,0.946232,45.22,56.91,12.39,Noise,Right
1705996671850,-0.438712,0.250832,0.864736,53.27,38.43,21.07,Noise,Right
1705996671850,-0.437248,0.265472,0.832528,34.72,12.39,10.57,Noise,Right
1705996671850,-0.432368,0.218136,0.784704,5.53,-14.14,-32.83,Noise,Right
1705996671850,-0.597312,0.113216,0.840824,-32.97,-36.54,-86.73,Noise,Right
1705996671851,-0.619272,0.065392,0.934032,-70.49,-39.69,-134.61,Noise,Right
1705996671851,-0.5856,0.088328,0.990152,-88.62,-28.35,-146.86,Noise,Right
1705996671852,-0.66124,0.279624,1.14924,-85.19,-11.55,-94.15,Noise,Right
1705996671852,-0.335256,0.28304,0.94672,-15.33,-24.92,-35.42,Noise,Right
1705996671852,-0.523624,0.027816,0.96624,12.04,-23.17,-14.14,Noise,Right
1705996671853,-0.39284,0.094672,0.959896,13.86,-21.21,-7.14,Noise,Right
1705996671853,-0.453352,0.11956,0.904752,22.26,-34.93,-8.19,Noise,Right
1705996671853,-0.389424,0.118096,0.875472,23.03,-20.86,-10.43,Noise,Right
1705996671853,-0.354288,0.127368,0.820328,24.92,-25.97,-16.73,Noise,Right
1705996671860,-0.42456,0.101504,0.851072,8.26,-35.7,-26.74,Noise,Right
1705996671861,-0.540216,-0.004392,0.891088,-13.86,-40.74,-39.55,Noise,Right
1705996671861,-0.6222,-0.016104,0.935008,-34.93,-38.5,-46.9,Noise,Right
1705996671861,-0.485072,-0.00488,0.937448,-48.51,-32.9,-45.92,Noise,Right
1705996671861,-0.467504,0.01708,0.982832,-23.8,-27.51,-38.22,Noise,Right
1705996671861,-0.410896,-0.116144,1.003816,-12.67,-24.08,-31.29,Noise,Right
1705996671861,-0.433832,0.0,1.01504,4.06,-19.53,-25.69,Noise,Right
1705996671865,-0.490928,-0.009272,0.973072,16.8,-15.33,-17.08,Noise,Right
1705996671865,-0.438712,0.015128,0.907192,16.17,-14.63,-14.84,Noise,Right
1705996671873,-0.40504,0.023912,0.860832,8.82,-17.36,-14.21,Noise,Right
1705996671873,-0.388448,0.020008,0.838872,-13.3,-23.24,-15.33,Noise,Right
1705996671873,-0.420168,-0.030256,0.8662,-36.96,-30.31,-29.26,Noise,Right
1705996671873,-0.377712,-0.083936,0.975024,-6.23,-31.99,-50.05,Noise,Right
1705996671875,-0.432856,-0.034648,0.99308,-40.88,-34.51,-45.36,Noise,Right
1705996671875,-0.425536,0.01708,0.976976,-20.37,-26.39,-42.63,Noise,Right
1705996671875,-0.39772,-0.029768,0.944768,-28.07,-26.25,-35.63,Noise,Right
1705996671875,-0.382592,-0.0244,0.966728,-27.65,-24.78,-19.95,Noise,Right
1705996671882,-0.317688,-0.045384,1.016504,-6.86,-22.47,-5.04,Noise,Right
1705996671883,-0.29768,-0.032696,1.006744,21.07,-17.64,-3.5,Noise,Right
1705996671883,-0.340136,-0.079544,0.979416,67.2,-13.93,-4.06,Noise,Right
1705996671883,-0.393816,-0.057584,0.961848,27.02,-18.06,9.59,Noise,Right
1705996671883,-0.287432,-0.018056,0.91744,14.35,-23.45,12.25,Noise,Right
1705996671883,-0.273768,-0.049288,0.97112,-2.94,-29.05,8.89,Noise,Right
1705996671883,-0.338184,-0.077104,1.055056,-20.86,-30.8,0.63,Noise,Right
1705996671885,-0.379664,-0.094672,1.098,-6.51,-23.24,-10.57,Noise,Right
1705996671893,-0.330376,-0.100528,1.082872,-10.01,-15.89,-19.81,Noise,Right
1705996671893,-0.366,-0.035624,1.002352,2.66,-9.45,-21.49,Noise,Right
1705996671893,-0.33184,-0.032696,0.983808,-11.97,-9.73,-29.82,Noise,Right
1705996671893,-0.311832,0.020496,0.975024,0.35,-7.91,-31.01,Noise,Right
1705996671893,-0.299632,-0.001952,0.979904,4.27,-8.68,-29.47,Noise,Right
1705996671893,-0.384056,0.001464,0.981368,3.5,-11.9,-17.29,Noise,Right
1705996671893,-0.338184,-0.018056,0.992104,15.96,-10.57,-8.54,Noise,Right
1705996671894,-0.321592,-0.040992,0.996008,11.76,-11.41,-2.1,Noise,Right
1705996671905,-0.304512,0.005856,1.024312,9.31,-11.41,-1.75,Noise,Right
1705996671905,-0.362584,-0.016104,1.006744,19.6,-10.22,-2.38,Noise,Right
1705996671905,-0.420656,-0.077592,1.016992,10.08,-8.19,-1.68,Noise,Right
1705996671905,-0.427976,-0.047336,0.999912,2.45,-5.04,-1.82,Noise,Right
1705996671905,-0.367952,-0.052216,0.994544,1.19,-3.57,-0.28,Noise,Right
1705996671905,-0.373808,-0.016104,0.988688,-17.57,-2.38,-0.7,Noise,Right
1705996671905,-0.369904,-0.01464,0.987224,1.54,-1.75,-2.45,Noise,Right
1705996671907,-0.313296,-0.043432,0.99796,-3.78,-2.52,-2.87,Noise,Right
1705996671908,-0.25864,-0.00732,0.94916,2.59,-3.78,-1.47,Noise,Right
1705996671909,-0.271816,-0.063928,0.954528,0.63,-7.42,-0.98,Noise,Right
1705996671914,-0.23424,-0.025376,0.967216,0.28,-11.13,8.4,Noise,Right
1705996671915,-0.22204,-0.066368,0.985272,-2.45,-13.3,12.95,Noise,Right
1705996671915,-0.266448,-0.05612,1.018456,2.8,-14.0,14.56,Noise,Right
1705996671915,-0.29768,-0.065392,1.016504,6.23,-12.88,10.29,Noise,Right
1705996671915,-0.348432,-0.051728,0.995032,11.27,-10.5,4.9,Noise,Right
1705996671917,-0.334768,-0.03172,1.011136,4.55,-10.43,6.16,Noise,Right
1705996671917,-0.27084,-0.018544,1.008696,8.54,-9.52,9.45,Noise,Right
1705996671918,-0.276696,-0.00488,1.002352,21.28,-6.3,11.83,Noise,Right
1705996671918,-0.279624,-0.017568,0.982832,23.31,-6.79,14.21,Noise,Right
1705996671925,-0.2928,-0.006344,0.964776,20.37,-7.56,14.21,Noise,Right
1705996671925,-0.318176,-0.008296,0.959408,12.46,-11.13,11.76,Noise,Right
1705996671926,-0.280112,-0.010736,0.96136,8.96,-14.63,6.02,Noise,Right
1705996671926,-0.301584,0.00976,0.98088,6.93,-17.5,0.42,Noise,Right
1705996671926,-0.337208,-0.013664,0.998936,17.08,-16.66,-7.77,Noise,Right
1705996671926,-0.337696,0.01464,1.001864,0.63,-18.76,-3.43,Noise,Right
1705996671926,-0.365024,0.001952,1.020896,2.73,-16.94,0.49,Noise,Right
1705996671928,-0.25132,0.001952,1.033584,3.36,-15.19,1.68,Noise,Right
1705996671935,-0.233264,0.14884,0.893528,29.68,-10.29,-7.14,Noise,Right
1705996671935,-0.265472,-0.022936,1.086288,94.01,2.45,-11.55,Noise,Right
1705996671935,-0.287432,0.030744,1.018944,-2.94,-9.24,8.05,Noise,Right
1705996671935,-0.278648,0.038064,1.025288,24.15,-3.99,7.84,Noise,Right
1705996671936,-0.29768,0.037088,1.025776,16.31,-3.08,10.57,Noise,Right
1705996671936,-0.340136,0.010736,1.030656,-1.4,-3.36,10.78,Noise,Right
1705996671936,-0.415776,-0.002928,1.042368,-20.65,-2.03,13.93,Noise,Right
1705996671937,-0.442128,0.00732,1.082872,-34.58,3.43,21.07,Noise,Right
1705996671980,-0.338184,0.049288,1.08336,-27.51,11.34,34.65,Noise,Right
1705996671981,-0.267912,0.093208,1.052616,1.61,23.52,52.5,Noise,Right
1705996671981,-0.249856,0.079056,1.033096,18.69,28.98,66.78,Noise,Right
1705996671981,-0.266936,0.032696,0.96868,-3.43,20.72,80.92,Noise,Right
1705996671981,-0.247904,0.109312,0.93452,36.89,21.49,79.38,Noise,Right
1705996671981,-0.161528,0.142496,0.899872,19.74,17.43,67.76,Noise,Right
1705996671981,-0.120536,0.111264,0.949648,4.06,8.12,47.46,Noise,Right
1705996672028,-0.118584,0.093696,0.996008,-16.03,-0.49,14.56,Noise,Right
1705996672029,-0.19032,0.050264,1.092144,-41.23,-5.25,-12.04,Noise,Right
1705996672075,-0.3172,0.010248,1.145336,-29.75,-0.28,-31.71,Noise,Right
1705996672076,-0.129808,0.029768,1.070672,-29.61,6.79,-46.27,Noise,Right
1705996672076,-0.17812,0.0488,1.055544,-16.38,9.38,-49.84,Noise,Right
1705996672122,-0.199104,0.083936,1.04432,3.36,11.41,-42.07,Noise,Right
1705996672123,-0.24156,0.076128,1.028216,23.38,13.65,-32.13,Noise,Right
1705996672123,-0.275232,0.081984,0.991128,32.9,14.28,-22.89,Noise,Right
1705996672169,-0.244488,0.09272,0.928176,40.6,11.9,-18.48,Noise,Right
1705996672169,-0.24156,0.10736,0.867176,30.17,6.16,-18.83,Noise,Right
1705996672170,-0.242048,0.124928,0.8418,19.11,-3.85,-23.24,Noise,Right
1705996672215,-0.290848,0.090768,0.860832,1.54,-14.21,-28.07,Noise,Right
1705996672215,-0.413824,0.069784,0.919392,-18.83,-18.48,-26.32,Noise,Right
1705996672262,-0.440176,0.02684,0.960872,-47.81,-19.88,-20.02,Noise,Right
1705996672263,-0.335744,0.031232,1.03456,-17.29,-16.94,-10.92,Noise,Right
1705996672263,-0.284016,0.028304,1.073112,-0.91,-13.02,-5.39,Noise,Right
1705996672310,-0.280112,0.02684,1.047248,14.7,-8.89,-3.08,Noise,Right
1705996672310,-0.30744,0.030744,1.022848,18.97,-6.58,-4.48,Noise,Right
1705996672310,-0.291336,0.026352,0.987712,18.06,-5.18,-6.79,Noise,Right
1705996672361,-0.29768,0.041968,0.952576,12.25,-6.58,-12.81,Noise,Right
1705996672361,-0.327448,0.041968,0.921344,-2.17,-11.27,-22.19,Noise,Right
1705996672361,-0.42944,0.001952,0.94428,-19.67,-14.77,-31.22,Noise,Right
1705996672483,-0.513864,0.052704,0.962336,1.54,-13.44,-24.36,Noise,Right
1705996672483,-0.4758,0.061976,0.93696,-33.67,-16.59,-1.75,Noise,Right
1705996672483,-0.325984,-0.037088,0.984784,-29.05,-18.34,-0.56,Noise,Right
1705996672484,-0.241072,0.020008,1.04432,-17.64,-15.05,7.14,Noise,Right
1705996672484,-0.247416,0.024888,1.04188,10.36,-8.19,17.15,Noise,Right
1705996672484,-0.24156,0.027816,1.01748,22.96,-3.92,23.45,Noise,Right
1705996672484,-0.252296,0.0244,0.967704,30.94,-3.29,21.07,Noise,Right
1705996672528,-0.249368,0.016592,1.007232,9.87,-10.43,12.46,Noise,Right
1705996672528,-0.234728,0.00732,1.03212,-4.69,-11.62,-1.26,Noise,Right
1705996672528,-0.245952,-0.020984,1.07116,0.14,-10.08,-8.05,Noise,Right
1705996672573,-0.377224,-0.026352,1.067256,-22.82,-8.19,-1.82,Noise,Right
1705996672575,-0.442616,0.027816,0.891576,-22.54,-1.75,6.23,Noise,Right
1705996672622,-0.264496,0.066856,1.108248,40.74,9.03,-3.85,Noise,Right
1705996672622,-0.253272,-0.028304,1.05408,-11.27,4.76,11.2,Noise,Right
1705996672622,-0.189344,0.061488,1.016016,27.72,9.73,9.31,Noise,Right
1705996672670,-0.225456,0.11956,0.959896,39.9,9.73,11.13,Noise,Right
1705996672670,-0.233264,0.083936,0.879864,9.17,0.91,10.71,Noise,Right
1705996672670,-0.164456,0.059536,0.886208,11.41,-9.03,-3.5,Noise,Right
1705996672715,-0.274744,0.049288,0.974536,-16.87,-17.71,-3.57,Noise,Right
1705996672716,-0.353312,0.006832,1.02968,-22.61,-17.01,-6.86,Noise,Right
1705996672716,-0.41236,0.024888,1.028704,-23.87,-13.65,-4.27,Noise,Right
1705996672759,-0.305488,0.027328,1.037,-24.78,-9.66,6.16,Noise,Right
1705996672760,-0.22692,0.027816,1.044808,-9.1,-4.83,14.56,Noise,Right
1705996672812,-0.203984,0.031232,0.998936,17.99,0.14,19.67,Noise,Right
1705996672812,-0.215696,0.074176,0.953064,38.43,1.05,19.46,Noise,Right
1705996672812,-0.233752,0.063928,0.897432,16.66,-7.28,13.79,Noise,Right
1705996672892,-0.26108,0.064416,0.90768,27.37,-15.05,-4.06,Noise,Right
1705996672892,-0.286456,0.030256,0.97356,4.13,-22.75,-14.14,Noise,Right
1705996672892,-0.404552,0.038064,1.029192,-24.71,-24.5,-20.3,Noise,Right
1705996672893,-0.366976,0.0,1.053104,-29.54,-21.14,-17.15,Noise,Right
1705996672893,-0.32208,0.028304,1.004792,-34.37,-17.08,-0.28,Noise,Right
1705996672995,-0.24888,0.010248,1.0614,-32.9,-15.68,4.13,Noise,Right
1705996672995,-0.144936,0.108824,1.140944,121.1,0.77,-24.29,Noise,Right
1705996672995,-0.298168,0.091744,1.083848,-11.9,-9.1,16.38,Noise,Right
1705996672997,-0.215696,0.013176,0.989176,11.2,-4.83,-0.98,Noise,Right
1705996672997,-0.231312,0.079056,0.965264,12.74,-8.4,-11.9,Noise,Right
1705996672997,-0.279136,0.064904,0.96136,21.35,-12.74,-25.69,Noise,Right
1705996673039,-0.368928,0.043432,1.120448,-0.14,-16.59,-32.76,Noise,Right
1705996673039,-0.302072,0.03904,0.99552,-19.6,-16.03,-24.15,Noise,Right
1705996673039,-0.015128,0.007808,0.94672,-15.96,-16.45,3.64,Noise,Right
1705996673087,-0.324032,0.332328,0.910608,-11.69,-13.51,5.6,Noise,Right
1705996673087,-0.078568,-0.188368,1.068232,133.49,-17.29,-1.82,Noise,Right
1705996673087,-0.207888,0.16836,1.089216,11.13,-11.55,52.43,Noise,Right
1705996673136,-0.218624,0.071736,1.05652,95.9,-8.75,37.17,Noise,Right
1705996673136,-0.35868,0.198128,1.059936,23.17,-8.47,32.55,Noise,Right
1705996673182,-0.2928,0.160064,1.019432,21.0,-12.39,3.36,Noise,Right
1705996673183,-0.23912,0.163968,1.013088,19.95,-21.56,-12.18,Noise,Right
1705996673183,-0.20496,0.175192,1.018456,17.71,-21.77,-14.7,Noise,Right
1705996673229,-0.17568,0.162016,0.996496,10.01,-18.76,-8.82,Noise,Right
1705996673229,-0.173728,0.144936,0.973072,-7.07,-17.01,1.61,Noise,Right
1705996673229,-0.200568,0.162504,1.012112,-12.6,-16.31,4.9,Noise,Right
1705996673278,-0.19276,0.149328,1.006256,-12.04,-17.5,6.86,Noise,Right
1705996673278,-0.167872,0.14884,1.003328,-11.06,-20.16,7.91,Noise,Right
1705996673279,-0.157624,0.14884,1.014064,-10.36,-22.61,5.39,Noise,Right
1705996673325,-0.162504,0.138592,1.045784,-6.65,-20.02,2.1,Noise,Right
1705996673325,-0.1708,0.13908,1.080432,-3.01,-9.94,0.98,Noise,Right
1705996673369,-0.218136,0.12444,1.083848,5.53,4.27,1.05,Noise,Right
1705996673373,-0.264008,0.162016,1.101904,8.82,20.02,3.85,Noise,Right
1705996673373,-0.28548,0.162504,1.050664,17.36,19.95,11.62,Noise,Right
1705996673416,-0.30256,0.161528,1.05164,17.43,11.13,21.21,Noise,Right
1705996673416,-0.291336,0.140056,1.064328,12.67,4.06,23.03,Noise,Right
1705996673416,-0.272792,0.142984,1.09312,10.22,9.38,9.17,Noise,Right
1705996673463,-0.277672,0.130784,1.118008,7.21,27.44,-6.02,Noise,Right
1705996673463,-0.296216,0.12932,1.114592,11.9,52.08,-8.54,Noise,Right
1705996673463,-0.313784,0.132248,1.075552,23.73,66.43,4.97,Noise,Right
1705996673510,-0.357704,0.136152,1.034072,39.06,66.64,24.15,Noise,Right
1705996673511,-0.393328,0.160552,0.999424,45.29,60.97,33.67,Noise,Right
1705996673556,-0.391864,0.160064,0.99552,42.7,55.23,35.98,Noise,Right
1705996673556,-0.354288,0.169824,0.962336,42.42,47.04,36.89,Noise,Right
1705996673556,-0.359656,0.188368,0.944768,27.3,36.61,36.33,Noise,Right
1705996673611,-0.387472,0.169824,0.9394,13.93,29.75,23.03,Noise,Right
1705996673612,-0.420656,0.19032,0.959896,-0.98,29.68,6.51,Noise,Right
1705996673612,-0.409432,0.204472,0.989176,-7.49,36.54,-6.37,Noise,Right
1705996673722,-0.396744,0.25132,0.978928,-7.7,41.86,-2.45,Noise,Right
1705996673723,-0.349896,0.282552,0.928176,6.3,41.3,11.48,Noise,Right
1705996673723,-0.310856,0.2684,0.8906,14.28,33.25,37.1,Noise,Right
1705996673725,-0.340136,0.293776,0.9028,15.05,26.74,53.69,Noise,Right
1705996673725,-0.3294,0.29524,0.952576,22.82,26.67,60.13,Noise,Right
1705996673726,-0.28548,0.28792,0.943792,27.79,38.71,57.89,Noise,Right
1705996673775,-0.282064,0.245464,0.989664,24.99,62.86,48.86,Noise,Right
1705996673776,-0.321592,0.25376,1.022848,37.31,92.19,33.25,Noise,Right
1705996673776,-0.325984,0.235704,0.987712,41.37,110.67,13.02,Noise,Right
1705996673777,-0.34648,0.285968,0.932568,32.9,102.55,-9.87,Noise,Right
1705996673822,-0.38552,0.306464,0.864736,21.98,70.56,-32.97,Noise,Right
1705996673822,-0.4026,0.309392,0.806176,1.89,27.58,-42.21,Noise,Right
1705996673822,-0.404064,0.303536,0.789584,-16.87,-10.36,-38.78,Noise,Right
1705996673868,-0.38552,0.282064,0.774944,-25.48,-30.24,-30.66,Noise,Right
1705996673868,-0.385032,0.265472,0.806664,-34.72,-29.12,-21.07,Noise,Right
1705996673915,-0.416752,0.188856,0.90524,-35.98,-4.41,-13.65,Noise,Right
1705996673916,-0.437248,0.196176,0.974048,-23.38,39.41,-11.41,Noise,Right
1705996673916,-0.399184,0.22936,0.9272,4.2,78.54,-11.62,Noise,Right
1705996673962,-0.407968,0.257664,0.813008,15.96,94.01,-15.47,Noise,Right
1705996673963,-0.443592,0.320128,0.694424,15.33,86.38,-24.43,Noise,Right
1705996673963,-0.454328,0.371368,0.599752,0.35,63.91,-35.63,Noise,Right
1705996674009,-0.498248,0.346968,0.548024,-16.94,38.64,-42.14,Noise,Right
1705996674010,-0.560224,0.372832,0.601704,-2.8,-6.79,-27.3,Noise,Right
1705996674056,-0.556808,0.287432,0.650016,-24.85,-28.91,-11.97,Noise,Right
1705996674056,-0.740296,0.291336,0.759328,-11.97,-25.2,-6.44,Noise,Right
1705996674056,-0.741272,0.300608,0.828624,-9.31,-12.53,-2.8,Noise,Right
1705996674102,-0.684176,0.286456,0.876936,-0.98,-4.13,-1.26,Noise,Right
1705996674102,-0.716384,0.285968,0.935984,6.23,4.48,-1.33,Noise,Right
1705996674103,-0.589504,0.314272,0.874496,5.04,-1.05,11.13,Noise,Right
1705996674145,-0.564616,0.24888,0.887184,6.16,5.11,11.9,Noise,Right
1705996674147,-0.593896,0.251808,0.882304,6.58,4.41,12.6,Noise,Right
1705996674147,-0.58072,0.237168,0.882792,1.82,-7.63,9.94,Noise,Right
1705996674193,-0.532896,0.242536,0.854,-1.05,-22.82,3.15,Noise,Right
1705996674193,-0.462136,0.213744,0.87596,-11.06,-36.05,-8.75,Noise,Right
1705996674239,-0.365024,0.220088,0.8784,-10.22,-20.51,-33.53,Noise,Right
1705996674240,-0.337208,0.24644,0.842776,-2.87,16.87,-56.21,Noise,Right
1705996674240,-0.398696,0.249856,0.794464,3.29,67.27,-68.81,Noise,Right
1705996674287,-0.497272,0.275232,0.735904,14.0,115.5,-64.47,Noise,Right
1705996674287,-0.654408,0.039528,0.855952,66.36,26.53,-22.33,Noise,Right
1705996674287,-0.43432,0.305488,0.72224,33.95,39.41,-10.64,Noise,Right
1705996674333,-0.613904,0.262544,0.721264,37.45,35.35,12.04,Noise,Right
1705996674333,-0.601216,0.24156,0.645624,47.25,38.5,14.98,Noise,Right
1705996674333,-0.598288,0.232288,0.59536,27.37,32.55,17.22,Noise,Right
1705996674378,-1.227808,0.2562,0.875472,-45.01,-10.99,36.4,Noise,Right
1705996674379,-0.86864,0.210328,0.638792,-3.08,-16.52,16.03,Noise,Right
1705996674432,-0.711504,0.253272,0.64904,-33.18,-21.35,5.18,Noise,Right
1705996674433,-0.71492,0.276696,0.701256,-21.77,-21.28,2.03,Noise,Right
1705996674435,-0.6222,0.26352,0.703208,-5.95,-22.47,-1.19,Noise,Right
1705996674475,-0.596336,0.231312,0.74176,-0.7,-24.78,0.28,Noise,Right
1705996674476,-0.600728,0.23424,0.6954,13.37,-29.75,-0.28,Noise,Right
1705996674476,-0.4514,0.247416,0.617808,23.17,-42.21,-2.1,Noise,Right
1705996674521,-0.42944,0.22692,0.625616,0.35,-62.37,-0.14,Noise,Right
1705996674521,-0.42212,0.1952,0.604632,-26.95,-82.74,-0.14,Noise,Right
1705996674522,-0.606584,0.177632,0.75396,-70.14,-102.97,-7.42,Noise,Right
1705996674569,-0.717848,0.128832,0.8052,-71.12,-108.71,-31.85,Noise,Right
1705996674569,-0.71492,0.118584,0.818864,-62.72,-102.76,-49.35,Noise,Right
1705996674629,-0.598776,0.092232,0.8662,-51.94,-92.12,-62.09,Noise,Right
1705996674630,-1.207312,-0.060512,0.74664,-40.46,-47.95,-78.89,Noise,Right
1705996674630,-0.426024,0.16836,1.191696,-18.83,-63.28,-37.94,Noise,Right
1705996674632,-0.46848,0.128344,1.009184,20.02,-49.0,-13.37,Noise,Right
1705996674680,-0.441152,0.088816,0.972584,20.37,-52.5,0.56,Noise,Right
1705996674680,-0.330376,0.130784,0.823256,28.42,-53.83,2.24,Noise,Right
1705996674680,-0.345016,0.133712,0.857904,-2.03,-63.28,-1.4,Noise,Right
1705996674726,-0.376736,0.11956,0.94916,-23.45,-69.09,-6.09,Noise,Right
1705996674727,-0.432856,0.047336,0.979904,-30.31,-70.35,-17.36,Noise,Right
1705996674727,-0.669048,0.043432,1.04188,-50.82,-66.71,-52.08,Noise,Right
1705996674776,-0.589504,0.03904,1.160464,-54.18,-45.57,-39.2,Noise,Right
1705996674776,-0.61244,0.055144,1.172176,-23.17,-23.59,-7.07,Noise,Right
1705996674822,-0.474336,-0.00976,1.152656,10.85,-4.83,4.62,Noise,Right
1705996674823,-0.547048,0.07808,1.148264,23.52,6.72,6.93,Noise,Right
1705996674824,-0.472872,0.099064,0.906216,53.13,21.21,21.49,Noise,Right
1705996674868,-0.2684,0.094184,0.791048,30.03,16.31,36.54,Noise,Right
1705996674869,-0.21472,0.14396,0.821792,5.32,4.27,43.47,Noise,Right
1705996674869,-0.179584,0.13664,0.834968,-8.54,-10.08,31.78,Noise,Right
1705996728890,-0.444568,-0.1098,-0.825696,-6.65,-38.36,-8.82,Noise,Right
1705996728892,-0.40992,-0.111752,-0.841312,-9.17,-37.52,-9.1,Noise,Right
1705996728892,-0.397232,-0.124928,-0.862296,-10.92,-34.02,-4.97,Noise,Right
1705996728939,-0.410408,-0.15616,-0.87108,-9.17,-28.35,-0.56,Noise,Right
1705996728939,-0.459696,-0.135664,-0.870104,-6.93,-22.12,4.69,Noise,Right
1705996728990,-0.526064,-0.140056,-0.857416,-3.08,-18.06,3.99,Noise,Right
1705996728997,-0.567056,-0.116144,-0.845216,-1.33,-19.18,0.84,Noise,Right
1705996728997,-0.55632,-0.114192,-0.831064,-2.03,-25.34,-1.4,Noise,Right
1705996729108,-0.528016,-0.0854,-0.823744,-2.59,-29.19,-4.48,Noise,Right
1705996729108,-0.472872,-0.079056,-0.814472,-2.87,-25.9,-6.79,Noise,Right
1705996729109,-0.470432,-0.083448,-0.824232,-5.67,-21.77,-3.78,Noise,Right
1705996729109,-0.469944,-0.1098,-0.836432,-7.28,-18.55,1.33,Noise,Right
1705996729109,-0.506544,-0.122976,-0.831552,-5.67,-12.39,4.62,Noise,Right
1705996729109,-0.536312,-0.13176,-0.79056,-2.8,-6.44,4.34,Noise,Right
1705996729109,-0.540704,-0.149328,-0.793488,0.0,-1.61,0.21,Noise,Right
1705996729159,-0.534848,-0.144448,-0.78812,2.8,-2.24,-2.59,Noise,Right
1705996729160,-0.518256,-0.099552,-0.815936,3.15,-6.02,-2.1,Noise,Right
1705996729160,-0.512888,-0.060512,-0.835944,1.05,-11.62,-0.14,Noise,Right
1705996729208,-0.512888,-0.059536,-0.832528,-1.68,-13.23,-0.07,Noise,Right
1705996729208,-0.534848,-0.081984,-0.837896,-2.66,-9.1,-0.49,Noise,Right
1705996729208,-0.576816,-0.104432,-0.81008,-1.89,-4.9,-1.19,Noise,Right
1705996729252,-0.598776,-0.114192,-0.790072,0.49,-2.38,-4.62,Noise,Right
1705996729252,-0.586576,-0.140056,-0.762744,2.24,-0.42,-7.63,Noise,Right
1705996729252,-0.526552,-0.135664,-0.743224,4.41,3.85,-8.12,Noise,Right
1705996729298,-0.467016,-0.115656,-0.737856,4.13,9.73,-4.2,Noise,Right
1705996729299,-0.444568,-0.083936,-0.736392,0.7,17.64,1.05,Noise,Right
1705996729300,-0.452376,-0.072224,-0.758352,-3.29,27.02,1.96,Noise,Right
1705996729346,-0.453352,-0.091256,-0.777384,-5.25,37.38,0.84,Noise,Right
1705996729347,-0.468968,-0.110776,-0.782264,-2.45,50.47,-1.75,Noise,Right
1705996729396,-0.491416,-0.127368,-0.770064,1.96,62.3,-4.69,Noise,Right
1705996729396,-0.476288,-0.118096,-0.757376,5.04,71.47,-6.79,Noise,Right
1705996729397,-0.447008,-0.108336,-0.74176,3.5,76.3,-5.95,Noise,Right
1705996729517,-0.382104,-0.088816,-0.776896,-0.21,81.62,-4.69,Noise,Right
1705996729518,-0.366488,-0.085888,-0.810568,-3.64,88.34,-3.22,Noise,Right
1705996729518,-0.311344,-0.095648,-0.84668,-5.39,95.2,-3.5,Noise,Right
1705996729519,-0.25864,-0.123952,-0.879864,-6.23,102.06,-2.24,Noise,Right
1705996729519,-0.23424,-0.133224,-0.906704,-5.53,108.5,0.28,Noise,Right
1705996729519,-0.232288,-0.116144,-0.925736,-5.39,114.24,1.89,Noise,Right
1705996729519,-0.218624,-0.101504,-0.982832,-6.44,119.21,1.96,Noise,Right
1705996729564,-0.18544,-0.141032,-1.015528,-6.65,118.09,5.95,Noise,Right
1705996729564,-0.161528,-0.152744,-1.045784,-5.18,112.98,10.85,Noise,Right
1705996729565,-0.162992,-0.164944,-1.02968,-2.94,107.1,12.67,Noise,Right
1705996729608,-0.175192,-0.150792,-0.886208,0.21,100.73,9.45,Noise,Right
1705996729609,-0.139568,-0.09516,-0.987224,-0.07,93.94,4.55,Noise,Right
1705996729610,-0.072224,-0.063928,-1.006744,-3.22,94.78,0.98,Noise,Right
1705996729654,-0.011712,-0.077104,-1.030168,-4.9,99.33,3.15,Noise,Right
1705996729654,0.019032,-0.08296,-1.013088,-3.78,104.72,7.07,Noise,Right
1705996729655,0.040504,-0.081496,-0.987224,-0.56,114.59,6.72,Noise,Right
1705996729704,0.060512,-0.12688,-1.00528,5.53,131.11,0.91,Noise,Right
1705996729704,0.110776,-0.166896,-1.056032,19.18,151.06,-4.13,Noise,Right
1705996729822,0.059536,-0.115656,-1.05652,25.41,151.55,3.08,Noise,Right
1705996729823,-0.001464,-0.024888,-1.040904,22.12,132.37,11.06,Noise,Right
1705996729823,-0.035624,-0.01708,-1.018944,16.87,109.69,6.44,Noise,Right
1705996729823,-0.024888,-0.03172,-1.00528,15.68,88.83,-6.65,Noise,Right
1705996729823,0.018056,-0.118096,-0.994056,16.73,69.86,-20.65,Noise,Right
1705996729823,0.101992,-0.144936,-0.975024,21.49,56.56,-30.1,Noise,Right
1705996729824,0.171288,-0.160552,-0.953064,26.67,47.81,-35.07,Noise,Right
1705996729872,0.219112,-0.128832,-0.926224,29.54,42.07,-36.05,Noise,Right
1705996729872,0.247416,-0.111752,-0.89792,29.26,38.99,-35.84,Noise,Right
1705996729873,0.264496,-0.122976,-0.879376,26.67,37.94,-36.26,Noise,Right
1705996729920,0.283528,-0.137128,-0.86376,23.52,38.71,-37.94,Noise,Right
1705996729925,0.284992,-0.158112,-0.85644,21.28,39.69,-40.46,Noise,Right
1705996729930,0.271328,-0.16836,-0.86864,21.28,38.29,-42.14,Noise,Right
1705996729963,0.241072,-0.18056,-0.862784,22.05,33.46,-45.64,Noise,Right
1705996729964,0.267912,-0.169336,-0.843264,26.67,25.27,-48.72,Noise,Right
1705996729965,0.325008,-0.167384,-0.82228,28.98,23.31,-53.9,Noise,Right
1705996730013,0.369416,-0.178608,-0.80032,30.59,28.49,-57.96,Noise,Right
1705996730014,0.398696,-0.179096,-0.802272,30.8,34.37,-58.73,Noise,Right
1705996730014,0.411872,-0.142008,-0.805688,28.91,34.79,-55.93,Noise,Right
1705996730057,0.408944,-0.105408,-0.803248,23.17,31.85,-53.69,Noise,Right
1705996730058,0.393816,-0.091744,-0.826184,13.65,24.92,-54.67,Noise,Right
1705996730103,0.3782,-0.118096,-0.857416,5.04,12.39,-57.75,Noise,Right
1705996730103,0.409432,-0.17568,-0.881816,-2.1,-7.49,-57.54,Noise,Right
1705996730104,0.44896,-0.187392,-0.894992,-5.53,-27.09,-53.48,Noise,Right
1705996730152,0.495808,-0.167872,-0.873032,-8.61,-38.57,-51.03,Noise,Right
1705996730153,0.559248,-0.12444,-0.867176,-8.54,-37.87,-48.93,Noise,Right
1705996730153,0.584136,-0.108336,-0.8662,-11.62,-28.7,-45.85,Noise,Right
1705996730198,0.596824,-0.110776,-0.870104,-15.82,-16.52,-41.44,Noise,Right
1705996730198,0.589504,-0.150304,-0.89792,-17.22,-3.99,-36.05,Noise,Right
1705996730199,0.567056,-0.194224,-0.914512,-13.16,3.29,-28.7,Noise,Right
1705996730244,0.534848,-0.209352,-0.908168,-5.25,8.26,-23.73,Noise,Right
1705996730245,0.50752,-0.169336,-0.901824,2.31,10.57,-22.82,Noise,Right
1705996730290,0.493856,-0.097112,-0.881816,4.62,10.71,-21.63,Noise,Right
1705996730292,0.482632,-0.029768,-0.882792,2.1,11.06,-22.54,Noise,Right
1705996730292,0.473848,-0.040016,-0.915976,-2.8,12.25,-29.89,Noise,Right
1705996730339,0.485072,-0.09516,-0.938912,-5.46,6.93,-32.27,Noise,Right
1705996730340,0.506056,-0.12932,-0.938424,-2.17,-5.46,-26.74,Noise,Right
1705996730340,0.531432,-0.14152,-0.915488,-0.63,-17.15,-19.32,Noise,Right
1705996730385,0.593896,-0.11712,-0.889624,0.7,-20.93,-12.46,Noise,Right
1705996730386,0.624152,-0.087352,-0.872056,3.22,-9.94,-8.82,Noise,Right
1705996730387,0.620248,-0.064416,-0.873032,4.41,11.62,-11.69,Noise,Right
1705996730432,0.591944,-0.094672,-0.906704,3.78,31.22,-14.56,Noise,Right
1705996730432,0.550952,-0.110776,-0.93696,5.32,36.61,-10.64,Noise,Right
1705996730477,0.511424,-0.121024,-0.94916,5.32,25.69,-3.71,Noise,Right
1705996730477,0.530944,-0.129808,-0.887672,6.37,-3.99,13.23,Noise,Right
1705996730478,0.53192,-0.06344,-0.861808,-2.38,-17.71,21.98,Noise,Right
1705996730527,0.544608,-0.05612,-0.864248,-7.21,-14.7,21.84,Noise,Right
1705996730528,0.524112,-0.061976,-0.872056,-10.36,-3.22,12.18,Noise,Right
1705996730528,0.502152,-0.110776,-0.91744,-8.54,7.91,2.73,Noise,Right
1705996730645,0.484096,-0.15372,-0.942816,-1.89,13.51,-2.66,Noise,Right
1705996730646,0.471408,-0.152744,-0.92476,6.58,15.68,-6.79,Noise,Right
1705996730646,0.450424,-0.131272,-0.893528,12.32,16.8,-12.6,Noise,Right
1705996730647,0.453352,-0.101992,-0.886208,14.56,14.35,-19.88,Noise,Right
1705996730647,0.485072,-0.09028,-0.88084,13.09,8.33,-22.12,Noise,Right
1705996730647,0.515816,-0.089792,-0.881816,11.2,3.85,-21.91,Noise,Right
1705996730648,0.537776,-0.110288,-0.87352,10.22,2.31,-19.6,Noise,Right
1705996730695,0.562176,-0.11468,-0.862296,10.78,2.8,-14.98,Noise,Right
1705996730695,0.561688,-0.11712,-0.846192,9.73,6.37,-10.57,Noise,Right
1705996730695,0.56364,-0.118096,-0.838872,9.31,9.94,-6.23,Noise,Right
1705996730744,0.545584,-0.101992,-0.841312,6.79,13.51,-2.73,Noise,Right
1705996730744,0.528016,-0.105896,-0.859856,4.2,17.5,-2.38,Noise,Right
1705996730744,0.493368,-0.128832,-0.87596,3.71,17.78,-7.0,Noise,Right
1705996730850,0.485072,-0.14884,-0.895968,4.83,8.61,-9.17,Noise,Right
1705996730851,0.491904,-0.13908,-0.889136,6.93,-5.25,-9.31,Noise,Right
1705996730852,0.538264,-0.124928,-0.866688,8.68,-13.44,-10.36,Noise,Right
1705996730852,0.57584,-0.116632,-0.83936,9.38,-13.37,-10.64,Noise,Right
1705996730853,0.596824,-0.111752,-0.830576,8.96,-7.77,-7.07,Noise,Right
1705996730853,0.605608,-0.118096,-0.825696,7.91,-1.75,-0.63,Noise,Right
1705996730897,0.588528,-0.109312,-0.821792,6.02,4.27,6.44,Noise,Right
1705996730897,0.550464,-0.11224,-0.828136,3.22,10.36,10.22,Noise,Right
1705996730898,0.504104,-0.128832,-0.828136,1.89,13.72,8.4,Noise,Right
1705996730942,0.469456,-0.133712,-0.835944,1.26,11.06,3.29,Noise,Right
1705996730942,0.457256,-0.136152,-0.843264,-0.21,2.52,-1.61,Noise,Right
1705996730990,0.486536,-0.128832,-0.833992,-2.87,-7.35,-4.69,Noise,Right
1705996730992,0.523136,-0.120536,-0.837408,-6.09,-11.76,-6.93,Noise,Right
1705996730993,0.55632,-0.130296,-0.843264,-8.33,-11.2,-6.51,Noise,Right
1705996731038,0.57584,-0.134688,-0.855952,-9.59,-7.35,-3.01,Noise,Right
1705996731039,0.581696,-0.124928,-0.867664,-10.01,-1.47,0.35,Noise,Right
1705996731039,0.549488,-0.118584,-0.878888,-9.31,3.85,2.45,Noise,Right
1705996731159,0.518256,-0.113216,-0.886208,-9.87,5.6,2.66,Noise,Right
1705996731160,0.505568,-0.11712,-0.909144,-10.85,1.47,1.89,Noise,Right
1705996731160,0.49532,-0.121024,-0.923784,-10.71,-6.02,1.4,Noise,Right
1705996731160,0.504104,-0.130296,-0.925248,-9.94,-13.02,-0.91,Noise,Right
1705996731160,0.528992,-0.140056,-0.92476,-6.79,-16.87,-3.78,Noise,Right
1705996731162,0.546072,-0.157136,-0.91988,-1.61,-15.26,-6.79,Noise,Right
1705996731162,0.563152,-0.149816,-0.915976,4.27,-10.85,-8.82,Noise,Right
1705996731204,0.572912,-0.133712,-0.89792,10.5,-5.46,-8.82,Noise,Right
1705996731204,0.565104,-0.128344,-0.877912,9.38,-0.98,-8.19,Noise,Right
1705996731204,0.55388,-0.118096,-0.865712,7.91,1.33,-7.0,Noise,Right
1705996731252,0.5368,-0.100528,-0.865712,4.41,0.56,-4.41,Noise,Right
1705996731252,0.518744,-0.091744,-0.89548,0.14,-4.06,-3.01,Noise,Right
1705996731253,0.549488,-0.11468,-0.868152,-3.01,-15.61,0.28,Noise,Right
1705996731305,0.50508,-0.125904,-0.915488,-4.13,-17.57,-6.16,Noise,Right
1705996731305,0.525088,-0.166896,-0.892064,-1.68,-23.31,-3.85,Noise,Right
1705996731420,0.53192,-0.15616,-0.865712,-0.42,-26.25,0.56,Noise,Right
1705996731420,0.54412,-0.136152,-0.828136,-0.14,-20.58,4.06,Noise,Right
1705996731420,0.538264,-0.11468,-0.816424,-1.75,-6.65,7.7,Noise,Right
1705996731422,0.521672,-0.108336,-0.816912,-2.45,10.43,7.84,Noise,Right
1705996731422,0.5124,-0.141032,-0.823256,-0.56,31.57,5.04,Noise,Right
1705996731423,0.493856,-0.128832,-0.843752,8.12,58.24,-4.41,Noise,Right
1705996731423,0.494344,-0.165432,-0.887184,17.57,81.2,-18.41,Noise,Right
1705996731469,0.6222,-0.181048,-0.922808,26.81,88.76,-23.1,Noise,Right
1705996731469,0.499224,-0.162504,-0.934032,37.17,85.26,-23.45,Noise,Right
1705996731470,0.520208,-0.110776,-0.916464,42.84,70.35,-18.06,Noise,Right
1705996731521,0.530456,-0.083448,-0.857416,42.7,49.7,-10.99,Noise,Right
1705996731522,0.55876,-0.053192,-0.80276,37.31,36.82,-8.96,Noise,Right
1705996731522,0.569496,-0.050264,-0.764208,30.87,32.2,-10.57,Noise,Right
1705996731570,0.564128,-0.042944,-0.73688,21.77,29.68,-13.65,Noise,Right
1705996731570,0.595848,-0.046848,-0.760304,11.69,28.7,-18.62,Noise,Right
1705996731570,0.616344,-0.121512,-0.803736,5.81,30.17,-23.94,Noise,Right
1705996731672,0.626592,-0.20008,-0.842776,5.46,30.94,-24.99,Noise,Right
1705996731673,0.629032,-0.242536,-0.852536,12.88,27.3,-26.6,Noise,Right
1705996731673,0.637328,-0.2562,-0.83204,20.79,17.71,-24.64,Noise,Right
1705996731674,0.643672,-0.216672,-0.793976,26.04,4.27,-17.85,Noise,Right
1705996731674,0.681736,-0.182512,-0.714432,27.37,-6.23,-9.45,Noise,Right
1705996731675,0.685152,-0.138104,-0.655384,23.24,-6.86,-6.02,Noise,Right
1705996731717,0.661728,-0.13176,-0.64172,16.24,-7.21,-4.97,Noise,Right
1705996731718,0.637816,-0.15616,-0.664168,11.76,-15.4,-4.62,Noise,Right
1705996731718,0.601704,-0.183,-0.696376,9.66,-34.86,-0.49,Noise,Right
1705996731764,0.595848,-0.16592,-0.688568,10.08,-57.75,3.71,Noise,Right
1705996731765,0.594384,-0.159576,-0.66856,11.69,-75.53,1.96,Noise,Right
1705996731765,0.608536,-0.1586,-0.630496,12.53,-85.96,-1.47,Noise,Right
1705996731812,0.649528,-0.15372,-0.601216,11.13,-87.29,-3.92,Noise,Right
1705996731812,0.69052,-0.152744,-0.572912,8.26,-76.37,-3.99,Noise,Right
1705996731859,0.731024,-0.139568,-0.571448,4.34,-55.79,-4.62,Noise,Right
1705996731859,0.74176,-0.164456,-0.609024,-1.75,-31.92,-3.99,Noise,Right
1705996731859,0.73932,-0.210816,-0.645136,-6.72,-16.17,5.25,Noise,Right
1705996731904,0.69296,-0.205936,-0.670024,-12.32,-10.01,22.26,Noise,Right
1705996731904,0.641232,-0.196664,-0.674904,-18.55,-11.13,38.15,Noise,Right
1705996731905,0.566568,-0.145424,-0.671976,-27.86,-12.04,47.6,Noise,Right
1705996731957,0.511424,-0.1464,-0.689056,-39.34,-13.65,45.71,Noise,Right
1705996731958,0.484096,-0.19764,-0.753472,-51.17,-16.66,37.45,Noise,Right
1705996731958,0.481168,-0.26596,-0.82228,-52.92,-21.21,28.63,Noise,Right
1705996732078,0.497272,-0.296216,-0.898896,-48.93,-30.45,24.85,Noise,Right
1705996732079,0.530944,-0.301584,-0.94184,-39.06,-40.74,24.57,Noise,Right
1705996732079,0.552904,-0.280112,-0.943792,-25.13,-47.04,27.23,Noise,Right
1705996732080,0.566568,-0.225944,-0.915976,-14.91,-49.07,31.78,Noise,Right
1705996732080,0.563152,-0.159576,-0.869128,-10.71,-46.76,38.01,Noise,Right
1705996732080,0.535824,-0.11224,-0.840824,-13.51,-39.34,40.46,Noise,Right
1705996732181,0.475312,-0.147376,-0.881816,-26.53,-20.16,44.31,Noise,Right
1705996732182,0.433832,-0.166896,-0.9272,-29.54,-18.27,47.25,Noise,Right
1705996732182,0.381128,-0.180072,-0.952576,-28.0,-17.36,49.63,Noise,Right
1705996732182,0.325008,-0.209352,-0.972584,-23.94,-19.11,51.87,Noise,Right
1705996732182,0.274256,-0.221552,-0.99064,-18.41,-26.11,51.87,Noise,Right
1705996732182,0.237656,-0.19764,-0.992592,-12.46,-32.76,48.37,Noise,Right
1705996732229,0.21472,-0.197152,-0.986736,-8.4,-30.1,32.9,Noise,Right
1705996732229,0.224968,-0.21716,-0.989176,0.0,-25.76,19.88,Noise,Right
1705996732230,0.2562,-0.215696,-0.987224,5.46,-25.13,14.63,Noise,Right
1705996732279,0.281088,-0.182024,-0.969168,8.82,-27.09,17.08,Noise,Right
1705996732280,0.293776,-0.147864,-0.943304,7.49,-25.06,19.32,Noise,Right
1705996732280,0.293776,-0.131272,-0.935984,3.99,-20.44,22.47,Noise,Right
1705996732386,0.266936,-0.143472,-0.942816,-0.35,-17.15,24.99,Noise,Right
1705996732386,0.254248,-0.170312,-0.929152,-4.2,-17.5,26.04,Noise,Right
1705996732386,0.212768,-0.216672,-0.940864,-6.3,-16.87,23.1,Noise,Right
1705996732386,0.1952,-0.258152,-0.943792,-5.39,-21.77,17.78,Noise,Right
1705996732386,0.19276,-0.266448,-0.965264,-0.84,-28.28,10.15,Noise,Right
1705996732386,0.199104,-0.235216,-0.963312,2.59,-40.6,4.9,Noise,Right
1705996732432,0.22204,-0.183,-0.949648,1.82,-54.39,3.22,Noise,Right
1705996732433,0.229848,-0.157136,-0.91744,-1.89,-63.28,1.61,Noise,Right
1705996732433,0.217648,-0.123464,-0.909144,-7.91,-66.5,1.4,Noise,Right
1705996732479,0.207888,-0.154208,-0.907192,-11.97,-61.39,-2.31,Noise,Right
1705996732479,0.20252,-0.189344,-0.909632,-16.31,-57.89,3.29,Noise,Right
1705996732479,0.184464,-0.223992,-0.91744,-16.24,-54.67,12.11,Noise,Right
1705996732526,0.162504,-0.20984,-0.911096,-13.79,-48.65,18.41,Noise,Right
1705996732526,0.135664,-0.203008,-0.90524,-10.43,-39.76,21.42,Noise,Right
1705996732578,0.095648,-0.186416,-0.926224,-7.91,-32.55,21.77,Noise,Right
1705996732580,0.071736,-0.188368,-0.938424,-4.69,-30.1,21.0,Noise,Right
1705996732580,0.054656,-0.179584,-0.93208,-2.31,-31.64,19.6,Noise,Right
1705996732695,0.05612,-0.151768,-0.931104,-1.82,-33.67,16.73,Noise,Right
1705996732695,0.042456,-0.157136,-0.93452,-2.94,-33.39,13.51,Noise,Right
1705996732696,0.049288,-0.142496,-0.959896,-3.85,-35.14,13.93,Noise,Right
1705996732697,0.05124,-0.149816,-0.989664,-3.5,-35.35,12.88,Noise,Right
1705996732697,0.037576,-0.179584,-0.996008,-0.14,-35.0,12.6,Noise,Right
1705996732698,0.027328,-0.176168,-0.992592,4.27,-34.51,11.55,Noise,Right
1705996732698,0.005856,-0.16592,-0.986248,7.63,-31.71,8.47,Noise,Right
1705996732743,-0.008784,-0.167384,-0.987224,9.66,-27.72,4.34,Noise,Right
1705996732744,-0.020984,-0.172264,-0.989176,10.92,-27.02,3.43,Noise,Right
1705996732744,-0.033672,-0.172752,-1.003328,9.45,-27.37,3.57,Noise,Right
1705996732792,-0.077104,-0.187392,-1.016992,8.61,-31.08,4.97,Noise,Right
1705996732792,-0.115656,-0.188368,-1.017968,6.16,-40.95,2.17,Noise,Right
1705996732792,-0.138592,-0.189344,-1.011624,4.76,-52.57,-2.59,Noise,Right
1705996732897,-0.135664,-0.192272,-1.01992,3.22,-64.12,-7.63,Noise,Right
1705996732898,-0.104432,-0.198616,-1.023824,2.8,-72.17,-10.78,Noise,Right
1705996732898,-0.072224,-0.194224,-1.011624,1.68,-77.35,-8.61,Noise,Right
1705996732899,-0.051728,-0.197152,-0.991128,-0.63,-75.53,-6.02,Noise,Right
1705996732899,-0.065392,-0.208376,-0.973072,-2.8,-67.27,-3.57,Noise,Right
1705996732899,-0.115656,-0.238144,-0.97356,-2.38,-56.21,-3.29,Noise,Right
1705996732943,-0.187392,-0.223992,-0.972096,-0.42,-51.31,-3.01,Noise,Right
1705996732944,-0.244976,-0.190808,-0.943792,-0.28,-55.02,-3.78,Noise,Right
1705996732944,-0.27572,-0.169336,-0.92232,-2.87,-62.09,-8.47,Noise,Right
1705996732989,-0.251808,-0.174216,-0.913536,-6.16,-69.72,-15.26,Noise,Right
1705996732989,-0.213256,-0.189344,-0.918416,-10.71,-75.74,-16.24,Noise,Right
1705996732989,-0.182512,-0.195688,-0.919392,-13.16,-77.91,-12.95,Noise,Right
1705996733036,-0.177632,-0.208864,-0.926224,-13.44,-73.92,-9.17,Noise,Right
1705996733036,-0.21472,-0.212768,-0.933544,-11.76,-66.57,-6.79,Noise,Right
1705996733083,-0.263032,-0.216672,-0.926224,-7.77,-57.05,-7.07,Noise,Right
1705996733083,-0.30988,-0.231312,-0.90036,-3.57,-47.46,-10.64,Noise,Right
1705996733083,-0.330376,-0.23424,-0.876936,-0.63,-44.31,-11.41,Noise,Right
1705996733129,-0.314272,-0.223504,-0.84668,-0.98,-43.4,-9.66,Noise,Right
1705996733130,-0.27572,-0.199592,-0.85156,-1.61,-38.85,-6.72,Noise,Right
1705996733130,-0.266936,-0.206424,-0.8662,-3.29,-32.55,-0.63,Noise,Right
1705996733186,-0.305,-0.201056,-0.88328,-3.36,-26.11,4.2,Noise,Right
1705996733187,-0.366,-0.17324,-0.89304,-3.01,-19.46,4.97,Noise,Right
1705996733187,-0.417728,-0.191784,-0.909632,-2.17,-16.45,1.19,Noise,Right
1705996733311,-0.436272,-0.21716,-0.915976,-2.03,-20.51,-2.24,Noise,Right
1705996733311,-0.437248,-0.23912,-0.906704,0.07,-25.41,-6.3,Noise,Right
1705996733312,-0.408944,-0.234728,-0.89792,2.38,-29.12,-8.26,Noise,Right
1705996733312,-0.374296,-0.210328,-0.884256,2.66,-32.41,-6.37,Noise,Right
1705996733312,-0.345016,-0.182024,-0.891088,-0.07,-33.46,-1.96,Noise,Right
1705996733314,-0.361608,-0.19764,-0.899384,-0.63,-31.43,2.1,Noise,Right
1705996733314,-0.402112,-0.192272,-0.88572,0.07,-28.49,2.73,Noise,Right
1705996733410,-0.440664,-0.202032,-0.878888,1.12,-26.67,0.63,Noise,Right
1705996733410,-0.46848,-0.203008,-0.852536,2.59,-26.67,-2.52,Noise,Right
1705996733410,-0.481168,-0.204472,-0.833016,3.22,-27.65,-5.88,Noise,Right
1705996733410,-0.472872,-0.19276,-0.816912,2.66,-26.95,-8.47,Noise,Right
1705996733410,-0.446032,-0.191784,-0.818864,-0.14,-25.34,-7.49,Noise,Right
1705996733410,-0.42456,-0.188856,-0.826184,-3.43,-23.59,-3.78,Noise,Right
1705996733459,-0.413824,-0.18788,-0.843752,-5.95,-19.95,-0.63,Noise,Right
1705996733460,-0.426512,-0.199592,-0.867176,-7.07,-16.45,2.59,Noise,Right
1705996733460,-0.462624,-0.206424,-0.998936,-5.95,-15.12,3.85,Noise,Right
1705996733508,-0.505568,-0.218136,-0.870104,-3.29,-15.26,3.01,Noise,Right
1705996733509,-0.540216,-0.211792,-0.86864,0.07,-16.8,0.14,Noise,Right
1705996733509,-0.559248,-0.206424,-0.867176,3.01,-17.29,-5.53,Noise,Right
1705996733555,-0.5368,-0.20252,-0.867176,4.76,-23.03,-6.16,Noise,Right
1705996733556,-0.524112,-0.178608,-0.848632,4.2,-26.32,-7.77,Noise,Right
1705996733557,-0.511912,-0.194712,-0.839848,2.03,-29.47,-8.54,Noise,Right
1705996733600,-0.496784,-0.198128,-0.830576,-0.28,-32.83,-7.42,Noise,Right
1705996733600,-0.492392,-0.19276,-0.819352,-2.38,-32.62,-6.93,Noise,Right
1705996733601,-0.52948,-0.164944,-0.801784,-2.73,-27.93,-7.56,Noise,Right
1705996733647,-0.548024,-0.183,-0.81984,-5.18,-26.6,-4.48,Noise,Right
1705996733648,-0.5612,-0.198128,-0.827648,-6.16,-27.44,-2.94,Noise,Right
1705996733696,-0.5612,-0.225456,-0.808616,-4.34,-28.84,-2.45,Noise,Right
1705996733696,-0.555832,-0.237168,-0.774456,-2.24,-28.91,-5.6,Noise,Right
1705996733697,-0.525088,-0.252784,-0.747128,0.35,-26.6,-11.06,Noise,Right
1705996733742,-0.467992,-0.244976,-0.721752,1.12,-23.66,-11.41,Noise,Right
1705996733742,-0.447496,-0.199592,-0.704672,-0.63,-17.08,-6.23,Noise,Right
1705996733742,-0.490928,-0.196664,-0.723216,-2.87,-3.08,-2.73,Noise,Right
1705996733789,-0.57096,-0.174216,-0.751032,-4.34,4.06,3.92,Noise,Right
1705996733789,-0.601704,-0.181536,-0.77104,-5.25,5.67,5.04,Noise,Right
1705996733789,-0.6222,-0.192272,-0.78812,-4.83,3.01,2.24,Noise,Right
1705996733835,-0.61732,-0.20984,-0.77836,-2.52,-0.63,-4.55,Noise,Right
1705996733836,-0.570472,-0.227896,-0.781288,-0.21,-1.47,-10.08,Noise,Right
1705996733883,-0.519232,-0.243512,-0.748592,1.96,-2.38,-10.22,Noise,Right
1705996733883,-0.461648,-0.210328,-0.71004,1.96,3.08,-6.79,Noise,Right
1705996733884,-0.46116,-0.19764,-0.725168,-0.84,13.44,-0.84,Noise,Right
1705996733930,-0.529968,-0.196176,-0.767624,-4.2,22.47,7.35,Noise,Right
1705996733930,-0.615368,-0.197152,-0.8174,-3.01,28.21,5.11,Noise,Right
1705996733932,-0.671488,-0.188368,-0.845704,1.19,28.7,-0.7,Noise,Right
1705996733978,-0.672464,-0.188856,-0.814472,5.32,21.98,-6.93,Noise,Right
1705996733979,-0.598288,-0.177144,-0.723704,7.0,21.42,-15.47,Noise,Right
1705996733979,-0.475312,-0.1708,-0.610976,5.25,32.97,-22.47,Noise,Right
1705996734024,-0.36356,-0.160552,-0.557784,-5.39,49.84,-22.96,Noise,Right
1705996734024,-0.281088,-0.206424,-0.62708,-17.29,68.67,-16.24,Noise,Right
1705996734072,-0.28548,-0.32452,-0.738344,-19.46,86.24,-4.34,Noise,Right
1705996734072,-0.3538,-0.331352,-0.825696,-10.78,101.36,5.11,Noise,Right
1705996734073,-0.433344,-0.284992,-0.864736,-0.56,110.39,8.61,Noise,Right
1705996734118,-0.450912,-0.23424,-0.873032,4.83,110.25,7.35,Noise,Right
1705996734118,-0.389424,-0.210328,-0.894016,5.95,109.97,1.96,Noise,Right
1705996734119,-0.28304,-0.183,-0.899384,1.19,107.1,0.84,Noise,Right
1705996734174,-0.215696,-0.154696,-0.928664,-6.37,104.93,1.96,Noise,Right
1705996734175,-0.173728,-0.182512,-0.931104,-13.58,102.9,6.23,Noise,Right
1705996734211,-0.12444,-0.204472,-0.896944,-17.29,107.8,7.91,Noise,Right
1705996734213,-0.072224,-0.223016,-0.864248,-18.83,119.21,11.69,Noise,Right
1705996734213,-0.072712,-0.215208,-0.833504,-19.74,132.72,14.07,Noise,Right
1705996734259,-0.064904,-0.225456,-0.8418,-19.67,145.11,14.98,Noise,Right
1705996734259,-0.088816,-0.206912,-0.903776,-17.01,156.52,15.05,Noise,Right
1705996734260,-0.072224,-0.232288,-0.977952,-9.94,168.42,10.5,Noise,Right
1705996734311,-0.08296,-0.215208,-0.996496,-0.07,174.16,15.33,Noise,Right
1705996734313,-0.087352,-0.171288,-0.950136,2.1,170.17,22.82,Noise,Right
1705996734313,-0.096136,-0.174216,-0.898896,3.78,169.89,20.86,Noise,Right
1705996734439,-0.089304,-0.199592,-0.886696,5.67,169.19,15.4,Noise,Right
1705996734439,-0.066856,-0.203984,-0.890112,9.03,161.49,11.13,Noise,Right
1705996734440,-0.044408,-0.188368,-0.925248,9.52,140.7,12.46,Noise,Right
1705996734441,-0.011224,-0.169824,-0.950136,9.66,113.96,14.63,Noise,Right
1705996734441,0.038552,-0.159576,-0.935496,11.62,89.18,15.89,Noise,Right
1705996734442,0.086376,-0.15616,-0.898896,15.12,76.79,9.17,Noise,Right
1705996734442,0.1342,-0.179096,-0.862296,20.23,77.28,-8.05,Noise,Right
1705996734492,0.186904,-0.201544,-0.857904,24.5,79.52,-28.42,Noise,Right
1705996734494,0.240584,-0.206424,-0.862296,26.95,71.82,-45.85,Noise,Right
1705996734494,0.327936,-0.191296,-0.859368,25.48,53.41,-53.69,Noise,Right
1705996734495,0.414312,-0.140544,-0.85156,19.74,31.29,-55.65,Noise,Right
1705996734538,0.469944,-0.13664,-0.827648,10.71,12.11,-50.05,Noise,Right
1705996734538,0.465552,-0.098576,-0.815936,1.4,7.42,-39.62,Noise,Right
1705996734585,0.364048,-0.097112,-0.82472,-1.75,20.37,-51.17,Noise,Right
1705996734586,0.395768,-0.170312,-0.88572,2.1,31.71,-70.28,Noise,Right
1705996734586,0.42944,-0.194224,-0.937448,9.59,31.29,-82.04,Noise,Right
1705996734634,0.496784,-0.166896,-0.94672,15.47,19.39,-83.79,Noise,Right
1705996734634,0.564616,-0.1342,-0.92964,18.76,6.86,-82.88,Noise,Right
1705996734635,0.624152,-0.130296,-0.922808,17.85,-3.92,-74.55,Noise,Right
1705996734678,0.66856,-0.127368,-0.881328,13.02,-12.88,-58.31,Noise,Right
1705996734679,0.691008,-0.083448,-0.84668,5.81,-10.5,-44.03,Noise,Right
1705996734679,0.652944,-0.073688,-0.827648,-1.26,7.35,-43.89,Noise,Right
1705996734726,0.677832,-0.094672,-0.909632,-4.06,33.04,-54.95,Noise,Right
1705996734727,0.656848,-0.14884,-0.99064,-0.49,39.48,-64.47,Noise,Right
1705996734775,0.654896,-0.179584,-1.033584,6.02,20.16,-63.35,Noise,Right
1705996734775,0.687104,-0.176656,-1.00772,11.76,-10.5,-56.28,Noise,Right
1705996734775,0.75396,-0.125904,-0.950136,13.93,-32.34,-47.32,Noise,Right
1705996734825,0.786656,-0.084424,-0.880352,9.17,-37.66,-38.08,Noise,Right
1705996734825,0.805688,-0.076128,-0.852048,1.68,-28.98,-27.09,Noise,Right
1705996734826,0.786656,-0.0976,-0.847656,-5.95,-14.0,-14.56,Noise,Right
1705996734948,0.724192,-0.122,-0.859368,-11.41,1.96,0.56,Noise,Right
1705996734948,0.637328,-0.132736,-0.869616,-11.83,16.8,9.8,Noise,Right
1705996734948,0.535824,-0.138592,-0.901824,-9.45,27.16,10.08,Noise,Right
1705996734949,0.462136,-0.159088,-0.923296,-3.5,26.25,4.34,Noise,Right
1705996734949,0.43188,-0.165432,-0.923784,4.55,15.89,-5.32,Noise,Right
1705996734949,0.455792,-0.15372,-0.908168,13.23,3.99,-16.31,Noise,Right
1705996734950,0.512888,-0.143472,-0.887184,20.02,-2.94,-27.16,Noise,Right
1705996735051,0.596336,-0.15372,-0.860832,26.6,-5.32,-33.04,Noise,Right
1705996735051,0.659776,-0.13908,-0.82472,30.52,-3.15,-30.59,Noise,Right
1705996735051,0.689544,-0.111264,-0.788608,30.73,2.38,-23.59,Noise,Right
1705996735051,0.696864,-0.094672,-0.774456,24.92,8.4,-13.79,Noise,Right
1705996735053,0.68076,-0.096624,-0.781288,15.47,12.6,-4.97,Noise,Right
1705996735053,0.643672,-0.130296,-0.79544,7.35,13.23,2.59,Noise,Right
1705996735101,0.603656,-0.15128,-0.807152,1.89,10.92,8.47,Noise,Right
1705996735101,0.551928,-0.154696,-0.79788,-2.03,6.58,11.2,Noise,Right
1705996735102,0.506056,-0.132248,-0.797392,-5.53,1.47,10.08,Noise,Right
1705996735155,0.478728,-0.138592,-0.793976,-9.52,-5.46,6.79,Noise,Right
1705996735156,0.45872,-0.11956,-0.798368,-12.32,-9.45,4.27,Noise,Right
1705996735156,0.468968,-0.129808,-0.80764,-14.0,-9.17,-1.54,Noise,Right
1705996735253,0.477752,-0.149328,-0.829112,-11.9,-5.25,-8.12,Noise,Right
1705996735253,0.498736,-0.15372,-0.85644,-6.23,-1.19,-14.35,Noise,Right
1705996735254,0.50996,-0.152744,-0.860344,1.96,0.28,-19.11,Noise,Right
1705996735254,0.525576,-0.12688,-0.843264,8.96,-1.75,-21.42,Noise,Right
1705996735254,0.532408,-0.10492,-0.793488,10.92,-5.74,-21.98,Noise,Right
1705996735254,0.529968,-0.079056,-0.745664,8.61,-7.77,-22.47,Noise,Right
1705996735305,0.91256,-0.240584,-1.040904,101.57,64.96,40.81,Noise,Right
1705996735305,0.787632,-0.118584,-0.750544,-7.63,-58.38,24.64,Noise,Right
1705996735306,0.647088,-0.004392,-0.730048,16.73,15.26,33.32,Noise,Right
1705996735424,0.574376,-0.25376,-1.092632,1.96,28.84,-9.8,Noise,Right
1705996735424,0.541192,-0.214232,-0.900848,-2.87,2.73,-2.87,Noise,Right
1705996735425,0.542656,-0.203008,-0.811056,-1.26,-1.89,-2.45,Noise,Right
1705996735425,0.54412,-0.174704,-0.834968,-1.47,-2.1,-1.89,Noise,Right
1705996735425,0.525576,-0.1708,-0.814472,-1.47,1.12,-2.52,Noise,Right
1705996735425,0.540704,-0.176656,-0.799832,-2.03,-0.98,-0.49,Noise,Right
1705996735425,0.540216,-0.176168,-0.798368,-3.15,-0.21,-0.07,Noise,Right
1705996735472,0.536312,-0.183,-0.798856,-3.92,0.07,1.4,Noise,Right
1705996735472,0.542168,-0.16592,-0.813984,-4.62,0.0,3.29,Noise,Right
1705996735473,0.540216,-0.151768,-0.82716,-5.74,0.49,4.48,Noise,Right
1705996735520,0.52704,-0.14396,-0.81008,-5.95,0.56,4.06,Noise,Right
1705996735520,0.543144,-0.165432,-0.815448,-3.5,-0.28,0.14,Noise,Right
1705996735521,0.547536,-0.16836,-0.821304,-1.54,-0.91,-2.38,Noise,Right
1705996735567,0.54168,-0.171776,-0.815936,-1.68,-0.35,-2.52,Noise,Right
1705996735568,0.544608,-0.169336,-0.827648,-1.4,-0.63,-2.45,Noise,Right
1705996735568,0.525088,-0.169824,-0.813496,-1.47,-0.91,-2.24,Noise,Right
1705996735613,0.540704,-0.167872,-0.815448,-1.54,-1.05,-2.1,Noise,Right
1705996735613,0.550464,-0.194712,-0.804712,-2.73,0.07,0.42,Noise,Right
1705996735613,0.53192,-0.142496,-0.828136,-6.23,0.77,4.62,Noise,Right
1705996735662,0.543144,-0.156648,-0.812032,-2.03,-0.7,-0.98,Noise,Right
1705996735662,0.55144,-0.183488,-0.826184,-1.47,-0.49,-2.38,Noise,Right
1705996735713,0.532896,-0.165432,-0.81496,-0.98,-0.77,-2.03,Noise,Right
1705996735714,0.528504,-0.1708,-0.823744,-1.68,-1.33,-2.24,Noise,Right
1705996735714,0.530456,-0.17324,-0.815448,-0.84,-0.98,-2.17,Noise,Right
1705996735832,0.54168,-0.163968,-0.816912,-1.61,-0.77,-2.59,Noise,Right
1705996735832,0.538264,-0.162016,-0.811544,-1.4,-1.05,-2.24,Noise,Right
1705996735832,0.54168,-0.16592,-0.821304,-1.54,-0.63,-2.31,Noise,Right
1705996735832,0.542656,-0.162016,-0.812032,-1.54,-0.56,-2.52,Noise,Right
1705996735832,0.534848,-0.157136,-0.810568,-1.4,-0.91,-2.1,Noise,Right
1705996735832,0.538264,-0.16592,-0.816912,-1.19,-0.77,-2.24,Noise,Right
1705996735833,0.539728,-0.169824,-0.816912,-1.33,-0.84,-2.17,Noise,Right
1705996735878,0.537288,-0.171776,-0.81984,-1.26,-0.91,-2.17,Noise,Right
1705996735879,0.538752,-0.170312,-0.816424,-1.19,-0.98,-2.31,Noise,Right
1705996735879,0.536312,-0.163968,-0.810568,-1.26,-0.77,-2.52,Noise,Right
1705996735925,0.543144,-0.164944,-0.817888,-1.47,-0.84,-2.38,Noise,Right
1705996735926,0.545584,-0.166896,-0.815448,-1.33,-1.19,-2.03,Noise,Right
1705996735927,0.539728,-0.16836,-0.818376,-1.4,-0.49,-2.31,Noise,Right
1705996735973,0.545096,-0.16592,-0.819352,-2.59,-1.12,-2.1,Noise,Right
1705996735973,0.545096,-0.16836,-0.817888,-1.19,-0.77,-2.31,Noise,Right
1705996735974,0.537288,-0.166896,-0.821304,-1.47,-0.91,-2.31,Noise,Right
1705996736023,0.540704,-0.16348,-0.804712,-1.4,-0.91,-2.38,Noise,Right
1705996736023,0.547536,-0.161528,-0.811544,-1.33,-0.49,-2.52,Noise,Right
1705996736142,0.543632,-0.165432,-0.816424,-1.4,-0.63,-2.24,Noise,Right
1705996736142,0.542168,-0.161528,-0.817888,-1.4,-0.84,-2.17,Noise,Right
1705996736142,0.541192,-0.16592,-0.815936,-1.33,-0.98,-2.24,Noise,Right
1705996736142,0.540704,-0.162016,-0.81008,-1.4,-0.84,-2.03,Noise,Right
1705996736143,0.538752,-0.169336,-0.8174,-1.47,-0.98,-2.24,Noise,Right
1705996736143,0.538752,-0.172752,-0.813984,-1.26,-0.91,-2.24,Noise,Right
1705996736143,0.540216,-0.168848,-0.817888,-1.33,-0.77,-2.31,Noise,Right
1705996736188,0.508496,-0.123952,-0.853024,-1.33,-2.24,-2.1,Noise,Right
1705996736189,0.526064,-0.162016,-0.815936,-1.05,-0.07,-2.31,Noise,Right
1705996736189,0.535824,-0.179096,-0.810568,-2.17,-0.28,-2.73,Noise,Right
1705996736239,0.535336,-0.16836,-0.81252,-1.19,-0.84,-2.17,Noise,Right
1705996736239,0.5368,-0.167384,-0.81252,-1.4,-0.91,-2.17,Noise,Right
1705996736239,0.539728,-0.16836,-0.816424,-1.47,-0.98,-2.17,Noise,Right
1705996736361,0.536312,-0.157136,-0.81008,-1.54,-0.77,-2.31,Noise,Right
1705996736361,0.547048,-0.164456,-0.816424,-1.82,-0.84,-2.52,Noise,Right
1705996736361,0.535824,-0.159088,-0.813984,-1.54,-0.84,-2.38,Noise,Right
1705996736363,0.540216,-0.165432,-0.81984,-1.4,-0.77,-2.31,Noise,Right
1705996736364,0.53924,-0.171288,-0.8174,-1.19,-0.77,-1.96,Noise,Right
1705996736364,0.53924,-0.169824,-0.81984,-0.98,-0.91,-2.17,Noise,Right
1705996736365,0.541192,-0.164944,-0.81496,-1.26,-0.84,-2.1,Noise,Right
1705996736406,0.542656,-0.162992,-0.814472,-1.47,-0.91,-2.38,Noise,Right
1705996736406,0.538752,-0.167872,-0.817888,-1.47,-0.7,-2.45,Noise,Right
1705996736407,0.548024,-0.16592,-0.8174,-1.4,-0.91,-2.24,Noise,Right
1705996736462,0.540704,-0.16348,-0.815448,-1.4,-0.84,-2.38,Noise,Right
1705996736463,0.5368,-0.166896,-0.815936,-1.4,-0.63,-2.52,Noise,Right
1705996736463,0.539728,-0.16592,-0.813984,-1.54,-0.7,-2.38,Noise,Right
1705996736580,0.540216,-0.166896,-0.818376,-1.12,-0.56,-2.17,Noise,Right
1705996736582,0.540704,-0.172752,-0.81496,-1.05,-1.47,-1.89,Noise,Right
1705996736582,0.540216,-0.162992,-0.815448,-1.54,-0.63,-2.38,Noise,Right
1705996736583,0.5246,-0.179096,-0.820816,-3.01,-0.42,0.21,Noise,Right
1705996736583,0.538264,-0.164944,-0.81496,-7.91,0.91,8.05,Noise,Right
1705996736583,0.542656,-0.169336,-0.816424,-7.56,1.05,7.07,Noise,Right
1705996736584,0.544608,-0.168848,-0.816912,-6.65,0.91,4.97,Noise,Right
1705996736633,0.547536,-0.159576,-0.813984,-4.62,0.28,1.96,Noise,Right
1705996736633,0.542656,-0.155184,-0.81008,-2.31,-0.21,-3.57,Noise,Right
1705996736634,0.545096,-0.159576,-0.810568,0.21,-0.07,-10.57,Noise,Right
1705996736634,0.584136,-0.05856,-0.821792,1.89,1.4,-21.98,Noise,Right
1705996736770,0.591456,-0.04636,-0.826672,-4.76,8.75,-29.75,Noise,Right
1705996736771,0.623664,-0.038552,-0.806664,-19.67,10.15,-28.21,Noise,Right
1705996736771,0.582672,-0.137616,-0.815936,-33.39,13.37,-25.48,Noise,Right
1705996736771,0.574376,-0.10492,-0.824232,-51.45,9.17,-14.7,Noise,Right
1705996736771,0.5734,-0.16836,-0.934032,-59.01,-0.14,-8.33,Noise,Right
1705996736772,0.563152,-0.22692,-0.999424,-58.03,-22.75,-7.98,Noise,Right
1705996736772,0.58072,-0.312808,-1.061888,-34.58,-34.37,-10.92,Noise,Right
1705996736891,0.661728,-0.310368,-1.087264,0.84,-38.85,-14.07,Noise,Right
1705996736892,0.738832,-0.232288,-1.029192,32.76,-34.72,-15.68,Noise,Right
1705996736892,0.789584,-0.138104,-0.942328,48.3,-24.5,-12.67,Noise,Right
1705996736892,0.821792,-0.050752,-0.84668,49.7,-6.51,-5.53,Noise,Right
1705996736892,0.78324,0.022936,-0.8052,38.43,16.59,-0.63,Noise,Right
1705996736894,0.709064,0.017568,-0.83448,17.15,31.22,-2.38,Noise,Right
1705996736894,0.625616,-0.091744,-0.891576,-0.98,26.32,-9.73,Noise,Right
1705996736895,0.605608,-0.17324,-0.956968,-5.04,1.54,-4.9,Noise,Right
1705996736937,0.59292,-0.21472,-0.95648,-3.36,-34.51,16.45,Noise,Right
1705996736938,0.608536,-0.193248,-0.931104,-1.61,-67.69,39.41,Noise,Right
1705996736983,0.66612,-0.123464,-0.833992,-3.64,-77.21,48.79,Noise,Right
1705996736983,0.503616,-0.105896,-0.835456,-0.35,-58.59,35.98,Noise,Right
1705996736983,0.57584,-0.115168,-0.825696,-1.96,-36.89,31.43,Noise,Right
1705996737030,0.552904,-0.11224,-0.830088,-7.91,-26.25,31.71,Noise,Right
1705996737031,0.539728,-0.13908,-0.858392,-14.91,-22.4,33.46,Noise,Right
1705996737031,0.541192,-0.162992,-0.864248,-17.78,-24.57,37.38,Noise,Right
1705996737078,0.506544,-0.121024,-0.864248,-19.81,-31.71,48.65,Noise,Right
1705996737079,0.469944,-0.09028,-0.841312,-21.0,-41.65,59.92,Noise,Right
1705996737079,0.427,-0.0732,-0.852048,-27.16,-51.52,69.58,Noise,Right
1705996737200,0.379664,-0.083448,-0.858392,-32.34,-59.29,74.83,Noise,Right
1705996737201,0.346968,-0.104432,-0.86376,-36.82,-63.42,76.16,Noise,Right
1705996737201,0.278648,-0.116632,-0.843752,-37.31,-63.56,71.61,Noise,Right
1705996737201,0.244976,-0.10004,-0.833504,-38.57,-58.03,56.77,Noise,Right
1705996737201,0.207888,-0.125904,-0.872056,-38.57,-52.78,41.72,Noise,Right
1705996737201,0.210328,-0.181536,-0.918904,-36.26,-54.6,35.14,Noise,Right
1705996737202,0.22448,-0.185928,-0.937448,-31.36,-57.33,35.21,Noise,Right
1705996737246,0.244976,-0.171776,-0.933056,-22.89,-57.19,38.99,Noise,Right
1705996737246,0.203984,-0.139568,-0.915,-14.91,-49.77,42.14,Noise,Right
1705996737247,0.182512,-0.116144,-0.915488,-9.31,-36.75,36.54,Noise,Right
1705996737297,0.1586,-0.139568,-0.909144,-0.28,-28.49,35.42,Noise,Right
1705996737297,0.159576,-0.126392,-0.970632,0.56,-36.89,37.73,Noise,Right
1705996737298,0.144936,-0.085888,-0.94428,1.33,-43.33,39.27,Noise,Right
1705996737404,0.114192,-0.061976,-0.92476,-1.26,-46.06,36.89,Noise,Right
1705996737404,0.105408,-0.064416,-0.928176,-8.19,-51.03,36.82,Noise,Right
1705996737404,0.107848,-0.093696,-0.940864,-13.86,-56.0,40.53,Noise,Right
1705996737404,0.099064,-0.108824,-0.95648,-17.22,-55.58,45.78,Noise,Right
1705996737404,0.069784,-0.1464,-0.970144,-16.45,-49.07,49.42,Noise,Right
1705996737404,0.028304,-0.172752,-0.97844,-11.62,-39.48,47.18,Noise,Right
1705996737448,-0.00976,-0.172752,-0.985272,-4.76,-32.69,42.14,Noise,Right
1705996737449,-0.028792,-0.150792,-0.980392,1.4,-31.78,35.35,Noise,Right
1705996737449,-0.030744,-0.119072,-0.982832,2.66,-37.52,29.68,Noise,Right
1705996737496,-0.019032,-0.08784,-0.981856,1.4,-45.64,25.2,Noise,Right
1705996737496,-0.020984,-0.07076,-0.960872,-2.1,-51.17,20.23,Noise,Right
1705996737544,-0.022936,-0.060512,-0.952576,-6.44,-55.02,15.96,Noise,Right
1705996737544,-0.032208,-0.070272,-0.943304,-10.99,-55.86,15.33,Noise,Right
1705996737545,-0.048312,-0.113704,-0.940864,-14.21,-54.18,16.73,Noise,Right
1705996737590,-0.081008,-0.128832,-0.935984,-13.86,-51.03,17.85,Noise,Right
1705996737591,-0.116144,-0.121512,-0.935496,-12.04,-47.81,16.24,Noise,Right
1705996737591,-0.131272,-0.120048,-0.93696,-10.64,-46.69,12.88,Noise,Right
1705996737635,-0.115656,-0.120536,-0.940376,-9.8,-47.74,10.85,Noise,Right
1705996737636,-0.116144,-0.11956,-0.945256,-8.05,-46.2,10.36,Noise,Right
1705996737636,-0.11712,-0.116632,-0.918416,-4.97,-40.53,9.31,Noise,Right
1705996737691,-0.133224,-0.101992,-0.914024,-1.33,-30.94,5.95,Noise,Right
1705996737692,-0.154696,-0.094672,-0.909632,0.84,-23.73,5.04,Noise,Right
1705996737744,-0.171776,-0.066856,-0.90036,0.91,-22.82,7.21,Noise,Right
1705996737744,-0.176656,-0.050752,-0.889624,-2.73,-24.15,7.49,Noise,Right
1705996737744,-0.174704,-0.05368,-0.901336,-6.44,-25.55,5.95,Noise,Right
1705996737745,-0.167384,-0.077104,-0.930616,-9.66,-29.82,3.78,Noise,Right
1705996737789,-0.186904,-0.115656,-0.952576,-11.48,-40.67,5.04,Noise,Right
1705996737790,-0.175192,-0.096136,-0.953064,-10.01,-48.86,5.81,Noise,Right
1705996737790,-0.181048,-0.077104,-0.960384,-6.79,-45.85,-0.63,Noise,Right
1705996737836,-0.19276,-0.082472,-0.972096,-4.13,-43.4,-1.4,Noise,Right
1705996737836,-0.207888,-0.096624,-0.97844,-5.6,-43.33,3.29,Noise,Right
1705996737883,-0.215208,-0.112728,-0.970632,-5.53,-41.37,8.61,Noise,Right
1705996737883,-0.244488,-0.110776,-0.967704,-5.32,-39.2,12.81,Noise,Right
1705996737884,-0.278648,-0.10004,-0.97844,-4.76,-39.76,13.65,Noise,Right
1705996737929,-0.323056,-0.07076,-0.976976,-5.46,-44.94,13.3,Noise,Right
1705996737929,-0.364536,-0.024888,-0.945744,-5.32,-48.02,4.2,Noise,Right
1705996737929,-0.380152,-0.01952,-0.94672,-7.84,-46.55,-10.85,Noise,Right
1705996737977,-0.352336,-0.050752,-0.9638,-11.34,-49.07,-17.64,Noise,Right
1705996737977,-0.298656,-0.074176,-0.959408,-12.18,-54.11,-15.47,Noise,Right
1705996737977,-0.250344,-0.061488,-0.9394,-12.95,-52.92,-7.91,Noise,Right
1705996738023,-0.24156,-0.068808,-0.92964,-12.53,-45.15,1.26,Noise,Right
1705996738024,-0.28548,-0.083936,-0.924272,-9.94,-34.51,9.03,Noise,Right
1705996738069,-0.354776,-0.06588,-0.915488,-6.86,-29.68,13.23,Noise,Right
1705996738070,-0.429928,-0.054656,-0.898408,-4.41,-30.52,10.08,Noise,Right
1705996738070,-0.469944,-0.029768,-0.879864,-4.69,-35.56,1.68,Noise,Right
1705996738118,-0.44164,-0.019032,-0.88572,-6.65,-37.8,-8.47,Noise,Right
1705996738118,-0.394792,-0.040016,-0.904264,-6.51,-37.8,-12.67,Noise,Right
1705996738119,-0.354288,-0.070272,-0.89548,-5.74,-35.84,-8.61,Noise,Right
1705996738163,-0.337696,-0.074176,-0.88328,-5.32,-30.8,-1.75,Noise,Right
1705996738164,-0.365512,-0.053192,-0.869128,-4.69,-25.97,5.25,Noise,Right
1705996738164,-0.42944,-0.02684,-0.862296,-5.32,-22.47,9.38,Noise,Right
1705996738209,-0.48556,-0.023912,-0.872544,-7.49,-20.65,5.67,Noise,Right
1705996738209,-0.489464,-0.047824,-0.886208,-8.19,-22.75,0.98,Noise,Right
1705996738256,-0.468968,-0.064416,-0.912072,-6.3,-25.62,-3.64,Noise,Right
1705996738257,-0.452864,-0.061,-0.911584,-4.06,-28.35,-5.88,Noise,Right
1705996738257,-0.43188,-0.030256,-0.89548,-3.29,-29.89,-4.76,Noise,Right
1705996738303,-0.430904,-0.009272,-0.895968,-4.83,-28.21,-2.94,Noise,Right
1705996738303,-0.445544,-0.01708,-0.89792,-4.55,-26.6,-0.07,Noise,Right
1705996738303,-0.502152,-0.033672,-0.896944,-1.96,-24.64,0.84,Noise,Right
1705996738349,-0.554856,-0.0488,-0.874008,1.89,-25.48,-1.68,Noise,Right
1705996738349,-0.570472,-0.048312,-0.853024,3.57,-27.51,-9.31,Noise,Right
1705996738350,-0.5368,-0.040504,-0.835456,3.5,-32.62,-12.11,Noise,Right
1705996738396,-0.499712,-0.015616,-0.815936,0.77,-34.72,-13.37,Noise,Right
1705996738396,-0.473848,-0.00976,-0.8296,-3.92,-33.46,-11.76,Noise,Right
1705996738443,-0.468968,-0.036112,-0.845704,-7.77,-32.13,-8.12,Noise,Right
1705996738445,-0.484096,-0.053192,-0.99308,-8.26,-29.54,-3.85,Noise,Right
1705996738448,-0.50752,-0.077104,-0.870592,-4.76,-26.46,-0.63,Noise,Right
1705996738489,-0.547048,-0.079056,-0.833016,0.0,-22.75,1.05,Noise,Right
1705996738489,-0.579256,-0.0488,-0.764696,4.48,-18.76,-1.61,Noise,Right
1705996738490,-0.59292,-0.017568,-0.715896,2.1,-18.2,-4.97,Noise,Right
1705996738535,-0.572424,-0.00976,-0.725656,-4.83,-17.43,-7.07,Noise,Right
1705996738536,-0.550464,-0.012688,-0.772504,-12.95,-15.33,-6.3,Noise,Right
1705996738580,-0.544608,-0.035624,-0.837896,-16.38,-14.14,-3.22,Noise,Right
1705996738581,-0.545584,-0.07564,-0.87596,-12.74,-14.35,0.56,Noise,Right
1705996738581,-0.54168,-0.095648,-0.874008,-5.67,-13.72,3.29,Noise,Right
1705996738628,-0.549976,-0.074664,-0.83936,2.03,-11.41,5.46,Noise,Right
1705996738628,-0.588528,-0.017568,-0.784216,5.81,-9.66,5.95,Noise,Right
1705996738628,-0.626592,0.02928,-0.760304,2.31,-9.8,2.8,Noise,Right
1705996738675,-0.649528,0.036112,-0.769088,-4.34,-11.83,-1.54,Noise,Right
1705996738676,-0.63928,-0.004392,-0.803736,-8.68,-13.58,-5.74,Noise,Right
1705996738677,-0.64172,-0.038552,-0.842288,-9.52,-17.29,-7.28,Noise,Right
1705996738722,-0.611464,-0.069296,-0.849608,-6.93,-22.82,-7.21,Noise,Right
1705996738722,-0.564616,-0.067344,-0.8296,-2.8,-24.5,-4.83,Noise,Right
1705996738769,-0.543144,-0.042456,-0.794464,0.0,-21.77,-1.96,Noise,Right
1705996738770,-0.567056,-0.024888,-0.747128,1.33,-16.87,1.75,Noise,Right
1705996738770,-0.611952,-0.002928,-0.725656,-0.42,-12.32,1.54,Noise,Right
1705996738819,-0.65636,-0.015128,-0.711992,-2.52,-9.59,-1.89,Noise,Right
1705996738819,-0.665632,-0.020496,-0.7198,-4.06,-7.84,-6.86,Noise,Right
1705996738819,-0.636352,-0.058072,-0.741272,-4.9,-8.33,-8.82,Noise,Right
1705996738863,-0.604632,-0.049288,-0.74908,-3.99,-9.03,-8.12,Noise,Right
1705996738864,-0.567056,-0.035624,-0.7442,-3.99,-7.91,-4.34,Noise,Right
1705996738864,-0.52704,-0.028792,-0.731512,-4.06,-1.75,-0.21,Noise,Right
1705996738920,-0.51972,-0.031232,-0.724192,-3.01,7.7,3.99,Noise,Right
1705996738921,-0.568032,-0.025864,-0.726632,-2.45,15.75,6.65,Noise,Right
1705996738921,-0.641232,-0.015616,-0.708088,-0.42,21.14,5.04,Noise,Right
1705996739046,-0.686616,-0.123952,-0.698328,0.91,27.3,-3.22,Noise,Right
1705996739046,-0.680272,0.000488,-0.698328,0.07,30.94,-11.76,Noise,Right
1705996739046,-0.613904,-0.040992,-0.73688,-0.28,33.46,-16.66,Noise,Right
1705996739047,-0.53192,-0.084912,-0.760304,0.77,33.25,-11.9,Noise,Right
1705996739047,-0.480192,-0.076128,-0.77592,3.22,37.1,-4.48,Noise,Right
1705996739047,-0.454816,-0.074176,-0.772016,6.02,46.41,1.61,Noise,Right
1705996739048,-0.449936,-0.056608,-0.773968,7.91,57.75,6.72,Noise,Right
1705996739098,-0.471408,-0.049776,-0.765184,9.24,69.86,10.15,Noise,Right
1705996739099,-0.540216,-0.0122,-0.762256,8.82,80.29,8.33,Noise,Right
1705996739099,-0.58804,-0.010736,-0.791536,6.37,86.1,0.14,Noise,Right
1705996739099,-0.54168,-0.051728,-0.84424,4.55,84.56,-5.81,Noise,Right
1705996739144,-0.472872,-0.103944,-0.904264,6.51,79.66,-4.13,Noise,Right
1705996739144,-0.416264,-0.067344,-0.916952,8.75,75.18,2.1,Noise,Right
1705996739190,-0.34648,-0.03416,-0.919392,8.12,72.52,5.81,Noise,Right
1705996739190,-0.281576,-0.047824,-0.923296,5.18,73.08,8.33,Noise,Right
1705996739190,-0.21716,-0.05612,-0.943304,3.85,77.42,11.9,Noise,Right
1705996739236,-0.223992,-0.08296,-0.941352,3.92,80.08,18.27,Noise,Right
1705996739236,-0.251808,-0.063928,-0.900848,3.71,82.53,19.25,Noise,Right
1705996739236,-0.320616,-0.038552,-0.885232,4.62,91.49,13.51,Noise,Right
1705996739281,-0.345504,-0.022448,-0.891088,4.27,96.46,7.21,Noise,Right
1705996739283,-0.30988,-0.033184,-0.933056,3.99,98.35,2.87,Noise,Right
1705996739330,-0.271328,-0.044896,-0.948672,5.6,95.97,4.83,Noise,Right
1705996739330,-0.249856,-0.018056,-0.925248,4.2,88.34,9.52,Noise,Right
1705996739330,-0.215696,-0.026352,-0.929152,1.47,85.82,8.4,Noise,Right
1705996739374,-0.119072,-0.075152,-0.972584,0.84,87.64,8.82,Noise,Right
1705996739374,-0.007808,-0.103456,-1.040904,8.4,99.82,12.25,Noise,Right
1705996739375,0.0366,-0.100528,-1.073112,24.15,116.13,19.53,Noise,Right
1705996739419,0.062952,-0.088328,-1.086288,40.11,136.85,22.4,Noise,Right
1705996739420,0.009272,-0.076128,-1.05164,50.61,147.91,26.39,Noise,Right
1705996739465,-0.035136,-0.04636,-0.963312,53.48,145.18,28.56,Noise,Right
1705996739465,-0.088328,-0.018056,-0.882792,48.16,134.68,24.22,Noise,Right
1705996739465,-0.131272,0.03172,-0.84424,35.63,116.97,15.61,Noise,Right
1705996739512,-0.126392,0.028304,-0.840824,18.34,95.27,3.01,Noise,Right
1705996739512,-0.05856,-0.023424,-0.893528,5.95,75.18,-9.24,Noise,Right
1705996739512,0.028792,-0.132248,-0.958432,5.25,62.72,-23.52,Noise,Right
1705996739558,0.111264,-0.22448,-0.969656,13.79,60.13,-26.25,Noise,Right
1705996739559,0.162016,-0.232776,-0.9638,26.81,62.79,-27.44,Noise,Right
1705996739605,0.201544,-0.186904,-0.921344,39.13,69.37,-27.93,Noise,Right
1705996739605,0.221064,-0.138592,-0.874496,45.5,78.54,-32.41,Noise,Right
1705996739605,0.20984,-0.10248,-0.85888,43.82,84.28,-38.22,Noise,Right
1705996739660,0.197152,-0.10492,-0.845704,36.54,79.17,-41.3,Noise,Right
1705996739660,0.20252,-0.125416,-0.82716,28.77,65.59,-43.19,Noise,Right
1705996739660,0.22692,-0.149328,-0.80276,23.03,52.15,-48.3,Noise,Right
1705996739759,0.285968,-0.203496,-0.819352,20.44,44.45,-54.04,Noise,Right
1705996739759,0.343064,-0.228384,-0.836432,22.4,40.88,-53.83,Noise,Right
1705996739759,0.406504,-0.218624,-0.844728,25.69,39.48,-49.07,Noise,Right
1705996739760,0.440664,-0.189832,-0.831064,29.19,44.31,-45.78,Noise,Right
1705996739760,0.440176,-0.167384,-0.81984,30.24,51.45,-47.88,Noise,Right
1705996739760,0.425536,-0.15372,-0.833992,27.16,52.85,-52.85,Noise,Right
1705996739807,0.435296,-0.140056,-0.852536,23.94,47.74,-61.18,Noise,Right
1705996739808,0.452376,-0.16348,-0.883768,16.66,34.51,-70.49,Noise,Right
1705996739808,0.515328,-0.184952,-0.904752,13.09,16.52,-75.74,Noise,Right
1705996739856,0.573888,-0.180072,-0.915488,8.54,-0.77,-77.0,Noise,Right
1705996739856,0.635864,-0.19764,-0.91012,8.96,-14.35,-71.33,Noise,Right
1705996739857,0.677344,-0.15372,-0.895968,10.64,-14.91,-62.16,Noise,Right
1705996739900,0.681248,-0.1586,-0.854488,11.69,-5.32,-56.28,Noise,Right
1705996739900,0.660264,-0.125416,-0.851072,11.06,8.12,-49.28,Noise,Right
1705996739900,0.6344,-0.147376,-0.854,11.06,22.4,-47.46,Noise,Right
1705996739946,0.620248,-0.172264,-0.894504,13.3,33.46,-48.51,Noise,Right
1705996739947,0.597312,-0.168848,-0.92476,16.73,33.74,-48.02,Noise,Right
1705996739992,0.590968,-0.169336,-0.925248,19.39,24.64,-48.51,Noise,Right
1705996739993,0.589504,-0.150792,-0.908168,18.62,10.08,-45.85,Noise,Right
1705996739993,0.595848,-0.12688,-0.874496,15.75,-4.62,-43.19,Noise,Right
1705996740046,0.609024,-0.101504,-0.852048,11.06,-12.6,-42.28,Noise,Right
1705996740046,0.64904,-0.109312,-0.849608,5.95,-11.76,-44.8,Noise,Right
1705996740051,0.681248,-0.13908,-0.874008,3.22,-4.76,-44.38,Noise,Right
1705996740170,0.698816,-0.163968,-0.908168,4.13,2.59,-39.27,Noise,Right
1705996740170,0.687104,-0.169336,-0.920856,6.72,7.77,-31.85,Noise,Right
1705996740170,0.664656,-0.149328,-0.91012,9.52,9.03,-23.73,Noise,Right
1705996740171,0.621712,-0.12932,-0.8906,11.83,8.96,-20.58,Noise,Right
1705996740171,0.587064,-0.118584,-0.870592,12.46,5.6,-21.21,Noise,Right
1705996740171,0.584136,-0.118096,-0.859856,13.79,1.89,-23.17,Noise,Right
1705996740171,0.599264,-0.140056,-0.845704,15.68,0.91,-26.18,Noise,Right
1705996740272,0.609024,-0.15372,-0.842776,18.2,1.68,-26.53,Noise,Right
1705996740273,0.65148,-0.165432,-0.835456,20.23,1.19,-23.31,Noise,Right
1705996740273,0.672464,-0.15372,-0.81984,20.37,0.35,-17.08,Noise,Right
1705996740273,0.65636,-0.130296,-0.793,18.9,1.26,-10.85,Noise,Right
1705996740273,0.630008,-0.095648,-0.76372,14.35,4.34,-6.65,Noise,Right
1705996740273,0.569008,-0.081008,-0.763232,7.28,6.37,-7.84,Noise,Right
1705996740322,0.532408,-0.108824,-0.792512,0.28,4.34,-12.53,Noise,Right
1705996740322,0.547048,-0.147376,-0.83204,-2.87,-3.57,-14.77,Noise,Right
1705996740323,0.582184,-0.179584,-0.851072,-1.12,-11.27,-15.47,Noise,Right
1705996740373,0.624152,-0.1952,-0.856928,4.34,-15.33,-12.11,Noise,Right
1705996740374,0.643672,-0.174704,-0.828136,10.08,-14.35,-7.84,Noise,Right
1705996740374,0.647576,-0.142496,-0.792512,13.65,-10.01,-4.13,Noise,Right
1705996740477,0.627568,-0.101016,-0.75884,13.93,-3.57,-0.49,Noise,Right
1705996740477,0.608048,-0.095648,-0.743712,9.1,2.94,0.91,Noise,Right
1705996740477,0.588528,-0.087352,-0.7564,2.87,9.03,0.14,Noise,Right
1705996740477,0.554856,-0.10004,-0.783728,-2.59,10.36,-2.52,Noise,Right
1705996740477,0.533384,-0.140056,-0.81496,-6.23,4.2,-4.97,Noise,Right
1705996740477,0.54412,-0.188368,-0.825208,-7.14,-8.68,-3.92,Noise,Right
1705996740524,0.580232,-0.192272,-0.804712,-6.44,-20.86,-0.42,Noise,Right
1705996740524,0.620736,-0.19764,-0.78324,-5.39,-22.75,3.36,Noise,Right
1705996740525,0.63684,-0.152744,-0.775432,-5.18,-16.03,5.74,Noise,Right
1705996740574,0.626592,-0.118584,-0.7808,-6.44,-4.06,7.28,Noise,Right
1705996740578,0.60268,-0.108336,-0.793,-8.26,6.16,6.86,Noise,Right
1705996740578,0.564128,-0.114192,-0.826184,-10.71,11.34,5.18,Noise,Right
1705996740616,0.528504,-0.139568,-0.847168,-10.43,8.47,3.36,Noise,Right
1705996740617,0.511912,-0.162504,-0.844728,-9.73,0.35,1.19,Noise,Right
1705996740617,0.509472,-0.161528,-0.83204,-7.28,-9.87,-0.07,Noise,Right
1705996740660,0.541192,-0.15616,-0.813008,-5.32,-16.87,-0.7,Noise,Right
1705996740661,0.58804,-0.137128,-0.813496,-3.92,-17.99,1.05,Noise,Right
1705996740708,0.624152,-0.121024,-0.803736,-3.08,-12.6,5.81,Noise,Right
1705996740708,0.616832,-0.115168,-0.785192,-2.45,-1.61,9.94,Noise,Right
1705996740709,0.577304,-0.116632,-0.792024,-1.96,10.01,11.83,Noise,Right
1705996740764,0.533872,-0.126392,-0.795928,-2.66,18.34,9.31,Noise,Right
1705996740765,0.50264,-0.12688,-0.808616,-1.4,18.2,5.32,Noise,Right
1705996740765,0.491904,-0.117608,-0.830088,-2.17,10.71,0.49,Noise,Right
1705996740817,0.480192,-0.113704,-0.82472,-3.92,-1.61,-3.92,Noise,Right
1705996740817,0.506056,-0.11468,-0.823256,-5.18,-13.93,-8.12,Noise,Right
1705996740819,0.532408,-0.13176,-0.81008,-5.88,-21.63,-10.08,Noise,Right
1705996740867,0.576328,-0.138104,-0.802272,-5.81,-23.45,-10.57,Noise,Right
1705996740868,0.610976,-0.150304,-0.79544,-4.06,-18.69,-8.82,Noise,Right
1705996740868,0.607072,-0.1464,-0.7808,-1.68,-9.38,-4.41,Noise,Right
1705996740912,0.600728,-0.099552,-0.78568,-0.14,0.98,-0.07,Noise,Right
1705996740912,0.573888,-0.065392,-0.78812,-1.96,8.33,3.15,Noise,Right
1705996740913,0.530944,-0.063928,-0.798368,-6.44,11.9,3.01,Noise,Right
1705996740958,0.504592,-0.072712,-0.826672,-10.99,8.47,1.33,Noise,Right
1705996740958,0.496296,-0.119072,-0.84424,-12.53,1.54,-0.7,Noise,Right
1705996740958,0.502152,-0.149816,-0.84912,-11.27,-5.32,-3.29,Noise,Right
1705996741005,0.520208,-0.16592,-0.845216,-7.07,-10.15,-4.97,Noise,Right
1705996741005,0.540216,-0.498248,-1.46888,-2.31,-10.36,-5.04,Noise,Right
1705996741051,0.725656,-0.231312,-0.944768,-3.99,-22.12,0.42,Noise,Right
1705996741052,0.538264,-0.061976,-0.80764,6.72,4.48,0.07,Noise,Right
1705996741052,0.735904,-0.240096,-0.97356,-0.28,4.55,-1.96,Noise,Right
1705996741109,0.5978,-0.069784,-0.68076,0.63,-1.68,5.6,Noise,Right
1705996741114,0.51484,-0.122976,-0.848144,1.96,0.07,2.38,Noise,Right
1705996741117,0.544608,-0.122,-0.813008,4.34,2.87,0.63,Noise,Right
1705996741143,0.549,-0.136152,-0.824232,6.16,2.94,0.84,Noise,Right
1705996741143,0.518744,-0.152744,-0.803736,6.23,-5.67,2.8,Noise,Right
1705996741145,0.564616,-0.153232,-0.805688,9.24,-7.28,5.81,Noise,Right
1705996741191,0.518744,-0.17812,-0.813496,11.97,-6.93,4.27,Noise,Right
1705996741191,0.538264,-0.217648,-0.808128,14.91,-10.15,8.75,Noise,Right
1705996741238,0.538752,-0.218624,-0.839848,17.85,-13.58,10.29,Noise,Right
1705996741238,0.577792,0.141032,-0.386008,15.75,-21.63,-3.29,Noise,Right
1705996741238,0.565104,-0.081008,-0.780312,6.23,-3.99,-11.83,Noise,Right
1705996741283,0.585112,-0.113704,-0.8052,0.28,-1.26,-4.34,Noise,Right
1705996741283,0.54656,-0.162016,-0.818864,-1.33,-0.84,-2.1,Noise,Right
1705996741283,0.540216,-0.165432,-0.809104,-1.33,-0.7,-1.89,Noise,Right
1705996741330,0.53192,-0.16592,-0.806176,-0.21,-1.19,-1.68,Noise,Right
1705996741610,0.54412,-0.144448,-0.81496,3.5,-2.17,-8.75,Noise,Right
1705996741658,0.540216,-0.162016,-0.813984,-1.05,-0.77,-2.1,Noise,Right
1705996741658,0.54168,-0.166408,-0.816912,-1.47,-0.84,-2.24,Noise,Right
1705996741705,0.53924,-0.16348,-0.811544,-1.33,-0.21,-2.17,Noise,Right
1705996741705,0.539728,-0.162504,-0.810568,-1.12,-0.98,-2.31,Noise,Right
1705996741706,0.543144,-0.16592,-0.822768,-1.47,-0.7,-2.31,Noise,Right
1705996741753,0.535824,-0.16592,-0.820816,-1.75,-0.63,-2.24,Noise,Right
1705996741753,0.523136,-0.19032,-0.813008,-2.94,-0.56,0.07,Noise,Right
1705996741753,0.525576,-0.177632,-0.823256,-12.6,2.52,13.02,Noise,Right
1705996741799,0.540704,-0.161528,-0.821304,-9.87,1.82,9.94,Noise,Right
1705996741799,0.550952,-0.16836,-0.81496,-10.78,1.96,10.92,Noise,Right
1705996741851,0.55144,-0.147376,-0.811056,-7.14,0.91,6.23,Noise,Right
1705996741851,0.540704,-0.144936,-0.813496,-2.03,-0.91,-0.91,Noise,Right
1705996741852,0.543144,-0.162016,-0.815448,-1.19,-0.98,-2.03,Noise,Right
1705996741970,0.537776,-0.164456,-0.816424,-1.19,-0.77,-2.03,Noise,Right
1705996741970,0.541192,-0.167872,-0.818864,-1.61,-0.84,-2.31,Noise,Right
1705996741970,0.539728,-0.164456,-0.815936,-1.19,-0.63,-2.31,Noise,Right
1705996741971,0.538752,-0.168848,-0.820816,-1.75,-0.7,-2.59,Noise,Right
1705996741971,0.5368,-0.168848,-0.819352,-1.54,-0.77,-2.31,Noise,Right
1705996741971,0.552904,-0.150304,-0.816424,-5.11,0.14,2.1,Noise,Right
1705996741971,0.542656,-0.161528,-0.812032,-1.47,-0.84,-2.38,Noise,Right
1705996742017,0.5368,-0.159088,-0.81008,-0.98,-1.12,-2.1,Noise,Right
1705996742018,0.544608,-0.163968,-0.815936,-1.4,-1.12,-2.24,Noise,Right
1705996742018,0.53924,-0.166896,-0.818864,-1.26,-0.77,-2.24,Noise,Right
1705996742066,0.534848,-0.169336,-0.815936,-1.61,-0.77,-2.31,Noise,Right
1705996742066,0.525576,-0.191784,-0.82228,-1.82,-0.77,-0.63,Noise,Right
1705996742067,0.54412,-0.161528,-0.809104,-7.21,1.19,4.97,Noise,Right
1705996742113,0.540216,-0.172752,-0.811056,-4.69,0.7,1.61,Noise,Right
1705996742113,0.547048,-0.15372,-0.815448,-4.06,0.0,1.54,Noise,Right
1705996742113,0.543632,-0.157624,-0.809592,-3.22,0.35,-2.24,Noise,Right
1705996742165,0.517768,-0.170312,-0.811544,-3.01,-0.98,3.85,Noise,Right
1705996742166,0.541192,-0.169336,-0.799832,-6.09,-0.35,6.3,Noise,Right
1705996742170,0.536312,-0.170312,-0.81496,-5.74,0.63,3.78,Noise,Right
1705996742208,0.533384,-0.177632,-0.815936,-6.09,0.49,3.85,Noise,Right
1705996742208,0.530456,-0.168848,-0.831064,-7.77,1.19,6.79,Noise,Right
1705996742256,0.543144,-0.16104,-0.808128,-6.09,0.84,3.78,Noise,Right
1705996742257,0.540704,-0.15616,-0.815936,-2.94,0.56,-2.73,Noise,Right
1705996742257,0.544608,-0.15616,-0.815936,-1.47,-0.77,-2.38,Noise,Right
1705996742301,0.59292,-0.119072,-0.793976,-1.68,-0.21,-4.41,Noise,Right
1705996742302,0.66124,-0.08296,-0.759328,-13.02,5.74,-6.16,Noise,Right
1705996742302,0.640256,-0.135176,-0.752984,-22.4,11.48,17.57,Noise,Right
1705996742348,0.465552,-0.08052,-0.72712,-29.54,18.97,24.15,Noise,Right
1705996742348,0.523136,-0.147864,-0.85156,-36.12,8.19,29.05,Noise,Right
1705996742348,0.61976,-0.181048,-0.830576,-34.65,8.61,20.3,Noise,Right
1705996742395,0.60756,-0.183488,-0.79544,-29.61,15.61,15.05,Noise,Right
1705996742395,0.594384,-0.23668,-0.829112,-27.3,16.87,18.27,Noise,Right
1705996742440,0.606096,-0.240096,-0.857416,-21.49,10.99,26.11,Noise,Right
1705996742441,0.603168,-0.21716,-0.850584,-12.95,9.59,29.68,Noise,Right
1705996742441,0.587552,-0.186904,-0.842288,-5.74,15.26,25.76,Noise,Right
1705996742487,0.576328,-0.1586,-0.839848,0.14,22.4,17.99,Noise,Right
1705996742488,0.589504,-0.144448,-0.85156,3.01,25.2,13.72,Noise,Right
1705996742488,0.597312,-0.13908,-0.894992,2.87,23.03,14.77,Noise,Right
1705996742535,0.610488,-0.163968,-0.912072,2.1,15.33,18.83,Noise,Right
1705996742535,0.61244,-0.192272,-0.91012,2.52,7.77,21.49,Noise,Right
1705996742536,0.603168,-0.187392,-0.898408,3.92,1.61,22.33,Noise,Right
1705996742581,0.589016,-0.184952,-0.884744,5.32,-3.15,19.81,Noise,Right
1705996742582,0.569496,-0.177144,-0.857416,4.55,-7.28,14.84,Noise,Right
1705996742627,0.549976,-0.170312,-0.846192,2.1,-12.67,8.68,Noise,Right
1705996742627,0.552416,-0.181536,-0.833992,-0.63,-17.57,2.45,Noise,Right
1705996742627,0.57096,-0.186416,-0.838384,-1.33,-19.53,-4.83,Noise,Right
1705996742674,0.583648,-0.182024,-0.837408,-2.52,-21.14,-10.92,Noise,Right
1705996742675,0.591944,-0.18056,-0.831552,-2.38,-25.62,-11.83,Noise,Right
1705996742675,0.609512,-0.174704,-0.828136,-4.9,-32.9,-6.51,Noise,Right
1705996742723,0.626104,-0.157136,-0.809104,-7.0,-38.64,1.96,Noise,Right
1705996742724,0.634888,-0.133712,-0.800808,-12.18,-36.05,5.32,Noise,Right
1705996742724,0.62464,-0.12688,-0.796904,-14.84,-26.95,5.74,Noise,Right
1705996742767,0.615368,-0.142496,-0.821304,-18.06,-17.08,5.53,Noise,Right
1705996742768,0.586576,-0.176656,-0.833992,-18.41,-9.24,7.91,Noise,Right
1705996742815,0.539728,-0.200568,-0.854,-17.29,-7.0,10.78,Noise,Right
1705996742815,0.517768,-0.201544,-0.84912,-16.38,-13.79,18.2,Noise,Right
1705996742815,0.478728,-0.170312,-0.840336,-15.89,-22.47,22.75,Noise,Right
1705996742861,0.47092,-0.135664,-0.837896,-16.1,-27.79,20.79,Noise,Right
1705996742862,0.466528,-0.139568,-0.85888,-17.01,-28.35,15.96,Noise,Right
1705996742862,0.4636,-0.14152,-0.8662,-17.22,-28.77,10.78,Noise,Right
1705996742914,0.458232,-0.160552,-0.881816,-17.99,-30.38,7.35,Noise,Right
1705996742914,0.464088,-0.183,-0.88328,-13.3,-30.94,5.88,Noise,Right
1705996742915,0.45872,-0.192272,-0.889624,-8.26,-30.38,3.22,Noise,Right
1705996743035,0.463112,-0.188368,-0.891088,-3.99,-34.16,5.11,Noise,Right
1705996743035,0.457256,-0.164456,-0.882792,-0.63,-39.62,7.35,Noise,Right
1705996743035,0.459696,-0.135664,-0.867664,-0.7,-43.61,9.59,Noise,Right
1705996743036,0.467016,-0.137128,-0.86132,-2.45,-43.89,9.94,Noise,Right
1705996743036,0.479704,-0.14152,-0.860832,-3.36,-37.73,10.78,Noise,Right
1705996743036,0.47336,-0.155672,-0.871568,-3.57,-28.0,12.39,Noise,Right
1705996743036,0.457256,-0.186904,-0.8906,-1.82,-20.16,14.56,Noise,Right
1705996743137,0.440176,-0.20496,-0.90768,0.42,-16.17,19.18,Noise,Right
1705996743137,0.405528,-0.202032,-0.922808,4.69,-17.99,23.17,Noise,Right
1705996743139,0.367464,-0.160064,-0.909632,5.67,-24.57,26.18,Noise,Right
1705996743140,0.353312,-0.134688,-0.900848,2.52,-33.11,24.64,Noise,Right
1705996743140,0.337208,-0.108824,-0.872544,-1.47,-35.49,21.07,Noise,Right
1705996743140,0.324032,-0.137128,-0.8784,-5.25,-31.64,10.78,Noise,Right
1705996743189,0.32208,-0.194712,-0.9028,-8.05,-33.04,6.09,Noise,Right
1705996743189,0.321592,-0.191296,-0.903288,-7.42,-42.35,10.78,Noise,Right
1705996743189,0.31476,-0.174216,-0.899384,-7.98,-49.63,14.91,Noise,Right
1705996743237,0.30012,-0.15128,-0.889624,-11.76,-53.27,15.68,Noise,Right
1705996743238,0.28304,-0.150792,-0.889624,-14.56,-54.11,13.72,Noise,Right
1705996743238,0.289384,-0.172752,-0.895968,-17.92,-54.32,13.23,Noise,Right
1705996743281,0.298168,-0.194224,-0.921344,-18.34,-51.31,14.91,Noise,Right
1705996743282,0.298656,-0.185928,-0.928176,-14.84,-46.83,17.64,Noise,Right
1705996743282,0.29036,-0.176168,-0.938424,-11.97,-41.09,19.32,Noise,Right
1705996743328,0.24644,-0.154696,-0.976488,-9.1,-38.36,22.75,Noise,Right
1705996743328,0.20496,-0.150304,-0.964288,-8.68,-42.0,24.15,Noise,Right
1705996743374,0.145912,-0.15372,-0.986248,-13.16,-51.38,23.87,Noise,Right
1705996743375,0.1708,-0.174704,-0.966728,-9.45,-54.67,24.01,Noise,Right
1705996743375,0.173728,-0.19032,-0.955016,-5.81,-49.84,21.7,Noise,Right
1705996743427,0.154208,-0.174704,-0.930616,-2.73,-43.54,23.66,Noise,Right
1705996743428,0.126392,-0.126392,-0.907192,-2.87,-39.2,25.62,Noise,Right
1705996743428,0.074664,-0.110776,-0.914024,-7.0,-34.16,26.39,Noise,Right
1705996743547,0.027328,-0.131272,-0.924272,-12.32,-33.04,25.69,Noise,Right
1705996743548,-0.011224,-0.14396,-0.957456,-12.25,-33.25,22.89,Noise,Right
1705996743548,-0.033184,-0.162504,-0.978928,-10.57,-39.27,18.97,Noise,Right
1705996743548,-0.027328,-0.144936,-0.99552,-7.49,-46.62,15.33,Noise,Right
1705996743549,-0.008296,-0.122976,-0.990152,-4.76,-51.03,12.25,Noise,Right
1705996743549,0.013176,-0.118584,-0.991616,-3.5,-51.03,10.64,Noise,Right
1705996743549,-0.001464,-0.121024,-0.97844,-2.73,-47.81,12.04,Noise,Right
1705996743592,-0.028304,-0.130296,-0.963312,-2.8,-44.1,13.02,Noise,Right
1705996743592,-0.055632,-0.132736,-0.965752,-4.27,-43.19,15.89,Noise,Right
1705996743593,-0.094672,-0.122488,-0.972584,-6.37,-44.8,17.36,Noise,Right
1705996743639,-0.108824,-0.124928,-0.976976,-5.88,-46.9,14.7,Noise,Right
1705996743641,-0.125904,-0.124928,-0.981368,-5.32,-46.76,11.06,Noise,Right
1705996743641,-0.140056,-0.115168,-0.957944,-4.76,-46.69,7.35,Noise,Right
1705996743687,-0.140544,-0.106872,-0.96624,-6.3,-46.2,3.08,Noise,Right
1705996743687,-0.154696,-0.107848,-0.969656,-7.35,-45.01,2.03,Noise,Right
1705996743735,-0.183488,-0.132736,-0.974048,-6.23,-43.89,1.33,Noise,Right
1705996743735,-0.212768,-0.138104,-0.959896,-4.9,-44.1,-0.35,Noise,Right
1705996743735,-0.219112,-0.160064,-0.947208,-2.17,-45.08,-4.06,Noise,Right
1705996743781,-0.193248,-0.144936,-0.9272,-0.21,-46.69,-4.76,Noise,Right
1705996743782,-0.154208,-0.098576,-0.889136,0.14,-42.84,-4.41,Noise,Right
1705996743782,-0.11956,-0.076128,-0.882792,-3.15,-34.16,-2.94,Noise,Right
1705996743836,-0.125904,-0.09028,-0.89792,-6.3,-23.73,-0.7,Noise,Right
1705996743836,-0.156648,-0.134688,-0.935008,-7.42,-16.24,1.75,Noise,Right
1705996743837,-0.199104,-0.160064,-0.945744,-3.99,-15.26,3.71,Noise,Right
1705996743891,-0.228872,-0.131272,-0.939888,-1.89,-16.94,2.66,Noise,Right
1705996743892,-0.234728,-0.116632,-0.935984,-1.89,-21.14,-1.96,Noise,Right
1705996743892,-0.17324,-0.135176,-0.953064,-4.55,-26.46,-2.66,Noise,Right
1705996743893,-0.142008,-0.150304,-0.946232,-4.83,-25.97,-0.35,Noise,Right
1705996743939,-0.13908,-0.152256,-0.920368,-4.76,-21.14,3.43,Noise,Right
1705996743939,-0.167384,-0.14152,-0.913536,-4.9,-13.65,6.37,Noise,Right
1705996743983,-0.245952,-0.122,-0.91988,-6.51,-9.73,8.82,Noise,Right
1705996743983,-0.32696,-0.10492,-0.93208,-7.21,-9.94,6.86,Noise,Right
1705996743983,-0.369904,-0.096624,-0.958432,-9.1,-15.75,2.52,Noise,Right
1705996744029,-0.338672,-0.109312,-0.991616,-10.92,-23.94,0.14,Noise,Right
1705996744030,-0.293776,-0.138592,-1.030168,-10.5,-34.37,2.66,Noise,Right
1705996744030,-0.261568,-0.183,-1.060912,-9.31,-48.09,10.64,Noise,Right
1705996744074,-0.24888,-0.191296,-1.038464,-3.92,-58.17,18.69,Noise,Right
1705996744074,-0.247904,-0.063928,-0.9272,5.46,-49.49,13.86,Noise,Right
1705996744121,-0.27816,-0.014152,-0.86864,5.53,-26.32,-1.12,Noise,Right
1705996744121,-0.321592,-0.036112,-0.874008,-4.69,-25.34,-2.03,Noise,Right
1705996744122,-0.363072,-0.07564,-0.880352,-14.49,-31.92,-1.26,Noise,Right
1705996744168,-0.376248,-0.078568,-0.915488,-19.18,-37.59,-1.54,Noise,Right
1705996744169,-0.38552,-0.089304,-0.941352,-20.79,-40.74,-2.59,Noise,Right
1705996744170,-0.38308,-0.118096,-0.974048,-19.11,-45.01,-3.22,Noise,Right
1705996744214,-0.357216,-0.13908,-0.98332,-13.79,-49.56,-0.56,Noise,Right
1705996744215,-0.299144,-0.172264,-0.989176,-5.88,-48.86,5.32,Noise,Right
1705996744262,-0.298656,-0.144448,-0.940864,5.32,-41.44,13.93,Noise,Right
1705996744262,-0.340136,-0.057096,-0.857416,12.32,-30.38,18.34,Noise,Right
1705996744263,-0.427488,0.03172,-0.774456,8.82,-21.0,14.21,Noise,Right
1705996744309,-0.49044,0.0366,-0.793976,-3.43,-18.34,1.12,Noise,Right
1705996744309,-0.463112,-0.050264,-0.898896,-11.76,-22.75,-8.47,Noise,Right
1705996744309,-0.459208,-0.125904,-0.973072,-10.08,-30.24,-9.94,Noise,Right
1705996744355,-0.443104,-0.138592,-0.986248,-3.57,-37.66,-8.75,Noise,Right
1705996744356,-0.42944,-0.10736,-0.965752,4.2,-39.9,-6.72,Noise,Right
1705996744357,-0.426024,-0.081984,-0.92232,8.05,-39.55,-2.8,Noise,Right
1705996744402,-0.447008,-0.054168,-0.879376,8.54,-36.82,0.14,Noise,Right
1705996744402,-0.476776,-0.035624,-0.84424,5.25,-31.85,0.0,Noise,Right
1705996744451,-0.511912,-0.044408,-0.840336,-0.14,-33.32,-0.07,Noise,Right
1705996744451,-0.5246,-0.051728,-0.837896,-4.9,-37.94,-2.45,Noise,Right
1705996744451,-0.508496,-0.067344,-0.818376,-7.77,-38.22,-7.7,Noise,Right
1705996744571,-0.471408,-0.088328,-0.821792,-8.89,-35.42,-9.8,Noise,Right
1705996744571,-0.450912,-0.077592,-0.815936,-9.31,-30.52,-7.14,Noise,Right
1705996744572,-0.462136,-0.064904,-0.809592,-10.64,-23.8,-3.43,Noise,Right
1705996744572,-0.511912,-0.067344,-0.835944,-11.62,-20.16,-0.21,Noise,Right
1705996744573,-0.551928,-0.097112,-0.844728,-9.73,-19.81,0.49,Noise,Right
1705996744573,-0.567544,-0.099064,-0.842288,-5.74,-21.21,0.14,Noise,Right
1705996744573,-0.556808,-0.096136,-0.825696,-2.59,-21.98,-1.4,Noise,Right
1705996744617,-0.533872,-0.094672,-0.81008,-0.7,-22.12,-0.49,Noise,Right
1705996744617,-0.513376,-0.04392,-0.809104,-0.7,-22.19,3.01,Noise,Right
1705996744618,-0.541192,-0.014152,-0.803248,-1.82,-15.89,1.61,Noise,Right
1705996744662,-0.56852,-0.025864,-0.820816,-4.76,-13.58,-0.07,Noise,Right
1705996744663,-0.601704,-0.049288,-0.841312,-7.7,-17.78,-1.54,Noise,Right
1705996744663,-0.61,-0.101016,-0.854976,-6.23,-23.73,-3.64,Noise,Right
1705996744711,-0.596824,-0.10736,-0.835456,-1.47,-27.58,-4.55,Noise,Right
1705996744711,-0.56852,-0.08296,-0.79544,1.75,-26.88,-4.34,Noise,Right
1705996744711,-0.548512,-0.045384,-0.782264,1.19,-25.13,-0.7,Noise,Right
1705996744758,-0.58072,-0.037576,-0.779824,-0.84,-22.54,3.64,Noise,Right
1705996744759,-0.623664,-0.038064,-0.790072,-1.68,-20.93,4.34,Noise,Right
1705996744803,-0.656848,-0.035136,-0.789096,-0.77,-17.71,-1.89,Noise,Right
1705996744804,-0.65392,-0.055632,-0.789584,-2.03,-20.72,-7.28,Noise,Right
1705996744804,-0.604144,-0.074176,-0.786656,-3.08,-24.64,-9.31,Noise,Right
1705996744859,-0.557784,-0.087352,-0.752008,-3.08,-24.5,-7.63,Noise,Right
1705996744860,-0.528016,-0.048312,-0.723216,-2.94,-17.85,-3.36,Noise,Right
1705996744860,-0.550952,-0.042456,-0.730048,-4.55,-9.94,2.45,Noise,Right
1705996744979,-0.638304,-0.040992,-0.745664,-5.18,-4.62,4.55,Noise,Right
1705996744981,-0.697352,-0.069296,-0.777384,-3.78,-5.81,4.06,Noise,Right
1705996744981,-0.707112,-0.08052,-0.793488,-1.12,-11.55,0.0,Noise,Right
1705996744981,-0.66612,-0.098088,-0.78812,1.89,-17.15,-3.08,Noise,Right
1705996744982,-0.603168,-0.10492,-0.772016,5.95,-17.85,-3.08,Noise,Right
1705996744982,-0.5612,-0.064416,-0.711992,7.91,-12.18,0.7,Noise,Right
1705996744983,-0.560712,0.011712,-0.699792,4.69,-2.24,3.78,Noise,Right
1705996745083,-0.63196,0.00732,-0.711992,-2.73,1.75,3.92,Noise,Right
1705996745083,-0.694424,-0.028792,-0.785192,-8.05,0.7,0.63,Noise,Right
1705996745084,-0.728584,-0.110288,-0.81496,-5.04,-4.97,-3.78,Noise,Right
1705996745084,-0.702232,-0.115168,-0.793488,1.68,-12.53,-6.72,Noise,Right
1705996745084,-0.647576,-0.09272,-0.72712,6.58,-14.0,-8.47,Noise,Right
1705996745084,-0.582184,-0.047336,-0.694424,5.18,-10.71,-7.07,Noise,Right
1705996745133,-0.555344,-0.008296,-0.687592,-0.98,-5.74,-0.28,Noise,Right
1705996745135,-0.5856,-0.011224,-0.72468,-7.14,1.54,3.64,Noise,Right
1705996745135,-0.66368,-0.029768,-0.762744,-9.66,4.69,5.18,Noise,Right
1705996745136,-0.716384,-0.071248,-0.784216,-7.14,2.87,1.82,Noise,Right
1705996745181,-0.725168,-0.08784,-0.764696,-1.75,-1.47,-3.78,Noise,Right
1705996745182,-0.675392,-0.084424,-0.703696,3.99,-0.7,-11.27,Noise,Right
1705996745289,-0.614392,-0.04392,-0.626104,4.97,4.69,-14.77,Noise,Right
1705996745289,-0.536312,-0.0122,-0.630496,-0.98,14.56,-14.77,Noise,Right
1705996745289,-0.530944,-0.042944,-0.684176,-8.82,22.26,-6.58,Noise,Right
1705996745289,-0.569008,-0.101504,-0.756888,-10.29,27.51,-0.56,Noise,Right
1705996745289,-0.621224,-0.120048,-0.804224,-4.83,30.03,2.8,Noise,Right
1705996745289,-0.632936,-0.110288,-0.797392,4.13,31.99,1.96,Noise,Right
1705996745289,-0.60512,-0.084424,-0.7564,11.55,37.31,-0.07,Noise,Right
1705996745333,-0.57828,-0.027328,-0.698328,12.53,43.89,-1.61,Noise,Right
1705996745333,-0.553392,-0.008784,-0.667584,5.6,52.29,-3.71,Noise,Right
1705996745380,-0.545096,-0.022448,-0.730536,-2.59,59.36,-6.51,Noise,Right
1705996745381,-0.559736,-0.083448,-0.811544,-7.0,61.32,-5.46,Noise,Right
1705996745381,-0.57096,-0.110776,-0.862784,-4.76,59.99,-3.5,Noise,Right
1705996745426,-0.547048,-0.11712,-0.8906,-0.91,57.47,-3.01,Noise,Right
1705996745426,-0.505568,-0.1098,-0.876936,4.48,55.02,-1.82,Noise,Right
1705996745426,-0.449936,-0.094184,-0.876448,8.75,58.31,-0.98,Noise,Right
1705996745472,-0.425536,-0.07808,-0.864736,8.89,59.15,4.13,Noise,Right
1705996745473,-0.420656,-0.047336,-0.8784,6.09,61.25,7.21,Noise,Right
1705996745473,-0.459696,-0.03904,-0.896456,2.59,61.74,5.95,Noise,Right
1705996745519,-0.477752,-0.047824,-0.932568,-0.42,58.45,2.73,Noise,Right
1705996745519,-0.476776,-0.076616,-0.936472,-0.56,55.02,-1.75,Noise,Right
1705996745577,-0.434808,-0.092232,-0.938912,0.91,51.73,-4.9,Noise,Right
1705996745577,-0.394792,-0.112728,-0.931592,4.13,52.01,-4.9,Noise,Right
1705996745578,-0.35624,-0.084424,-0.914512,5.32,51.17,-1.12,Noise,Right
1705996745631,-0.332816,-0.061,-0.917928,2.45,51.03,3.71,Noise,Right
1705996745632,-0.355752,-0.054168,-0.930128,0.7,51.8,4.41,Noise,Right
1705996745632,-0.353312,-0.072224,-0.960384,0.14,51.66,4.34,Noise,Right
1705996745632,-0.347456,-0.0732,-0.95892,0.63,50.26,4.62,Noise,Right
1705996745684,-0.329888,-0.072712,-0.94184,1.12,49.21,3.08,Noise,Right
1705996745684,-0.301096,-0.069784,-0.915976,-1.33,48.37,3.08,Noise,Right
1705996745684,-0.272304,-0.056608,-0.924272,-4.34,48.37,3.22,Noise,Right
1705996745737,-0.2562,-0.085888,-0.957456,-5.32,49.0,4.41,Noise,Right
1705996745738,-0.224968,-0.125416,-0.984296,-3.64,48.58,6.93,Noise,Right
1705996745738,-0.17812,-0.133224,-0.977464,2.59,54.32,9.1,Noise,Right
1705996745782,-0.134688,-0.108824,-0.946232,8.4,68.18,12.11,Noise,Right
1705996745782,-0.105896,-0.0976,-0.937448,16.45,86.38,14.35,Noise,Right
1705996745783,-0.117608,-0.103944,-0.926224,20.86,101.5,17.71,Noise,Right
1705996745828,-0.130784,-0.104432,-0.937448,23.24,109.83,20.3,Noise,Right
1705996745829,-0.166896,-0.101504,-0.92232,23.8,109.2,21.7,Noise,Right
1705996745874,-0.172264,-0.06344,-0.91256,23.52,107.94,16.52,Noise,Right
1705996745874,-0.163968,-0.07076,-0.913048,20.23,103.67,10.43,Noise,Right
1705996745874,-0.130784,-0.088816,-0.914024,15.89,95.69,7.21,Noise,Right
1705996745918,-0.096136,-0.10248,-0.91988,11.83,89.53,5.04,Noise,Right
1705996745919,-0.052216,-0.125416,-0.921832,10.64,85.19,3.43,Noise,Right
1705996745919,-0.01708,-0.147376,-0.933544,10.64,83.72,3.57,Noise,Right
1705996745966,-0.004392,-0.14396,-0.948672,12.6,82.04,2.8,Noise,Right
1705996745967,0.021472,-0.127368,-0.93452,14.49,80.99,1.26,Noise,Right
1705996745967,0.0488,-0.098576,-0.93696,15.75,82.88,-3.85,Noise,Right
1705996746012,0.072712,-0.093208,-0.963312,16.52,83.86,-9.24,Noise,Right
1705996746013,0.093696,-0.116632,-0.987224,16.87,78.75,-12.67,Noise,Right
1705996746061,0.126392,-0.141032,-0.987712,18.69,71.54,-15.19,Noise,Right
1705996746062,0.165432,-0.152744,-0.971608,20.44,64.89,-16.87,Noise,Right
1705996746062,0.199104,-0.193248,-0.937448,21.49,58.45,-16.8,Noise,Right
1705996746109,0.23424,-0.193736,-0.882304,21.91,55.23,-14.21,Noise,Right
1705996746109,0.266936,-0.147864,-0.835456,19.88,58.1,-15.96,Noise,Right
1705996746110,0.277672,-0.101992,-0.848144,13.44,64.4,-19.25,Noise,Right
1705996746160,0.264984,-0.144936,-0.891088,9.31,68.32,-24.99,Noise,Right
1705996746160,0.264496,-0.205448,-0.947696,8.26,62.58,-28.77,Noise,Right
1705996746160,0.284504,-0.225456,-0.968192,12.74,51.38,-31.43,Noise,Right
1705996746311,0.30988,-0.241072,-0.948184,17.78,41.93,-35.14,Noise,Right
1705996746312,0.396744,-0.189344,-0.84424,22.89,23.38,-35.56,Noise,Right
1705996746435,0.477752,-0.189832,-0.858392,0.7,5.74,-31.36,Noise,Right
1705996746665,0.599752,-0.174704,-0.934032,6.3,-12.39,-30.73,Noise,Right
1705996747009,0.569008,-0.096624,-0.770552,2.1,5.88,-7.14,Noise,Right
1705996747129,0.558272,-0.120536,-0.804224,9.45,-4.2,-2.17,Noise,Right
1705996747232,0.55144,-0.10736,-0.802272,3.5,0.07,-3.36,Noise,Right
1705996747233,0.539728,-0.118584,-0.809104,-2.87,3.5,-4.97,Noise,Right
1705996747233,0.518744,-0.146888,-0.830088,-6.79,5.39,-6.72,Noise,Right
1705996747233,0.502152,-0.181536,-0.857904,-6.3,3.85,-8.68,Noise,Right
1705996747233,0.50752,-0.203008,-0.869616,-2.66,-2.52,-9.38,Noise,Right
1705996747233,0.523624,-0.186416,-0.8662,3.08,-9.66,-7.28,Noise,Right
1705996747278,0.544608,-0.171288,-0.848632,8.33,-13.16,-6.23,Noise,Right
1705996747278,0.562176,-0.132248,-0.830088,10.08,-12.46,-5.67,Noise,Right
1705996747325,0.568032,-0.119072,-0.808616,7.91,-9.45,-3.15,Noise,Right
1705996747325,0.563152,-0.099552,-0.798856,3.57,-4.76,-0.56,Noise,Right
1705996747325,0.537288,-0.108824,-0.798856,-2.59,1.4,0.49,Noise,Right
1705996747374,0.500688,-0.136152,-0.813496,-6.23,7.07,-1.96,Noise,Right
1705996747374,0.469456,-0.169824,-0.838872,-6.44,9.24,-6.37,Noise,Right
1705996747375,0.457256,-0.192272,-0.85644,-3.85,4.97,-9.17,Noise,Right
1705996747501,0.47824,-0.188368,-0.869128,0.28,-7.14,-8.05,Noise,Right
1705996747503,0.504104,-0.160064,-0.854976,4.06,-15.26,-9.66,Noise,Right
1705996747504,0.538752,-0.153232,-0.851072,5.74,-18.13,-11.13,Noise,Right
1705996747504,0.565104,-0.154696,-0.823744,5.95,-17.36,-10.5,Noise,Right
1705996747504,0.567544,-0.142496,-0.809104,4.97,-13.79,-7.84,Noise,Right
1705996747504,0.559248,-0.123464,-0.799832,2.31,-8.68,-5.81,Noise,Right
1705996747504,0.543632,-0.106384,-0.78812,-2.45,-1.61,-5.95,Noise,Right
1705996747638,0.528992,-0.117608,-0.801296,-5.88,4.9,-8.12,Noise,Right
1705996747639,0.678808,-0.314272,-0.918904,11.97,40.04,-5.81,Noise,Right
1705996747640,0.593408,-0.244,-0.868152,1.47,11.41,-11.27,Noise,Right
1705996747640,0.374784,-0.090768,-0.782264,7.91,8.89,4.62,Noise,Right
1705996747640,0.554368,-0.122,-0.821304,5.67,8.68,4.97,Noise,Right
1705996747641,0.479704,-0.18788,-0.792512,1.4,4.27,-2.87,Noise,Right
1705996747641,0.530944,-0.143472,-0.835944,4.62,7.63,3.78,Noise,Right
1705996747642,0.532896,-0.171776,-0.808128,-0.7,3.01,-1.05,Noise,Right
1705996747747,0.5002,-0.097112,-0.777872,2.73,9.24,2.45,Noise,Right
1705996747748,0.51484,-0.158112,-0.814472,0.21,3.43,-2.66,Noise,Right
1705996747748,0.523136,-0.164944,-0.829112,0.14,4.34,-4.13,Noise,Right
1705996747748,0.528992,-0.160064,-0.822768,0.91,3.64,-6.37,Noise,Right
1705996747748,0.539728,-0.184952,-0.830088,2.31,3.71,-7.84,Noise,Right
1705996747748,0.571448,-0.159576,-0.789096,1.19,-1.89,-5.6,Noise,Right
1705996747748,0.5246,-0.16348,-0.829112,-0.91,-1.33,-3.22,Noise,Right
1705996747847,0.522648,-0.162016,-0.825208,0.07,-1.47,-6.09,Noise,Right
1705996747847,0.54168,-0.166408,-0.819352,2.17,-1.68,-7.35,Noise,Right
1705996747848,0.549488,-0.16104,-0.799344,1.89,-1.68,-6.58,Noise,Right
1705996747848,0.559736,-0.162504,-0.799344,0.14,-1.4,-3.5,Noise,Right
1705996747848,0.537288,-0.166408,-0.822768,-1.4,-1.05,-2.31,Noise,Right
1705996747848,0.530456,-0.16348,-0.826672,-0.98,-0.91,-3.08,Noise,Right
1705996747899,0.526064,-0.170312,-0.823256,0.21,-1.54,-4.48,Noise,Right
1705996747900,0.537776,-0.167872,-0.821792,1.4,-1.33,-6.65,Noise,Right
1705996747900,0.535824,-0.164456,-0.813984,1.33,-1.19,-6.79,Noise,Right
1705996747946,0.542656,-0.16592,-0.817888,1.4,-1.61,-6.51,Noise,Right
1705996747946,0.551928,-0.161528,-0.8052,0.63,-1.4,-4.97,Noise,Right
1705996747992,0.549976,-0.162992,-0.806664,-0.42,-0.98,-3.36,Noise,Right
1705996747992,0.540216,-0.166896,-0.816912,-1.47,-0.77,-2.45,Noise,Right
1705996747992,0.543632,-0.16836,-0.823256,-1.54,-0.84,-2.38,Noise,Right
1705996748038,0.537776,-0.162504,-0.811056,-2.1,-0.7,-2.45,Noise,Right
1705996748038,0.532408,-0.168848,-0.82228,-0.63,-0.91,-3.36,Noise,Right
1705996748038,0.540216,-0.159088,-0.81984,1.12,-1.54,-5.39,Noise,Right
1705996748087,0.54412,-0.159576,-0.820328,1.75,-2.03,-5.25,Noise,Right
1705996748088,0.549,-0.16836,-0.816424,-0.07,-1.26,-3.92,Noise,Right
1705996748088,0.537776,-0.166896,-0.822768,-1.33,-0.91,-2.24,Noise,Right
1705996748133,0.542656,-0.169336,-0.8174,-1.89,-0.7,-2.45,Noise,Right
1705996748133,0.537288,-0.1708,-0.818864,-1.4,-0.7,-2.17,Noise,Right
1705996748133,0.538752,-0.18544,-0.821304,-1.96,-0.63,-1.19,Noise,Right
1705996748262,0.546072,-0.156648,-0.816424,-1.89,-0.77,-1.12,Noise,Right
1705996748262,0.54168,-0.148352,-0.81252,-3.01,-0.28,0.0,Noise,Right
1705996748263,0.543144,-0.16104,-0.809104,-3.08,-0.21,0.07,Noise,Right
1705996748263,0.542168,-0.155672,-0.822768,-2.87,-0.28,-0.63,Noise,Right
1705996748263,0.5246,-0.10736,-0.845704,-3.57,0.35,-1.75,Noise,Right
1705996748263,0.544608,-0.037088,-0.848144,-5.25,3.99,-13.02,Noise,Right
1705996748263,0.547536,-0.067832,-0.8662,-11.76,9.38,-22.68,Noise,Right
1705996748359,0.586576,-0.18056,-0.9516,-21.84,0.14,-17.15,Noise,Right
1705996748359,0.64172,-0.302072,-1.032608,-19.04,-17.08,4.41,Noise,Right
1705996748359,0.659288,-0.287432,-1.059936,-3.08,-21.77,16.59,Noise,Right
1705996748359,0.648064,-0.236192,-1.017968,16.59,-10.43,12.32,Noise,Right
1705996748359,0.614392,-0.1586,-0.992592,31.29,4.41,1.61,Noise,Right
1705996748359,0.595848,-0.136152,-0.979904,33.74,7.77,-8.12,Noise,Right
1705996748412,0.606096,-0.13176,-0.991616,27.79,-3.64,-10.15,Noise,Right
1705996748412,0.629032,-0.142496,-1.004792,19.32,-23.8,-10.36,Noise,Right
1705996748412,0.679296,-0.189832,-1.02236,13.72,-47.04,-8.96,Noise,Right
1705996748461,0.7198,-0.199104,-1.02236,10.5,-73.43,-1.05,Noise,Right
1705996748461,0.746152,-0.19764,-1.009184,1.54,-101.08,14.35,Noise,Right
1705996748461,0.74176,-0.18544,-0.94184,-9.73,-120.89,34.23,Noise,Right
1705996748505,0.718336,-0.135176,-0.892552,-19.95,-120.89,45.99,Noise,Right
1705996748506,0.644648,-0.121512,-0.872544,-28.0,-100.1,42.63,Noise,Right
1705996748556,0.566568,-0.15128,-0.880352,-31.36,-73.57,36.54,Noise,Right
1705996748560,0.48556,-0.211792,-0.921832,-30.52,-51.66,29.61,Noise,Right
1705996748563,0.416752,-0.29524,-0.974048,-22.82,-44.24,30.52,Noise,Right
1705996748601,0.379664,-0.30012,-0.984784,-11.69,-52.43,38.99,Noise,Right
1705996748602,0.349408,-0.249368,-0.96136,-1.75,-64.68,45.36,Noise,Right
1705996748602,0.337696,-0.166408,-0.889136,3.64,-73.64,45.43,Noise,Right
1705996748649,0.311344,-0.098088,-0.829112,0.07,-73.85,40.6,Noise,Right
1705996748649,0.302072,-0.0976,-0.844728,-8.26,-72.59,35.63,Noise,Right
1705996748649,0.271816,-0.137616,-0.872056,-16.94,-76.58,40.39,Noise,Right
1705996748772,0.23912,-0.189832,-0.9028,-19.6,-80.29,45.64,Noise,Right
1705996748772,0.210328,-0.247416,-0.928664,-14.35,-75.95,46.34,Noise,Right
1705996748773,0.173728,-0.278648,-0.933544,0.56,-69.3,44.38,Noise,Right
1705996748773,0.146888,-0.255712,-0.904752,14.21,-63.56,45.08,Noise,Right
1705996748773,0.122976,-0.169824,-0.860344,21.21,-60.2,46.2,Noise,Right
1705996748773,0.10248,-0.11468,-0.815936,18.97,-56.14,45.71,Noise,Right
1705996748773,0.026352,-0.107848,-0.85156,12.04,-55.51,46.48,Noise,Right
1705996748872,0.00976,-0.143472,-0.838872,4.76,-61.46,49.98,Noise,Right
1705996748872,-0.023912,-0.182512,-0.848632,-1.96,-62.3,46.9,Noise,Right
1705996748872,-0.060512,-0.204472,-0.846192,-3.01,-59.5,42.42,Noise,Right
1705996748873,-0.0854,-0.222528,-0.847168,-3.22,-57.54,39.83,Noise,Right
1705996748873,-0.11468,-0.210816,-0.847656,-3.29,-56.28,40.11,Noise,Right
1705996748873,-0.145424,-0.183,-0.835944,-2.52,-52.36,36.12,Noise,Right
1705996748974,-0.168848,-0.15128,-0.851072,-4.06,-48.51,31.43,Noise,Right
1705996748974,-0.190808,-0.17568,-0.884744,-6.51,-47.32,26.6,Noise,Right
1705996748975,-0.206424,-0.181048,-0.887672,-7.56,-52.15,25.27,Noise,Right
1705996748975,-0.21472,-0.148352,-0.886696,-8.82,-52.99,20.3,Noise,Right
1705996748975,-0.2196,-0.149816,-0.894992,-9.45,-50.89,15.82,Noise,Right
1705996748975,-0.219112,-0.15616,-0.89304,-11.2,-50.68,14.7,Noise,Right
1705996749021,-0.216184,-0.162504,-0.872056,-12.74,-46.69,13.23,Noise,Right
1705996749021,-0.228872,-0.185928,-0.853024,-11.97,-40.25,12.11,Noise,Right
1705996749021,-0.232776,-0.203496,-0.848144,-12.11,-33.81,13.02,Noise,Right
1705996749067,-0.24644,-0.17812,-0.862296,-11.76,-28.91,14.35,Noise,Right
1705996749068,-0.255224,-0.15616,-0.87596,-11.2,-24.08,14.07,Noise,Right
1705996749113,-0.260104,-0.135664,-0.898408,-10.99,-20.16,13.02,Noise,Right
1705996749113,-0.26352,-0.146888,-0.92476,-9.94,-17.57,11.48,Noise,Right
1705996749113,-0.268888,-0.158112,-0.933544,-7.77,-16.66,9.73,Noise,Right
1705996749161,-0.266448,-0.150304,-0.93452,-5.46,-15.89,7.21,Noise,Right
1705996749162,-0.262544,-0.13176,-0.915488,-3.85,-16.94,7.28,Noise,Right
1705996749162,-0.26108,-0.118096,-0.906704,-4.83,-16.73,7.49,Noise,Right
1705996749206,-0.2562,-0.121512,-0.931592,-8.26,-17.5,10.01,Noise,Right
1705996749206,-0.268888,-0.132248,-0.955016,-9.03,-18.2,12.74,Noise,Right
1705996749208,-0.284016,-0.164456,-0.989176,-6.09,-17.92,12.25,Noise,Right
1705996749262,-0.303536,-0.174216,-0.992592,-2.1,-21.77,12.25,Noise,Right
1705996749262,-0.304512,-0.160552,-0.98332,2.59,-25.27,10.78,Noise,Right
1705996749314,-0.315736,-0.12688,-0.951112,5.74,-29.19,8.61,Noise,Right
1705996749315,-0.30744,-0.065392,-0.911096,3.99,-28.77,5.25,Noise,Right
1705996749315,-0.318664,-0.099064,-0.912072,-1.47,-26.6,2.8,Noise,Right
1705996749315,-0.351848,-0.122976,-0.920856,-5.46,-28.14,4.41,Noise,Right
1705996749366,-0.372832,-0.122,-0.926224,-5.32,-26.88,3.08,Noise,Right
1705996749367,-0.377712,-0.138104,-0.931592,-2.94,-24.15,1.12,Noise,Right
1705996749367,-0.370392,-0.145424,-0.933056,0.28,-21.7,0.35,Noise,Right
1705996749486,-0.364048,-0.169824,-0.935496,2.59,-20.44,1.05,Noise,Right
1705996749487,-0.380152,-0.150304,-0.904264,5.81,-26.11,2.66,Noise,Right
1705996749487,-0.389424,-0.144936,-0.9028,3.08,-37.1,4.55,Noise,Right
1705996749487,-0.399672,-0.116632,-0.914512,-1.12,-49.42,4.76,Noise,Right
1705996749488,-0.40748,-0.100528,-0.891088,-3.29,-52.5,1.54,Noise,Right
1705996749488,-0.42456,-0.079544,-0.911096,-4.76,-44.38,-7.7,Noise,Right
1705996749488,-0.438712,-0.138592,-0.957944,-5.67,-41.23,-8.82,Noise,Right
1705996749534,-0.452376,-0.180072,-0.954528,-4.06,-45.43,-4.13,Noise,Right
1705996749534,-0.461648,-0.198128,-0.923784,0.14,-52.85,-1.82,Noise,Right
1705996749534,-0.46848,-0.227408,-0.935496,1.82,-67.13,3.01,Noise,Right
1705996749579,-0.469456,-0.159576,-0.870592,6.58,-81.69,11.41,Noise,Right
1705996749579,-0.467016,-0.026352,-0.775432,10.08,-68.88,-0.91,Noise,Right
1705996749579,-0.471896,-0.00732,-0.76372,3.22,-52.64,-12.32,Noise,Right
1705996749626,-0.47336,-0.05368,-0.773968,-6.16,-44.38,-14.7,Noise,Right
1705996749626,-0.476776,-0.148352,-0.822768,-11.27,-39.55,-13.93,Noise,Right
1705996749671,-0.49044,-0.198616,-0.84668,-9.52,-38.5,-8.12,Noise,Right
1705996749671,-0.505568,-0.199104,-0.842776,-4.83,-38.15,-3.08,Noise,Right
1705996749671,-0.510448,-0.17324,-0.83448,-0.77,-38.57,0.7,Noise,Right
1705996749718,-0.532408,-0.183,-0.855464,2.1,-42.98,5.88,Noise,Right
1705996749718,-0.5734,-0.117608,-0.794464,6.02,-45.15,9.24,Noise,Right
1705996749719,-0.5856,-0.083936,-0.748592,5.67,-37.03,-0.49,Noise,Right
1705996749763,-0.588528,-0.088328,-0.75396,-0.14,-35.63,-3.22,Noise,Right
1705996749763,-0.585112,-0.122488,-0.763232,-5.74,-36.82,-3.92,Noise,Right
1705996749809,-0.58804,-0.159576,-0.781776,-7.28,-37.59,-2.52,Noise,Right
1705996749809,-0.60756,-0.181536,-0.825696,-6.09,-42.7,1.61,Noise,Right
1705996749809,-0.632448,-0.210816,-0.84424,-1.47,-52.99,7.7,Noise,Right
1705996749856,-0.667096,-0.096136,-0.732,2.8,-54.18,4.41,Noise,Right
1705996749856,-0.637328,-0.065392,-0.679296,2.59,-42.42,-9.1,Noise,Right
1705996749856,-0.586576,-0.105896,-0.66368,-6.37,-40.32,-5.18,Noise,Right
1705996749901,-0.554856,-0.133224,-0.6588,-12.04,-33.81,-0.42,Noise,Right
1705996749901,-0.561688,-0.151768,-0.667096,-12.95,-22.96,5.18,Noise,Right
1705996749948,-0.598288,-0.164456,-0.701744,-10.64,-14.56,9.87,Noise,Right
1705996749948,-0.672952,-0.193248,-0.722728,-4.69,-11.2,12.53,Noise,Right
1705996749948,-0.732488,-0.166408,-0.730048,2.66,-13.79,9.87,Noise,Right
1705996749996,-0.757864,-0.10736,-0.7076,7.28,-17.99,4.06,Noise,Right
1705996749996,-0.737856,-0.088328,-0.715896,5.53,-22.61,-1.33,Noise,Right
1705996749996,-0.707112,-0.092232,-0.712968,2.17,-25.9,-3.15,Noise,Right
1705996750043,-0.672464,-0.103944,-0.720288,0.98,-26.04,-1.33,Noise,Right
1705996750043,-0.665632,-0.116632,-0.731512,-0.84,-25.34,1.82,Noise,Right
1705996750043,-0.68564,-0.110776,-0.7076,1.4,-23.94,4.55,Noise,Right
1705996750089,-0.730536,-0.08052,-0.653432,3.99,-16.52,1.26,Noise,Right
1705996750089,-0.74908,-0.087352,-0.616832,1.05,-13.72,-2.1,Noise,Right
1705996750135,-0.739808,-0.100528,-0.591944,-4.9,-15.68,-3.92,Noise,Right
1705996750136,-0.70272,-0.123464,-0.59048,-8.82,-14.21,-6.44,Noise,Right
1705996750136,-0.66368,-0.120536,-0.613416,-10.71,-10.92,-4.76,Noise,Right
1705996750185,-0.637816,-0.121512,-0.619272,-9.59,-3.01,-2.59,Noise,Right
1705996750185,-0.631472,-0.137616,-0.633424,-7.63,4.06,1.89,Noise,Right
1705996750186,-0.632448,-0.132736,-0.625616,-3.36,11.69,4.83,Noise,Right
1705996750307,-0.646112,-0.12444,-0.61,0.7,21.84,4.48,Noise,Right
1705996750307,-0.669048,-0.083448,-0.594384,3.15,32.48,3.92,Noise,Right
1705996750307,-0.719312,-0.07808,-0.596336,2.66,39.34,0.28,Noise,Right
1705996750307,-0.747128,-0.076128,-0.606096,-0.21,41.09,-4.2,Noise,Right
1705996750308,-0.706624,-0.093208,-0.631472,-2.52,42.98,-8.05,Noise,Right
1705996750308,-0.651968,-0.089792,-0.659288,-5.95,48.02,-9.94,Noise,Right
1705996750308,-0.586088,-0.1098,-0.699304,-9.17,53.55,-6.79,Noise,Right
1705996750351,-0.541192,-0.138592,-0.745664,-8.89,62.02,-1.12,Noise,Right
1705996750351,-0.540216,-0.151768,-0.782264,-4.06,70.84,5.95,Noise,Right
1705996750353,-0.589016,-0.144448,-0.77592,1.75,77.21,9.66,Noise,Right
1705996750398,-0.643184,-0.091256,-0.75396,5.18,78.19,7.07,Noise,Right
1705996750398,-0.674904,-0.080032,-0.750544,4.62,77.84,-1.26,Noise,Right
1705996750399,-0.61,-0.090768,-0.789096,2.24,78.47,-8.54,Noise,Right
1705996750443,-0.54168,-0.113216,-0.818864,1.05,77.14,-6.44,Noise,Right
1705996750444,-0.518256,-0.120536,-0.833992,0.91,75.32,-2.24,Noise,Right
1705996750492,-0.453352,-0.111264,-0.87352,-0.77,73.85,0.98,Noise,Right
1705996750493,-0.409432,-0.134688,-0.885232,-1.61,71.89,5.25,Noise,Right
1705996750494,-0.374784,-0.128832,-0.904752,-0.77,75.6,5.74,Noise,Right
1705996750538,-0.357704,-0.139568,-0.916464,-1.05,76.51,10.08,Noise,Right
1705996750538,-0.377712,-0.134688,-0.927688,-0.28,77.7,12.67,Noise,Right
1705996750538,-0.398696,-0.129808,-0.925736,2.1,78.61,13.65,Noise,Right
1705996750588,-0.439688,-0.101992,-0.932568,5.32,79.73,9.94,Noise,Right
1705996750589,-0.44408,-0.077104,-0.920368,5.74,77.35,8.26,Noise,Right
1705996750589,-0.425536,-0.060512,-0.902312,2.45,71.05,6.16,Noise,Right
1705996750721,-0.3904,-0.059536,-0.876936,-2.52,65.1,3.92,Noise,Right
1705996750724,-0.325984,-0.08296,-0.877424,-6.79,63.84,0.98,Noise,Right
1705996750727,-0.244976,-0.121024,-0.915976,-5.81,69.65,1.89,Noise,Right
1705996750730,-0.213256,-0.131272,-0.961848,-0.84,78.33,7.28,Noise,Right
1705996750730,-0.199104,-0.132736,-1.006744,8.33,106.61,10.36,Noise,Right
1705996750730,-0.207888,-0.122976,-1.023336,19.39,97.37,14.14,Noise,Right
1705996750730,-0.225944,-0.084424,-0.982832,27.23,99.68,15.05,Noise,Right
1705996750818,-0.250344,-0.074664,-0.948672,30.31,98.42,10.78,Noise,Right
1705996750818,-0.259616,-0.091256,-0.915488,26.95,88.55,8.12,Noise,Right
1705996750818,-0.244488,-0.095648,-0.898896,19.11,74.97,5.81,Noise,Right
1705996750820,-0.214232,-0.089304,-0.917928,11.76,66.99,0.35,Noise,Right
1705996750820,-0.16592,-0.147376,-0.950624,8.75,66.08,-7.14,Noise,Right
1705996750820,-0.083448,-0.185928,-0.980392,14.42,71.54,-10.22,Noise,Right
1705996750869,-0.051728,-0.189344,-0.974536,24.92,83.58,-12.74,Noise,Right
1705996750869,-0.04148,-0.188368,-0.94184,32.9,91.77,-13.79,Noise,Right
1705996750869,-0.039528,-0.163968,-0.899384,34.79,92.96,-13.51,Noise,Right
1705996750989,-0.036112,-0.11468,-0.857416,31.71,94.01,-16.66,Noise,Right
1705996750990,-0.023912,-0.090768,-0.88572,23.52,89.6,-23.38,Noise,Right
1705996750990,-0.01708,-0.118096,-0.913536,16.17,77.0,-27.23,Noise,Right
1705996750991,0.003416,-0.151768,-0.924272,11.41,62.23,-31.99,Noise,Right
1705996750991,0.062464,-0.22448,-0.917928,11.9,52.64,-36.75,Noise,Right
1705996750991,0.13664,-0.293776,-0.91256,17.01,49.63,-37.24,Noise,Right
1705996750991,0.181048,-0.29524,-0.868152,24.22,50.68,-31.43,Noise,Right
1705996751035,0.193736,-0.191296,-0.790072,29.19,59.36,-27.51,Noise,Right
1705996751036,0.204472,-0.120048,-0.796416,26.6,75.25,-37.24,Noise,Right
1705996751036,0.215208,-0.115656,-0.84912,18.2,80.43,-42.28,Noise,Right
1705996751081,0.221064,-0.16836,-0.919392,8.19,69.3,-40.95,Noise,Right
1705996751083,0.225944,-0.228872,-0.965752,2.87,49.91,-41.23,Noise,Right
1705996751083,0.246928,-0.268888,-0.970632,0.07,25.62,-40.11,Noise,Right
1705996751129,0.29524,-0.296704,-0.955016,0.28,2.87,-37.87,Noise,Right
1705996751129,0.33916,-0.280112,-0.92232,3.64,-5.67,-36.33,Noise,Right
1705996751130,0.377224,-0.240096,-0.875472,7.35,-2.8,-35.7,Noise,Right
1705996751175,0.40504,-0.188856,-0.833016,11.62,15.82,-41.86,Noise,Right
1705996751176,0.410896,-0.148352,-0.854,12.74,39.48,-54.67,Noise,Right
1705996751222,0.406992,-0.188856,-0.884256,11.62,51.66,-60.83,Noise,Right
1705996751222,0.401136,-0.219112,-0.935008,9.94,45.78,-57.19,Noise,Right
1705996751222,0.413336,-0.22204,-0.93696,8.89,31.78,-53.13,Noise,Right
1705996751269,0.42944,-0.227896,-0.923784,8.4,20.09,-51.1,Noise,Right
1705996751271,0.464576,-0.232776,-0.906704,8.05,14.07,-51.8,Noise,Right
1705996751271,0.506544,-0.244,-0.900848,8.12,12.32,-50.61,Noise,Right
1705996751315,0.53436,-0.221064,-0.88816,9.1,13.3,-45.92,Noise,Right
1705996751315,0.547536,-0.181048,-0.892064,7.28,17.92,-40.88,Noise,Right
1705996751315,0.541192,-0.172264,-0.887184,5.39,24.15,-37.59,Noise,Right
1705996751360,0.528016,-0.16592,-0.897432,2.52,30.38,-36.82,Noise,Right
1705996751361,0.511912,-0.19276,-0.920368,0.42,33.53,-36.26,Noise,Right
1705996751414,0.511912,-0.20984,-0.947208,0.63,29.96,-34.02,Noise,Right
1705996751414,0.503128,-0.198128,-0.953064,1.75,23.66,-33.18,Noise,Right
1705996751415,0.518256,-0.193736,-0.961848,2.8,17.29,-34.72,Noise,Right
1705996751534,0.53924,-0.201544,-0.962824,3.99,11.13,-34.44,Noise,Right
1705996751534,0.560224,-0.195688,-0.959408,3.64,5.04,-30.03,Noise,Right
1705996751534,0.56364,-0.19032,-0.925248,2.87,1.61,-24.5,Noise,Right
1705996751534,0.54656,-0.186904,-0.90036,2.59,1.89,-20.37,Noise,Right
1705996751534,0.535336,-0.19764,-0.877424,3.92,4.48,-18.27,Noise,Right
1705996751534,0.528016,-0.197152,-0.865224,7.42,12.18,-20.23,Noise,Right
1705996751535,0.51728,-0.187392,-0.85644,11.27,19.32,-24.92,Noise,Right
1705996751581,0.516792,-0.187392,-0.84912,13.51,20.72,-27.3,Noise,Right
1705996751582,0.505568,-0.166896,-0.850584,14.0,16.8,-28.14,Noise,Right
1705996751582,0.510448,-0.167872,-0.831552,13.16,9.8,-28.84,Noise,Right
1705996751704,0.525576,-0.151768,-0.827648,10.57,3.78,-29.26,Noise,Right
1705996751705,0.560224,-0.15616,-0.835944,7.56,-1.75,-25.34,Noise,Right
1705996751705,0.579256,-0.1586,-0.860344,2.8,-3.78,-20.3,Noise,Right
1705996751705,0.596824,-0.172264,-0.872544,-0.14,-2.24,-15.75,Noise,Right
1705996751705,0.598288,-0.187392,-0.884256,-0.63,2.38,-12.74,Noise,Right
1705996751705,0.584624,-0.200568,-0.883768,1.19,7.28,-9.87,Noise,Right
1705996751705,0.5612,-0.202032,-0.86376,4.2,10.85,-8.33,Noise,Right
1705996751751,0.52704,-0.196176,-0.83448,7.14,12.25,-8.47,Noise,Right
1705996751752,0.503616,-0.171776,-0.815936,9.17,11.13,-10.15,Noise,Right
1705996751752,0.494832,-0.158112,-0.800808,9.17,8.82,-13.65,Noise,Right
1705996751799,0.496296,-0.148352,-0.816912,8.33,5.11,-17.36,Noise,Right
1705996751799,0.530456,-0.156648,-0.84424,8.12,-0.28,-19.32,Noise,Right
1705996751799,0.569984,-0.18056,-0.867664,7.21,-6.02,-18.41,Noise,Right
1705996751844,0.603656,-0.182512,-0.8784,5.88,-9.24,-15.05,Noise,Right
1705996751845,0.622688,-0.184464,-0.866688,7.21,-9.59,-10.08,Noise,Right
1705996751845,0.626592,-0.180072,-0.838384,7.63,-5.39,-5.74,Noise,Right
1705996751891,0.60756,-0.182024,-0.810568,7.98,1.05,-3.5,Noise,Right
1705996751892,0.567056,-0.165432,-0.779824,6.3,7.28,-2.03,Noise,Right
1705996751940,0.521184,-0.155184,-0.748592,3.64,11.27,-2.31,Noise,Right
1705996751940,0.489952,-0.150304,-0.872544,0.07,10.92,-3.78,Noise,Right
1705996751941,0.459208,-0.149816,-0.76128,-2.94,5.88,-5.25,Noise,Right
1705996751984,0.4636,-0.15128,-0.776896,-4.34,-0.7,-7.98,Noise,Right
1705996751985,0.49044,-0.169336,-0.783728,-2.8,-4.76,-11.76,Noise,Right
1705996751986,0.518744,-0.192272,-0.798856,-0.21,-6.23,-14.35,Noise,Right
1705996752031,0.541192,-0.2074,-0.787144,2.8,-7.42,-12.18,Noise,Right
1705996752032,0.559248,-0.178608,-0.777384,4.76,-5.88,-8.33,Noise,Right
1705996752032,0.5612,-0.142984,-0.76616,3.78,-1.61,-5.46,Noise,Right
1705996752077,0.549976,-0.116144,-0.763232,-0.14,5.53,-6.16,Noise,Right
1705996752079,0.526552,-0.122,-0.777384,-4.76,12.18,-8.54,Noise,Right
1705996752124,0.50264,-0.155184,-0.813984,-7.63,13.37,-12.39,Noise,Right
1705996752124,0.494832,-0.19032,-0.849608,-7.0,7.42,-15.05,Noise,Right
1705996752124,0.518256,-0.20008,-0.86376,-4.06,-3.08,-16.1,Noise,Right
1705996752168,0.549,-0.193736,-0.854976,0.0,-11.76,-16.03,Noise,Right
1705996752169,0.586088,-0.176168,-0.84424,2.17,-16.66,-15.89,Noise,Right
1705996752169,0.609024,-0.161528,-0.831552,1.89,-18.97,-13.37,Noise,Right
1705996752215,0.61244,-0.143472,-0.826672,1.12,-16.38,-8.61,Noise,Right
1705996752215,0.61244,-0.132248,-0.811056,-0.63,-9.66,-6.37,Noise,Right
1705996752215,0.609512,-0.138592,-0.809104,-2.38,1.05,-6.37,Noise,Right
1705996752265,0.590968,-0.145424,-0.811544,-3.92,10.5,-4.97,Noise,Right
1705996752266,0.559736,-0.149328,-0.830576,-4.83,14.7,-3.29,Noise,Right
1705996752355,0.5368,-0.155184,-0.837408,-4.62,12.6,-1.54,Noise,Right
1705996752356,0.526064,-0.158112,-0.827648,-4.97,6.44,-0.14,Noise,Right
1705996752358,0.525088,-0.1586,-0.813008,-5.25,-0.14,-0.7,Noise,Right
1705996752358,0.549,-0.142496,-0.819352,-6.51,-3.99,-1.19,Noise,Right
1705996752358,0.560224,-0.138104,-0.833504,-7.14,-4.27,-2.24,Noise,Right
1705996752358,0.572424,-0.145424,-0.833992,-6.16,-2.59,-3.15,Noise,Right
1705996752400,0.565592,-0.139568,-0.84668,-3.08,0.0,-3.29,Noise,Right
1705996752400,0.560224,-0.15616,-0.840336,-1.89,2.24,-4.34,Noise,Right
1705996752454,0.55144,-0.149328,-0.833016,0.21,2.45,-4.41,Noise,Right
1705996752454,0.552416,-0.143472,-0.816424,1.33,0.49,-4.06,Noise,Right
1705996752454,0.549,-0.125904,-0.8052,0.84,-1.61,-3.99,Noise,Right
1705996752560,0.553392,-0.117608,-0.789096,-1.12,-2.45,-3.85,Noise,Right
1705996752561,0.559736,-0.115656,-0.787632,-3.85,-1.33,-3.85,Noise,Right
1705996752561,0.55388,-0.125904,-0.799832,-5.95,0.91,-4.34,Noise,Right
1705996752561,0.550952,-0.142496,-0.8174,-6.79,2.94,-4.69,Noise,Right
1705996752561,0.542168,-0.16104,-0.818864,-5.95,2.87,-3.64,Noise,Right
1705996752561,0.531432,-0.150304,-0.823256,-4.55,2.1,-3.22,Noise,Right
1705996752561,0.534848,-0.147376,-0.813496,-4.06,0.35,-3.78,Noise,Right
1705996752662,0.532896,-0.133712,-0.807152,-4.76,-1.61,-4.83,Noise,Right
1705996752663,0.549488,-0.132248,-0.813984,-5.81,-3.43,-5.04,Noise,Right
1705996752663,0.561688,-0.127856,-0.816424,-6.51,-4.34,-4.83,Noise,Right
1705996752663,0.56364,-0.13664,-0.825696,-6.02,-4.2,-3.92,Noise,Right
1705996752663,0.568032,-0.14396,-0.828136,-4.83,-2.94,-3.22,Noise,Right
1705996752663,0.806664,-0.251808,-0.966728,-13.86,-40.18,8.4,Noise,Right
1705996752710,0.55388,-0.085888,-0.821792,6.16,6.93,-1.4,Noise,Right
1705996752710,0.498248,-0.08784,-0.765184,4.06,8.47,-3.78,Noise,Right
1705996752711,0.553392,-0.142008,-0.802272,3.64,-6.93,6.09,Noise,Right
1705996752762,0.559248,-0.111752,-0.763232,0.63,-9.03,3.85,Noise,Right
1705996752763,0.555832,-0.147864,-0.77592,0.91,-5.39,3.64,Noise,Right
1705996752877,0.526064,-0.166896,-0.826672,2.73,0.77,-0.42,Noise,Right
1705996752882,0.532408,-0.164944,-0.81008,4.69,-1.82,-0.28,Noise,Right
1705996752885,0.534848,-0.170312,-0.790072,5.25,-4.9,-0.07,Noise,Right
1705996752885,0.517768,-0.203008,-0.801784,6.72,-8.96,1.68,Noise,Right
1705996752887,0.607072,-0.208864,-0.818376,12.81,-7.98,4.34,Noise,Right
1705996752887,0.501664,-0.214232,-0.803248,15.05,-11.97,8.89,Noise,Right
1705996752888,0.581696,-0.133224,-0.801784,16.1,-15.26,12.32,Noise,Right
1705996752912,0.603168,0.01464,-0.870104,7.28,-4.06,-9.38,Noise,Right
1705996752913,0.55632,-0.169336,-0.832528,-1.61,-0.77,-2.66,Noise,Right
1705996752913,0.533872,-0.162016,-0.818864,-1.4,-0.84,-2.24,Noise,Right
1705996752957,0.547536,-0.16592,-0.827648,-1.19,-1.05,-2.17,Noise,Right
1705996752958,0.527528,-0.168848,-0.83204,-0.98,-1.33,-2.24,Noise,Right
1705996753005,0.548024,-0.167872,-0.823744,-1.12,-1.54,-1.96,Noise,Right
1705996753006,0.526064,-0.16836,-0.802272,-1.12,-3.22,-1.75,Noise,Right
1705996753006,0.536312,-0.159576,-0.80764,-1.26,-0.77,-2.03,Noise,Right
1705996753053,0.52704,-0.162992,-0.807152,-1.47,0.0,-2.17,Noise,Right
1705996753054,0.542656,-0.166408,-0.821304,-1.61,1.19,-2.73,Noise,Right
1705996753054,0.53436,-0.16348,-0.818864,-1.61,-0.7,-2.31,Noise,Right
1705996753101,0.534848,-0.16592,-0.823256,-0.91,-1.26,-2.31,Noise,Right
1705996753101,0.540704,-0.169336,-0.818376,-1.61,-0.63,-2.38,Noise,Right
1705996753148,0.535336,-0.160552,-0.813984,-1.4,-0.98,-2.31,Noise,Right
1705996753148,0.537776,-0.167384,-0.81496,-1.47,-1.05,-2.24,Noise,Right
1705996753148,0.542168,-0.160552,-0.813984,-1.26,-1.05,-2.24,Noise,Right
1705996753274,0.53924,-0.161528,-0.811544,-1.26,-2.03,-1.89,Noise,Right
1705996753275,0.5368,-0.1708,-0.818864,-1.19,-1.61,-2.17,Noise,Right
1705996753275,0.539728,-0.169336,-0.813984,-1.33,-0.7,-2.17,Noise,Right
1705996753275,0.535336,-0.169336,-0.819352,-1.33,-0.84,-2.1,Noise,Right
1705996753275,0.534848,-0.165432,-0.821792,-1.33,-1.19,-2.17,Noise,Right
1705996753275,0.533872,-0.160552,-0.817888,1.68,1.61,-9.45,Noise,Right
1705996753275,0.537776,-0.162504,-0.81984,0.63,-1.75,-5.6,Noise,Right
1705996753379,0.540216,-0.157624,-0.813008,0.14,-1.19,-4.34,Noise,Right
1705996753379,0.544608,-0.162992,-0.813496,-1.19,-0.84,-2.66,Noise,Right
1705996753379,0.54168,-0.162992,-0.815936,-1.47,-0.77,-2.24,Noise,Right
1705996753380,0.538752,-0.170312,-0.820816,-1.47,-0.63,-2.17,Noise,Right
1705996753380,0.538264,-0.164456,-0.816424,-1.05,-0.91,-2.31,Noise,Right
1705996753380,0.53924,-0.16104,-0.813984,-1.4,-0.91,-2.31,Noise,Right
1705996753426,0.542168,-0.169336,-0.823256,-1.47,-0.91,-2.31,Noise,Right
1705996753427,0.53924,-0.16836,-0.818376,-1.54,-0.84,-2.31,Noise,Right
1705996753427,0.542168,-0.162992,-0.816912,-1.26,-0.84,-2.38,Noise,Right
1705996753472,0.546072,-0.166896,-0.815448,-1.26,-0.7,-2.45,Noise,Right
1705996753472,0.547536,-0.165432,-0.818376,-1.61,-0.77,-2.31,Noise,Right
1705996753472,0.543632,-0.163968,-0.813008,-1.26,-0.84,-2.17,Noise,Right
1705996753519,0.542168,-0.169824,-0.823256,-1.33,-0.7,-2.38,Noise,Right
1705996753519,0.53924,-0.1708,-0.81984,-1.12,-0.91,-2.1,Noise,Right
1705996753519,0.542168,-0.166896,-0.816912,-1.33,-0.91,-2.24,Noise,Right
1705996753566,0.535824,-0.162504,-0.808128,-1.33,-0.49,-2.24,Noise,Right
1705996753566,0.542656,-0.16348,-0.815936,-1.33,-0.63,-2.17,Noise,Right
1705996753566,0.54412,-0.166896,-0.822768,-1.54,-0.7,-2.45,Noise,Right
1705996753612,0.542656,-0.164944,-0.813984,-0.84,-0.84,-2.38,Noise,Right
1705996753613,0.5368,-0.162504,-0.817888,-1.68,-0.84,-2.45,Noise,Right
1705996753661,0.5368,-0.164944,-0.818376,-1.61,-0.84,-2.45,Noise,Right
1705996753662,0.541192,-0.162504,-0.818864,-1.19,-0.7,-2.17,Noise,Right
1705996753662,0.535824,-0.0976,-0.8296,-1.89,-0.35,0.42,Noise,Right
1705996753706,0.52216,-0.101992,-0.845704,-14.28,3.08,15.89,Noise,Right
1705996753707,0.551928,-0.322568,-0.77592,-17.78,3.64,21.0,Noise,Right
1705996753707,0.546072,-0.171776,-0.815448,-2.24,-0.7,-1.4,Noise,Right
1705996753767,0.543632,-0.169824,-0.821792,-0.42,-0.63,-1.82,Noise,Right
1705996753767,0.544608,-0.163968,-0.816912,-1.54,-0.91,-2.59,Noise,Right
1705996753767,0.52948,-0.171776,-0.808128,-0.98,-1.12,-1.96,Noise,Right
1705996753815,0.567544,-0.156648,-0.804712,0.91,-0.28,-1.61,Noise,Right
1705996753816,0.526552,-0.171776,-0.825208,-1.19,-1.54,-1.75,Noise,Right
1705996753816,0.52704,-0.164944,-0.8174,-1.54,-1.05,-2.1,Noise,Right
1705996753867,0.533872,-0.164456,-0.8174,-0.98,-0.98,-2.31,Noise,Right
1705996753867,0.538264,-0.16592,-0.816912,-1.54,-0.7,-2.45,Noise,Right
1705996753867,0.536312,-0.16104,-0.808616,-1.26,-0.77,-2.24,Noise,Right
1705996753988,0.542656,-0.1708,-0.821792,-1.4,-0.7,-2.1,Noise,Right
1705996753989,0.540704,-0.160064,-0.81496,-1.54,-0.7,-2.45,Noise,Right
1705996753989,0.538264,-0.165432,-0.816912,-1.19,-0.91,-2.38,Noise,Right
1705996753989,0.540216,-0.166408,-0.819352,-1.47,-0.7,-2.24,Noise,Right
1705996753990,0.53924,-0.162016,-0.813496,-1.4,-0.84,-2.24,Noise,Right
1705996753990,0.537776,-0.163968,-0.818376,-1.19,-0.84,-2.17,Noise,Right
1705996753990,0.538752,-0.159088,-0.812032,-1.33,-0.63,-2.24,Noise,Right
1705996754097,0.539728,-0.167384,-0.811544,-1.33,-0.7,-2.38,Noise,Right
1705996754097,0.53924,-0.167384,-0.816912,-1.12,-0.91,-2.24,Noise,Right
1705996754097,0.536312,-0.165432,-0.816424,-1.54,-0.91,-2.17,Noise,Right
1705996754097,0.541192,-0.166896,-0.817888,-1.47,-0.91,-2.24,Noise,Right
1705996754098,0.543632,-0.166408,-0.821792,-1.33,-0.77,-2.17,Noise,Right
1705996754098,0.539728,-0.165432,-0.813496,-1.33,-1.05,-2.31,Noise,Right
1705996754098,0.535824,-0.162992,-0.811544,-1.19,-0.91,-2.38,Noise,Right
1705996754141,0.538752,-0.168848,-0.820328,0.0,-1.12,-1.89,Noise,Right
1705996754142,0.539728,-0.16592,-0.818864,-1.33,-0.91,-2.45,Noise,Right
1705996754142,0.538264,-0.163968,-0.81984,-1.33,-0.91,-2.17,Noise,Right
1705996754188,0.536312,-0.163968,-0.812032,-1.47,-0.84,-2.24,Noise,Right
1705996754189,0.53924,-0.16836,-0.816424,-1.4,-0.84,-2.45,Noise,Right
1705996754235,0.540704,-0.16104,-0.813496,-1.47,-0.91,-2.17,Noise,Right
1705996754235,0.510448,-0.155672,-0.80032,-1.33,-0.42,-2.38,Noise,Right
1705996754235,0.563152,-0.15616,-0.815936,-1.26,-0.91,-2.38,Noise,Right
1705996754281,0.543632,-0.157624,-0.8052,-1.4,0.0,-2.17,Noise,Right
1705996754281,0.542168,-0.166896,-0.820816,-1.54,-0.63,-2.45,Noise,Right
1705996754281,0.542656,-0.162992,-0.8174,-1.47,-0.98,-2.17,Noise,Right
1705996754326,0.53924,-0.169824,-0.819352,-0.7,-1.05,-2.24,Noise,Right
1705996754326,0.542656,-0.167872,-0.820816,-1.26,-0.84,-2.24,Noise,Right
1705996754375,0.432856,-0.211792,-0.879376,-1.33,-0.7,-2.45,Noise,Right
1705996754375,0.35868,-0.242048,-0.9272,-0.14,-1.26,-4.41,Noise,Right
1705996754375,0.425048,-0.201544,-0.890112,3.15,-2.66,-8.61,Noise,Right
1705996754423,0.470432,-0.219112,-0.816424,5.6,-1.89,-13.16,Noise,Right
1705996754424,0.569984,-0.13176,-0.80764,6.93,-3.71,-13.72,Noise,Right
1705996754424,0.601216,-0.135664,-0.787144,5.11,-3.22,-11.34,Noise,Right
1705996754488,0.586576,-0.133712,-0.835944,3.78,-2.24,-9.1,Noise,Right
1705996754488,0.611952,-0.115168,-0.786168,-2.31,-0.77,0.98,Noise,Right
1705996754489,0.542168,-0.154696,-0.811056,-10.57,2.24,11.62,Noise,Right
1705996754605,0.501664,-0.213256,-0.82228,-15.68,4.41,18.13,Noise,Right
1705996754605,0.4636,-0.179584,-0.81496,-14.7,3.5,16.31,Noise,Right
1705996754605,0.471408,-0.19276,-0.844728,-9.94,1.75,10.22,Noise,Right
1705996754606,0.493856,-0.24888,-0.896456,-4.27,-0.42,1.75,Noise,Right
1705996754606,0.423096,-0.11224,-0.812032,-0.28,0.07,-4.69,Noise,Right
1705996754606,0.482632,-0.177144,-0.864248,-1.26,0.63,-3.64,Noise,Right
1705996754606,0.426512,-0.20252,-0.86132,-6.44,-0.77,4.62,Noise,Right
1705996754652,0.583648,-0.189344,-0.8418,-9.45,0.56,9.45,Noise,Right
1705996754653,0.61,-0.16836,-0.82716,-12.18,1.33,14.63,Noise,Right
1705996754653,0.565104,-0.12932,-0.748104,-14.42,4.69,15.47,Noise,Right
1705996754653,0.481656,-0.21716,-0.822768,-14.07,2.24,16.8,Noise,Right
1705996754699,0.58072,-0.137128,-0.781288,-14.77,1.96,17.29,Noise,Right
1705996754699,0.576816,-0.113704,-0.759328,-16.66,3.64,19.18,Noise,Right
1705996754747,0.583648,-0.145912,-0.78324,-16.31,5.11,18.34,Noise,Right
1705996754748,0.5368,-0.188856,-0.799832,-12.74,1.47,13.02,Noise,Right
1705996754748,0.459208,-0.23668,-0.836432,-6.37,-1.05,3.29,Noise,Right
1705996754795,0.557784,-0.138104,-0.794464,-2.38,0.91,-2.8,Noise,Right
1705996754796,0.606584,-0.064904,-0.77348,1.68,-1.47,-7.14,Noise,Right
1705996754797,0.591456,-0.071248,-0.780312,2.03,-17.64,-7.7,Noise,Right
1705996754913,0.60512,-0.099064,-0.808616,0.28,-3.36,-4.62,Noise,Right
1705996754914,0.5612,-0.1464,-0.756888,-3.22,-0.63,1.4,Noise,Right
1705996754914,0.56364,-0.145424,-0.793976,-6.23,0.77,5.04,Noise,Right
1705996754914,0.571936,-0.177632,-0.7808,-7.42,2.24,7.77,Noise,Right
1705996754915,0.676856,-0.084424,-0.78324,-10.85,0.0,12.25,Noise,Right
1705996754915,0.669536,-0.240584,-0.745176,-12.74,2.24,14.56,Noise,Right
1705996754915,0.699792,-0.16104,-0.747616,-12.6,1.54,14.63,Noise,Right
1705996754963,0.638792,-0.169336,-0.779336,-10.08,1.47,10.36,Noise,Right
1705996754964,0.555344,-0.155184,-0.814472,-1.68,-0.42,-2.45,Noise,Right
1705996754964,0.538264,-0.162504,-0.813984,-1.26,-1.12,-2.24,Noise,Right
1705996755013,0.535824,-0.1586,-0.818376,-1.26,-1.19,-2.03,Noise,Right
1705996755018,0.541192,-0.16348,-0.818376,-1.47,-1.05,-2.38,Noise,Right
1705996755019,0.540216,-0.159576,-0.813008,-1.19,-1.12,-2.38,Noise,Right
1705996755057,0.53924,-0.166408,-0.820328,-1.4,-0.91,-2.24,Noise,Right
1705996755057,0.53924,-0.159088,-0.81496,-1.47,-0.91,-2.38,Noise,Right
1705996755103,0.543144,-0.160552,-0.815448,-1.4,-0.77,-2.38,Noise,Right
1705996755103,0.540216,-0.1586,-0.813984,-1.4,-0.7,-2.38,Noise,Right
1705996755104,0.545096,-0.16348,-0.81252,-1.47,-0.77,-2.1,Noise,Right
1705996755148,0.537288,-0.157624,-0.813008,-1.96,-0.63,-2.03,Noise,Right
1705996755148,0.535824,-0.162992,-0.81252,-1.4,-0.77,-2.17,Noise,Right
1705996755149,0.543144,-0.162016,-0.815448,-1.47,-0.84,-2.38,Noise,Right
1705996755202,0.542168,-0.163968,-0.81252,-0.7,-1.4,-2.24,Noise,Right
1705996755202,0.541192,-0.164456,-0.815936,-1.26,-0.84,-2.31,Noise,Right
1705996755202,0.53924,-0.160552,-0.809592,-1.47,-0.98,-2.31,Noise,Right
1705996755325,0.542168,-0.165432,-0.81984,-0.07,-0.98,-2.24,Noise,Right
1705996755325,0.53924,-0.163968,-0.81496,-1.33,-0.91,-2.24,Noise,Right
1705996755325,0.537288,-0.16104,-0.81496,-1.4,-0.77,-2.31,Noise,Right
1705996755325,0.540704,-0.162504,-0.814472,-1.4,-0.98,-2.1,Noise,Right
1705996755325,0.54656,-0.160064,-0.811056,-1.47,-0.98,-2.38,Noise,Right
1705996755325,0.542656,-0.160552,-0.815448,-1.26,-0.91,-2.31,Noise,Right
1705996755325,0.541192,-0.163968,-0.813008,-1.47,-0.91,-2.24,Noise,Right
1705996755424,0.537288,-0.163968,-0.813984,-1.96,-0.56,-2.45,Noise,Right
1705996755424,0.54168,-0.167384,-0.81984,-1.26,-0.7,-2.24,Noise,Right
1705996755426,0.541192,-0.164944,-0.817888,-1.4,-0.84,-2.24,Noise,Right
1705996755426,0.543144,-0.162504,-0.816424,-1.26,-0.7,-2.17,Noise,Right
1705996755426,0.5368,-0.16104,-0.8174,-1.54,-0.7,-2.31,Noise,Right
1705996755426,0.540704,-0.166408,-0.815936,-1.47,-0.84,-2.31,Noise,Right
1705996755472,0.53924,-0.162016,-0.813496,-0.56,-0.28,-1.82,Noise,Right
1705996755472,0.542168,-0.16348,-0.815936,-1.33,-0.91,-2.38,Noise,Right
1705996755472,0.541192,-0.157624,-0.816424,-1.33,-0.98,-2.24,Noise,Right
1705996755518,0.542168,-0.162016,-0.81496,-1.26,-1.19,-2.38,Noise,Right
1705996755520,0.538264,-0.165432,-0.817888,-1.26,-0.84,-2.24,Noise,Right
1705996755521,0.54656,-0.162992,-0.815936,-1.54,-0.63,-2.24,Noise,Right
1705996755567,0.54168,-0.159576,-0.812032,-1.26,-0.77,-2.38,Noise,Right
1705996755568,0.542168,-0.162016,-0.813496,-1.33,-0.77,-2.31,Noise,Right
1705996755613,0.541192,-0.162504,-0.81496,-1.12,-0.91,-2.31,Noise,Right
1705996755613,0.538264,-0.161528,-0.811056,-1.4,-0.98,-2.45,Noise,Right
1705996755613,0.544608,-0.160064,-0.813496,-1.33,-0.84,-2.31,Noise,Right
1705996755661,0.536312,-0.156648,-0.81252,-1.54,-0.77,-2.31,Noise,Right
1705996755662,0.535824,-0.16104,-0.814472,-1.4,-0.98,-2.31,Noise,Right
1705996755662,0.53924,-0.162016,-0.8174,-1.4,-0.84,-2.38,Noise,Right
1705996755731,0.540704,-0.164944,-0.819352,-1.54,-1.12,-2.24,Noise,Right
1705996755732,0.538752,-0.165432,-0.812032,-1.33,-0.84,-2.38,Noise,Right
1705996755732,0.537288,-0.162992,-0.814472,-1.61,-0.77,-2.17,Noise,Right
1705996755732,0.543144,-0.16592,-0.818864,-1.4,-0.84,-2.24,Noise,Right
1705996755782,0.542656,-0.166896,-0.820816,-2.52,0.07,-2.59,Noise,Right
1705996755782,0.54168,-0.166896,-0.818864,-1.54,-0.91,-2.45,Noise,Right
1705996755783,0.5368,-0.16348,-0.814472,-1.12,-0.77,-2.17,Noise,Right
1705996755830,0.542168,-0.166408,-0.816424,-4.69,0.14,-3.43,Noise,Right
1705996755831,0.541192,-0.159088,-0.816912,-1.4,-0.84,-2.31,Noise,Right
1705996755831,0.535336,-0.161528,-0.811056,-1.4,-0.91,-2.24,Noise,Right
1705996755879,0.543144,-0.161528,-0.813008,-2.8,-0.35,-2.73,Noise,Right
1705996755879,0.544608,-0.159088,-0.816912,-1.4,-0.84,-2.17,Noise,Right
1705996755879,0.538752,-0.15616,-0.811056,-1.33,-0.84,-2.17,Noise,Right
1705996755925,0.538264,-0.160552,-0.813008,-1.12,-0.98,-2.24,Noise,Right
1705996755925,0.544608,-0.16348,-0.813496,-1.26,-0.7,-2.1,Noise,Right
1705996755974,0.540704,-0.161528,-0.811056,-1.4,-0.84,-2.31,Noise,Right
1705996755975,0.544608,-0.162992,-0.813496,-1.33,-0.98,-2.24,Noise,Right
1705996755975,0.620248,-0.158112,-0.815448,-1.05,-1.05,-2.31,Noise,Right
1705996756025,0.554856,-0.135176,-0.80276,5.46,-0.7,-17.29,Noise,Right
1705996756025,0.605608,-0.157624,-0.769576,35.91,-13.86,-64.54,Noise,Right
1705996756025,0.539728,-0.105896,-0.817888,47.39,-14.28,-73.64,Noise,Right
1705996756142,0.535824,-0.201056,-0.830088,43.68,-16.03,-64.12,Noise,Right
1705996756142,0.518256,-0.207888,-0.847168,28.7,-8.89,-42.49,Noise,Right
1705996756142,0.518744,-0.179096,-0.815448,12.67,-4.34,-20.58,Noise,Right
1705996756143,0.55144,-0.220576,-0.826672,4.41,0.14,-10.08,Noise,Right
1705996756143,0.535824,-0.16836,-0.81008,-1.26,-0.91,-2.31,Noise,Right
1705996756143,0.530944,-0.209352,-0.79788,-1.19,-1.05,-2.94,Noise,Right
1705996756143,0.532896,-0.304512,-0.80032,12.04,-5.67,-26.81,Noise,Right
1705996756197,0.531432,-0.132248,-0.828136,32.97,-11.13,-51.8,Noise,Right
1705996756198,0.552904,0.028304,-0.866688,35.49,-11.76,-56.0,Noise,Right
1705996756198,0.641232,0.016592,-0.850096,28.14,-8.96,-50.68,Noise,Right
1705996756316,0.577304,-0.029768,-0.903776,15.33,-5.04,-44.17,Noise,Right
1705996756316,0.576816,-0.067832,-0.92964,-42.42,-37.73,-43.05,Noise,Right
1705996756317,0.455304,-0.13908,-1.060424,-61.53,-70.91,-42.14,Noise,Right
1705996756317,0.526552,-0.004392,-0.914024,-72.8,-108.08,-30.45,Noise,Right
1705996756317,0.457744,0.014152,-1.018456,-74.48,-114.94,-13.72,Noise,Right
1705996756317,0.562664,-0.126392,-1.142896,-66.08,-112.84,-13.09,Noise,Right
1705996756318,0.669536,-0.247904,-1.233176,-38.71,-99.12,-25.55,Noise,Right
1705996756365,0.702232,-0.274744,-1.301496,-0.63,-86.59,-33.32,Noise,Right
1705996756366,0.786656,-0.257664,-1.293688,32.2,-78.89,-29.54,Noise,Unknown
1705996756366,0.854976,-0.243512,-1.235616,55.16,-66.43,-15.75,Noise,Unknown
1705996756409,0.882792,-0.211792,-1.097512,70.7,-43.19,16.66,Noise,Unknown
1705996756409,0.808616,-0.08052,-0.985272,71.68,-13.44,42.56,Noise,Unknown
1705996756409,0.71492,-0.008784,-0.893528,58.38,10.22,59.43,Noise,Unknown
1705996756455,0.591456,0.081008,-0.908656,31.85,22.05,73.15,Noise,Unknown
1705996756455,0.494832,0.05612,-0.960872,7.56,8.4,81.48,Noise,Unknown
1705996756455,0.433832,-0.060512,-0.974048,-11.83,-18.76,96.11,Noise,Unknown
1705996756501,0.402112,-0.076128,-0.974048,-22.19,-48.44,107.24,Noise,Unknown
1705996756501,0.393328,-0.145912,-0.896456,-24.43,-54.04,104.86,Noise,Unknown
1705996756549,0.36356,-0.178608,-0.8296,-20.16,-36.19,91.56,Noise,Unknown
1705996756550,0.276208,-0.169336,-0.826672,-14.56,-10.36,74.34,Noise,Unknown
1705996756550,0.186904,-0.182024,-0.87596,-13.58,-5.32,62.72,Noise,Unknown
1705996756594,0.116632,-0.202032,-0.88816,-16.24,-26.39,68.04,Noise,Unknown
1705996756594,0.064904,-0.191296,-0.915,-20.79,-58.17,76.02,Noise,Unknown
1705996756594,0.055632,-0.188368,-0.877424,-18.97,-81.2,74.13,Noise,Unknown
1705996756645,0.071736,-0.171288,-0.867176,-13.58,-86.03,59.29,Noise,Unknown
1705996756656,0.096136,-0.155184,-0.859856,-7.0,-76.3,44.38,Noise,Unknown
1705996756658,0.103944,-0.132736,-0.852536,-1.61,-68.88,38.64,Noise,Unknown
1705996756689,0.102968,-0.084912,-0.852536,-0.91,-62.16,40.67,Noise,Unknown
1705996756690,0.04148,-0.081496,-0.843752,-3.85,-52.36,41.3,Noise,Unknown
1705996756739,-0.016592,-0.162992,-0.872544,-6.79,-47.18,37.17,Noise,Unknown
1705996756739,-0.06832,-0.217648,-0.93452,-4.97,-55.23,38.5,Noise,Unknown
1705996756739,-0.08784,-0.223016,-0.94916,-2.66,-76.37,41.3,Noise,Unknown
1705996756859,-0.04392,-0.189832,-0.93208,0.49,-90.79,43.54,Noise,Unknown
1705996756859,0.023424,-0.14884,-0.882792,5.95,-84.0,39.34,Noise,Unknown
1705996756859,0.029768,-0.103944,-0.852536,8.61,-56.28,35.07,Noise,Unknown
1705996756860,-0.005368,-0.110776,-0.83692,7.42,-29.4,38.22,Noise,Unknown
1705996756860,-0.076128,-0.107848,-0.845216,2.45,-12.81,45.36,Noise,Unknown
1705996756860,-0.179096,-0.116632,-0.862296,-4.62,-7.49,47.46,Noise,Unknown
1705996756860,-0.252296,-0.116144,-0.903776,-13.09,-15.4,45.08,Noise,Unknown
1705996756908,-0.297192,-0.155184,-0.9394,-19.32,-35.63,38.71,Noise,Unknown
1705996756909,-0.282064,-0.19032,-0.935984,-19.6,-57.4,32.83,Noise,Unknown
1705996756909,-0.252784,-0.198128,-0.91988,-16.52,-69.37,22.26,Noise,Unknown
1705996757044,-0.18544,-0.142008,-0.904264,-12.95,-65.8,12.74,Noise,Unknown
1705996757045,-0.140544,-0.150304,-0.907192,-9.31,-51.31,13.44,Noise,Unknown
1705996757045,-0.162016,-0.160064,-0.908656,-6.72,-38.22,17.99,Noise,Unknown
1705996757046,-0.196664,-0.140544,-0.913536,-3.43,-27.44,23.94,Noise,Unknown
1705996757046,-0.242536,-0.112728,-0.92476,-1.54,-24.01,23.03,Noise,Unknown
1705996757046,-0.259128,-0.099064,-0.930128,-2.73,-28.21,20.23,Noise,Unknown
1705996757046,-0.259128,-0.108336,-0.935008,-4.27,-35.63,18.2,Noise,Unknown
1705996757091,-0.248392,-0.1098,-0.934032,-6.16,-42.07,16.66,Noise,Unknown
1705996757091,-0.2562,-0.131272,-0.930616,-3.99,-42.7,15.82,Noise,Unknown
1705996757091,-0.289872,-0.129808,-0.914512,-1.54,-38.29,11.27,Noise,Unknown
1705996757092,-0.338672,-0.123464,-0.909632,1.19,-35.35,8.68,Noise,Unknown
1705996757148,-0.386008,-0.103456,-0.880352,-0.42,-37.31,6.37,Noise,Unknown
1705996757148,-0.437248,-0.061,-0.81496,-1.54,-44.66,4.13,Noise,Unknown
1705996757149,-0.416264,-0.010736,-0.813496,-10.99,-50.82,-1.75,Noise,Unknown
1705996757201,-0.38064,-0.052216,-0.876448,-17.85,-49.07,-6.93,Noise,Unknown
1705996757201,-0.34404,-0.127368,-0.960384,-16.66,-47.6,-9.94,Noise,Unknown
1705996757202,-0.337208,-0.167384,-1.00284,-9.73,-50.89,-5.04,Noise,Unknown
1705996757251,-0.3538,-0.145424,-0.997472,-4.9,-61.6,5.46,Noise,Unknown
1705996757251,-0.338672,-0.142496,-0.950624,0.35,-64.89,5.88,Noise,Unknown
1705996757251,-0.330864,-0.158112,-0.909632,5.74,-56.63,1.89,Noise,Unknown
1705996757370,-0.349408,-0.153232,-0.903288,10.71,-44.73,-3.64,Noise,Unknown
1705996757370,-0.37332,-0.12688,-0.8784,11.62,-43.26,-3.15,Noise,Unknown
1705996757371,-0.459208,-0.074664,-0.85644,6.02,-47.53,-3.5,Noise,Unknown
1705996757371,-0.531432,-0.062464,-0.852048,-1.33,-53.48,-12.46,Noise,Unknown
1705996757371,-0.55388,-0.093696,-0.887184,-6.3,-59.43,-21.91,Noise,Unknown
1705996757371,-0.489464,-0.13176,-0.898408,-7.98,-66.36,-23.31,Noise,Unknown
1705996757371,-0.40748,-0.15128,-0.894504,-7.98,-66.5,-17.29,Noise,Unknown
1705996757415,-0.342088,-0.1586,-0.870592,-6.79,-63.0,-3.57,Noise,Unknown
1705996757416,-0.351848,-0.135664,-0.84668,-5.88,-55.44,10.15,Noise,Unknown
1705996757416,-0.46116,-0.0976,-0.815448,-7.49,-45.64,17.36,Noise,Unknown
1705996757463,-0.59292,-0.094672,-0.769088,-9.31,-43.89,12.18,Noise,Unknown
1705996757463,-0.670512,-0.103944,-0.759328,-13.09,-49.21,-1.47,Noise,Unknown
1705996757463,-0.648064,-0.154208,-0.810568,-12.6,-53.97,-16.24,Noise,Unknown
1705996757509,-0.582184,-0.165432,-0.842776,-7.84,-60.13,-21.49,Noise,Unknown
1705996757509,-0.513376,-0.149816,-0.816424,-3.22,-62.44,-16.87,Noise,Unknown
1705996757510,-0.452864,-0.120048,-0.799344,0.56,-54.32,-7.63,Noise,Unknown
1705996757557,-0.496296,-0.112728,-0.79544,2.94,-42.07,4.62,Noise,Unknown
1705996757557,-0.59536,-0.113704,-0.77104,4.83,-34.44,12.53,Noise,Unknown
1705996757558,-0.701256,-0.113216,-0.720776,6.02,-33.74,11.48,Noise,Unknown
1705996757603,-0.732,-0.107848,-0.699304,3.29,-40.6,3.29,Noise,Unknown
1705996757604,-0.666608,-0.108824,-0.707112,1.26,-45.08,-5.6,Noise,Unknown
1705996757660,-0.609512,-0.101016,-0.728584,0.91,-42.14,-9.45,Noise,Unknown
1705996757660,-0.59292,-0.099064,-0.752496,1.19,-37.52,-6.44,Noise,Unknown
1705996757660,-0.625616,-0.142008,-0.762256,1.89,-34.44,-1.19,Noise,Unknown
1705996757720,-0.651968,-0.149816,-0.766648,5.95,-30.66,-0.28,Noise,Unknown
1705996757724,-0.690032,-0.159088,-0.740296,10.01,-33.32,0.7,Noise,Unknown
1705996757725,-0.704184,-0.149328,-0.709552,11.34,-38.64,-0.49,Noise,Unknown
1705996757726,-0.696864,-0.128344,-0.675392,10.92,-42.28,-2.38,Noise,Unknown
1705996757759,-0.676856,-0.119072,-0.64172,8.05,-42.91,-0.98,Noise,Unknown
1705996757760,-0.662216,-0.103456,-0.621712,4.13,-37.24,1.47,Noise,Unknown
1705996757806,-0.711016,-0.065392,-0.61976,-0.14,-29.19,5.32,Noise,Unknown
1705996757806,-0.73688,-0.094672,-0.61,-4.27,-23.94,1.68,Noise,Unknown
1705996757806,-0.731512,-0.121024,-0.608048,-6.65,-21.28,0.07,Noise,Unknown
1705996757851,-0.709552,-0.119072,-0.605608,-10.08,-17.85,-2.03,Noise,Unknown
1705996757853,-0.683688,-0.125904,-0.623664,-8.96,-16.1,1.33,Noise,Unknown
1705996757853,-0.711504,-0.113704,-0.631472,-8.33,-12.95,2.59,Noise,Unknown
1705996757899,-0.737368,-0.116632,-0.66612,-6.79,-12.11,1.96,Noise,Unknown
1705996757899,-0.765184,-0.12932,-0.687592,-5.39,-15.54,2.31,Noise,Unknown
1705996757899,-0.767624,-0.137616,-0.68076,-1.75,-17.36,1.82,Noise,Unknown
1705996757946,-0.754448,-0.123952,-0.655872,1.96,-17.08,1.47,Noise,Unknown
1705996757946,-0.747128,-0.095648,-0.599264,3.08,-15.61,2.38,Noise,Unknown
1705996757992,-0.738832,-0.080032,-0.563152,-0.63,-12.81,1.12,Noise,Unknown
1705996757992,-0.744688,-0.050264,-0.587064,-4.69,-9.52,0.14,Noise,Unknown
1705996757992,-0.78568,-0.093696,-0.622688,-6.44,-7.98,-4.76,Noise,Unknown
1705996758039,-0.788608,-0.136152,-0.645136,-4.76,-11.69,-6.44,Noise,Unknown
1705996758039,-0.756888,-0.142984,-0.648064,-1.05,-12.95,-7.98,Noise,Unknown
1705996758040,-0.711016,-0.168848,-0.60512,4.06,-12.04,-5.53,Noise,Unknown
1705996758090,-0.671,-0.15616,-0.52216,8.82,-4.2,-1.47,Noise,Unknown
1705996758090,-0.662704,-0.101016,-0.439688,6.72,8.82,2.73,Noise,Unknown
1705996758091,-0.66368,-0.026352,-0.401624,-1.47,24.64,4.97,Noise,Unknown
1705996758190,-0.689544,0.000976,-0.443104,-11.76,43.26,1.96,Noise,Unknown
1705996758190,-0.726632,-0.03416,-0.523136,-19.32,55.44,-1.4,Noise,Unknown
1705996758192,-0.729072,-0.060512,-0.601704,-19.6,63.21,-7.63,Noise,Unknown
1705996758192,-0.724192,-0.114192,-0.641232,-15.47,66.85,-14.42,Noise,Unknown
1705996758192,-0.704184,-0.200568,-0.686128,-10.85,64.89,-15.75,Noise,Unknown
1705996758192,-0.663192,-0.232776,-0.72956,-3.36,61.46,-11.34,Noise,Unknown
1705996758254,-0.591944,-0.218136,-0.735416,5.53,63.77,-5.81,Noise,Unknown
1705996758257,-0.535824,-0.162992,-0.708576,13.72,75.25,-1.68,Noise,Unknown
1705996758258,-0.528504,-0.05368,-0.660264,16.45,94.22,3.78,Noise,Unknown
1705996758291,-0.572424,-0.00976,-0.66612,6.51,103.6,3.29,Noise,Unknown
1705996758291,-0.58804,-0.052216,-0.708088,-7.42,104.16,1.75,Noise,Unknown
1705996758291,-0.568032,-0.131272,-0.792512,-11.97,107.59,-4.2,Noise,Unknown
1705996758335,-0.55144,-0.1708,-0.848144,-10.71,106.75,-4.48,Noise,Unknown
1705996758336,-0.559248,-0.1464,-0.886208,-6.37,104.44,-4.41,Noise,Unknown
1705996758381,-0.489952,-0.139568,-0.904264,-2.66,101.85,-5.95,Noise,Unknown
1705996758382,-0.415288,-0.125904,-0.94916,-0.49,98.91,-6.02,Noise,Unknown
1705996758382,-0.35136,-0.159088,-0.94428,1.61,96.32,0.07,Noise,Unknown
1705996758427,-0.318176,-0.162504,-0.937936,2.38,90.79,10.01,Noise,Unknown
1705996758428,-0.333792,-0.137616,-0.890112,5.11,94.29,17.36,Noise,Unknown
1705996758428,-0.34404,-0.079056,-0.867176,2.87,101.78,35.7,Noise,Unknown
1705996758475,-0.363072,-0.052704,-0.860344,-2.52,106.4,15.82,Noise,Unknown
1705996758475,-0.376248,-0.065392,-0.879864,-7.35,107.66,10.15,Noise,Unknown
1705996758519,-0.350872,-0.114192,-0.890112,-10.22,100.66,5.11,Noise,Unknown
1705996758520,-0.292312,-0.14152,-0.91744,-7.84,96.32,2.66,Noise,Unknown
1705996758520,-0.208864,-0.166408,-0.936472,-0.63,97.23,5.39,Noise,Unknown
1705996758570,-0.179096,-0.120536,-0.959408,8.96,104.51,5.88,Noise,Unknown
1705996758570,-0.166896,-0.106872,-0.999424,20.93,118.02,7.14,Noise,Unknown
1705996758570,-0.176168,-0.081496,-0.9882,28.63,117.04,15.33,Noise,Unknown
1705996758702,-0.189832,-0.024888,-0.947208,31.15,113.75,18.2,Noise,Unknown
1705996758702,-0.184952,-0.025376,-0.924272,30.52,112.91,13.51,Noise,Unknown
1705996758703,-0.18056,-0.061488,-0.903288,30.66,115.08,7.63,Noise,Unknown
1705996758703,-0.172264,-0.082472,-0.889136,30.87,118.16,-1.05,Noise,Unknown
1705996758703,-0.147376,-0.11956,-0.918904,30.45,116.83,-12.95,Noise,Unknown
1705996758703,-0.142984,-0.152744,-0.936472,31.15,106.96,-19.95,Noise,Unknown
1705996758704,-0.12688,-0.14152,-0.931104,31.15,91.35,-27.86,Noise,Unknown
1705996758755,-0.100528,-0.149328,-0.913048,31.29,74.2,-37.8,Noise,Unknown
1705996758756,-0.047824,-0.158112,-0.88572,30.1,57.61,-48.02,Noise,Unknown
1705996758756,0.04392,-0.200568,-0.857904,27.65,46.13,-54.74,Noise,Unknown
1705996758756,0.120536,-0.223016,-0.809104,26.6,44.73,-57.19,Noise,Unknown
1705996758806,0.170312,-0.201544,-0.781776,26.88,54.11,-61.18,Noise,Unknown
1705996758806,0.182024,-0.166408,-0.794464,21.7,65.1,-67.83,Noise,Unknown
1705996758906,0.199592,-0.144936,-0.830088,14.42,65.24,-70.98,Noise,Unknown
1705996758907,0.220088,-0.152744,-0.895968,7.0,55.37,-71.96,Noise,Unknown
1705996758908,0.248392,-0.201056,-0.931592,2.87,40.6,-72.8,Noise,Unknown
1705996758908,0.283528,-0.257176,-0.935984,3.71,26.32,-73.22,Noise,Unknown
1705996758908,0.300608,-0.275232,-0.935984,7.91,12.81,-73.29,Noise,Unknown
1705996758908,0.332816,-0.243024,-0.91256,8.61,-0.42,-69.86,Noise,Unknown
1705996758958,0.4026,-0.21228,-0.887184,6.02,-5.46,-68.39,Noise,Unknown
1705996758959,0.449936,-0.184464,-0.872056,3.64,6.3,-68.6,Noise,Unknown
1705996758959,0.486536,-0.182024,-0.883768,3.22,30.17,-69.51,Noise,Unknown
1705996758959,0.483608,-0.205448,-0.911096,5.53,50.54,-71.82,Noise,Unknown
1705996759005,0.448472,-0.218624,-0.938912,7.56,54.18,-70.28,Noise,Unknown
1705996759005,0.438712,-0.21228,-0.94916,8.75,39.9,-67.9,Noise,Unknown
1705996759052,0.453352,-0.176168,-0.950136,9.03,16.87,-63.63,Noise,Unknown
1705996759052,0.502152,-0.15372,-0.945256,5.11,-3.92,-58.31,Noise,Unknown
1705996759052,0.553392,-0.147376,-0.955504,2.31,-14.07,-52.99,Noise,Unknown
1705996759099,0.60512,-0.141032,-0.973072,0.49,-13.86,-44.38,Noise,Unknown
1705996759099,0.6222,-0.134688,-0.992104,4.97,-3.92,-35.91,Noise,Unknown
1705996759100,0.628056,-0.153232,-0.989664,9.52,12.39,-30.52,Noise,Unknown
1705996759146,0.593408,-0.175192,-0.974536,14.0,30.45,-27.09,Noise,Unknown
1705996759147,0.552416,-0.167384,-0.969656,18.06,42.28,-27.23,Noise,Unknown
1705996759147,0.51972,-0.144936,-0.96624,20.79,46.48,-32.27,Noise,Unknown
1705996759197,0.5124,-0.133224,-0.953064,19.32,42.63,-41.65,Noise,Unknown
1705996759198,0.5124,-0.115168,-0.965264,12.88,29.12,-47.18,Noise,Unknown
1705996759198,0.550952,-0.138592,-0.955504,5.88,10.5,-47.67,Noise,Unknown
1705996759320,0.596824,-0.148352,-0.943304,0.21,-5.11,-41.44,Noise,Unknown
1705996759320,0.632448,-0.168848,-0.918904,-2.1,-11.48,-29.12,Noise,Unknown
1705996759321,0.638304,-0.152744,-0.88084,-3.36,-4.2,-12.67,Noise,Unknown
1705996759323,0.593896,-0.120536,-0.871568,-3.29,14.77,-5.39,Noise,Unknown
1705996759324,0.547536,-0.11712,-0.880352,-1.68,33.46,-8.4,Noise,Unknown
1705996759324,0.510448,-0.149816,-0.930616,2.38,44.94,-14.14,Noise,Unknown
1705996759324,0.49288,-0.17568,-0.948184,7.63,37.94,-15.82,Noise,Unknown
1705996759360,0.50264,-0.135664,-0.941352,10.43,20.16,-12.74,Noise,Unknown
1705996759360,0.514352,-0.122976,-0.88816,10.78,0.56,-9.52,Noise,Unknown
1705996759406,0.518256,-0.099064,-0.84912,7.21,-10.57,-7.7,Noise,Unknown
1705996759406,0.544608,-0.105896,-0.825208,2.66,-13.79,-8.89,Noise,Unknown
1705996759407,0.563152,-0.108336,-0.831552,-1.47,-8.54,-10.5,Noise,Unknown
1705996759453,0.585112,-0.136152,-0.856928,-3.43,0.14,-13.79,Noise,Unknown
1705996759453,0.587552,-0.173728,-0.881816,-2.17,7.14,-15.82,Noise,Unknown
1705996759453,0.594384,-0.193248,-0.870104,2.38,6.72,-12.32,Noise,Unknown
1705996759503,0.586088,-0.172752,-0.8418,6.58,2.1,-4.9,Noise,Unknown
1705996759503,0.57096,-0.133712,-0.79544,5.67,-1.61,1.4,Noise,Unknown
1705996759503,0.560224,-0.102968,-0.762744,0.28,-1.61,6.02,Noise,Unknown
1705996759550,0.545096,-0.052704,-0.765184,-8.82,1.82,9.03,Noise,Unknown
1705996759550,0.530944,-0.0732,-0.79544,-16.03,7.91,5.67,Noise,Unknown
1705996759599,0.531432,-0.12688,-0.828624,-19.6,12.46,3.99,Noise,Unknown
1705996759600,0.52948,-0.178608,-0.862296,-16.94,13.86,2.73,Noise,Unknown
1705996759601,0.535336,-0.1952,-0.874496,-11.2,11.27,2.94,Noise,Unknown
1705996759724,0.532896,-0.178608,-0.878888,-6.09,6.79,4.27,Noise,Unknown
1705996759724,0.544608,-0.143472,-0.848144,-0.42,2.31,4.48,Noise,Unknown
1705996759725,0.54412,-0.110288,-0.815448,0.0,2.31,4.2,Noise,Unknown
1705996759725,0.521672,-0.08296,-0.804224,-2.94,3.5,4.06,Noise,Unknown
1705996759726,0.786168,-0.094672,-1.002352,17.22,34.23,7.84,Noise,Unknown
1705996759726,0.623664,-0.174704,-0.957456,-11.13,-7.49,2.59,Noise,Unknown
1705996759727,0.518256,-0.091256,-0.908168,4.41,17.5,1.96,Noise,Unknown
1705996759829,0.515328,-0.144448,-0.884744,-2.66,-0.07,-4.41,Noise,Unknown
1705996759829,0.609024,-0.186416,-0.787632,7.98,2.73,1.82,Noise,Unknown
1705996759829,0.558272,-0.15616,-0.697352,4.48,-8.4,-2.17,Noise,Unknown
1705996759829,0.664168,-0.176656,-0.818376,13.65,6.79,-0.77,Noise,Unknown
1705996759830,0.5734,-0.15616,-0.825696,10.78,21.7,2.17,Noise,Unknown
1705996759830,0.274744,-0.073688,-1.047248,14.56,29.82,3.43,Noise,Unknown
1705996759830,0.425048,-0.047824,-0.837896,12.04,-3.85,13.58,Noise,Unknown
1705996759886,0.530944,-0.12688,-0.752984,-9.24,-14.21,14.21,Noise,Unknown
1705996759887,0.521184,-0.18544,-0.847656,-2.73,-3.5,12.67,Noise,Unknown
1705996759887,0.5368,-0.154696,-0.813008,-4.9,-0.14,3.71,Noise,Unknown
1705996759937,0.548024,-0.164944,-0.816424,-0.91,-4.41,12.39,Noise,Unknown
1705996759938,0.600728,-0.254248,-1.04676,-7.07,1.75,9.24,Noise,Unknown
1705996759938,0.55876,-0.169824,-0.804224,-11.69,2.94,12.95,Noise,Unknown
1705996760033,0.565592,-0.15128,-0.818864,-7.7,1.33,7.28,Noise,Unknown
1705996760033,0.520696,-0.23912,-0.819352,-26.04,6.37,31.99,Noise,Unknown
1705996760033,0.528016,-0.181536,-0.811056,-4.48,0.35,2.59,Noise,Unknown
1705996760034,0.541192,-0.1586,-0.815448,-1.26,-0.84,-2.31,Noise,Unknown
1705996760034,0.547048,-0.160552,-0.817888,-1.54,-1.12,-2.24,Noise,Unknown
1705996760034,0.542656,-0.164944,-0.8174,-1.26,-1.12,-2.24,Noise,Unknown
1705996760135,0.53192,-0.169336,-0.815448,-1.54,-1.54,-2.38,Noise,Unknown
1705996760136,0.538752,-0.161528,-0.81496,-1.26,-0.84,-2.24,Noise,Unknown
1705996760137,0.539728,-0.16836,-0.821304,-1.4,-0.77,-2.31,Noise,Unknown
1705996760137,0.543144,-0.165432,-0.81984,-1.26,-0.56,-2.31,Noise,Unknown
1705996760137,0.542168,-0.164944,-0.814472,-1.05,-0.77,-2.38,Noise,Unknown
1705996760137,0.540704,-0.162504,-0.813984,-1.54,-0.7,-2.31,Noise,Unknown
1705996760183,0.539728,-0.163968,-0.815448,-1.05,-1.12,-2.38,Noise,Unknown
1705996760183,0.541192,-0.1586,-0.816912,-1.47,-0.98,-2.24,Noise,Unknown
1705996760183,0.540704,-0.16836,-0.818864,-1.26,-0.7,-2.38,Noise,Unknown
1705996760234,0.54168,-0.166408,-0.821792,-1.33,-0.77,-2.31,Noise,Unknown
1705996760234,0.540216,-0.16592,-0.819352,-1.47,-0.77,-2.17,Noise,Unknown
1705996760340,0.534848,-0.159088,-0.81984,-1.4,-0.98,-2.24,Noise,Unknown
1705996760340,0.535336,-0.164944,-0.815936,-1.47,-0.84,-2.38,Noise,Unknown
1705996760340,0.5368,-0.161528,-0.809592,-1.19,-0.56,-2.24,Noise,Unknown
1705996760340,0.542168,-0.161528,-0.81252,-1.26,-0.77,-2.24,Noise,Unknown
1705996760341,0.542656,-0.164456,-0.813984,-1.47,-0.84,-2.31,Noise,Unknown
1705996760341,0.54168,-0.162504,-0.813008,-1.54,-0.77,-2.38,Noise,Unknown
1705996760341,0.539728,-0.162016,-0.813984,-1.4,-0.98,-2.24,Noise,Unknown
1705996760387,0.540704,-0.165432,-0.81984,-0.98,-0.98,-2.24,Noise,Unknown
1705996760387,0.53924,-0.169824,-0.815448,-1.26,-0.91,-2.38,Noise,Unknown
1705996760387,0.538752,-0.16348,-0.81496,-1.33,-0.84,-2.17,Noise,Unknown
1705996760433,0.542656,-0.16592,-0.8174,-1.61,-0.63,-2.38,Noise,Unknown
1705996760433,0.53924,-0.16348,-0.815448,-1.54,-0.7,-2.31,Noise,Unknown
1705996760479,0.535824,-0.161528,-0.808616,-1.33,-0.77,-2.31,Noise,Unknown
1705996760480,0.540704,-0.167384,-0.816912,-1.26,-0.84,-2.31,Noise,Unknown
1705996760480,0.545096,-0.167384,-0.816912,-1.54,-0.56,-2.17,Noise,Unknown
1705996760527,0.537288,-0.164944,-0.814472,-1.19,-0.7,-1.96,Noise,Unknown
1705996760527,0.53924,-0.167384,-0.8174,-1.33,-0.77,-2.24,Noise,Unknown
1705996760528,0.54168,-0.162992,-0.813984,-1.4,-0.84,-2.24,Noise,Unknown
1705996760572,0.53924,-0.167384,-0.818376,-0.77,-0.7,-2.03,Noise,Unknown
1705996760573,0.539728,-0.161528,-0.81252,-1.4,-0.84,-2.38,Noise,Unknown
1705996760573,0.545096,-0.159576,-0.813984,-1.47,-0.98,-2.31,Noise,Unknown
1705996772282,0.532896,-0.167872,-0.822768,-2.03,0.07,-2.45,Noise,Unknown
1705996772282,0.530456,-0.17324,-0.817888,-1.19,-0.77,-2.31,Noise,Unknown
1705996772282,0.537776,-0.162992,-0.815936,-1.47,-0.77,-2.38,Noise,Unknown
1705996772282,0.5368,-0.15616,-0.813984,-1.12,-0.77,-2.38,Noise,Unknown
1705996772284,0.545096,-0.157624,-0.814472,-1.19,-0.77,-2.38,Noise,Unknown
1705996772284,0.541192,-0.157624,-0.808128,-1.19,-0.84,-2.1,Noise,Unknown
1705996772287,0.543632,-0.159576,-0.813984,-1.47,-0.98,-2.24,Noise,Unknown
1705996772420,0.542168,-0.162992,-0.815936,-1.54,-0.84,-2.17,Noise,Unknown
1705996772421,0.532896,-0.166896,-0.818864,-0.98,-1.26,-2.31,Noise,Unknown
1705996772421,0.531432,-0.164944,-0.820328,-1.4,-1.05,-2.31,Noise,Unknown
1705996772422,0.537776,-0.162992,-0.8174,-1.33,-0.77,-2.17,Noise,Unknown
1705996772422,0.53924,-0.157136,-0.815448,-1.33,-0.84,-2.38,Noise,Unknown
1705996772422,0.542656,-0.156648,-0.816912,-1.47,-0.77,-2.38,Noise,Unknown
1705996772422,0.545096,-0.160552,-0.818864,-1.33,-0.84,-2.17,Noise,Unknown
1705996772422,0.545096,-0.158112,-0.816424,-1.4,-0.98,-2.17,Noise,Unknown
1705996772525,0.540216,-0.165432,-0.818376,-1.26,-0.91,-2.17,Noise,Unknown
1705996772525,0.539728,-0.169336,-0.82228,-1.54,-0.98,-2.38,Noise,Unknown
1705996772526,0.537776,-0.16104,-0.812032,-1.19,-0.84,-2.24,Noise,Unknown
1705996772526,0.541192,-0.162992,-0.811056,-1.19,-0.91,-2.45,Noise,Unknown
1705996772526,0.537776,-0.1586,-0.817888,-1.33,-0.84,-2.31,Noise,Unknown
1705996772526,0.543144,-0.160552,-0.816424,-1.68,-0.7,-2.17,Noise,Unknown
1705996772527,0.544608,-0.162992,-0.820328,-1.54,-0.91,-2.31,Noise,Unknown
1705996772575,0.542656,-0.160552,-0.811056,-1.47,-1.05,-2.31,Noise,Unknown
1705996772575,0.541192,-0.162992,-0.816424,-1.12,-0.91,-2.17,Noise,Unknown
1705996772576,0.538264,-0.162016,-0.818376,-1.33,-0.84,-2.17,Noise,Unknown
1705996772626,0.535336,-0.166896,-0.818864,-1.26,-0.98,-2.31,Noise,Unknown
1705996772626,0.537288,-0.16836,-0.820816,-1.47,-0.7,-2.38,Noise,Unknown
1705996772729,0.542168,-0.162016,-0.81252,-1.4,-0.77,-2.52,Noise,Unknown
1705996772730,0.542656,-0.1586,-0.814472,-1.61,-0.56,-2.38,Noise,Unknown
1705996772730,0.540216,-0.155184,-0.820328,-1.54,-0.7,-2.38,Noise,Unknown
1705996772730,0.545584,-0.164456,-0.813496,-1.4,-0.84,-2.24,Noise,Unknown
1705996772730,0.542168,-0.162504,-0.817888,-1.61,-0.77,-2.24,Noise,Unknown
1705996772730,0.537288,-0.163968,-0.821792,-1.4,-0.91,-2.17,Noise,Unknown
1705996772731,0.537776,-0.168848,-0.81984,-1.12,-0.98,-2.38,Noise,Unknown
1705996772776,0.538264,-0.160552,-0.81496,-1.33,-0.84,-2.38,Noise,Unknown
1705996772777,0.537776,-0.164944,-0.816912,-1.26,-0.77,-2.31,Noise,Unknown
1705996772778,0.543632,-0.160552,-0.813984,-1.4,-0.84,-2.31,Noise,Unknown
1705996772824,0.542656,-0.1586,-0.811544,-1.47,-0.84,-2.38,Noise,Unknown
1705996772825,0.545096,-0.159576,-0.81252,-1.26,-0.84,-2.17,Noise,Unknown
1705996772870,0.540704,-0.158112,-0.815448,-1.33,-0.77,-2.1,Noise,Unknown
1705996772872,0.533872,-0.164944,-0.813984,-1.33,-0.91,-2.17,Noise,Unknown
1705996772872,0.532408,-0.162016,-0.818864,-1.4,-0.7,-2.38,Noise,Unknown
1705996772920,0.538264,-0.164456,-0.813008,-1.54,-0.77,-2.03,Noise,Unknown
1705996772920,0.541192,-0.162016,-0.81984,-1.26,-0.98,-2.38,Noise,Unknown
1705996772921,0.542656,-0.159576,-0.815936,-1.12,-0.7,-2.17,Noise,Unknown
1705996773038,0.539728,-0.162504,-0.816424,-0.21,-1.05,-1.54,Noise,Unknown
1705996773039,0.541192,-0.164456,-0.816424,-1.4,-0.84,-2.31,Noise,Unknown
1705996773039,0.537776,-0.16104,-0.813984,-1.54,-0.84,-2.24,Noise,Unknown
1705996773039,0.542168,-0.161528,-0.815936,-1.47,-0.84,-2.24,Noise,Unknown
1705996773039,0.537776,-0.167872,-0.822768,-1.26,-0.91,-2.31,Noise,Unknown
1705996773039,0.541192,-0.164456,-0.818864,-1.4,-0.77,-2.17,Noise,Unknown
1705996773039,0.536312,-0.165432,-0.816912,-1.33,-0.7,-2.31,Noise,Unknown
1705996773086,0.540216,-0.166896,-0.820816,-1.26,-1.19,-2.52,Noise,Unknown
1705996773086,0.540216,-0.161528,-0.809104,-1.33,-0.77,-2.38,Noise,Unknown
1705996773086,0.535336,-0.162016,-0.81496,-1.12,-0.98,-2.38,Noise,Unknown
1705996773131,0.543144,-0.160064,-0.817888,-1.33,-0.91,-2.24,Noise,Unknown
1705996773131,0.54656,-0.161528,-0.818376,-1.4,-0.98,-2.17,Noise,Unknown
1705996773178,0.539728,-0.163968,-0.816912,-1.54,-1.05,-2.24,Noise,Unknown
1705996773178,0.538264,-0.164456,-0.815448,-1.4,-1.05,-2.17,Noise,Unknown
1705996773179,0.535824,-0.16348,-0.817888,-1.33,-0.84,-2.38,Noise,Unknown
1705996773225,0.537776,-0.16348,-0.813984,-1.33,-0.77,-2.1,Noise,Unknown
1705996773225,0.543144,-0.166896,-0.815448,-1.54,-0.84,-2.24,Noise,Unknown
1705996773225,0.538752,-0.157624,-0.813984,-1.26,-0.84,-2.17,Noise,Unknown
1705996773273,0.546072,-0.159576,-0.817888,-3.15,-1.26,-2.31,Noise,Unknown
1705996773273,0.539728,-0.159576,-0.816424,-1.4,-0.91,-2.24,Noise,Unknown
1705996773274,0.54412,-0.162504,-0.818864,-1.47,-0.91,-2.17,Noise,Unknown
1705996773326,0.541192,-0.1708,-0.81984,-0.63,-0.91,-2.03,Noise,Unknown
1705996773326,0.53192,-0.166408,-0.8174,-1.19,-0.7,-2.1,Noise,Unknown
1705996773438,0.535824,-0.162504,-0.819352,-1.47,-0.77,-2.17,Noise,Unknown
1705996773439,0.54656,-0.161528,-0.809592,-1.75,-0.63,-2.59,Noise,Unknown
1705996773440,0.538264,-0.16348,-0.811056,-1.33,-0.91,-2.24,Noise,Unknown
1705996773440,0.542168,-0.160552,-0.812032,-1.26,-0.84,-2.31,Noise,Unknown
1705996773441,0.545096,-0.155672,-0.811544,-1.26,-0.77,-2.17,Noise,Unknown
1705996773441,0.539728,-0.16104,-0.811544,-1.33,-0.84,-2.24,Noise,Unknown
1705996773441,0.537776,-0.164944,-0.818376,-1.54,-0.84,-2.17,Noise,Unknown
1705996773489,0.542656,-0.167872,-0.823256,-1.12,-0.91,-2.17,Noise,Unknown
1705996773489,0.538752,-0.166408,-0.821792,-1.54,-0.7,-2.17,Noise,Unknown
1705996773490,0.539728,-0.162992,-0.81496,-1.4,-0.7,-2.31,Noise,Unknown
1705996773535,0.540216,-0.16104,-0.812032,-1.26,-0.77,-2.45,Noise,Unknown
1705996773536,0.540704,-0.155184,-0.816912,-1.33,-0.84,-2.31,Noise,Unknown
1705996773536,0.543144,-0.158112,-0.812032,-1.4,-0.84,-2.31,Noise,Unknown
1705996773582,0.546072,-0.160552,-0.81496,-1.47,-1.05,-2.45,Noise,Unknown
1705996773583,0.538752,-0.16592,-0.820328,-1.33,-0.84,-2.24,Scoop,Right
1705996773583,0.538752,-0.164456,-0.816912,-1.4,-0.84,-2.24,Scoop,Right
1705996773635,0.537776,-0.160552,-0.812032,-2.59,-0.56,-2.38,Scoop,Right
1705996773635,0.540704,-0.167872,-0.821792,-1.26,-0.84,-2.24,Scoop,Right
1705996773636,0.542168,-0.16104,-0.814472,-1.47,-0.91,-2.17,Scoop,Right
1705996773753,0.542168,-0.166408,-0.819352,0.98,-0.98,-1.54,Scoop,Right
1705996773754,0.539728,-0.161528,-0.816912,-1.4,-0.7,-2.31,Scoop,Right
1705996773754,0.540704,-0.16104,-0.813984,-1.33,-0.84,-2.24,Scoop,Right
1705996773754,0.538752,-0.162504,-0.811544,-1.19,-0.7,-2.03,Scoop,Right
1705996773754,0.538264,-0.165432,-0.820816,-1.26,-0.98,-2.24,Scoop,Right
1705996773754,0.538752,-0.159576,-0.815448,-1.4,-0.84,-2.24,Scoop,Right
1705996773754,0.541192,-0.167872,-0.81984,-1.4,-0.84,-2.17,Scoop,Right
1705996773798,0.53924,-0.159088,-0.809104,-2.17,-0.56,-2.52,Scoop,Right
1705996773800,0.543632,-0.1586,-0.815448,-1.54,-0.84,-2.38,Scoop,Right
1705996773800,0.543144,-0.160064,-0.818864,-1.47,-0.77,-2.24,Scoop,Right
1705996773845,0.540216,-0.162992,-0.816424,-1.19,-0.98,-2.1,Scoop,Right
1705996773846,0.53924,-0.16104,-0.812032,-1.54,-0.77,-2.17,Scoop,Right
1705996773891,0.533872,-0.162016,-0.822768,-1.26,-0.84,-2.17,Scoop,Right
1705996773892,0.533384,-0.169336,-0.817888,-1.4,-0.98,-2.45,Scoop,Right
1705996773892,0.542168,-0.163968,-0.816424,-1.19,-0.84,-2.31,Scoop,Right
1705996773938,0.542656,-0.162504,-0.81496,-2.52,-0.49,-2.8,Scoop,Right
1705996773938,0.540704,-0.160552,-0.811056,-1.26,-0.91,-2.38,Scoop,Right
1705996773938,0.547536,-0.154208,-0.81496,-1.54,-0.84,-2.24,Scoop,Right
1705996773984,0.54656,-0.16104,-0.813496,-0.98,-0.98,-2.1,Scoop,Right
1705996773984,0.543144,-0.165432,-0.817888,-1.4,-0.84,-2.24,Scoop,Right
1705996773985,0.540216,-0.16592,-0.818864,-1.19,-0.98,-2.17,Scoop,Right
1705996774030,0.539728,-0.165432,-0.816912,-1.4,-0.84,-2.17,Scoop,Right
1705996774031,0.538264,-0.162504,-0.813008,-1.4,-0.7,-2.17,Scoop,Right
1705996774078,0.54168,-0.16348,-0.816424,-1.26,-0.84,-2.31,Scoop,Right
1705996774078,0.540216,-0.159088,-0.811056,-1.26,-0.77,-2.24,Scoop,Right
1705996774078,0.54412,-0.157136,-0.816912,-1.33,-0.84,-2.24,Scoop,Right
1705996774124,0.54412,-0.164944,-0.818376,-1.33,-0.28,-2.94,Scoop,Right
1705996774125,0.540216,-0.160552,-0.816912,-1.12,-0.84,-2.17,Scoop,Right
1705996774125,0.543144,-0.164944,-0.816424,-1.19,-0.77,-2.1,Scoop,Right
1705996774170,0.536312,-0.164944,-0.81496,-1.75,-1.19,-2.45,Scoop,Right
1705996774170,0.540704,-0.1708,-0.82228,-1.4,-0.91,-2.31,Scoop,Right
1705996774218,0.535336,-0.164944,-0.821304,-1.4,-0.77,-2.38,Scoop,Right
1705996774220,0.543632,-0.16104,-0.811544,-1.26,-0.77,-2.31,Scoop,Right
1705996774220,0.543144,-0.160064,-0.813984,-1.26,-0.84,-2.45,Scoop,Right
1705996774264,0.542168,-0.157624,-0.8174,-1.47,-0.77,-2.31,Scoop,Right
1705996774264,0.541192,-0.161528,-0.813008,-1.4,-0.77,-2.45,Scoop,Right
1705996774264,0.54168,-0.162992,-0.815448,-1.26,-0.84,-2.1,Scoop,Right
1705996774310,0.543144,-0.16348,-0.812032,0.0,-0.7,-1.68,Scoop,Right
1705996774310,0.537288,-0.162504,-0.820328,-1.19,-0.98,-2.31,Scoop,Right
1705996774311,0.537288,-0.160064,-0.81496,-1.47,-0.7,-2.31,Scoop,Right
1705996774357,0.542168,-0.162016,-0.815448,-1.05,-1.05,-2.38,Scoop,Right
1705996774357,0.542168,-0.159088,-0.813008,-1.68,-0.84,-2.38,Scoop,Right
1705996774358,0.543144,-0.160064,-0.816424,-1.33,-0.84,-2.38,Scoop,Right
1705996774406,0.538264,-0.155672,-0.815448,-1.05,-0.98,-2.17,Scoop,Right
1705996774406,0.537776,-0.164456,-0.8174,-1.4,-0.91,-2.17,Scoop,Right
1705996774456,0.543144,-0.16348,-0.8174,-1.26,-0.84,-2.38,Scoop,Right
1705996774457,0.538264,-0.162016,-0.813984,-1.26,-0.91,-2.17,Scoop,Right
1705996774458,0.538264,-0.162016,-0.812032,-1.61,-0.7,-2.31,Scoop,Right
1705996774575,0.540216,-0.16104,-0.81252,-1.26,-0.7,-2.38,Scoop,Right
1705996774576,0.538752,-0.159576,-0.813496,-1.61,-1.05,-2.38,Scoop,Right
1705996774576,0.542168,-0.162992,-0.818376,-1.4,-0.7,-2.31,Scoop,Right
1705996774577,0.545096,-0.154208,-0.81008,-1.54,-0.77,-2.24,Scoop,Right
1705996774577,0.546072,-0.160552,-0.814472,-1.4,-0.91,-2.31,Scoop,Right
1705996774577,0.54168,-0.159576,-0.821792,-1.19,-0.91,-2.17,Scoop,Right
1705996774578,0.54168,-0.16836,-0.823256,-1.26,-1.05,-2.24,Scoop,Right
1705996774627,0.539728,-0.163968,-0.821304,-1.12,-0.91,-1.96,Scoop,Right
1705996774627,0.540704,-0.163968,-0.8174,-1.4,-0.77,-2.17,Scoop,Right
1705996774627,0.543144,-0.16348,-0.815936,-1.4,-0.7,-2.38,Scoop,Right
1705996774768,0.546072,-0.159088,-0.814472,-1.82,-0.49,-2.31,Scoop,Right
1705996774768,0.545584,-0.157624,-0.818376,-1.54,-0.77,-2.38,Scoop,Right
1705996774768,0.539728,-0.159576,-0.813496,-1.4,-0.77,-2.31,Scoop,Right
1705996774770,0.540704,-0.1586,-0.815448,-1.4,-0.98,-2.17,Scoop,Right
1705996774770,0.543632,-0.162992,-0.820328,-1.54,-0.77,-2.24,Scoop,Right
1705996774770,0.535824,-0.160552,-0.820328,-1.33,-0.91,-2.24,Scoop,Right
1705996774771,0.537776,-0.162504,-0.818864,-1.4,-0.84,-2.24,Scoop,Right
1705996774825,0.5368,-0.161528,-0.813496,-1.33,-0.56,-2.31,Scoop,Right
1705996774826,0.542168,-0.1586,-0.813008,-1.47,-0.84,-2.24,Scoop,Right
1705996774826,0.540704,-0.16104,-0.815448,-1.61,-0.77,-2.31,Scoop,Right
1705996774826,0.544608,-0.1586,-0.814472,-1.33,-0.91,-2.24,Scoop,Right
1705996774876,0.54412,-0.16104,-0.816424,-1.96,-0.63,-2.45,Scoop,Right
1705996774876,0.539728,-0.161528,-0.81496,-1.4,-0.84,-2.38,Scoop,Right
1705996774876,0.533384,-0.16348,-0.821304,-1.4,-0.84,-2.17,Scoop,Right
1705996774986,0.537288,-0.161528,-0.813984,-1.26,-0.77,-2.1,Scoop,Right
1705996774987,0.541192,-0.16836,-0.8174,-1.19,-0.84,-2.24,Scoop,Right
1705996774987,0.54412,-0.161528,-0.815936,-1.47,-0.77,-2.45,Scoop,Right
1705996774987,0.54412,-0.160064,-0.816424,-1.26,-0.77,-2.38,Scoop,Right
1705996774988,0.53924,-0.166896,-0.81984,-1.26,-0.77,-2.31,Scoop,Right
1705996774988,0.540216,-0.160552,-0.810568,-1.54,-0.77,-2.24,Scoop,Right
1705996775085,0.54412,-0.159576,-0.816912,-1.4,-0.84,-2.38,Scoop,Right
1705996775085,0.542656,-0.159088,-0.81496,-1.4,-0.7,-2.38,Scoop,Right
1705996775086,0.539728,-0.160552,-0.818376,-1.54,-0.98,-2.38,Scoop,Right
1705996775086,0.54168,-0.162504,-0.8174,-1.4,-0.63,-2.45,Scoop,Right
1705996775087,0.536312,-0.160064,-0.810568,-1.47,-0.91,-2.24,Scoop,Right
1705996775087,0.537776,-0.161528,-0.81496,-1.4,-0.84,-2.38,Scoop,Right
1705996775136,0.54168,-0.161528,-0.811544,-0.77,-0.91,-2.17,Scoop,Right
1705996775137,0.540704,-0.162016,-0.812032,-1.4,-0.77,-2.31,Scoop,Right
1705996775137,0.54412,-0.159576,-0.814472,-1.33,-0.84,-2.31,Scoop,Right
1705996775183,0.54168,-0.162992,-0.813984,-0.84,-0.77,-2.1,Scoop,Right
1705996775184,0.537776,-0.166896,-0.819352,-1.47,-0.91,-2.17,Scoop,Right
1705996775184,0.542656,-0.159088,-0.814472,-1.4,-0.7,-2.17,Scoop,Right
1705996775229,0.541192,-0.167384,-0.821304,-1.47,-0.91,-2.24,Scoop,Right
1705996775230,0.537776,-0.1586,-0.810568,-1.4,-0.98,-2.24,Scoop,Right
1705996775280,0.538752,-0.167384,-0.80764,-1.54,-0.77,-2.45,Scoop,Right
1705996775280,0.552904,-0.158112,-0.812032,-0.98,-0.84,-2.03,Scoop,Right
1705996775283,0.543632,-0.157624,-0.816912,-1.47,-0.98,-2.45,Scoop,Right
1705996775323,0.563152,-0.164944,-0.835944,-3.22,-0.35,-2.94,Scoop,Right
1705996775324,0.53924,-0.16348,-0.809592,-0.63,-4.06,-1.26,Scoop,Right
1705996775324,0.560224,-0.225456,-0.803248,7.35,-3.15,-14.14,Scoop,Right
1705996775379,0.561688,-0.223504,-0.765184,13.65,-5.39,-20.51,Scoop,Right
1705996775380,0.518744,-0.159088,-0.82228,7.77,-2.87,-13.02,Scoop,Right
1705996775380,0.518256,-0.125904,-0.843752,0.84,-1.75,-4.97,Scoop,Right
1705996775432,0.549976,-0.166408,-0.814472,-1.47,-0.84,-3.5,Scoop,Right
1705996775432,0.308904,0.00976,-0.984296,8.89,-3.78,-21.35,Scoop,Right
1705996775432,0.542656,0.085888,-0.82716,35.63,-16.45,-56.77,Scoop,Right
1705996775478,0.669536,-0.274256,-0.699304,32.34,-6.79,-46.27,Scoop,Right
1705996775478,0.506544,-0.254248,-0.811544,10.29,-1.05,-15.47,Scoop,Right
1705996775478,0.532896,-0.18788,-0.815448,-1.54,-0.35,-0.77,Scoop,Right
1705996775524,0.581208,-0.158112,-0.762256,-2.38,-0.42,0.63,Scoop,Right
1705996775525,0.659776,-0.1098,-0.75152,-13.23,3.29,16.66,Scoop,Right
1705996775525,0.53436,-0.023912,-0.845704,-15.26,0.21,17.29,Scoop,Right
1705996775570,0.635864,-0.0854,-1.05164,5.81,-27.16,3.64,Scoop,Right
1705996775570,0.7564,-0.074664,-1.083848,8.54,-50.4,-12.04,Scoop,Right
1705996775620,0.78812,-0.115656,-1.011136,0.7,-62.3,-31.29,Scoop,Right
1705996775620,0.865712,-0.083448,-0.87596,-0.98,-67.62,-43.19,Scoop,Right
1705996775620,0.91988,-0.098576,-0.91012,-10.57,-46.2,-43.05,Scoop,Right
1705996775700,0.772504,-0.155184,-0.97844,-11.97,-22.19,-32.9,Scoop,Right
1705996775701,0.671488,-0.168848,-1.0492,-14.42,-20.16,-20.37,Scoop,Right
1705996775701,0.71004,-0.199104,-1.108736,-10.78,-30.66,-1.82,Scoop,Right
1705996775701,0.72956,-0.19276,-1.094096,2.45,-40.74,12.67,Scoop,Right
1705996775701,0.678808,-0.137128,-1.068232,14.14,-49.77,20.23,Scoop,Right
1705996775806,0.627568,-0.130296,-1.005768,20.02,-53.62,20.16,Scoop,Right
1705996775807,0.503616,-0.171288,-0.992592,21.42,-53.27,20.51,Scoop,Right
1705996775807,0.418704,-0.218624,-0.94916,22.89,-54.88,31.5,Scoop,Right
1705996775812,0.422608,-0.216184,-0.930128,24.71,-59.01,46.97,Scoop,Right
1705996775812,0.399672,-0.2196,-0.98576,29.19,-62.51,56.07,Scoop,Right
1705996775813,0.310368,-0.207888,-0.987224,35.35,-74.62,56.14,Scoop,Right
1705996775849,0.283528,-0.210328,-0.974536,39.48,-90.72,47.74,Scoop,Right
1705996775849,0.258152,-0.189344,-0.897432,36.12,-96.74,35.28,Scoop,Right
1705996775850,0.276208,-0.231312,-0.847656,28.56,-73.01,26.25,Scoop,Right
1705996775895,0.262544,-0.264008,-0.845704,28.7,-77.14,24.78,Scoop,Right
1705996775896,0.220576,-0.264008,-0.866688,31.64,-69.44,27.37,Scoop,Right
1705996775896,0.17324,-0.250344,-0.861808,34.72,-69.16,30.24,Scoop,Right
1705996775942,0.166896,-0.203008,-0.81252,34.02,-70.28,26.53,Scoop,Right
1705996775942,0.190808,-0.172264,-0.770552,29.19,-63.98,18.34,Scoop,Right
1705996775988,0.136152,-0.210328,-0.779336,24.01,-53.27,8.61,Scoop,Right
1705996775988,0.057096,-0.27084,-0.798368,24.99,-47.6,2.73,Scoop,Right
1705996775988,-0.018056,-0.312808,-0.785192,24.71,-49.56,5.32,Scoop,Right
1705996776033,-0.047824,-0.366488,-0.782264,19.95,-51.73,15.75,Scoop,Right
1705996776033,-0.08296,-0.384544,-0.829112,19.67,-55.72,30.73,Scoop,Right
1705996776034,-0.047336,-0.364048,-0.829112,20.09,-60.62,35.91,Scoop,Right
1705996776079,-0.00732,-0.334768,-0.781288,20.86,-53.62,27.51,Scoop,Right
1705996776079,-0.030256,-0.30988,-0.772016,18.34,-37.1,13.09,Scoop,Right
1705996776126,-0.07564,-0.303048,-0.82472,14.42,-28.91,-0.28,Scoop,Right
1705996776127,-0.103456,-0.328912,-0.85156,6.65,-29.75,-8.19,Scoop,Right
1705996776128,-0.110288,-0.362096,-0.887184,2.8,-35.84,-4.62,Scoop,Right
1705996776173,-0.096624,-0.376248,-0.893528,2.31,-40.95,5.39,Scoop,Right
1705996776174,-0.148352,-0.389424,-0.922808,6.09,-49.63,19.53,Scoop,Right
1705996776174,-0.142984,-0.41236,-0.91744,6.93,-60.48,29.96,Scoop,Right
1705996776219,-0.141032,-0.430416,-0.898408,9.24,-64.61,31.5,Scoop,Right
1705996776220,-0.131272,-0.408944,-0.855952,13.02,-60.62,25.97,Scoop,Right
1705996776220,-0.1098,-0.408456,-0.864248,14.77,-50.75,17.01,Scoop,Right
1705996776266,-0.136152,-0.38796,-0.892064,17.08,-42.56,10.5,Scoop,Right
1705996776266,-0.154208,-0.387472,-0.915488,16.1,-40.6,11.13,Scoop,Right
1705996776313,-0.204472,-0.3904,-0.955504,13.93,-47.11,18.2,Scoop,Right
1705996776314,-0.246928,-0.37576,-0.931104,16.1,-59.29,27.16,Scoop,Right
1705996776314,-0.266448,-0.382104,-0.915,17.08,-69.3,34.58,Scoop,Right
1705996776359,-0.2806,-0.3782,-0.89304,19.18,-75.67,38.15,Scoop,Right
1705996776359,-0.269864,-0.376248,-0.843264,21.7,-75.53,34.44,Scoop,Right
1705996776359,-0.235216,-0.363072,-0.774944,21.42,-63.42,22.26,Scoop,Right
1705996776407,-0.214232,-0.384544,-0.803248,18.69,-47.39,8.4,Scoop,Right
1705996776407,-0.261568,-0.414312,-0.864736,20.16,-41.65,4.83,Scoop,Right
1705996776408,-0.3538,-0.430416,-0.876936,22.26,-52.22,15.96,Scoop,Right
1705996776454,-0.413336,-0.431392,-0.855952,27.93,-70.49,35.35,Scoop,Right
1705996776454,-0.457256,-0.417728,-0.84424,32.83,-86.38,54.53,Scoop,Right
1705996776502,-0.418216,-0.400648,-0.798856,35.56,-96.25,57.89,Scoop,Right
1705996776502,-0.373808,-0.38796,-0.748104,38.78,-92.54,47.04,Scoop,Right
1705996776503,-0.415288,-0.386984,-0.653432,39.06,-82.53,29.26,Scoop,Right
1705996776547,-0.365024,-0.438224,-0.649528,31.57,-65.45,14.42,Scoop,Right
1705996776547,-0.36356,-0.46116,-0.711016,29.12,-47.53,11.76,Scoop,Right
1705996776547,-0.426512,-0.424072,-0.764208,30.24,-43.12,22.96,Scoop,Right
1705996776602,-0.476288,-0.410896,-0.762744,31.78,-49.91,37.94,Scoop,Right
1705996776603,-0.518744,-0.411384,-0.784216,33.88,-56.91,48.93,Scoop,Right
1705996776603,-0.598776,-0.393328,-0.764208,39.76,-72.38,46.48,Scoop,Right
1705996776728,-0.637328,-0.378688,-0.546072,38.99,-78.68,33.88,Scoop,Right
1705996776728,-0.568032,-0.35624,-0.529968,22.26,-63.49,18.97,Scoop,Right
1705996776728,-0.54656,-0.427488,-0.579256,13.3,-40.88,7.49,Scoop,Right
1705996776729,-0.588528,-0.474336,-0.6466,11.27,-28.91,4.2,Scoop,Right
1705996776730,-0.601704,-0.511424,-0.696864,8.82,-32.06,11.62,Scoop,Right
1705996776730,-0.601704,-0.511424,-0.720776,9.03,-41.16,28.84,Scoop,Right
1705996776730,-0.613904,-0.46604,-0.696864,16.1,-49.07,43.26,Scoop,Right
1705996776782,-0.634888,-0.40504,-0.665144,23.24,-52.92,46.41,Scoop,Right
1705996776782,-0.709552,-0.357216,-0.621224,29.05,-55.51,37.17,Scoop,Right
1705996776783,-0.693936,-0.342088,-0.52948,30.38,-54.39,17.43,Scoop,Right
1705996776783,-0.646112,-0.34648,-0.487024,21.0,-39.55,0.84,Scoop,Right
1705996776830,-0.645624,-0.381128,-0.5368,14.7,-25.76,-8.26,Scoop,Right
1705996776830,-0.670024,-0.415776,-0.573888,12.67,-25.76,-9.31,Scoop,Right
1705996776890,-0.668072,-0.440664,-0.60024,9.8,-34.23,-0.56,Scoop,Right
1705996776895,-0.669536,-0.41968,-0.554856,8.68,-42.84,10.22,Scoop,Right
1705996776897,-0.668072,-0.388936,-0.504592,7.56,-42.7,11.69,Scoop,Right
1705996776924,-0.6954,-0.384544,-0.43676,9.38,-34.79,5.25,Scoop,Right
1705996776925,-0.693936,-0.408944,-0.453352,8.47,-23.31,-1.54,Scoop,Right
1705996776926,-0.716384,-0.42212,-0.486048,9.73,-17.92,-3.78,Scoop,Right
1705996776969,-0.708088,-0.4148,-0.488488,6.16,-15.96,-3.71,Scoop,Right
1705996776970,-0.708576,-0.421632,-0.504592,3.64,-15.75,-0.49,Scoop,Right
1705996776970,-0.715896,-0.39284,-0.494832,0.21,-17.57,0.91,Scoop,Right
1705996777016,-0.718824,-0.395768,-0.482632,-4.41,-19.74,3.08,Scoop,Right
1705996777017,-0.728584,-0.41968,-0.48068,-6.09,-19.25,1.47,Scoop,Right
1705996777063,-0.72468,-0.443104,-0.460672,-4.97,-16.59,0.42,Scoop,Right
1705996777063,-0.716384,-0.457744,-0.479216,-1.47,-12.11,0.42,Scoop,Right
1705996777064,-0.726144,-0.43676,-0.465552,1.82,-7.98,0.35,Scoop,Right
1705996777116,-0.721264,-0.39528,-0.449448,1.96,-3.85,-1.89,Scoop,Right
1705996777117,-0.715896,-0.347456,-0.432856,0.0,0.49,-6.16,Scoop,Right
1705996777117,-0.719312,-0.34404,-0.416752,-4.41,4.13,-9.59,Scoop,Right
1705996777237,-0.709552,-0.367952,-0.418216,-9.94,7.14,-13.3,Scoop,Right
1705996777238,-0.696864,-0.400648,-0.445056,-12.74,10.5,-14.84,Scoop,Right
1705996777238,-0.70028,-0.426024,-0.461648,-12.46,12.81,-14.49,Scoop,Right
1705996777238,-0.71248,-0.438224,-0.469456,-11.41,14.84,-12.81,Scoop,Right
1705996777238,-0.706136,-0.4514,-0.467016,-9.59,16.94,-11.41,Scoop,Right
1705996777238,-0.697352,-0.433832,-0.467504,-9.17,20.02,-9.45,Scoop,Right
1705996777238,-0.701256,-0.426512,-0.4758,-11.06,22.61,-7.56,Scoop,Right
1705996777341,-0.718824,-0.388448,-0.46604,-14.77,23.8,-8.12,Scoop,Right
1705996777341,-0.704184,-0.367952,-0.459696,-19.46,25.97,-12.95,Scoop,Right
1705996777341,-0.692472,-0.387472,-0.462136,-23.59,28.98,-19.25,Scoop,Right
1705996777341,-0.67344,-0.403088,-0.471408,-26.6,33.39,-23.45,Scoop,Right
1705996777341,-0.63196,-0.418216,-0.478728,-27.86,40.6,-25.06,Scoop,Right
1705996777342,-0.616832,-0.419192,-0.494832,-27.58,48.37,-25.76,Scoop,Right
1705996777394,-0.590968,-0.413336,-0.525576,-28.49,57.89,-24.15,Scoop,Right
1705996777396,-0.5978,-0.427,-0.559248,-28.14,64.68,-19.81,Scoop,Right
1705996777396,-0.596336,-0.408944,-0.589504,-28.42,70.07,-16.31,Scoop,Right
1705996777396,-0.581208,-0.39528,-0.615368,-28.98,76.16,-17.08,Scoop,Right
1705996777527,-0.558272,-0.38796,-0.64904,-29.47,83.16,-23.38,Scoop,Right
1705996777527,-0.53436,-0.428464,-0.682712,-29.82,85.19,-29.12,Scoop,Right
1705996777527,-0.55144,-0.455792,-0.737856,-29.96,83.37,-32.69,Scoop,Right
1705996777528,-0.5246,-0.454328,-0.753472,-28.98,75.74,-34.23,Scoop,Right
1705996777528,-0.493856,-0.427,-0.732,-30.87,70.49,-32.97,Scoop,Right
1705996777528,-0.46848,-0.434808,-0.737368,-38.01,71.12,-32.27,Scoop,Right
1705996777528,-0.462136,-0.411872,-0.7564,-36.19,72.03,-33.25,Scoop,Right
1705996777575,-0.437248,-0.421632,-0.758352,-31.01,72.66,-35.07,Scoop,Right
1705996777575,-0.416264,-0.447008,-0.780312,-27.3,71.89,-35.84,Scoop,Right
1705996777576,-0.383568,-0.460184,-0.807152,-26.18,71.05,-33.18,Scoop,Right
1705996777629,-0.375272,-0.455792,-0.834968,-24.5,69.16,-26.74,Scoop,Right
1705996777629,-0.381128,-0.430904,-0.844728,-23.38,65.94,-20.93,Scoop,Right
1705996777630,-0.3782,-0.389912,-0.831064,-23.8,66.92,-20.02,Scoop,Right
1705996777748,-0.340136,-0.351848,-0.828136,-25.69,71.68,-24.15,Scoop,Right
1705996777748,-0.323544,-0.349896,-0.844728,-24.78,76.65,-30.1,Scoop,Right
1705996777748,-0.338672,-0.372344,-0.835456,-23.52,75.39,-35.63,Scoop,Right
1705996777750,-0.289384,-0.406016,-0.82228,-26.81,73.85,-40.11,Scoop,Right
1705996777751,-0.264496,-0.406504,-0.811544,-32.06,80.5,-46.48,Scoop,Right
1705996777751,-0.308904,-0.3904,-0.81496,-32.83,79.59,-51.38,Scoop,Right
1705996777751,-0.299632,-0.379176,-0.794464,-29.89,74.55,-52.99,Scoop,Right
1705996777797,-0.259128,-0.368928,-0.781288,-27.44,70.35,-50.33,Scoop,Right
1705996777797,-0.23912,-0.365512,-0.79788,-25.41,66.08,-46.06,Scoop,Right
1705996777797,-0.20252,-0.365024,-0.799832,-21.42,60.34,-41.44,Scoop,Right
1705996777918,-0.147864,-0.367464,-0.772016,-19.74,56.77,-39.55,Scoop,Right
1705996777918,-0.096624,-0.340624,-0.747616,-20.3,60.48,-38.15,Scoop,Right
1705996777920,-0.060512,-0.30256,-0.765672,-22.68,69.86,-36.4,Scoop,Right
1705996777920,-0.045872,-0.279136,-0.793488,-26.6,77.98,-35.21,Scoop,Right
1705996777920,-0.061488,-0.301584,-0.843752,-31.01,81.76,-34.86,Scoop,Right
1705996777921,-0.035624,-0.304512,-0.85888,-26.74,76.37,-31.01,Scoop,Right
1705996777921,0.007808,-0.358192,-0.870104,-26.18,70.84,-27.16,Scoop,Right
1705996777965,0.041968,-0.365512,-0.845704,-18.27,68.32,-24.01,Scoop,Right
1705996777966,0.0732,-0.355752,-0.822768,-11.83,73.01,-23.03,Scoop,Right
1705996777968,0.110288,-0.331352,-0.813496,-10.57,83.79,-21.35,Scoop,Right
1705996778010,0.126392,-0.281576,-0.82472,-14.07,96.25,-20.86,Scoop,Right
1705996778011,0.142008,-0.234728,-0.855952,-18.48,102.62,-26.53,Scoop,Right
1705996778011,0.174704,-0.220088,-0.855464,-23.73,103.95,-35.91,Scoop,Right
1705996778057,0.233264,-0.241072,-0.876936,-30.45,102.76,-42.28,Scoop,Right
1705996778057,0.297192,-0.287432,-0.91012,-31.99,99.75,-44.31,Scoop,Right
1705996778057,0.321104,-0.301096,-0.935008,-30.1,93.1,-41.09,Scoop,Right
1705996778103,0.355264,-0.303536,-0.953064,-26.95,82.25,-35.49,Scoop,Right
1705996778104,0.362096,-0.257176,-0.934032,-23.52,69.16,-32.62,Scoop,Right
1705996778149,0.394792,-0.220576,-0.916464,-24.43,58.31,-34.72,Scoop,Right
1705996778149,0.437736,-0.20008,-0.892064,-28.14,53.48,-39.83,Scoop,Right
1705996778149,0.457256,-0.178608,-0.884256,-31.64,55.02,-45.15,Scoop,Right
1705996778196,0.508496,-0.160064,-0.864248,-36.26,57.61,-50.19,Scoop,Right
1705996778197,0.569496,-0.178608,-0.890112,-38.15,57.54,-48.09,Scoop,Right
1705996778198,0.61732,-0.200568,-0.924272,-38.99,56.14,-37.59,Scoop,Right
1705996778243,0.611952,-0.189344,-0.952576,-36.4,52.99,-26.11,Scoop,Right
1705996778243,0.616344,-0.188368,-0.95648,-29.47,48.09,-22.61,Scoop,Right
1705996778243,0.61,-0.151768,-0.954528,-23.87,39.13,-23.45,Scoop,Right
1705996778290,0.65636,-0.117608,-0.924272,-20.16,29.68,-32.76,Scoop,Right
1705996778290,0.745664,-0.099552,-0.914024,-19.81,26.11,-41.58,Scoop,Right
1705996778345,0.76372,-0.133224,-0.902312,-24.29,33.74,-43.12,Scoop,Right
1705996778345,0.72468,-0.128344,-0.945744,-29.68,44.87,-35.42,Scoop,Right
1705996778345,0.710528,-0.113704,-0.952576,-25.76,45.43,-24.43,Scoop,Right
1705996778466,0.726144,-0.127856,-1.003328,-17.57,34.58,-8.4,Scoop,Right
1705996778467,0.7076,-0.105896,-1.009672,-8.82,18.83,5.32,Scoop,Right
1705996778468,0.650992,-0.114192,-0.986248,-2.17,1.54,12.74,Scoop,Right
1705996778468,0.574864,-0.087352,-0.943304,4.97,-9.31,13.72,Scoop,Right
1705996778469,0.587552,-0.072712,-0.813984,7.28,-10.29,11.76,Scoop,Right
1705996778469,0.57828,-0.078568,-0.771528,2.59,1.12,6.58,Scoop,Right
1705996778470,0.561688,-0.098576,-0.765184,-3.22,15.96,2.38,Scoop,Right
1705996778568,0.528016,-0.120048,-0.802272,-4.06,20.51,1.82,Scoop,Right
1705996778568,0.58804,-0.151768,-0.827648,-2.8,14.21,6.72,Scoop,Right
1705996778568,0.625616,-0.162016,-0.872544,1.19,1.68,17.5,Scoop,Right
1705996778569,0.643184,-0.129808,-0.836432,8.89,-9.73,24.43,Scoop,Right
1705996778569,0.63928,-0.083936,-0.804712,14.0,-13.44,23.94,Scoop,Right
1705996778569,0.650504,-0.070272,-0.780312,12.18,-7.07,15.54,Scoop,Right
1705996778618,0.608048,-0.09028,-0.793976,8.4,3.01,5.18,Scoop,Right
1705996778618,0.55876,-0.103944,-0.799832,2.45,7.63,-2.73,Scoop,Right
1705996778618,0.539728,-0.142496,-0.81496,-3.57,7.28,-7.63,Scoop,Right
1705996778618,0.533384,-0.178608,-0.82716,-6.79,3.57,-7.07,Scoop,Right
1705996778664,0.569008,-0.187392,-0.836432,-7.49,-1.61,-2.52,Scoop,Right
1705996778665,0.632448,-0.205448,-0.843752,-3.57,-5.88,3.99,Scoop,Right
1705996778711,0.681736,-0.199104,-0.869128,4.55,-7.35,14.14,Scoop,Right
1705996778712,0.688568,-0.149328,-0.853024,12.53,-7.07,19.88,Scoop,Right
1705996778712,0.666608,-0.117608,-0.836432,16.73,-3.85,17.22,Scoop,Right
1705996778758,0.602192,-0.08784,-0.8052,15.05,-0.14,8.4,Scoop,Right
1705996778759,0.558272,-0.102968,-0.767624,7.14,3.71,-2.8,Scoop,Right
1705996778760,0.50996,-0.135176,-0.766648,-0.56,5.88,-9.59,Scoop,Right
1705996778804,0.515816,-0.165432,-0.761768,-5.18,2.03,-10.22,Scoop,Right
1705996778806,0.543144,-0.189832,-0.77104,-4.62,-1.54,-4.83,Scoop,Right
1705996778807,0.569008,-0.185928,-0.782264,-1.75,-3.5,1.4,Scoop,Right
1705996778857,0.587064,-0.174704,-0.777384,0.84,-3.85,4.76,Scoop,Right
1705996778858,0.61244,-0.158112,-0.780312,1.26,-0.98,4.55,Scoop,Right
1705996778976,0.606584,-0.152256,-0.788608,1.75,5.32,0.63,Scoop,Right
1705996778977,0.57096,-0.149816,-0.802272,0.0,7.84,-2.94,Scoop,Right
1705996778977,0.25864,-0.24644,-0.849608,5.88,-6.37,-2.66,Scoop,Right
1705996778978,0.488488,-0.147864,-0.649528,2.73,-0.84,-0.35,Scoop,Right
1705996778978,0.589992,-0.155672,-0.834968,-4.69,-2.66,-4.41,Scoop,Right
1705996778978,0.516304,-0.149816,-0.804712,-3.5,-5.95,-3.08,Scoop,Right
1705996778978,0.534848,-0.150792,-0.793976,-3.43,-12.25,-3.36,Scoop,Right
1705996779025,0.579744,-0.16348,-0.804224,-2.87,-15.26,-2.59,Scoop,Right
1705996779026,0.555832,-0.169336,-0.805688,-1.05,-15.68,-1.47,Scoop,Right
1705996779026,0.549488,-0.167872,-0.813984,1.82,-17.99,0.35,Scoop,Right
1705996779076,0.53436,-0.156648,-0.803736,3.43,-20.86,3.43,Scoop,Right
1705996779076,0.560224,-0.170312,-0.833504,4.9,-24.64,6.79,Scoop,Right
1705996779077,0.683688,-0.199592,-1.063352,-4.69,-30.17,-15.12,Scoop,Right
1705996779183,0.544608,-0.143472,-0.838384,-2.45,0.77,-2.45,Scoop,Right
1705996779183,0.545096,-0.162992,-0.82472,-1.47,-0.7,-1.47,Scoop,Right
1705996779184,0.54412,-0.16348,-0.818864,-1.68,-0.63,-1.68,Scoop,Right
1705996779184,0.532896,-0.167384,-0.815448,-1.47,-0.77,-1.96,Scoop,Right
1705996779184,0.540704,-0.16348,-0.815936,-1.4,-1.05,-2.24,Scoop,Right
1705996779184,0.534848,-0.167384,-0.816912,-1.19,-0.91,-2.31,Scoop,Right
1705996779185,0.536312,-0.159576,-0.813008,-1.19,-0.7,-2.24,Scoop,Right
1705996779284,0.542168,-0.16104,-0.821304,-1.12,-1.05,-1.96,Scoop,Right
1705996779284,0.54168,-0.162992,-0.81252,-1.26,-0.77,-2.31,Scoop,Right
1705996779285,0.544608,-0.164456,-0.811544,-1.4,-0.77,-2.24,Scoop,Right
1705996779285,0.535824,-0.162504,-0.813496,-1.33,-0.7,-1.89,Scoop,Right
1705996779285,0.541192,-0.167384,-0.818376,-1.4,-0.98,-2.38,Scoop,Right
1705996779285,0.537288,-0.16836,-0.823256,-1.26,-0.84,-2.24,Scoop,Right
1705996779335,0.535336,-0.164944,-0.8174,-1.33,-0.98,-2.31,Scoop,Right
1705996779335,0.539728,-0.167384,-0.820816,-1.47,-0.84,-2.17,Scoop,Right
1705996779335,0.543632,-0.168848,-0.818376,-1.4,-0.84,-2.24,Scoop,Right
1705996779384,0.541192,-0.161528,-0.815936,-1.33,-1.05,-2.52,Scoop,Right
1705996779384,0.538752,-0.159088,-0.811056,-1.26,-0.7,-2.24,Scoop,Right
1705996779385,0.537776,-0.158112,-0.813496,-1.4,-0.56,-2.38,Scoop,Right
1705996779488,0.5368,-0.159088,-0.81008,-1.47,-0.84,-2.17,Scoop,Right
1705996779488,0.539728,-0.16592,-0.816424,-1.54,-0.77,-2.24,Scoop,Right
1705996779489,0.546072,-0.172264,-0.818864,-1.4,-0.84,-2.17,Scoop,Right
1705996779489,0.540704,-0.167384,-0.820328,-1.47,-0.91,-2.17,Scoop,Right
1705996779490,0.539728,-0.165432,-0.8174,-1.33,-0.84,-2.52,Scoop,Right
1705996779490,0.542656,-0.161528,-0.81496,-1.75,-0.77,-2.38,Scoop,Right
1705996779537,0.54168,-0.162504,-0.813984,-1.12,-0.98,-2.24,Scoop,Right
1705996779538,0.543632,-0.159576,-0.81496,-1.47,-0.91,-2.31,Scoop,Right
1705996779538,0.544608,-0.16348,-0.815448,-1.19,-0.84,-2.38,Scoop,Right
1705996779586,0.533872,-0.169824,-0.814472,-1.26,-0.77,-2.45,Scoop,Right
1705996779586,0.539728,-0.169336,-0.820328,-1.26,-0.84,-2.31,Scoop,Right
1705996779694,0.543632,-0.170312,-0.816912,-1.26,-0.98,-2.17,Scoop,Right
1705996779694,0.539728,-0.161528,-0.816424,-1.33,-0.98,-2.17,Scoop,Right
1705996779695,0.538752,-0.16592,-0.814472,-1.4,-1.68,-2.17,Scoop,Right
1705996779695,0.547536,-0.16104,-0.816424,-1.05,-1.82,-2.03,Scoop,Right
1705996779695,0.567056,-0.127856,-0.81008,0.91,-3.29,-6.51,Scoop,Right
1705996779695,0.541192,-0.171776,-0.823256,4.76,-4.41,-11.13,Scoop,Right
1705996779696,0.53436,-0.155672,-0.815936,5.39,-4.76,-11.83,Scoop,Right
1705996779795,0.548512,-0.14396,-0.828136,4.41,-6.79,-9.8,Scoop,Right
1705996779795,0.630008,-0.187392,-0.936472,3.71,-11.48,-4.69,Scoop,Right
1705996779796,0.704672,-0.189344,-0.96624,0.49,-12.88,1.47,Scoop,Right
1705996779796,0.689544,-0.173728,-0.931104,-4.48,-10.36,1.75,Scoop,Right
1705996779798,0.614392,-0.213744,-0.983808,-1.89,-15.05,-1.33,Scoop,Right
1705996779798,0.599752,-0.20252,-0.987712,0.28,-27.3,-1.75,Scoop,Right
1705996779847,0.628544,-0.227896,-1.017968,1.26,-35.77,-2.8,Scoop,Right
1705996779847,0.63928,-0.224968,-1.02236,2.38,-41.51,1.4,Scoop,Right
1705996779847,0.670512,-0.206424,-1.045296,2.45,-47.74,9.87,Scoop,Right
1705996779893,0.646112,-0.202032,-1.08092,7.77,-50.96,18.34,Scoop,Right
1705996779893,0.569496,-0.193736,-1.059936,13.23,-57.33,23.94,Scoop,Right
1705996779893,0.559736,-0.194712,-1.01992,11.76,-64.68,26.39,Scoop,Right
1705996779941,0.581208,-0.222528,-1.004304,12.88,-67.83,23.52,Scoop,Right
1705996779942,0.559736,-0.242048,-0.98088,15.19,-65.52,23.24,Scoop,Right
1705996779988,0.527528,-0.243512,-0.955016,15.26,-64.54,23.1,Scoop,Right
1705996779988,0.459208,-0.234728,-0.933544,11.2,-60.97,23.1,Scoop,Right
1705996779989,0.384544,-0.23668,-0.898408,10.57,-59.99,25.76,Scoop,Right
1705996780034,0.359656,-0.196664,-0.901336,6.51,-63.63,27.16,Scoop,Right
1705996780034,0.37576,-0.206424,-0.860832,4.27,-65.45,24.36,Scoop,Right
1705996780035,0.404552,-0.233264,-0.87596,6.09,-57.19,22.89,Scoop,Right
1705996780079,0.37576,-0.229848,-0.888648,6.86,-49.14,23.8,Scoop,Right
1705996780080,0.291336,-0.211792,-0.880352,2.66,-44.38,24.22,Scoop,Right
1705996780081,0.230824,-0.212768,-0.881816,-8.54,-47.39,26.67,Scoop,Right
1705996780131,0.220088,-0.20496,-0.838384,-11.13,-51.66,23.31,Scoop,Right
1705996780140,0.237168,-0.227408,-0.81252,-8.96,-47.88,24.43,Scoop,Right
1705996780173,0.261568,-0.235704,-0.853512,5.04,-40.88,23.03,Scoop,Right
1705996780174,0.262056,-0.150792,-0.845704,21.84,-33.6,14.98,Scoop,Right
1705996780174,0.2684,-0.1464,-0.812032,26.18,-23.24,-0.14,Scoop,Right
1705996780219,0.24156,-0.18788,-0.838872,16.24,-8.82,-11.97,Scoop,Right
1705996780220,0.160064,-0.21472,-0.891088,6.65,-5.67,-21.0,Scoop,Right
1705996780220,0.101016,-0.239608,-0.881328,-0.07,-14.35,-21.84,Scoop,Right
1705996780265,0.099064,-0.2806,-0.889136,0.7,-27.09,-13.93,Scoop,Right
1705996780266,0.132248,-0.305488,-0.873032,15.05,-32.34,-2.1,Scoop,Right
1705996780266,0.142984,-0.321104,-0.877424,31.71,-29.75,11.48,Scoop,Right
1705996780313,0.11712,-0.294264,-0.930128,43.68,-31.92,25.06,Scoop,Right
1705996780313,0.083936,-0.253272,-0.930128,43.61,-41.58,31.92,Scoop,Right
1705996780360,0.054656,-0.183,-0.900848,25.55,-52.64,16.38,Scoop,Right
1705996780360,0.13664,-0.329888,-0.808128,7.35,-46.83,1.26,Scoop,Right
1705996780361,-0.031232,-0.322568,-0.980392,6.23,-33.46,-5.04,Scoop,Right
1705996780410,0.01952,-0.372832,-1.006744,11.83,-49.7,-3.43,Scoop,Right
1705996780410,0.044408,-0.408456,-1.035048,24.71,-64.33,10.01,Scoop,Right
1705996780410,-0.005856,-0.406992,-0.987224,44.03,-85.89,26.53,Scoop,Right
1705996780452,0.035624,-0.36844,-0.817888,52.92,-87.85,37.8,Scoop,Right
1705996780453,-0.000488,-0.333304,-0.816424,42.28,-66.15,42.56,Scoop,Right
1705996780499,-0.10004,-0.31232,-0.869128,34.37,-53.76,35.21,Scoop,Right
1705996780500,-0.149816,-0.327448,-0.867176,25.97,-52.43,26.25,Scoop,Right
1705996780500,-0.146888,-0.375272,-0.867664,17.78,-53.69,21.35,Scoop,Right
1705996780546,-0.162992,-0.438224,-0.918904,17.85,-58.31,22.26,Scoop,Right
1705996780546,-0.152256,-0.453352,-0.912072,27.93,-68.39,28.21,Scoop,Right
1705996780547,-0.113704,-0.449936,-0.871568,35.0,-70.7,33.6,Scoop,Right
1705996780589,-0.113704,-0.406992,-0.842288,36.96,-62.09,37.24,Scoop,Right
1705996780591,-0.177144,-0.34648,-0.8296,29.96,-53.55,29.82,Scoop,Right
1705996780637,-0.215696,-0.328912,-0.820816,16.87,-49.42,15.82,Scoop,Right
1705996780638,-0.233264,-0.371368,-0.811544,1.96,-44.31,4.2,Scoop,Right
1705996780638,-0.267912,-0.420168,-0.854,-6.16,-42.77,0.77,Scoop,Right
1705996780682,-0.288896,-0.430416,-0.877424,-3.99,-49.98,3.22,Scoop,Right
1705996780683,-0.267912,-0.45384,-0.909144,6.16,-65.52,8.75,Scoop,Right
1705996780683,-0.259616,-0.447008,-0.823256,16.45,-78.12,16.59,Scoop,Right
1705996780730,-0.120048,-0.443592,-0.732,16.59,-73.29,23.94,Scoop,Right
1705996780731,-0.182024,-0.416264,-0.783728,18.69,-52.64,22.82,Scoop,Right
1705996780731,-0.266448,-0.35136,-0.798368,16.94,-38.29,14.91,Scoop,Right
1705996780777,-0.288896,-0.37332,-0.78812,8.96,-34.58,3.08,Scoop,Right
1705996780777,-0.361608,-0.413336,-0.821792,5.95,-29.75,-2.1,Scoop,Right
1705996780824,-0.398208,-0.437248,-0.802272,5.95,-31.5,-0.84,Scoop,Right
1705996780824,-0.467504,-0.477752,-0.833992,5.74,-43.33,7.42,Scoop,Right
1705996780825,-0.459208,-0.473848,-0.81008,17.43,-62.23,19.04,Scoop,Right
1705996780872,-0.42944,-0.459696,-0.82472,35.98,-75.32,31.22,Scoop,Right
1705996780873,-0.435296,-0.42212,-0.66612,53.27,-77.07,34.58,Scoop,Right
1705996780874,-0.366488,-0.372344,-0.579256,50.82,-52.01,26.74,Scoop,Right
1705996780921,-0.391376,-0.368928,-0.657824,36.47,-22.12,8.26,Scoop,Right
1705996780921,-0.47336,-0.430904,-0.745176,27.72,-18.13,-5.46,Scoop,Right
1705996780921,-0.510448,-0.468968,-0.76128,23.1,-30.87,-4.48,Scoop,Right
1705996780970,-0.507032,-0.482632,-0.740296,16.66,-43.82,9.03,Scoop,Right
1705996780971,-0.491416,-0.52216,-0.732976,20.37,-52.78,22.75,Scoop,Right
1705996780971,-0.496784,-0.464088,-0.725656,32.48,-55.23,28.42,Scoop,Right
1705996781014,-0.535824,-0.442128,-0.651968,41.37,-57.75,24.78,Scoop,Right
1705996781014,-0.515816,-0.469456,-0.557784,42.07,-49.49,17.92,Scoop,Right
1705996781061,-0.461648,-0.45628,-0.588528,30.17,-28.98,11.13,Scoop,Right
1705996781062,-0.516304,-0.479216,-0.686128,19.32,-16.24,5.6,Scoop,Right
1705996781062,-0.548512,-0.503128,-0.704672,14.35,-24.78,4.9,Scoop,Right
1705996781109,-0.557296,-0.509472,-0.69296,13.09,-38.85,14.77,Scoop,Right
1705996781110,-0.559248,-0.492392,-0.652944,14.35,-47.32,25.34,Scoop,Right
1705996781110,-0.600728,-0.488,-0.637328,18.97,-50.54,27.72,Scoop,Right
1705996781229,-0.613416,-0.488,-0.541192,24.01,-52.57,23.52,Scoop,Right
1705996781230,-0.586576,-0.489952,-0.510936,19.18,-39.06,19.04,Scoop,Right
1705996781230,-0.5978,-0.484096,-0.558272,18.41,-25.83,13.65,Scoop,Right
1705996781230,-0.60756,-0.493368,-0.58316,19.74,-19.46,13.09,Scoop,Right
1705996781231,-0.61732,-0.488488,-0.578768,22.96,-18.34,13.23,Scoop,Right
1705996781231,-0.654896,-0.474336,-0.589016,17.64,-22.33,16.03,Scoop,Right
1705996781231,-0.654408,-0.44408,-0.607072,9.94,-29.05,15.75,Scoop,Right
1705996781276,-0.66124,-0.471896,-0.601704,7.35,-38.01,11.9,Scoop,Right
1705996781277,-0.693936,-0.508008,-0.57096,7.98,-46.2,8.54,Scoop,Right
1705996781277,-0.704672,-0.503616,-0.472872,7.7,-46.55,3.22,Scoop,Right
1705996781322,-0.59048,-0.508984,-0.482632,2.66,-32.97,-2.52,Scoop,Right
1705996781323,-0.604144,-0.503128,-0.548512,6.37,-15.05,-1.68,Scoop,Right
1705996781369,-0.661728,-0.495808,-0.58072,12.11,-12.74,5.32,Scoop,Right
1705996781369,-0.67588,-0.471896,-0.550464,14.63,-16.24,11.97,Scoop,Right
1705996781369,-0.691984,-0.44652,-0.53436,14.0,-19.95,13.37,Scoop,Right
1705996781417,-0.706624,-0.449936,-0.51728,10.71,-24.29,11.48,Scoop,Right
1705996781417,-0.726144,-0.46604,-0.48068,8.33,-29.82,7.14,Scoop,Right
1705996781418,-0.725168,-0.471896,-0.441152,4.83,-31.29,0.56,Scoop,Right
1705996781461,-0.688568,-0.498736,-0.455304,1.61,-27.51,-4.2,Scoop,Right
1705996781461,-0.686616,-0.520696,-0.478728,1.4,-24.01,-3.99,Scoop,Right
1705996781462,-0.664168,-0.50752,-0.477264,3.15,-21.91,-0.63,Scoop,Right
1705996781517,-0.665144,-0.48312,-0.48068,6.72,-15.82,4.34,Scoop,Right
1705996781517,-0.69052,-0.468968,-0.481656,10.36,-10.36,6.44,Scoop,Right
1705996781570,-0.711992,-0.466528,-0.483608,13.58,-8.47,6.93,Scoop,Right
1705996781570,-0.743712,-0.487024,-0.476776,11.13,-11.83,6.58,Scoop,Right
1705996781570,-0.73688,-0.48556,-0.440176,7.49,-17.57,3.85,Scoop,Right
1705996781570,-0.730536,-0.484096,-0.410896,5.25,-16.94,-0.63,Scoop,Right
1705996781620,-0.725656,-0.4758,-0.39284,3.64,-13.3,-2.94,Scoop,Right
1705996781620,-0.703208,-0.48068,-0.401136,0.28,-9.66,-3.5,Scoop,Right
1705996781621,-0.710528,-0.488976,-0.432856,-0.84,-5.39,-1.47,Scoop,Right
1705996781665,-0.71736,-0.49532,-0.468968,-0.14,-6.72,2.45,Scoop,Right
1705996781665,-0.722728,-0.496296,-0.471408,1.05,-11.97,4.48,Scoop,Right
1705996781665,-0.726632,-0.494344,-0.442128,2.03,-13.86,5.18,Scoop,Right
1705996781723,-0.735416,-0.477264,-0.426024,1.82,-13.37,3.64,Scoop,Right
1705996781725,-0.730048,-0.459696,-0.411384,0.91,-10.85,0.84,Scoop,Right
1705996781773,-0.740296,-0.481656,-0.42456,0.56,-9.38,-0.98,Scoop,Right
1705996781774,-0.72956,-0.479704,-0.415776,-17.78,-9.52,-0.84,Scoop,Right
1705996781774,-0.738344,-0.504104,-0.420656,1.05,-10.08,0.91,Scoop,Right
1705996781775,-0.740784,-0.508984,-0.408944,2.73,-11.55,3.43,Scoop,Right
1705996781822,-0.728584,-0.483608,-0.386984,3.15,-8.54,4.83,Scoop,Right
1705996781823,-0.748592,-0.442128,-0.347944,1.89,-1.61,1.96,Scoop,Right
1705996781823,-0.74908,-0.427488,-0.36356,0.35,5.32,0.28,Scoop,Right
1705996781867,-0.748104,-0.404552,-0.351848,-2.8,11.62,-1.54,Scoop,Right
1705996781867,-0.73444,-0.389912,-0.334768,-7.56,17.5,-5.39,Scoop,Right
1705996781917,-0.738344,-0.39772,-0.324032,-14.77,23.38,-11.69,Scoop,Right
1705996781917,-0.72468,-0.419192,-0.345016,-21.91,26.67,-17.78,Scoop,Right
1705996781917,-0.694912,-0.465552,-0.370392,-27.51,30.03,-20.79,Scoop,Right
1705996782039,-0.67832,-0.503616,-0.418216,-28.07,34.86,-20.23,Scoop,Right
1705996782039,-0.668072,-0.508496,-0.437736,-23.38,38.29,-16.59,Scoop,Right
1705996782039,-0.642696,-0.487024,-0.426512,-22.68,42.63,-14.91,Scoop,Right
1705996782040,-0.637328,-0.453352,-0.435784,-24.08,49.7,-14.91,Scoop,Right
1705996782040,-0.639768,-0.409432,-0.446032,-26.81,59.57,-17.57,Scoop,Right
1705996782040,-0.648064,-0.39772,-0.449936,-32.27,67.34,-21.84,Scoop,Right
1705996782040,-0.650016,-0.40748,-0.477264,-38.15,75.88,-27.44,Scoop,Right
1705996782086,-0.635376,-0.435784,-0.536312,-42.0,79.17,-33.6,Scoop,Right
1705996782086,-0.594872,-0.461648,-0.60756,-43.12,81.2,-37.38,Scoop,Right
1705996782087,-0.577304,-0.499224,-0.694912,-41.37,80.36,-39.83,Scoop,Right
1705996782132,-0.550952,-0.52948,-0.68564,-36.61,74.48,-38.78,Scoop,Right
1705996782133,-0.507032,-0.543632,-0.660264,-35.49,69.51,-33.81,Scoop,Right
1705996782134,-0.417728,-0.5124,-0.61732,-30.8,76.37,-28.91,Scoop,Right
1705996782180,-0.373808,-0.477264,-0.643672,-28.21,88.34,-25.27,Scoop,Right
1705996782180,-0.363072,-0.459696,-0.704184,-26.67,99.12,-23.31,Scoop,Right
1705996782180,-0.473848,-0.425048,-0.769576,-25.55,102.2,-24.43,Scoop,Right
1705996782234,-0.517768,-0.39772,-0.75884,-29.33,92.12,-26.39,Scoop,Right
1705996782234,-0.494832,-0.400648,-0.7442,-34.65,80.99,-30.24,Scoop,Right
1705996782234,-0.463112,-0.424072,-0.732976,-35.49,73.85,-35.0,Scoop,Right
1705996782290,-0.402112,-0.452864,-0.716384,-36.75,74.62,-40.18,Scoop,Right
1705996782291,-0.333304,-0.465552,-0.736392,-37.8,82.18,-41.79,Scoop,Right
1705996782291,-0.286456,-0.465064,-0.748104,-39.27,93.66,-43.89,Scoop,Right
1705996782337,-0.230336,-0.446032,-0.770552,-42.63,106.19,-47.39,Scoop,Right
1705996782337,-0.161528,-0.447984,-0.81252,-46.62,126.56,-55.72,Scoop,Right
1705996782337,-0.180072,-0.410408,-0.854488,-46.83,148.33,-68.81,Scoop,Right
1705996782383,-0.243024,-0.421144,-0.90768,-42.98,150.22,-78.89,Scoop,Right
1705996782383,-0.276208,-0.415776,-0.901336,-38.22,129.71,-79.1,Scoop,Right
1705996782384,-0.290848,-0.409432,-0.860832,-35.84,98.14,-67.83,Scoop,Right
1705996782427,-0.21472,-0.400648,-0.816424,-31.78,70.56,-54.25,Scoop,Right
1705996782429,-0.106384,-0.404552,-0.81008,-34.86,60.48,-43.12,Scoop,Right
1705996782475,-0.061,-0.401624,-0.816912,-38.29,63.14,-40.18,Scoop,Right
1705996782475,-0.057584,-0.365024,-0.8052,-40.81,71.05,-43.96,Scoop,Right
1705996782475,-0.046848,-0.348432,-0.816424,-42.98,73.85,-45.99,Scoop,Right
1705996782526,-0.00976,-0.3782,-0.846192,-43.05,67.97,-44.03,Scoop,Right
1705996782526,0.035624,-0.370392,-0.860344,-39.34,61.39,-38.78,Scoop,Right
1705996782526,0.029768,-0.353312,-0.88084,-33.67,53.13,-33.11,Scoop,Right
1705996782648,-0.006344,-0.3172,-0.863272,-29.61,43.33,-26.81,Scoop,Right
1705996782649,0.031232,-0.276208,-0.824232,-31.92,40.25,-26.39,Scoop,Right
1705996782649,0.080032,-0.127368,-0.818864,-40.81,43.4,-31.36,Scoop,Right
1705996782649,0.11224,-0.259616,-0.823256,-46.62,48.3,-38.43,Scoop,Right
1705996782649,0.151768,-0.258152,-0.819352,-45.64,56.0,-42.35,Scoop,Right
1705996782649,0.198128,-0.260592,-0.849608,-40.18,63.63,-44.03,Scoop,Right
1705996782649,0.249368,-0.266936,-0.87108,-36.47,69.16,-41.93,Scoop,Right
1705996782693,0.286456,-0.285968,-0.878888,-33.25,68.6,-34.86,Scoop,Right
1705996782694,0.304024,-0.303048,-0.931104,-28.21,62.65,-23.52,Scoop,Right
1705996782694,0.311344,-0.269376,-0.94672,-20.72,53.62,-10.92,Scoop,Right
1705996782745,0.308904,-0.22936,-0.951112,-15.54,45.22,-2.17,Scoop,Right
1705996782746,0.311832,-0.169336,-0.899384,-7.14,39.55,-3.57,Scoop,Right
1705996782747,0.38796,-0.141032,-0.86132,-8.33,41.79,-12.46,Scoop,Right
1705996782867,0.479704,-0.11712,-0.859856,-15.61,50.75,-25.55,Scoop,Right
1705996782868,0.548024,-0.122976,-0.935496,-23.8,62.23,-38.08,Scoop,Right
1705996782869,0.58316,-0.133712,-0.990152,-28.84,67.69,-50.47,Scoop,Right
1705996782869,0.5734,-0.171288,-1.079944,-31.43,61.25,-54.46,Scoop,Right
1705996782869,0.59048,-0.17812,-1.091168,-30.73,39.62,-50.96,Scoop,Right
1705996782870,0.586088,-0.188856,-1.087264,-30.03,15.26,-41.72,Scoop,Right
1705996782870,0.567056,-0.191296,-1.03944,-25.76,-2.17,-32.48,Scoop,Right
1705996782969,0.569008,-0.203496,-0.95648,-20.51,-4.76,-26.81,Scoop,Right
1705996782970,0.562664,-0.205936,-0.895968,-15.89,8.61,-23.59,Scoop,Right
1705996782970,0.560712,-0.21228,-0.859856,-11.83,26.39,-21.14,Scoop,Right
1705996782970,0.610488,-0.19032,-0.893528,-8.4,41.93,-16.38,Scoop,Right
1705996782970,0.6344,-0.167872,-0.9882,-5.32,47.46,-6.86,Scoop,Right
1705996782970,0.608048,-0.11712,-1.063352,-2.03,41.58,-1.4,Scoop,Right
1705996783019,0.56364,-0.084912,-1.05896,-2.8,27.44,-2.24,Scoop,Right
1705996783020,0.515328,-0.098088,-1.01016,-7.42,9.24,-7.14,Scoop,Right
1705996783021,0.479704,-0.11468,-0.955016,-9.17,-3.43,-10.15,Scoop,Right
1705996783067,0.45872,-0.133224,-0.900848,-8.4,-7.84,-13.23,Scoop,Right
1705996783069,0.446032,-0.145912,-0.848144,-7.0,-4.48,-16.38,Scoop,Right
1705996783069,0.45384,-0.172264,-0.844728,-4.62,2.94,-15.82,Scoop,Right
1705996783113,0.464088,-0.191784,-0.845216,-1.54,9.73,-9.59,Scoop,Right
1705996783113,0.449448,-0.184464,-0.849608,3.08,13.37,0.0,Scoop,Right
1705996783114,0.447496,-0.178608,-0.82472,5.46,14.28,8.19,Scoop,Right
1705996783159,0.46116,-0.176168,-0.839848,8.68,16.8,15.19,Scoop,Right
1705996783159,0.450424,-0.135664,-0.849608,13.23,18.34,17.15,Scoop,Right
1705996783206,0.449936,-0.072224,-0.822768,12.88,16.45,11.13,Scoop,Right
1705996783207,0.48312,-0.05124,-0.831064,7.28,14.28,-0.42,Scoop,Right
1705996783207,0.50752,-0.069784,-0.833504,0.56,13.02,-10.57,Scoop,Right
1705996783257,0.550952,-0.111264,-0.837896,-4.55,12.39,-16.31,Scoop,Right
1705996783257,0.601216,-0.145912,-0.842288,-6.44,14.35,-13.79,Scoop,Right
1705996783257,0.626104,-0.180072,-0.880352,-4.2,18.97,-6.02,Scoop,Right
1705996783380,0.592432,-0.186904,-0.884256,2.1,21.77,3.78,Scoop,Right
1705996783381,0.554856,-0.124928,-0.88084,7.07,20.02,7.84,Scoop,Right
1705996783382,0.558272,-0.094672,-0.854,7.35,18.2,2.17,Scoop,Right
1705996783382,0.553392,-0.071736,-0.853024,3.92,15.26,-6.44,Scoop,Right
1705996783383,0.543144,-0.08784,-0.854976,-1.61,9.52,-14.49,Scoop,Right
1705996783383,0.55876,-0.115656,-0.84424,-6.79,2.87,-19.04,Scoop,Right
1705996783384,0.571448,-0.146888,-0.82716,-9.73,0.42,-20.3,Scoop,Right
1705996783481,0.589992,-0.174704,-0.826184,-9.17,1.26,-16.38,Scoop,Right
1705996783482,0.599752,-0.183,-0.8296,-5.18,3.92,-8.26,Scoop,Right
1705996783482,0.619272,-0.15616,-0.819352,0.49,6.72,-0.84,Scoop,Right
1705996783482,0.605608,-0.111752,-0.809104,2.31,11.13,0.14,Scoop,Right
1705996783483,0.576328,-0.0976,-0.833992,0.21,12.11,-3.78,Scoop,Right
1705996783483,0.569984,-0.089792,-0.842776,-1.96,8.33,-6.72,Scoop,Right
1705996783532,0.562176,-0.08784,-0.823744,-5.25,2.03,-8.54,Scoop,Right
1705996783532,0.5978,-0.111264,-0.819352,-7.98,-1.12,-10.29,Scoop,Right
1705996783532,0.596824,-0.141032,-0.8296,-7.28,0.91,-8.12,Scoop,Right
1705996783580,0.584624,-0.153232,-0.83936,-4.2,2.52,-4.2,Scoop,Right
1705996783580,0.574376,-0.150304,-0.834968,-0.7,1.26,0.42,Scoop,Right
1705996783581,0.591456,-0.138104,-0.811056,1.82,0.42,2.1,Scoop,Right
1705996783624,0.598776,-0.117608,-0.803248,2.66,2.94,1.05,Scoop,Right
1705996783624,0.597312,-0.115168,-0.806176,2.24,5.74,-2.1,Scoop,Right
1705996783625,0.575352,-0.095648,-0.816424,2.17,-1.19,0.28,Scoop,Right
1705996783672,0.594872,-0.118096,-0.808616,1.75,-1.47,-1.82,Scoop,Right
1705996783673,0.567056,-0.115656,-0.794952,1.12,2.59,-2.1,Scoop,Right
1705996783674,0.543144,-0.122976,-0.814472,0.63,2.1,-0.56,Scoop,Right
1705996783719,0.542168,-0.123952,-0.820816,-0.28,-1.75,0.98,Scoop,Right
1705996783719,0.563152,-0.137616,-0.81496,-0.56,-2.45,2.03,Scoop,Right
1705996783770,0.563152,-0.134688,-0.801296,1.19,-2.66,3.22,Scoop,Right
1705996783770,0.551928,-0.142496,-0.813496,2.66,-3.57,4.55,Scoop,Right
1705996783771,0.554856,-0.133712,-0.799832,4.2,-5.67,6.02,Scoop,Right
1705996783825,0.554856,-0.138104,-0.804224,5.53,-7.42,6.37,Scoop,Right
1705996783826,0.565592,-0.13176,-0.804712,7.0,-7.77,7.28,Scoop,Right
1705996783826,0.544608,-0.136152,-0.81252,5.67,-7.84,9.94,Scoop,Right
1705996783826,0.571448,-0.122976,-0.799832,6.23,-8.89,10.71,Scoop,Right
1705996783874,0.56364,-0.123952,-0.801784,4.06,-9.87,10.57,Scoop,Right
1705996783874,0.54656,-0.155184,-0.8052,1.68,-12.67,9.94,Scoop,Right
1705996783874,0.557784,-0.169336,-0.823256,2.45,-14.91,8.89,Scoop,Right
1705996783921,0.570472,-0.13176,-0.81984,5.04,-5.39,5.81,Scoop,Right
1705996783921,0.548512,-0.165432,-0.81496,2.31,-3.92,3.29,Scoop,Right
1705996783995,0.544608,-0.161528,-0.815448,1.4,-3.57,2.38,Scoop,Right
1705996783995,0.540216,-0.165432,-0.81496,1.89,-3.78,3.71,Scoop,Right
1705996783995,0.511912,-0.181536,-0.825696,3.08,-4.62,5.18,Scoop,Right
1705996783995,0.54412,-0.160064,-0.818376,-1.61,-0.91,-2.24,Scoop,Right
1705996783996,0.542656,-0.166896,-0.821304,-1.26,-0.98,-2.17,Scoop,Right
1705996784044,0.539728,-0.167872,-0.821304,-1.54,-0.84,-2.17,Scoop,Right
1705996784045,0.542168,-0.168848,-0.819352,-1.33,-0.77,-2.31,Scoop,Right
1705996784046,0.536312,-0.160552,-0.814472,-1.54,-0.7,-2.24,Scoop,Right
1705996784088,0.537776,-0.164456,-0.817888,-1.33,-1.12,-2.24,Scoop,Right
1705996784089,0.54168,-0.166408,-0.818376,-1.33,-0.7,-2.24,Scoop,Right
1705996784135,0.538264,-0.158112,-0.812032,-1.54,-0.77,-2.24,Scoop,Right
1705996784136,0.538752,-0.16348,-0.815448,-1.82,-0.84,-1.75,Scoop,Right
1705996784136,0.53924,-0.151768,-0.828624,-2.03,-0.77,-1.33,Scoop,Right
1705996784185,0.545584,-0.162016,-0.811544,-2.24,-0.84,-2.1,Scoop,Right
1705996784185,0.548024,-0.166896,-0.817888,-1.26,-0.84,-2.31,Scoop,Right
1705996784185,0.534848,-0.163968,-0.818376,-1.4,-0.91,-2.17,Scoop,Right
1705996784300,0.540704,-0.169336,-0.815448,-1.89,-1.12,-2.45,Scoop,Right
1705996784300,0.537776,-0.166408,-0.815448,-1.33,-1.05,-2.31,Scoop,Right
1705996784301,0.542656,-0.165432,-0.818864,-1.33,-0.84,-2.31,Scoop,Right
1705996784301,0.54168,-0.162992,-0.811056,-1.61,-0.91,-2.31,Scoop,Right
1705996784301,0.540704,-0.160064,-0.813008,-1.4,-0.91,-2.24,Scoop,Right
1705996784301,0.540216,-0.16348,-0.811056,-1.26,-0.7,-2.17,Scoop,Right
1705996784301,0.53924,-0.166408,-0.818376,-1.54,-0.98,-2.38,Scoop,Right
1705996784351,0.540704,-0.169336,-0.819352,-1.4,-0.91,-2.24,Scoop,Right
1705996784352,0.545096,-0.16836,-0.817888,-1.68,-0.98,-2.1,Scoop,Right
1705996784353,0.542168,-0.172752,-0.813984,-1.75,-3.57,-1.33,Scoop,Right
1705996784401,0.614392,-0.166896,-0.742736,-3.15,-2.94,0.84,Scoop,Right
1705996784401,0.51728,-0.163968,-0.840824,-4.2,-3.08,1.96,Scoop,Right
1705996784505,0.526552,-0.179584,-0.82472,-2.8,-5.46,0.14,Scoop,Right
1705996784505,0.52948,-0.203008,-0.856928,-0.7,-6.09,-2.8,Scoop,Right
1705996784505,0.61,-0.201544,-0.97112,7.21,-9.03,-5.39,Scoop,Right
1705996784507,0.64904,-0.237168,-1.002352,11.41,-16.24,0.77,Scoop,Right
1705996784507,0.641232,-0.260104,-0.981856,17.15,-25.34,11.34,Scoop,Right
1705996784507,0.638792,-0.144936,-0.838872,21.91,-27.58,16.73,Scoop,Right
1705996784507,0.639768,-0.150792,-0.844728,15.54,-12.81,8.68,Scoop,Right
1705996784551,0.622688,-0.185928,-0.906216,14.7,1.12,1.68,Scoop,Right
1705996784552,0.610488,-0.233264,-0.974048,12.32,2.45,-1.19,Scoop,Right
1705996784598,0.568032,-0.248392,-1.003328,10.99,-11.55,0.77,Scoop,Right
1705996784599,0.519232,-0.261568,-0.96624,9.31,-28.49,5.6,Scoop,Right
1705996784599,0.481656,-0.247904,-0.904752,10.64,-42.63,11.06,Scoop,Right
1705996784647,0.454816,-0.225944,-0.833504,11.9,-49.84,14.35,Scoop,Right
1705996784647,0.4758,-0.213744,-0.801784,12.6,-47.32,15.82,Scoop,Right
1705996784647,0.515816,-0.242536,-0.817888,13.09,-36.68,17.85,Scoop,Right
1705996784693,0.537288,-0.234728,-0.843752,18.48,-25.41,20.02,Scoop,Right
1705996784693,0.517768,-0.252784,-0.904752,22.4,-19.88,23.73,Scoop,Right
1705996784694,0.479216,-0.244976,-0.915488,25.69,-21.21,26.46,Scoop,Right
1705996784741,0.409432,-0.23424,-0.858392,24.36,-28.91,28.77,Scoop,Right
1705996784743,0.368928,-0.237168,-0.81252,22.47,-35.28,28.0,Scoop,Right
1705996784743,0.394304,-0.266448,-0.840824,23.03,-38.78,26.81,Scoop,Right
1705996784802,0.445056,-0.297192,-0.861808,24.43,-40.53,26.67,Scoop,Right
1705996784803,0.455304,-0.298656,-0.904264,22.96,-41.93,26.95,Scoop,Right
1705996784848,0.472384,-0.319152,-0.959408,18.41,-43.82,24.85,Scoop,Right
1705996784848,0.417728,-0.31476,-1.003816,11.55,-46.34,19.95,Scoop,Right
1705996784848,0.35868,-0.32696,-1.028704,5.11,-51.24,14.98,Scoop,Right
1705996784848,0.325496,-0.355264,-1.046272,0.91,-60.97,13.51,Scoop,Right
1705996784909,0.37332,-0.389912,-1.0492,2.24,-72.38,19.25,Scoop,Right
1705996784918,0.420168,-0.408944,-1.048712,9.52,-77.98,29.47,Scoop,Right
1705996784920,0.433832,-0.397232,-1.037,16.45,-76.79,36.82,Scoop,Right
1705996785017,0.40748,-0.40748,-1.044808,22.68,-73.71,38.43,Scoop,Right
1705996785018,0.308416,-0.394792,-1.011624,28.21,-72.31,37.94,Scoop,Right
1705996785018,0.241072,-0.363072,-0.974048,26.95,-74.06,34.86,Scoop,Right
1705996785018,0.123464,-0.359168,-0.923784,22.54,-73.99,29.61,Scoop,Right
1705996785018,0.075152,-0.364536,-0.906704,16.45,-76.44,24.99,Scoop,Right
1705996785018,0.063928,-0.365024,-0.891576,14.7,-77.49,23.31,Scoop,Right
1705996785018,0.098088,-0.412848,-0.910608,12.67,-76.93,24.01,Scoop,Right
1705996785065,0.133712,-0.450424,-0.923784,14.0,-75.53,28.98,Scoop,Right
1705996785066,0.115656,-0.46604,-0.951112,19.25,-72.66,39.06,Scoop,Right
1705996785066,0.094184,-0.364536,-0.926712,25.69,-75.6,41.16,Scoop,Right
1705996785111,0.045872,-0.362096,-0.885232,23.87,-76.65,38.78,Scoop,Right
1705996785112,0.010736,-0.32452,-0.82716,27.79,-73.85,34.93,Scoop,Right
1705996785157,-0.015616,-0.346968,-0.786656,30.31,-68.46,30.8,Scoop,Right
1705996785159,-0.081984,-0.376736,-0.76372,32.34,-60.97,27.58,Scoop,Right
1705996785159,-0.149816,-0.379664,-0.77348,29.89,-57.54,25.06,Scoop,Right
1705996785208,-0.182024,-0.40992,-0.81008,29.61,-59.92,27.23,Scoop,Right
1705996785208,-0.149328,-0.404552,-0.788608,30.24,-64.96,29.82,Scoop,Right
1705996785208,-0.172264,-0.403088,-0.78568,28.98,-68.04,35.21,Scoop,Right
1705996785251,-0.197152,-0.374296,-0.76128,29.19,-69.37,35.84,Scoop,Right
1705996785251,-0.232776,-0.366,-0.731024,24.71,-67.2,32.34,Scoop,Right
1705996785251,-0.252296,-0.375272,-0.700768,20.23,-63.21,24.57,Scoop,Right
1705996785307,-0.269376,-0.40016,-0.6954,17.01,-57.68,15.47,Scoop,Right
1705996785307,-0.243024,-0.3904,-0.698328,13.51,-53.69,5.18,Scoop,Right
1705996785359,-0.220088,-0.459208,-0.731024,8.33,-48.09,0.35,Scoop,Right
1705996785359,-0.218624,-0.48068,-0.772992,9.24,-40.39,1.68,Scoop,Right
1705996785360,-0.251808,-0.500688,-0.799344,11.41,-34.93,6.16,Scoop,Right
1705996785360,-0.285968,-0.482144,-0.806176,16.03,-33.6,13.93,Scoop,Right
1705996785412,-0.324032,-0.43676,-0.759328,18.9,-36.47,18.76,Scoop,Right
1705996785412,-0.351848,-0.42456,-0.72468,18.34,-37.03,19.04,Scoop,Right
1705996785412,-0.374296,-0.408944,-0.708576,17.15,-35.28,13.44,Scoop,Right
1705996785467,-0.387472,-0.427976,-0.732488,15.19,-39.13,8.26,Scoop,Right
1705996785467,-0.403088,-0.449448,-0.703208,14.91,-47.74,4.41,Scoop,Right
1705996785467,-0.365024,-0.459696,-0.66368,13.02,-53.13,1.19,Scoop,Right
1705996785514,-0.342576,-0.46848,-0.682712,11.97,-45.36,0.14,Scoop,Right
1705996785514,-0.405528,-0.488488,-0.702232,14.42,-37.87,3.29,Scoop,Right
1705996785514,-0.474824,-0.522648,-0.703208,20.16,-41.79,12.6,Scoop,Right
1705996785559,-0.493856,-0.53436,-0.681248,24.36,-48.02,22.68,Scoop,Right
1705996785560,-0.455792,-0.51972,-0.646112,27.3,-48.65,26.04,Scoop,Right
1705996785560,-0.429928,-0.516304,-0.640744,29.96,-43.68,30.24,Scoop,Right
1705996785604,-0.447984,-0.46604,-0.60756,31.36,-34.86,26.67,Scoop,Right
1705996785605,-0.495808,-0.48312,-0.652456,29.96,-29.33,19.32,Scoop,Right
1705996785653,-0.480192,-0.488976,-0.675392,29.33,-28.91,12.32,Scoop,Right
1705996785653,-0.475312,-0.476776,-0.693936,25.97,-28.84,7.49,Scoop,Right
1705996785654,-0.504592,-0.488,-0.696864,20.65,-32.48,7.7,Scoop,Right
1705996785699,-0.555832,-0.517768,-0.730048,18.69,-44.1,13.02,Scoop,Right
1705996785699,-0.576816,-0.526552,-0.63684,19.32,-66.36,24.01,Scoop,Right
1705996785699,-0.540704,-0.54168,-0.569496,15.96,-64.89,20.65,Scoop,Right
1705996785745,-0.530944,-0.541192,-0.525088,16.17,-44.31,10.43,Scoop,Right
1705996785746,-0.58316,-0.58316,-0.57584,16.03,-29.75,6.72,Scoop,Right
1705996785792,-0.538752,-0.603656,-0.638792,20.58,-30.8,15.05,Scoop,Right
1705996785792,-0.570472,-0.53192,-0.633424,24.57,-53.69,25.9,Scoop,Right
1705996785792,-0.587552,-0.48556,-0.621712,20.79,-43.47,29.75,Scoop,Right
1705996785838,-0.626592,-0.491416,-0.628544,18.06,-50.89,28.84,Scoop,Right
1705996785839,-0.652944,-0.552904,-0.602192,17.08,-58.52,26.6,Scoop,Right
1705996785839,-0.704184,-0.5612,-0.514352,20.65,-64.89,18.9,Scoop,Right
1705996785884,-0.687104,-0.49776,-0.440176,16.52,-61.32,6.3,Scoop,Right
1705996785885,-0.630008,-0.503128,-0.444568,9.94,-44.1,-3.08,Scoop,Right
1705996785935,-0.63928,-0.55632,-0.478728,16.45,-28.0,-1.12,Scoop,Right
1705996785935,-0.659776,-0.563152,-0.537288,26.04,-22.82,11.62,Scoop,Right
1705996785935,-0.6588,-0.548024,-0.539728,28.35,-27.23,21.77,Scoop,Right
1705996785979,-0.68808,-0.584136,-0.51728,27.72,-33.18,27.02,Scoop,Right
1705996785980,-0.699792,-0.543632,-0.488,34.23,-39.13,29.47,Scoop,Right
1705996785980,-0.709064,-0.503128,-0.43676,33.32,-43.05,27.37,Scoop,Right
1705996786024,-0.698328,-0.456768,-0.373808,22.26,-43.19,19.67,Scoop,Right
1705996786024,-0.68076,-0.447496,-0.366976,8.96,-35.49,8.19,Scoop,Right
1705996786025,-0.701256,-0.461648,-0.39772,3.85,-27.3,2.94,Scoop,Right
1705996786070,-0.6832,-0.487512,-0.410408,2.38,-24.43,3.71,Scoop,Right
1705996786072,-0.6954,-0.5246,-0.440176,5.25,-22.75,9.03,Scoop,Right
1705996786125,-0.705648,-0.547048,-0.432856,12.25,-22.54,16.73,Scoop,Right
1705996786126,-0.726144,-0.516792,-0.405528,16.94,-24.15,22.26,Scoop,Right
1705996786126,-0.742736,-0.481656,-0.367952,15.26,-23.66,18.41,Scoop,Right
1705996786126,-0.744688,-0.465064,-0.36112,13.79,-20.37,11.62,Scoop,Right
1705996786247,-0.752984,-0.448472,-0.3416,9.87,-17.43,4.9,Scoop,Right
1705996786247,-0.773968,-0.462624,-0.335256,4.34,-14.07,-0.07,Scoop,Right
1705996786247,-0.760792,-0.478728,-0.330376,0.21,-11.69,-3.29,Scoop,Right
1705996786247,-0.733952,-0.516304,-0.364048,-1.12,-9.59,0.0,Scoop,Right
1705996786247,-0.715408,-0.505568,-0.373808,0.35,-7.77,5.39,Scoop,Right
1705996786247,-0.737368,-0.535336,-0.40992,2.8,-7.07,11.83,Scoop,Right
1705996786248,-0.773968,-0.511424,-0.389912,6.79,-14.0,17.01,Scoop,Right
1705996786349,-0.77592,-0.494832,-0.359656,8.75,-17.57,15.61,Scoop,Right
1705996786350,-0.792024,-0.471408,-0.33916,8.68,-16.52,9.38,Scoop,Right
1705996786350,-0.79788,-0.457744,-0.314272,5.11,-14.21,0.49,Scoop,Right
1705996786350,-0.799344,-0.476776,-0.32208,1.19,-12.04,-5.04,Scoop,Right
1705996786351,-0.798368,-0.467992,-0.32452,-1.89,-11.55,-6.3,Scoop,Right
1705996786351,-0.782752,-0.493856,-0.35868,-2.59,-13.51,-2.94,Scoop,Right
1705996786394,-0.767136,-0.50508,-0.345016,-0.42,-14.77,2.59,Scoop,Right
1705996786395,-0.760304,-0.499712,-0.331352,1.61,-13.16,6.02,Scoop,Right
1705996786395,-0.758352,-0.493368,-0.307928,3.92,-10.15,7.0,Scoop,Right
1705996786442,-0.775432,-0.465064,-0.30256,7.07,-5.81,5.95,Scoop,Right
1705996786442,-0.792024,-0.4392,-0.288408,6.16,-3.29,2.52,Scoop,Right
1705996786488,-0.815448,-0.445056,-0.299144,3.08,-2.45,-2.03,Scoop,Right
1705996786489,-0.827648,-0.450912,-0.291336,-0.7,-4.83,-7.0,Scoop,Right
1705996786490,-0.818864,-0.447008,-0.28792,-4.97,-7.42,-10.01,Scoop,Right
1705996786536,-0.783728,-0.464088,-0.2928,-7.07,-8.19,-10.78,Scoop,Right
1705996786537,-0.763232,-0.477752,-0.296216,-9.59,-7.35,-9.17,Scoop,Right
1705996786537,-0.74908,-0.48312,-0.285968,-8.89,-4.06,-6.23,Scoop,Right
1705996786583,-0.741272,-0.50508,-0.284992,-6.79,0.35,-3.5,Scoop,Right
1705996786583,-0.753472,-0.508496,-0.293288,-5.18,6.09,-0.63,Scoop,Right
1705996786583,-0.767136,-0.499224,-0.296704,-3.36,10.08,0.21,Scoop,Right
1705996786633,-0.78568,-0.461648,-0.276696,-3.5,13.93,-1.47,Scoop,Right
1705996786634,-0.799344,-0.436272,-0.243512,-7.49,17.92,-7.84,Scoop,Right
1705996786679,-0.784704,-0.427488,-0.241072,-13.23,22.4,-15.47,Scoop,Right
1705996786679,-0.752496,-0.40748,-0.254248,-18.41,25.97,-20.79,Scoop,Right
1705996786680,-0.741272,-0.449936,-0.274256,-24.78,29.54,-22.82,Scoop,Right
1705996786724,-0.727608,-0.471408,-0.30012,-27.72,31.92,-22.82,Scoop,Right
1705996786725,-0.708088,-0.498248,-0.32452,-29.75,34.37,-20.58,Scoop,Right
1705996786726,-0.67344,-0.500688,-0.315736,-29.82,39.62,-19.67,Scoop,Right
1705996786772,-0.667096,-0.49776,-0.337696,-29.12,49.07,-18.97,Scoop,Right
1705996786772,-0.684664,-0.488,-0.351848,-28.35,59.78,-18.9,Scoop,Right
1705996786772,-0.684176,-0.452376,-0.391864,-28.77,68.74,-20.16,Scoop,Right
1705996786819,-0.689544,-0.450912,-0.432368,-30.66,75.67,-23.52,Scoop,Right
1705996786819,-0.701256,-0.459696,-0.462136,-33.11,78.61,-27.51,Scoop,Right
1705996786864,-0.675392,-0.491416,-0.481168,-35.21,76.23,-31.64,Scoop,Right
1705996786864,-0.64416,-0.505568,-0.476288,-38.43,75.95,-38.36,Scoop,Right
1705996786864,-0.62952,-0.506544,-0.50264,-40.74,78.26,-43.75,Scoop,Right
1705996786911,-0.589504,-0.49532,-0.532408,-42.56,78.19,-43.33,Scoop,Right
1705996786912,-0.529968,-0.479216,-0.56852,-43.75,78.47,-38.43,Scoop,Right
1705996786913,-0.490928,-0.458232,-0.583648,-43.82,82.32,-32.9,Scoop,Right
1705996786959,-0.488976,-0.469944,-0.593896,-43.33,88.76,-32.06,Scoop,Right
1705996786960,-0.467504,-0.491416,-0.61,-44.66,96.18,-34.93,Scoop,Right
1705996786960,-0.48556,-0.515816,-0.653432,-42.84,102.48,-36.75,Scoop,Right
1705996787004,-0.515328,-0.488,-0.691008,-37.87,103.25,-39.27,Scoop,Right
1705996787004,-0.499712,-0.465064,-0.67588,-35.14,99.75,-43.26,Scoop,Right
1705996787053,-0.47092,-0.422608,-0.617808,-35.28,99.89,-51.03,Scoop,Right
1705996787063,-0.460672,-0.403088,-0.580232,-42.21,114.8,-68.6,Scoop,Right
1705996787064,-0.460184,-0.361608,-0.585112,-49.56,120.4,-82.88,Scoop,Right
1705996787097,-0.423096,-0.350384,-0.589016,-57.33,120.33,-89.88,Scoop,Right
1705996787097,-0.357216,-0.385032,-0.60024,-60.41,117.53,-92.75,Scoop,Right
1705996787098,-0.284504,-0.398696,-0.597312,-61.46,117.04,-94.5,Scoop,Right
1705996787150,-0.233264,-0.398208,-0.605608,-65.45,116.76,-93.17,Scoop,Right
1705996787150,-0.183976,-0.365512,-0.662216,-75.32,116.83,-87.92,Scoop,Right
1705996787150,-0.142984,-0.38308,-0.742736,-84.42,113.61,-82.46,Scoop,Right
1705996787205,-0.083448,-0.393816,-0.771528,-72.87,110.25,-79.8,Scoop,Right
1705996787206,-0.02196,-0.368928,-0.74664,-55.72,114.17,-73.57,Scoop,Right
1705996787206,0.004392,-0.328424,-0.699792,-50.05,119.98,-66.92,Scoop,Right
1705996787257,0.059048,-0.322568,-0.695888,-54.39,125.3,-65.38,Scoop,Right
1705996787257,0.104432,-0.271816,-0.722728,-62.09,133.7,-64.75,Scoop,Right
1705996787258,0.162504,-0.246928,-0.8174,-66.78,137.97,-67.13,Scoop,Right
1705996787372,0.225944,-0.235216,-0.87596,-65.1,137.69,-67.34,Scoop,Right
1705996787373,0.272304,-0.236192,-0.88816,-60.69,130.06,-66.99,Scoop,Right
1705996787374,0.328424,-0.239608,-0.904752,-59.71,117.95,-66.22,Scoop,Right
1705996787374,0.382104,-0.280112,-0.965264,-58.87,104.65,-60.62,Scoop,Right
1705996787375,0.439688,-0.266448,-0.990152,-51.38,94.85,-52.36,Scoop,Right
1705996787375,0.530456,-0.216672,-0.960384,-44.87,91.63,-50.61,Scoop,Right
1705996787375,0.598288,-0.20496,-0.977464,-44.31,93.59,-52.85,Scoop,Right
1705996787421,0.630496,-0.219112,-1.030656,-43.54,96.18,-50.12,Scoop,Right
1705996787422,0.613416,-0.216672,-1.04188,-36.4,93.45,-46.48,Scoop,Right
1705996787422,0.599752,-0.184464,-1.018944,-34.65,82.25,-41.79,Scoop,Right
1705996787470,0.625128,-0.1708,-1.011624,-34.51,64.54,-37.31,Scoop,Right
1705996787471,0.652456,-0.17324,-1.004792,-30.45,50.96,-31.5,Scoop,Right
1705996787472,0.655872,-0.166408,-0.981856,-24.15,42.28,-25.55,Scoop,Right
1705996787516,0.686616,-0.1708,-0.952088,-19.74,39.13,-23.03,Scoop,Right
1705996787516,0.724192,-0.166408,-0.946232,-17.08,38.92,-22.4,Scoop,Right
1705996787561,0.776408,-0.15616,-0.984784,-14.42,37.59,-21.07,Scoop,Right
1705996787562,0.787632,-0.113704,-0.987224,-11.41,31.01,-17.08,Scoop,Right
1705996787562,0.742248,-0.077104,-0.99796,-9.94,21.35,-13.72,Scoop,Right
1705996787608,0.713456,-0.060512,-0.981856,-11.27,10.36,-15.05,Scoop,Right
1705996787608,0.679784,-0.10248,-0.974048,-11.48,0.28,-16.52,Scoop,Right
1705996787608,0.655384,-0.122488,-0.942328,-9.8,-6.51,-15.75,Scoop,Right
1705996787661,0.657824,-0.129808,-0.903776,-6.72,-13.51,-13.65,Scoop,Right
1705996787662,0.678808,-0.135664,-0.894992,-3.78,-16.87,-7.63,Scoop,Right
1705996787662,0.692472,-0.127856,-0.85644,-1.96,-16.38,-0.91,Scoop,Right
1705996787715,0.679296,-0.124928,-0.836432,-0.14,-10.85,5.32,Scoop,Right
1705996787716,0.625616,-0.099552,-0.803736,0.49,-2.94,8.4,Scoop,Right
1705996787717,0.571448,-0.085888,-0.772504,-0.49,2.59,6.86,Scoop,Right
1705996787765,0.54412,-0.061488,-0.770064,-3.08,4.97,1.33,Scoop,Right
1705996787766,0.532896,-0.028792,-0.767624,-8.26,4.97,-7.56,Scoop,Right
1705996787766,0.569008,-0.044896,-0.77836,-13.93,3.57,-17.15,Scoop,Right
1705996787808,0.620736,-0.082472,-0.81252,-19.04,2.45,-18.62,Scoop,Right
1705996787809,0.623176,-0.097112,-0.849608,-18.2,-2.52,-11.2,Scoop,Right
1705996787809,0.630496,-0.107848,-0.862784,-14.14,-8.89,-2.73,Scoop,Right
1705996787855,0.628056,-0.103456,-0.860832,-10.43,-12.32,2.59,Scoop,Right
1705996787855,0.637816,-0.088328,-0.857904,-5.39,-9.17,3.01,Scoop,Right
1705996787901,0.621712,-0.058072,-0.83936,-2.03,-0.7,0.42,Scoop,Right
1705996787901,0.606584,-0.055144,-0.828624,-1.54,6.44,-3.22,Scoop,Right
1705996787902,0.60512,-0.067344,-0.85156,-0.56,9.1,-3.29,Scoop,Right
1705996787949,0.49288,0.047824,-0.964776,6.93,-4.13,7.42,Scoop,Right
1705996787949,0.462624,-0.004392,-0.674904,3.15,2.38,14.49,Scoop,Right
1705996787949,0.575352,-0.049776,-0.803736,9.52,-5.81,7.91,Scoop,Right
1705996787995,0.564616,-0.106384,-0.850096,5.53,-5.53,5.25,Scoop,Right
1705996787996,0.583648,-0.08296,-0.80764,3.99,-7.28,4.69,Scoop,Right
1705996787996,0.571936,-0.09028,-0.828624,2.1,-8.19,3.64,Scoop,Right
1705996788041,0.593896,-0.096136,-0.817888,0.07,-6.44,1.47,Scoop,Right
1705996788041,0.556808,-0.100528,-0.81496,2.03,-4.48,0.56,Scoop,Right
1705996788088,0.551928,-0.098576,-0.82228,6.72,-0.35,3.29,Scoop,Right
1705996788088,0.569496,-0.116144,-0.796416,14.49,-0.21,9.1,Scoop,Right
1705996788088,0.538264,-0.169824,-0.824232,20.93,-8.54,15.33,Scoop,Right
1705996788135,0.56364,-0.1708,-0.80032,30.24,-4.97,26.67,Scoop,Right
1705996788136,0.5612,-0.156648,-0.783728,36.05,-7.98,31.22,Scoop,Right
1705996788136,0.692472,-0.294264,-0.833992,43.33,-9.03,34.09,Scoop,Right
1705996788183,2.40096,0.704184,-1.165832,48.58,-38.85,29.54,Scoop,Right
1705996788184,0.59536,-0.121024,-0.801296,-4.9,0.84,0.21,Scoop,Right
1705996788184,0.486536,-0.132248,-0.790072,7.0,-3.43,-11.83,Scoop,Right
1705996788231,0.532408,-0.196176,-0.831552,7.35,-3.57,-13.37,Scoop,Right
1705996788231,0.521184,-0.181536,-0.805688,2.59,-1.96,-7.14,Scoop,Right
1705996788231,0.543632,-0.162016,-0.81984,-0.91,-1.4,-2.31,Scoop,Right
1705996788279,0.531432,-0.162016,-0.80276,-1.12,-1.26,-2.31,Scoop,Right
1705996788280,0.541192,-0.169824,-0.810568,-1.26,-0.77,-2.24,Scoop,Right
1705996788325,0.540216,-0.171288,-0.826672,-1.47,-0.84,-2.1,Scoop,Right
1705996788326,0.538752,-0.16836,-0.813008,-1.33,-0.84,-2.24,Scoop,Right
1705996788326,0.541192,-0.166896,-0.813496,-1.4,-0.77,-2.24,Scoop,Right
1705996788379,0.545584,-0.16836,-0.815936,-1.26,-0.21,-2.52,Scoop,Right
1705996788379,0.542656,-0.171776,-0.820328,-1.26,-0.77,-2.38,Scoop,Right
1705996788379,0.536312,-0.166896,-0.824232,-1.54,-0.84,-2.38,Scoop,Right
1705996788499,0.537288,-0.1708,-0.819352,-1.68,-0.7,-2.31,Scoop,Right
1705996788499,0.54168,-0.170312,-0.813008,-1.47,-0.7,-2.38,Scoop,Right
1705996788499,0.547048,-0.16592,-0.81252,-1.26,-0.77,-2.17,Scoop,Right
1705996788499,0.537776,-0.170312,-0.814472,-1.4,-0.77,-2.38,Scoop,Right
1705996788499,0.537288,-0.166408,-0.815936,-1.68,-0.77,-2.24,Scoop,Right
1705996788500,0.541192,-0.164456,-0.812032,-1.4,-0.7,-2.45,Scoop,Right
1705996788500,0.538752,-0.166408,-0.816912,-1.05,-0.84,-2.24,Scoop,Right
1705996788543,0.53924,-0.167384,-0.823744,-1.19,-0.98,-2.17,Scoop,Right
1705996788544,0.539728,-0.166896,-0.823744,-1.26,-0.84,-2.24,Scoop,Right
1705996788544,0.543144,-0.169824,-0.821792,-1.26,-0.91,-2.31,Scoop,Right
1705996788590,0.537776,-0.160064,-0.812032,-0.28,-0.49,-1.82,Scoop,Right
1705996788590,0.543144,-0.171776,-0.817888,-1.26,-0.84,-2.24,Scoop,Right
1705996788590,0.541192,-0.169336,-0.816912,-1.4,-0.77,-2.24,Scoop,Right
1705996788647,0.542168,-0.170312,-0.815448,-1.4,-1.05,-2.31,Scoop,Right
1705996788684,0.537288,-0.166896,-0.81984,-1.4,-0.98,-2.24,Scoop,Right
1705996788684,0.543632,-0.171776,-0.820328,-1.26,-0.91,-2.17,Scoop,Right
1705996788729,0.543144,-0.167872,-0.814472,-1.54,-0.84,-2.31,Scoop,Right
1705996788730,0.543632,-0.168848,-0.817888,-1.33,-0.77,-2.31,Scoop,Right
1705996788731,0.540216,-0.1708,-0.817888,-1.33,-0.77,-2.38,Scoop,Right
1705996788774,0.539728,-0.168848,-0.82228,-0.98,-0.98,-2.1,Scoop,Right
1705996788775,0.538264,-0.169824,-0.815936,-1.19,-0.84,-2.31,Scoop,Right
1705996788775,0.542656,-0.167384,-0.815936,-1.4,-0.98,-2.31,Scoop,Right
1705996788823,0.543144,-0.172264,-0.815448,-0.56,-0.77,-1.89,Scoop,Right
1705996788823,0.542168,-0.166408,-0.820328,-1.26,-0.91,-2.31,Scoop,Right
1705996788869,0.542168,-0.16348,-0.813008,-1.47,-0.77,-2.17,Scoop,Right
1705996788870,0.534848,-0.162504,-0.809592,-1.54,-0.77,-2.17,Scoop,Right
1705996788871,0.54168,-0.169824,-0.81984,-1.33,-0.84,-2.31,Scoop,Right
1705996788916,0.546072,-0.171288,-0.818864,-1.19,-0.84,-2.31,Scoop,Right
1705996788916,0.542656,-0.172264,-0.82228,-1.33,-0.91,-2.24,Scoop,Right
1705996788916,0.540704,-0.166896,-0.818376,-1.33,-0.84,-2.31,Scoop,Right
1705996788961,0.546072,-0.167384,-0.818864,-1.4,-0.56,-2.03,Scoop,Right
1705996788962,0.545584,-0.16592,-0.823256,-1.19,-0.91,-2.17,Scoop,Right
1705996788962,0.544608,-0.168848,-0.819352,-1.26,-0.84,-2.1,Scoop,Right
1705996789009,0.535336,-0.165432,-0.808128,-1.47,-0.91,-2.31,Scoop,Right
1705996789010,0.541192,-0.165432,-0.813496,-1.4,-0.77,-2.24,Scoop,Right
1705996789057,0.539728,-0.1708,-0.815448,-1.33,-0.77,-2.1,Scoop,Right
1705996789058,0.541192,-0.167384,-0.821792,-1.54,-0.77,-2.1,Scoop,Right
1705996789058,0.540216,-0.168848,-0.816912,-1.26,-0.98,-2.38,Scoop,Right
1705996789102,0.539728,-0.165432,-0.815936,-1.26,-0.98,-2.31,Scoop,Right
1705996789102,0.53924,-0.16592,-0.813984,-1.33,-0.91,-2.03,Scoop,Right
1705996789102,0.543632,-0.16836,-0.821304,-1.33,-0.91,-2.17,Scoop,Right
1705996789149,0.54656,-0.16836,-0.819352,15.54,-1.33,-1.82,Scoop,Right
1705996789149,0.542168,-0.16836,-0.815448,-1.33,-0.84,-2.31,Scoop,Right
1705996789149,0.54168,-0.16592,-0.81496,-1.33,-0.91,-2.24,Scoop,Right
1705996789198,0.542656,-0.163968,-0.815936,-1.47,-0.63,-2.38,Scoop,Right
1705996789199,0.539728,-0.163968,-0.8174,-1.26,-0.98,-2.17,Scoop,Right
1705996789200,0.535824,-0.163968,-0.818376,-1.47,-0.91,-2.31,Scoop,Right
1705996789242,0.54656,-0.16592,-0.81984,-1.19,-0.84,-2.24,Scoop,Right
1705996789243,0.542656,-0.168848,-0.817888,-1.33,-0.77,-2.17,Scoop,Right
1705996789297,0.540216,-0.16836,-0.813008,-1.54,-0.56,-2.24,Scoop,Right
1705996789299,0.537776,-0.166896,-0.81984,-1.54,-0.77,-2.24,Scoop,Right
1705996789299,0.537776,-0.166896,-0.816424,-1.47,-0.84,-2.17,Scoop,Right
1705996789352,0.54412,-0.164456,-0.8174,-0.98,-0.77,-2.03,Scoop,Right
1705996789352,0.542168,-0.164456,-0.813984,-1.26,-0.77,-2.17,Scoop,Right
1705996789352,0.540704,-0.166408,-0.818864,-1.26,-0.77,-2.31,Scoop,Right
1705996789353,0.54168,-0.169824,-0.820328,-1.54,-0.7,-2.31,Scoop,Right
1705996789405,0.540216,-0.169824,-0.8174,-1.26,-0.98,-2.24,Scoop,Right
1705996789405,0.538264,-0.169336,-0.815936,-1.33,-0.98,-2.24,Scoop,Right
1705996789405,0.538752,-0.16836,-0.81008,-1.33,-0.84,-2.31,Scoop,Right
1705996789456,0.537288,-0.166896,-0.811056,-0.84,-0.91,-2.31,Scoop,Right
1705996789456,0.540216,-0.167384,-0.821304,-1.26,-0.91,-2.24,Scoop,Right
1705996789456,0.545584,-0.167384,-0.818864,-1.4,-0.77,-2.24,Scoop,Right
1705996789502,0.543632,-0.169336,-0.816912,-1.33,-1.05,-2.17,Scoop,Right
1705996789503,0.54168,-0.16836,-0.8174,-1.19,-0.77,-1.96,Scoop,Right
1705996789549,0.540216,-0.166896,-0.813008,-1.47,-0.77,-2.38,Scoop,Right
1705996789549,0.541192,-0.166408,-0.815936,-1.33,-0.84,-2.24,Scoop,Right
1705996789550,0.539728,-0.169336,-0.8174,-1.26,-0.91,-2.24,Scoop,Right
1705996789593,0.539728,-0.171776,-0.8174,-1.19,-0.42,-2.31,Scoop,Right
1705996789594,0.54168,-0.169336,-0.81496,-1.33,-0.84,-2.1,Scoop,Right
1705996789594,0.540216,-0.16836,-0.818864,-1.05,-0.91,-2.24,Scoop,Right
1705996789640,0.542656,-0.16348,-0.80764,-1.19,-1.26,-2.38,Scoop,Right
1705996789640,0.545584,-0.169824,-0.818864,-1.26,-0.91,-2.45,Scoop,Right
1705996789641,0.539728,-0.16592,-0.816424,-1.47,-0.84,-2.24,Noise,Unknown
1705996789688,0.54168,-0.164944,-0.818864,-1.68,-0.91,-2.24,Noise,Unknown
1705996789688,0.540704,-0.165432,-0.813984,-1.54,-0.7,-2.31,Noise,Unknown
1705996789736,0.540216,-0.169824,-0.823256,-1.26,-0.77,-2.24,Noise,Unknown
1705996789736,0.549488,-0.163968,-0.8174,-1.26,-0.98,-2.31,Noise,Unknown
1705996789736,0.540216,-0.169824,-0.820328,-1.26,-0.98,-2.31,Noise,Unknown
1705996789783,0.543144,-0.16836,-0.8174,-1.26,-0.98,-2.8,Noise,Unknown
1705996789783,0.542656,-0.165432,-0.816912,-1.26,-0.77,-2.17,Noise,Unknown
1705996789783,0.540216,-0.169336,-0.8174,-1.05,-0.84,-2.17,Noise,Unknown
1705996789827,0.545584,-0.162992,-0.818864,0.42,-0.91,-2.52,Noise,Unknown
1705996789827,0.541192,-0.16592,-0.8174,-1.12,-0.84,-2.1,Noise,Unknown
1705996789829,0.541192,-0.169824,-0.820816,-1.54,-0.84,-2.17,Noise,Unknown
1705996789875,0.53924,-0.168848,-0.813984,-1.33,-0.91,-2.52,Noise,Unknown
1705996789876,0.540216,-0.164456,-0.813008,-1.47,-0.98,-2.24,Noise,Unknown
1705996789922,0.5368,-0.169336,-0.815448,-1.26,-0.84,-2.17,Noise,Unknown
1705996789923,0.54168,-0.166408,-0.81496,-1.47,-0.91,-2.31,Noise,Unknown
1705996789923,0.541192,-0.167384,-0.820816,-1.47,-0.84,-2.38,Noise,Unknown
1705996789970,0.540216,-0.165432,-0.811056,-1.19,-0.7,-2.24,Noise,Unknown
1705996789970,0.53924,-0.166408,-0.818376,-1.4,-0.7,-2.17,Noise,Unknown
1705996789970,0.54412,-0.165432,-0.818376,-1.47,-0.91,-2.24,Noise,Unknown
1705996790015,0.538264,-0.171776,-0.81496,-0.21,-0.7,-1.68,Noise,Unknown
1705996790015,0.540216,-0.167384,-0.81252,-1.26,-0.77,-2.24,Noise,Unknown
1705996790015,0.540704,-0.164944,-0.820816,-1.12,-0.77,-2.31,Noise,Unknown
1705996790063,0.543632,-0.170312,-0.815936,-1.26,-0.91,-2.38,Noise,Unknown
1705996790063,0.543144,-0.1708,-0.815936,-1.47,-0.84,-2.17,Noise,Unknown
1705996790120,0.543144,-0.165432,-0.816912,-1.47,-0.63,-2.38,Noise,Unknown
1705996790120,0.538264,-0.16348,-0.808616,-1.4,-0.77,-2.24,Noise,Unknown
1705996790120,0.535824,-0.162016,-0.8174,-1.47,-0.77,-2.24,Noise,Unknown
1705996790171,0.540216,-0.167872,-0.816424,-1.89,-0.7,-2.52,Noise,Unknown
1705996790171,0.541192,-0.166896,-0.815936,-1.47,-0.98,-2.31,Noise,Unknown
1705996790172,0.54412,-0.167384,-0.818376,-1.4,-0.7,-2.24,Noise,Unknown
1705996790172,0.540216,-0.165432,-0.815936,-1.33,-0.84,-2.24,Noise,Unknown
1705996790224,0.542168,-0.167384,-0.818376,-1.47,-0.56,-2.24,Noise,Unknown
1705996790224,0.540704,-0.167384,-0.815448,-1.47,-0.98,-2.31,Noise,Unknown
1705996790225,0.540704,-0.1708,-0.815936,-1.33,-0.91,-2.1,Noise,Unknown
1705996790345,0.540216,-0.163968,-0.813496,-2.45,-0.21,-2.1,Noise,Unknown
1705996790345,0.538264,-0.16348,-0.811544,-1.47,-0.84,-2.31,Noise,Unknown
1705996790345,0.539728,-0.16592,-0.816912,-1.4,-0.77,-2.31,Noise,Unknown
1705996790345,0.538752,-0.167384,-0.817888,-1.26,-0.98,-2.17,Noise,Unknown
1705996790346,0.540216,-0.163968,-0.81252,-1.33,-0.91,-2.38,Noise,Unknown
1705996790346,0.53924,-0.169336,-0.813496,-1.4,-0.91,-2.24,Noise,Unknown
1705996790346,0.543632,-0.166408,-0.815936,-1.12,-0.91,-2.38,Noise,Unknown
