timestamp,acc_x,acc_y,acc_z,gyro_x,gyro_y,gyro_z,Motion,Hand
1706528946670,0.323056,0.245464,0.885232,81.9,102.9,-44.17,Noise,Unknown
1706528946671,0.3172,0.249368,0.874008,108.99,103.81,-36.75,Noise,Unknown
1706528946717,0.299632,0.300608,0.867664,91.42,72.45,-9.17,Noise,Unknown
1706528946718,0.28792,0.430904,0.856928,35.98,17.71,23.8,Noise,Unknown
1706528946718,0.275232,0.541192,0.837408,-50.89,-35.98,34.72,Noise,Unknown
1706528946765,0.262056,0.487512,0.851072,-66.5,-72.59,17.36,Noise,Unknown
1706528946768,0.26596,0.420656,0.927688,-62.02,-85.82,-10.08,Noise,Unknown
1706528946769,0.23424,0.3294,0.988688,-16.45,-66.5,-37.94,Noise,Unknown
1706528946893,0.259128,0.30744,1.081896,17.29,-17.71,-46.06,Noise,Unknown
1706528946894,0.25376,0.282552,1.023336,20.09,42.84,-43.75,Noise,Unknown
1706528946894,0.26108,0.261568,0.93696,46.13,81.62,-41.09,Noise,Right
1706528946894,0.234728,0.288896,0.89548,76.93,90.65,-27.72,Noise,Right
1706528946894,0.259128,0.29036,0.896944,69.65,70.35,15.4,Noise,Right
1706528946895,0.258152,0.374784,0.857416,31.78,30.94,36.05,Noise,Right
1706528946895,0.247416,0.505568,0.813496,-16.38,-21.21,61.04,Noise,Right
1706528947018,0.243024,0.539728,0.815936,-57.4,-60.2,53.34,Noise,Right
1706528947019,0.255224,0.498248,0.828624,-65.31,-81.13,25.27,Noise,Right
1706528947019,0.258152,0.411872,0.937448,-50.05,-87.57,-4.9,Noise,Right
1706528947019,0.244488,0.3294,1.013088,0.7,-68.11,-32.06,Noise,Right
1706528947019,0.25376,0.313296,1.032608,16.24,-7.28,-37.66,Noise,Right
1706528947019,0.241072,0.301096,0.952088,27.79,42.98,-40.95,Noise,Right
1706528947020,0.25132,0.30744,0.89548,75.11,73.85,-40.6,Noise,Right
1706528947020,0.227408,0.36112,0.869616,87.36,78.47,-28.63,Noise,Right
1706528947121,0.249856,0.37576,0.8662,74.83,55.86,-3.71,Noise,Right
1706528947121,0.238632,0.494832,0.83204,39.62,2.52,24.15,Noise,Right
1706528947122,0.229848,0.581696,0.831552,-18.2,-29.61,38.01,Noise,Right
1706528947122,0.218624,0.5978,0.828136,-57.47,-66.64,26.46,Noise,Right
1706528947123,0.256688,0.529968,0.913048,-75.6,-86.94,-0.42,Noise,Right
1706528947124,0.239608,0.421632,0.974048,-39.97,-82.74,-30.66,Noise,Right
1706528947170,0.245952,0.382104,1.07116,-3.43,-41.02,-50.96,Noise,Right
1706528947170,0.2318,0.351848,1.065304,7.0,19.04,-53.55,Noise,Right
1706528947170,0.228872,0.350384,0.97356,23.8,65.45,-55.3,Noise,Right
1706528947220,0.210328,0.32452,0.933056,54.81,84.14,-49.91,Noise,Right
1706528947220,0.19764,0.345504,0.90768,69.79,75.53,-28.07,Noise,Right
1706528947221,0.211304,0.435296,0.884256,46.69,48.3,13.09,Noise,Right
1706528947265,0.215208,0.55876,0.8418,-3.5,-2.31,45.5,Noise,Right
1706528947268,0.211792,0.618296,0.843264,-57.12,-51.66,51.94,Noise,Right
1706528947311,0.237168,0.55632,0.87352,-87.92,-86.73,33.04,Noise,Right
1706528947312,0.262056,0.459696,0.977464,-89.67,-101.36,4.2,Noise,Right
1706528947312,0.254248,0.357216,1.039928,-53.06,-84.7,-26.18,Noise,Right
1706528947359,0.247904,0.32696,1.087264,-28.14,-23.8,-38.78,Noise,Right
1706528947359,0.245464,0.304512,1.025776,-5.88,30.17,-47.88,Noise,Right
1706528947359,0.267912,0.2928,0.951112,22.05,65.38,-53.76,Noise,Right
1706528947487,0.230824,0.301096,0.923296,50.19,73.57,-45.78,Noise,Right
1706528947488,0.23668,0.323544,0.893528,52.01,60.62,-24.57,Noise,Right
1706528947488,0.21716,0.421144,0.876936,21.07,28.63,11.55,Noise,Right
1706528947488,0.252784,0.498736,0.862296,-34.16,-22.05,34.16,Noise,Right
1706528947488,0.231312,0.481656,0.843264,-72.73,-63.07,32.06,Noise,Right
1706528947488,0.247416,0.40992,0.851072,-86.45,-80.85,16.03,Noise,Right
1706528947489,0.260592,0.311344,0.89304,-84.35,-83.79,-2.03,Noise,Right
1706528947542,0.244488,0.229848,0.984784,-33.74,-69.09,-21.77,Noise,Right
1706528947542,0.208376,0.205448,0.962824,9.31,-21.63,-33.25,Noise,Right
1706528947543,0.249368,0.241072,0.947696,41.23,24.99,-36.26,Noise,Right
1706528947544,0.24644,0.270352,0.91744,70.63,52.85,-36.19,Noise,Right
1706528947590,0.245952,0.340136,0.894504,68.11,56.84,-22.19,Noise,Right
1706528947590,0.257664,0.421144,0.8662,46.62,38.22,3.5,Noise,Right
1706528947636,0.264984,0.513376,0.852536,6.58,-15.54,18.48,Noise,Right
1706528947636,0.247904,0.532896,0.876448,-40.18,-43.4,18.2,Noise,Right
1706528947636,0.26352,0.431392,0.879376,-60.48,-67.06,3.64,Noise,Right
1706528947686,0.23424,0.329888,0.895968,-76.23,-71.33,-15.47,Noise,Right
1706528947688,0.240096,0.233752,0.980392,-68.11,-65.03,-25.9,Noise,Right
1706528947688,0.223992,0.143472,0.965264,-25.83,-44.31,-32.2,Noise,Right
1706528947811,0.22204,0.181048,0.956968,2.73,5.39,-34.51,Noise,Right
1706528947811,0.243512,0.228872,0.952088,69.93,38.29,-36.82,Noise,Right
1706528947811,0.26108,0.314272,0.927688,111.3,52.01,-30.66,Noise,Right
1706528947812,0.22448,0.379176,0.916952,100.38,45.99,-13.23,Noise,Right
1706528947812,0.271328,0.478728,0.888648,51.31,21.91,4.27,Noise,Right
1706528947812,0.244976,0.537288,0.887184,0.42,-17.85,8.47,Noise,Right
1706528947812,0.267912,0.463112,0.894992,-50.33,-52.99,-0.42,Noise,Right
1706528947940,0.257176,0.365512,0.909632,-64.12,-69.16,-16.31,Noise,Right
1706528947940,0.254736,0.279136,0.970632,-75.74,-69.51,-22.54,Noise,Right
1706528947941,0.234728,0.198616,1.031632,-59.01,-56.63,-16.17,Noise,Right
1706528947941,0.244,0.1708,0.965264,-28.35,-14.98,-12.39,Noise,Right
1706528947941,0.228384,0.176656,0.946232,8.89,28.49,-9.1,Noise,Right
1706528947941,0.245464,0.276696,0.921832,56.63,51.17,-3.01,Noise,Right
1706528947941,0.262056,0.415776,0.893528,50.96,52.36,10.64,Noise,Right
1706528947941,0.28304,0.536312,0.879376,24.71,30.87,13.86,Noise,Right
1706528947997,0.288896,0.561688,0.888648,-17.99,-6.58,1.05,Noise,Right
1706528947997,0.2928,0.49532,0.913536,-56.91,-50.19,-20.72,Noise,Right
1706528947997,0.27816,0.355264,0.947696,-64.61,-64.19,-38.85,Noise,Right
1706528948117,0.275232,0.240096,1.01504,-74.69,-56.28,-43.75,Noise,Right
1706528948118,0.245952,0.150792,1.040904,-63.21,-34.16,-35.42,Noise,Right
1706528948118,0.268888,0.121512,0.97844,-36.4,2.24,-25.62,Noise,Right
1706528948119,0.24888,0.1342,0.977952,2.24,38.5,-18.76,Noise,Right
1706528948119,0.252784,0.182512,0.929152,49.63,52.71,-10.5,Noise,Right
1706528948120,0.291336,0.303048,0.904264,60.2,56.42,7.07,Noise,Right
1706528948120,0.294752,0.416264,0.911096,42.91,41.16,20.86,Noise,Right
1706528948162,0.294752,0.486048,0.896456,7.14,11.13,16.45,Noise,Right
1706528948163,0.30012,0.42212,0.918904,-27.02,-26.6,-3.92,Noise,Right
1706528948163,0.27328,0.31476,0.927688,-41.09,-42.7,-26.39,Noise,Right
1706528948211,0.247904,0.197152,0.94184,-32.69,-36.82,-38.64,Noise,Right
1706528948211,0.203496,0.121024,0.992104,-14.84,-16.03,-38.15,Noise,Right
1706528948211,0.193248,0.101992,0.945256,7.77,17.08,-30.94,Noise,Right
1706528948257,0.181536,0.123464,0.94184,27.93,44.8,-18.76,Noise,Right
1706528948257,0.162504,0.214232,0.885232,49.7,53.27,2.03,Noise,Right
1706528948257,0.184952,0.399184,0.839848,42.21,44.52,25.2,Noise,Right
1706528948306,0.197152,0.512888,0.845216,16.94,14.35,34.02,Noise,Right
1706528948307,0.204472,0.513864,0.874008,-22.05,-27.09,23.73,Noise,Right
1706528948307,0.208864,0.430904,0.896456,-45.5,-57.47,-3.01,Noise,Right
1706528948354,0.211792,0.316224,0.961848,-40.46,-60.9,-26.18,Noise,Right
1706528948354,0.22204,0.20252,1.016992,-43.89,-41.79,-36.82,Noise,Right
1706528948402,0.205936,0.11468,1.017968,-23.52,-8.33,-37.38,Noise,Right
1706528948402,0.16592,0.094672,0.940376,15.47,38.29,-38.85,Noise,Right
1706528948402,0.159088,0.118096,0.950624,51.52,73.29,-31.71,Noise,Right
1706528948451,0.149816,0.245464,0.876448,75.25,80.57,-14.91,Noise,Right
1706528948451,0.171776,0.441152,0.87108,71.96,63.14,7.98,Noise,Right
1706528948451,0.163968,0.594384,0.894504,29.82,19.18,19.95,Noise,Right
1706528948558,0.180072,0.610488,0.904752,-14.21,-32.62,9.24,Noise,Right
1706528948562,0.185928,0.512888,0.939888,-24.5,-64.33,-24.01,Noise,Right
1706528948564,0.220088,0.401136,1.032608,-24.92,-66.01,-53.83,Noise,Right
1706528948574,0.211792,0.245464,1.11996,-11.83,-35.7,-67.55,Noise,Right
1706528948579,0.22936,-0.050264,1.053104,-8.68,16.03,-59.92,Noise,Right
1706528948579,0.22692,-0.23912,0.908656,-37.73,54.74,-10.78,Noise,Right
1706528948602,0.1586,-0.113216,0.764696,-6.23,54.11,29.75,Noise,Right
1706528948604,0.128832,0.177144,0.781776,66.29,50.61,39.13,Noise,Right
1706528948604,0.131272,0.42212,0.89548,94.29,51.45,48.58,Noise,Right
1706528948649,0.13908,0.625128,0.921344,43.26,35.98,55.09,Noise,Right
1706528948650,0.145424,0.652944,0.904752,-3.01,-6.51,43.33,Noise,Right
1706528948650,0.144936,0.608536,0.95404,-25.13,-46.83,15.05,Noise,Right
1706528948701,0.122,0.515328,1.010648,-31.01,-64.26,-28.49,Noise,Right
1706528948701,0.14396,0.41968,1.085312,-26.18,-54.18,-53.48,Noise,Right
1706528948702,0.145424,0.150792,1.07848,14.07,-13.86,-69.23,Noise,Right
1706528948832,0.142496,-0.037576,0.964288,-9.24,39.55,-58.66,Noise,Right
1706528948832,0.135176,-0.137128,0.869616,-10.43,58.73,7.14,Noise,Right
1706528948832,0.091256,0.157624,0.77348,52.5,47.18,23.45,Noise,Right
1706528948832,0.096624,0.437736,0.839848,122.99,51.94,22.05,Noise,Right
1706528948832,0.099552,0.627568,0.930128,111.44,38.57,30.73,Noise,Right
1706528948832,0.110288,0.78324,0.902312,32.55,3.36,22.05,Noise,Right
1706528948833,0.099552,0.739808,0.915,7.77,-35.07,-13.65,Noise,Right
1706528948883,0.11224,0.590968,1.000888,28.28,-51.17,-59.01,Noise,Right
1706528948884,0.206424,0.1342,1.285392,71.05,-9.94,-45.71,Noise,Right
1706528948884,0.203496,0.189344,1.16388,15.47,51.8,-15.47,Noise,Right
1706528948884,0.100528,0.250832,0.732488,-8.19,42.21,-35.0,Noise,Right
1706528948929,0.019032,0.157624,0.574864,8.47,1.12,-2.94,Noise,Right
1706528948930,-0.083448,0.321104,0.664168,32.97,1.12,0.49,Noise,Right
1706528948977,-0.067832,0.454816,0.821304,48.58,13.79,6.79,Noise,Right
1706528948978,0.001464,0.527528,0.849608,50.68,18.41,20.3,Noise,Right
1706528948978,0.091256,0.7198,0.872544,47.25,7.63,35.7,Noise,Right
1706528949024,0.049776,0.74664,0.993568,13.93,-17.78,32.27,Noise,Right
1706528949026,0.205936,0.620736,1.121424,1.96,-29.12,19.81,Noise,Right
1706528949026,0.20008,0.467016,1.18584,-2.45,-12.67,4.48,Noise,Right
1706528949071,0.2074,0.415776,1.09556,-63.21,-0.63,-7.07,Noise,Right
1706528949071,0.178608,0.374296,0.981368,-68.88,-4.62,-18.27,Noise,Right
1706528949071,0.055144,0.229848,0.729072,-22.75,1.89,-38.36,Noise,Right
1706528949124,-0.065392,0.18056,0.591944,-17.36,12.53,-35.21,Noise,Right
1706528949126,-0.081496,0.247416,0.57584,13.23,14.98,-13.44,Noise,Right
1706528949164,-0.071248,0.327936,0.713944,37.87,20.86,17.71,Noise,Right
1706528949165,0.00732,0.438224,0.825208,44.52,19.39,50.26,Noise,Right
1706528949165,0.096624,0.5856,0.87596,20.3,0.56,72.38,Noise,Right
1706528949208,0.14884,0.650992,0.87352,-38.5,-44.94,70.0,Noise,Right
1706528949209,0.183,0.575352,0.899872,-57.96,-99.05,54.6,Noise,Right
1706528949209,0.208864,0.465552,0.932568,-76.79,-126.98,23.31,Noise,Right
1706528949255,0.264496,0.39528,1.07604,-85.26,-127.26,4.55,Noise,Right
1706528949256,0.259128,0.286456,1.250256,-65.38,-100.52,-1.26,Noise,Right
1706528949305,0.153232,0.193248,1.02968,12.25,-22.47,-12.95,Noise,Right
1706528949305,0.18056,0.196176,1.031632,52.57,70.42,-19.67,Noise,Right
1706528949306,0.142008,0.260592,0.884744,114.59,124.95,-18.76,Noise,Right
1706528949349,0.114192,0.288896,0.836432,132.93,148.82,-5.32,Noise,Right
1706528949349,0.108824,0.367464,0.758352,114.73,125.44,24.08,Noise,Right
1706528949350,0.13908,0.581208,0.721752,65.59,70.84,65.52,Noise,Right
1706528949395,0.1342,0.65148,0.716384,-13.93,-11.62,82.67,Noise,Right
1706528949395,0.147864,0.591944,0.742248,-67.34,-94.71,71.19,Noise,Right
1706528949396,0.181048,0.4636,0.769576,-102.55,-147.35,42.77,Noise,Right
1706528949442,0.260592,0.364536,0.939888,-115.85,-168.49,25.34,Noise,Right
1706528949443,0.108336,0.24644,1.116544,-97.86,-152.11,21.56,Noise,Right
1706528949489,0.237168,0.166408,1.054568,-21.7,-86.52,19.39,Noise,Right
1706528949490,0.144448,0.181048,0.930128,6.23,13.09,18.2,Noise,Right
1706528949490,0.181536,0.279136,0.859368,64.47,81.41,24.43,Noise,Right
1706528949535,0.17812,0.33916,0.731024,112.35,111.16,27.86,Noise,Right
1706528949535,0.199592,0.560224,0.670512,124.67,99.4,37.24,Noise,Right
1706528949535,0.159088,0.689056,0.772016,65.24,45.99,45.99,Noise,Right
1706528949582,0.296704,0.68808,0.792024,-13.44,-40.6,30.8,Noise,Right
1706528949587,0.27084,0.557784,0.79056,-66.64,-116.13,-0.28,Noise,Right
1706528949587,0.35136,0.386496,0.874984,-84.7,-157.43,-18.41,Noise,Right
1706528949630,0.46116,0.22448,1.012112,-105.42,-168.63,-18.13,Noise,Right
1706528949631,0.25864,0.084424,1.143384,-159.74,-144.76,-1.61,Noise,Right
1706528949692,0.48068,-0.018056,1.077016,2.73,-89.53,25.13,Noise,Right
1706528949695,0.233264,0.113216,0.959896,26.04,16.31,40.88,Noise,Right
1706528949698,0.320128,0.242048,0.906216,61.88,90.93,73.71,Noise,Right
1706528949724,0.377224,0.4392,0.742736,103.81,112.63,83.51,Noise,Right
1706528949724,0.372832,0.699304,0.75396,105.7,86.66,77.42,Noise,Right
1706528949724,0.38552,0.790072,0.877912,45.22,15.19,51.38,Noise,Right
1706528949770,0.48312,0.61976,0.870592,-27.23,-68.74,0.14,Noise,Right
1706528949770,0.452376,0.44164,0.861808,-40.6,-115.99,-53.48,Noise,Right
1706528949771,0.51728,0.29036,0.959896,-28.07,-118.65,-68.67,Noise,Right
1706528949818,0.526552,0.171776,1.055056,-23.8,-101.57,-50.47,Noise,Right
1706528949820,0.38796,0.117608,1.084336,-72.45,-64.96,-7.56,Noise,Right
1706528949864,0.312808,0.15128,1.062376,-37.03,-19.67,39.34,Noise,Right
1706528949864,0.340136,0.223504,0.971608,18.55,28.0,76.58,Noise,Right
1706528949864,0.355752,0.320616,0.842288,49.98,58.45,94.64,Noise,Right
1706528949911,0.452864,0.946232,0.512888,36.47,53.9,84.77,Noise,Right
1706528949911,0.467992,0.754936,0.921832,2.03,36.82,34.02,Noise,Right
1706528949913,0.478728,0.521184,0.981856,-12.32,-9.1,-20.09,Noise,Right
1706528949959,0.493856,0.382592,0.863272,-20.79,-42.14,-72.94,Noise,Right
1706528949959,0.432368,0.427,0.946232,-4.27,-72.94,-78.4,Noise,Right
1706528949960,0.455304,0.122976,1.038952,-41.51,-65.24,-68.39,Noise,Right
1706528950005,0.4758,0.104432,0.967704,-72.1,-39.55,-35.7,Noise,Right
1706528950006,0.425048,0.091256,0.976488,-45.64,-7.63,6.3,Noise,Right
1706528950053,0.325984,0.076128,0.813496,14.7,16.38,53.62,Noise,Right
1706528950053,0.360144,0.221064,0.853512,19.95,26.74,79.94,Noise,Right
1706528950053,0.413336,0.467504,0.912072,7.91,27.3,80.43,Noise,Right
1706528950099,0.402112,0.640744,0.89792,-13.93,8.96,56.14,Noise,Right
1706528950100,0.515816,0.388936,0.951112,-55.09,-25.41,28.14,Noise,Right
1706528950100,0.459696,0.35136,0.820816,-40.11,-66.78,-8.96,Noise,Right
1706528950145,0.414312,0.0366,1.017968,-52.64,-75.53,-13.23,Noise,Right
1706528950145,0.515816,0.053192,0.894504,-46.83,-64.82,-16.45,Noise,Right
1706528950145,0.513376,0.105896,0.869128,-81.2,-67.06,-12.46,Noise,Right
1706528950192,0.537776,0.089304,0.877424,-50.75,-53.48,14.42,Noise,Right
1706528950192,0.467016,0.172752,0.853512,-1.68,-16.73,40.95,Noise,Right
1706528950243,0.410896,0.179096,0.759328,28.98,7.56,63.07,Noise,Right
1706528950251,0.448472,0.285968,0.020008,33.67,1.26,69.37,Noise,Right
1706528950252,0.472384,0.3904,0.759328,35.56,-36.82,14.56,Noise,Right
1706528950287,2.678632,-0.068808,0.55876,32.55,-49.49,23.45,Noise,Right
1706528950287,0.472872,0.125904,1.036512,-95.41,-47.88,26.11,Noise,Right
1706528950287,0.821792,0.127368,0.77104,-66.43,-54.53,12.32,Noise,Right
1706528950329,0.5978,0.05124,0.790072,-32.2,-59.99,-13.37,Noise,Right
1706528950329,0.548024,-0.017568,0.798856,-20.16,-54.95,-25.83,Noise,Right
1706528950375,0.574376,-0.147864,0.783728,-49.77,-43.4,-14.35,Noise,Right
1706528950376,0.614392,-0.122976,0.706624,-49.21,-19.95,-7.42,Noise,Right
1706528950376,0.504592,-0.04148,0.67588,-30.1,0.28,29.33,Noise,Right
1706528950423,0.458232,0.792024,0.56608,-96.6,-14.42,-13.93,Noise,Right
1706528950423,0.38064,0.660752,0.811056,-57.54,-42.7,11.62,Noise,Right
1706528950423,0.571448,0.279136,1.059448,-45.57,-22.61,19.11,Noise,Right
1706528950471,0.647576,0.056608,0.872056,-51.17,-39.06,31.36,Noise,Right
1706528950471,0.698816,0.047824,0.79544,-76.51,-57.89,20.72,Noise,Right
1706528950472,0.659288,0.006344,0.803736,-50.12,-58.45,-13.72,Noise,Right
1706528950518,0.61,-0.123952,0.68564,-13.72,-40.18,-24.29,Noise,Right
1706528950518,0.701256,-0.098088,0.72956,-30.24,-25.55,-25.55,Noise,Right
1706528950565,0.603168,-0.25864,0.676368,-30.87,-8.19,-14.7,Noise,Right
1706528950565,0.550952,-0.282064,0.596824,-44.17,11.41,-6.16,Noise,Right
1706528950566,0.559248,-0.262544,0.528992,-48.58,18.76,15.4,Noise,Right
1706528950610,0.675392,-0.22692,0.575352,-9.59,19.74,30.24,Noise,Right
1706528950611,0.707112,0.213256,1.017968,29.68,24.71,36.26,Noise,Right
1706528950611,0.643672,0.276696,0.967704,8.12,23.38,23.45,Noise,Right
1706528950657,0.75396,0.101504,0.855464,-5.18,-15.33,1.54,Noise,Right
1706528950657,0.557784,0.0244,0.645624,-18.48,-52.85,-20.65,Noise,Right
1706528950658,0.679784,-0.118096,0.79056,-5.39,-49.98,-35.14,Noise,Right
1706528950704,0.657824,-0.289384,0.800808,12.46,-22.33,-33.95,Noise,Right
1706528950704,0.738344,-0.3172,0.655872,-66.22,-7.91,-10.57,Noise,Right
1706528950749,0.709552,-0.366,0.657336,-31.5,-5.39,14.21,Noise,Right
1706528950750,0.586576,-0.311344,0.58072,-16.24,13.51,15.19,Noise,Right
1706528950750,0.606584,-0.243024,0.529968,7.42,30.52,25.2,Noise,Right
1706528950797,0.716872,-0.192272,0.734928,48.86,27.65,35.7,Noise,Right
1706528950798,0.693448,0.094672,1.167784,-23.03,43.05,-32.83,Noise,Right
1706528950798,0.64172,0.312808,1.018456,31.29,12.46,-4.76,Noise,Right
1706528950854,0.676368,0.062464,0.972096,14.49,-17.64,19.6,Noise,Right
1706528950854,0.701744,-0.088816,0.764696,-24.92,-44.1,26.53,Noise,Right
1706528950859,0.657336,-0.203984,0.750544,-26.67,-49.42,10.08,Noise,Right
1706528950891,0.616832,-0.335256,0.716384,-12.74,-24.92,0.28,Noise,Right
1706528950891,0.599264,-0.267912,0.6222,-9.73,-18.34,-19.25,Noise,Right
1706528950936,0.642208,-0.376248,0.671976,-18.97,-6.58,-25.06,Noise,Right
1706528950936,0.660752,-0.30744,0.639768,-27.58,3.5,-12.95,Noise,Right
1706528950937,0.611952,-0.282552,0.635376,-21.56,12.6,-11.13,Noise,Right
1706528950982,0.67344,-0.169824,0.655872,-4.69,22.12,-7.14,Noise,Right
1706528950984,0.412848,-0.088816,0.904752,65.87,39.41,-17.5,Noise,Right
1706528950984,0.776408,0.133712,0.938912,45.15,13.16,-5.11,Noise,Right
1706528951029,0.684176,0.071248,0.95892,-0.07,-8.82,6.51,Noise,Right
1706528951031,0.715896,-0.0732,0.8052,-43.61,-25.06,-8.33,Noise,Right
1706528951031,0.658312,-0.110776,0.742736,-3.85,-33.04,-32.2,Noise,Right
1706528951077,0.629032,-0.290848,0.80032,67.27,-31.78,-39.62,Noise,Right
1706528951077,0.608536,-0.327936,0.728096,88.2,-18.97,-27.58,Noise,Right
1706528951124,0.550952,-0.39772,0.530944,53.2,4.06,-1.19,Noise,Right
1706528951124,0.633912,-0.228384,0.54412,78.19,31.5,29.96,Noise,Right
1706528951124,0.615368,-0.141032,0.847656,118.58,68.81,30.8,Noise,Right
1706528951170,0.4758,0.364048,0.917928,-38.5,87.5,-17.85,Noise,Right
1706528951170,0.61,0.25132,0.804224,73.71,64.82,-20.02,Noise,Right
1706528951171,0.621224,0.203984,1.04188,49.98,32.06,-5.11,Noise,Right
1706528951217,0.74176,0.140544,1.018456,-54.46,-13.16,2.52,Noise,Right
1706528951218,0.644648,0.072224,0.90524,-78.89,-70.77,-28.28,Noise,Right
1706528951218,0.635864,-0.083448,0.848632,-65.24,-53.48,-47.25,Noise,Right
1706528951264,0.64416,-0.217648,0.764208,-36.33,-38.15,-48.09,Noise,Right
1706528951264,0.589504,-0.254248,0.764208,-18.13,-31.08,-35.0,Noise,Right
1706528951311,0.550464,-0.287432,0.79788,-30.31,-8.12,-8.61,Noise,Right
1706528951312,0.559736,-0.334768,0.650016,-29.33,18.55,21.35,Noise,Right
1706528951312,0.550464,-0.293776,0.611464,7.7,44.17,36.82,Noise,Right
1706528951358,0.590968,-0.198128,0.647576,46.48,42.14,51.45,Noise,Right
1706528951359,0.602192,0.691496,2.266272,47.6,24.92,69.3,Noise,Right
1706528951359,0.654896,0.3416,1.199016,-199.71,20.58,-18.69,Noise,Right
1706528951411,0.68564,0.0122,0.978928,28.49,10.36,4.06,Noise,Right
1706528951413,0.662704,-0.016104,0.974536,-41.44,-10.15,-27.16,Noise,Right
1706528951413,0.600728,-0.045384,0.72224,-17.01,-30.03,-59.57,Noise,Right
1706528951450,0.583648,-0.221064,0.777384,16.52,-33.32,-66.43,Noise,Right
1706528951450,0.6222,-0.299632,0.918904,11.9,-25.34,-50.61,Noise,Right
1706528951499,0.564616,-0.30744,0.864736,1.75,-9.52,-16.8,Noise,Right
1706528951499,0.533872,-0.348432,0.652944,34.72,27.51,10.43,Noise,Right
1706528951499,0.55388,-0.338672,0.639768,78.96,67.9,43.26,Noise,Right
1706528951545,0.645624,-0.093696,0.712968,127.05,87.92,70.77,Noise,Right
1706528951546,-0.08784,1.030656,1.021872,-14.07,63.35,-32.34,Noise,Right
1706528951546,0.675392,0.35136,0.991128,130.97,58.8,-13.23,Noise,Right
1706528951591,0.606584,0.16348,1.038464,55.16,50.47,2.87,Noise,Right
1706528951592,0.69052,0.229848,0.896456,-24.5,11.13,-55.16,Noise,Right
1706528951592,0.530944,0.088328,0.88572,8.75,-2.38,-92.05,Noise,Right
1706528951638,0.587064,-0.06588,0.959896,14.0,-7.7,-100.8,Noise,Right
1706528951638,0.555344,-0.15128,1.022848,2.87,-10.36,-83.37,Noise,Right
1706528951685,0.545584,-0.222528,1.000888,2.8,10.99,-45.08,Noise,Right
1706528951686,0.508008,-0.200568,0.909632,-2.8,55.65,-2.66,Noise,Right
1706528951686,0.5124,-0.30012,0.761768,26.25,86.45,40.32,Noise,Right
1706528951733,0.410408,-0.090768,0.754936,47.88,95.34,64.61,Noise,Right
1706528951734,0.180072,0.194712,0.764696,83.58,80.08,84.35,Noise,Right
1706528951734,0.342576,0.34892,0.9028,29.05,45.15,74.97,Noise,Right
1706528951782,0.565592,0.44652,0.879864,-18.41,-0.49,17.71,Noise,Right
1706528951782,0.371856,0.308904,0.92476,-29.26,-40.18,-47.39,Noise,Right
1706528951782,0.439688,0.143472,0.878888,-25.34,-49.14,-88.83,Noise,Right
1706528951913,0.46848,-0.006344,0.962336,-4.27,-44.31,-94.57,Noise,Right
1706528951913,0.474336,-0.142008,1.037,-13.02,-43.89,-69.02,Noise,Right
1706528951913,0.406992,-0.229848,1.038464,-43.68,-28.77,-16.52,Noise,Right
1706528951913,0.440176,-0.216672,0.904752,-34.93,13.09,23.03,Noise,Right
1706528951914,0.402112,-0.19276,0.877424,19.67,49.14,52.43,Noise,Right
1706528951914,0.433344,-0.11956,0.846192,63.49,64.26,73.15,Noise,Right
1706528951914,0.447496,0.108336,0.828624,66.78,58.38,91.98,Noise,Right
1706528951981,0.427488,0.311344,0.904264,16.03,30.94,88.27,Noise,Right
1706528951982,0.414312,0.406992,0.934032,-32.62,-20.72,42.77,Noise,Right
1706528951990,0.392352,0.321592,0.932568,-36.19,-53.83,-23.17,Noise,Right
1706528951992,0.433832,0.169824,0.880352,-37.87,-59.08,-78.82,Noise,Right
1706528952011,0.420656,0.017568,0.914512,-5.04,-46.55,-103.39,Noise,Right
1706528952012,0.504592,-0.12444,1.062376,3.71,-43.33,-91.7,Noise,Right
1706528952058,0.437736,-0.20984,0.91744,-4.41,-14.28,-44.1,Noise,Right
1706528952058,0.39772,-0.266448,0.939888,41.86,44.87,0.84,Noise,Right
1706528952058,0.391376,-0.194712,0.943792,99.47,102.34,25.69,Noise,Right
1706528952105,0.411384,-0.088328,0.901336,143.43,126.84,45.36,Noise,Right
1706528952105,0.423096,0.107848,0.839848,159.88,122.01,62.79,Noise,Right
1706528952106,0.376248,0.38552,0.887672,113.05,86.66,72.94,Noise,Right
1706528952151,0.313784,0.536312,0.955992,23.24,12.18,45.57,Noise,Right
1706528952152,0.338184,0.480192,0.91744,-62.86,-40.39,-13.65,Noise,Right
1706528952198,0.305976,0.331352,0.935496,-77.63,-66.15,-67.55,Noise,Right
1706528952199,0.325984,0.160064,0.928176,-81.06,-73.5,-95.48,Noise,Right
1706528952200,0.398696,-0.001464,0.996008,-63.07,-70.14,-87.78,Noise,Right
1706528952246,0.331352,-0.191784,1.031632,-29.4,-47.67,-47.81,Noise,Right
1706528952246,0.330864,-0.200568,0.94916,44.38,21.0,0.35,Noise,Right
1706528952246,0.328912,-0.206912,0.941352,101.43,88.76,31.92,Noise,Right
1706528952294,0.318176,-0.061,0.89548,133.84,115.64,45.78,Noise,Right
1706528952294,0.372344,0.142008,0.823744,154.28,106.26,60.9,Noise,Right
1706528952295,0.338184,0.491416,0.890112,119.63,64.89,71.05,Noise,Right
1706528952341,0.357216,0.644648,0.960872,28.35,-14.35,49.07,Noise,Right
1706528952342,0.325984,0.611464,0.99552,-89.18,-71.96,-9.45,Noise,Right
1706528952342,0.305,0.44408,0.957456,-116.27,-97.02,-66.64,Noise,Right
1706528952388,0.287432,0.249856,0.950136,-121.52,-91.84,-99.33,Noise,Right
1706528952388,0.350872,0.049288,1.01748,-97.02,-77.7,-98.42,Noise,Right
1706528952435,0.124928,-0.079544,1.165344,-43.82,-37.66,-60.27,Noise,Right
1706528952436,0.398208,-0.115168,0.953064,-8.61,9.87,-23.03,Noise,Right
1706528952436,0.304512,-0.09272,0.955504,52.78,64.19,0.98,Noise,Right
1706528952480,0.347944,-0.056608,0.906216,114.31,88.2,15.19,Noise,Right
1706528952480,0.33916,0.092232,0.866688,141.05,82.6,35.0,Noise,Right
1706528952481,0.369416,0.365024,0.916952,126.35,50.82,53.41,Noise,Right
1706528952526,0.345504,0.554368,0.981368,33.04,0.42,48.58,Noise,Right
1706528952527,0.344528,0.555344,0.986736,-74.55,-50.33,10.43,Noise,Right
1706528952527,0.323544,0.398208,0.972096,-95.2,-75.53,-41.86,Noise,Right
1706528952573,0.320128,0.247904,1.007232,-84.42,-74.48,-80.15,Noise,Right
1706528952574,0.366,0.06832,1.103856,-65.59,-57.61,-78.75,Noise,Right
1706528952619,0.28304,-0.06832,1.10044,-29.19,-20.51,-51.66,Noise,Right
1706528952620,0.325984,-0.067344,1.016016,33.32,50.33,-19.25,Noise,Right
1706528952620,0.30256,-0.030256,1.023336,99.96,99.19,3.92,Noise,Right
1706528952667,0.313784,0.106384,0.972096,121.87,106.05,29.89,Noise,Right
1706528952668,0.340136,0.340136,0.934032,119.63,84.56,55.79,Noise,Right
1706528952668,0.318176,0.558272,0.982832,49.28,30.94,65.24,Noise,Right
1706528952714,0.329888,0.64416,0.959408,-61.04,-28.56,34.86,Noise,Right
1706528952715,0.286456,0.53192,0.95892,-96.46,-67.13,-14.07,Noise,Right
1706528952716,0.270352,0.377712,0.937448,-93.8,-74.62,-62.65,Noise,Right
1706528952760,0.321104,0.216672,1.007232,-70.49,-66.92,-86.87,Noise,Right
1706528952761,0.297192,0.066856,1.035048,-63.91,-45.64,-73.85,Noise,Right
1706528952807,0.259616,-0.042944,1.01992,-69.37,-15.68,-42.98,Noise,Right
1706528952807,0.228872,-0.028304,0.969656,-28.98,14.28,-10.78,Noise,Right
1706528952807,0.263032,-0.027816,0.931592,14.14,39.27,11.06,Noise,Right
1706528952854,0.31232,0.032696,0.935984,52.36,44.1,35.56,Noise,Right
1706528952854,0.351848,0.147864,0.941352,64.61,28.63,53.97,Noise,Right
1706528952854,0.353312,0.27084,0.97356,16.94,7.0,61.11,Noise,Right
1706528952900,0.362584,0.3294,0.959408,-44.31,-14.91,40.18,Noise,Right
1706528952900,0.327936,0.260104,0.946232,-60.69,-26.6,-0.7,Noise,Right
1706528952901,0.313784,0.130296,0.906216,-38.08,-22.26,-51.52,Noise,Right
1706528952954,0.299632,0.043432,0.969168,-4.13,-12.32,-70.56,Noise,Right
1706528952954,0.260104,-0.022448,0.958432,-14.28,-1.75,-58.1,Noise,Right
1706528953061,0.241072,-0.062464,0.929152,-29.82,10.08,-27.93,Noise,Right
1706528953062,0.250832,-0.069296,0.91744,-22.05,8.82,5.32,Noise,Right
1706528953062,0.266936,0.003416,0.891576,2.1,-5.95,33.46,Noise,Right
1706528953062,0.313784,0.164944,0.892552,10.29,-18.62,58.1,Noise,Right
1706528953062,0.342576,0.304024,0.982832,33.88,-29.89,53.62,Noise,Right
1706528953062,0.332816,0.325008,1.016992,29.47,-32.69,20.79,Noise,Right
1706528953062,0.342576,0.252784,0.993568,11.97,-19.74,-29.05,Noise,Right
1706528953167,0.30256,0.166408,0.982344,42.07,4.13,-74.97,Noise,Right
1706528953167,0.30256,0.077592,1.010648,73.5,20.86,-92.68,Noise,Right
1706528953167,0.260592,0.03172,0.983808,68.46,36.47,-78.61,Noise,Right
1706528953167,0.240096,0.027816,0.941352,39.13,42.35,-43.75,Noise,Right
1706528953168,0.245952,0.065392,0.904752,1.54,26.88,-1.68,Noise,Right
1706528953168,0.264496,0.1952,0.886696,-30.94,-6.93,42.63,Noise,Right
1706528953211,0.28548,0.325984,0.910608,-77.77,-49.35,72.87,Noise,Right
1706528953211,0.248392,0.352824,0.94672,-105.77,-86.24,61.81,Noise,Right
1706528953212,0.319152,0.290848,0.95404,-40.88,-85.19,20.02,Noise,Right
1706528953264,0.311344,0.22692,1.02724,45.85,-36.89,-35.56,Noise,Right
1706528953264,0.255224,0.154208,1.076528,103.46,28.0,-80.08,Noise,Right
1706528953264,0.2806,0.107848,1.047736,109.55,85.47,-100.52,Noise,Right
1706528953307,0.284992,0.040992,0.973072,118.02,116.76,-94.64,Noise,Right
1706528953308,0.223504,0.05368,0.8906,69.09,115.01,-74.06,Noise,Right
1706528953352,0.193736,0.142008,0.83692,15.61,81.48,-30.87,Noise,Right
1706528953354,0.177632,0.269376,0.845704,-47.6,22.75,20.51,Noise,Right
1706528953354,0.23424,0.354288,0.874008,-143.5,-45.36,54.25,Noise,Right
1706528953400,0.16836,0.330864,0.896944,-228.41,-101.92,56.35,Noise,Right
1706528953400,0.202032,0.193248,0.901336,-246.82,-130.34,29.26,Noise,Right
1706528953400,0.25376,0.020496,1.015528,-156.94,-113.75,-11.13,Noise,Right
1706528953445,0.252784,-0.130296,1.026752,-29.96,-57.12,-40.32,Noise,Right
1706528953446,0.254736,-0.11468,1.021872,62.72,35.7,-58.45,Noise,Right
1706528953446,0.305976,-0.13664,1.020896,106.89,117.18,-59.15,Noise,Right
1706528953492,0.305,-0.104432,0.972584,143.01,148.33,-53.62,Noise,Right
1706528953492,0.243512,-0.040992,0.907192,119.98,134.89,-32.27,Noise,Right
1706528953539,0.215208,0.143472,0.903288,80.22,83.09,6.65,Noise,Right
1706528953539,0.223992,0.288408,0.947208,-11.69,7.42,46.41,Noise,Right
1706528953539,0.193736,0.310368,0.937448,-110.46,-60.13,52.08,Noise,Right
1706528953583,0.171776,0.224968,0.950136,-143.29,-95.2,24.85,Noise,Right
1706528953584,0.206912,0.10736,1.018456,-119.98,-90.44,-11.62,Noise,Right
1706528953584,0.172752,-0.071248,1.11508,-46.76,-50.19,-38.71,Noise,Right
1706528953631,0.131272,-0.135176,1.081896,43.82,27.72,-53.34,Noise,Right
1706528953631,0.190808,-0.125416,1.050664,112.28,112.28,-51.87,Noise,Right
1706528953632,0.188856,-0.09516,0.965264,159.11,155.82,-40.95,Noise,Right
1706528953678,0.137128,0.001952,0.929152,177.73,151.9,-15.61,Noise,Right
1706528953678,0.09516,0.145424,0.878888,143.08,100.38,24.92,Noise,Right
1706528953726,0.140544,0.4026,0.912072,26.53,11.41,70.14,Noise,Right
1706528953728,0.116144,0.520208,0.940864,-66.85,-63.91,75.32,Noise,Right
1706528953737,0.072224,0.49288,0.981856,-112.63,-106.33,24.85,Noise,Right
1706528953776,0.152744,0.32452,1.055056,-96.6,-108.57,-38.08,Noise,Right
1706528953776,0.16592,0.11712,1.18096,-40.18,-74.76,-81.48,Noise,Right
1706528953776,0.122488,-0.434808,1.107272,10.85,4.83,-64.33,Noise,Right
1706528953821,0.179584,-0.394792,1.009672,-15.4,72.66,23.87,Noise,Right
1706528953821,0.11224,-0.0976,0.790072,48.23,90.09,37.1,Noise,Right
1706528953821,0.120048,0.1586,0.8296,170.03,89.67,21.7,Noise,Right
1706528953867,0.035136,0.342576,0.863272,182.21,65.45,17.15,Noise,Right
1706528953867,0.060024,0.626592,0.9394,66.22,9.31,40.67,Noise,Right
1706528953914,0.02684,0.699792,0.97844,-52.15,-40.18,30.66,Noise,Right
1706528953914,0.049776,0.651968,0.982344,-60.83,-71.47,-22.61,Noise,Right
1706528953914,0.063928,0.50752,1.035048,-5.11,-69.23,-94.71,Noise,Right
1706528953960,0.164944,-0.130296,1.403488,82.39,-9.1,-83.37,Noise,Right
1706528953960,0.150304,-0.194224,1.257576,-1.26,61.18,-28.14,Noise,Right
1706528953961,0.119072,-0.16104,0.574376,-26.6,35.07,-6.44,Noise,Right
1706528954007,0.003416,-0.038064,0.565104,72.73,1.26,6.86,Noise,Right
1706528954008,-0.019032,0.160064,0.764696,148.12,3.08,8.82,Noise,Right
1706528954008,0.02684,0.296216,0.87596,191.1,17.99,24.5,Noise,Right
1706528954054,0.057584,0.564128,0.957456,145.95,24.08,47.32,Noise,Right
1706528954054,0.093696,0.717848,0.975512,13.58,0.91,52.22,Noise,Right
1706528954100,0.089304,0.718336,0.992104,-39.9,-28.63,27.86,Noise,Right
1706528954100,0.12932,0.520208,1.108736,-5.74,-38.57,-1.96,Noise,Right
1706528954100,0.168848,0.240096,1.21756,1.05,-19.11,-4.97,Noise,Right
1706528954147,0.220576,0.18788,1.164856,-19.11,0.98,0.28,Noise,Right
1706528954147,0.128832,0.107848,0.91256,-40.74,4.06,-18.41,Noise,Right
1706528954148,0.051728,0.184952,0.786168,38.71,20.23,-26.53,Noise,Right
1706528954193,-0.028792,0.37088,0.738832,163.66,67.76,-54.46,Noise,Right
1706528954194,-0.128344,0.20008,0.465552,100.94,39.83,-31.36,Noise,Right
1706528954194,-0.0488,0.31232,0.61244,186.62,-12.53,24.99,Noise,Right
1706528954242,0.004392,0.587064,0.991128,147.14,3.36,73.08,Noise,Right
1706528954243,0.1098,0.7442,1.016016,5.95,0.98,90.58,Noise,Right
1706528954292,0.154208,0.757864,0.907192,-115.15,-30.1,72.59,Noise,Right
1706528954302,0.12932,0.682712,0.913048,-124.04,-61.88,33.18,Noise,Right
1706528954309,0.131272,0.593408,0.966728,-97.16,-75.25,-7.42,Noise,Right
1706528954333,0.182512,0.448472,1.0858,-63.21,-62.65,-35.98,Noise,Right
1706528954334,0.11468,0.257176,1.12972,-29.61,-25.83,-45.15,Noise,Right
1706528954334,0.1342,0.20008,1.038952,3.36,31.92,-43.61,Noise,Right
1706528954380,0.113216,0.187392,0.91012,16.1,75.81,-34.23,Noise,Right
1706528954380,0.075152,0.208376,0.786656,16.94,95.48,-10.43,Noise,Right
1706528954381,0.065392,0.268888,0.708088,48.09,84.14,23.31,Noise,Right
1706528954427,0.045872,0.415776,0.701256,46.97,44.8,62.51,Noise,Right
1706528954428,0.079544,0.619272,0.760792,-19.67,-17.85,94.71,Noise,Right
1706528954472,0.07808,0.63928,0.806664,-123.41,-84.91,90.37,Noise,Right
1706528954472,0.094184,0.584136,0.78324,-151.97,-128.17,48.02,Noise,Right
1706528954473,0.111752,0.484096,0.83448,-110.25,-132.93,-0.84,Noise,Right
1706528954520,0.208864,0.318664,1.018456,-2.31,-114.38,-42.0,Noise,Right
1706528954520,0.210328,0.156648,1.135088,27.02,-80.78,-58.38,Noise,Right
1706528954520,0.114192,0.049288,1.135576,18.2,-22.75,-46.13,Noise,Right
1706528954565,0.202032,0.05368,1.001864,25.69,36.47,-15.96,Noise,Right
1706528954567,0.18788,0.100528,0.866688,21.63,62.51,17.92,Noise,Right
1706528954567,0.16592,0.16836,0.794464,15.26,42.21,61.74,Noise,Right
1706528954612,0.214232,0.293288,0.74908,-13.23,-7.56,104.44,Noise,Right
1706528954614,0.312808,0.534848,0.794464,-79.24,-76.37,139.72,Noise,Right
1706528954659,0.300608,0.557296,0.906704,-168.35,-151.76,135.94,Noise,Right
1706528954659,0.313296,0.443104,0.922808,-210.56,-201.67,82.32,Noise,Right
1706528954659,0.335744,0.26352,0.867176,-177.66,-197.4,30.17,Noise,Right
1706528954705,0.427976,0.145912,1.046272,-9.8,-147.63,-21.91,Noise,Right
1706528954706,0.477264,-0.019032,1.146312,99.47,-76.44,-48.51,Noise,Right
1706528954706,0.338184,-0.041968,1.113616,88.62,-0.28,-47.6,Noise,Right
1706528954753,0.452376,0.03904,1.016016,79.17,52.57,-13.44,Noise,Right
1706528954753,0.42944,0.109312,0.928176,59.99,61.39,29.12,Noise,Right
1706528954799,0.411872,0.184464,0.859856,8.12,26.6,74.69,Noise,Right
1706528954802,0.621224,0.389912,0.8662,-49.63,-41.3,115.57,Noise,Right
1706528954802,0.55144,0.477264,0.900848,-128.94,-124.04,126.49,Noise,Right
1706528954877,0.515328,0.396256,0.960872,-174.65,-176.12,82.04,Noise,Right
1706528954886,0.46604,0.3782,1.17852,-139.51,-156.59,15.12,Noise,Right
1706528954886,0.593408,0.063928,1.045784,-47.11,-94.36,-37.73,Noise,Right
1706528954897,0.537776,0.05856,1.135576,48.51,-12.81,-88.83,Noise,Right
1706528954897,0.559248,-0.054656,1.0492,57.05,60.41,-103.46,Noise,Right
1706528954897,0.547048,-0.116632,0.913048,52.71,106.96,-90.79,Noise,Right
1706528954940,0.509472,-0.14396,0.801296,14.63,122.15,-52.36,Noise,Right
1706528954940,0.396256,-0.130784,0.717848,-13.51,93.03,6.37,Noise,Right
1706528954986,0.423096,-0.005856,0.65392,-4.9,19.6,69.37,Noise,Right
1706528954986,0.595848,0.159576,0.675392,-51.17,-77.49,115.43,Noise,Right
1706528954986,0.554856,0.240584,0.752496,-110.81,-160.23,121.1,Noise,Right
1706528955032,0.595848,0.218624,0.85156,-158.34,-194.74,79.31,Noise,Right
1706528955032,0.58072,0.164944,0.930616,-132.44,-157.43,16.66,Noise,Right
1706528955033,0.591944,0.038064,1.052616,-36.89,-80.36,-45.92,Noise,Right
1706528955080,0.634888,-0.026352,1.041392,22.61,0.14,-80.43,Noise,Right
1706528955080,0.653432,-0.11956,0.952576,46.55,67.9,-89.32,Noise,Right
1706528955081,0.667584,-0.147376,0.825696,39.9,106.47,-72.38,Noise,Right
1706528955127,0.62708,-0.155184,0.73444,21.84,107.73,-33.25,Noise,Right
1706528955127,0.554368,-0.001952,0.710528,25.34,66.71,19.6,Noise,Right
1706528955128,0.601216,-0.01952,0.676368,19.67,-8.4,70.63,Noise,Right
1706528955175,0.642696,0.096624,0.710528,-25.83,-86.59,94.5,Noise,Right
1706528955175,0.647576,0.134688,0.7808,-74.69,-138.53,83.23,Noise,Right
1706528955221,0.652456,0.084424,0.861808,-90.72,-149.1,39.06,Noise,Right
1706528955221,0.601216,0.005368,0.905728,-53.9,-102.2,-11.55,Noise,Right
1706528955222,0.60024,-0.08052,0.957944,8.68,-36.47,-49.91,Noise,Right
1706528955271,0.644648,-0.143472,0.92476,32.76,17.08,-64.82,Noise,Right
1706528955272,0.639768,-0.208376,0.83692,19.18,55.02,-37.59,Noise,Right
1706528955274,0.635864,-0.215696,0.706136,-21.07,63.56,-23.8,Noise,Right
1706528955412,0.627568,-0.169336,0.606096,-35.7,-10.85,56.7,Noise,Right
1706528955414,0.696376,-0.105896,0.627568,-41.93,-81.9,91.7,Noise,Right
1706528955415,-0.498736,5.288456,-1.775832,-67.2,-130.2,91.0,Noise,Right
1706528955415,0.876936,0.480192,0.84668,-24.78,-83.72,-24.78,Noise,Right
1706528955415,0.707112,-0.205448,0.952088,32.69,-61.74,-13.23,Noise,Right
1706528955416,0.638792,-0.196664,0.84668,-4.83,-28.84,-34.58,Noise,Right
1706528955416,0.750056,-0.224968,0.840824,18.34,2.03,-43.54,Noise,Right
1706528955469,0.699792,-0.276696,0.80276,20.44,18.55,-41.51,Noise,Right
1706528955470,0.651968,-0.269376,0.736392,9.87,33.11,-29.47,Noise,Right
1706528955470,0.634888,-0.26596,0.655872,-14.14,39.13,-7.84,Noise,Right
1706528955471,0.618784,-0.266448,0.604632,-21.63,27.65,19.81,Noise,Right
1706528955514,0.636352,-0.19764,0.592432,-7.98,-2.8,46.41,Noise,Right
1706528955514,0.682712,-0.12444,0.623664,-1.82,-44.52,62.3,Noise,Right
1706528955514,0.80276,0.034648,0.845704,7.91,-63.98,54.95,Noise,Right
1706528955561,0.664656,0.163968,1.147776,21.0,-15.12,-11.76,Noise,Right
1706528955562,0.796904,-0.109312,0.769576,13.23,-9.59,-32.83,Noise,Right
1706528955607,0.679296,-0.189344,0.669048,-8.96,-10.08,-45.29,Noise,Right
1706528955607,0.673928,-0.269864,0.682712,3.5,-4.83,-40.74,Noise,Right
1706528955607,0.6466,-0.294264,0.70028,4.69,-1.33,-26.32,Noise,Right
1706528955657,0.617808,-0.284016,0.669536,-5.95,7.63,-4.27,Noise,Right
1706528955657,0.594872,-0.2562,0.61488,-20.37,16.31,8.54,Noise,Right
1706528955657,0.632448,-0.201056,0.629032,-11.83,13.79,19.95,Noise,Right
1706528955701,0.68808,-0.098576,0.718824,26.39,3.5,23.8,Noise,Right
1706528955701,0.709064,0.054168,0.893528,33.32,4.62,7.49,Noise,Right
1706528955701,0.553392,0.109312,0.948184,60.69,-4.06,-5.32,Noise,Right
1706528955749,0.781776,-0.023424,0.8662,16.94,-12.67,-5.46,Noise,Right
1706528955749,0.7198,-0.062464,0.714432,-14.35,-31.99,-10.64,Noise,Right
1706528955795,0.662216,-0.173728,0.731024,-7.63,-28.42,-18.48,Noise,Right
1706528955795,0.643672,-0.22448,0.713456,4.69,-16.87,-18.97,Noise,Right
1706528955796,0.591456,-0.249368,0.660264,4.9,-2.66,-13.79,Noise,Right
1706528955844,0.567544,-0.274744,0.6344,7.84,12.46,-6.65,Noise,Right
1706528955844,0.586088,-0.25376,0.584624,26.74,29.68,4.69,Noise,Right
1706528955845,0.628056,-0.205448,0.578768,35.14,45.92,11.27,Noise,Right
1706528955929,0.669536,-0.033672,0.639768,30.24,46.62,8.61,Noise,Right
1706528955929,1.015528,0.239608,1.21756,71.68,27.02,-29.47,Noise,Right
1706528955929,0.632936,0.200568,1.139968,136.85,28.14,-14.77,Noise,Right
1706528955930,0.80276,0.07808,0.975512,35.91,-9.59,5.46,Noise,Right
1706528955930,0.714432,-0.040992,0.864248,-13.09,-46.41,8.54,Noise,Right
1706528955980,0.629032,-0.090768,0.850096,-43.47,-45.71,0.63,Noise,Right
1706528955981,0.56852,-0.132248,0.704184,-21.91,-39.41,-8.54,Noise,Right
1706528955981,0.548512,-0.184952,0.71736,-4.76,-21.77,-19.53,Noise,Right
1706528956040,0.52704,-0.252296,0.728584,-8.82,-4.41,-16.17,Noise,Right
1706528956042,0.53192,-0.264496,0.689056,-11.76,18.41,-6.44,Noise,Right
1706528956051,0.532896,-0.22204,0.657336,0.21,38.01,6.72,Noise,Right
1706528956072,0.64172,-0.432368,0.869616,4.55,54.95,14.07,Noise,Right
1706528956072,0.5978,0.277184,0.640744,-48.93,39.97,-17.01,Noise,Right
1706528956120,0.79544,-0.019032,1.0004,50.75,46.34,-9.94,Noise,Right
1706528956120,0.671976,0.269376,1.013576,41.58,31.85,3.92,Noise,Right
1706528956121,0.776896,-0.025864,0.806176,46.34,8.05,15.05,Noise,Right
1706528956171,0.72468,-0.064904,0.915488,-0.35,-12.88,13.02,Noise,Right
1706528956172,0.626592,-0.039528,0.811544,2.52,-27.72,-15.05,Noise,Right
1706528956172,0.591944,-0.128344,0.80032,7.77,-26.67,-40.11,Noise,Right
1706528956299,0.600728,-0.242048,0.892064,16.45,-18.55,-44.73,Noise,Right
1706528956300,0.515328,-0.271816,0.735904,16.38,7.21,-23.03,Noise,Right
1706528956300,0.550952,-0.2684,0.698328,41.51,28.21,3.22,Noise,Right
1706528956300,0.577792,-0.174216,0.736392,83.65,54.25,26.11,Noise,Right
1706528956300,0.646112,0.013176,0.767136,77.91,80.92,45.43,Noise,Right
1706528956300,0.318176,0.452376,0.853512,52.5,51.94,-20.16,Noise,Right
1706528956300,0.6832,0.211792,0.969168,93.03,43.54,-0.14,Noise,Right
1706528956355,0.606584,0.154208,0.97356,13.02,24.99,13.23,Noise,Right
1706528956356,0.647576,0.20252,0.91256,-49.28,0.98,-11.69,Noise,Right
1706528956356,0.600728,0.091256,0.906704,-20.93,-13.16,-54.32,Noise,Right
1706528956356,0.58072,0.002928,0.943792,-3.78,-3.5,-87.57,Noise,Right
1706528956402,0.573888,-0.057096,0.97844,9.73,14.84,-95.06,Noise,Right
1706528956405,0.516792,-0.146888,0.957944,16.66,39.62,-79.31,Noise,Right
1706528956405,0.490928,-0.1708,0.869616,20.72,73.29,-46.97,Noise,Right
1706528956447,0.4758,-0.154696,0.82716,24.01,91.56,-8.19,Noise,Right
1706528956448,0.44652,-0.125416,0.756888,33.6,81.34,30.31,Noise,Right
1706528956495,0.445544,0.027328,0.725656,42.98,51.73,62.37,Noise,Right
1706528956496,0.492392,0.2684,0.811056,0.49,-1.68,76.23,Noise,Right
1706528956497,0.470432,0.325496,0.878888,-55.86,-49.77,46.2,Noise,Right
1706528956545,0.476288,0.247416,0.882304,-63.35,-67.41,-8.96,Noise,Right
1706528956545,0.488488,0.121512,0.918416,-37.66,-51.38,-57.96,Noise,Right
1706528956546,0.515328,-0.017568,1.001376,5.32,-21.91,-80.99,Noise,Right
1706528956591,0.481168,-0.11712,1.02724,10.43,17.43,-65.45,Noise,Right
1706528956591,0.452864,-0.164944,1.004792,2.52,51.17,-34.16,Noise,Right
1706528956592,0.443592,-0.144448,0.91256,9.8,75.67,-3.5,Noise,Right
1706528956646,0.428464,-0.1098,0.816424,22.33,81.41,23.24,Noise,Right
1706528956647,0.419192,-0.051728,0.790072,55.09,65.03,52.08,Noise,Right
1706528956654,0.41236,0.04636,0.773968,65.73,27.3,73.64,Noise,Right
1706528956750,0.464088,0.225944,0.827648,35.49,-9.87,81.69,Noise,Right
1706528956750,0.447496,0.324032,0.914024,-26.11,-44.1,57.47,Noise,Right
1706528956750,0.454328,0.28548,0.92476,-52.78,-62.23,3.08,Noise,Right
1706528956751,0.452864,0.191296,0.911096,-45.22,-54.46,-58.24,Noise,Right
1706528956751,0.488976,0.039528,1.106784,3.15,-36.33,-87.78,Noise,Right
1706528956751,0.477752,-0.076128,1.062376,32.41,-12.11,-79.73,Noise,Right
1706528956797,0.445056,-0.13664,1.07604,10.99,19.32,-41.37,Noise,Right
1706528956797,0.416752,-0.116632,1.021384,1.26,47.25,-3.43,Noise,Right
1706528956798,0.396256,-0.094184,0.935984,-1.68,58.59,22.33,Noise,Right
1706528956845,0.378688,-0.029768,0.858392,22.82,52.43,41.86,Noise,Right
1706528956846,0.412848,0.098088,0.835944,41.93,29.47,54.53,Noise,Right
1706528956847,0.428952,0.25864,0.8906,15.47,5.04,54.11,Noise,Right
1706528956951,0.393816,0.337208,0.921832,-23.87,-17.57,28.42,Noise,Right
1706528956951,0.384056,0.302072,0.935984,-43.54,-26.6,-18.48,Noise,Right
1706528956952,0.397232,0.20252,0.939888,-15.82,-22.75,-69.93,Noise,Right
1706528956952,0.428952,0.05856,1.016016,24.92,-11.13,-89.88,Noise,Right
1706528956952,0.45384,-0.05368,1.06872,34.93,-1.89,-78.4,Noise,Right
1706528956952,0.41236,-0.126392,1.0614,14.14,18.27,-41.51,Noise,Right
1706528956999,0.374296,-0.160552,1.025776,15.61,42.42,-0.42,Noise,Right
1706528956999,0.371368,-0.117608,0.950136,34.58,56.07,33.04,Noise,Right
1706528956999,0.365024,-0.048312,0.899872,70.77,50.4,54.95,Noise,Right
1706528957050,0.413336,0.127368,0.894016,76.79,28.35,70.98,Noise,Right
1706528957050,0.464088,0.348432,0.972584,40.32,-2.38,74.97,Noise,Right
1706528957051,0.453352,0.428464,1.019432,-28.49,-34.72,52.99,Noise,Right
1706528957156,0.426024,0.39284,1.026752,-66.92,-46.76,-12.74,Noise,Right
1706528957156,0.406992,0.293288,0.998936,-42.42,-35.14,-53.62,Noise,Right
1706528957157,0.384056,0.175192,1.037,-1.47,-8.82,-84.84,Noise,Right
1706528957157,0.430416,0.038064,1.081896,37.31,10.08,-91.91,Noise,Right
1706528957157,0.251808,-0.01952,1.040416,26.81,33.11,-68.88,Noise,Right
1706528957157,0.323056,-0.010736,0.99796,12.04,55.51,-30.87,Noise,Right
1706528957259,0.30988,-0.029768,0.928176,30.1,58.87,8.05,Noise,Right
1706528957259,0.325984,0.010248,0.879864,58.03,40.74,37.66,Noise,Right
1706528957259,0.366976,0.23912,0.884744,66.29,12.53,62.09,Noise,Right
1706528957260,0.414312,0.33184,0.967216,26.6,-22.89,73.57,Noise,Right
1706528957260,0.429928,0.374784,1.018944,-39.06,-52.43,57.68,Noise,Right
1706528957260,0.374296,0.354776,1.015528,-67.62,-56.28,6.23,Noise,Right
1706528957307,0.371368,0.27328,0.976976,-44.66,-35.21,-43.26,Noise,Right
1706528957308,0.35624,0.166896,1.008208,7.0,-4.34,-79.73,Noise,Right
1706528957308,0.357216,0.062952,1.023336,36.19,11.2,-85.47,Noise,Right
1706528957353,0.304512,-0.006832,1.005768,32.13,33.25,-63.21,Noise,Right
1706528957353,0.292312,-0.008784,0.933056,26.53,54.32,-33.6,Noise,Right
1706528957353,0.286944,0.032208,0.8784,16.66,57.33,0.98,Noise,Right
1706528957402,0.30256,0.142008,0.855464,31.29,32.55,34.58,Noise,Right
1706528957403,0.345992,0.32208,0.928176,-8.61,-0.56,55.44,Noise,Right
1706528957403,0.333304,0.380152,0.974536,-65.03,-29.05,45.22,Noise,Right
1706528957448,0.300608,0.330864,0.977464,-78.19,-37.24,6.44,Noise,Right
1706528957449,0.298656,0.236192,0.992104,-40.11,-18.76,-50.82,Noise,Right
1706528957496,0.289872,0.12688,1.032608,4.13,13.72,-83.65,Noise,Right
1706528957497,0.269864,0.020496,1.021872,33.6,44.1,-89.11,Noise,Right
1706528957498,0.254736,-0.023424,0.990152,30.24,70.77,-72.59,Noise,Right
1706528957539,0.233264,-0.025376,0.934032,13.16,79.66,-45.43,Noise,Right
1706528957540,0.211304,-0.029768,0.866688,-1.82,65.45,-13.3,Noise,Right
1706528957541,0.210328,0.009272,0.833016,1.54,33.11,17.85,Noise,Right
1706528957586,0.242048,0.157136,0.87596,-10.15,-17.29,49.91,Noise,Right
1706528957587,0.267424,0.263032,0.944768,-59.43,-56.14,63.49,Noise,Right
1706528957632,0.264984,0.260104,0.97844,-74.41,-71.05,44.59,Noise,Right
1706528957632,0.278648,0.183976,1.023824,-46.62,-52.15,-15.96,Noise,Right
1706528957633,0.238144,0.087352,1.072136,9.17,-6.86,-51.17,Noise,Right
1706528957679,0.1952,0.037576,1.064816,69.16,58.45,-79.52,Noise,Right
1706528957680,0.23424,0.013176,1.025288,94.92,102.13,-85.19,Noise,Right
1706528957680,0.18544,0.016592,0.959896,94.22,116.06,-76.86,Noise,Right
1706528957724,0.152744,0.023424,0.89304,75.81,103.53,-52.08,Noise,Right
1706528957725,0.142496,0.079056,0.863272,57.61,66.85,-10.78,Noise,Right
1706528957725,0.169336,0.209352,0.894016,27.93,5.88,33.81,Noise,Right
1706528957777,0.181536,0.305,0.943304,-69.3,-46.2,64.47,Noise,Right
1706528957779,0.148352,0.321592,0.969168,-130.2,-81.97,62.37,Noise,Right
1706528957780,0.174704,0.244488,0.970144,-124.04,-90.58,28.14,Noise,Right
1706528957873,0.178608,0.156648,1.031632,-51.59,-64.12,-26.25,Noise,Right
1706528957874,0.1586,0.074176,1.119472,30.31,9.31,-64.19,Noise,Right
1706528957874,0.098088,0.042944,1.0736,105.56,71.61,-82.67,Noise,Right
1706528957874,0.1708,0.062464,1.010648,157.64,122.15,-81.97,Noise,Right
1706528957874,0.13664,0.10492,0.953064,178.22,138.25,-65.38,Noise,Right
1706528957975,0.10492,0.198128,0.923296,159.18,121.03,-30.03,Noise,Right
1706528957975,0.085888,0.318664,0.916464,106.26,73.92,10.71,Noise,Right
1706528957975,0.1098,0.416752,0.915,4.69,2.17,42.49,Noise,Right
1706528957976,0.081496,0.456768,0.913048,-99.47,-49.28,46.41,Noise,Right
1706528957976,0.048312,0.403576,0.913048,-118.23,-76.23,25.62,Noise,Right
1706528957976,0.08052,0.296704,0.976488,-89.74,-75.39,-15.61,Noise,Right
1706528958020,0.06588,0.156648,1.06628,-42.63,-52.36,-54.39,Noise,Right
1706528958020,0.007808,0.06588,1.040904,29.75,7.42,-61.67,Noise,Right
1706528958021,0.006344,0.060024,1.017968,81.13,74.27,-51.94,Noise,Right
1706528958068,0.025864,0.088328,0.936472,116.9,111.93,-33.67,Noise,Right
1706528958068,0.017568,0.16592,0.853512,115.15,110.6,-4.55,Noise,Right
1706528958068,0.01464,0.305,0.806176,82.25,70.84,38.78,Noise,Right
1706528958112,0.03416,0.476288,0.84424,5.18,-13.23,68.74,Noise,Right
1706528958115,0.047824,0.57096,0.876936,-80.64,-69.79,66.78,Noise,Right
1706528958159,0.008296,0.540704,0.91744,-119.14,-104.37,32.76,Noise,Right
1706528958159,0.076616,0.427976,1.016504,-90.65,-105.14,-22.82,Noise,Right
1706528958160,0.111752,0.2562,1.166808,-13.72,-75.6,-82.39,Noise,Right
1706528958205,0.0,0.136152,1.189744,64.47,6.79,-103.53,Noise,Right
1706528958206,0.042456,0.086376,1.113128,79.03,86.8,-91.0,Noise,Right
1706528958206,0.008296,-0.122,0.792024,26.6,115.22,-50.47,Noise,Right
1706528958255,-0.02684,-0.00488,0.549976,9.66,56.98,23.17,Noise,Right
1706528958255,-0.015616,0.264496,0.733952,83.16,8.54,64.96,Noise,Right
1706528958255,0.014152,0.559736,1.013088,51.03,-13.58,80.08,Noise,Right
1706528958326,0.098088,0.680272,1.01748,-70.91,-57.89,64.47,Noise,Right
1706528958334,0.055144,0.610976,1.016504,-129.92,-79.45,17.15,Noise,Right
1706528958347,0.083448,0.508984,0.993568,-69.93,-73.08,-50.33,Noise,Right
1706528958347,0.094184,0.12932,1.145824,26.46,-44.66,-102.76,Noise,Right
1706528958350,0.256688,-0.563152,1.296128,-3.22,-6.58,-3.5,Noise,Right
1706528958393,0.106872,-0.00732,1.020408,-34.93,32.48,35.35,Noise,Right
1706528958393,-0.006832,0.13908,0.781288,12.88,45.29,8.61,Noise,Right
1706528958393,-0.045384,0.183,0.716872,116.2,46.83,-1.75,Noise,Right
1706528958439,-0.030256,0.25376,0.788608,180.88,49.0,13.16,Noise,Right
1706528958439,0.035624,0.474824,0.894016,228.69,64.89,29.05,Noise,Right
1706528958439,0.066368,0.711992,1.023336,126.49,46.9,54.39,Noise,Right
1706528958485,0.074176,0.825208,0.960384,-28.21,-6.37,39.55,Noise,Right
1706528958486,0.009272,0.762744,0.943792,-96.95,-37.94,-9.73,Noise,Right
1706528958534,0.027816,0.59292,0.952576,-51.1,-43.26,-68.67,Noise,Right
1706528958534,-0.004392,0.401624,1.016504,-1.68,-30.38,-104.51,Noise,Right
1706528958535,0.027816,0.00732,1.081896,-10.64,-9.8,-79.45,Noise,Right
1706528958579,0.021472,-0.033672,0.910608,-66.01,2.52,-12.95,Noise,Right
1706528958579,-0.050264,0.128344,0.781288,-71.12,-6.72,21.0,Noise,Right
1706528958579,-0.077592,0.21472,0.746152,5.74,-14.49,28.84,Noise,Right
1706528958629,-0.02196,0.294752,0.799344,68.74,-21.0,40.11,Noise,Right
1706528958629,0.07076,0.474336,0.853512,84.91,-34.93,62.16,Noise,Right
1706528958630,0.120536,0.640744,0.996008,33.32,-58.24,57.47,Noise,Right
1706528958763,0.153232,0.691496,1.028704,-24.78,-71.05,10.08,Noise,Right
1706528958764,0.11468,0.518256,1.0736,1.05,-50.47,-53.69,Noise,Right
1706528958764,0.155184,0.022448,1.165344,34.23,-5.74,-69.02,Noise,Right
1706528958764,0.167384,-0.011712,1.062864,8.19,20.51,2.17,Noise,Right
1706528958764,0.00488,0.27328,0.859368,-2.73,29.4,7.77,Noise,Right
1706528958764,-0.018544,0.321592,0.830088,30.45,36.05,4.83,Noise,Right
1706528958764,-0.020984,0.461648,0.91744,79.38,49.28,1.61,Noise,Right
1706528958810,-0.015128,0.450912,0.90524,62.86,58.73,-8.26,Noise,Right
1706528958810,0.044896,0.510936,0.847168,42.77,38.78,11.2,Noise,Right
1706528958811,0.106872,0.703208,0.911096,-11.06,-3.57,39.76,Noise,Right
1706528958858,0.053192,0.763232,0.9394,-104.09,-60.83,28.35,Noise,Right
1706528958858,0.05856,0.643672,0.955992,-141.05,-87.01,-16.24,Noise,Right
1706528958859,0.075152,0.479216,0.986736,-82.6,-76.79,-69.3,Noise,Right
1706528958923,0.131272,-0.01464,1.097512,-14.49,-36.12,-69.37,Noise,Right
1706528958939,0.111752,-0.11224,1.059936,-10.85,3.15,2.31,Noise,Right
1706528958941,-0.049776,0.091744,0.819352,13.72,30.17,9.31,Noise,Right
1706528958951,-0.016104,0.215208,0.82472,88.48,45.29,3.99,Noise,Right
1706528958951,-0.0244,0.372344,0.874984,180.74,73.43,-23.87,Noise,Right
1706528958952,0.060512,0.430416,0.81008,165.83,70.0,-21.0,Noise,Right
1706528958997,0.03172,0.616344,0.840824,77.42,22.26,19.67,Noise,Right
1706528958997,0.049776,0.746152,0.955016,-31.22,-19.25,31.08,Noise,Right
1706528959043,0.038064,0.796904,1.000888,-94.29,-38.43,-0.91,Noise,Right
1706528959045,0.042456,0.581696,1.037976,-42.98,-30.8,-43.4,Noise,Right
1706528959045,0.054656,0.275232,1.11752,-10.15,-0.98,-60.97,Noise,Right
1706528959090,0.096136,0.030256,0.969656,-46.41,-1.82,-6.3,Noise,Right
1706528959091,-0.01952,0.140056,0.84912,-54.18,-9.8,21.91,Noise,Right
1706528959091,-0.115168,0.162016,0.718336,-1.26,1.4,17.22,Noise,Right
1706528959138,-0.100528,0.269376,0.66612,100.17,14.35,16.31,Noise,Right
1706528959138,-0.069296,0.276208,0.70516,176.68,16.73,26.46,Noise,Right
1706528959139,0.059536,0.493368,0.780312,206.5,24.29,49.77,Noise,Right
1706528959183,0.091256,0.80276,0.95404,151.2,12.18,67.2,Noise,Right
1706528959185,0.116632,0.912072,0.962824,-2.45,-28.21,40.74,Noise,Right
1706528959234,0.098088,0.797392,0.93452,-69.79,-48.44,-3.92,Noise,Right
1706528959235,0.118096,0.54168,1.009184,-28.07,-39.48,-42.07,Noise,Right
1706528959235,0.134688,0.257664,1.114592,-5.32,-14.56,-27.09,Noise,Right
1706528959279,0.05368,0.369416,1.011136,-29.4,4.97,3.85,Noise,Right
1706528959279,0.007808,0.401136,0.91012,-13.02,20.65,3.01,Noise,Right
1706528959280,-0.066856,0.487024,0.830088,64.68,68.11,-13.44,Noise,Right
1706528959324,-0.1098,0.39528,0.521184,43.19,65.94,-20.09,Noise,Right
1706528959324,-0.074176,0.33184,0.498736,94.22,14.98,14.56,Noise,Right
1706528959324,-0.00244,0.32452,0.757864,142.66,13.51,49.84,Noise,Right
1706528959370,0.112728,0.550464,0.784216,100.94,12.11,87.43,Noise,Right
1706528959370,0.142496,0.74664,0.855952,23.52,-33.74,110.39,Noise,Right
1706528959417,0.11712,0.848144,0.902312,-137.13,-76.93,92.61,Noise,Right
1706528959417,0.12688,0.781288,0.863272,-183.05,-94.36,55.09,Noise,Right
1706528959418,0.127368,0.652944,0.894992,-151.41,-88.69,12.67,Noise,Right
1706528959463,0.154696,0.486536,0.991616,-84.63,-73.64,-27.09,Noise,Right
1706528959463,0.15128,0.349408,1.018456,-36.61,-43.26,-42.21,Noise,Right
1706528959465,0.092232,0.260592,0.99308,-9.66,-1.61,-35.49,Noise,Right
1706528959511,0.079544,0.218624,0.869128,3.36,37.24,-18.69,Noise,Right
1706528959511,0.057096,0.205448,0.747128,-4.76,61.11,9.1,Noise,Right
1706528959512,0.049776,0.230824,0.651968,-10.01,57.12,53.34,Noise,Right
1706528959560,0.085888,0.293288,0.605608,-22.05,4.13,95.41,Noise,Right
1706528959561,0.183488,0.505568,0.709064,-54.53,-50.05,133.63,Noise,Right
1706528959561,0.215208,0.594872,0.823744,-156.52,-126.28,140.42,Noise,Right
1706528959606,0.235216,0.550952,0.857904,-199.57,-179.62,103.74,Noise,Right
1706528959607,0.298656,0.415776,0.88572,-161.77,-180.25,20.79,Noise,Right
1706528959655,0.39772,0.244976,1.077504,-52.29,-144.13,-38.71,Noise,Right
1706528959655,0.349408,0.123464,1.17852,57.12,-72.1,-71.05,Noise,Right
1706528959656,0.32208,0.077104,1.156072,111.37,11.62,-63.77,Noise,Right
1706528959702,0.322568,0.254736,0.860344,64.82,90.02,27.93,Noise,Right
1706528959703,0.31964,0.332328,0.807152,20.65,50.05,75.88,Noise,Right
1706528959749,0.445056,0.586576,0.857416,-31.29,-22.68,141.05,Noise,Right
1706528959749,0.471896,0.703208,1.001376,-134.47,-112.98,148.4,Noise,Right
1706528959796,0.474336,0.58804,1.016504,-218.26,-182.91,105.63,Noise,Right
1706528959796,0.464088,0.43432,1.01016,-178.22,-165.48,30.8,Noise,Right
1706528959797,0.352336,0.246928,1.15412,-63.7,-93.59,-46.97,Noise,Right
1706528959921,0.576328,-0.016104,1.116056,48.51,-25.9,-97.79,Noise,Right
1706528959921,0.425536,-0.020496,1.131184,91.42,41.79,-125.37,Noise,Right
1706528959923,0.416264,-0.045872,0.990152,91.49,106.33,-108.01,Noise,Right
1706528959924,0.380152,0.045872,0.81008,56.7,128.94,-66.92,Noise,Right
1706528959924,0.305976,0.055144,0.728096,42.07,112.77,-8.12,Noise,Right
1706528959925,0.256688,0.16348,0.693936,40.25,56.49,57.68,Noise,Right
1706528959925,0.42212,0.379664,0.71004,-8.96,-33.18,127.54,Noise,Right
1706528960024,0.488488,0.503128,0.811056,-111.93,-154.63,156.59,Noise,Right
1706528960024,0.515328,0.439688,0.876936,-207.62,-225.26,132.72,Noise,Right
1706528960025,0.469944,0.33184,0.868152,-218.19,-233.87,73.85,Noise,Right
1706528960025,0.555832,0.083448,1.004792,-99.89,-171.36,6.93,Noise,Right
1706528960025,0.5246,-0.040016,1.138992,28.63,-85.89,-45.85,Noise,Right
1706528960025,0.611952,-0.12444,1.078968,68.6,3.78,-64.33,Noise,Right
1706528960026,0.582672,-0.087352,0.951112,75.53,86.31,-59.43,Noise,Right
1706528960071,0.590968,-0.021472,0.806664,71.05,111.23,-33.39,Noise,Right
1706528960071,0.538264,0.050752,0.762744,48.72,94.92,12.11,Noise,Right
1706528960119,0.524112,0.17324,0.706624,33.18,39.2,61.32,Noise,Right
1706528960119,0.61732,0.35868,0.733952,-28.56,-45.43,99.05,Noise,Right
1706528960120,0.88328,1.75192,1.480104,-521.71,-103.32,0.35,Noise,Right
1706528960164,0.7198,0.284016,0.722728,-3.08,-97.16,-14.63,Noise,Right
1706528960164,0.476288,0.00976,0.809104,-28.14,-96.88,-40.18,Noise,Right
1706528960165,0.527528,-0.045872,0.901824,8.26,-59.15,-62.16,Noise,Right
1706528960209,0.609024,-0.135176,0.977464,24.78,-23.8,-62.93,Noise,Right
1706528960210,0.559248,-0.201544,0.890112,17.29,11.9,-44.94,Noise,Right
1706528960210,0.554368,-0.164944,0.785192,-7.84,44.8,-13.02,Noise,Right
1706528960257,0.58072,-0.09272,0.682712,-9.38,39.83,32.97,Noise,Right
1706528960257,0.584136,-0.047336,0.63928,-4.62,-1.12,87.5,Noise,Right
1706528960303,0.645624,0.013664,0.596824,-8.05,-67.34,130.9,Noise,Right
1706528960303,0.75884,0.639768,0.765672,7.77,-68.74,-9.24,Noise,Right
1706528960304,0.71492,0.168848,0.930128,51.45,-98.77,16.66,Noise,Right
1706528960348,0.394304,0.060024,0.845216,-9.87,-111.72,9.17,Noise,Right
1706528960349,0.68076,-0.066368,0.794952,-68.32,-79.73,-0.49,Noise,Right
1706528960351,0.718824,-0.15616,0.898896,-34.58,-50.82,-11.83,Noise,Right
1706528960395,0.656848,-0.192272,0.870104,-17.43,-10.85,-11.55,Noise,Right
1706528960395,0.657336,-0.174704,0.804712,-20.65,39.06,-6.44,Noise,Right
1706528960441,0.67588,-0.20008,0.695888,-37.52,54.88,13.3,Noise,Right
1706528960442,0.662216,-0.173728,0.610488,-39.97,42.63,44.45,Noise,Right
1706528960442,0.69052,-0.08784,0.582672,-24.01,-2.87,80.85,Noise,Right
1706528960488,0.55632,0.315248,1.328336,-117.6,-47.67,3.15,Noise,Right
1706528960488,0.787632,0.411872,0.809592,-12.25,-76.02,6.37,Noise,Right
1706528960489,0.795928,0.020984,0.97356,70.42,-73.85,17.29,Noise,Right
1706528960535,0.761768,-0.146888,1.00528,6.16,-38.99,25.13,Noise,Right
1706528960536,0.738832,-0.209352,0.803736,-37.66,-12.53,7.21,Noise,Right
1706528960536,0.67588,-0.256688,0.698816,-20.93,-7.56,-11.48,Noise,Right
1706528960581,0.616832,-0.2806,0.669048,-6.02,-2.52,-16.24,Noise,Right
1706528960581,0.5856,-0.328424,0.597312,-10.71,9.8,-7.84,Noise,Right
1706528960647,0.555344,-0.370392,0.5124,-17.08,15.12,11.13,Noise,Right
1706528960653,0.57828,-0.297192,0.466528,7.77,1.89,35.7,Noise,Right
1706528960656,0.250832,1.114104,0.508984,-88.13,-15.4,34.72,Noise,Right
1706528960675,0.795928,0.264496,0.74908,107.59,-8.61,-21.56,Noise,Right
1706528960676,0.806176,0.12932,1.13216,105.14,2.03,1.75,Noise,Right
1706528960676,1.72264,-0.228384,0.738832,-21.84,-20.93,-1.68,Noise,Right
1706528960719,0.853024,-0.147864,0.745176,-73.08,-31.5,1.68,Noise,Right
1706528960720,0.610976,-0.212768,0.704672,-45.01,-28.7,-14.21,Noise,Right
1706528960720,0.662704,-0.235216,0.689544,-20.23,-29.68,-21.14,Noise,Right
1706528960767,0.581696,-0.29524,0.684664,-15.19,-14.35,-14.7,Noise,Right
1706528960767,0.637328,-0.329888,0.61,-54.11,9.73,4.69,Noise,Right
1706528960814,0.63684,-0.2928,0.569008,-35.21,31.15,7.84,Noise,Right
1706528960814,0.805688,-0.196176,0.598288,20.86,40.04,4.34,Noise,Right
1706528960814,0.621712,-0.101992,0.764696,79.17,29.12,-9.45,Noise,Right
1706528960862,0.826672,-0.023424,0.887184,93.87,23.17,-1.12,Noise,Right
1706528960862,0.874008,0.204472,0.991128,49.84,3.08,3.08,Noise,Right
1706528960862,0.637328,-0.021472,0.909144,-3.15,-9.8,11.83,Noise,Right
1706528960908,0.729072,-0.112728,0.766648,-31.22,-17.92,12.46,Noise,Right
1706528960908,0.669048,-0.208864,0.720288,-18.62,-19.81,8.96,Noise,Right
1706528960954,0.61244,-0.214232,0.697352,-10.85,-16.38,0.56,Noise,Right
1706528960954,0.544608,-0.192272,0.667096,-7.77,-7.28,-7.21,Noise,Right
1706528960954,0.50996,-0.214232,0.627568,12.39,9.1,-12.18,Noise,Right
1706528960999,0.528504,-0.232776,0.586088,29.89,29.75,-10.78,Noise,Right
1706528961001,0.610488,-0.084424,0.869616,-6.93,57.12,-27.79,Noise,Right
1706528961001,0.77592,-0.089304,0.757376,52.64,65.8,-22.75,Noise,Right
1706528961048,0.769576,-0.03172,0.7442,87.71,51.59,-18.27,Noise,Right
1706528961048,0.739808,0.131272,0.93696,71.4,12.88,-8.82,Noise,Right
1706528961094,0.641232,0.07808,0.95404,21.35,-4.41,8.47,Noise,Right
1706528961096,0.66124,-0.01708,0.807152,-31.15,-24.36,17.71,Noise,Right
1706528961096,0.614392,-0.05368,0.78324,-42.21,-41.23,7.56,Noise,Right
1706528961142,0.520208,-0.052704,0.757376,-22.61,-24.99,-18.27,Noise,Right
1706528961142,0.561688,-0.101992,0.813496,27.09,-8.05,-46.2,Noise,Right
1706528961142,0.486536,-0.158112,0.807152,44.1,8.68,-59.57,Noise,Right
1706528961188,0.474824,-0.227896,0.645136,58.8,31.29,-54.74,Noise,Right
1706528961189,0.580232,-0.201056,0.657336,57.4,49.63,-24.99,Noise,Right
1706528961189,0.60756,-0.121024,0.693448,54.95,55.51,9.38,Noise,Right
1706528961236,0.727608,0.171776,0.788608,-43.89,33.25,-16.45,Noise,Right
1706528961236,0.632936,0.135664,0.90036,142.38,28.42,-16.03,Noise,Right
1706528961237,0.765672,0.201544,0.974536,75.32,19.95,0.28,Noise,Right
1706528961281,0.626104,0.17324,0.979904,10.22,7.35,15.54,Noise,Right
1706528961281,0.670512,0.017568,0.904752,-75.95,-6.37,24.29,Noise,Right
1706528961327,0.623176,-0.010248,0.778848,-91.98,-19.32,5.11,Noise,Right
1706528961327,0.58072,-0.083936,0.79056,-61.39,-21.42,-17.15,Noise,Right
1706528961327,0.528992,-0.141032,0.805688,-13.44,-11.13,-25.97,Noise,Right
1706528961375,0.510936,-0.181536,0.838872,26.18,17.15,-20.79,Noise,Right
1706528961375,0.542656,-0.14152,0.745176,50.68,51.73,-3.92,Noise,Right
1706528961375,0.571936,-0.066856,0.716872,61.32,65.03,15.47,Noise,Right
1706528961421,0.665144,0.66124,1.1346,67.83,49.35,30.1,Noise,Right
1706528961421,0.598776,0.207888,0.740784,47.81,-0.28,0.77,Noise,Right
1706528961421,0.595848,0.157136,0.89548,43.47,-16.87,18.9,Noise,Right
1706528961473,0.640256,0.270352,1.027728,15.19,-24.15,22.61,Noise,Right
1706528961474,0.576328,0.201056,1.023824,-84.21,-8.4,-8.47,Noise,Right
1706528961562,0.586088,0.084912,0.934032,-59.78,8.05,-44.45,Noise,Right
1706528961562,0.505568,-0.061488,0.91988,-23.03,23.1,-74.48,Noise,Right
1706528961564,0.488976,-0.078568,0.937448,23.59,42.84,-81.97,Noise,Right
1706528961564,0.508008,-0.09272,0.898408,31.78,80.64,-63.7,Noise,Right
1706528961565,0.483608,-0.084424,0.672952,59.99,117.39,-34.02,Noise,Right
1706528961565,0.494344,-0.107848,0.737368,31.15,123.62,-14.84,Noise,Right
1706528961611,0.401624,-0.103944,0.693936,42.14,90.93,12.04,Noise,Right
1706528961612,0.388448,-0.034648,0.726632,40.46,34.23,43.26,Noise,Right
1706528961613,0.468968,0.125416,0.776408,13.93,-37.94,75.81,Noise,Right
1706528961657,0.445056,0.239608,0.897432,-59.57,-94.22,83.09,Noise,Right
1706528961658,0.530456,0.255224,0.935496,-122.78,-128.03,52.08,Noise,Right
1706528961768,0.640744,0.137616,1.10044,-15.33,-109.27,2.73,Noise,Right
1706528961768,0.372832,-0.079544,1.148752,-68.95,-16.8,-61.18,Noise,Right
1706528961768,0.557296,-0.002928,1.020408,22.61,46.06,-90.72,Noise,Right
1706528961769,0.448472,-0.090768,1.02724,103.53,99.68,-78.68,Noise,Right
1706528961769,0.475312,-0.039528,0.90524,96.04,150.57,-70.42,Noise,Right
1706528961769,0.426512,-0.062952,0.81496,92.75,161.35,-53.76,Noise,Right
1706528961769,0.2928,-0.017568,0.760304,95.41,131.25,-31.92,Noise,Right
1706528961867,0.140544,-0.022448,0.76616,73.29,74.41,6.79,Noise,Right
1706528961867,0.407968,0.096624,0.71492,20.86,6.65,54.04,Noise,Right
1706528961868,0.307928,0.271816,0.787144,-28.56,-59.57,74.48,Noise,Right
1706528961869,0.355752,0.279624,0.87352,-102.69,-117.11,58.17,Noise,Right
1706528961869,0.423584,0.230336,0.913536,-156.52,-135.59,19.11,Noise,Right
1706528961869,0.489952,0.030744,1.028704,-133.63,-123.41,-25.83,Noise,Right
1706528961919,0.381128,-0.102968,1.077992,-15.12,-72.94,-52.64,Noise,Right
1706528961920,0.388448,-0.102968,1.149728,71.26,25.83,-43.54,Noise,Right
1706528961920,0.500688,-0.044896,1.062376,110.74,116.13,-31.99,Noise,Right
1706528961971,0.422608,-0.017568,0.927688,128.1,151.27,-26.67,Noise,Right
1706528961971,0.381128,0.044408,0.871568,130.9,140.28,-21.28,Noise,Right
1706528961972,0.315248,0.083936,0.831064,116.13,87.01,-1.05,Noise,Right
1706528962071,0.331352,0.200568,0.82228,63.63,16.03,37.87,Noise,Right
1706528962071,0.319152,0.356728,0.9028,-23.45,-55.93,57.19,Noise,Right
1706528962072,0.340136,0.3904,0.925736,-97.79,-95.62,39.13,Noise,Right
1706528962072,0.352824,0.299144,0.921832,-146.93,-104.65,-4.55,Noise,Right
1706528962072,0.39284,0.140544,0.999424,-105.7,-91.98,-49.63,Noise,Right
1706528962073,0.423584,0.179584,1.191208,-21.84,-23.31,-76.58,Noise,Right
1706528962123,0.304512,-0.057584,1.072624,105.28,44.94,-66.43,Noise,Right
1706528962123,0.37576,-0.022448,1.04432,138.04,106.12,-49.35,Noise,Right
1706528962123,0.343064,0.0,0.944768,163.73,137.41,-34.3,Noise,Right
1706528962170,0.296704,0.041968,0.872056,171.71,128.17,-14.49,Noise,Right
1706528962170,0.269376,0.14396,0.801784,146.65,85.05,32.69,Noise,Right
1706528962170,0.29036,0.37576,0.816424,81.9,21.0,52.08,Noise,Right
1706528962217,0.279624,0.506544,0.885232,-27.51,-52.43,54.67,Noise,Right
1706528962217,0.283528,0.53924,0.889624,-114.66,-90.58,23.94,Noise,Right
1706528962264,0.289872,0.449936,0.912072,-138.6,-99.68,-19.74,Noise,Right
1706528962264,0.325496,0.291824,1.00284,-85.61,-88.34,-61.88,Noise,Right
1706528962265,0.28304,0.283528,1.339072,11.06,-53.48,-89.04,Noise,Right
1706528962311,0.330864,0.137616,1.198528,72.1,30.66,-88.13,Noise,Right
1706528962311,0.326472,0.139568,1.092144,92.68,101.29,-73.5,Noise,Right
1706528962311,0.294752,0.126392,0.976488,132.86,141.19,-57.75,Noise,Right
1706528962381,0.23424,0.151768,0.886208,172.83,137.34,-36.19,Noise,Right
1706528962392,0.235704,0.311832,0.81496,162.68,97.93,7.7,Noise,Right
1706528962401,0.21716,0.617808,0.840824,100.03,33.95,48.79,Noise,Right
1706528962407,0.2074,0.797392,0.884744,-51.45,-47.32,50.89,Noise,Right
1706528962408,0.259616,0.750544,0.891576,-153.79,-94.99,15.54,Noise,Right
1706528962451,0.234728,0.610488,0.879376,-180.32,-106.61,-30.31,Noise,Right
1706528962451,0.22204,0.399672,0.940376,-118.79,-95.69,-63.77,Noise,Right
1706528962452,0.274744,0.224968,1.1224,-40.25,-75.18,-78.89,Noise,Right
1706528962497,0.22936,0.115656,1.196088,-12.88,-22.19,-62.51,Noise,Right
1706528962497,0.261568,0.137616,1.105808,6.93,50.4,-39.83,Noise,Right
1706528962498,0.271816,0.100528,1.020408,54.53,96.25,-17.85,Noise,Right
1706528962545,0.239608,0.130296,0.913048,100.87,107.94,2.8,Noise,Right
1706528962545,0.248392,0.18788,0.858392,118.09,88.76,37.03,Noise,Right
1706528962545,0.269864,0.420168,0.835944,84.56,35.91,72.1,Noise,Right
1706528962591,0.302072,0.650504,0.883768,-29.12,-21.35,79.87,Noise,Right
1706528962592,0.260104,0.64904,0.919392,-127.12,-66.15,48.86,Noise,Right
1706528962637,0.223504,0.546072,0.891576,-149.38,-74.27,-9.1,Noise,Right
1706528962638,0.215696,0.389912,0.920368,-81.2,-57.12,-68.11,Noise,Right
1706528962638,0.207888,0.238632,1.047736,-2.73,-33.04,-94.57,Noise,Right
1706528962684,0.191296,0.135176,1.095072,26.18,-2.1,-89.18,Noise,Right
1706528962685,0.182512,0.128832,1.039928,20.58,33.25,-61.53,Noise,Right
1706528962685,0.164944,0.106384,0.974048,30.03,58.52,-25.2,Noise,Right
1706528962730,0.184464,0.12688,0.886208,51.38,56.7,6.51,Noise,Right
1706528962730,0.227408,0.188856,0.850584,63.84,32.55,48.72,Noise,Right
1706528962731,0.28792,0.3782,0.882304,35.14,-13.72,77.56,Noise,Right
1706528962778,0.285968,0.496296,0.940376,-64.54,-53.97,76.86,Noise,Right
1706528962778,0.259616,0.47336,0.954528,-125.3,-72.31,42.14,Noise,Right
1706528962831,0.240584,0.34892,0.948672,-127.4,-56.56,-10.99,Noise,Right
1706528962832,0.212768,0.194712,0.973072,-65.73,-25.34,-61.67,Noise,Right
1706528962832,0.191296,0.062464,1.00772,-5.46,12.74,-77.98,Noise,Right
1706528962961,0.157624,-0.006344,0.975024,10.78,45.71,-67.48,Noise,Right
1706528962962,0.170312,0.005368,0.918904,8.82,67.06,-46.27,Noise,Right
1706528962967,0.126392,-0.001952,0.838384,4.62,69.09,-22.19,Noise,Right
1706528962970,0.14396,0.053192,0.793488,9.1,48.37,13.93,Noise,Right
1706528962979,0.189832,0.165432,0.794952,7.35,0.42,49.56,Noise,Right
1706528962979,0.220088,0.318664,0.864248,-39.76,-44.94,71.33,Noise,Right
1706528962986,0.234728,0.37576,0.930616,-104.86,-79.66,59.57,Noise,Right
1706528962998,0.254736,0.336232,0.970144,-106.61,-89.04,18.97,Noise,Right
1706528962999,0.257664,0.23668,1.018944,-51.52,-67.62,-40.25,Noise,Right
1706528962999,0.24156,0.099064,1.1102,27.79,-29.54,-80.43,Noise,Right
1706528963096,0.1952,0.003904,1.145824,85.4,24.22,-87.5,Noise,Right
1706528963096,0.182024,0.010736,1.075552,108.99,76.86,-73.08,Noise,Right
1706528963096,0.183,0.040504,0.987224,103.53,105.98,-46.76,Noise,Right
1706528963096,0.15616,0.104432,0.870592,96.18,100.45,-10.29,Noise,Right
1706528963097,0.17324,0.224968,0.8174,73.78,65.94,37.45,Noise,Right
1706528963097,0.223016,0.415288,0.837408,13.37,2.8,71.82,Noise,Right
1706528963202,0.223992,0.489952,0.884256,-88.62,-56.14,78.05,Noise,Right
1706528963204,0.202032,0.447984,0.91012,-145.04,-98.14,53.13,Noise,Right
1706528963204,0.17568,0.34892,0.939888,-153.02,-107.94,10.43,Noise,Right
1706528963204,0.233264,0.20496,1.036024,-89.46,-91.0,-41.44,Noise,Right
1706528963204,0.180072,0.0854,1.098,-20.44,-45.64,-65.94,Noise,Right
1706528963204,0.142984,0.017568,1.106296,21.49,10.85,-67.55,Noise,Right
1706528963301,0.161528,0.048312,1.002352,62.86,66.36,-54.81,Noise,Right
1706528963301,0.157624,0.04392,0.931592,108.43,96.32,-37.94,Noise,Right
1706528963301,0.163968,0.12688,0.855952,131.32,94.99,-8.89,Noise,Right
1706528963302,0.197152,0.284504,0.857904,125.58,67.13,25.06,Noise,Right
1706528963302,0.232776,0.43432,0.944768,47.32,9.31,48.86,Noise,Right
1706528963302,0.221064,0.464576,0.959408,-64.19,-42.77,43.19,Noise,Right
1706528963356,0.186904,0.419192,0.967704,-99.89,-68.53,15.12,Noise,Right
1706528963356,0.168848,0.322568,1.003816,-79.8,-64.96,-26.53,Noise,Right
1706528963357,0.179096,0.188368,1.07848,-12.32,-41.3,-68.46,Noise,Right
1706528963405,0.144936,0.092232,1.143872,41.79,-1.89,-78.82,Noise,Right
1706528963405,0.096136,0.07076,1.09312,58.8,46.34,-61.81,Noise,Right
1706528963405,0.105408,0.09272,0.998936,66.22,83.09,-41.02,Noise,Right
1706528963516,0.096136,0.137616,0.888648,74.97,88.69,-15.26,Noise,Right
1706528963525,0.127856,0.225456,0.847168,76.09,65.1,24.15,Noise,Right
1706528963535,0.185928,0.399184,0.865712,36.89,9.8,55.37,Noise,Right
1706528963536,0.194224,0.500688,0.917928,-42.07,-45.15,64.68,Noise,Right
1706528963538,0.179584,0.487512,0.94672,-110.88,-83.51,43.82,Noise,Right
1706528963540,0.17324,0.403576,0.975024,-100.31,-90.16,-0.42,Noise,Right
1706528963556,0.196176,0.264496,1.092632,-41.23,-66.99,-53.62,Noise,Right
1706528963556,0.121512,0.150304,1.124352,29.96,-3.22,-76.3,Noise,Right
1706528963556,0.086864,0.107848,1.092632,85.4,53.2,-76.44,Noise,Right
1706528963604,0.09516,0.127368,1.0248,111.93,101.22,-64.61,Noise,Right
1706528963605,0.063928,0.154208,0.914024,110.53,116.2,-44.17,Noise,Right
1706528963605,0.07808,0.25376,0.825696,113.4,102.34,-10.43,Noise,Right
1706528963647,0.10004,0.369904,0.798368,79.31,56.56,32.83,Noise,Right
1706528963648,0.137128,0.495808,0.825696,10.5,-17.01,57.19,Noise,Right
1706528963648,0.10736,0.579744,0.87352,-80.43,-72.8,56.42,Noise,Right
1706528963693,0.103456,0.527528,0.907192,-110.95,-103.18,26.53,Noise,Right
1706528963694,0.116632,0.413824,0.996496,-85.54,-101.64,-20.44,Noise,Right
1706528963740,0.160552,0.266448,1.11508,-34.93,-74.83,-65.17,Noise,Right
1706528963740,0.066368,0.16592,1.131672,54.04,-8.75,-77.49,Noise,Right
1706528963740,0.013664,0.149816,1.108248,91.91,74.13,-71.05,Noise,Right
1706528963786,0.076616,0.176656,0.977952,119.28,129.99,-58.8,Noise,Right
1706528963786,0.05124,0.249368,0.856928,123.48,146.51,-32.48,Noise,Right
1706528963786,0.063928,0.366488,0.774456,104.51,121.24,6.65,Noise,Right
1706528963831,0.085888,0.545584,0.774944,50.05,38.43,37.8,Noise,Right
1706528963832,0.05368,0.680272,0.785192,-37.31,-36.12,42.91,Noise,Right
1706528963880,0.0366,0.67832,0.854,-85.82,-88.97,16.38,Noise,Right
1706528963880,0.08052,0.55876,0.913536,-72.59,-103.67,-34.51,Noise,Right
1706528963881,0.072224,0.374784,1.049688,-20.72,-82.6,-79.03,Noise,Right
1706528963926,-0.003904,0.18788,1.1468,38.15,-34.79,-93.03,Noise,Right
1706528963926,-0.030256,0.017568,1.037976,39.9,43.68,-55.86,Noise,Right
1706528963926,-0.01708,0.022936,0.8296,12.25,77.42,-6.65,Noise,Right
1706528963972,-0.026352,0.157624,0.671,19.67,61.11,33.11,Noise,Right
1706528963972,-0.00488,0.335744,0.736392,44.24,33.67,57.33,Noise,Right
1706528963974,0.05612,0.545096,0.789096,19.88,-0.21,75.04,Noise,Right
1706528964020,0.098576,0.68564,0.837408,-53.55,-60.48,76.51,Noise,Right
1706528964020,0.108824,0.709552,0.90768,-107.8,-105.56,45.99,Noise,Right
1706528964072,0.120536,0.650992,0.945744,-99.33,-119.35,-5.6,Noise,Right
1706528964080,0.124928,0.525088,1.057984,-40.32,-101.22,-70.49,Noise,Right
1706528964080,0.124928,0.227896,1.179984,19.11,-63.63,-100.66,Noise,Right
1706528964117,0.105896,0.043432,1.10532,35.14,-18.69,-77.56,Noise,Right
1706528964118,0.049776,-0.149328,0.890112,6.65,19.46,-5.6,Noise,Right
1706528964118,-0.047824,0.180072,0.753472,37.73,29.68,9.45,Noise,Right
1706528964221,0.031232,0.369904,0.768112,98.42,30.24,5.74,Noise,Right
1706528964221,0.120048,0.329888,0.912072,155.54,23.31,32.34,Noise,Right
1706528964221,0.203496,0.440176,1.031144,144.97,36.33,45.71,Noise,Right
1706528964223,0.272304,0.603656,1.082872,28.63,17.01,71.4,Noise,Right
1706528964223,0.276696,0.597312,1.021384,-95.62,-14.14,72.66,Noise,Right
1706528964223,0.181536,0.550464,0.999912,-126.49,-31.22,52.78,Noise,Right
1706528964270,0.162992,0.46604,1.006256,-83.02,-30.1,19.67,Noise,Right
1706528964270,0.101504,0.41236,1.026752,-32.76,-8.96,-6.72,Noise,Right
1706528964270,0.049288,0.3782,0.998936,-3.01,27.3,-11.69,Noise,Right
1706528964316,0.020984,0.37332,0.912072,13.51,49.42,-7.42,Noise,Right
1706528964317,0.028792,0.454816,0.815936,20.72,50.61,0.98,Noise,Right
1706528964317,0.052216,0.614392,0.799344,12.04,25.69,7.14,Noise,Right
1706528964366,0.083936,0.719312,0.821304,-26.11,-18.83,-8.05,Noise,Right
1706528964367,0.095648,0.692472,0.851072,-38.15,-56.14,-48.23,Noise,Right
1706528964367,0.11956,0.531432,0.977464,-4.06,-68.11,-90.16,Noise,Right
1706528964409,0.159576,0.308904,1.15412,52.99,-47.88,-110.88,Noise,Right
1706528964410,0.072712,0.055144,1.296616,79.45,6.09,-97.09,Noise,Right
1706528964465,0.16104,0.054168,1.254648,53.69,77.98,-48.93,Noise,Right
1706528964466,0.023424,0.054168,0.985272,8.47,131.81,-20.72,Noise,Right
1706528964466,0.073688,0.016104,0.55632,-3.85,96.88,23.59,Noise,Right
1706528964519,-0.01952,0.254736,0.56852,47.46,38.5,65.94,Noise,Right
1706528964520,0.034648,0.576328,0.828624,21.21,14.98,88.55,Noise,Right
1706528964520,0.065392,0.867664,0.833504,-37.73,-5.39,72.31,Noise,Right
1706528964520,0.046848,0.916952,0.860344,-44.17,-35.7,-1.26,Noise,Right
1706528964570,0.040504,0.7808,0.889624,-7.49,-62.44,-75.46,Noise,Right
1706528964570,0.029768,0.54168,1.013088,44.31,-61.46,-123.06,Noise,Right
1706528964685,0.162504,-0.099552,1.243912,48.65,-27.02,-85.19,Noise,Right
1706528964685,0.160064,-0.058072,1.081408,-28.42,-11.34,5.67,Noise,Right
1706528964685,-0.002928,0.163968,0.843264,-29.47,-17.64,28.63,Noise,Right
1706528964685,-0.123464,0.33184,0.781776,58.73,-6.93,11.69,Noise,Right
1706528964686,-0.11468,0.528992,0.77836,101.57,23.17,8.47,Noise,Right
1706528964686,-0.082472,0.691008,0.823256,81.06,45.5,11.06,Noise,Right
1706528964686,-0.057096,0.762744,0.766648,1.12,46.62,6.79,Noise,Right
1706528964736,-0.148352,0.700768,0.754936,-25.97,21.91,-0.42,Noise,Right
1706528964737,0.081984,0.61244,0.919392,0.35,0.28,-21.49,Noise,Right
1706528964737,0.096624,0.235216,1.131672,8.26,-2.94,-2.31,Noise,Right
1706528964781,0.082472,0.2562,1.153632,-42.98,6.86,25.41,Noise,Right
1706528964781,0.219112,0.248392,0.977464,-31.15,6.16,20.44,Noise,Right
1706528964781,0.041968,0.321592,0.893528,0.14,-7.28,4.13,Noise,Right
1706528964827,-0.016104,0.3904,0.813496,25.97,-12.81,-8.47,Noise,Right
1706528964828,-0.110776,0.486536,0.758352,51.87,-12.46,-6.37,Noise,Right
1706528964828,-0.157136,0.507032,0.741272,107.45,-9.1,7.35,Noise,Right
1706528964876,-0.066368,0.64416,0.789096,120.68,-4.69,36.68,Noise,Right
1706528964877,-0.008784,0.817888,0.9272,76.86,0.28,54.04,Noise,Right
1706528964877,0.058072,0.835944,0.954528,16.66,6.23,29.05,Noise,Right
1706528964920,0.069296,0.750056,0.976,14.91,24.99,-10.5,Noise,Right
1706528964921,0.052216,0.467992,0.79788,16.87,17.43,-37.73,Noise,Right
1706528964967,0.060024,0.255224,0.77592,21.0,-12.32,-10.57,Noise,Right
1706528964968,0.006344,0.411384,0.863272,17.22,-15.19,-10.85,Noise,Right
1706528964968,-0.00976,0.37576,0.845216,1.12,-8.26,-17.43,Noise,Right
1706528965012,-0.052216,0.38552,0.779824,-28.98,17.22,-7.77,Noise,Right
1706528965014,-0.04636,0.347456,0.796416,-33.74,1.19,19.81,Noise,Right
1706528965014,0.023912,0.345504,0.877424,-52.22,-1.54,66.36,Noise,Right
1706528965059,0.11956,0.473848,0.860344,-96.95,-15.4,117.25,Noise,Right
1706528965060,0.179096,0.687104,0.855952,-143.99,-57.47,148.12,Noise,Right
1706528965061,0.163968,0.765184,0.902312,-153.37,-98.7,122.29,Noise,Right
1706528965105,0.149816,0.787632,0.985272,-106.96,-106.33,52.92,Noise,Right
1706528965106,0.12932,0.68564,1.018456,14.28,-66.36,-31.08,Noise,Right
1706528965152,0.071736,0.6344,1.034072,115.43,-1.89,-98.14,Noise,Right
1706528965153,0.159088,0.443592,1.031632,181.44,52.78,-132.3,Noise,Right
1706528965153,0.144936,0.355264,0.999424,173.39,84.14,-137.34,Noise,Right
1706528965200,0.106872,0.251808,0.89792,127.47,99.05,-103.81,Noise,Right
1706528965200,0.0122,0.22448,0.787632,52.22,86.59,-48.72,Noise,Right
1706528965201,-0.010248,0.263032,0.694424,7.63,47.6,22.26,Noise,Right
1706528965246,0.07564,0.462624,0.670024,-49.77,-5.88,90.65,Noise,Right
1706528965246,0.067832,0.57584,0.72224,-150.57,-59.99,129.71,Noise,Right
1706528965292,0.057096,0.633424,0.755424,-221.69,-100.03,124.88,Noise,Right
1706528965292,0.060512,0.61488,0.824232,-213.5,-119.98,90.16,Noise,Right
1706528965292,0.107848,0.537776,0.951112,-101.22,-109.97,37.38,Noise,Right
1706528965339,0.160552,0.448472,1.075064,-14.35,-75.81,-15.19,Noise,Right
1706528965339,0.081496,0.343064,1.089216,28.07,-22.19,-47.67,Noise,Right
1706528965339,0.128832,0.24156,1.011624,71.12,30.31,-62.72,Noise,Right
1706528965386,0.11956,0.190808,0.883768,114.45,64.61,-57.47,Noise,Right
1706528965386,0.113704,0.200568,0.792512,126.77,65.94,-30.94,Noise,Right
1706528965387,0.105896,0.205448,0.733464,100.52,39.9,13.44,Noise,Right
1706528965431,0.182512,0.380152,0.708088,77.42,-5.81,68.88,Noise,Right
1706528965432,0.247904,0.589504,0.82228,-22.54,-61.46,119.98,Noise,Right
1706528965478,0.257664,0.70516,0.878888,-131.11,-113.26,116.27,Noise,Right
1706528965478,0.24156,0.704184,0.95892,-164.71,-125.51,72.38,Noise,Right
1706528965479,0.285968,0.582184,1.087752,-86.66,-100.59,5.18,Noise,Right
1706528965523,0.256688,0.447496,1.200968,-4.69,-49.28,-56.63,Noise,Right
1706528965523,0.21228,0.302072,1.17364,60.9,18.48,-97.86,Noise,Right
1706528965525,0.240584,0.22204,1.0492,88.27,103.04,-109.27,Noise,Right
1706528965570,0.187392,0.228872,0.862784,92.61,133.28,-96.53,Noise,Right
1706528965571,0.126392,0.233752,0.706136,86.03,136.22,-58.8,Noise,Right
1706528965571,0.078568,0.294752,0.640744,82.81,98.84,-1.47,Noise,Right
1706528965616,0.098576,0.39284,0.599264,73.01,31.22,67.76,Noise,Right
1706528965616,0.242048,0.684176,0.662216,8.89,-47.74,139.72,Noise,Right
1706528965662,0.289384,0.861808,0.81252,-121.03,-134.54,155.75,Noise,Right
1706528965662,0.33184,0.755424,0.867176,-210.63,-179.41,108.99,Noise,Right
1706528965662,0.3416,0.602192,1.025776,-140.49,-166.81,32.41,Noise,Right
1706528965711,0.294264,0.395768,1.228296,-32.13,-106.68,-27.51,Noise,Right
1706528965712,0.188368,0.244,1.355176,54.53,-15.05,-56.84,Noise,Right
1706528965712,0.286944,0.19764,1.193648,80.08,100.45,-65.24,Noise,Right
1706528965785,0.335256,0.233752,0.996008,82.18,152.88,-52.08,Noise,Right
1706528965797,0.291824,0.296704,0.851072,71.68,152.32,-22.19,Noise,Right
1706528965798,0.26108,0.347456,0.772992,41.58,99.19,31.22,Noise,Right
1706528965805,0.294752,0.403088,0.711992,-7.56,8.68,105.56,Noise,Right
1706528965805,0.365024,0.628056,0.869128,-79.59,-89.81,154.0,Noise,Right
1706528965856,0.348432,0.686128,0.864736,-177.31,-174.02,151.62,Noise,Right
1706528965856,0.367464,0.618784,0.864248,-203.07,-187.95,88.48,Noise,Right
1706528965857,0.28304,0.519232,1.016504,-129.15,-140.07,5.53,Noise,Right
1706528965964,0.362584,0.372344,1.110688,-9.1,-77.28,-72.03,Noise,Right
1706528965964,0.327936,0.230824,1.142408,70.0,-7.21,-96.32,Noise,Right
1706528965965,0.26352,0.114192,1.035536,80.99,65.1,-99.19,Noise,Right
1706528965965,0.357704,0.109312,0.920368,65.1,100.03,-75.88,Noise,Right
1706528965965,0.318176,0.121512,0.854488,39.13,94.78,-26.95,Noise,Right
1706528965965,0.305,0.191296,0.802272,18.34,52.57,35.07,Noise,Right
1706528965965,0.396744,0.301096,0.777384,-14.91,-17.5,102.9,Noise,Right
1706528966069,0.441152,0.43188,0.808128,-60.13,-98.14,128.87,Noise,Right
1706528966069,0.448472,0.511912,0.892552,-125.93,-142.8,114.59,Noise,Right
1706528966070,0.399184,0.474336,0.914512,-149.87,-140.35,58.45,Noise,Right
1706528966070,0.348432,0.366488,0.994056,-80.64,-93.17,-11.27,Noise,Right
1706528966070,0.427,0.247416,1.079944,3.08,-42.14,-69.58,Noise,Right
1706528966070,0.41724,0.144936,1.040416,52.57,32.34,-81.76,Noise,Right
1706528966116,0.354288,0.086376,0.943792,44.24,67.9,-72.45,Noise,Right
1706528966116,0.367464,0.047336,0.847656,18.55,88.34,-43.75,Noise,Right
1706528966117,0.354288,0.070272,0.767624,7.28,76.51,1.54,Noise,Right
1706528966164,0.386008,0.108336,0.767624,22.19,35.91,71.61,Noise,Right
1706528966164,0.47092,0.199592,0.763232,5.11,-24.78,101.99,Noise,Right
1706528966270,0.5124,0.38552,0.871568,-60.97,-105.35,115.71,Noise,Right
1706528966270,0.51728,0.386008,0.969656,-119.07,-128.03,81.69,Noise,Right
1706528966270,0.428464,0.321592,0.98332,-120.26,-102.69,24.08,Noise,Right
1706528966270,0.510448,0.182024,1.062376,-59.85,-56.07,-35.42,Noise,Right
1706528966271,0.484584,0.09028,1.053592,4.62,-9.66,-53.83,Noise,Right
1706528966271,0.442616,-0.018544,0.981368,24.85,48.23,-52.08,Noise,Right
1706528966314,0.430416,-0.088816,0.820816,-2.52,72.45,-30.38,Noise,Right
1706528966315,0.378688,-0.109312,0.668072,-13.37,57.12,17.85,Noise,Right
1706528966315,0.454328,-0.022936,0.625616,2.1,-7.21,83.02,Noise,Right
1706528966371,0.555344,0.042456,0.613904,-8.89,-101.92,140.7,Noise,Right
1706528966378,0.621224,0.233264,0.765672,-41.72,-183.12,155.82,Noise,Right
1706528966381,0.65392,0.276696,0.955016,-127.19,-198.45,119.28,Noise,Right
1706528966411,0.609024,0.596824,1.000888,-125.16,-130.62,0.49,Noise,Right
1706528966412,0.581696,-0.07808,1.043832,9.59,-65.38,-43.75,Noise,Right
1706528966412,0.653432,-0.027328,0.98332,71.61,-22.75,-96.25,Noise,Right
1706528966457,0.606096,-0.171288,0.999424,77.56,33.6,-83.16,Noise,Right
1706528966457,0.590968,-0.367952,0.846192,2.66,63.14,-43.61,Noise,Right
1706528966505,0.558272,-0.218624,0.671488,-30.17,62.09,25.48,Noise,Right
1706528966505,0.567056,-0.126392,0.577304,-38.92,15.75,96.32,Noise,Right
1706528966506,0.589016,-0.102968,0.548512,-57.82,-60.06,144.06,Noise,Right
1706528966550,0.613904,0.817888,0.555832,-28.84,-104.58,-8.12,Noise,Right
1706528966550,0.7442,-0.040016,0.931104,70.0,-112.21,16.31,Noise,Right
1706528966551,0.59292,0.15616,1.262944,-30.31,-79.59,-0.91,Noise,Right
1706528966597,0.765672,-0.122976,0.969168,-30.38,-14.49,-26.88,Noise,Right
1706528966598,0.42212,-0.163968,0.99308,2.8,-6.51,-23.38,Noise,Right
1706528966598,0.671488,-0.166896,0.710528,-1.33,9.66,-42.91,Noise,Right
1706528966644,0.670512,-0.229848,0.73688,41.79,16.94,-24.71,Noise,Right
1706528966645,0.5734,-0.203496,0.710528,15.89,31.29,0.63,Noise,Right
1706528966691,0.596336,-0.118584,0.678808,-9.94,39.9,36.12,Noise,Right
1706528966691,0.613416,-0.051728,0.65636,-7.77,26.53,67.76,Noise,Right
1706528966691,0.46604,0.396744,0.692472,-20.58,-14.0,-9.31,Noise,Right
1706528966738,0.735416,0.03416,2.482456,90.09,-24.92,-0.28,Noise,Right
1706528966738,0.455792,0.199592,0.979904,39.27,-22.54,6.23,Noise,Right
1706528966738,0.831552,-0.117608,0.91744,-0.14,-24.85,9.66,Noise,Right
1706528966785,0.624152,-0.113704,0.787144,-42.21,-27.09,-8.54,Noise,Right
1706528966786,0.598288,-0.190808,0.677832,-13.79,-28.84,-28.0,Noise,Right
1706528966786,0.554368,-0.22936,0.791536,11.83,-20.65,-41.02,Noise,Right
1706528966831,0.542168,-0.253272,0.761768,14.63,5.04,-33.74,Noise,Right
1706528966831,0.55876,-0.251808,0.676856,16.1,27.79,-12.32,Noise,Right
1706528966880,0.589992,-0.159576,0.594872,-12.6,33.53,18.41,Noise,Right
1706528966881,0.57828,0.305,0.776896,-20.37,15.4,-34.93,Noise,Right
1706528966881,0.566568,0.110288,0.946232,53.97,22.96,-1.33,Noise,Right
1706528966928,0.803248,0.163968,0.732488,47.81,6.16,6.51,Noise,Right
1706528966928,0.768112,0.101016,1.131672,20.3,-21.0,17.36,Noise,Right
1706528966930,0.723216,-0.02684,0.90036,-1.89,-12.95,16.1,Noise,Right
1706528967052,0.683688,-0.145912,0.771528,-11.55,-17.92,2.24,Noise,Right
1706528967052,0.658312,-0.204472,0.742248,9.45,-10.15,-11.62,Noise,Right
1706528967052,0.60024,-0.250344,0.77592,27.37,-6.02,-16.73,Noise,Right
1706528967054,0.4758,-0.205448,0.794464,53.34,17.22,-14.28,Noise,Right
1706528967054,0.465552,-0.149816,0.74664,75.18,48.23,-6.72,Noise,Right
1706528967054,0.491416,0.277184,0.772504,79.1,75.04,-44.66,Noise,Right
1706528967054,0.630496,0.216672,0.69296,112.84,87.29,-46.48,Noise,Right
1706528967189,0.5978,0.202032,0.737368,97.02,78.19,-32.41,Noise,Right
1706528967190,0.620248,0.166408,0.75152,26.32,44.94,-8.12,Noise,Right
1706528967190,0.785192,0.29524,1.068232,-42.07,18.97,11.83,Noise,Right
1706528967190,0.561688,0.125416,0.961848,-8.96,7.28,13.09,Noise,Right
1706528967190,0.707112,0.162504,0.9638,-88.06,-1.61,-2.52,Noise,Right
1706528967190,0.601216,0.093696,0.950624,-86.17,-7.35,-51.8,Noise,Right
1706528967191,0.581208,-0.064416,1.037,-47.25,-2.59,-81.69,Noise,Right
1706528967191,0.544608,-0.126392,1.003328,75.95,40.04,-87.15,Noise,Right
1706528967233,0.398208,0.167872,1.05652,77.0,114.17,-61.32,Noise,Right
1706528967234,0.60512,-0.120536,0.84912,62.86,163.73,-21.28,Noise,Right
1706528967234,0.447496,-0.022448,0.73688,57.82,164.08,20.72,Noise,Right
1706528967279,0.394792,0.051728,0.723216,43.68,104.02,56.77,Noise,Right
1706528967280,1.288808,0.555344,0.282552,-19.67,12.39,75.18,Noise,Right
1706528967280,0.307928,0.472384,0.912072,20.23,-47.95,42.28,Noise,Right
1706528967328,0.525088,0.26352,0.884256,-55.23,-84.98,37.8,Noise,Right
1706528967329,0.424072,0.25864,0.90768,-113.33,-90.09,-11.27,Noise,Right
1706528967329,0.480192,0.109312,0.967704,-105.63,-61.81,-54.25,Noise,Right
1706528967373,0.393816,-0.048312,1.03212,-35.21,-24.57,-76.58,Noise,Right
1706528967373,0.35624,-0.118584,1.033096,53.55,30.8,-74.2,Noise,Right
1706528967419,0.369904,-0.101016,1.025288,87.71,94.22,-60.27,Noise,Right
1706528967419,0.39528,-0.074664,0.901824,77.49,136.5,-34.37,Noise,Right
1706528967420,0.335744,-0.0488,0.77836,70.63,137.41,-6.37,Noise,Right
1706528967467,0.309392,-0.020496,0.732976,75.88,87.15,30.1,Noise,Right
1706528967468,0.31232,0.097112,0.689544,68.53,18.76,71.33,Noise,Right
1706528967468,0.372344,0.407968,0.821304,7.42,-52.57,101.43,Noise,Right
1706528967515,0.391376,0.513864,0.962336,-91.0,-107.45,81.2,Noise,Right
1706528967515,0.415776,0.5002,0.945256,-156.03,-123.2,3.43,Noise,Right
1706528967515,0.433344,0.31232,1.028704,-137.83,-85.61,-76.3,Noise,Right
1706528967566,0.443592,0.081496,1.116544,-45.29,-41.65,-126.49,Noise,Right
1706528967567,0.264008,-0.101504,1.196576,23.31,10.57,-118.72,Noise,Right
1706528967608,0.355752,-0.12932,1.1468,66.57,79.87,-84.35,Noise,Right
1706528967608,0.393328,-0.066856,1.053592,79.03,133.0,-44.66,Noise,Right
1706528967608,0.366,-0.067832,0.914512,99.12,139.65,-20.65,Noise,Right
1706528967655,0.3172,-0.025864,0.840336,116.2,104.93,1.68,Noise,Right
1706528967655,0.316224,0.111752,0.809592,126.28,47.04,37.31,Noise,Right
1706528967656,0.376248,0.377224,0.918416,64.54,-17.57,72.87,Noise,Right
1706528967703,0.393816,0.543144,0.996496,-42.28,-66.64,61.67,Noise,Right
1706528967703,0.362096,0.533872,1.011136,-118.86,-88.27,8.75,Noise,Right
1706528967703,0.343064,0.422608,0.940864,-117.53,-64.96,-56.0,Noise,Right
1706528967747,0.322568,0.223992,1.016016,-21.07,-41.3,-107.52,Noise,Right
1706528967748,0.349896,0.068808,1.11996,36.61,-28.49,-120.4,Noise,Right
1706528967793,0.275232,-0.04148,1.14192,73.71,10.64,-96.18,Noise,Right
1706528967794,0.265472,-0.021472,1.0858,79.59,76.37,-55.23,Noise,Right
1706528967794,0.308416,-0.02684,0.982344,87.99,110.6,-20.16,Noise,Right
1706528967841,0.292312,0.045384,0.885232,105.84,97.44,17.29,Noise,Right
1706528967842,0.337696,0.224968,0.83204,105.28,54.18,59.78,Noise,Right
1706528967842,0.384056,0.521672,0.906216,41.72,-5.6,96.18,Noise,Right
1706528967887,0.37332,0.694912,1.00772,-76.58,-60.41,83.51,Noise,Right
1706528967887,0.357704,0.657824,1.003328,-155.75,-82.6,22.96,Noise,Right
1706528967887,0.306952,0.389912,0.991616,-128.73,-55.79,-48.86,Noise,Right
1706528967933,0.24156,0.310856,1.021384,-16.8,-17.78,-103.18,Noise,Right
1706528967933,0.297192,0.183,1.0858,39.97,4.83,-123.69,Noise,Right
1706528967979,0.22936,0.079056,1.107272,47.39,26.74,-105.42,Noise,Right
1706528967980,0.210328,0.052704,1.037976,34.86,54.67,-68.74,Noise,Right
1706528967981,0.22692,0.044896,0.978928,22.4,67.2,-28.42,Noise,Right
1706528968026,0.23912,0.047824,0.91256,24.01,48.51,16.73,Noise,Right
1706528968026,0.284016,0.162016,0.860832,30.17,13.44,64.75,Noise,Right
1706528968026,0.32208,0.365024,0.889136,7.21,-24.57,95.62,Noise,Right
1706528968072,0.333304,0.522648,0.961848,-36.68,-49.77,77.63,Noise,Right
1706528968072,0.271816,0.5124,1.019432,-55.23,-45.15,15.19,Noise,Right
1706528968118,0.249856,0.40992,1.016016,-16.52,-7.63,-61.25,Noise,Right
1706528968125,0.182024,0.274744,0.981368,57.68,36.26,-115.78,Noise,Right
1706528968125,0.200568,0.16104,0.962824,98.28,64.05,-136.71,Noise,Right
1706528968164,0.149328,0.114192,0.925736,95.13,75.74,-117.88,Noise,Right
1706528968164,0.131272,0.100528,0.856928,58.1,70.42,-75.18,Noise,Right
1706528968165,0.113216,0.002928,0.798368,22.89,44.94,-18.27,Noise,Right
1706528968212,0.152256,0.2562,0.789584,-7.63,1.54,43.19,Noise,Right
1706528968212,0.179584,0.452864,0.81008,-74.06,-47.74,88.06,Noise,Right
1706528968212,0.199104,0.51728,0.85888,-131.81,-89.46,84.56,Noise,Right
1706528968259,0.20252,0.496784,0.90768,-124.39,-101.99,32.41,Noise,Right
1706528968260,0.2074,0.423096,1.058472,-52.22,-70.84,-41.23,Noise,Right
1706528968305,0.1586,0.264984,1.16144,57.61,-15.19,-103.6,Noise,Right
1706528968305,0.12444,0.205936,1.138504,124.46,53.2,-133.84,Noise,Right
1706528968306,0.188856,0.177144,1.065792,149.94,109.27,-135.8,Noise,Right
1706528968352,0.159088,0.169824,0.953064,143.64,131.95,-110.25,Noise,Right
1706528968354,0.108824,0.188856,0.828624,112.07,118.16,-64.82,Noise,Right
1706528968354,0.081984,0.323544,0.769088,67.2,71.68,-4.55,Noise,Right
1706528968400,0.143472,0.498736,0.770552,-19.81,6.23,46.97,Noise,Right
1706528968400,0.103456,0.573888,0.793488,-119.42,-54.04,61.81,Noise,Right
1706528968400,0.072712,0.540216,0.816424,-155.82,-87.85,32.9,Noise,Right
1706528968446,0.094184,0.413336,0.91988,-110.74,-85.68,-18.97,Noise,Right
1706528968447,0.109312,0.23912,1.077016,-7.07,-53.83,-64.4,Noise,Right
1706528968492,0.0122,0.122,1.116544,53.48,9.52,-81.13,Noise,Right
1706528968493,0.079056,0.103456,1.052616,88.76,82.25,-76.09,Noise,Right
1706528968494,0.05612,0.088816,0.94672,101.22,122.01,-52.57,Noise,Right
1706528968539,0.064904,0.130296,0.781288,88.41,117.53,-13.37,Noise,Right
1706528968540,0.061,0.272304,0.709064,57.68,68.95,38.29,Noise,Right
1706528968540,0.103944,0.52704,0.725168,-17.01,-7.35,79.94,Noise,Right
1706528968586,0.082472,0.655384,0.783728,-94.92,-76.93,81.76,Noise,Right
1706528968586,0.081496,0.638792,0.869616,-119.14,-113.75,23.87,Noise,Right
1706528968587,0.121024,0.52948,0.98088,-83.65,-109.76,-34.86,Noise,Right
1706528968632,0.111264,0.323544,1.189744,-3.78,-66.15,-90.93,Noise,Right
1706528968633,0.036112,0.167384,1.219512,73.36,4.55,-112.28,Noise,Right
1706528968679,0.045872,0.068808,1.138992,83.37,87.43,-101.43,Noise,Right
1706528968679,0.049288,0.112728,0.949648,74.69,130.41,-62.3,Noise,Right
1706528968680,-0.023912,0.159088,0.763232,77.56,133.28,-24.08,Noise,Right
1706528968726,-0.00976,0.33916,0.623664,57.4,61.74,32.69,Noise,Right
1706528968726,0.016592,0.745664,0.733952,22.75,-15.89,73.29,Noise,Right
1706528968726,0.040992,0.827648,0.77836,-79.59,-81.97,66.15,Noise,Right
1706528968771,0.032208,0.764696,0.870104,-85.33,-118.72,13.3,Noise,Right
1706528968772,0.07076,0.549976,1.014064,-36.19,-104.86,-56.28,Noise,Right
1706528968772,0.121512,0.202032,1.474248,23.94,-22.47,-75.6,Noise,Right
1706528968817,0.186416,-0.017568,1.286856,8.61,42.28,-42.35,Noise,Right
1706528968818,0.108824,0.153232,0.813008,-17.64,34.58,-24.29,Noise,Right
1706528968867,-0.089304,0.161528,0.723704,26.81,15.47,-18.27,Noise,Right
1706528968867,-0.091744,0.269864,0.74908,69.37,10.64,16.24,Noise,Right
1706528968867,-0.058072,0.450912,0.8052,96.11,12.04,26.25,Noise,Right
1706528968911,0.01464,0.665632,0.852536,68.53,12.25,50.68,Noise,Right
1706528968912,0.090768,0.85644,0.870592,-34.44,-13.79,54.18,Noise,Right
1706528968912,0.079544,0.893528,0.919392,-67.97,-43.75,10.01,Noise,Right
1706528968958,0.110288,0.568032,1.109712,-21.0,-49.42,-47.46,Noise,Right
1706528968960,0.167872,0.03904,1.365424,10.43,5.18,-29.54,Noise,Right
1706528968961,0.190808,0.243512,1.077504,-27.58,34.51,-23.24,Noise,Right
1706528969003,0.115656,0.210328,0.910608,-11.06,11.27,-32.62,Noise,Right
1706528969004,-0.011224,0.152256,0.80764,-16.59,-7.56,-27.79,Noise,Right
1706528969050,-0.188368,0.222528,0.692472,9.17,-10.57,-18.06,Noise,Right
1706528969051,-0.223504,0.32208,0.727608,76.37,2.73,0.14,Noise,Right
1706528969051,-0.14396,0.376248,0.784216,122.15,23.17,15.47,Noise,Right
1706528969100,0.000488,0.599264,0.781288,113.12,28.7,46.06,Noise,Right
1706528969100,0.069784,0.886208,0.864736,4.34,-0.77,66.08,Noise,Right
1706528969100,0.094672,0.992592,0.855952,-78.96,-45.36,26.53,Noise,Right
1706528969252,0.114192,0.710528,1.12484,-46.55,-57.4,-49.49,Noise,Right
1706528969262,0.229848,0.05368,1.406904,-9.38,-0.49,-18.13,Noise,Right
1706528969264,0.120536,0.371856,1.096536,-52.92,30.38,-26.32,Noise,Right
1706528969264,0.157136,0.413336,0.9516,7.49,10.92,-62.51,Noise,Right
1706528969264,-0.056608,0.103456,0.719312,-16.45,-4.76,-74.27,Noise,Right
1706528969264,-0.203008,0.084424,0.648552,4.55,-28.63,-17.92,Noise,Right
1706528969269,-0.255712,0.284016,0.729072,23.59,-5.04,4.13,Noise,Right
1706528969282,-0.1586,0.417728,0.764696,71.12,6.37,12.95,Noise,Right
1706528969283,-0.061488,0.511912,0.763232,106.4,11.41,26.88,Noise,Right
1706528969283,0.074664,0.759816,0.847168,47.11,-1.33,54.04,Noise,Right
1706528969283,0.17568,0.842776,0.934032,-54.67,-40.04,55.79,Noise,Right
1706528969327,0.212768,0.706136,1.118496,-84.77,-54.11,14.77,Noise,Right
1706528969328,0.230824,0.434808,1.233664,-35.77,-25.97,-24.15,Noise,Right
1706528969379,0.2196,0.292312,1.152656,-5.11,10.78,-43.82,Noise,Right
1706528969379,0.15616,0.337208,1.01748,25.62,22.68,-49.63,Noise,Right
1706528969379,-0.083448,0.256688,0.772504,44.94,24.92,-66.15,Noise,Right
1706528969506,-0.16348,0.071248,0.528504,47.32,-9.24,-2.73,Noise,Right
1706528969506,-0.30988,0.418216,0.63684,90.44,5.46,12.81,Noise,Right
1706528969506,-0.159576,0.5368,0.667584,114.52,23.24,10.36,Noise,Right
1706528969507,-0.067832,0.655384,0.658312,131.04,25.13,14.91,Noise,Right
1706528969507,0.054656,0.791536,0.841312,63.56,11.27,27.23,Noise,Right
1706528969507,0.137616,0.787632,0.911584,-37.8,-17.01,22.75,Noise,Right
1706528969507,0.191784,0.655384,1.094584,-74.9,-27.51,17.5,Noise,Right
1706528969636,0.239608,0.540216,1.222928,-53.69,-7.56,5.18,Noise,Right
1706528969636,0.235216,0.503128,1.209264,-0.07,16.31,-20.02,Noise,Right
1706528969637,0.15128,0.467992,0.935008,-9.1,20.37,-47.11,Noise,Right
1706528969637,0.079544,0.186904,0.660752,-44.94,-29.89,-18.97,Noise,Right
1706528969638,-0.260104,0.323544,0.66612,7.14,-31.15,-4.69,Noise,Right
1706528969638,-0.272792,0.395768,0.569984,52.99,-5.32,-4.62,Noise,Right
1706528969638,-0.255712,0.32452,0.55632,103.6,17.64,7.77,Noise,Right
1706528969638,-0.14396,0.26108,0.56852,143.85,25.76,30.1,Noise,Right
1706528969687,0.050752,0.19276,0.71492,186.41,34.65,74.9,Noise,Right
1706528969688,0.203008,0.326472,0.735904,142.31,38.64,134.47,Noise,Right
1706528969688,0.355752,0.666608,0.80764,24.99,-6.93,188.93,Noise,Right
1706528969732,0.325496,0.88084,0.923784,-150.92,-85.47,201.6,Noise,Right
1706528969732,0.174704,0.915976,0.874984,-248.5,-124.04,160.37,Noise,Right
1706528969732,0.30744,0.879376,0.902312,-139.16,-111.93,95.13,Noise,Right
1706528969778,0.261568,0.94184,1.101904,-14.42,-73.85,14.42,Noise,Right
1706528969778,0.214232,0.583648,1.091656,98.49,-24.64,-41.16,Noise,Right
1706528969779,0.095648,0.587552,1.001864,82.11,49.21,-82.18,Noise,Right
1706528969842,0.145912,0.472384,0.853512,63.98,97.58,-80.5,Noise,Right
1706528969843,0.069784,0.364536,0.699792,30.66,116.55,-58.59,Noise,Right
1706528969843,0.024888,0.278648,0.586088,-25.48,107.24,-13.72,Noise,Right
1706528969871,0.034648,0.255224,0.549,-63.42,63.56,56.7,Noise,Right
1706528969872,0.10492,0.398696,0.571936,-73.64,-26.95,125.79,Noise,Right
1706528969918,0.228872,0.637328,0.72956,-148.75,-119.42,181.58,Noise,Right
1706528969919,0.276696,0.61488,0.831552,-254.17,-198.24,182.35,Noise,Right
1706528969919,0.323544,0.598776,1.018944,-256.76,-228.62,134.05,Noise,Right
1706528969965,0.364048,0.389912,1.068232,-52.22,-190.47,79.31,Noise,Right
1706528969965,0.421632,0.375272,1.142896,234.71,-108.92,34.93,Noise,Right
1706528969965,0.467992,0.277184,1.207312,224.28,-1.89,-29.26,Noise,Right
1706528970014,0.323544,0.392352,1.002352,77.35,70.42,-70.14,Noise,Right
1706528970015,0.34404,0.38308,0.787632,40.74,99.19,-55.02,Noise,Right
1706528970015,0.30012,0.305488,0.659776,1.4,88.13,-13.37,Noise,Right
1706528970064,0.28548,0.307928,0.611952,-49.07,36.47,55.37,Noise,Right
1706528970065,0.473848,0.487024,0.631472,-70.7,-60.9,119.56,Noise,Right
1706528970065,0.537288,0.630008,0.774456,-135.31,-146.58,157.08,Noise,Right
1706528970164,0.546072,0.54656,0.867176,-193.9,-197.89,134.68,Noise,Right
1706528970165,0.540704,0.437736,1.034072,-172.76,-181.58,64.33,Noise,Right
1706528970165,0.550952,0.177632,1.091168,10.22,-118.44,-5.67,Noise,Right
1706528970165,0.732488,0.086864,1.129232,156.17,-27.93,-57.82,Noise,Right
1706528970165,0.449936,0.249368,1.10044,59.43,58.73,-106.75,Noise,Right
1706528970165,0.55388,0.124928,0.83204,15.96,102.48,-102.13,Noise,Right
1706528970214,0.354288,0.175192,0.666608,-33.74,111.44,-52.85,Noise,Right
1706528970215,0.406504,0.203984,0.552416,-66.99,79.31,24.64,Noise,Right
1706528970260,0.460672,0.305,0.553392,-80.78,-15.89,93.38,Noise,Right
1706528970260,0.633912,0.494832,0.608536,-97.93,-108.57,137.27,Noise,Right
1706528970260,0.63196,0.427976,0.713944,-124.11,-182.35,139.58,Noise,Right
1706528970305,0.64416,0.372344,0.764696,-127.19,-201.46,98.77,Noise,Right
1706528970305,0.635376,0.225944,0.96136,-90.58,-169.82,30.03,Noise,Right
1706528970306,0.62952,0.183488,1.161928,-19.39,-114.94,-31.99,Noise,Right
1706528970351,0.205936,-0.259128,0.96868,133.91,11.2,-53.69,Noise,Right
1706528970352,0.298168,-0.742736,0.843264,40.53,71.75,-48.09,Noise,Right
1706528970352,0.401136,-0.094672,0.670024,-14.07,76.23,-40.88,Noise,Right
1706528970402,1.012112,-0.000976,0.729072,-38.92,60.76,-24.57,Noise,Right
1706528970406,0.7198,0.180072,0.737856,-63.56,52.64,9.8,Noise,Right
1706528970445,0.748592,0.435784,0.8418,-75.88,33.53,25.62,Noise,Right
1706528970445,0.723704,0.488,0.984296,3.64,12.18,28.56,Noise,Right
1706528970445,0.59292,0.195688,1.034072,-160.72,-7.42,3.29,Noise,Right
1706528970492,0.615368,0.089304,0.91256,-132.65,-29.19,17.5,Noise,Right
1706528970492,0.371368,0.040504,0.705648,-75.53,-40.67,11.83,Noise,Right
1706528970494,0.49776,-0.063928,0.712968,5.18,-46.69,-9.87,Noise,Right
1706528970539,0.349896,-0.046848,0.72956,6.86,-29.61,-34.86,Noise,Right
1706528970540,0.355264,-0.097112,0.506544,-11.9,-14.56,-52.29,Noise,Right
1706528970540,0.355752,-0.052216,0.587064,-19.88,29.68,-70.98,Noise,Right
1706528970585,0.392352,0.081496,0.84424,-75.39,43.05,-88.27,Noise,Right
1706528970585,0.27816,0.073688,0.74176,-52.92,58.66,-67.9,Noise,Right
1706528970632,0.3294,0.291824,0.78812,87.5,80.29,-65.24,Noise,Right
1706528970633,0.550464,0.366976,0.812032,194.81,83.37,-58.52,Noise,Right
1706528970633,1.492304,0.486048,1.13216,135.38,60.69,-86.52,Noise,Right
1706528970680,0.657336,0.200568,0.94916,164.57,25.34,-69.58,Noise,Right
1706528970680,0.645624,0.099552,1.165344,53.9,-15.47,-53.55,Noise,Right
1706528970680,0.588528,0.127856,1.086288,-16.87,-37.24,-38.78,Noise,Right
1706528970728,0.73932,0.120048,0.670024,-11.06,-34.23,-4.76,Noise,Right
1706528970728,0.64904,0.362584,0.938424,-132.72,0.63,-2.45,Noise,Right
1706528970728,0.540704,0.229848,0.867664,-138.39,0.07,7.14,Noise,Right
1706528970775,0.539728,0.188856,0.800808,-66.36,3.78,12.6,Noise,Right
1706528970775,0.481656,0.16104,0.992104,-0.91,5.74,11.06,Noise,Right
1706528970822,0.495808,0.159576,0.887672,33.95,4.27,10.99,Noise,Right
1706528970823,0.453352,0.111264,1.136064,69.51,2.17,11.76,Noise,Right
1706528970823,0.55632,-0.060024,1.143872,214.13,-23.17,4.9,Noise,Right
1706528970868,0.455792,0.089304,1.354688,244.16,-41.16,-15.26,Noise,Right
1706528970868,0.39772,0.313784,0.765672,158.97,-28.0,-21.98,Noise,Right
1706528970869,0.47092,0.59292,0.66124,69.51,-5.39,-18.41,Noise,Right
1706528970920,0.459696,0.398208,0.76128,-32.97,4.27,-3.85,Noise,Right
1706528970920,0.52216,0.333792,0.796904,-110.53,7.91,5.74,Noise,Right
1706528970920,0.514352,0.311344,0.847168,-142.66,12.04,11.55,Noise,Right
1706529056205,0.37576,-0.200568,-0.777872,65.73,55.16,7.63,Noise,Right
1706529056206,0.411872,-0.223016,-0.882792,25.27,80.15,20.16,Noise,Right
1706529056253,0.389424,-0.152256,-0.924272,20.93,72.59,47.74,Noise,Right
1706529056253,0.400648,-0.08784,-0.98088,44.87,38.64,68.11,Noise,Right
1706529056254,0.41236,-0.023912,-1.007232,89.04,5.39,75.39,Noise,Right
1706529056298,0.409432,-0.019032,-0.961848,82.04,-32.9,67.06,Noise,Right
1706529056326,0.423096,0.01708,-0.771528,69.79,-64.89,53.76,Noise,Right
1706529056332,0.447984,0.0244,-0.55632,109.83,-67.55,35.56,Noise,Right
1706529056348,0.46604,-0.052704,-0.457744,143.43,-30.45,15.54,Noise,Right
1706529056349,0.460672,-0.325008,-0.662704,99.96,46.97,-5.46,Noise,Right
1706529056349,0.525576,-0.404552,-0.845704,-27.93,106.4,-6.44,Noise,Right
1706529056392,0.577304,-0.343552,-0.986248,-69.02,104.02,8.96,Noise,Right
1706529056394,0.601704,-0.316224,-1.070184,-30.87,59.57,39.62,Noise,Right
1706529056439,0.621712,-0.184464,-1.08092,-4.2,7.77,65.73,Noise,Right
1706529056440,0.609512,-0.125416,-0.990152,6.65,-48.51,62.65,Noise,Right
1706529056440,0.6222,-0.067832,-0.848144,5.67,-78.47,46.83,Noise,Right
1706529056488,0.61,-0.073688,-0.63928,-7.0,-84.28,10.15,Noise,Right
1706529056488,0.576328,-0.137128,-0.476776,-13.09,-52.85,-36.4,Noise,Right
1706529056488,0.548512,-0.237656,-0.420168,-8.33,11.97,-73.57,Noise,Right
1706529056535,0.53924,-0.403576,-0.58072,-21.42,90.09,-84.0,Noise,Right
1706529056536,0.547536,-0.50264,-0.823744,-54.81,124.67,-71.54,Noise,Right
1706529056537,0.561688,-0.448472,-0.967216,-60.97,103.53,-34.09,Noise,Right
1706529056580,0.66612,-0.355752,-0.926712,-24.08,54.04,11.06,Noise,Right
1706529056581,0.648064,-0.276208,-0.944768,35.77,-11.9,56.98,Noise,Right
1706529056627,0.603168,-0.13176,-0.907192,40.6,-68.53,67.76,Noise,Right
1706529056628,0.610488,-0.064416,-0.835456,56.07,-74.13,66.08,Noise,Right
1706529056629,0.58804,-0.039528,-0.77348,51.66,-80.5,45.22,Noise,Right
1706529056674,0.563152,-0.092232,-0.657824,29.61,-66.92,4.62,Noise,Right
1706529056674,0.504104,-0.173728,-0.5368,-5.6,-26.04,-40.11,Noise,Right
1706529056675,0.5002,-0.251808,-0.484584,-13.3,25.13,-54.67,Noise,Right
1706529056720,0.501664,-0.326472,-0.569008,-7.98,77.35,-50.33,Noise,Right
1706529056721,0.50752,-0.391376,-0.691496,-6.09,105.42,-34.86,Noise,Right
1706529056721,0.527528,-0.086864,-1.214144,-87.08,10.29,33.11,Noise,Right
1706529056768,0.686128,-0.396256,-0.769088,52.71,-1.75,44.38,Noise,Right
1706529056768,0.53436,-0.14152,-0.72956,13.23,16.38,60.48,Noise,Right
1706529056769,0.677344,-0.015616,-0.763232,49.28,3.43,38.64,Noise,Right
1706529056812,0.610976,-0.091256,-0.83448,48.23,-12.46,0.42,Noise,Right
1706529056812,0.60268,-0.154696,-0.80764,17.71,-27.79,-37.52,Noise,Right
1706529056862,0.574376,-0.276208,-0.735416,4.27,-36.05,-59.01,Noise,Right
1706529056864,0.564128,-0.396256,-0.655384,-4.2,-33.6,-50.33,Noise,Right
1706529056864,0.564128,-0.504104,-0.579256,30.17,-19.6,-6.65,Noise,Right
1706529056995,0.586088,-0.437736,-0.660752,90.44,-12.88,19.81,Noise,Right
1706529056995,0.704672,-0.440664,-0.870592,81.06,0.14,32.97,Noise,Right
1706529056996,0.68808,-0.368928,-0.852048,6.51,10.78,30.87,Noise,Right
1706529056996,0.691984,-0.341112,-0.83448,-4.48,31.99,45.43,Noise,Right
1706529056996,0.690032,-0.20496,-0.670512,8.82,28.77,29.26,Noise,Right
1706529056996,0.543632,-0.162016,-0.659776,50.33,2.73,-4.55,Noise,Right
1706529056996,0.53436,-0.250832,-0.731512,71.89,-26.88,-36.82,Noise,Right
1706529057044,0.550464,-0.314272,-0.703208,53.62,-43.47,-62.16,Noise,Right
1706529057045,0.573888,-0.608048,-0.592432,14.63,-42.21,-57.54,Noise,Right
1706529057045,0.50264,-0.568032,-0.584624,26.11,-24.15,-14.56,Noise,Right
1706529057045,0.522648,-0.458232,-0.733952,21.98,-22.47,-4.13,Noise,Right
1706529057090,0.70516,-0.392352,-0.893528,-10.92,-12.25,-1.54,Noise,Right
1706529057090,0.731024,-0.344528,-0.847168,-37.59,1.68,3.85,Noise,Right
1706529057139,0.64904,-0.321592,-0.752496,-47.18,13.72,18.2,Noise,Right
1706529057139,0.60512,-0.235704,-0.704184,-40.39,22.75,31.57,Noise,Right
1706529057139,0.5978,-0.148352,-0.705648,-14.42,12.81,23.17,Noise,Right
1706529057184,0.511912,-0.263032,-0.649528,28.63,-0.42,13.09,Noise,Right
1706529057184,0.528016,-0.413824,-0.635864,41.58,-13.79,10.85,Noise,Right
1706529057184,0.41968,-0.455304,-0.675392,72.59,-30.87,-0.07,Noise,Right
1706529057232,0.467992,-0.475312,-0.654408,43.96,-41.93,-15.61,Noise,Right
1706529057232,0.455304,-0.52704,-0.603656,15.96,-40.46,-16.1,Noise,Right
1706529057232,0.52704,-0.454816,-0.672464,2.03,-39.48,-13.23,Noise,Right
1706529057278,0.715408,-0.403088,-0.830088,1.75,-34.02,-10.78,Noise,Right
1706529057279,0.723704,-0.338184,-0.910608,-18.55,-23.66,-8.26,Noise,Right
1706529057326,0.60268,-0.320128,-0.89304,-18.34,-12.46,-5.67,Noise,Right
1706529057327,0.625616,-0.279624,-0.774944,-35.63,3.78,10.85,Noise,Right
1706529057327,0.543632,-0.282552,-0.726632,-32.55,15.4,33.32,Noise,Right
1706529057372,0.534848,-0.228872,-0.743712,-9.59,13.86,38.36,Noise,Right
1706529057374,0.508008,-0.258152,-0.702232,-1.33,-1.96,21.28,Noise,Right
1706529057375,0.447008,-0.420656,-0.678808,9.8,-13.3,12.25,Noise,Right
1706529057419,0.438224,-0.460184,-0.698816,46.13,-26.32,3.64,Noise,Right
1706529057420,0.374784,-0.408456,-0.7198,54.53,-48.37,-19.18,Noise,Right
1706529057420,0.380152,-0.481168,-0.704184,29.54,-49.49,-17.64,Noise,Right
1706529057473,0.469456,-0.552416,-0.72956,14.42,-48.37,-13.65,Noise,Right
1706529057474,0.548024,-0.445056,-0.801784,-4.13,-39.76,-6.23,Noise,Right
1706529057512,0.501176,-0.43676,-0.916464,-23.73,-30.17,-4.69,Noise,Right
1706529057512,0.56608,-0.371856,-0.904264,-10.99,-17.78,-0.35,Noise,Right
1706529057514,0.581696,-0.298656,-0.825696,-26.11,-8.96,2.8,Noise,Right
1706529057562,0.55632,-0.30744,-0.78324,-23.73,1.54,15.68,Noise,Right
1706529057562,0.516792,-0.322568,-0.789096,-16.38,3.85,20.51,Noise,Right
1706529057562,0.469944,-0.310856,-0.807152,-7.21,1.61,16.52,Noise,Right
1706529057612,0.402112,-0.396256,-0.733464,1.47,-3.85,10.22,Noise,Right
1706529057613,0.438712,-0.447984,-0.692472,18.13,-12.67,4.2,Noise,Right
1706529057613,0.4514,-0.471408,-0.691496,33.53,-19.74,2.59,Noise,Right
1706529057714,0.330864,-0.376736,-0.78568,48.86,-31.5,-6.02,Noise,Right
1706529057714,0.379664,-0.409432,-0.763232,31.78,-34.23,-8.75,Noise,Right
1706529057716,0.388936,-0.47336,-0.81252,9.59,-33.25,-7.14,Noise,Right
1706529057716,0.55632,-0.447984,-0.887672,-14.77,-24.22,-6.23,Noise,Right
1706529057716,0.536312,-0.423096,-0.906216,-29.33,-12.46,-1.61,Noise,Right
1706529057716,0.516792,-0.375272,-0.850096,-12.53,-2.45,2.8,Noise,Right
1706529057761,0.49776,-0.315736,-0.813496,-12.95,5.11,10.08,Noise,Right
1706529057761,0.49532,-0.29768,-0.809104,-15.89,9.17,16.66,Noise,Right
1706529057762,0.510936,-0.307928,-0.850096,0.35,8.96,15.68,Noise,Right
1706529057807,0.438224,-0.35136,-0.808616,-3.85,8.33,12.88,Noise,Right
1706529057807,0.391864,-0.39772,-0.771528,-2.59,5.67,11.2,Noise,Right
1706529057858,0.352824,-0.443592,-0.691984,7.49,-2.31,5.11,Noise,Right
1706529057859,0.330376,-0.39284,-0.67832,18.55,-13.3,-3.64,Noise,Right
1706529057859,0.308904,-0.389912,-0.68564,43.89,-32.34,-11.27,Noise,Right
1706529057981,0.366,-0.40016,-0.721752,59.99,-40.25,-7.98,Noise,Right
1706529057982,0.482632,-0.455792,-0.814472,39.62,-59.22,-41.16,Noise,Right
1706529057982,0.430904,-0.54656,-0.893528,-54.88,-32.55,-25.9,Noise,Right
1706529057984,0.492392,-0.44164,-0.963312,-49.28,-8.89,3.5,Noise,Right
1706529057984,0.508008,-0.401624,-0.851072,-17.99,3.01,20.51,Noise,Right
1706529057984,0.49044,-0.356728,-0.806664,-19.53,14.28,33.25,Noise,Right
1706529057984,0.467504,-0.281088,-0.898408,-21.91,18.48,38.08,Noise,Right
1706529058054,0.460184,-0.264984,-0.905728,-13.37,15.4,28.63,Noise,Right
1706529058055,0.45628,-0.313784,-0.814472,1.96,3.85,4.06,Noise,Right
1706529058056,0.432856,-0.321592,-0.735416,4.97,-1.47,-3.43,Noise,Right
1706529058075,0.315248,-0.272792,-0.772992,27.65,-27.16,-34.3,Noise,Right
1706529058076,0.377712,-0.301096,-0.750056,39.55,-46.48,-55.72,Noise,Right
1706529058076,0.355752,-0.360632,-0.799344,12.18,-50.68,-58.17,Noise,Right
1706529058122,0.376736,-0.49044,-0.760792,16.38,-47.11,-43.54,Noise,Right
1706529058122,0.36356,-0.534848,-0.813984,-8.54,-26.6,2.66,Noise,Right
1706529058122,0.392352,-0.425536,-0.907192,-4.83,-17.43,5.25,Noise,Right
1706529058167,0.464576,-0.312808,-0.855952,-5.32,-12.6,5.25,Noise,Right
1706529058168,0.438712,-0.292312,-0.839848,-16.59,-5.81,11.83,Noise,Right
1706529058168,0.454816,-0.300608,-0.837408,-11.62,-4.48,19.53,Noise,Right
1706529058213,0.434808,-0.35136,-0.838872,-10.85,-2.45,22.96,Noise,Right
1706529058215,0.365024,-0.373808,-0.821304,-7.07,-7.21,14.07,Noise,Right
1706529058262,0.332328,-0.375272,-0.794952,24.71,-19.32,1.47,Noise,Right
1706529058262,0.309392,-0.438712,-0.743224,30.38,-24.64,-1.96,Noise,Right
1706529058262,0.299632,-0.553392,-0.772992,8.47,-29.33,-1.4,Noise,Right
1706529058310,0.301096,-0.444568,-0.855952,-22.96,-23.73,3.5,Noise,Right
1706529058310,0.316712,-0.452376,-0.929152,-16.87,-20.86,2.03,Noise,Right
1706529058310,0.416752,-0.3904,-0.887672,-41.79,-10.01,6.16,Noise,Right
1706529058355,0.391376,-0.358192,-0.825696,-5.74,-2.87,22.05,Noise,Right
1706529058355,0.371368,-0.318176,-0.864736,-14.98,9.31,45.85,Noise,Right
1706529058355,0.403576,-0.302072,-0.857416,-15.54,8.47,47.88,Noise,Right
1706529058401,0.373808,-0.220576,-0.930616,-10.43,2.24,28.84,Noise,Right
1706529058401,0.357216,-0.274256,-0.882792,48.65,-12.39,4.34,Noise,Right
1706529058448,0.35136,-0.308904,-0.774456,95.76,-31.15,-24.5,Noise,Right
1706529058449,0.31232,-0.383568,-0.85156,42.56,-39.9,-41.72,Noise,Right
1706529058449,0.228872,-0.572912,-0.813008,63.07,-41.23,-34.16,Noise,Right
1706529058496,0.277672,-0.421632,-0.682224,-9.59,-23.8,-13.86,Noise,Right
1706529058496,0.335256,-0.47092,-0.883768,-21.35,-7.91,-0.63,Noise,Right
1706529058497,0.327936,-0.371368,-0.930616,-25.34,-2.1,-2.52,Noise,Right
1706529058543,0.396256,-0.350872,-0.871568,-6.37,4.34,8.82,Noise,Right
1706529058544,0.3538,-0.348432,-0.869128,-17.71,11.97,20.3,Noise,Right
1706529058544,0.38308,-0.412848,-0.854,31.36,6.65,14.91,Noise,Right
1706529058589,0.338672,-0.367464,-0.888648,35.42,0.49,3.57,Noise,Right
1706529058589,0.289872,-0.460184,-0.780312,74.2,-10.43,-7.98,Noise,Right
1706529058646,0.264984,-0.508984,-0.825696,50.68,-13.58,-18.06,Noise,Right
1706529058652,0.235704,-0.581696,-0.831064,1.75,-4.69,-19.32,Noise,Right
1706529058654,0.293776,-0.530456,-0.85644,-45.01,7.42,-16.1,Noise,Right
1706529058682,0.343064,-0.438224,-0.85888,-64.12,14.28,-17.22,Noise,Right
1706529058682,0.354776,-0.438224,-0.813496,-21.84,21.21,5.6,Noise,Right
1706529058682,0.336232,-0.360632,-0.923296,-86.45,32.97,19.88,Noise,Right
1706529058730,0.39772,-0.317688,-0.864248,-34.16,37.52,28.56,Noise,Right
1706529058731,0.378688,-0.24644,-0.854,-52.43,37.1,29.47,Noise,Right
1706529058731,0.3416,-0.206912,-0.756888,-14.0,19.74,6.16,Noise,Right
1706529058776,0.367952,-0.21472,-0.793976,-21.7,4.83,-7.0,Noise,Right
1706529058776,0.32696,-0.29768,-0.747616,26.39,-5.53,-14.91,Noise,Right
1706529058821,0.321592,-0.382592,-0.657336,100.45,-15.4,-19.53,Noise,Right
1706529058821,0.333792,-0.53192,-0.765672,23.31,-40.11,-34.51,Noise,Right
1706529058822,0.316224,-0.569008,-0.838384,30.59,-38.92,-19.39,Noise,Right
1706529058868,0.29524,-0.503128,-0.913536,1.68,-22.33,-18.62,Noise,Right
1706529058870,0.337208,-0.350872,-0.896944,-26.53,-7.56,2.87,Noise,Right
1706529058870,0.381616,-0.294264,-0.845704,-11.83,7.21,30.66,Noise,Right
1706529058915,0.45628,-0.101016,-0.946232,-7.28,14.35,47.39,Noise,Right
1706529058915,0.406016,-0.050752,-1.006744,6.79,-11.41,-18.2,Noise,Right
1706529058915,0.386984,-0.230824,-0.9272,-17.78,-4.48,-14.0,Noise,Right
1706529058962,0.367464,-0.31964,-0.852536,-33.25,-4.34,-17.15,Noise,Right
1706529058963,0.353312,-0.393328,-0.722728,14.91,-3.43,-8.47,Noise,Right
1706529059008,0.3172,-0.396744,-0.687104,40.67,-9.17,-0.21,Noise,Right
1706529059009,0.355264,-0.535336,-0.693448,50.96,-27.02,-14.0,Noise,Right
1706529059009,0.345992,-0.664656,-0.781776,13.93,-36.33,-12.11,Noise,Right
1706529059056,0.331352,-0.640256,-0.963312,4.34,-23.73,-7.0,Noise,Right
1706529059056,0.340136,-0.471896,-0.995032,9.24,-13.09,-19.25,Noise,Right
1706529059056,0.3782,-0.301584,-0.904752,-3.57,-2.73,-16.03,Noise,Right
1706529059102,0.398208,-0.266936,-0.833504,-9.94,6.02,3.36,Noise,Right
1706529059102,0.364048,-0.269376,-0.83936,6.16,10.15,18.83,Noise,Right
1706529059104,0.329888,-0.27084,-0.920368,-15.61,8.61,18.27,Noise,Right
1706529059148,0.32208,-0.267424,-0.850584,-0.35,0.84,6.72,Noise,Right
1706529059149,0.345992,-0.332816,-0.796416,-2.24,-2.45,11.76,Noise,Right
1706529059198,0.318664,-0.313784,-0.710528,1.54,-13.86,6.65,Noise,Right
1706529059206,0.37088,-0.35136,-0.701744,7.21,-34.16,-11.48,Noise,Right
1706529059214,0.285968,-0.52216,-0.79544,7.77,-45.92,-14.84,Noise,Right
1706529059241,0.332816,-0.576328,-0.934032,2.66,-37.52,-2.38,Noise,Right
1706529059242,0.260592,-0.46116,-1.116544,4.27,-23.8,-7.91,Noise,Right
1706529059242,0.325984,-0.325984,-0.975024,-0.7,-2.8,6.3,Noise,Right
1706529059291,0.367952,-0.334768,-0.858392,-10.36,11.76,26.88,Noise,Right
1706529059292,0.34404,-0.29036,-0.872544,-12.67,14.28,33.53,Noise,Right
1706529059292,0.335256,-0.201056,-0.935496,-6.37,7.7,19.74,Noise,Right
1706529059424,0.325008,-0.266448,-0.895968,11.9,0.42,9.52,Noise,Right
1706529059424,0.30988,-0.391376,-0.8174,20.51,-0.49,11.69,Noise,Right
1706529059425,0.304024,-0.39772,-0.774456,-20.23,-6.65,-6.65,Noise,Right
1706529059425,0.311344,-0.310368,-0.831064,-16.24,-18.27,-21.49,Noise,Right
1706529059425,0.30744,-0.518744,-0.781288,7.77,-24.29,-22.75,Noise,Right
1706529059426,0.311832,-0.559248,-0.971608,6.58,-15.75,-13.09,Noise,Right
1706529059426,0.186904,-0.354288,-1.218048,9.59,-3.5,-20.23,Noise,Right
1706529059475,0.284016,-0.345992,-1.270752,7.91,26.6,-16.03,Noise,Right
1706529059476,0.359168,-0.391864,-0.992104,0.42,52.15,-9.1,Noise,Right
1706529059476,0.386496,-0.105408,-0.773968,-164.64,63.28,9.03,Noise,Right
1706529059476,0.40992,-0.150792,-0.721264,-59.92,57.33,21.98,Noise,Right
1706529059520,0.382592,-0.182024,-0.59048,16.38,38.64,22.47,Noise,Right
1706529059521,0.399672,-0.306464,-0.660264,-10.15,12.46,0.49,Noise,Right
1706529059566,0.44896,-0.387472,-0.694912,-21.91,-16.24,-43.68,Noise,Right
1706529059566,0.41724,-0.5612,-0.731512,20.16,-20.37,-42.49,Noise,Right
1706529059567,0.2928,-0.774944,-0.87352,4.76,-12.39,-25.13,Noise,Right
1706529059613,0.398208,-0.638304,-0.98088,-18.97,-9.17,-47.88,Noise,Right
1706529059613,0.43432,0.114192,-1.040416,-32.27,8.68,-31.15,Noise,Right
1706529059614,0.524112,0.145912,-0.935008,-12.18,24.15,-2.59,Noise,Right
1706529059660,0.498248,-0.060512,-0.86864,-2.87,22.82,1.54,Noise,Right
1706529059660,0.386984,-0.166408,-0.864248,23.87,23.17,7.35,Noise,Right
1706529059776,0.345992,-0.2074,-0.796416,24.08,18.55,10.01,Noise,Right
1706529059779,0.30012,-0.243024,-0.760304,35.56,10.78,12.39,Noise,Right
1706529059788,0.299144,-0.286944,-0.724192,50.4,-0.28,10.01,Noise,Right
1706529059788,0.383568,-0.508008,-0.751032,59.08,-27.65,-5.04,Noise,Right
1706529059789,0.404064,-0.498248,-0.898408,65.87,-27.44,-10.01,Noise,Right
1706529059814,0.450424,-0.431392,-0.939888,19.6,-25.06,-18.76,Noise,Right
1706529059815,0.39284,-0.331352,-0.892064,-10.64,-9.94,-5.81,Noise,Right
1706529059815,0.558272,-0.276696,-0.825208,24.85,-6.86,-4.97,Noise,Right
1706529059865,0.431392,-0.290848,-0.846192,45.99,-0.7,5.53,Noise,Right
1706529059865,0.329888,-0.301584,-0.86864,10.5,-2.17,8.96,Noise,Right
1706529059865,0.394304,-0.303536,-0.796904,6.65,-3.64,7.07,Noise,Right
1706529059968,0.347944,-0.407968,-0.758352,50.26,-12.74,8.33,Noise,Right
1706529059968,0.312808,-0.440176,-0.77348,33.32,-20.16,4.9,Noise,Right
1706529059968,0.323056,-0.429928,-0.785192,64.33,-31.5,0.35,Noise,Right
1706529059968,0.33184,-0.483608,-0.724192,54.32,-35.14,2.52,Noise,Right
1706529059968,0.338184,-0.548512,-0.709552,-12.32,-29.26,6.44,Noise,Right
1706529059969,0.38552,-0.537776,-0.803736,-121.8,-10.15,8.26,Noise,Right
1706529060016,0.372344,-0.544608,-1.015528,-85.19,-6.65,17.57,Noise,Right
1706529060017,0.502152,-0.487512,-1.050176,-37.45,12.6,18.41,Noise,Right
1706529060017,0.427488,-0.437736,-0.8906,-15.19,24.01,19.32,Noise,Right
1706529060062,0.40504,-0.251808,-0.830088,-3.64,28.98,24.78,Noise,Right
1706529060062,0.352336,-0.120048,-0.853024,19.32,15.19,8.26,Noise,Right
1706529060062,0.316712,-0.249368,-0.753472,101.08,0.21,16.38,Noise,Right
1706529060109,0.351848,-0.357704,-0.751032,56.21,-14.7,10.36,Noise,Right
1706529060110,0.306464,-0.431392,-0.705648,42.21,-20.51,8.12,Noise,Right
1706529060110,0.298656,-0.495808,-0.752984,-0.56,-28.0,-0.77,Noise,Right
1706529060158,0.324032,-0.540216,-0.776408,-24.64,-25.2,2.24,Noise,Right
1706529060158,0.341112,-0.56364,-0.89304,-62.65,-11.69,6.93,Noise,Right
1706529060207,0.477264,-0.47824,-0.944768,-12.95,-1.47,25.97,Noise,Right
1706529060208,0.445056,-0.35868,-0.93696,-12.25,7.49,19.95,Noise,Right
1706529060208,0.435784,-0.388936,-0.953552,-15.26,14.77,18.69,Noise,Right
1706529060253,0.427488,-0.380152,-0.90768,0.56,26.04,32.9,Noise,Right
1706529060254,0.324032,-0.201544,-0.953552,-1.54,22.75,15.61,Noise,Right
1706529060254,0.41968,-0.247416,-0.754448,76.65,-3.22,-1.12,Noise,Right
1706529060300,0.271328,-0.259616,-0.776896,108.08,-29.68,-27.02,Noise,Right
1706529060301,0.315248,-0.351848,-0.82716,59.43,-51.1,-64.12,Noise,Right
1706529060302,0.28304,-0.508496,-0.77592,4.2,-55.58,-80.99,Noise,Right
1706529060348,0.286456,-0.649528,-0.691008,-67.27,-42.28,-74.55,Noise,Right
1706529060355,0.24156,-0.676368,-0.759816,-95.2,-14.77,-10.5,Noise,Right
1706529060364,0.26352,-0.542168,-0.840824,-75.88,-3.01,7.84,Noise,Right
1706529060393,0.430416,-0.511912,-0.788608,-22.12,15.61,49.14,Noise,Right
1706529060394,0.390888,-0.432856,-0.916464,-29.47,34.37,80.15,Noise,Right
1706529060440,0.447984,-0.333304,-0.882304,16.66,40.25,84.14,Noise,Right
1706529060442,0.39284,-0.376736,-0.894504,41.3,44.8,78.89,Noise,Right
1706529060442,0.445056,-0.064416,-1.025776,-4.27,18.9,6.16,Noise,Right
1706529060485,0.44164,-0.198128,-0.851072,7.84,8.54,-12.32,Noise,Right
1706529060487,0.329888,-0.3782,-0.81252,36.12,0.07,-16.38,Noise,Right
1706529060488,0.27816,-0.365024,-0.78324,66.5,-20.86,-45.29,Noise,Right
1706529060531,0.294752,-0.30012,-0.771528,61.6,-49.0,-83.09,Noise,Right
1706529060531,0.315736,-0.712968,-0.644648,-52.22,-44.94,-84.28,Noise,Right
1706529060579,0.293776,-0.572912,-0.642696,0.14,-19.6,-13.16,Noise,Right
1706529060579,0.335256,-0.41968,-0.81008,-3.92,-22.33,-1.33,Noise,Right
1706529060579,0.359168,-0.319152,-0.862296,-4.27,-22.82,3.85,Noise,Right
1706529060622,0.447008,-0.30744,-0.996984,-0.14,-17.01,13.37,Noise,Right
1706529060622,0.464576,-0.262544,-0.915976,-10.43,-14.56,10.71,Noise,Right
1706529060622,0.362096,-0.33916,-0.875472,-9.94,-11.13,13.58,Noise,Right
1706529060668,0.36112,-0.433832,-0.9028,-11.83,-4.76,21.14,Noise,Right
1706529060669,0.318664,-0.479216,-0.877912,15.26,-4.76,8.96,Noise,Right
1706529060715,0.29524,-0.51484,-0.883768,29.96,-4.97,-2.66,Noise,Right
1706529060716,0.293776,-0.438712,-0.803248,8.96,-5.46,-9.66,Noise,Right
1706529060716,0.347944,-0.365512,-0.767136,5.46,-11.13,-10.57,Noise,Right
1706529060762,0.349408,-0.322568,-0.860832,29.75,-17.92,-7.0,Noise,Right
1706529060762,0.308416,-0.345016,-0.919392,45.43,-17.43,-2.66,Noise,Right
1706529060763,0.325496,-0.357704,-0.893528,11.06,-8.33,2.52,Noise,Right
1706529060809,0.335744,-0.3904,-0.901336,1.89,-1.26,6.58,Noise,Right
1706529060809,0.320616,-0.393816,-0.869128,-14.49,4.83,8.19,Noise,Right
1706529060809,0.30988,-0.38796,-0.830576,-29.33,8.61,13.09,Noise,Right
1706529060857,0.365024,-0.3904,-0.823256,-17.92,4.27,11.48,Noise,Right
1706529060857,0.325496,-0.385032,-0.80276,10.29,-1.89,8.4,Noise,Right
1706529060858,0.323544,-0.42944,-0.738832,58.1,-13.58,6.16,Noise,Right
1706529060928,0.3172,-0.437248,-0.735904,92.19,-28.07,4.97,Noise,Right
1706529060931,0.282552,-0.517768,-0.82716,127.05,-33.81,10.71,Noise,Right
1706529060949,0.342576,-0.447984,-0.858392,101.99,-27.37,11.48,Noise,Right
1706529060950,0.301584,-0.469944,-0.891088,45.64,-15.54,9.66,Noise,Right
1706529060950,0.293288,-0.488488,-0.903776,-3.78,-1.89,11.06,Noise,Right
1706529060996,0.327448,-0.52216,-0.820816,-12.95,5.81,11.55,Noise,Right
1706529060997,0.255712,-0.496296,-0.82716,-20.16,7.56,10.64,Noise,Right
1706529060997,0.281576,-0.505568,-0.803248,-17.29,6.79,10.29,Noise,Right
1706529061040,0.202032,-0.519232,-0.769576,-8.82,3.08,7.07,Noise,Right
1706529061041,0.325984,-0.491904,-0.730048,-7.14,-6.09,-1.05,Noise,Right
1706529061092,0.349896,-0.533384,-0.692472,-6.93,-8.33,2.24,Noise,Right
1706529061093,0.366488,-0.482144,-0.78324,45.92,-18.27,0.77,Noise,Right
1706529061093,0.361608,-0.572912,-0.845216,79.59,-24.92,-1.12,Noise,Right
1706529061141,0.362584,-0.658312,-0.923296,69.16,-15.61,-6.79,Noise,Right
1706529061144,0.3538,-0.650992,-0.947208,7.7,9.17,-10.29,Noise,Right
1706529061144,0.30012,-0.50508,-0.85888,-57.47,52.78,-4.9,Noise,Right
1706529061264,0.250832,-0.4148,-0.796904,-36.05,32.48,-2.31,Noise,Right
1706529061266,0.321592,-0.42212,-0.853512,-16.66,5.81,-6.86,Noise,Right
1706529061267,0.276696,-0.474824,-0.888648,-21.42,-26.74,-2.31,Noise,Right
1706529061268,0.243512,-0.484096,-0.784216,-38.43,-40.53,6.09,Noise,Right
1706529061268,0.255712,-0.4636,-0.671488,-38.01,-35.28,13.58,Noise,Right
1706529061269,0.274256,-0.43188,-0.60268,-36.05,-3.15,14.91,Noise,Right
1706529061269,0.318176,-0.388448,-0.631472,-20.51,37.17,5.95,Noise,Right
1706529061314,0.319152,-0.421144,-0.716872,-11.97,73.01,-11.9,Noise,Right
1706529061315,0.311344,-0.489952,-0.865224,-30.45,103.39,-29.54,Noise,Right
1706529061315,0.358192,-0.564128,-1.242448,-33.46,16.66,5.46,Noise,Right
1706529061360,0.319152,-0.391864,-0.785192,92.19,9.03,-0.42,Noise,Right
1706529061361,0.365024,-0.391864,-0.83692,90.72,-52.22,5.88,Noise,Right
1706529061361,0.265472,-0.372344,-0.833016,135.45,-103.95,7.77,Noise,Right
1706529061406,0.260104,-0.478728,-0.78568,106.26,-111.44,6.86,Noise,Right
1706529061406,0.252296,-0.486536,-0.659288,72.59,-91.91,6.23,Noise,Right
1706529061407,0.262544,-0.481656,-0.572424,46.13,-52.08,-2.94,Noise,Right
1706529061452,0.27572,-0.54412,-0.632936,8.47,14.56,-15.54,Noise,Right
1706529061453,0.260592,-0.560224,-0.703208,-49.77,65.87,-18.97,Noise,Right
1706529061453,0.30744,-0.571936,-0.780312,-83.23,93.17,-24.57,Noise,Right
1706529061504,0.279136,-0.486536,-0.8418,-87.01,103.88,-11.97,Noise,Right
1706529061505,0.315736,-0.476288,-0.89304,-56.28,94.5,-9.1,Noise,Right
1706529061548,0.330864,-0.247904,-0.906704,50.82,-6.72,10.15,Noise,Right
1706529061549,0.377224,-0.410896,-0.8418,127.54,-54.95,7.21,Noise,Right
1706529061549,0.30256,-0.507032,-0.847656,144.06,-99.89,1.19,Noise,Right
1706529061593,0.27816,-0.5978,-0.78568,85.96,-98.63,-11.97,Noise,Right
1706529061593,0.311344,-0.656848,-0.69296,7.07,-67.2,-23.03,Noise,Right
1706529061593,0.296704,-0.673928,-0.65392,-47.18,-17.99,-12.95,Noise,Right
1706529061638,0.305488,-0.667096,-0.726144,-82.53,21.07,-3.29,Noise,Right
1706529061638,0.305488,-0.64416,-0.766648,-106.75,49.28,11.27,Noise,Right
1706529061638,0.284016,-0.555344,-0.803248,-121.31,63.84,25.69,Noise,Right
1706529061684,0.299144,-0.465064,-0.840824,-119.84,67.48,40.81,Noise,Right
1706529061685,0.28548,-0.406992,-0.914512,-97.09,57.54,40.74,Noise,Right
1706529061730,0.366488,-0.182024,-0.885232,-28.77,33.95,28.0,Noise,Right
1706529061731,0.367952,-0.243512,-0.79544,57.26,-33.67,12.18,Noise,Right
1706529061732,0.33672,-0.285968,-0.779824,96.74,-92.89,-18.27,Noise,Right
1706529061777,0.337208,-0.366,-0.68808,105.35,-100.94,-37.17,Noise,Right
1706529061777,0.281088,-0.593408,-0.653432,64.33,-74.83,-55.23,Noise,Right
1706529061778,0.267424,-0.725168,-0.664656,-39.06,0.91,-54.46,Noise,Right
1706529061826,0.314272,-0.506056,-0.660264,-114.31,56.56,-27.72,Noise,Right
1706529061826,0.319152,-0.550952,-0.779336,-110.6,77.21,-4.27,Noise,Right
1706529061872,0.355264,-0.468968,-0.874984,-59.71,74.62,19.11,Noise,Right
1706529061872,0.440664,-0.40748,-0.941352,-18.41,53.62,41.86,Noise,Right
1706529061874,0.376736,-0.271816,-1.007232,7.77,17.22,49.28,Noise,Right
1706529061921,0.369904,-0.231312,-0.938424,100.8,-38.22,34.65,Noise,Right
1706529061922,0.3538,-0.269376,-0.926712,125.09,-102.2,11.9,Noise,Right
1706529061923,0.333304,-0.349408,-0.826184,118.09,-124.11,-18.9,Noise,Right
1706529061969,0.28548,-0.536312,-0.713456,50.89,-98.14,-51.45,Noise,Right
1706529061970,0.216184,-0.641232,-0.637328,-64.4,-28.7,-62.65,Noise,Right
1706529061970,0.357704,-0.69296,-0.621224,-91.84,29.4,-39.97,Noise,Right
1706529062096,0.225456,-0.611464,-0.704672,-99.96,66.85,-1.19,Noise,Right
1706529062097,0.283528,-0.570472,-0.802272,-87.01,86.8,21.28,Noise,Right
1706529062097,0.313296,-0.426512,-0.887184,-71.68,80.57,48.72,Noise,Right
1706529062098,0.385032,-0.312808,-0.965752,-56.63,61.39,52.57,Noise,Right
1706529062098,0.352824,-0.161528,-1.022848,-28.07,18.97,40.18,Noise,Right
1706529062098,0.406992,-0.130296,-0.938912,84.63,-44.8,18.55,Noise,Right
1706529062098,0.378688,-0.183976,-0.852048,119.91,-106.33,-18.48,Noise,Right
1706529062150,0.386984,-0.30012,-0.77348,129.78,-126.98,-47.32,Noise,Right
1706529062152,0.28304,-0.5002,-0.69052,76.02,-103.46,-77.28,Noise,Right
1706529062152,0.184464,-0.68564,-0.721752,-44.31,-32.76,-92.19,Noise,Right
1706529062152,0.372832,-0.696864,-0.695888,-112.7,24.64,-63.91,Noise,Right
1706529062197,0.193248,-0.565104,-0.736392,-91.84,42.07,-15.12,Noise,Right
1706529062198,0.264496,-0.504592,-0.943304,-75.95,46.83,11.27,Noise,Right
1706529062245,0.311344,-0.389912,-0.79544,-62.79,54.04,28.91,Noise,Right
1706529062245,0.327448,-0.259128,-0.850584,-68.11,56.49,37.31,Noise,Right
1706529062245,0.358192,-0.162504,-0.832528,-40.88,49.35,30.8,Noise,Right
1706529062291,0.35868,-0.039528,-0.852048,24.5,23.59,2.8,Noise,Right
1706529062292,0.375272,-0.129808,-0.845216,107.17,-12.25,-23.66,Noise,Right
1706529062292,0.438224,-0.523136,-1.04188,84.84,-31.43,-6.72,Noise,Right
1706529062339,0.44652,-0.887184,-0.859368,150.15,-32.27,-30.94,Noise,Right
1706529062339,0.321592,-0.62952,-0.856928,-38.01,-2.66,-13.72,Noise,Right
1706529062339,0.430904,-0.545584,-0.915,-61.46,-3.57,7.28,Noise,Right
1706529062386,0.353312,-0.472384,-0.884744,1.75,-16.8,40.6,Noise,Right
1706529062386,0.371856,-0.372344,-0.842288,-5.04,-20.16,58.1,Noise,Right
1706529062431,0.340624,-0.26596,-0.80764,-29.61,-11.41,47.88,Noise,Right
1706529062432,0.35868,-0.186416,-0.749568,-46.9,-5.18,22.89,Noise,Right
1706529062432,0.338184,-0.177144,-0.69052,-42.49,8.61,-9.1,Noise,Right
1706529062478,0.392352,-0.336232,-0.686616,-23.1,28.14,-34.72,Noise,Right
1706529062478,0.342088,-0.639768,-0.8296,-15.75,51.52,-34.16,Noise,Right
1706529062478,0.392352,-0.78324,-0.99552,-27.86,74.69,4.48,Noise,Right
1706529062526,0.479704,-0.588528,-0.993568,-2.8,35.49,57.4,Noise,Right
1706529062527,0.44652,-0.396744,-1.064816,85.75,-46.27,97.16,Noise,Right
1706529062572,0.404552,-0.322568,-1.041392,112.7,-84.98,98.84,Noise,Right
1706529062572,0.381128,-0.1952,-0.931104,71.54,-95.55,70.07,Noise,Right
1706529062572,0.360632,-0.09272,-0.77592,27.02,-92.75,11.62,Noise,Right
1706529062617,0.339648,-0.091256,-0.641232,2.87,-64.12,-42.14,Noise,Right
1706529062618,0.331352,-0.14396,-0.566568,-16.45,-21.63,-90.02,Noise,Right
1706529062618,0.380152,-0.333792,-0.569496,-29.12,30.8,-122.36,Noise,Right
1706529062669,0.305,-0.514352,-0.706136,-79.24,83.02,-130.2,Noise,Right
1706529062675,0.295728,-0.518256,-0.833016,-126.63,115.08,-101.92,Noise,Right
1706529062675,0.272792,-0.509472,-0.985272,-132.16,97.86,-58.59,Noise,Right
1706529062709,0.407968,-0.352824,-1.014064,-91.77,57.68,-14.77,Noise,Right
1706529062709,0.42456,-0.232776,-0.989176,17.57,-14.84,4.9,Noise,Right
1706529062755,0.450424,-0.211304,-0.93208,74.27,-77.91,0.98,Noise,Right
1706529062756,0.435296,-0.213256,-0.83448,93.73,-108.01,-11.69,Noise,Right
1706529062756,0.41236,-0.270352,-0.7808,75.25,-107.38,-26.81,Noise,Right
1706529062801,0.33672,-0.411872,-0.813984,27.09,-67.9,-52.15,Noise,Right
1706529062801,0.373808,-0.548024,-0.883768,-63.7,-9.45,-59.08,Noise,Right
1706529062802,0.323056,-0.51972,-0.947208,-129.43,24.15,-42.42,Noise,Right
1706529062847,0.341112,-0.438712,-0.981368,-127.96,19.95,-19.88,Noise,Right
1706529062848,0.33916,-0.334768,-1.032608,-78.4,-3.22,16.73,Noise,Right
1706529062894,0.354776,-0.189344,-1.105808,-42.56,-33.46,32.27,Noise,Right
1706529062894,0.350872,-0.045872,-1.069208,-51.52,-63.21,18.06,Noise,Right
1706529062894,0.364536,0.047824,-0.93452,-63.77,-87.85,-15.89,Noise,Right
1706529062941,0.311344,0.067832,-0.757376,-57.4,-96.11,-53.41,Noise,Right
1706529062941,0.25132,0.061976,-0.62952,-38.01,-74.27,-82.88,Noise,Right
1706529062941,0.277672,0.050264,-0.53192,-7.21,-6.58,-100.03,Noise,Right
1706529062987,0.232288,-0.255224,-0.73688,9.38,45.85,-113.68,Noise,Right
1706529062987,0.235216,-0.435784,-0.995032,-83.58,101.92,-99.26,Noise,Right
1706529062988,0.264984,-0.318664,-1.114104,-140.84,94.99,-58.45,Noise,Right
1706529063040,0.311344,-0.090768,-1.1224,-113.68,38.99,-11.41,Noise,Right
1706529063040,0.349896,0.008296,-1.151192,-31.29,-23.94,3.29,Noise,Right
1706529063142,0.323544,0.03172,-1.083848,2.52,-82.88,1.19,Noise,Right
1706529063144,0.325008,0.035136,-0.868152,-23.66,-100.03,-9.59,Noise,Right
1706529063144,0.246928,0.085888,-0.641232,-59.57,-67.76,-28.42,Noise,Right
1706529063144,0.215208,0.116632,-0.497272,-85.05,10.64,-50.05,Noise,Right
1706529063145,0.242536,0.049776,-0.554856,-80.5,98.0,-65.03,Noise,Right
1706529063146,0.294264,-0.223504,-0.899872,-106.82,169.89,-55.16,Noise,Right
1706529063146,0.377712,-0.274744,-1.132648,-134.47,168.7,-5.81,Noise,Right
1706529063188,0.462136,-0.193248,-1.113128,-105.21,98.84,52.64,Noise,Right
1706529063189,0.452376,0.129808,-1.275632,-46.69,-58.52,44.03,Noise,Right
1706529063240,0.548024,0.14152,-0.956968,47.18,-43.47,104.93,Noise,Right
1706529063241,0.560224,0.4148,-1.040416,68.11,-91.84,62.58,Noise,Right
1706529063241,0.555832,0.275232,-0.906216,19.18,-89.88,19.74,Noise,Right
1706529063349,0.440176,0.264008,-0.716384,-30.1,-64.96,-18.34,Noise,Right
1706529063349,0.362584,0.2196,-0.562176,-24.29,-12.88,-31.64,Noise,Right
1706529063350,0.378688,-0.001464,-0.632936,-1.4,51.52,-19.46,Noise,Right
1706529063350,0.43188,-0.103456,-0.970144,-13.79,100.87,14.56,Noise,Right
1706529063350,0.478728,-0.015616,-0.975512,-38.15,100.03,48.58,Noise,Right
1706529063350,0.887184,0.530944,-1.622112,17.5,29.05,56.7,Noise,Right
1706529063351,0.623664,0.179584,-0.993568,-10.92,-6.58,37.87,Noise,Right
1706529063449,0.600728,0.368928,-0.929152,42.35,-34.16,0.28,Noise,Right
1706529063450,0.5246,0.411384,-0.985272,21.77,-79.52,-31.78,Noise,Right
1706529063450,0.504592,0.355752,-0.887672,17.29,-100.45,-75.32,Noise,Right
1706529063451,0.374296,0.237168,-0.785192,33.88,-109.06,-98.84,Noise,Right
1706529063452,0.310856,0.089792,-0.699792,37.38,-96.32,-106.82,Noise,Right
1706529063452,0.220576,-0.217648,-0.723216,27.86,-59.01,-97.79,Noise,Right
1706529063497,0.17324,-0.413336,-0.846192,-7.98,-8.96,-39.48,Noise,Right
1706529063498,0.131272,-0.46116,-0.891576,-35.21,23.31,45.78,Noise,Right
1706529063498,0.18788,-0.156648,-0.800808,-41.23,24.5,112.14,Noise,Right
1706529063547,0.247904,-0.027816,-0.711504,-16.52,33.88,149.38,Noise,Right
1706529063548,0.409432,0.265472,-0.802272,4.83,62.44,158.2,Noise,Right
1706529063591,0.529968,0.521672,-0.989176,21.35,80.08,102.27,Noise,Right
1706529063592,0.527528,0.603656,-1.039928,12.88,51.03,1.82,Noise,Right
1706529063592,0.474336,0.592432,-0.942816,5.95,-28.77,-73.92,Noise,Right
1706529063641,0.491904,0.358192,-0.803736,51.52,-62.86,-103.18,Noise,Right
1706529063641,0.427488,0.0366,-0.80032,95.97,-52.15,-109.48,Noise,Right
1706529063641,0.338672,-0.318176,-0.972584,64.75,-20.79,-86.87,Noise,Right
1706529063688,0.314272,-0.386496,-1.070672,3.08,6.23,-6.72,Noise,Right
1706529063688,0.291824,-0.202032,-1.001376,-15.47,-4.48,62.23,Noise,Right
1706529063688,0.34648,0.008296,-0.884744,11.41,-17.78,91.0,Noise,Right
1706529063819,0.3416,0.0732,-0.78568,22.82,-7.21,94.29,Noise,Right
1706529063819,0.385032,0.16104,-0.769088,16.59,26.32,87.01,Noise,Right
1706529063820,0.450912,0.303536,-0.874496,6.44,61.39,60.13,Noise,Right
1706529063820,0.481168,0.368928,-0.915488,-6.51,67.55,7.91,Noise,Right
1706529063821,0.044896,0.322568,-0.918904,24.43,-40.67,-25.97,Noise,Right
1706529063821,0.570472,0.027816,-0.88084,-7.56,-12.74,-61.18,Noise,Right
1706529063822,0.426512,-0.17324,-0.955992,-1.05,-11.41,-59.92,Noise,Right
1706529063872,0.444568,-0.221064,-1.02724,-33.32,-8.05,-21.77,Noise,Right
1706529063872,0.40992,-0.103944,-0.966728,-26.6,-2.17,12.39,Noise,Right
1706529063872,0.411872,-0.028304,-0.814472,0.0,-2.17,46.9,Noise,Right
1706529063873,0.375272,0.080032,-0.869128,31.92,-4.9,55.51,Noise,Right
1706529063919,0.404064,0.10736,-0.840336,31.15,-6.72,48.72,Noise,Right
1706529063919,0.421632,0.153232,-0.875472,31.08,-8.26,41.65,Noise,Right
1706529063965,0.456768,0.224968,-0.90036,38.78,-8.54,27.93,Noise,Right
1706529063966,0.452376,0.180072,-0.891576,31.43,-9.17,3.64,Noise,Right
1706529063966,0.425536,0.074664,-0.879864,22.75,-10.71,-10.92,Noise,Right
1706529064012,0.451888,-0.076616,-0.956968,13.79,-11.34,-21.84,Noise,Right
1706529064013,0.4392,-0.210816,-0.996496,-14.35,-8.26,-21.84,Noise,Right
1706529064014,0.401136,-0.108336,-0.99552,-44.52,-1.61,-7.42,Noise,Right
1706529064061,0.447008,-0.031232,-0.91012,-58.52,2.66,3.85,Noise,Right
1706529064062,0.446032,-0.024888,-0.801296,-5.18,2.8,22.61,Noise,Right
1706529064062,0.445544,0.035136,-0.826672,22.61,-1.33,34.51,Noise,Right
1706529064105,0.429928,0.058072,-0.793,36.12,-1.54,22.82,Noise,Right
1706529064106,0.471408,0.164944,-0.820328,63.77,-7.42,31.99,Noise,Right
1706529064151,0.48312,0.107848,-0.865712,99.75,-8.61,7.84,Noise,Right
1706529064152,0.530456,-0.199592,-0.839848,59.5,-6.79,4.48,Noise,Right
1706529064152,0.438224,-0.052704,-0.894992,63.98,-9.87,1.26,Noise,Right
1706529064201,0.4392,-0.105896,-0.964288,43.05,-11.2,-13.44,Noise,Right
1706529064201,0.403088,-0.16592,-0.940376,20.37,-10.5,-20.37,Noise,Right
1706529064202,0.386008,-0.139568,-0.924272,-3.01,-10.43,-24.57,Noise,Right
1706529064246,0.369416,-0.16836,-0.854,-35.91,-8.19,-20.51,Noise,Right
1706529064246,0.406016,-0.145424,-0.823744,-12.6,-10.43,-12.39,Noise,Right
1706529064247,0.4148,-0.020496,-0.85888,5.67,-14.14,-9.17,Noise,Right
1706529064291,0.403576,0.020496,-0.85644,24.08,-16.17,-7.7,Noise,Right
1706529064291,0.435296,0.03172,-0.872544,39.83,-18.55,-1.61,Noise,Right
1706529064349,0.451888,0.016104,-0.895968,61.46,-17.99,5.39,Noise,Right
1706529064360,0.4514,-0.01952,-0.945256,71.19,-15.61,9.73,Noise,Right
1706529064362,0.466528,-0.128344,-0.91744,60.06,-8.89,11.69,Noise,Right
1706529064384,0.371856,-0.159088,-0.959408,54.88,-8.96,11.76,Noise,Right
1706529064384,0.33184,-0.15128,-0.947696,58.52,-10.43,-2.66,Noise,Right
1706529064385,0.327448,-0.199592,-0.872056,52.71,-14.7,-21.0,Noise,Right
1706529064432,0.31964,-0.335256,-0.737368,111.93,-23.1,-25.69,Noise,Right
1706529064433,0.329888,-0.253272,-0.743224,71.33,-31.22,-19.74,Noise,Right
1706529064434,0.340624,-0.2196,-0.782752,99.61,-33.11,-3.85,Noise,Right
1706529064478,0.372344,-0.238144,-0.877424,152.04,-36.05,16.87,Noise,Right
1706529064479,0.432368,-0.233264,-0.892552,158.2,-32.2,19.53,Noise,Right
1706529064524,0.388448,-0.345016,-0.965264,161.42,-24.08,24.57,Noise,Right
1706529064524,0.329888,-0.404064,-1.118496,39.62,-17.36,36.12,Noise,Right
1706529064524,0.385032,-0.373808,-1.037976,15.68,0.84,31.5,Noise,Right
1706529064571,0.363072,-0.448472,-1.006256,-15.4,14.56,20.58,Noise,Right
1706529064572,0.347944,-0.408944,-0.950136,-25.76,19.95,4.9,Noise,Right
1706529064572,0.313296,-0.394304,-0.896456,-23.24,21.77,-6.02,Noise,Right
1706529064619,0.289872,-0.320128,-0.868152,-22.26,20.37,-10.22,Noise,Right
1706529064619,0.279624,-0.366,-0.797392,-12.6,16.52,-9.31,Noise,Right
1706529064664,0.334768,-0.315736,-0.81496,-35.63,10.71,-6.79,Noise,Right
1706529064665,0.361608,-0.266936,-0.816912,-27.37,7.0,-4.83,Noise,Right
1706529064665,0.372344,-0.252296,-0.828624,-13.51,3.92,-2.1,Noise,Right
1706529064714,0.372344,-0.28304,-0.835456,-8.19,1.75,0.91,Noise,Right
1706529064714,0.424072,-0.30256,-0.833016,1.33,0.91,1.75,Noise,Right
1706529064715,0.415776,-0.299144,-0.80032,30.66,-1.26,-0.14,Noise,Right
1706529064839,0.370392,-0.319152,-0.743712,68.46,-7.07,-5.04,Noise,Right
1706529064840,0.327448,-0.359168,-0.747128,113.05,-17.22,-10.99,Noise,Right
1706529064840,0.32696,-0.31232,-0.83204,37.52,-27.44,-3.43,Noise,Right
1706529064840,0.307928,-0.36356,-0.818864,80.99,-34.09,-2.66,Noise,Right
1706529064841,0.321592,-0.379176,-0.883768,15.89,-28.91,3.15,Noise,Right
1706529064841,0.354776,-0.385032,-0.90524,9.45,-23.73,6.58,Noise,Right
1706529064841,0.410896,-0.374784,-0.933056,-2.87,-15.05,9.45,Noise,Right
1706529064975,0.382104,-0.390888,-0.922808,-20.93,-3.08,10.78,Noise,Right
1706529064975,0.403088,-0.447984,-0.85156,-2.8,1.68,11.69,Noise,Right
1706529064975,0.344528,-0.41968,-0.894016,-54.81,7.91,10.01,Noise,Right
1706529064976,0.362096,-0.32452,-0.890112,-59.64,8.68,4.06,Noise,Right
1706529064976,0.286944,-0.406016,-0.810568,-0.07,3.71,-1.75,Noise,Right
1706529064976,0.287432,-0.389424,-0.81984,-20.51,-0.84,-2.03,Noise,Right
1706529064976,0.322568,-0.346968,-0.776408,-22.19,-9.59,-14.0,Noise,Right
1706529064976,0.313296,-0.363072,-0.76128,14.91,-18.41,-15.54,Noise,Right
1706529065024,0.35868,-0.392352,-0.76128,49.56,-23.59,-13.72,Noise,Right
1706529065024,0.399672,-0.458232,-0.85156,0.42,-26.74,-15.33,Noise,Right
1706529065025,0.325496,-0.364536,-0.957456,6.93,-20.72,-10.43,Noise,Right
1706529065068,0.337208,-0.348432,-0.976,6.16,-10.99,-9.31,Noise,Right
1706529065068,0.3904,-0.326472,-0.908656,3.5,-3.29,-5.88,Noise,Right
1706529065069,0.36844,-0.289872,-0.894504,2.52,1.19,-2.45,Noise,Right
1706529065113,0.321592,-0.324032,-0.887184,-6.58,5.74,1.75,Noise,Right
1706529065114,0.269864,-0.306952,-0.891088,-12.32,8.47,7.35,Noise,Right
1706529065114,0.296216,-0.316224,-0.806176,-4.9,3.92,5.67,Noise,Right
1706529065161,0.337208,-0.349408,-0.783728,-4.97,-0.35,8.75,Noise,Right
1706529065161,0.283528,-0.355264,-0.783728,-2.38,-6.93,8.75,Noise,Right
1706529065209,0.373808,-0.367464,-0.779336,30.24,-14.21,6.79,Noise,Right
1706529065210,0.372344,-0.37088,-0.84424,1.61,-18.41,6.09,Noise,Right
1706529065211,0.342576,-0.430904,-0.913536,35.21,-20.37,2.8,Noise,Right
1706529065258,0.404552,-0.462136,-0.942816,36.82,-13.23,-0.49,Noise,Right
1706529065259,0.318664,-0.399672,-0.859368,28.56,-3.99,-0.84,Noise,Right
1706529065259,0.327936,-0.321104,-0.918904,5.04,1.47,-3.85,Noise,Right
1706529065386,0.271816,-0.284992,-0.86376,4.76,2.31,-0.7,Noise,Right
1706529065386,0.265472,-0.269376,-0.849608,10.71,-3.85,0.21,Noise,Right
1706529065387,0.24644,-0.337696,-0.786656,52.71,-20.44,-6.86,Noise,Right
1706529065387,0.255712,-0.406504,-0.781288,49.56,-32.9,-18.76,Noise,Right
1706529065387,0.257176,-0.528992,-0.80276,14.49,-27.86,-10.57,Noise,Right
1706529065388,0.301096,-0.5368,-0.8296,23.66,-21.56,5.04,Noise,Right
1706529065388,0.324032,-0.501664,-0.930128,-0.7,-13.93,2.24,Noise,Right
1706529065440,0.346968,-0.501664,-0.93696,-21.35,0.98,2.31,Noise,Right
1706529065440,0.388936,-0.427976,-0.90768,-41.09,14.07,4.76,Noise,Right
1706529065441,0.376736,-0.406504,-0.891576,-26.25,20.37,12.88,Noise,Right
1706529065441,0.35624,-0.284992,-0.92476,7.28,20.02,13.72,Noise,Right
1706529065514,0.306952,-0.253272,-0.851072,103.39,1.96,3.22,Noise,Right
1706529065521,0.26596,-0.296704,-0.728584,169.33,-24.99,-9.73,Noise,Right
1706529065522,0.2562,-0.345016,-0.71736,142.52,-48.3,-33.95,Noise,Right
1706529065532,0.196176,-0.543144,-0.650992,101.5,-51.73,-30.1,Noise,Right
1706529065532,0.245464,-0.596824,-0.680272,35.42,-52.22,-32.27,Noise,Right
1706529065580,0.242048,-0.728096,-0.695888,7.0,-39.2,-6.65,Noise,Right
1706529065580,0.227408,-0.66368,-0.821792,-33.25,-15.26,7.56,Noise,Right
1706529065581,0.318176,-0.637816,-0.879376,-86.87,10.43,17.57,Noise,Right
1706529065625,0.327936,-0.565104,-0.880352,-127.05,32.83,28.91,Noise,Right
1706529065626,0.355752,-0.428464,-0.902312,-131.32,45.08,38.92,Noise,Right
1706529065627,0.401624,-0.29768,-0.990152,-84.63,39.27,30.73,Noise,Right
1706529065672,0.381616,-0.209352,-0.986248,75.53,11.41,1.68,Noise,Right
1706529065673,0.274256,-0.23912,-0.778848,207.83,-23.66,-18.34,Noise,Right
1706529065674,0.226432,-0.340136,-0.726632,202.72,-55.09,-46.27,Noise,Right
1706529065718,0.323056,-0.442616,-0.731512,98.21,-74.27,-75.74,Noise,Right
1706529065719,0.113704,-0.713456,-0.7076,18.9,-28.35,-27.09,Noise,Right
1706529065765,0.246928,-0.68564,-0.630984,-38.5,-38.01,-44.87,Noise,Right
1706529065765,0.285968,-0.735904,-0.640744,-51.94,-6.79,-7.84,Noise,Right
1706529065766,0.271328,-0.68564,-0.772992,-107.31,8.4,3.57,Noise,Right
1706529065812,0.327936,-0.56364,-0.83692,-112.0,27.51,27.58,Noise,Right
1706529065812,0.352336,-0.50264,-0.870104,-114.52,43.05,47.04,Noise,Right
1706529065812,0.374296,-0.37088,-0.964288,-103.32,53.83,60.27,Noise,Right
1706529065860,0.420656,-0.089792,-1.039928,-53.83,47.04,40.88,Noise,Right
1706529065860,0.35624,-0.079056,-0.843752,121.94,-0.63,8.75,Noise,Right
1706529065860,0.276208,-0.193736,-0.723216,236.04,-44.87,-21.84,Noise,Right
1706529065905,0.270352,-0.448472,-0.794952,175.56,-82.46,-71.68,Noise,Right
1706529065905,0.19764,-0.6344,-0.70028,40.18,-77.63,-89.39,Noise,Right
1706529065952,0.284992,-1.098976,-0.310856,-2.8,-37.31,-36.75,Noise,Right
1706529065952,0.203008,-0.684664,-0.63928,-61.04,-20.16,-25.34,Noise,Right
1706529065953,0.230336,-0.643184,-0.749568,-72.52,-1.47,3.92,Noise,Right
1706529065999,0.310856,-0.607072,-0.806664,-93.59,16.66,26.6,Noise,Right
1706529065999,0.3294,-0.539728,-0.864248,-99.4,36.75,51.52,Noise,Right
1706529065999,0.351848,-0.397232,-0.907192,-110.46,44.59,58.73,Noise,Right
1706529066072,0.384056,-0.304512,-0.999424,-118.79,49.21,54.6,Noise,Right
1706529066088,0.414312,-0.320128,-0.8784,-32.9,29.33,34.09,Noise,Right
1706529066164,0.35624,-0.167384,-0.9516,12.32,16.45,-6.72,Noise,Right
1706529066165,0.2318,-0.20496,-0.817888,115.29,-16.17,-39.06,Noise,Right
1706529066165,0.250832,-0.322568,-0.781776,114.66,-50.96,-92.54,Noise,Right
1706529066165,0.241072,-0.51972,-0.770552,26.32,-58.31,-112.35,Noise,Right
1706529066166,0.27816,-0.574864,-0.704672,-42.84,-41.09,-94.01,Noise,Right
1706529066168,0.262544,-0.570472,-0.721264,-77.77,-9.59,-34.37,Noise,Right
1706529066168,0.207888,-0.477752,-0.767624,-42.98,-10.78,-6.86,Noise,Right
1706529066215,0.34892,-0.462624,-0.828624,-17.15,-6.58,33.18,Noise,Right
1706529066215,0.36112,-0.39284,-0.872544,-13.37,6.72,49.63,Noise,Right
1706529066216,0.38796,-0.347456,-0.952576,-20.16,17.78,64.26,Noise,Right
1706529066262,0.47336,-0.255224,-1.033584,14.14,23.52,62.37,Noise,Right
1706529066263,0.58316,-0.380152,-0.882792,57.75,19.39,35.35,Noise,Right
1706529066263,0.215696,-0.275232,-0.974536,46.62,4.34,-0.56,Noise,Right
1706529066312,0.284504,-0.321104,-0.817888,87.92,-8.61,-19.88,Noise,Right
1706529066313,0.213744,-0.353312,-0.820328,60.62,-29.54,-50.33,Noise,Right
1706529066313,0.249856,-0.456768,-0.768112,5.32,-43.61,-78.75,Noise,Right
1706529066421,0.286944,-0.545584,-0.736392,-52.78,-32.48,-71.4,Noise,Right
1706529066422,0.304024,-0.59048,-0.84424,-82.74,-13.02,-36.61,Noise,Right
1706529066422,0.284016,-0.429928,-0.840824,-54.04,-3.01,3.57,Noise,Right
1706529066422,0.410896,-0.38796,-0.828136,-19.67,2.1,24.15,Noise,Right
1706529066422,0.464088,-0.316712,-0.865224,-12.6,7.91,36.82,Noise,Right
1706529066423,0.385032,-0.17812,-0.920856,101.85,4.06,49.21,Noise,Right
1706529066521,0.35624,-0.230336,-1.014552,183.19,-9.24,51.59,Noise,Right
1706529066523,0.346968,-0.449448,-0.872056,322.42,-33.67,3.08,Noise,Right
1706529066525,0.225456,-0.4392,-0.720288,279.72,-55.72,-26.95,Noise,Right
1706529066527,0.26108,-0.545584,-0.670024,75.81,-77.28,-72.8,Noise,Right
1706529066528,0.102968,-0.728096,-0.706136,-99.54,-27.65,-54.46,Noise,Right
1706529066528,0.228872,-0.75884,-0.570472,-198.8,-21.14,-42.35,Noise,Right
1706529066571,0.20496,-0.732976,-0.759816,-190.19,10.71,5.46,Noise,Right
1706529066572,0.326472,-0.630984,-0.988688,-176.96,20.51,18.9,Noise,Right
1706529066572,0.345992,-0.457256,-1.034072,-56.91,42.84,58.8,Noise,Right
1706529066619,0.413824,-0.289384,-0.944768,34.51,54.95,73.29,Noise,Right
1706529066620,0.388448,-0.188368,-0.859368,78.05,40.46,47.6,Noise,Right
1706529066620,0.313784,-0.325008,-0.81496,85.82,6.51,-7.07,Noise,Right
1706529066669,0.27084,-0.320616,-0.804224,48.65,-18.55,-59.71,Noise,Right
1706529066670,0.282552,-0.344528,-0.75152,-9.59,-41.44,-98.7,Noise,Right
1706529066670,0.194224,-0.517768,-0.613904,-60.27,-46.48,-105.7,Noise,Right
1706529066794,0.061976,-0.733464,-0.68808,-90.44,-17.29,-46.9,Noise,Right
1706529066795,0.244488,-0.64416,-0.786168,-68.67,-6.16,-1.47,Noise,Right
1706529066795,0.319152,-0.599264,-0.912072,-62.79,11.83,39.27,Noise,Right
1706529066795,0.420656,-0.473848,-0.9394,-62.3,31.85,64.33,Noise,Right
1706529066796,0.440664,-0.286456,-0.929152,-23.17,42.84,69.86,Noise,Right
1706529066796,0.50752,-0.113216,-0.906704,38.78,35.21,54.04,Noise,Right
1706529066796,0.44164,-0.08052,-0.93696,47.95,10.43,7.07,Noise,Right
1706529066930,0.4026,-0.1708,-0.929152,51.94,-17.22,-38.43,Noise,Right
1706529066931,0.33916,-0.33672,-0.908656,62.37,-59.01,-55.86,Noise,Right
1706529066931,0.261568,-0.578768,-0.77592,40.67,-84.35,-49.42,Noise,Right
1706529066932,0.15616,-0.68564,-0.63196,-5.04,-77.91,-16.38,Noise,Right
1706529066932,0.108824,-0.686616,-0.565104,-20.93,-26.04,25.13,Noise,Right
1706529066933,0.198128,-0.594872,-0.698816,-51.38,22.75,49.56,Noise,Right
1706529066934,0.28548,-0.406504,-0.793488,-69.37,45.29,49.14,Noise,Right
1706529066935,0.338184,-0.293288,-0.898896,-73.92,52.64,37.87,Noise,Right
1706529066977,0.477752,-0.299632,-1.060912,-43.33,57.89,13.58,Noise,Right
1706529066977,0.487024,-0.154208,-0.956968,-24.01,15.68,-7.21,Noise,Right
1706529066977,0.459208,-0.134688,-0.92476,28.49,-7.21,-27.72,Noise,Right
1706529067024,0.394304,-0.350872,-0.921344,63.56,-21.42,-52.64,Noise,Right
1706529067025,0.327448,-0.566568,-0.9882,45.92,-27.37,-53.69,Noise,Right
1706529067026,0.255224,-0.677344,-0.950624,10.36,-33.39,-24.92,Noise,Right
1706529067074,0.290848,-0.64416,-0.8906,-0.84,-42.91,4.34,Noise,Right
1706529067074,0.218624,-0.515328,-0.812032,-31.22,-22.33,24.85,Noise,Right
1706529067074,0.256688,-0.364048,-0.75396,-58.66,0.35,30.66,Noise,Right
1706529067201,0.283528,-0.267912,-0.854,-72.87,14.84,23.52,Noise,Right
1706529067202,0.29524,-0.201544,-0.883768,-79.94,19.74,20.09,Noise,Right
1706529067202,0.350384,-0.062952,-0.86132,-50.12,5.46,13.23,Noise,Right
1706529067202,0.36112,-0.024888,-0.769576,46.76,-14.56,2.59,Noise,Right
1706529067202,0.33672,-0.194224,-0.716872,150.57,-23.17,-9.8,Noise,Right
1706529067202,0.280112,-0.60512,-0.83448,179.69,-10.43,-4.2,Noise,Right
1706529067202,0.284504,-0.60512,-0.835456,143.36,-0.91,14.14,Noise,Right
1706529067254,0.2684,-0.676368,-0.865224,134.68,-7.21,26.95,Noise,Right
1706529067255,0.250832,-0.610488,-0.92232,111.93,-13.09,48.23,Noise,Right
1706529067255,0.25864,-0.503616,-0.9028,74.48,-22.19,51.1,Noise,Right
1706529067255,0.271328,-0.466528,-0.848632,17.08,-12.39,17.99,Noise,Right
1706529067303,0.276696,-0.411384,-0.857904,-23.87,-3.85,17.22,Noise,Right
1706529067303,0.288408,-0.363072,-0.819352,-36.75,-7.49,5.6,Noise,Right
1706529067349,0.305488,-0.350384,-0.784216,-28.21,-6.51,-10.08,Noise,Right
1706529067349,0.35136,-0.379664,-0.793488,-28.0,1.05,-31.36,Noise,Right
1706529067350,0.398208,-0.415288,-0.841312,-29.54,9.73,-45.92,Noise,Right
1706529067395,0.411384,-0.492392,-0.893528,-21.28,7.91,-48.65,Noise,Right
1706529067396,0.396256,-0.576816,-0.924272,-19.74,-2.52,-38.01,Noise,Right
1706529067396,0.365024,-0.541192,-0.9028,2.45,-24.99,-16.8,Noise,Right
1706529067442,0.326472,-0.5002,-0.868152,33.04,-49.84,-1.82,Noise,Right
1706529067444,0.289872,-0.474824,-0.798856,37.73,-60.13,1.05,Noise,Right
1706529067444,0.254248,-0.45872,-0.691008,16.73,-52.22,-7.7,Noise,Right
1706529067489,0.244,-0.476776,-0.601704,-15.12,-17.92,-28.7,Noise,Right
1706529067490,0.257664,-0.523624,-0.648064,-53.2,33.81,-51.52,Noise,Right
1706529067536,0.242048,-0.548024,-0.773968,-91.07,64.82,-68.04,Noise,Right
1706529067538,0.250344,-0.66124,-0.920856,-103.25,68.88,-63.14,Noise,Right
1706529067538,0.27572,-0.611952,-0.996008,-88.69,54.25,-29.19,Noise,Right
1706529067582,0.29036,-0.539728,-0.874984,-58.03,24.64,9.59,Noise,Right
1706529067584,0.329888,-0.418216,-0.920368,-29.19,-2.31,29.54,Noise,Right
1706529067584,0.335256,-0.2562,-0.886696,36.4,-22.82,26.6,Noise,Right
1706529067628,0.32208,-0.202032,-0.843752,49.56,-26.6,7.07,Noise,Right
1706529067629,0.315248,-0.193248,-0.82716,27.93,-16.8,-24.36,Noise,Right
1706529067629,0.281576,-0.366,-0.863272,-6.93,-9.8,-51.17,Noise,Right
1706529067676,0.257176,-0.498736,-0.809104,-46.76,6.09,-43.61,Noise,Right
1706529067676,0.264496,-0.481168,-0.82228,-50.61,18.13,-15.68,Noise,Right
1706529067721,0.308416,-0.432856,-0.838384,-35.56,17.22,10.92,Noise,Right
1706529067721,0.31964,-0.335256,-0.834968,-31.36,17.71,27.72,Noise,Right
1706529067721,0.254736,-0.160064,-0.831064,-21.63,19.6,34.51,Noise,Right
1706529067774,0.3172,-0.247904,-0.867664,6.65,0.42,24.71,Noise,Right
1706529067796,0.354776,-0.115168,-0.789584,1.47,-11.83,0.98,Noise,Right
1706529067814,0.406504,-0.129808,-0.63684,15.89,-7.49,-29.54,Noise,Right
1706529067814,0.410408,-0.245952,-0.605608,44.03,25.06,-58.73,Noise,Right
1706529067814,0.408456,-0.479216,-0.757376,26.67,68.46,-79.45,Noise,Right
1706529067861,0.398208,-0.652944,-1.029192,-32.55,94.22,-64.4,Noise,Right
1706529067863,0.452376,-0.528504,-1.160464,-46.34,63.35,-24.92,Noise,Right
1706529067863,0.450912,-0.473848,-1.12972,-4.2,-4.27,11.13,Noise,Right
1706529067907,0.382592,-0.349896,-0.994056,17.99,-42.7,41.09,Noise,Right
1706529067907,0.361608,-0.197152,-0.871568,53.97,-65.45,56.35,Noise,Right
1706529067908,0.357704,-0.147864,-0.711992,87.71,-77.35,47.46,Noise,Right
1706529067955,0.3416,-0.115168,-0.57584,94.64,-54.04,18.41,Noise,Right
1706529067955,0.334768,-0.17324,-0.532896,69.16,-4.55,-20.16,Noise,Right
1706529068001,0.395768,-0.1586,-0.534848,60.41,44.52,-53.06,Noise,Right
1706529068002,0.385032,-0.450424,-0.761768,32.2,75.46,-77.84,Noise,Right
1706529068002,0.421144,-0.555832,-0.92232,-26.11,85.96,-56.77,Noise,Right
1706529068051,0.429928,-0.542168,-1.006744,-28.49,44.38,-15.19,Noise,Right
1706529068052,0.487512,-0.474336,-0.976976,3.64,-0.91,23.73,Noise,Right
1706529068053,0.481656,-0.341112,-0.962336,27.23,-30.73,43.61,Noise,Right
1706529068094,0.485072,-0.273768,-0.893528,51.8,-58.87,46.97,Noise,Right
1706529068095,0.467504,-0.25864,-0.749568,64.12,-76.3,23.59,Noise,Right
1706529068095,0.41236,-0.29524,-0.540216,64.75,-49.84,-9.59,Noise,Right
1706529068140,0.39528,-0.347944,-0.476288,44.24,5.04,-44.52,Noise,Right
1706529068141,0.421144,-0.43188,-0.501664,43.54,58.17,-69.23,Noise,Right
1706529068187,-0.083936,-0.9516,-1.464,-77.42,-40.32,9.73,Noise,Right
1706529068188,0.467016,-0.601216,-0.79544,34.09,-0.49,24.78,Noise,Right
1706529068188,0.517768,-0.489464,-0.779336,-49.21,38.5,34.16,Noise,Right
1706529068234,0.5002,-0.41236,-0.874984,-52.01,32.83,29.4,Noise,Right
1706529068234,0.484096,-0.324032,-0.8174,-45.36,30.03,21.56,Noise,Right
1706529068234,0.515328,-0.19276,-0.885232,-54.6,25.9,-5.04,Noise,Right
1706529068281,0.423096,-0.225456,-0.783728,-8.47,-27.93,-25.34,Noise,Right
1706529068281,0.444568,-0.311832,-0.557296,26.11,-48.37,-44.38,Noise,Right
1706529068282,0.37332,-0.412848,-0.324032,31.85,-5.6,-54.67,Noise,Right
1706529068351,0.336232,-0.545096,-0.904264,-5.32,-28.28,-0.7,Noise,Right
1706529068358,0.532408,-0.59292,-0.8418,126.63,-17.15,13.3,Noise,Right
1706529068375,0.561688,-0.642208,-0.911096,71.26,11.34,23.45,Noise,Right
1706529068375,0.556808,-0.606584,-0.927688,12.04,35.0,30.66,Noise,Right
1706529068376,0.516792,-0.45872,-0.747616,-8.82,49.42,33.95,Noise,Right
1706529068420,0.551928,-0.364048,-0.803736,-30.31,50.96,27.23,Noise,Right
1706529068421,0.476288,-0.245464,-0.854976,-56.98,35.91,2.1,Noise,Right
1706529068421,0.359656,-0.29036,-0.687592,-34.51,19.11,-15.68,Noise,Right
1706529068467,0.332816,-0.264496,-0.674904,-0.7,-5.46,-27.58,Noise,Right
1706529068469,0.396256,-0.26352,-0.667584,4.9,-57.4,-58.87,Noise,Right
1706529068469,0.412848,-0.397232,-0.459696,18.97,-75.46,-65.1,Noise,Right
1706529068514,0.384544,-0.4636,-0.24156,20.79,-30.38,-55.51,Noise,Right
1706529068514,0.208864,-0.449936,-0.747128,9.52,-48.72,17.57,Noise,Right
1706529068559,0.57828,-0.745176,-0.892064,71.96,-29.75,28.84,Noise,Right
1706529068560,0.534848,-0.7686,-0.870592,42.56,14.98,65.31,Noise,Right
1706529068560,0.584136,-0.565104,-0.791048,15.12,40.46,66.08,Noise,Right
1706529068610,0.494344,-0.467504,-0.654896,-4.83,37.45,61.88,Noise,Right
1706529068611,0.44164,-0.227896,-0.835456,-20.51,24.08,53.97,Noise,Right
1706529068611,0.437736,-0.357704,-0.816424,-7.35,42.84,32.9,Noise,Right
1706529068654,0.288896,-0.228872,-0.823256,9.45,4.62,-4.34,Noise,Right
1706529068656,0.315248,-0.264496,-0.701744,20.58,-43.96,-36.68,Noise,Right
1706529068657,0.440176,-0.316224,-0.567544,24.5,-71.82,-75.39,Noise,Right
1706529068701,0.50996,-0.584624,-0.513864,14.91,-46.76,-88.2,Noise,Right
1706529068701,0.384544,-0.962824,-0.548512,49.63,-38.71,-19.18,Noise,Right
1706529068747,0.492392,-0.6588,-0.740784,95.34,-27.16,8.89,Noise,Right
1706529068748,0.537288,-0.760792,-0.852536,48.09,1.96,21.98,Noise,Right
1706529068748,0.477264,-0.647576,-0.835456,24.64,17.22,29.54,Noise,Right
1706529068792,0.481656,-0.49776,-0.762744,6.09,34.3,32.9,Noise,Right
1706529068794,0.465064,-0.44408,-0.798856,-28.56,35.14,30.03,Noise,Right
1706529068794,0.421144,-0.2562,-0.862296,-48.79,17.36,-1.68,Noise,Right
1706529068840,0.32696,-0.35136,-0.741272,-57.19,7.35,-13.86,Noise,Right
1706529068840,0.301584,-0.391864,-0.643184,-20.23,-18.27,-25.27,Noise,Right
1706529068841,0.460672,-0.39528,-0.489952,-26.81,-50.75,-64.96,Noise,Right
1706529068921,0.388448,-0.696864,-0.571936,-19.39,-33.18,-34.65,Noise,Right
1706529068924,0.55876,-0.713456,-0.676856,41.65,-22.96,1.89,Noise,Right
1706529068932,0.603656,-0.5978,-0.8662,39.48,-18.34,-2.17,Noise,Right
1706529068934,0.594872,-0.664656,-0.902312,2.87,8.75,4.76,Noise,Right
1706529068935,0.670512,-0.40016,-0.868152,28.7,23.8,11.48,Noise,Right
1706529068978,0.484096,-0.532408,-0.712968,-32.83,37.31,19.32,Noise,Right
1706529068979,0.439688,-0.511912,-0.669536,-24.01,48.23,37.03,Noise,Right
1706529068979,0.347944,-0.177632,-0.772504,-34.72,28.21,25.69,Noise,Right
1706529069024,0.330376,-0.267912,-0.691496,11.62,8.54,15.96,Noise,Right
1706529069025,0.283528,-0.372832,-0.672952,11.48,-14.14,-2.17,Noise,Right
1706529069070,0.720776,-0.515816,-0.659288,34.23,-45.36,-27.72,Noise,Right
1706529069071,0.415288,-0.62464,-0.501176,74.83,-41.23,-9.66,Noise,Right
1706529069071,0.524112,-0.657824,-0.557784,27.93,-45.64,-15.89,Noise,Right
1706529069122,0.516304,-0.658312,-0.694424,8.33,-38.01,-9.03,Noise,Right
1706529069122,0.496296,-0.671,-0.8296,6.09,-20.16,2.31,Noise,Right
1706529069122,0.481168,-0.760792,-0.720776,-40.25,1.54,24.78,Noise,Right
1706529069166,0.655384,-0.60756,-0.611464,-52.29,49.56,49.63,Noise,Right
1706529069167,0.46116,-0.294264,-0.96624,-89.39,-8.68,4.62,Noise,Right
1706529069167,0.462136,-0.327448,-0.962336,-80.71,-20.72,10.01,Noise,Right
1706529069212,0.375272,-0.293288,-1.01504,-58.59,-34.09,9.45,Noise,Right
1706529069213,0.32452,-0.385032,-0.833016,2.03,-52.57,7.7,Noise,Right
1706529069258,0.251808,-0.302072,-0.572424,25.48,-49.98,-12.67,Noise,Right
1706529069259,0.342088,-0.31232,-0.540216,-4.83,-46.62,-59.64,Noise,Right
1706529069259,0.299632,-0.398696,-0.482632,-17.29,-20.02,-87.36,Noise,Right
1706529069305,0.333792,-0.613416,-0.538752,-35.91,43.61,-89.46,Noise,Right
1706529069305,0.347456,-0.743224,-0.679784,-65.03,88.69,-58.45,Noise,Right
1706529069306,0.358192,-0.704184,-0.847168,-70.7,100.17,-13.16,Noise,Right
1706529069352,0.21228,-0.767136,-0.872544,-49.0,-7.91,47.39,Noise,Right
1706529069354,0.49044,-0.49776,-0.730536,-76.44,23.03,89.46,Noise,Right
1706529069354,0.439688,-0.313784,-0.826184,-75.11,37.87,94.85,Noise,Right
1706529069400,0.536312,-0.047336,-0.981368,10.99,22.89,71.12,Noise,Right
1706529069401,0.460184,-0.086376,-0.967704,108.71,-50.12,43.26,Noise,Right
1706529069447,0.455304,-0.151768,-0.81252,107.73,-108.5,6.23,Noise,Right
1706529069448,0.47092,-0.205936,-0.651968,81.41,-124.04,-31.08,Noise,Right
1706529069448,0.374296,-0.285968,-0.500688,59.36,-100.73,-60.41,Noise,Right
1706529069498,0.346968,-0.348432,-0.406016,11.69,-26.39,-87.29,Noise,Right
1706529069499,0.512888,-0.52704,-0.469944,-37.94,59.36,-101.64,Noise,Right
1706529069500,0.389424,-1.387872,-1.759728,-22.05,-12.53,-14.56,Noise,Right
1706529069541,0.44896,-0.669536,-1.235128,-44.73,-7.07,10.92,Noise,Right
1706529069542,0.546072,-0.5734,-0.694424,-43.26,29.19,63.07,Noise,Right
1706529069542,0.467504,-0.379664,-0.811056,-64.47,45.64,82.25,Noise,Right
1706529069592,0.484096,-0.283528,-0.853512,-26.81,39.13,67.97,Noise,Right
1706529069592,0.449448,-0.171288,-0.877424,2.31,23.94,35.0,Noise,Right
1706529069592,0.424072,-0.211304,-0.779336,57.89,1.47,-3.5,Noise,Right
1706529069695,0.419192,-0.1708,-0.733952,47.32,-25.62,-37.87,Noise,Right
1706529069696,0.408944,-0.293288,-0.722728,50.19,-47.81,-62.93,Noise,Right
1706529069696,0.415776,-0.39528,-0.74176,28.07,-54.74,-65.1,Noise,Right
1706529069696,0.434808,-0.539728,-0.737368,14.98,-46.48,-49.07,Noise,Right
1706529069696,0.40992,-0.60512,-0.879376,-19.46,-26.74,-21.21,Noise,Right
1706529069697,0.378688,-0.552416,-0.928664,-13.23,-8.96,-0.42,Noise,Right
1706529069746,0.497272,-0.44408,-0.918416,-12.6,5.11,11.2,Noise,Right
1706529069747,0.489464,-0.403088,-0.801784,-37.73,21.0,31.43,Noise,Right
1706529069748,0.433344,-0.354776,-0.83692,-19.04,27.09,39.06,Noise,Right
1706529069794,0.426512,-0.19764,-0.884256,32.34,18.76,22.75,Noise,Right
1706529069795,0.349408,-0.28548,-0.827648,25.76,4.2,-0.07,Noise,Right
1706529069796,0.369416,-0.314272,-0.733952,92.19,-21.07,-29.19,Noise,Right
1706529069844,0.359656,-0.371368,-0.722728,57.61,-36.68,-45.29,Noise,Right
1706529069844,0.346968,-0.548024,-0.709552,23.73,-35.21,-40.95,Noise,Right
1706529069886,0.344528,-0.68076,-0.768112,-11.97,-22.75,-21.21,Noise,Right
1706529069886,0.355264,-0.55388,-0.828136,-44.94,-8.12,-7.35,Noise,Right
1706529069887,0.436272,-0.496784,-0.868152,-77.42,4.9,9.17,Noise,Right
1706529069936,0.496296,-0.273768,-0.791536,-2.8,11.41,13.65,Noise,Right
1706529069936,0.427488,-0.217648,-0.88084,-15.47,-5.25,-10.99,Noise,Right
1706529069936,0.508008,-0.289872,-0.874496,-51.38,7.14,11.83,Noise,Right
1706529069979,0.386984,-0.267912,-0.884256,-4.55,11.62,19.81,Noise,Right
1706529069981,0.340624,-0.27084,-0.798368,63.7,11.13,19.74,Noise,Right
1706529069981,0.298168,-0.221552,-0.661728,68.74,-10.01,3.43,Noise,Right
1706529070027,0.364536,-0.417728,-0.694912,101.36,-39.41,-27.23,Noise,Right
1706529070027,0.369904,-0.482144,-0.710528,42.98,-46.69,-40.95,Noise,Right
1706529070076,0.354288,-0.646112,-0.733464,7.07,-38.5,-28.77,Noise,Right
1706529070078,0.413824,-0.631472,-0.804712,-34.58,-19.88,-4.97,Noise,Right
1706529070086,0.3782,-0.487024,-0.904264,-78.4,-8.68,-8.12,Noise,Right
1706529070121,0.526064,-0.358192,-0.860832,-27.3,-2.1,-1.96,Noise,Right
1706529070121,0.486048,-0.343552,-0.894992,-3.85,7.14,11.62,Noise,Right
1706529070121,0.448472,-0.31232,-0.828136,-5.39,15.68,24.15,Noise,Right
1706529070168,0.409432,-0.294752,-0.89304,-2.73,19.32,28.49,Noise,Right
1706529070169,0.355264,-0.21228,-0.994544,10.5,13.65,12.46,Noise,Right
1706529070169,0.393328,-0.390888,-0.765672,124.53,-3.5,-1.19,Noise,Right
1706529070216,0.31476,-0.432368,-0.639768,169.33,-37.31,-30.94,Noise,Right
1706529070216,0.33184,-0.44408,-0.658312,75.46,-55.51,-59.43,Noise,Right
1706529070263,0.304024,-0.571448,-0.638792,0.91,-54.39,-63.91,Noise,Right
1706529070264,0.327448,-0.674904,-0.660752,-51.17,-42.21,-43.26,Noise,Right
1706529070264,0.346968,-0.681736,-0.72468,-73.36,-20.93,-8.05,Noise,Right
1706529070311,0.360144,-0.610488,-0.964776,-75.6,-3.57,17.99,Noise,Right
1706529070312,0.469944,-0.479704,-0.931104,-78.82,26.39,55.51,Noise,Right
1706529070312,0.462624,-0.384544,-0.860344,-32.2,35.98,61.81,Noise,Right
1706529070357,0.519232,-0.311344,-0.794952,-22.96,48.79,85.33,Noise,Right
1706529070358,0.443592,-0.258152,-0.932568,65.8,46.41,84.0,Noise,Right
1706529070358,0.284016,-0.099552,-1.1224,16.17,21.42,29.89,Noise,Right
1706529070404,0.364536,-0.269864,-0.816912,119.14,-2.52,-2.24,Noise,Right
1706529070405,0.370392,-0.353312,-0.73932,75.74,-20.86,-33.25,Noise,Right
1706529070452,0.377712,-0.503616,-0.726144,61.6,-32.27,-43.47,Noise,Right
1706529070454,0.315248,-0.523136,-0.675392,71.12,-44.45,-50.82,Noise,Right
1706529070454,0.351848,-0.545584,-0.708088,-5.18,-40.32,-44.66,Noise,Right
1706529070574,0.362584,-0.63684,-0.703696,-42.7,-22.54,-24.29,Noise,Right
1706529070574,0.364536,-0.55388,-0.753472,-110.88,-4.06,-9.8,Noise,Right
1706529070575,0.329888,-0.339648,-1.018944,-156.66,7.63,-3.85,Noise,Right
1706529070575,0.523624,-0.389912,-0.788608,-44.87,13.86,28.28,Noise,Right
1706529070576,0.474336,-0.360632,-0.74176,-18.83,26.39,59.64,Noise,Right
1706529070576,0.49044,-0.354288,-0.84912,43.82,29.19,67.9,Noise,Right
1706529070577,0.427,-0.299144,-0.988688,1.05,28.0,56.28,Noise,Right
1706529070619,0.29768,-0.19276,-1.021384,60.76,7.63,15.68,Noise,Right
1706529070621,0.42212,-0.413824,-0.739808,133.0,-8.12,-3.43,Noise,Right
1706529070621,0.333304,-0.43676,-0.743224,124.74,-23.24,-33.53,Noise,Right
1706529070668,0.32208,-0.45628,-0.662216,45.36,-40.25,-65.31,Noise,Right
1706529070675,0.350384,-0.466528,-0.682712,-14.91,-45.64,-70.28,Noise,Right
1706529070675,0.345992,-0.59048,-0.719312,-54.6,-38.57,-63.07,Noise,Right
1706529070715,0.32208,-0.576816,-0.777872,-130.83,-17.08,-46.55,Noise,Right
1706529070716,0.400648,-0.488488,-0.904752,-52.64,-10.5,-8.47,Noise,Right
1706529070717,0.436272,-0.377224,-0.760304,-18.76,-0.98,10.85,Noise,Right
1706529070762,0.455304,-0.364048,-0.729072,-31.64,7.84,39.2,Noise,Right
1706529070763,0.403088,-0.309392,-0.79788,-27.3,12.46,53.69,Noise,Right
1706529070764,0.40748,-0.269376,-0.85888,-22.33,11.06,50.54,Noise,Right
1706529070807,0.475312,-0.172752,-1.021872,35.56,1.33,22.96,Noise,Right
1706529070808,0.388936,-0.38552,-0.951112,92.54,-7.91,8.61,Noise,Right
1706529070856,0.393816,-0.5124,-0.816912,154.0,-17.57,-9.17,Noise,Right
1706529070856,0.258152,-0.5002,-0.616832,153.09,-33.67,-38.99,Noise,Right
1706529070857,0.321104,-0.526552,-0.633424,18.76,-39.2,-56.91,Noise,Right
1706529070900,0.284504,-0.584624,-0.719312,-67.34,-31.43,-54.46,Noise,Right
1706529070900,0.282552,-0.560712,-0.770064,-116.97,-15.96,-36.96,Noise,Right
1706529070901,0.378688,-0.483608,-0.843264,-148.82,2.66,-14.28,Noise,Right
1706529070947,0.404552,-0.254736,-0.823256,-75.74,0.7,3.64,Noise,Right
1706529070948,0.416264,-0.325984,-0.82228,-29.47,2.03,25.55,Noise,Right
1706529070949,0.39284,-0.352336,-0.828624,-12.6,1.68,30.24,Noise,Right
1706529070994,0.462136,-0.28548,-0.921832,-7.42,3.92,32.27,Noise,Right
1706529070994,0.406992,-0.23668,-1.001376,17.22,1.89,12.95,Noise,Right
1706529071040,0.45628,-0.507032,-0.78324,110.95,-4.06,-2.03,Noise,Right
1706529071041,0.347944,-0.484584,-0.776896,73.71,-16.73,-26.6,Noise,Right
1706529071041,0.325984,-0.569984,-0.780312,25.76,-22.4,-50.89,Noise,Right
1706529071087,0.272304,-0.598776,-0.835944,-59.99,-7.35,-50.75,Noise,Right
1706529071088,0.302072,-0.38796,-0.829112,-89.6,8.68,-19.25,Noise,Right
1706529071088,0.364536,-0.450912,-0.834968,-113.4,23.24,14.28,Noise,Right
1706529071132,0.425048,-0.32208,-0.778848,-125.93,26.11,35.77,Noise,Right
1706529071134,0.436272,-0.222528,-0.774944,-70.56,24.78,46.76,Noise,Right
1706529071181,0.408944,-0.127856,-0.907192,-20.37,23.03,49.42,Noise,Right
1706529071182,0.369904,-0.125904,-0.871568,51.94,17.5,30.66,Noise,Right
1706529071182,0.445544,-0.097112,-0.768112,51.73,-3.22,0.42,Noise,Right
1706529071245,0.457256,-0.210328,-0.797392,79.45,-24.15,-30.87,Noise,Right
1706529071252,0.43676,-0.464576,-0.876936,66.15,-33.95,-48.44,Noise,Right
1706529071262,0.403088,-0.662704,-0.942816,5.46,-26.53,-47.25,Noise,Right
1706529071273,0.399184,-0.623664,-0.944768,-73.99,-2.45,-17.71,Noise,Right
1706529071275,0.429928,-0.455304,-0.889136,-126.21,19.81,6.51,Noise,Right
1706529071275,0.43432,-0.298168,-0.830088,-119.84,30.24,26.95,Noise,Right
1706529071320,0.399672,-0.20252,-0.861808,-92.05,29.33,36.96,Noise,Right
1706529071321,0.403088,-0.142008,-0.927688,-68.11,24.43,31.5,Noise,Right
1706529071370,0.438712,-0.023424,-0.918416,-27.51,8.19,17.92,Noise,Right
1706529071371,0.398696,-0.03904,-0.852048,-4.76,-38.5,4.62,Noise,Right
1706529071371,0.39284,-0.042456,-0.798856,34.02,-79.24,-15.75,Noise,Right
1706529071414,0.433344,-0.0976,-0.697352,83.44,-83.09,-34.51,Noise,Right
1706529071415,0.393816,-0.25376,-0.668072,96.04,-60.41,-54.18,Noise,Right
1706529071415,0.37332,-0.555344,-0.789584,24.08,-10.15,-70.0,Noise,Right
1706529071462,0.365512,-0.596824,-0.877424,-80.43,46.97,-42.63,Noise,Right
1706529071462,0.423096,-0.445056,-0.904264,-107.52,65.45,7.7,Noise,Right
1706529071463,0.474336,-0.251808,-0.976488,-64.4,42.07,39.2,Noise,Right
1706529071509,0.43432,-0.140544,-1.020408,1.26,6.37,55.58,Noise,Right
1706529071509,0.34892,-0.069296,-1.048712,47.88,-38.85,50.68,Noise,Right
1706529071510,0.379664,-0.110776,-0.999912,41.23,-94.64,32.83,Noise,Right
1706529071555,0.335256,-0.12444,-0.859368,41.37,-124.32,20.51,Noise,Right
1706529071556,0.33428,-0.151768,-0.750544,47.53,-111.86,0.91,Noise,Right
1706529071602,0.282552,-0.196664,-0.689544,42.14,-76.51,-25.55,Noise,Right
1706529071602,0.264984,-0.402112,-0.728096,1.19,-17.5,-51.31,Noise,Right
1706529071602,0.278648,-0.566568,-0.811056,-64.75,42.63,-46.83,Noise,Right
1706529071655,0.309392,-0.514352,-0.884744,-138.04,81.83,-10.15,Noise,Right
1706529071655,0.361608,-0.327448,-0.911096,-148.4,86.52,30.38,Noise,Right
1706529071656,0.432368,-0.10248,-1.006256,-91.77,65.66,53.9,Noise,Right
1706529071744,0.33916,0.055144,-1.123864,-9.52,27.51,54.46,Noise,Right
1706529071744,0.316712,0.078568,-1.089704,53.83,-38.71,37.87,Noise,Right
1706529071745,0.384056,0.022936,-1.05652,42.28,-102.13,8.12,Noise,Right
1706529071745,0.370392,-0.002928,-0.839848,60.83,-138.67,-14.98,Noise,Right
1706529071746,0.308416,-0.06832,-0.728584,85.05,-128.66,-36.54,Noise,Right
1706529071804,0.247416,-0.240096,-0.672952,85.47,-76.93,-54.46,Noise,Right
1706529071811,0.22448,-0.516792,-0.786168,15.89,-7.14,-64.4,Noise,Right
1706529071812,0.214232,-0.56364,-0.884744,-70.07,48.44,-29.54,Noise,Right
1706529071836,0.269376,-0.430416,-0.899384,-98.91,64.12,16.1,Noise,Right
1706529071836,0.279624,-0.125416,-0.860832,-67.9,54.53,49.0,Noise,Right
1706529071836,0.278648,-0.11468,-0.862784,-19.67,45.15,65.52,Noise,Right
1706529071886,0.302072,-0.011712,-0.920856,2.38,43.19,65.8,Noise,Right
1706529071886,0.284992,0.167872,-1.04432,29.26,29.61,39.55,Noise,Right
1706529071886,0.324032,0.157136,-0.988688,83.16,-45.29,4.48,Noise,Right
1706529071928,0.378688,0.015128,-0.891576,118.3,-79.73,-39.27,Noise,Right
1706529071929,0.43432,-0.366976,-0.796904,128.59,-78.89,-64.89,Noise,Right
1706529071976,0.277672,-0.721264,-0.879864,74.62,-41.02,-57.05,Noise,Right
1706529071977,0.325008,-0.703696,-0.984784,-29.82,9.87,-13.86,Noise,Right
1706529071978,0.295728,-0.53924,-0.98088,-20.51,12.6,56.77,Noise,Right
1706529072023,0.310368,-0.354288,-0.961848,7.49,-10.78,73.5,Noise,Right
1706529072024,0.317688,-0.181536,-0.999424,2.73,-24.22,73.57,Noise,Right
1706529072024,0.299144,-0.105896,-0.948672,-12.74,-26.95,46.62,Noise,Right
1706529072069,0.220576,-0.025864,-0.962336,-15.26,-24.43,15.61,Noise,Right
1706529072070,0.260592,-0.006344,-0.9028,-12.39,-30.24,-17.01,Noise,Right
1706529072070,0.242048,-0.00244,-0.829112,0.07,-28.63,-45.78,Noise,Right
1706529072117,0.28792,-0.192272,-0.783728,24.01,-11.48,-69.79,Noise,Right
1706529072118,0.296704,-0.625616,-0.85156,2.73,17.99,-71.12,Noise,Right
1706529072164,0.260592,-0.790072,-0.982832,-51.24,39.06,-23.1,Noise,Right
1706529072164,0.288896,-0.57584,-1.019432,-52.01,21.98,64.61,Noise,Right
1706529072165,0.333304,-0.291824,-1.070184,30.52,-27.02,99.47,Noise,Right
1706529072211,0.266448,-0.16836,-1.069696,86.73,-81.97,88.83,Noise,Right
1706529072212,0.226432,-0.192272,-0.98576,84.14,-101.15,60.97,Noise,Right
1706529072212,0.182024,-0.175192,-0.872544,61.81,-89.88,33.67,Noise,Right
1706529072259,0.156648,-0.138592,-0.798856,46.76,-60.83,-16.31,Noise,Right
1706529072259,0.171776,-0.205936,-0.81252,32.34,-19.46,-48.37,Noise,Right
1706529072259,0.184952,-0.404552,-0.857416,-7.7,29.05,-72.03,Noise,Right
1706529072304,0.181536,-0.626104,-0.967704,-61.95,61.81,-56.77,Noise,Right
1706529072304,0.191296,-0.574376,-1.028216,-90.58,67.48,-5.32,Noise,Right
1706529072360,0.211792,-0.397232,-1.010648,-69.16,37.45,41.65,Noise,Right
1706529072369,0.262056,-0.249368,-0.982344,-11.97,-0.21,73.78,Noise,Right
1706529072371,0.24888,-0.150304,-0.965752,46.13,-33.46,70.7,Noise,Right
1706529072462,0.215208,-0.130296,-0.918416,72.59,-53.62,49.07,Noise,Right
1706529072463,0.174216,-0.123464,-0.840336,64.4,-60.48,29.26,Noise,Right
1706529072463,0.141032,-0.123464,-0.770064,66.57,-52.01,6.93,Noise,Right
1706529072463,0.116144,-0.227408,-0.755912,56.07,-34.16,-27.3,Noise,Right
1706529072463,0.107848,-0.425048,-0.757376,5.88,15.05,-54.88,Noise,Right
1706529072463,0.123952,-0.610488,-0.8052,-58.1,36.47,-56.7,Noise,Right
1706529072464,0.115168,-0.562664,-0.911096,-123.83,64.89,-26.46,Noise,Right
1706529072566,0.167384,-0.372832,-1.016016,-87.08,66.36,24.43,Noise,Right
1706529072567,0.203008,-0.333792,-0.979904,6.16,23.73,76.44,Noise,Right
1706529072567,0.241072,-0.206912,-1.026752,93.03,-21.98,110.67,Noise,Right
1706529072567,0.371368,-0.220576,-0.809592,287.42,-59.78,106.47,Noise,Right
1706529072567,0.193736,-0.259128,-0.877424,228.13,-93.31,91.07,Noise,Right
1706529072615,0.169336,-0.20008,-0.811056,176.82,-112.49,60.83,Noise,Right
1706529072615,0.094672,-0.273768,-0.742736,145.74,-98.98,20.58,Noise,Right
1706529072616,0.067832,-0.487024,-0.653432,64.26,-60.48,-48.86,Noise,Right
1706529072616,0.02684,-0.696376,-0.628544,-46.62,9.87,-95.55,Noise,Right
1706529072751,0.072224,-0.745176,-0.737856,-204.12,81.62,-104.23,Noise,Right
1706529072752,0.082472,-0.406992,-1.009184,-340.27,153.79,-97.86,Noise,Right
1706529072752,0.206912,-0.216184,-1.072136,-241.85,155.89,-59.08,Noise,Right
1706529072752,0.281576,-0.20984,-1.046272,-62.23,74.83,-7.0,Noise,Right
1706529072752,0.35868,-0.327936,-0.937448,31.29,-32.48,9.87,Noise,Right
1706529072752,0.255224,-0.280112,-0.971608,90.86,-95.97,15.68,Noise,Right
1706529072754,0.198128,-0.25132,-0.867664,116.13,-125.86,27.09,Noise,Right
1706529072804,0.16104,-0.355264,-0.764208,127.54,-120.33,13.3,Noise,Right
1706529072805,0.065392,-0.584624,-0.731512,77.14,-81.34,-23.59,Noise,Right
1706529072805,0.043432,-0.728584,-0.728096,-26.04,-14.49,-46.55,Noise,Right
1706529072870,0.039528,-0.734928,-0.795928,-125.37,54.04,-39.76,Noise,Right
1706529072870,0.082472,-0.516304,-0.857416,-182.77,82.18,-16.17,Noise,Right
1706529072871,0.088328,-0.272792,-0.962824,-149.45,89.81,3.64,Noise,Right
1706529072872,0.169824,-0.10736,-1.075552,-21.07,65.94,24.5,Noise,Right
1706529072922,0.204472,-0.183488,-1.060424,107.24,-22.12,43.68,Noise,Right
1706529072923,0.213744,-0.17324,-0.978928,142.1,-102.55,41.51,Noise,Right
1706529072924,0.188368,-0.252784,-0.840336,171.92,-129.92,33.6,Noise,Right
1706529072924,0.128344,-0.444568,-0.706624,144.2,-111.79,6.93,Noise,Right
1706529072971,0.05368,-0.59536,-0.700768,80.64,-54.39,-19.39,Noise,Right
1706529072972,0.11224,-0.6588,-0.704184,19.25,18.9,-18.2,Noise,Right
1706529072972,0.110288,-0.592432,-0.812032,-26.04,63.77,-10.85,Noise,Right
1706529073075,0.128832,-0.467992,-0.984296,-57.68,79.31,-11.9,Noise,Right
1706529073076,0.121512,-0.294264,-1.107272,-66.36,60.97,-18.2,Noise,Right
1706529073076,0.189832,-0.313784,-1.0858,-42.63,7.21,-11.83,Noise,Right
1706529073076,0.201544,-0.311344,-1.003816,-13.02,-40.46,-1.82,Noise,Right
1706529073077,0.18544,-0.329888,-0.916952,38.64,-71.54,6.02,Noise,Right
1706529073125,0.169824,-0.415288,-0.810568,76.23,-82.95,2.8,Noise,Right
1706529073126,0.085888,-0.549976,-0.767624,70.07,-60.06,-14.56,Noise,Right
1706529073126,0.11712,-0.684176,-0.781288,21.42,-22.33,-31.85,Noise,Right
1706529073168,0.011224,-0.693448,-0.793488,-12.25,12.53,-14.42,Noise,Right
1706529073169,0.054656,-0.61488,-0.807152,-26.53,33.11,-1.54,Noise,Right
1706529073169,0.061,-0.503128,-0.855952,-36.54,44.59,4.97,Noise,Right
1706529073218,0.09028,-0.330376,-0.956968,-59.85,54.6,-4.9,Noise,Right
1706529073219,0.08784,-0.23424,-1.052128,-34.58,47.67,-15.12,Noise,Right
1706529073219,0.149816,-0.263032,-1.004304,2.94,0.14,-11.2,Noise,Right
1706529073262,0.149816,-0.296704,-1.00284,35.14,-35.98,-4.55,Noise,Right
1706529073264,0.189832,-0.379664,-0.873032,52.01,-59.15,2.87,Noise,Right
1706529073315,0.17324,-0.388448,-0.798368,70.14,-58.03,3.92,Noise,Right
1706529073315,0.188368,-0.5002,-0.770552,67.13,-35.56,-9.17,Noise,Right
1706529073315,0.105408,-0.599264,-0.786656,21.84,-1.61,-20.02,Noise,Right
1706529073381,0.123464,-0.576816,-0.7808,-27.16,27.51,-20.16,Noise,Right
1706529073381,0.141032,-0.50752,-0.779824,-46.06,42.07,-21.21,Noise,Right
1706529073383,0.136152,-0.386008,-0.834968,-67.48,52.36,-27.44,Noise,Right
1706529073383,0.16592,-0.2318,-0.982832,-22.61,51.59,-29.19,Noise,Right
1706529073435,0.1952,-0.28548,-1.018944,71.47,5.11,-13.65,Noise,Right
1706529073435,0.207888,-0.408944,-0.965752,123.2,-66.99,14.98,Noise,Right
1706529073435,0.267424,-0.428464,-0.854488,179.69,-111.58,34.23,Noise,Right
1706529073436,0.099064,-0.416264,-0.731512,218.33,-117.46,43.12,Noise,Right
1706529073495,0.127856,-0.625128,-0.633424,189.35,-90.44,19.67,Noise,Right
1706529073495,0.044408,-0.880352,-0.689544,120.54,-45.08,-16.24,Noise,Right
1706529073528,0.013176,-0.913048,-0.789096,38.08,9.45,-21.77,Noise,Right
1706529073529,0.08296,-0.800808,-0.939888,-49.28,44.59,-4.06,Noise,Right
1706529073529,0.012688,-0.749568,-0.924272,8.33,34.58,30.59,Noise,Right
1706529073576,0.037088,-0.62464,-0.813984,11.76,3.71,75.11,Noise,Right
1706529073576,0.071736,-0.574376,-0.589016,116.34,-56.84,102.9,Noise,Right
1706529073577,0.032696,-0.640256,-0.618784,162.75,-110.32,105.7,Noise,Right
1706529073825,0.355752,-0.349408,-1.15412,-29.75,78.75,-20.16,Noise,Right
1706529074052,0.400648,-0.234728,-0.62952,35.63,36.96,-25.69,Noise,Right
1706529074274,0.968192,-0.684664,-0.977464,-9.1,-5.53,10.22,Noise,Right
1706529074493,0.533384,-0.38552,-0.811544,17.64,7.0,54.67,Noise,Right
1706529074545,0.478728,-0.303536,-0.870104,-20.3,12.25,60.97,Noise,Right
1706529074545,0.543144,-0.173728,-0.924272,1.54,3.43,32.62,Noise,Right
1706529074662,0.438712,-0.227408,-0.833992,56.98,-12.46,7.49,Noise,Right
1706529074662,0.377712,-0.311344,-0.810568,89.74,-16.45,6.93,Noise,Right
1706529074662,0.432368,-0.393328,-0.798368,58.8,-35.91,-27.72,Noise,Right
1706529074662,0.374296,-0.511424,-0.776896,-5.74,-41.16,-51.66,Noise,Right
1706529074662,0.35624,-0.574864,-0.720288,-66.64,-33.67,-53.48,Noise,Right
1706529074663,0.378688,-0.466528,-0.874496,-97.3,-19.6,-33.25,Noise,Right
1706529074663,0.327448,-0.544608,-0.72956,-29.54,-16.03,3.99,Noise,Right
1706529074713,0.39284,-0.444568,-0.808128,-58.87,-9.31,20.16,Noise,Right
1706529074713,0.442616,-0.375272,-0.82228,-43.68,-2.1,30.24,Noise,Right
1706529074714,0.421632,-0.286944,-0.879864,-39.48,-0.77,32.62,Noise,Right
1706529074760,0.450424,-0.255712,-0.942328,-27.37,-1.33,26.46,Noise,Right
1706529074760,0.398208,-0.183488,-0.943792,-9.8,-4.41,13.02,Noise,Right
1706529074760,0.354776,-0.243024,-0.845704,12.11,-9.66,-1.26,Noise,Right
1706529074807,0.39284,-0.323544,-0.751032,21.07,-26.11,-24.64,Noise,Right
1706529074808,0.389912,-0.50752,-0.762744,-14.91,-36.96,-39.2,Noise,Right
1706529074808,0.366976,-0.645136,-0.784216,-25.9,-33.53,-32.55,Noise,Right
1706529074854,0.37088,-0.600728,-0.774944,-43.47,-20.51,-8.12,Noise,Right
1706529074855,0.379664,-0.46116,-0.806176,-60.2,-6.44,28.7,Noise,Right
1706529074856,0.4148,-0.34404,-0.793488,-31.22,3.43,51.17,Noise,Right
1706529074900,0.465552,-0.22448,-0.889624,3.36,6.3,58.1,Noise,Right
1706529074900,0.496296,-0.12444,-0.987224,12.74,4.62,46.97,Noise,Right
1706529074900,0.471408,-0.091256,-0.981368,-16.17,-6.23,11.34,Noise,Right
1706529074947,0.427,-0.04148,-0.925736,-43.68,-18.06,-26.81,Noise,Right
1706529074948,0.396744,-0.046848,-0.84424,-25.69,-31.57,-50.82,Noise,Right
1706529074995,0.3904,-0.257176,-0.800808,5.88,-43.68,-59.36,Noise,Right
1706529074997,0.354776,-0.56608,-0.82716,-0.42,-40.18,-43.47,Noise,Right
1706529074997,0.343064,-0.601216,-0.785192,-5.95,-24.71,-5.88,Noise,Right
1706529075042,0.34892,-0.374784,-0.846192,16.87,-11.83,29.19,Noise,Right
1706529075042,0.347944,-0.308416,-0.804712,59.92,-4.48,43.89,Noise,Right
1706529075042,0.376248,-0.276208,-0.85156,64.54,-3.92,44.8,Noise,Right
1706529075089,0.40504,-0.313296,-0.895968,72.1,-3.08,40.32,Noise,Right
1706529075091,0.425536,-0.206424,-1.025288,16.66,-10.22,21.91,Noise,Right
1706529075092,0.346968,-0.291336,-0.88816,25.06,-12.53,1.4,Noise,Right
1706529075134,0.325496,-0.290848,-0.862296,28.63,-15.68,-5.39,Noise,Right
1706529075135,0.317688,-0.382592,-0.900848,11.13,-24.92,-21.28,Noise,Right
1706529075181,0.306464,-0.535336,-0.850096,13.23,-23.17,-22.96,Noise,Right
1706529075181,0.30256,-0.520208,-0.803736,5.04,-15.26,-10.22,Noise,Right
1706529075182,0.303536,-0.421144,-0.836432,-36.12,-14.07,-8.82,Noise,Right
1706529075227,0.337696,-0.30012,-0.872544,-42.56,-11.27,-0.14,Noise,Right
1706529075229,0.356728,-0.301096,-0.877912,-1.12,-7.91,10.36,Noise,Right
1706529075230,0.369904,-0.255224,-0.90036,-2.17,-4.27,18.41,Noise,Right
1706529075273,0.363072,-0.243024,-0.944768,-3.36,-1.89,20.3,Noise,Right
1706529075273,0.345504,-0.259128,-0.964776,8.68,3.08,22.4,Noise,Right
1706529075320,0.371856,-0.28548,-0.888648,37.38,-0.42,9.24,Noise,Right
1706529075320,0.291336,-0.325008,-0.888648,9.03,-8.26,-10.57,Noise,Right
1706529075321,0.297192,-0.335744,-0.883768,40.88,-23.03,-36.96,Noise,Right
1706529075368,0.264496,-0.479216,-0.83936,22.82,-25.13,-45.85,Noise,Right
1706529075368,0.230336,-0.580232,-0.798368,1.96,-17.5,-35.0,Noise,Right
1706529075368,0.316712,-0.474824,-0.786168,-1.54,-7.49,-9.24,Noise,Right
1706529075494,0.262544,-0.389424,-0.827648,3.71,-8.68,-2.52,Noise,Right
1706529075494,0.31964,-0.34648,-0.835456,-3.99,-2.1,17.43,Noise,Right
1706529075495,0.325496,-0.376736,-0.845216,-6.93,-0.14,23.38,Noise,Right
1706529075495,0.355264,-0.258152,-0.881816,-5.53,1.89,26.67,Noise,Right
1706529075495,0.347456,-0.246928,-0.92232,-5.18,-4.41,13.3,Noise,Right
1706529075495,0.345016,-0.323056,-0.974536,-1.4,-3.57,8.33,Noise,Right
1706529075496,0.34404,-0.359168,-0.89548,1.82,-17.85,1.68,Noise,Right
1706529075632,0.28548,-0.40748,-0.82472,5.88,-3.29,-8.61,Noise,Right
1706529075633,0.186416,-0.506544,-0.833016,6.44,-0.42,-0.14,Noise,Right
1706529075633,0.307928,-0.465064,-0.822768,6.09,-2.66,-5.67,Noise,Right
1706529075634,0.145424,-0.386984,-0.823744,-5.95,-4.55,-10.92,Noise,Right
1706529075634,0.302072,-0.39284,-0.772016,1.89,-7.35,-3.01,Noise,Right
1706529075634,0.345016,-0.318176,-0.874496,-4.62,-9.38,1.33,Noise,Right
1706529075634,0.378688,-0.279136,-0.922808,3.57,-8.47,1.05,Noise,Right
1706529075634,0.376736,-0.27572,-0.934032,8.75,-5.81,-1.4,Noise,Right
1706529075738,0.401136,-0.308416,-0.975512,3.5,0.42,3.36,Noise,Right
1706529075738,0.41236,-0.32696,-0.977952,8.26,2.59,-13.72,Noise,Right
1706529075739,0.353312,-0.357216,-0.924272,11.34,5.18,-27.86,Noise,Right
1706529075739,0.288408,-0.442128,-0.8418,-11.97,7.49,-31.22,Noise,Right
1706529075740,0.278648,-0.433832,-0.808616,-27.16,7.14,-30.73,Noise,Right
1706529075740,0.244976,-0.47092,-0.752984,9.59,3.85,-27.93,Noise,Right
1706529075741,0.208376,-0.442128,-0.772504,-21.84,3.01,-8.12,Noise,Right
1706529075788,0.303536,-0.306464,-0.76128,-18.2,-4.69,-9.1,Noise,Right
1706529075796,0.33184,-0.270352,-0.911584,3.29,-5.46,-3.64,Noise,Right
1706529075830,0.373808,-0.289872,-0.922808,16.87,-0.21,3.92,Noise,Right
1706529075830,0.44164,-0.385032,-0.874496,35.91,10.99,17.99,Noise,Right
1706529075830,0.430904,-0.291336,-0.953552,18.41,11.97,11.2,Noise,Right
1706529075881,0.384544,-0.344528,-0.946232,47.25,11.76,-0.49,Noise,Right
1706529075881,0.360144,-0.364048,-0.874496,31.36,11.55,-12.39,Noise,Right
1706529075881,0.284992,-0.327448,-0.786656,10.99,3.29,-27.86,Noise,Right
1706529076004,0.236192,-0.35624,-0.772992,-16.38,-7.84,-38.71,Noise,Right
1706529076004,0.253272,-0.378688,-0.764696,-35.7,-16.66,-39.06,Noise,Right
1706529076005,0.27572,-0.487024,-0.716384,-3.64,-14.91,-4.55,Noise,Right
1706529076005,0.212768,-0.4758,-0.743224,8.54,-12.67,14.35,Noise,Right
1706529076005,0.39284,-0.235704,-0.921832,-1.96,-2.8,36.75,Noise,Right
1706529076005,0.459208,-0.332328,-0.96136,24.5,-0.56,33.46,Noise,Right
1706529076005,0.40748,-0.499712,-0.955992,6.79,14.49,45.99,Noise,Right
1706529076142,0.502152,-0.381616,-0.979904,-4.69,23.52,29.33,Noise,Right
1706529076142,0.392352,-0.384056,-0.910608,-5.46,21.42,0.0,Noise,Right
1706529076144,0.369416,-0.395768,-0.837896,9.45,18.34,-12.67,Noise,Right
1706529076144,0.284504,-0.37088,-0.83692,32.69,10.57,-25.41,Noise,Right
1706529076144,0.2196,-0.346968,-0.74176,28.7,-4.13,-42.91,Noise,Right
1706529076144,0.24888,-0.353312,-0.679784,1.75,-20.16,-55.86,Noise,Right
1706529076144,0.271816,-0.46848,-0.63928,1.89,-31.57,-48.09,Noise,Right
1706529076145,0.340136,-0.467992,-0.716872,-9.66,-24.57,-11.27,Noise,Right
1706529076189,0.422608,-0.382592,-0.843264,18.48,-14.63,18.41,Noise,Right
1706529076189,0.445544,-0.415776,-0.9394,-11.13,1.4,43.05,Noise,Right
1706529076189,0.533872,-0.264008,-0.945744,23.59,9.94,44.17,Noise,Right
1706529076234,0.506544,-0.284016,-0.964776,12.67,12.39,29.05,Noise,Right
1706529076234,0.450424,-0.32452,-0.980392,3.5,16.52,12.04,Noise,Right
1706529076234,0.418704,-0.3782,-0.909632,-9.94,17.78,-5.11,Noise,Right
1706529076281,0.318664,-0.345016,-0.881328,-17.78,12.04,-24.29,Noise,Right
1706529076282,0.310856,-0.276696,-0.854976,-15.33,1.12,-44.8,Noise,Right
1706529076282,0.23424,-0.332328,-0.782752,-17.15,-18.13,-56.21,Noise,Right
1706529076355,0.284016,-0.384056,-0.735416,-26.53,-30.38,-64.96,Noise,Right
1706529076364,0.278648,-0.50508,-0.688568,-48.93,-33.74,-53.13,Noise,Right
1706529076375,0.338184,-0.481656,-0.764696,-32.55,-22.47,-11.13,Noise,Right
1706529076376,0.376736,-0.378688,-0.816912,-8.82,-12.81,23.66,Noise,Right
1706529076377,0.464088,-0.272304,-0.860832,21.28,-2.94,45.78,Noise,Right
1706529076422,0.443104,-0.238144,-0.886208,27.79,3.01,51.03,Noise,Right
1706529076422,0.478728,-0.238144,-0.984784,32.34,3.57,42.42,Noise,Right
1706529076422,0.396256,-0.260592,-1.035048,-4.97,-5.74,6.58,Noise,Right
1706529076468,0.350384,-0.356728,-0.910608,-13.16,0.28,0.21,Noise,Right
1706529076469,0.374784,-0.277184,-0.925736,-0.98,0.0,-5.95,Noise,Right
1706529076470,0.29768,-0.310368,-0.835456,1.89,-8.54,-29.12,Noise,Right
1706529076515,0.299144,-0.34892,-0.769088,-15.82,-24.15,-47.25,Noise,Right
1706529076515,0.261568,-0.48556,-0.703696,-20.72,-29.47,-44.03,Noise,Right
1706529076515,0.333792,-0.498248,-0.714432,-4.13,-22.82,-11.9,Noise,Right
1706529076563,0.328912,-0.437248,-0.79056,28.0,-13.02,20.72,Noise,Right
1706529076564,0.36112,-0.411872,-0.860832,47.6,2.24,55.23,Noise,Right
1706529076611,0.368928,-0.288896,-0.907192,11.34,7.0,63.42,Noise,Right
1706529076612,0.428952,-0.376248,-0.955016,45.15,4.13,52.64,Noise,Right
1706529076613,0.44896,-0.233752,-1.084336,14.56,2.17,33.88,Noise,Right
1706529076658,0.381616,-0.293288,-1.01016,12.39,0.28,0.0,Noise,Right
1706529076658,0.342088,-0.254248,-0.96868,7.7,1.47,-14.98,Noise,Right
1706529076659,0.27816,-0.27816,-0.853512,18.62,-8.82,-42.07,Noise,Right
1706529076704,0.253272,-0.323544,-0.76128,20.37,-28.91,-66.64,Noise,Right
1706529076705,0.294752,-0.48068,-0.664168,2.87,-40.18,-73.57,Noise,Right
1706529076705,0.266448,-0.603656,-0.69784,-18.48,-37.03,-47.46,Noise,Right
1706529076750,0.300608,-0.556808,-0.7076,16.03,-16.45,30.17,Noise,Right
1706529076752,0.335744,-0.449448,-0.840336,34.02,-2.03,60.48,Noise,Right
1706529076798,0.394304,-0.363072,-0.927688,42.63,4.9,64.05,Noise,Right
1706529076799,0.4636,-0.262544,-1.0248,-1.47,7.0,47.18,Noise,Right
1706529076799,0.449936,-0.257176,-1.041392,-22.54,4.62,9.31,Noise,Right
1706529076842,0.420656,-0.299632,-1.03456,-16.03,4.76,-15.54,Noise,Right
1706529076842,0.311832,-0.174216,-1.011624,-20.93,0.91,-50.05,Noise,Right
1706529076844,0.36356,-0.174704,-0.909632,-6.58,-23.38,-83.79,Noise,Right
1706529076889,0.32208,-0.588528,-0.852048,5.39,-71.96,-87.92,Noise,Right
1706529076889,0.267424,-0.758352,-0.722728,-12.32,-86.03,-57.96,Noise,Right
1706529076889,0.202032,-0.77592,-0.659288,24.29,-64.05,17.29,Noise,Right
1706529076940,0.16348,-0.664168,-0.678808,59.57,-32.97,96.11,Noise,Right
1706529076940,0.208864,-0.419192,-0.664656,54.46,-3.71,109.76,Noise,Right
1706529076982,0.247416,-0.269376,-0.782752,10.01,24.29,72.66,Noise,Right
1706529076984,0.332328,-0.206424,-0.825208,-46.69,53.55,25.06,Noise,Right
1706529076984,0.310856,-0.07564,-0.991128,-82.67,74.9,-22.89,Noise,Right
1706529077028,0.384056,-0.024888,-1.102392,-68.39,49.98,-56.28,Noise,Right
1706529077028,0.41236,-0.122,-1.123376,-2.52,-32.76,-70.07,Noise,Right
1706529077028,0.406016,-0.316712,-0.894504,100.66,-102.34,-52.22,Noise,Right
1706529077074,0.23668,-0.78812,-0.662216,205.73,-127.61,12.53,Noise,Right
1706529077075,0.11956,-0.843752,-0.545584,228.41,-67.06,76.3,Noise,Right
1706529077122,0.157136,-0.659288,-0.655384,156.31,-6.37,82.11,Noise,Right
1706529077122,0.166408,-0.43432,-0.68076,46.69,39.27,26.46,Noise,Right
1706529077124,0.230336,-0.376248,-0.79056,-39.27,75.74,-21.14,Noise,Right
1706529077170,0.34648,-0.347944,-1.077504,-81.13,62.65,-44.45,Noise,Right
1706529077170,0.385032,-0.289384,-1.131184,-65.03,-3.01,-45.85,Noise,Right
1706529077171,0.398696,-0.18544,-1.035536,12.67,-62.09,-35.14,Noise,Right
1706529077277,0.355264,-0.247904,-0.892552,94.15,-95.69,-45.43,Noise,Right
1706529077277,0.320616,-0.667096,-0.862296,113.05,-103.18,-53.97,Noise,Right
1706529077278,0.155672,-0.95648,-0.613904,74.83,-80.78,-27.86,Noise,Right
1706529077278,0.101504,-0.911096,-0.62464,53.97,-42.56,19.67,Noise,Right
1706529077278,0.05612,-0.80032,-0.63684,13.02,-20.72,32.83,Noise,Right
1706529077278,0.043432,-0.694424,-0.601704,-47.53,4.69,30.8,Noise,Right
1706529077323,0.11224,-0.61732,-0.699792,-87.01,24.01,30.73,Noise,Right
1706529077323,0.160064,-0.5124,-0.7686,-137.83,39.83,26.95,Noise,Right
1706529077323,0.293776,-0.298656,-0.877912,-182.7,44.45,20.23,Noise,Right
1706529077369,0.350872,-0.0854,-0.922808,-161.28,27.44,-2.59,Noise,Right
1706529077369,0.333304,-0.060024,-0.996008,-91.91,13.02,-26.32,Noise,Right
1706529077370,0.359168,-0.081496,-0.974048,-31.01,-0.98,-54.53,Noise,Right
1706529077418,0.347456,-0.45872,-0.909144,14.63,-12.74,-60.13,Noise,Right
1706529077418,0.2806,-0.670512,-0.890112,82.74,-23.52,-15.82,Noise,Right
1706529077537,0.24888,-0.674416,-0.805688,130.27,-31.29,35.35,Noise,Right
1706529077538,0.110776,-0.528992,-0.764208,148.82,-19.04,61.88,Noise,Right
1706529077538,0.157136,-0.439688,-0.801784,105.42,6.09,34.16,Noise,Right
1706529077538,0.206424,-0.49288,-0.897432,16.17,20.79,-5.53,Noise,Right
1706529077539,0.229848,-0.493856,-0.943304,-33.25,5.46,-12.25,Noise,Right
1706529077539,0.214232,-0.30744,-0.89792,-29.05,-11.9,-8.47,Noise,Right
1706529077539,0.220088,-0.213744,-0.870104,-35.0,-19.32,-27.86,Noise,Right
1706529077584,0.201544,-0.16592,-0.833504,-63.42,-15.61,-58.1,Noise,Right
1706529077584,0.244,-0.07808,-0.791048,-76.79,-4.55,-92.75,Noise,Right
1706529077584,0.304512,-0.5856,-0.784704,-90.09,11.55,-113.75,Noise,Right
1706529077629,0.258152,-0.88572,-0.833992,-85.61,15.33,-44.45,Noise,Right
1706529077630,0.271328,-0.6954,-0.835456,12.25,-1.68,56.56,Noise,Right
1706529077630,0.255224,-0.49776,-0.921832,112.14,-18.83,108.43,Noise,Right
1706529077678,0.240096,-0.415776,-0.88816,144.13,-21.21,102.48,Noise,Right
1706529077679,0.226432,-0.5368,-0.894504,138.67,-8.68,81.62,Noise,Right
1706529077679,0.225944,-0.504592,-0.906704,113.96,-6.09,72.87,Noise,Right
1706529077725,0.10248,-0.324032,-0.811544,81.9,-6.37,58.73,Noise,Right
1706529077725,0.149328,-0.301584,-0.908656,30.03,-16.94,24.01,Noise,Right
1706529077725,0.145424,-0.268888,-0.817888,-12.67,-30.73,-12.04,Noise,Right
1706529077772,0.13176,-0.17568,-0.772992,-7.42,-28.07,-40.39,Noise,Right
1706529077773,0.207888,-0.210816,-0.770064,-4.27,-17.22,-78.54,Noise,Right
1706529077819,0.259616,-0.574864,-0.783728,-52.43,-2.8,-106.33,Noise,Right
1706529077820,0.254736,-0.760792,-0.855464,-115.29,12.18,-86.38,Noise,Right
1706529077820,0.265472,-0.653432,-0.887672,-138.74,12.11,-18.06,Noise,Right
1706529077865,0.284504,-0.488488,-0.923784,-132.86,-1.89,9.8,Noise,Right
1706529077866,0.29036,-0.347944,-0.904752,-116.2,-21.84,23.17,Noise,Right
1706529077866,0.31232,-0.256688,-0.91012,-59.22,-48.51,6.72,Noise,Right
1706529077911,0.194224,-0.294264,-0.902312,-17.15,-67.06,-12.81,Noise,Right
1706529077911,0.138104,-0.32208,-0.847656,10.22,-71.82,-21.77,Noise,Right
1706529077911,0.115656,-0.443592,-0.786656,34.3,-67.9,-26.6,Noise,Right
1706529077957,0.079056,-0.518256,-0.758352,48.37,-45.99,-17.57,Noise,Right
1706529077957,0.061,-0.508984,-0.755912,45.57,-18.97,-3.78,Noise,Right
1706529078004,0.099552,-0.469944,-0.82228,37.03,10.5,0.28,Noise,Right
1706529078004,0.160552,-0.425536,-0.926224,12.11,32.55,-10.5,Noise,Right
1706529078004,0.162992,-0.30744,-1.074088,9.59,41.09,-28.28,Noise,Right
1706529078055,0.055144,-0.262544,-1.101904,88.83,-1.82,-21.91,Noise,Right
1706529078055,0.088328,-0.318664,-0.915488,163.38,-78.19,-4.48,Noise,Right
1706529078062,0.14396,-0.318664,-0.760792,203.35,-138.32,5.88,Noise,Right
1706529078097,0.032696,-0.333304,-0.618784,240.38,-154.49,3.36,Noise,Right
1706529078097,-0.01952,-0.506544,-0.442616,253.47,-130.27,-23.03,Noise,Right
1706529078098,0.075152,-0.771528,-0.601704,204.05,-55.09,-47.81,Noise,Right
1706529078143,-0.04392,-1.007232,-0.545584,125.23,18.97,-51.1,Noise,Right
1706529078144,0.063928,-1.0126,-0.922808,-51.73,81.48,-40.25,Noise,Right
1706529078194,0.154208,-0.912072,-1.108736,-28.35,90.02,-5.67,Noise,Right
1706529078196,0.216184,-0.784216,-1.045296,-4.69,7.0,41.02,Noise,Right
1706529078196,0.249856,-0.721752,-0.921344,-28.14,-84.77,65.59,Noise,Right
1706529078239,0.079544,-0.584136,-0.606584,45.29,-151.41,84.91,Noise,Right
1706529078239,0.128344,-0.504592,-0.416752,237.58,-163.24,106.54,Noise,Right
1706529078240,-0.168848,-0.643672,-0.364536,377.65,-124.32,103.46,Noise,Right
1706529078285,-0.188856,-0.898408,-0.27816,348.32,-60.83,67.34,Noise,Right
1706529078285,-0.22936,-1.29076,-0.17812,277.2,-9.38,27.58,Noise,Right
1706529078285,-0.123952,-1.398608,-0.312808,187.39,59.08,53.2,Noise,Right
1706529078337,-0.01464,-1.152168,-0.179096,317.03,68.81,140.63,Noise,Right
1706529078337,-0.0854,-1.281488,-0.31476,483.84,57.75,204.26,Noise,Right
1706529078456,-0.200568,-1.010648,-0.331352,408.87,55.23,243.25,Noise,Right
1706529078456,-0.156648,-0.696864,-0.207888,363.86,13.72,263.41,Noise,Right
1706529078457,-0.235216,-0.429928,-0.223504,375.69,-38.15,253.19,Noise,Right
1706529078458,-0.33428,-0.377712,-0.105408,386.61,-80.15,201.25,Noise,Right
1706529078458,-0.305,-0.791048,0.088328,370.44,-117.39,121.87,Noise,Right
1706529078458,-0.47824,-1.037488,0.327448,187.53,-126.7,73.78,Noise,Right
1706529078459,-0.562176,-1.004792,0.38064,118.37,-100.8,71.54,Noise,Right
1706529078505,-0.55144,-0.78568,0.459208,190.89,-38.5,105.77,Noise,Right
1706529078505,-0.389912,-0.508008,0.697352,423.85,2.45,121.52,Noise,Right
1706529078505,-0.585112,-0.92476,0.729072,533.33,-48.65,90.02,Noise,Right
1706529078506,-0.16104,-0.448472,0.184464,164.36,-101.85,38.5,Noise,Right
1706529078552,-0.34892,-0.254736,0.393816,2.73,-118.51,-24.57,Noise,Right
1706529078552,-0.230824,-0.025376,0.597312,-97.93,-121.45,-148.61,Noise,Right
1706529078629,-0.518744,-0.318664,1.030656,-102.06,-102.48,-226.66,Noise,Right
1706529078631,-0.489952,-0.350384,1.228784,-217.56,-38.78,-230.93,Noise,Right
1706529078639,0.035624,0.254248,1.403488,295.75,-29.33,-171.22,Noise,Right
1706529078647,-0.020984,0.031232,1.540128,1001.14,-128.1,-76.86,Noise,Right
1706529078647,-0.38796,-0.98332,1.306864,1028.79,-132.58,9.73,Noise,Right
1706529078647,-0.496296,-0.281576,1.069696,50.89,23.94,-29.33,Noise,Right
1706529078691,-0.716872,-0.172752,0.884256,108.08,63.21,23.24,Noise,Right
1706529078691,-0.2318,-0.228384,0.742248,-65.31,12.53,77.35,Noise,Right
1706529078692,-0.31964,-0.007808,0.855952,-192.85,-61.18,63.42,Noise,Right
1706529078737,-0.579744,0.018544,1.205848,-146.23,-76.3,61.6,Noise,Right
1706529078737,-0.512888,0.26108,1.221952,94.78,16.03,123.13,Noise,Right
1706529078784,-0.088328,-0.011712,1.09312,456.68,107.8,167.23,Noise,Right
1706529078784,0.142496,0.189832,0.855464,296.1,122.29,167.65,Noise,Right
1706529078784,-0.32208,0.262056,0.735904,245.91,63.91,115.5,Noise,Right
1706529078830,-0.33916,0.481656,0.807152,125.16,-13.44,16.17,Noise,Right
1706529078831,-0.338184,0.487024,0.960384,66.85,-43.19,-95.48,Noise,Right
1706529078831,-0.27816,0.274256,0.962824,22.96,-17.5,-146.23,Noise,Right
1706529078877,-0.237656,0.036112,0.78324,-82.18,0.07,-145.74,Noise,Right
1706529078878,-0.260592,-0.14884,0.914512,-172.27,-37.38,-82.53,Noise,Right
1706529078878,-0.16592,0.380152,0.647088,-121.17,-57.61,45.64,Noise,Right
1706529078925,-0.079544,0.479216,0.846192,-60.97,-130.9,-15.82,Noise,Right
1706529078925,-0.108824,0.376248,1.098,120.05,-172.9,-69.86,Noise,Right
1706529078971,-0.16836,0.401624,1.169736,296.66,-197.26,-82.18,Noise,Right
1706529078971,-0.349408,0.205936,1.228296,196.91,-131.46,-90.58,Noise,Right
1706529078972,-0.162504,0.139568,1.103856,72.17,-51.73,-53.97,Noise,Right
1706529079018,-0.114192,0.122,0.993568,13.93,-9.66,-0.49,Noise,Right
1706529079018,-0.251808,0.219112,1.019432,69.16,15.05,17.5,Noise,Right
1706529079018,0.050264,0.352336,0.845216,134.61,28.0,4.2,Noise,Right
1706529079065,-0.284992,0.54656,0.69784,301.35,7.35,-0.42,Noise,Right
1706529079066,-0.2806,0.679296,0.81984,456.47,-57.26,-21.07,Noise,Right
1706529079066,-0.1342,0.642208,0.843752,436.31,-144.41,-30.24,Noise,Right
1706529079115,-0.16104,1.132648,0.5978,558.32,-196.35,-10.43,Noise,Right
1706529079115,0.033672,0.871568,0.813984,104.72,-68.6,37.59,Noise,Right
1706529079219,-0.092232,0.803248,0.956968,-124.81,-21.7,49.91,Noise,Right
1706529079219,-0.074176,0.718824,0.72712,-266.07,-15.05,48.44,Noise,Right
1706529079220,-0.084912,0.586088,0.562664,-300.79,-30.17,54.32,Noise,Right
1706529079220,-0.122488,0.515328,0.559248,-307.44,-77.63,49.0,Noise,Right
1706529079220,-0.09516,0.623176,0.635376,-370.44,-147.56,55.02,Noise,Right
1706529079220,0.106872,0.634888,0.85156,-417.97,-222.25,23.38,Noise,Right
1706529079268,0.151768,0.588528,0.892552,-234.85,-247.59,-11.13,Noise,Right
1706529079268,0.435784,0.340624,1.071648,-117.6,-213.29,-7.21,Noise,Right
1706529079268,0.443104,0.050264,1.218048,-132.3,-114.45,13.37,Noise,Right
1706529079312,0.255712,0.081984,1.259528,-93.45,3.22,29.89,Noise,Right
1706529079312,0.271328,0.113216,1.011624,-60.9,69.51,44.38,Noise,Right
1706529079312,0.238632,0.078568,0.787144,-55.23,59.85,41.37,Noise,Right
1706529079363,0.266448,0.069296,0.672464,-57.89,2.73,47.95,Noise,Right
1706529079363,0.249368,0.151768,0.753472,-75.6,-65.31,51.66,Noise,Right
1706529079364,0.222528,0.338672,1.114104,-86.31,-110.88,43.96,Noise,Right
1706529079409,0.237168,0.374296,1.186816,-135.17,-95.13,-11.55,Noise,Right
1706529079409,0.277672,0.232776,1.105808,-138.04,-46.27,-63.21,Noise,Right
1706529079457,0.329888,0.010736,1.057984,-28.28,17.85,-74.06,Noise,Right
1706529079457,0.339648,-0.162016,1.061888,66.92,74.83,-39.06,Noise,Right
1706529079457,0.384056,-0.175192,0.914024,77.07,101.08,-12.74,Noise,Right
1706529079504,0.305,-0.244976,0.692472,50.33,79.52,28.56,Noise,Right
1706529079504,0.272304,-0.179584,0.490928,32.9,0.42,71.54,Noise,Right
1706529079504,0.262544,0.096624,0.615856,-5.74,-110.18,90.58,Noise,Right
1706529079550,0.260104,0.299632,0.9028,-73.36,-175.84,59.08,Noise,Right
1706529079550,0.24644,0.306952,1.119472,-121.24,-171.08,1.26,Noise,Right
1706529079550,0.35624,0.22204,1.433256,-120.82,-95.9,-47.39,Noise,Right
1706529079597,0.752496,-0.005368,1.126304,-33.6,1.19,-56.98,Noise,Right
1706529079598,0.394792,-0.0732,0.91744,-54.6,3.15,-65.8,Noise,Right
1706529079598,0.474824,-0.198616,0.915,-9.38,3.36,-31.64,Noise,Right
1706529079643,0.454328,-0.236192,0.85156,39.41,17.29,31.92,Noise,Right
1706529079643,0.454816,-0.089792,0.68564,87.64,15.12,78.75,Noise,Right
1706529079689,0.3904,-0.094184,0.404552,111.86,-37.45,101.15,Noise,Right
1706529079689,0.528992,0.079056,1.011136,224.42,-47.11,68.04,Noise,Right
1706529079689,0.388936,0.72224,1.528904,159.25,-6.16,35.35,Noise,Right
1706529079734,0.612928,0.177144,1.25172,67.27,-32.69,-45.5,Noise,Right
1706529079734,0.49776,0.127368,1.248304,-25.27,-52.64,-62.23,Noise,Right
1706529079734,0.399672,-0.061,1.10044,-93.38,-63.84,-53.34,Noise,Right
1706529079780,0.413336,-0.258152,0.946232,-135.59,-58.94,-24.36,Noise,Right
1706529079780,0.32696,-0.070272,0.684664,-154.84,-50.12,-9.94,Noise,Right
1706529079832,0.259616,-0.103456,0.523624,-99.54,-30.94,-2.38,Noise,Right
1706529079832,0.34892,-0.160552,0.460672,-7.63,-10.22,42.77,Noise,Right
1706529079833,0.421144,0.015128,0.652944,62.3,6.58,82.25,Noise,Right
1706529079877,0.515328,0.209352,0.687104,111.23,12.67,91.07,Noise,Right
1706529079877,0.584136,0.550952,1.201456,162.96,10.64,63.7,Noise,Right
1706529079877,0.816424,0.194712,1.456192,61.95,-21.63,9.73,Noise,Right
1706529079922,0.706624,0.0732,1.27124,4.83,-39.13,-1.89,Noise,Right
1706529079923,0.575352,-0.01708,1.131184,-66.15,-55.93,-25.9,Noise,Right
1706529079923,0.447984,-0.21228,0.901336,-148.96,-62.3,-35.63,Noise,Right
1706529079969,0.327448,-0.245952,0.662704,-184.31,-50.75,-17.15,Noise,Right
1706529079969,0.190808,-0.094184,0.496784,-204.89,-29.75,-12.74,Noise,Right
1706529080015,0.224968,-0.110776,0.350384,-178.92,-2.24,16.87,Noise,Right
1706529080015,0.315736,-0.08784,0.336232,-85.47,22.33,34.93,Noise,Right
1706529080016,0.591944,-0.005368,0.5368,0.35,35.84,69.44,Noise,Right
1706529080061,0.369416,0.330864,0.690032,76.86,21.14,84.42,Noise,Right
1706529080061,0.726144,0.19032,1.621136,203.28,16.52,49.77,Noise,Right
1706529080061,0.520696,-0.22936,1.650904,105.07,-16.17,37.87,Noise,Right
1706529080107,0.55388,-0.345504,1.210728,44.94,-42.21,9.03,Noise,Right
1706529080108,0.46604,-0.409432,0.93696,3.5,-50.12,-16.73,Noise,Right
1706529080108,0.115168,-0.302072,0.755424,-50.19,-41.79,-30.73,Noise,Right
1706529080155,0.172752,-0.235704,0.569008,-53.34,-21.77,-30.03,Noise,Right
1706529080156,0.240096,-0.12688,0.566568,-13.86,-0.63,-34.23,Noise,Right
1706529080200,0.330864,-0.084424,0.46116,-8.19,18.48,-34.37,Noise,Right
1706529080202,0.763232,0.116632,0.609512,19.88,33.67,-19.39,Noise,Right
1706529080202,0.659288,0.157136,0.898408,65.94,39.27,0.28,Noise,Right
1706529080248,0.767136,0.088816,0.959408,82.67,30.17,13.37,Noise,Right
1706529080248,0.54412,0.061,1.143384,83.02,19.74,17.99,Noise,Right
1706529080248,0.474824,0.02196,1.257088,24.85,13.16,18.69,Noise,Right
1706529080294,0.751032,-0.384544,1.029192,26.39,1.47,4.13,Noise,Right
1706529080294,0.526552,-0.11224,1.0126,56.63,-15.75,-39.06,Noise,Right
1706529080294,0.47824,-0.189832,0.887184,153.51,-18.97,-77.7,Noise,Right
1706529080341,0.399184,-0.193248,0.818376,212.45,-9.31,-67.55,Noise,Right
1706529080343,0.331352,-0.080032,0.903776,170.03,32.62,-22.26,Noise,Right
1706529080386,0.349896,0.193736,0.986736,121.66,143.92,13.3,Noise,Right
1706529080386,0.39528,0.37088,0.672464,120.82,200.9,-7.84,Noise,Right
1706529080387,0.445056,0.36844,0.506056,122.92,171.15,-35.91,Noise,Right
1706529080432,0.374784,0.301584,0.640256,82.6,92.68,-45.22,Noise,Right
1706529080432,0.318176,0.269376,0.737368,64.12,32.27,-36.82,Noise,Right
1706529080432,0.27572,0.343064,0.864736,113.26,12.11,-37.38,Noise,Right
1706529080482,0.270352,0.49044,1.01504,194.88,9.87,-70.77,Noise,Right
1706529080482,0.232288,0.582184,1.138016,303.87,27.93,-109.62,Noise,Right
1706529080526,0.309392,0.635376,1.127768,466.41,55.58,-140.28,Noise,Right
1706529080526,0.311832,0.558272,1.162904,562.87,97.86,-149.38,Noise,Right
1706529080527,0.210328,0.596824,1.078968,447.02,145.53,-140.91,Noise,Right
1706529080571,0.119072,0.6466,0.653432,235.06,174.3,-112.63,Noise,Right
1706529080572,-0.00976,0.681248,0.371368,85.12,168.84,-84.21,Noise,Right
1706529080573,-0.11956,0.792512,0.154208,17.5,130.48,-66.43,Noise,Right
1706529080620,-0.158112,0.915976,-0.004392,48.44,80.92,-67.48,Noise,Right
1706529080621,-0.25864,1.159976,-0.032208,222.95,50.47,-87.57,Noise,Right
1706529080621,-0.138104,1.222928,0.018544,383.39,28.77,-146.44,Noise,Right
1706529080666,-0.17568,1.151192,0.0122,484.61,3.78,-194.88,Noise,Right
1706529080667,-0.189344,0.992104,0.098088,528.78,-22.12,-205.52,Noise,Right
1706529080712,-0.23424,0.901824,0.153232,555.17,-44.87,-179.34,Noise,Right
1706529080712,-0.386008,0.867664,0.120048,340.34,-32.2,-134.82,Noise,Right
1706529080712,-0.459696,0.877424,-0.175192,61.67,3.71,-84.49,Noise,Right
1706529080758,-0.517768,0.928176,-0.528992,17.01,13.37,-61.88,Noise,Right
1706529080758,-0.605608,1.114592,-0.829112,-4.62,-14.42,-56.42,Noise,Right
1706529080758,-0.642696,1.345416,-0.907192,51.45,-78.54,-84.49,Noise,Right
1706529080806,-0.61244,1.26148,-0.726144,130.83,-139.79,-140.07,Noise,Right
1706529080806,-0.439688,1.094096,-0.435784,330.68,-163.87,-168.21,Noise,Right
1706529080807,-0.586088,0.983808,-0.098576,373.03,-145.18,-182.35,Noise,Right
1706529080868,-0.59048,0.782752,0.14152,311.92,-113.68,-175.63,Noise,Right
1706529080884,-0.667096,0.571936,0.118584,75.67,-73.36,-157.78,Noise,Right
1706529080905,-0.637816,0.543144,-0.04636,13.3,-31.22,-122.99,Noise,Right
1706529080905,-0.60756,0.610488,-0.211304,-56.28,-18.41,-77.21,Noise,Right
1706529080905,-0.643672,0.692472,-0.3294,-114.1,-35.21,-32.2,Noise,Right
1706529081024,-0.678808,0.769576,-0.384544,-149.94,-80.01,-6.79,Noise,Right
1706529081024,-0.694912,0.777872,-0.28548,-138.46,-123.48,-6.02,Noise,Right
1706529081025,-0.693448,0.729072,-0.084912,-92.26,-140.49,-17.71,Noise,Right
1706529081025,-0.662216,0.635864,0.088328,-61.39,-122.15,-27.65,Noise,Right
1706529081026,-0.625616,0.551928,0.173728,-41.09,-87.08,-28.14,Noise,Right
1706529081026,-0.626104,0.50264,0.130784,-37.52,-37.24,-19.11,Noise,Right
1706529081026,-0.659776,0.530944,0.015616,-56.84,-40.25,3.5,Noise,Right
1706529081071,-0.63196,0.593896,-0.1098,-76.65,-58.31,34.86,Noise,Right
1706529081071,-0.807152,0.743224,-0.101504,-112.0,-88.69,63.07,Noise,Right
1706529081071,-0.886696,0.85644,-0.05124,-164.01,-111.02,60.83,Noise,Right
1706529081118,-0.789584,0.87596,0.104432,-113.33,-104.23,29.61,Noise,Right
1706529081118,-0.77592,0.87352,0.272304,-21.98,-57.4,-24.15,Noise,Right
1706529081118,-0.747616,0.824232,0.28792,25.48,-14.77,-75.39,Noise,Right
1706529081165,-0.677344,0.671,0.282552,26.95,5.53,-98.21,Noise,Right
1706529081165,-0.688568,0.4758,0.220088,-7.84,16.66,-92.89,Noise,Right
1706529081166,-0.67344,0.410896,0.063928,-27.86,12.04,-53.41,Noise,Right
1706529081214,-0.659776,0.451888,-0.041968,-34.58,-33.04,-4.41,Noise,Right
1706529081214,-0.68808,0.51728,-0.044408,-56.21,-90.37,33.39,Noise,Right
1706529081215,-0.711016,0.576328,0.09272,-57.12,-129.5,50.54,Noise,Right
1706529081264,-0.752984,0.687104,0.386984,-45.36,-136.57,40.25,Noise,Right
1706529081264,-0.755912,0.626104,0.780312,-5.95,-75.46,-1.05,Noise,Right
1706529081308,-0.709064,0.60268,0.609512,-37.52,23.94,-45.15,Noise,Right
1706529081310,-0.693936,0.602192,0.3782,9.17,75.67,-76.3,Noise,Right
1706529081310,-0.673928,0.3538,0.214232,27.16,88.55,-88.06,Noise,Right
1706529081356,-0.691008,0.175192,-0.083936,-24.01,56.49,-26.32,Noise,Right
1706529081357,-0.769576,0.400648,-0.133712,-34.51,12.32,39.9,Noise,Right
1706529081357,-0.782752,0.643672,-0.067344,-37.1,-25.62,43.61,Noise,Right
1706529081405,-0.749568,0.776896,0.129808,-26.39,-59.64,25.9,Noise,Right
1706529081405,-0.730048,0.743224,0.348432,-33.74,-64.82,1.12,Noise,Right
1706529081406,-0.659776,0.616344,0.601216,-28.35,-49.21,-8.61,Noise,Right
1706529081459,-0.64904,0.586088,0.715408,-36.33,-21.63,-9.73,Noise,Right
1706529081478,-0.66124,0.589992,0.634888,-39.83,-1.89,-15.61,Noise,Right
1706529081479,-0.747128,0.577304,0.418216,-24.22,20.23,-25.9,Noise,Right
1706529081498,-0.827648,0.501176,0.240584,4.62,30.52,-28.77,Noise,Right
1706529081499,-0.885232,0.479216,0.04148,15.12,34.72,-21.91,Noise,Right
1706529081546,-0.919392,0.541192,-0.14884,26.53,32.34,-11.69,Noise,Right
1706529081546,-0.94184,0.597312,-0.17812,34.51,14.21,-8.47,Noise,Right
1706529081547,-0.901336,0.599752,-0.09028,30.1,-29.12,-11.9,Noise,Right
1706529081592,-0.811544,0.553392,0.211792,23.87,-56.35,-3.64,Noise,Right
1706529081592,-0.670024,0.474824,0.652456,-5.53,-37.24,15.96,Noise,Right
1706529081593,-0.565592,0.594872,0.644648,-25.06,-7.0,21.14,Noise,Right
1706529081639,-0.550464,0.646112,0.561688,-17.64,-9.94,4.48,Noise,Right
1706529081639,-0.620736,0.578768,0.547048,-49.28,-17.99,-5.53,Noise,Right
1706529081641,-0.775432,0.528016,0.413336,-71.12,-18.62,-7.14,Noise,Right
1706529081686,-0.873032,0.503128,0.307928,-65.8,-12.53,-6.44,Noise,Right
1706529081686,-0.903288,0.469944,0.259616,-70.28,0.91,0.49,Noise,Right
1706529081732,-0.875472,0.435784,0.169824,-76.44,14.21,10.99,Noise,Right
1706529081732,-0.790072,0.459208,0.057584,-62.86,24.22,31.43,Noise,Right
1706529081734,-0.741272,0.51484,0.0366,-29.47,9.73,44.87,Noise,Right
1706529081780,-0.711992,0.538264,0.10492,5.04,-28.7,41.37,Noise,Right
1706529081780,-0.662216,0.503128,0.276696,3.43,-62.79,46.13,Noise,Right
1706529081780,-0.581208,0.481656,0.516304,3.36,-84.28,60.76,Noise,Right
1706529081827,-0.564128,0.44408,0.813984,-2.87,-59.64,74.83,Noise,Right
1706529081827,-0.598776,0.479704,0.867664,-61.6,-11.06,78.89,Noise,Right
1706529081827,-0.550952,0.513376,0.742736,5.46,58.66,56.35,Noise,Right
1706529081872,-0.586576,0.5368,0.663192,35.49,115.29,41.86,Noise,Right
1706529081872,-0.564128,0.48068,0.485072,54.25,152.46,44.8,Noise,Right
1706529081924,-0.546072,0.565592,0.230824,55.3,173.46,70.56,Noise,Right
1706529081924,-0.57828,0.742248,-0.012688,43.54,151.13,88.13,Noise,Right
1706529081924,-0.643672,0.848632,-0.108336,11.97,70.77,79.52,Noise,Right
1706529082047,-0.661728,0.794952,-0.00732,-51.1,-7.98,57.4,Noise,Right
1706529082047,-0.597312,0.67344,0.1952,-104.65,-69.58,42.84,Noise,Right
1706529082048,-0.516792,0.549488,0.474336,-163.1,-108.22,45.92,Noise,Right
1706529082048,-0.506544,0.509472,0.720288,-193.2,-115.22,79.87,Noise,Right
1706529082048,-0.516792,0.495808,0.636352,-96.46,-61.32,108.57,Noise,Right
1706529082048,-0.489952,0.585112,0.630008,-26.18,42.14,125.65,Noise,Right
1706529082048,-0.552904,0.740784,0.438224,20.58,100.87,149.31,Noise,Right
1706529082091,-0.5124,1.023824,0.145912,62.09,124.04,167.3,Noise,Right
1706529082092,-0.528504,1.238056,0.054168,78.47,96.18,139.93,Noise,Right
1706529082092,-0.520696,1.328336,0.11712,15.12,9.59,97.65,Noise,Right
1706529082138,-0.499224,1.128744,0.152744,-77.84,-62.3,54.39,Noise,Right
1706529082139,-0.497272,0.874008,0.331352,-161.07,-118.72,42.49,Noise,Right
1706529082139,-0.327936,0.671976,0.552904,-240.38,-148.89,58.94,Noise,Right
1706529082187,-0.33428,0.563152,0.696376,-309.61,-147.42,103.81,Noise,Right
1706529082187,-0.325496,0.61976,0.831552,-319.76,-129.08,158.48,Noise,Right
1706529082187,-0.235704,0.604144,0.747128,-177.94,-81.41,185.01,Noise,Right
1706529082231,-0.19276,0.963312,0.666608,-34.51,-1.12,175.7,Noise,Right
1706529082231,-0.172752,1.1712,0.571448,69.44,49.84,132.09,Noise,Right
1706529082277,-0.20984,1.1956,0.486048,122.36,49.14,45.01,Noise,Right
1706529082277,-0.244,1.068232,0.459696,137.69,22.82,-48.58,Noise,Right
1706529082278,-0.185928,0.841312,0.553392,126.28,-6.65,-82.32,Noise,Right
1706529082329,-0.14152,0.65392,0.7198,67.48,-24.99,-69.58,Noise,Right
1706529082329,-0.13664,0.606584,0.782264,-38.64,-29.33,-12.46,Noise,Right
1706529082330,-0.162016,0.607072,0.74664,-136.64,-17.99,51.24,Noise,Right
1706529082451,-0.219112,0.638792,0.704672,-212.59,-14.14,96.95,Noise,Right
1706529082452,-0.214232,0.628056,0.714432,-253.68,-23.8,118.58,Noise,Right
1706529082452,-0.169336,0.639768,0.649528,-215.32,-36.82,130.48,Noise,Right
1706529082453,-0.174216,0.774456,0.66124,-133.98,-44.38,117.53,Noise,Right
1706529082454,-0.145424,0.82228,0.684664,-43.26,-31.01,69.51,Noise,Right
1706529082454,-0.152744,0.727608,0.738832,14.91,-16.59,3.99,Noise,Right
1706529082454,-0.114192,0.620248,0.894504,-1.96,-23.94,-33.81,Noise,Right
1706529082509,-0.03172,0.530944,1.024312,-125.23,-32.62,-35.98,Noise,Right
1706529082509,-0.03904,0.364048,1.013088,-312.13,-29.89,4.76,Noise,Right
1706529082510,-0.018056,0.36844,0.975512,-418.18,-29.26,48.3,Noise,Right
1706529082510,-0.035136,0.291336,0.959896,-355.74,-45.71,77.77,Noise,Right
1706529082574,-0.044896,0.26596,1.039928,-258.3,-58.59,85.89,Noise,Right
1706529082574,-0.08296,0.382592,0.940376,-63.28,-43.47,70.63,Noise,Right
1706529082589,-0.077592,0.415776,0.94916,103.74,6.93,47.32,Noise,Right
1706529082603,0.103944,0.377224,0.862784,212.8,31.71,5.25,Noise,Right
1706529082604,-0.023424,0.26108,0.753472,262.22,24.08,-24.85,Noise,Right
1706529082648,-0.002928,0.248392,0.769088,247.66,-11.76,-20.51,Noise,Right
1706529082649,0.078568,0.362584,1.059936,139.93,-77.35,14.7,Noise,Right
1706529082649,0.241072,0.466528,1.2444,-108.71,-117.74,57.54,Noise,Right
1706529082697,0.177144,0.465552,1.130696,-264.6,-98.49,85.4,Noise,Right
1706529082698,0.148352,0.479704,1.042368,-247.87,-62.51,79.8,Noise,Right
1706529082698,0.088328,0.434808,0.981856,-166.39,-42.84,43.82,Noise,Right
1706529082745,0.10004,0.375272,0.759328,-84.98,-30.8,7.35,Noise,Right
1706529082745,0.096136,0.330864,0.840824,20.72,-25.48,-20.51,Noise,Right
1706529082745,0.140056,0.279624,0.872056,105.49,-33.46,-34.44,Noise,Right
1706529082789,0.143472,0.189832,0.909632,127.75,-49.91,-39.34,Noise,Right
1706529082789,0.255712,0.135664,1.01992,96.18,-72.24,-28.98,Noise,Right
1706529082839,0.274256,0.173728,1.182424,-42.84,-83.86,1.89,Noise,Right
1706529082839,0.25376,0.210816,1.137528,-128.73,-49.63,32.9,Noise,Right
1706529082840,0.246928,0.271816,1.022848,-142.87,-8.61,45.85,Noise,Right
1706529082882,0.196664,0.277184,0.87596,-115.99,13.93,35.63,Noise,Right
1706529082882,0.152744,0.266936,0.770552,-71.96,16.45,12.18,Noise,Right
1706529082882,0.120048,0.240584,0.750056,-44.1,7.0,-14.7,Noise,Right
1706529082929,0.186416,0.259616,0.747128,-32.48,-16.94,-31.71,Noise,Right
1706529082929,0.284992,0.25376,0.747616,-21.63,-45.78,-46.97,Noise,Right
1706529082929,0.259616,0.224968,0.82228,-5.53,-75.81,-56.77,Noise,Right
1706529082977,0.388448,0.119072,0.880352,14.91,-99.4,-58.66,Noise,Right
1706529082978,0.391376,-0.013664,1.042856,36.4,-109.2,-38.57,Noise,Right
1706529083024,0.41236,-0.088328,1.667008,-15.75,32.55,-14.07,Noise,Right
1706529083024,0.418704,-0.006344,1.021384,0.21,22.47,27.23,Noise,Right
1706529083025,0.2684,-0.00976,0.938424,-89.04,16.03,43.68,Noise,Right
1706529083071,0.237168,0.032208,0.903776,-111.86,13.86,61.25,Noise,Right
1706529083071,0.208864,0.055144,0.812032,-128.8,-7.77,63.28,Noise,Right
1706529083071,0.142496,0.097112,0.835944,-98.28,-24.99,39.06,Noise,Right
1706529083119,0.202032,0.116632,1.013088,-53.06,5.11,5.46,Noise,Right
1706529083119,0.288408,0.055144,0.97112,17.71,5.53,-21.21,Noise,Right
1706529083120,0.323056,-0.0366,1.080432,20.09,9.1,-17.29,Noise,Right
1706529083166,0.37332,0.06588,1.053592,32.34,1.75,-32.9,Noise,Right
1706529083168,0.39528,0.050752,1.108248,58.87,-6.86,-45.01,Noise,Right
1706529083215,0.36356,-0.01464,1.099952,85.26,-14.49,-28.77,Noise,Right
1706529083216,0.2684,-0.02196,1.059448,69.16,-15.47,4.06,Noise,Right
1706529083216,0.249368,0.059536,0.939888,51.52,-14.21,12.53,Noise,Right
1706529083261,0.19276,0.105896,0.909144,-11.9,-17.36,15.89,Noise,Right
1706529083263,0.212768,0.112728,0.874496,-33.11,-9.66,20.93,Noise,Right
1706529083263,0.222528,0.153232,0.991128,-37.66,-5.88,13.72,Noise,Right
1706529083311,0.240096,0.106872,0.915,-34.16,-4.13,-10.64,Noise,Right
1706529083311,0.350384,0.068808,1.034072,-34.51,-1.61,-19.04,Noise,Right
1706529083311,0.321104,0.053192,0.974536,-8.33,-2.31,-45.71,Noise,Right
1706529083368,0.406504,-0.032696,1.042856,4.62,-7.28,-60.27,Noise,Right
1706529083369,0.398208,-0.110288,1.031144,37.17,-8.82,-37.73,Noise,Right
1706529083369,0.321104,-0.110288,1.015528,41.65,-6.16,11.2,Noise,Right
1706529083416,0.318176,-0.08296,0.874496,68.32,-4.27,44.66,Noise,Right
1706529083417,0.280112,0.042944,0.90524,56.42,-3.99,83.86,Noise,Right
1706529083417,0.244,0.285968,0.996496,26.6,-2.52,91.35,Noise,Right
1706529083462,0.25864,0.460672,1.053104,-22.19,-6.93,49.91,Noise,Right
1706529083463,0.232776,0.267424,0.941352,-69.93,-6.51,-9.73,Noise,Right
1706529083464,0.299144,0.230336,0.922808,-71.75,-11.76,-64.96,Noise,Right
1706529083508,0.269376,0.060024,0.921832,-58.87,-9.8,-95.9,Noise,Right
1706529083509,0.369904,-0.123464,1.015528,-44.73,-13.93,-98.28,Noise,Right
1706529083509,0.350872,-0.232776,1.088728,-61.95,-16.87,-66.85,Noise,Right
1706529083557,0.419192,-0.277672,0.962336,-78.82,-13.72,-14.42,Noise,Right
1706529083557,0.311832,-0.307928,0.935008,-21.42,2.1,31.57,Noise,Right
1706529083600,0.300608,-0.221064,0.871568,69.16,14.7,62.44,Noise,Right
1706529083600,0.30256,-0.013664,0.883768,115.22,9.17,82.25,Noise,Right
1706529083601,0.276696,0.306952,0.975024,94.36,-4.9,57.68,Noise,Right
1706529083649,0.198616,0.391376,1.014552,46.83,-17.64,10.5,Noise,Right
1706529083649,0.258152,0.3416,1.004792,4.2,-14.49,-61.81,Noise,Right
1706529083649,0.277672,0.195688,0.976,-26.11,-0.42,-107.66,Noise,Right
1706529083696,0.351848,-0.06832,1.023824,-1.05,8.68,-103.6,Noise,Right
1706529083696,0.36112,-0.208864,1.055056,-43.4,15.96,-67.76,Noise,Right
1706529083697,0.332816,-0.2562,1.031632,-76.16,29.89,-5.95,Noise,Right
1706529083745,0.281576,-0.26596,0.941352,-81.41,37.66,31.92,Noise,Right
1706529083755,0.240584,-0.230824,0.835456,-44.87,28.0,58.45,Noise,Right
1706529083787,0.237656,-0.193248,0.782264,8.05,-0.98,81.06,Noise,Right
1706529083787,0.277672,-0.006832,0.782752,27.58,-37.45,96.6,Noise,Right
1706529083787,0.30988,0.289384,0.948184,11.69,-67.2,83.23,Noise,Right
1706529083834,0.256688,0.404064,1.06628,-11.41,-61.67,12.74,Noise,Right
1706529083834,0.344528,0.291824,1.142408,40.25,-21.7,-73.29,Noise,Right
1706529083836,0.394792,0.025864,1.162904,112.91,27.44,-117.6,Noise,Right
1706529083882,0.237168,-0.519232,0.613904,0.7,-9.45,-45.85,Noise,Right
1706529083882,0.223992,-0.23912,0.82228,20.02,-31.92,36.82,Noise,Right
1706529083882,0.249368,-0.010736,1.055544,40.67,14.07,32.27,Noise,Right
1706529083928,0.30012,-0.019032,0.96868,50.68,65.38,30.52,Noise,Right
1706529083929,0.245464,0.13908,0.91012,53.13,82.74,26.67,Noise,Right
1706529083977,0.267424,0.347944,0.96624,78.61,60.97,6.44,Noise,Right
1706529083977,0.288408,0.190808,1.04676,41.72,15.05,-4.9,Noise,Right
1706529083977,0.296704,0.234728,1.057496,-22.75,-29.54,-18.2,Noise,Right
1706529084022,0.3294,0.218624,1.081408,-25.48,-56.28,-54.95,Noise,Right
1706529084022,0.334768,-0.205936,1.535736,17.71,14.84,-56.35,Noise,Right
1706529084022,0.13664,0.667096,1.560624,263.76,116.9,-124.53,Noise,Right
1706529084070,0.333792,0.110288,1.340536,312.83,179.55,-166.81,Noise,Right
1706529084072,0.200568,-0.192272,1.009184,299.25,193.06,-84.98,Noise,Right
1706529084072,-0.018056,-0.070272,0.762256,137.13,116.55,1.47,Noise,Right
1706529084116,-0.010248,0.061,0.674416,47.11,46.27,66.71,Noise,Right
1706529084116,-0.010736,0.115656,0.694424,30.94,8.96,93.59,Noise,Right
1706529084163,0.087352,0.08784,0.703696,34.65,-2.8,109.55,Noise,Right
1706529084164,0.16348,0.390888,0.751032,17.43,-25.41,122.5,Noise,Right
1706529084164,0.193736,0.671488,0.914512,-50.75,-48.79,83.16,Noise,Right
1706529084210,0.229848,0.692472,1.075064,-116.34,-49.35,19.25,Noise,Right
1706529084211,0.296704,0.486536,1.101416,-168.91,-30.17,-28.56,Noise,Right
1706529084211,0.279624,0.317688,1.044808,-176.19,-8.96,-33.95,Noise,Right
1706529084257,0.239608,0.26596,0.982832,-158.06,-4.69,-12.95,Noise,Right
1706529084257,0.192272,0.279624,0.92476,-132.72,-7.56,6.02,Noise,Right
1706529084257,0.124928,0.304512,0.847656,-47.32,10.43,9.45,Noise,Right
1706529084307,0.066368,0.300608,0.80764,82.32,37.73,6.09,Noise,Right
1706529084313,0.005856,0.31476,0.73444,160.93,52.92,-1.61,Noise,Right
1706529084351,-0.03172,0.418704,0.716872,200.06,46.34,-11.76,Noise,Right
1706529084351,-0.025376,0.551928,0.725656,208.25,24.71,-31.15,Noise,Right
1706529084351,-0.045384,0.503128,0.811056,182.56,-15.75,-55.23,Noise,Right
1706529084395,-0.131272,0.380152,0.788608,114.38,-49.14,-57.12,Noise,Right
1706529084396,0.067344,0.311344,0.955992,53.41,-80.29,-42.14,Noise,Right
1706529084396,-0.007808,0.258152,1.123376,-25.69,-95.48,-7.56,Noise,Right
1706529084442,0.09272,0.26596,1.19804,-105.84,-67.27,35.63,Noise,Right
1706529084442,0.010248,0.278648,1.016504,-125.23,-14.49,51.8,Noise,Right
1706529084491,0.04148,0.332328,0.977464,-123.06,22.75,55.86,Noise,Right
1706529084491,0.003904,0.35624,0.88328,-88.62,13.3,44.17,Noise,Right
1706529084491,0.04636,0.317688,0.87596,-55.16,-9.17,26.11,Noise,Right
1706529084536,0.01708,0.4026,0.903288,-22.75,-28.35,13.16,Noise,Right
1706529084536,0.088328,0.44652,0.999424,-18.9,-42.49,-4.13,Noise,Right
1706529084536,0.105896,0.461648,1.043832,-20.23,-40.11,-32.69,Noise,Right
1706529084586,0.14396,0.355752,1.059448,32.41,-24.29,-60.76,Noise,Right
1706529084587,0.169336,0.228384,1.131672,92.05,-15.05,-78.54,Noise,Right
1706529084588,0.126392,0.162504,1.14924,94.36,-15.47,-65.59,Noise,Right
1706529084718,0.081496,0.141032,1.148264,72.52,-11.48,-31.5,Noise,Right
1706529084718,0.115656,0.211304,1.084336,46.97,-9.8,1.33,Noise,Right
1706529084719,0.151768,0.321104,1.022848,9.59,-18.2,25.69,Noise,Right
1706529084719,0.133224,0.319152,0.967704,-34.93,-28.07,30.45,Noise,Right
1706529084719,0.191296,0.29768,0.916464,-71.05,-41.93,27.37,Noise,Right
1706529084719,0.233752,0.38552,0.947696,-93.45,-55.16,22.26,Noise,Right
1706529084719,0.257664,0.376248,1.017968,-111.37,-63.98,-2.03,Noise,Right
1706529084769,0.242048,0.293776,1.016504,-119.14,-57.05,-31.36,Noise,Right
1706529084769,0.269864,0.231312,0.956968,-99.54,-38.22,-46.83,Noise,Right
1706529084769,0.330864,0.165432,0.909632,-34.72,-16.31,-43.61,Noise,Right
1706529084818,0.27816,0.15128,0.904264,31.64,3.85,-19.6,Noise,Right
1706529084819,0.268888,0.17324,0.882304,69.51,9.31,-6.09,Noise,Right
1706529084820,0.267424,0.218624,0.83692,76.44,-11.55,1.05,Noise,Right
1706529084881,0.2928,0.284992,0.84912,50.96,-45.15,6.93,Noise,Right
1706529084889,0.325008,0.327448,0.913536,14.42,-73.78,5.18,Noise,Right
1706529084893,0.325984,0.288896,1.003328,-18.9,-81.48,-12.74,Noise,Right
1706529084954,0.374784,0.229848,1.128256,-46.83,-65.66,-28.56,Noise,Right
1706529084955,0.376248,0.132248,1.148264,-54.46,-13.44,-25.06,Noise,Right
1706529084955,0.3904,0.125416,1.01748,-54.25,32.06,-15.75,Noise,Right
1706529084955,0.364048,0.098088,0.83936,-61.53,46.62,-5.95,Noise,Right
1706529084955,0.304512,0.08784,0.677344,-66.15,30.24,9.1,Noise,Right
1706529085002,0.312808,0.1464,0.548024,-56.28,-20.3,36.05,Noise,Right
1706529085002,0.304024,0.194224,0.543144,-22.82,-101.85,48.86,Noise,Right
1706529085002,0.350384,0.274256,0.72224,6.02,-153.93,40.25,Noise,Right
1706529085054,0.412848,0.320616,0.89304,6.3,-166.95,21.42,Noise,Right
1706529085055,0.335744,0.18056,1.576728,92.89,2.66,-17.92,Noise,Right
1706529085055,0.615856,0.038064,1.15168,29.19,-10.71,-29.82,Noise,Right
1706529085164,0.472384,-0.021472,0.92232,16.59,-21.7,-17.92,Noise,Right
1706529085164,0.453352,0.103944,1.00284,3.99,-21.84,-5.04,Noise,Right
1706529085165,0.428464,0.064904,0.909144,-15.33,-12.46,21.28,Noise,Right
1706529085165,0.365024,0.096624,0.761768,-38.85,-3.22,51.94,Noise,Right
1706529085166,0.371856,0.19764,0.640744,-31.85,-12.67,57.47,Noise,Right
1706529085166,0.34404,0.350872,0.781776,37.45,-1.82,25.27,Noise,Right
1706529085167,0.515328,0.366976,1.0492,78.89,-14.0,-13.09,Noise,Right
1706529085217,0.582672,0.21716,1.17852,44.45,-20.86,-19.18,Noise,Right
1706529085217,0.556808,0.182024,1.12972,-33.25,-37.17,-28.91,Noise,Right
1706529085218,0.550464,0.066368,1.001864,-65.1,-44.66,-22.75,Noise,Right
1706529085266,0.460672,0.057096,0.838872,-61.67,-43.19,-8.12,Noise,Right
1706529085267,0.405528,0.120536,0.764696,-52.78,-36.05,1.4,Noise,Right
1706529085268,0.296216,0.034648,0.738832,-27.44,-24.57,14.07,Noise,Right
1706529085312,0.299144,0.040992,0.602192,-15.4,-6.3,38.08,Noise,Right
1706529085314,0.275232,0.275232,0.557784,23.8,0.07,31.92,Noise,Right
1706529085364,0.490928,0.344528,0.764696,55.44,1.68,18.55,Noise,Right
1706529085364,0.696376,0.239608,0.996984,51.24,-5.39,16.03,Noise,Right
1706529085364,0.737856,0.183,1.311256,21.84,-6.72,18.69,Noise,Right
1706529085469,0.642208,-0.008784,1.25904,-50.26,-21.21,12.39,Noise,Right
1706529085470,0.581208,0.007808,1.0614,-112.0,-41.37,-9.17,Noise,Right
1706529085470,0.457256,-0.148352,0.718336,-78.26,-40.18,-12.04,Noise,Right
1706529085470,0.289872,0.046848,0.526064,-28.0,-31.64,-5.88,Noise,Right
1706529085470,0.306464,0.042456,0.495808,47.39,-13.02,-1.12,Noise,Right
1706529085471,0.299144,0.235216,0.525576,81.06,1.75,24.57,Noise,Right
1706529085567,0.638792,0.415776,0.831552,148.26,-6.37,27.93,Noise,Right
1706529085567,0.89792,0.452864,0.996008,224.63,17.71,26.6,Noise,Right
1706529085568,0.71248,0.43432,1.516216,183.89,1.19,30.31,Noise,Right
1706529085568,0.564616,0.381128,1.249768,-15.19,-23.17,40.04,Noise,Right
1706529085568,0.57096,0.055632,1.026264,-68.6,-34.02,36.19,Noise,Right
1706529085568,0.157624,-0.017568,0.8418,-105.98,-37.03,20.16,Noise,Right
1706529085620,0.427,-0.113216,0.650016,-95.62,-28.63,7.77,Noise,Right
1706529085620,0.46116,-0.055632,0.592432,-56.91,-17.5,-3.78,Noise,Right
1706529085622,0.295728,0.025864,0.481168,8.75,-10.85,-14.35,Noise,Right
1706529085622,0.576328,0.053192,0.653432,90.16,-2.38,-13.72,Noise,Right
1706529085669,0.562176,0.189344,0.791536,137.06,1.54,-14.0,Noise,Right
1706529085669,0.589016,0.269864,0.87596,128.87,5.18,-12.46,Noise,Right
1706529085715,0.601704,0.358192,0.999912,132.44,1.05,-9.17,Noise,Right
1706529085716,0.589992,0.408456,1.184376,137.34,-9.31,-4.34,Noise,Right
1706529085716,0.666608,0.23912,1.049688,41.44,-15.05,-5.6,Noise,Right
1706529085771,0.529968,0.184952,0.977952,-21.0,-21.91,-15.26,Noise,Right
1706529085772,0.526552,0.081984,0.823256,-34.37,-22.12,-37.31,Noise,Right
1706529085772,0.404064,0.135664,0.738832,-39.2,-21.91,-58.31,Noise,Right
1706529085824,0.409432,0.15372,0.472384,-53.48,-11.27,-65.8,Noise,Right
1706529085825,0.572424,0.31476,0.384544,24.08,72.17,-65.1,Noise,Right
1706529085825,0.685152,0.340136,0.345504,162.68,136.5,-51.8,Noise,Right
1706529085826,0.576816,0.440664,0.41968,179.34,99.82,-49.91,Noise,Right
1706529085870,0.61244,0.4392,0.55632,139.79,37.45,-48.16,Noise,Right
1706529085870,0.574376,0.50752,0.758352,134.19,4.76,-46.97,Noise,Right
1706529085918,0.535824,0.582672,0.972096,165.76,-3.64,-61.88,Noise,Right
1706529085918,0.538264,0.600728,1.07848,229.18,3.29,-94.01,Noise,Right
1706529085918,0.494832,0.66856,1.11752,273.77,33.6,-129.22,Noise,Right
1706529085963,0.447496,0.751032,1.214632,390.74,65.73,-152.67,Noise,Right
1706529085988,0.4758,0.785192,0.871568,434.35,96.6,-171.78,Noise,Right
1706529086007,0.327448,0.759328,0.496784,266.42,150.85,-149.52,Noise,Right
1706529086014,0.24156,0.716872,0.306952,187.25,192.43,-121.31,Noise,Right
1706529086014,0.069784,0.793488,0.198128,151.2,165.62,-93.38,Noise,Right
1706529086058,0.01952,0.970632,0.025376,120.47,90.93,-69.09,Noise,Right
1706529086058,-0.042944,1.167784,0.01464,141.82,15.61,-86.03,Noise,Right
1706529086059,0.009272,1.20292,0.106872,186.34,-20.72,-125.37,Noise,Right
1706529086103,0.030744,1.120936,0.139568,268.17,-28.49,-180.6,Noise,Right
1706529086105,0.000488,1.051152,0.194224,309.26,-20.93,-210.07,Noise,Right
1706529086105,-0.099064,0.947696,0.309392,278.53,-9.03,-209.3,Noise,Right
1706529086151,-0.198128,0.893528,0.203496,131.32,20.72,-183.47,Noise,Right
1706529086152,-0.271816,0.869616,0.033184,51.24,57.26,-130.27,Noise,Right
1706529086152,-0.305976,0.90036,-0.313296,12.53,72.1,-87.29,Noise,Right
1706529086197,-0.347944,1.062864,-0.531432,1.33,38.64,-67.27,Noise,Right
1706529086198,-0.467992,1.201944,-0.55144,56.35,-35.56,-75.32,Noise,Right
1706529086244,-0.394304,1.177544,-0.400648,122.99,-101.29,-122.78,Noise,Right
1706529086245,-0.43676,1.05652,-0.157624,150.57,-120.26,-193.76,Noise,Right
1706529086245,-0.466528,0.918904,0.088328,177.73,-89.18,-203.98,Noise,Right
1706529086290,-0.555832,0.776408,0.191784,159.32,-30.59,-192.15,Noise,Right
1706529086290,-0.582672,0.732488,0.032208,98.35,13.86,-168.49,Noise,Right
1706529086291,-0.639768,0.78812,-0.206912,26.67,27.44,-134.4,Noise,Right
1706529086339,-0.6954,0.911096,-0.4758,-44.45,3.01,-107.24,Noise,Right
1706529086340,-0.728096,0.97112,-0.515816,-90.23,-47.6,-97.16,Noise,Right
1706529086340,-0.717848,0.945744,-0.366,-126.21,-104.02,-96.39,Noise,Right
1706529086388,-0.746152,0.83448,-0.158112,-121.24,-129.08,-95.69,Noise,Right
1706529086389,-0.743224,0.76372,0.114192,-79.59,-128.45,-93.73,Noise,Right
1706529086389,-0.729072,0.705648,0.307928,-50.89,-107.59,-93.59,Noise,Right
1706529086489,-0.647576,0.621224,0.357704,-28.77,-73.29,-95.48,Noise,Right
1706529086490,-0.650992,0.523624,0.301584,0.84,-29.54,-84.28,Noise,Right
1706529086490,-0.670512,0.528016,0.145424,11.13,-8.05,-57.33,Noise,Right
1706529086490,-0.694424,0.554368,-0.028792,38.29,-18.2,-26.53,Noise,Right
1706529086491,-0.696864,0.61244,-0.097112,55.16,-57.4,1.68,Noise,Right
1706529086491,-0.676368,0.650992,-0.020984,22.82,-108.15,33.25,Noise,Right
1706529086540,-0.720776,0.724192,0.147376,-43.75,-143.92,44.8,Noise,Right
1706529086541,-0.678808,0.774944,0.317688,-84.21,-139.58,31.43,Noise,Right
1706529086541,-0.750056,0.758352,0.482144,-73.71,-95.48,2.94,Noise,Right
1706529086588,-0.694912,0.73688,0.518256,-46.13,-38.92,-26.18,Noise,Right
1706529086595,-0.671976,0.632936,0.460184,-27.02,6.02,-47.88,Noise,Right
1706529086636,-0.674904,0.50996,0.328424,-44.45,30.52,-43.4,Noise,Right
1706529086637,-0.64904,0.53436,0.048312,-58.8,29.26,-16.17,Noise,Right
1706529086638,-0.574376,0.616344,-0.077592,-71.61,-31.36,10.92,Noise,Right
1706529086681,-0.656848,0.63684,-0.009272,-84.56,-110.95,25.9,Noise,Right
1706529086681,-0.628056,0.618784,0.254248,-86.94,-155.82,19.81,Noise,Right
1706529086682,-0.60756,0.621712,0.567056,-86.66,-154.14,8.75,Noise,Right
1706529086730,-0.654408,0.623176,0.813984,-67.55,-94.99,-2.1,Noise,Right
1706529086730,-0.704672,0.616344,0.833016,6.51,-10.85,-32.13,Noise,Right
1706529086731,-0.675392,0.586576,0.753472,70.35,68.53,-75.18,Noise,Right
1706529086777,-0.62952,0.543632,0.52704,81.97,117.6,-91.77,Noise,Right
1706529086777,-0.675392,0.537288,0.20008,53.2,133.14,-72.66,Noise,Right
1706529086821,-0.688568,0.5368,-0.109312,21.14,84.35,-48.09,Noise,Right
1706529086822,-0.696376,0.5612,-0.118096,-0.63,-31.5,-28.84,Noise,Right
1706529086822,-0.704672,0.4636,0.123952,-52.71,-107.45,-11.62,Noise,Right
1706529086868,-0.713456,0.382104,0.398208,-84.35,-131.04,4.69,Noise,Right
1706529086868,-0.678808,0.3782,0.643184,-74.27,-110.6,12.46,Noise,Right
1706529086868,-0.696864,0.476776,0.814472,-68.11,-65.45,10.36,Noise,Right
1706529086915,-0.690032,0.50508,0.743224,-61.67,6.51,-4.48,Noise,Right
1706529086916,-0.735904,0.49776,0.587064,-26.81,28.14,-31.22,Noise,Right
1706529086916,-0.757376,0.5124,0.373808,-11.9,41.09,-36.82,Noise,Right
1706529086962,-0.752496,0.571448,0.13664,4.06,40.18,-24.64,Noise,Right
1706529086962,-0.777384,0.606584,0.031232,44.8,8.19,-14.42,Noise,Right
1706529087008,-0.780312,0.593408,0.148352,87.85,-39.69,-16.45,Noise,Right
1706529087009,-0.746152,0.472872,0.3782,89.11,-65.8,-15.26,Noise,Right
1706529087009,-0.677832,0.33184,0.66368,78.61,-48.86,3.85,Noise,Right
1706529087056,-0.620248,0.438712,0.760792,55.86,-15.61,16.45,Noise,Right
1706529087056,-0.564128,0.55632,0.647576,23.24,3.43,-3.99,Noise,Right
1706529087057,-0.674416,0.498736,0.51484,4.2,6.3,-16.94,Noise,Right
1706529087106,-0.754936,0.47824,0.442616,-2.73,24.01,-23.31,Noise,Right
1706529087107,-0.837896,0.464088,0.323056,-31.15,35.21,-8.61,Noise,Right
1706529087107,-0.825696,0.579256,0.155184,-41.09,38.29,11.13,Noise,Right
1706529087207,-0.830576,0.701744,-0.022936,-41.16,19.46,16.87,Noise,Right
1706529087208,-0.82472,0.717848,0.041968,-14.56,-25.27,-1.4,Noise,Right
1706529087209,-0.777384,0.633424,0.318176,4.41,-64.61,-17.64,Noise,Right
1706529087209,-0.67588,0.467504,0.668072,12.18,-55.44,-16.87,Noise,Right
1706529087209,-0.55876,0.425048,0.776896,21.63,-24.22,-5.53,Noise,Right
1706529087209,-0.467992,0.444568,0.748104,18.69,-20.23,0.07,Noise,Right
1706529087256,-0.519232,0.424072,0.7198,26.25,-18.55,3.5,Noise,Right
1706529087257,-0.623664,0.325984,0.723704,2.52,-2.1,22.61,Noise,Right
1706529087258,-0.77836,0.243024,0.630008,-13.23,49.0,47.81,Noise,Right
1706529087305,-0.85644,0.337696,0.520696,24.78,107.59,73.15,Noise,Right
1706529087305,-0.669536,0.462136,0.276696,15.26,147.28,101.64,Noise,Right
1706529087305,-0.652456,0.666608,0.000488,-15.75,126.56,116.83,Noise,Right
1706529087352,-0.616832,0.799832,-0.020008,-44.17,43.12,110.04,Noise,Right
1706529087352,-0.650504,0.789096,0.141032,-90.65,-35.21,98.21,Noise,Right
1706529087398,-0.618784,0.658312,0.371368,-155.96,-85.4,95.27,Noise,Right
1706529087399,-0.497272,0.511424,0.621224,-207.48,-119.14,102.34,Noise,Right
1706529087399,-0.398208,0.320616,0.87596,-240.8,-130.83,114.94,Noise,Right
1706529087446,-0.465552,0.198128,1.027728,-292.88,-114.24,136.15,Noise,Right
1706529087447,-0.455792,0.245952,0.94428,-237.02,-71.89,179.55,Noise,Right
1706529087449,-0.349896,0.284016,0.606584,-47.04,-4.83,228.48,Noise,Right
1706529087492,-0.266936,0.630008,0.460184,15.82,57.68,272.44,Noise,Right
1706529087492,-0.210328,0.886696,0.457256,35.14,62.16,296.24,Noise,Right
1706529087494,-0.196176,1.068232,0.493856,-20.58,7.21,272.23,Noise,Right
1706529087537,-0.132736,1.013088,0.571936,-124.88,-70.35,216.23,Noise,Right
1706529087538,-0.145424,0.752008,0.693448,-243.25,-110.6,137.83,Noise,Right
1706529087585,-0.084912,0.547536,0.79056,-197.33,-127.26,78.61,Noise,Right
1706529087585,-0.029768,0.401136,0.846192,-138.67,-112.63,78.19,Noise,Right
1706529087586,-0.081496,0.372344,0.874984,-49.28,-71.89,128.59,Noise,Right
1706529087632,-0.033184,0.491416,0.772992,37.59,-20.02,186.69,Noise,Right
1706529087632,0.168848,1.19316,0.561688,117.88,3.85,242.55,Noise,Right
1706529087632,0.072224,1.424472,0.48068,135.38,-21.0,248.5,Noise,Right
1706529087679,0.132736,1.376648,0.547048,64.82,-88.69,166.25,Noise,Right
1706529087679,-0.023424,1.190232,0.669536,-18.41,-136.78,34.09,Noise,Right
1706529087680,0.2196,0.906704,0.998936,-23.03,-151.62,-18.34,Noise,Right
1706529087725,-0.006344,0.731024,1.144848,-42.21,-109.48,-31.22,Noise,Right
1706529087740,0.265472,0.437248,1.136064,-52.57,-25.27,-23.17,Noise,Right
1706529087772,0.129808,0.435784,1.02236,-38.92,50.61,-0.14,Noise,Right
1706529087773,0.127368,0.45872,0.789584,-50.12,68.95,40.6,Noise,Right
1706529087774,0.099552,0.469456,0.671488,-62.65,46.34,91.7,Noise,Right
1706529087821,0.103944,0.520696,0.59536,-93.31,-7.77,128.59,Noise,Right
1706529087821,0.240096,0.691008,0.566568,-151.76,-62.58,158.97,Noise,Right
1706529087822,0.299632,0.898896,0.671,-182.7,-109.06,140.35,Noise,Right
1706529087922,0.357216,0.730048,0.783728,-152.67,-121.03,72.38,Noise,Right
1706529087924,0.337208,0.637816,0.937936,-55.09,-99.89,-10.5,Noise,Right
1706529087924,0.388448,0.454816,1.077992,45.92,-50.26,-39.76,Noise,Right
1706529087924,0.270352,0.321592,1.11996,103.81,4.97,-54.81,Noise,Right
1706529087925,0.320128,0.337696,1.008208,55.16,48.72,-52.5,Noise,Right
1706529087925,0.294752,0.325984,0.829112,6.79,66.43,-22.68,Noise,Right
1706529087972,0.236192,0.32208,0.70272,-38.29,49.7,26.67,Noise,Right
1706529087973,0.25132,0.324032,0.617808,-84.98,-16.17,71.96,Noise,Right
1706529087973,0.29768,0.406992,0.615856,-92.68,-70.77,99.05,Noise,Right
1706529088021,0.365024,0.533384,0.703208,-91.84,-113.75,95.69,Noise,Right
1706529088023,0.323056,0.75884,0.840336,-97.79,-135.59,61.88,Noise,Right
1706529088024,0.443104,0.75884,1.167784,-36.19,14.56,-46.06,Noise,Right
1706529088067,0.596824,0.382104,0.998936,-39.69,-23.52,-74.9,Noise,Right
1706529088068,0.415288,0.219112,0.86376,89.11,-38.92,-78.68,Noise,Right
1706529088114,0.461648,0.149816,0.917928,93.59,-27.51,-45.01,Noise,Right
1706529088114,0.48068,0.286456,0.935496,85.05,-8.68,1.89,Noise,Right
1706529088114,0.365024,0.33672,0.842288,28.84,11.48,33.67,Noise,Right
1706529088165,0.433344,0.505568,0.740784,2.52,19.53,43.61,Noise,Right
1706529088165,0.433344,0.553392,0.727608,3.08,16.31,37.31,Noise,Right
1706529088166,0.483608,0.552416,0.842288,8.89,-5.46,0.28,Noise,Right
1706529088231,0.431392,0.386496,0.963312,-38.08,-6.72,-3.64,Noise,Right
1706529088232,0.460184,0.352336,0.870592,-52.64,-19.46,-19.25,Noise,Right
1706529088232,0.477752,0.320616,0.905728,-21.63,-29.96,-41.79,Noise,Right
1706529088232,0.456768,0.23424,0.92232,6.44,-32.83,-40.88,Noise,Right
1706529088285,0.433344,0.178608,0.852048,14.42,-20.65,-16.87,Noise,Right
1706529088331,0.39528,0.403576,0.767136,43.19,21.21,40.11,Noise,Right
1706529088332,0.303536,0.53192,0.723704,23.52,23.03,42.84,Noise,Right
1706529088332,0.445056,0.6344,0.666608,7.42,27.79,35.84,Noise,Right
1706529088375,0.365024,0.382104,0.82716,3.15,5.6,0.49,Noise,Right
1706529088376,0.434808,0.425048,0.874984,-12.25,-2.03,-18.9,Noise,Right
1706529088376,0.471896,0.401136,0.871568,-11.06,-21.84,-52.01,Noise,Right
1706529088422,0.496784,0.296216,0.96136,8.26,-31.01,-63.21,Noise,Right
1706529088422,0.583648,0.041968,1.242448,-183.68,-18.83,11.9,Noise,Right
1706529088423,0.137616,0.38552,0.831552,-41.58,-14.7,-11.48,Noise,Right
1706529088470,0.447496,0.408456,0.87596,-142.59,-14.0,-25.97,Noise,Right
1706529088471,0.416752,0.30988,0.892064,-12.25,-16.1,-18.83,Noise,Right
1706529088517,0.333792,0.284016,0.623176,155.61,-9.45,-4.83,Noise,Right
1706529088518,0.354288,0.374784,0.576816,84.56,26.88,33.74,Noise,Right
1706529088519,0.462136,0.645136,0.645136,52.92,50.89,54.11,Noise,Right
1706529088564,0.499712,0.688568,0.760792,58.66,38.99,36.61,Noise,Right
1706529088564,0.485072,0.352336,1.048224,3.36,30.87,27.51,Noise,Right
1706529088564,0.452864,0.238144,1.003328,-3.43,17.29,16.45,Noise,Right
1706529088611,0.481168,0.211304,0.97112,26.32,3.5,-5.18,Noise,Right
1706529088611,0.64416,0.322568,1.107272,104.3,-13.16,-30.31,Noise,Right
1706529088612,0.396744,0.350872,1.007232,138.95,-30.87,-56.21,Noise,Right
1706529088657,0.291824,0.213744,0.850584,135.17,-16.59,-50.47,Noise,Right
1706529088658,0.249368,0.381616,0.6588,109.97,-1.26,-38.08,Noise,Right
1706529088704,0.40748,0.423096,0.77592,125.58,6.09,-17.43,Noise,Right
1706529088705,0.389912,0.66124,1.2444,167.3,100.52,-4.97,Noise,Right
1706529088706,0.484584,0.96136,0.60756,90.23,121.17,14.63,Noise,Right
1706529088750,0.46116,1.069696,0.540216,18.83,26.88,-12.32,Noise,Right
1706529088750,0.44408,0.92964,0.804224,0.35,-31.99,-49.84,Noise,Right
1706529088750,0.377224,0.739808,0.998448,-7.28,-21.77,-66.36,Noise,Right
1706529088797,0.315248,0.66124,0.903776,-12.53,14.35,-71.4,Noise,Right
1706529088798,0.265472,0.603168,0.799832,-0.63,21.56,-79.38,Noise,Right
1706529088799,0.172264,0.48312,0.85888,5.88,21.77,-80.43,Noise,Right
1706529088847,0.086376,0.332328,0.849608,-10.64,40.11,-74.27,Noise,Right
1706529088849,0.023912,0.111264,0.79056,-21.56,70.42,-45.78,Noise,Right
1706529088890,0.035136,0.05124,0.629032,-13.09,82.53,23.66,Noise,Right
1706529088891,0.018544,0.024888,0.548024,12.95,59.71,93.1,Noise,Right
1706529088891,0.153232,0.252784,0.470432,11.06,11.2,152.53,Noise,Right
1706529088937,0.21472,0.72224,0.545096,-31.01,-38.92,171.29,Noise,Right
1706529088937,0.236192,0.914512,0.704672,-92.33,-74.9,112.77,Noise,Right
1706529088937,0.304024,0.887672,0.925736,-88.27,-69.44,16.24,Noise,Right
1706529088984,0.340136,0.74664,1.016016,-53.62,-23.38,-47.6,Noise,Right
1706529088985,0.276208,0.598776,0.987224,-18.83,35.07,-56.7,Noise,Right
1706529088985,0.235216,0.430416,0.816424,-35.21,56.77,-41.58,Noise,Right
1706529089029,0.198616,0.336232,0.687592,-69.51,43.4,-10.78,Noise,Right
1706529089030,0.19032,0.231312,0.66368,-84.28,2.59,39.76,Noise,Right
1706529089076,0.284504,0.307928,0.659288,-53.76,-52.08,119.42,Noise,Right
1706529089077,0.333792,0.393328,0.766648,-24.15,-97.16,154.14,Noise,Right
1706529089077,0.454328,0.764208,0.852536,-0.42,-113.05,145.88,Noise,Right
1706529089122,0.47336,0.833992,1.053104,-16.66,-107.94,77.7,Noise,Right
1706529089122,0.533872,0.83692,1.494744,-16.24,-9.03,-27.09,Noise,Right
1706529089122,0.53192,0.534848,1.016016,3.22,14.49,-58.52,Noise,Right
1706529089170,0.420168,0.405528,0.965264,7.49,49.28,-60.83,Noise,Right
1706529089170,0.408944,0.32452,0.898408,-24.15,52.01,-31.64,Noise,Right
1706529089214,0.298168,0.295728,0.79544,-65.66,53.34,-1.82,Noise,Right
1706529089216,0.260104,0.300608,0.697352,-83.16,44.66,15.12,Noise,Right
1706529089217,0.282552,0.268888,0.68076,-83.79,14.91,24.71,Noise,Right
1706529089261,0.333792,0.250832,0.677832,-59.29,-24.29,34.37,Noise,Right
1706529089262,0.3782,0.235704,0.758352,-34.58,-69.37,43.19,Noise,Right
1706529089263,0.467016,0.258152,0.858392,-17.85,-95.13,50.26,Noise,Right
1706529089311,0.543144,0.292312,0.9638,8.19,-90.16,50.61,Noise,Right
1706529089314,0.49776,0.333792,1.036024,48.65,-63.77,40.81,Noise,Right
1706529089315,0.422608,0.36356,1.010648,107.52,4.97,-4.76,Noise,Right
1706529089360,0.37088,0.21472,0.862296,104.09,-11.41,0.91,Noise,Right
1706529089360,0.26352,0.239608,0.836432,77.56,-6.09,15.19,Noise,Right
1706529089360,0.27572,0.284504,0.726632,64.26,-1.68,11.2,Noise,Right
1706529089462,0.301096,0.55632,0.7686,70.7,-12.95,-2.1,Noise,Right
1706529089463,0.445056,0.482632,0.849608,54.67,-22.47,-6.65,Noise,Right
1706529089463,0.708088,0.506544,1.013576,-27.51,-24.01,-5.74,Noise,Right
1706529089464,0.437736,0.54168,1.028216,-2.94,-20.02,0.98,Noise,Right
1706529089464,0.62952,0.43676,1.06628,-58.31,-32.41,9.45,Noise,Right
1706529089464,0.456768,0.396744,0.794464,-35.49,-32.76,10.43,Noise,Right
1706529089512,0.393816,0.37332,0.647088,-0.14,-29.75,9.1,Noise,Right
1706529089513,0.389912,0.351848,0.526064,70.42,-22.61,7.98,Noise,Right
1706529089513,0.313296,0.365512,0.54412,132.02,-9.24,6.37,Noise,Right
1706529089558,0.27328,0.404064,0.567056,170.31,1.4,2.94,Noise,Right
1706529089559,0.305,0.338184,0.506544,154.77,0.14,-2.17,Noise,Right
1706529089604,0.453352,0.452864,0.944768,112.42,-5.81,-7.07,Noise,Right
1706529089605,0.486048,0.651968,1.23952,25.41,7.7,-25.34,Noise,Right
1706529089605,0.67588,0.452864,1.022848,-14.07,-8.47,-12.88,Noise,Right
1706529089649,0.470432,0.456768,0.757864,-29.89,-20.37,-12.18,Noise,Right
1706529089649,0.305488,0.413824,0.56608,-43.26,-17.71,-16.8,Noise,Right
1706529089650,0.252784,0.41236,0.406504,-54.18,-1.68,-18.55,Noise,Right
1706529089704,0.572424,0.540704,0.468968,-32.83,12.67,-17.71,Noise,Right
1706529089705,0.648552,0.703208,0.687104,18.76,19.39,-10.22,Noise,Right
1706529089706,0.460672,0.711504,0.855464,40.11,16.45,2.73,Noise,Right
1706529089833,0.494832,0.565104,1.023824,49.42,7.91,8.82,Noise,Right
1706529089833,0.447984,0.44896,1.075064,51.24,-3.85,6.72,Noise,Right
1706529089833,0.452864,0.4148,0.992104,67.76,-13.58,-2.17,Noise,Right
1706529089833,0.411384,0.421632,0.75152,81.97,-22.33,-13.02,Noise,Right
1706529089833,0.396744,0.456768,0.6954,67.13,-24.92,-22.19,Noise,Right
1706529089833,0.412848,0.454328,0.568032,34.37,-20.16,-28.56,Noise,Right
1706529089835,0.421144,0.459208,0.469944,8.61,-7.77,-35.56,Noise,Right
1706529089884,0.542168,0.574864,0.477264,-11.48,4.06,-40.18,Noise,Right
1706529089885,0.508984,0.665144,0.608536,-18.27,13.86,-35.42,Noise,Right
1706529089885,0.457256,0.67344,0.720776,-10.01,15.82,-30.52,Noise,Right
1706529089886,0.584624,0.791048,0.738832,23.94,8.54,-29.96,Noise,Right
1706529089975,0.662216,0.796416,0.726144,161.07,16.73,-25.34,Noise,Right
1706529089982,0.472872,0.804712,0.682224,299.53,-10.5,-44.17,Noise,Right
1706529089982,0.40748,0.838872,0.588528,422.1,-42.35,-84.98,Noise,Right
1706529089984,0.378688,0.924272,0.552416,485.94,-39.41,-129.43,Noise,Right
1706529089984,0.328912,0.959408,0.557296,436.31,9.31,-182.84,Noise,Right
1706529090024,0.274256,0.654408,0.38796,277.97,52.22,-202.93,Noise,Right
1706529090024,0.152256,0.606096,0.198616,158.41,72.03,-179.41,Noise,Right
1706529090025,0.16836,0.52948,0.057584,60.76,70.21,-105.14,Noise,Right
1706529090070,0.125904,0.537288,-0.010248,28.63,52.85,-39.48,Noise,Right
1706529090070,0.14884,0.66612,-0.057096,27.86,24.92,10.57,Noise,Right
1706529090114,0.130784,0.987224,-0.083936,70.35,-4.2,31.36,Noise,Right
1706529090114,0.18056,1.278072,-0.07564,128.59,-36.12,11.97,Noise,Right
1706529090115,0.302072,1.40544,0.023424,202.79,-61.6,-102.97,Noise,Right
1706529090160,0.177144,1.32492,0.060512,297.64,-47.53,-162.82,Noise,Right
1706529090162,0.086376,1.216584,0.055144,304.57,-24.08,-199.01,Noise,Right
1706529090162,0.018056,0.99552,-0.079544,190.96,3.08,-199.29,Noise,Right
1706529090208,-0.018544,0.82472,-0.24644,100.17,37.03,-169.33,Noise,Right
1706529090209,-0.139568,0.741272,-0.508008,50.96,56.0,-122.15,Noise,Right
1706529090255,-0.182024,0.78812,-0.81252,34.16,36.19,-72.1,Noise,Right
1706529090255,-0.1952,1.010648,-1.094584,45.57,-32.97,-33.04,Noise,Right
1706529090256,-0.256688,1.203896,-0.989664,90.23,-121.45,-29.05,Noise,Right
1706529090301,-0.19032,1.191696,-0.699792,101.36,-193.62,-65.24,Noise,Right
1706529090302,-0.164944,1.099464,-0.391864,119.42,-208.95,-106.12,Noise,Right
1706529090303,-0.266936,0.99308,-0.170312,136.5,-175.07,-129.78,Noise,Right
1706529090348,-0.37088,0.842776,-0.084424,132.16,-103.11,-133.21,Noise,Right
1706529090348,-0.442616,0.80032,-0.232288,110.67,-40.46,-129.57,Noise,Right
1706529090348,-0.441152,0.816424,-0.472384,69.65,-7.63,-109.06,Noise,Right
1706529090394,-0.469456,0.897432,-0.71004,10.43,-16.17,-87.71,Noise,Right
1706529090395,-0.489464,0.93696,-0.853512,-32.83,-59.85,-74.62,Noise,Right
1706529090441,-0.447984,1.080432,-0.64172,-46.48,-131.25,-79.94,Noise,Right
1706529090441,-0.467016,1.060424,-0.318176,-23.52,-171.29,-91.14,Noise,Right
1706529090441,-0.471896,0.976488,-0.051728,-28.14,-166.74,-108.22,Noise,Right
1706529090487,-0.499712,0.86376,0.121024,-33.53,-135.73,-123.13,Noise,Right
1706529090489,-0.516792,0.734928,0.139568,-21.14,-94.5,-129.5,Noise,Right
1706529090489,-0.522648,0.668072,0.028304,5.81,-55.02,-123.9,Noise,Right
1706529090537,-0.53436,0.667584,-0.208376,19.18,-28.7,-106.75,Noise,Right
1706529090537,-0.573888,0.711016,-0.410408,-5.39,-35.0,-80.71,Noise,Right
1706529090537,-0.594872,0.772504,-0.468968,-14.42,-83.51,-56.35,Noise,Right
1706529090589,-0.645136,0.733464,-0.352336,-1.19,-149.31,-34.65,Noise,Right
1706529090589,-0.61244,0.70028,-0.142008,24.64,-184.03,-22.96,Noise,Right
1706529090596,-0.681736,0.657336,0.144448,45.78,-168.28,-15.75,Noise,Right
1706529090688,-0.703696,0.663192,0.303536,29.4,-113.05,-9.17,Noise,Right
1706529090689,-0.703208,0.671,0.279624,-0.7,-45.01,-14.35,Noise,Right
1706529090689,-0.692472,0.636352,0.116632,-7.14,7.56,-28.77,Noise,Right
1706529090689,-0.724192,0.5734,-0.098576,-6.02,36.4,-40.6,Noise,Right
1706529090690,-0.728584,0.557784,-0.363072,-5.46,34.93,-41.93,Noise,Right
1706529090690,-0.670024,0.603168,-0.459208,-8.19,-18.27,-33.53,Noise,Right
1706529090736,-0.66368,0.630496,-0.360144,-27.51,-99.26,-12.74,Noise,Right
1706529090737,-0.705648,0.58804,-0.072224,-28.14,-152.04,7.77,Noise,Right
1706529090782,-0.681736,0.591456,0.188856,-46.48,-154.49,24.71,Noise,Right
1706529090782,-0.699304,0.618784,0.338184,-55.44,-120.68,33.39,Noise,Right
1706529090784,-0.713944,0.630984,0.421632,-51.45,-67.9,26.6,Noise,Right
1706529090829,-0.752008,0.618296,0.389912,-28.28,-24.01,8.19,Noise,Right
1706529090829,-0.759816,0.581208,0.279136,-2.1,12.74,-14.63,Noise,Right
1706529090829,-0.730048,0.601216,0.061,-2.1,38.78,-19.18,Noise,Right
1706529090876,-0.75152,0.620248,-0.106872,-15.68,31.36,-17.22,Noise,Right
1706529090876,-0.734928,0.65636,-0.149816,-24.92,-26.11,-18.76,Noise,Right
1706529090877,-0.718824,0.676856,0.020984,-7.63,-85.33,-13.23,Noise,Right
1706529090921,-0.718336,0.611952,0.333792,-1.61,-100.24,-12.32,Noise,Right
1706529090922,-0.638792,0.584624,0.623176,-25.48,-45.78,-11.97,Noise,Right
1706529090968,-0.651968,0.584136,0.43432,-42.84,-2.87,-17.71,Noise,Right
1706529090969,-0.68808,0.567056,0.294264,-9.45,3.15,-25.62,Noise,Right
1706529090969,-0.759816,0.388936,0.240584,-1.61,12.95,-33.18,Noise,Right
1706529091015,-0.78568,0.472384,0.095648,-25.83,30.73,-17.71,Noise,Right
1706529091016,-0.81984,0.537288,-0.128344,-38.5,30.87,7.56,Noise,Right
1706529091016,-0.830576,0.629032,-0.222528,-43.33,-1.47,16.17,Noise,Right
1706529091061,-0.825696,0.691984,-0.192272,-34.79,-68.39,14.84,Noise,Right
1706529091061,-0.79056,0.68564,0.360144,12.39,-75.95,10.43,Noise,Right
1706529091061,-0.694912,0.717848,0.647576,27.44,1.4,-1.4,Noise,Right
1706529091107,-0.589016,0.661728,0.379664,48.93,10.85,-7.49,Noise,Right
1706529091108,-0.605608,0.57096,0.368928,92.96,-9.38,-19.39,Noise,Right
1706529091166,-0.69052,0.494832,0.298656,89.53,-18.48,-23.59,Noise,Right
1706529091177,-0.802272,0.46848,0.147376,77.84,-13.72,-17.43,Noise,Right
1706529091179,-0.898408,0.49776,-0.012688,46.2,0.28,-12.74,Noise,Right
1706529091201,-0.984784,0.513864,-0.101504,7.14,19.46,-7.42,Noise,Right
1706529091201,-0.972584,0.52704,-0.201544,-17.78,25.2,-4.76,Noise,Right
1706529091202,-0.916464,0.566568,-0.202032,-27.23,8.61,0.49,Noise,Right
1706529091248,-0.80276,0.594872,-0.03904,-38.99,-27.16,10.01,Noise,Right
1706529091249,-0.735904,0.677832,0.363072,-42.35,-30.87,14.49,Noise,Right
1706529091249,-0.617808,0.730048,0.491416,-46.34,-4.13,11.97,Noise,Right
1706529091295,-0.51728,0.72956,0.435296,-30.45,-5.46,5.53,Noise,Right
1706529091295,-0.548512,0.670512,0.414312,-19.18,-22.47,-4.34,Noise,Right
1706529091345,-0.611952,0.602192,0.350384,-14.49,-31.43,-6.51,Noise,Right
1706529091345,-0.727608,0.574864,0.212768,3.64,-28.98,4.48,Noise,Right
1706529091346,-0.930616,0.530456,0.089304,32.2,-10.29,14.84,Noise,Right
1706529091387,-1.013576,0.504104,0.01952,45.01,24.5,9.73,Noise,Right
1706529091388,-0.874496,0.549976,0.017568,22.4,52.92,4.69,Noise,Right
1706529091389,-0.816912,0.565592,-0.103456,-10.01,55.72,6.93,Noise,Right
1706529091434,-0.755424,0.5734,-0.0732,-21.21,18.97,7.77,Noise,Right
1706529091435,-0.689544,0.54412,0.078568,-28.84,-31.22,19.11,Noise,Right
1706529091435,-0.637816,0.528992,0.30256,-67.97,-55.51,48.93,Noise,Right
1706529091481,-0.564128,0.529968,0.535824,-92.05,-52.99,74.2,Noise,Right
1706529091481,-0.495808,0.535824,0.67344,-116.06,-31.22,81.83,Noise,Right
1706529091530,-0.51484,0.5124,0.657336,-134.89,7.0,84.84,Noise,Right
1706529091530,-0.572912,0.552416,0.540216,-115.64,46.48,86.24,Noise,Right
1706529091531,-0.628544,0.61976,0.435784,-86.66,73.43,86.66,Noise,Right
1706529091576,-0.673928,0.585112,0.302072,-68.18,87.64,87.99,Noise,Right
1706529091576,-0.584624,0.659288,0.099552,-56.07,96.6,91.56,Noise,Right
1706529091576,-0.551928,0.721264,-0.03904,3.15,94.64,87.99,Noise,Right
1706529091621,-0.569008,0.703696,-0.00244,38.92,66.71,71.12,Noise,Right
1706529091622,-0.560712,0.594384,0.110776,17.71,15.82,62.51,Noise,Right
1706529091622,-0.465552,0.508008,0.265472,9.38,-36.82,76.02,Noise,Right
1706529091671,-0.432856,0.500688,0.505568,16.87,-56.28,113.68,Noise,Right
1706529091672,-0.469944,0.61732,0.682712,4.06,-29.12,169.33,Noise,Right
1706529091719,-0.425536,0.752984,0.677344,-36.33,54.04,200.48,Noise,Right
1706529091720,-0.35868,0.96136,0.452376,-59.15,121.1,206.36,Noise,Right
1706529091720,-0.2562,1.113128,0.21716,-74.55,148.19,200.9,Noise,Right
1706529091814,-0.254736,1.189744,0.025864,-81.13,133.98,178.5,Noise,Right
1706529091815,-0.231312,1.23952,-0.05612,-78.4,90.51,131.11,Noise,Right
1706529091815,-0.237168,1.135088,0.022448,-93.17,12.6,78.61,Noise,Right
1706529091815,-0.244488,0.938912,0.182024,-93.73,-49.98,43.05,Noise,Right
1706529091815,-0.165432,0.81008,0.40016,-67.62,-79.8,43.26,Noise,Right
1706529091817,-0.139568,0.786168,0.524112,-21.84,-63.49,80.71,Noise,Right
1706529091916,-0.117608,0.868152,0.58316,19.6,1.05,145.81,Noise,Right
1706529091917,-0.103944,1.115568,0.388936,37.52,88.76,175.49,Noise,Right
1706529091917,-0.050752,1.372256,0.14884,28.63,97.16,162.54,Noise,Right
1706529091917,-0.072712,1.457656,0.019032,41.16,67.27,115.57,Noise,Right
1706529091917,-0.069296,1.382992,0.067832,25.9,22.12,42.14,Noise,Right
1706529091917,-0.110776,1.18828,0.167384,20.79,-7.84,-50.4,Noise,Right
1706529091964,-0.053192,1.000888,0.29768,10.29,-14.14,-58.73,Noise,Right
1706529091964,-0.081008,0.907192,0.40748,-28.28,-4.48,-34.51,Noise,Right
1706529091964,-0.057096,0.92232,0.445056,-96.18,16.38,24.01,Noise,Right
1706529092009,-0.074664,0.905728,0.424072,-147.7,29.47,86.03,Noise,Right
1706529092010,-0.147864,0.890112,0.434808,-194.67,24.57,128.94,Noise,Right
1706529092062,-0.02196,0.972096,0.33184,-233.59,2.03,167.93,Noise,Right
1706529092064,0.074176,1.070672,0.288408,-201.11,-22.26,180.39,Noise,Right
1706529092065,0.07076,1.079944,0.354776,-139.65,-29.75,148.33,Noise,Right
1706529092182,0.062464,1.043344,0.447008,-27.37,-26.25,73.29,Noise,Right
1706529092184,0.070272,0.934032,0.570472,5.81,-32.69,10.99,Noise,Right
1706529092184,0.148352,0.865712,0.674904,2.94,-39.97,-5.11,Noise,Right
1706529092185,0.199592,0.874984,0.752008,-39.83,-17.22,17.64,Noise,Right
1706529092185,0.182512,0.899872,0.725168,-116.69,29.89,49.07,Noise,Right
1706529092185,0.145424,0.842288,0.63684,-187.04,51.17,70.07,Noise,Right
1706529092186,0.08052,0.761768,0.543144,-199.5,37.87,76.58,Noise,Right
1706529092229,0.053192,0.667096,0.532896,-179.48,0.7,74.41,Noise,Right
1706529092230,0.092232,0.564616,0.573888,-150.43,-41.37,69.09,Noise,Right
1706529092231,0.132736,0.715896,0.592432,-165.2,-71.61,67.83,Noise,Right
1706529092277,0.338672,0.613416,0.65148,-109.27,-90.3,65.66,Noise,Right
1706529092277,0.286944,0.6466,0.727608,-29.96,-91.63,40.6,Noise,Right
1706529092277,0.374296,0.648064,0.887184,23.17,-80.5,18.76,Noise,Right
1706529092322,0.4514,0.68564,1.129232,23.17,-23.45,-13.86,Noise,Right
1706529092329,0.36112,0.596336,0.874008,61.25,-12.74,5.81,Noise,Right
1706529092329,0.257664,0.603168,0.787632,2.66,-17.01,9.66,Noise,Right
1706529092369,0.247416,0.56852,0.69052,-44.1,-21.49,18.27,Noise,Right
1706529092370,0.232288,0.582184,0.67588,-79.17,-21.56,27.23,Noise,Right
1706529092416,0.320616,0.55632,0.77836,-59.08,-20.72,8.61,Noise,Right
1706529092416,0.345016,0.482144,0.834968,-3.78,-15.4,3.08,Noise,Right
1706529092417,0.343552,0.496784,0.867176,0.63,-20.79,-3.64,Noise,Right
1706529092468,0.404552,0.54168,0.881816,6.93,-25.13,-5.11,Noise,Right
1706529092468,0.467504,0.499712,0.929152,18.48,-28.77,0.56,Noise,Right
1706529092469,0.38308,0.530944,0.80764,28.07,-29.47,6.16,Noise,Right
1706529092589,0.311832,0.489952,0.732976,54.32,-28.07,6.65,Noise,Right
1706529092590,0.310368,0.502152,0.676368,80.01,-19.53,5.53,Noise,Right
1706529092590,0.251808,0.500688,0.642208,85.89,-10.5,2.03,Noise,Right
1706529092590,0.249856,0.508008,0.654408,71.33,1.96,0.0,Noise,Right
1706529092590,0.333792,0.560224,0.63196,27.3,9.52,2.17,Noise,Right
1706529092590,0.410896,0.675392,0.670512,-16.73,6.86,1.61,Noise,Right
1706529092591,0.452376,0.684176,0.823256,-50.54,-3.15,-2.38,Noise,Right
1706529092636,0.482144,0.587064,0.84912,-58.38,-7.07,-2.45,Noise,Right
1706529092636,0.486048,0.549488,0.882792,-57.05,-16.45,-7.35,Noise,Right
1706529092636,0.441152,0.484584,0.894992,-36.89,-22.47,-8.19,Noise,Right
1706529092687,0.399672,0.478728,0.793976,-34.23,-20.72,-3.71,Noise,Right
1706529092688,0.370392,0.467504,0.754448,-21.84,-19.32,-4.48,Noise,Right
1706529092688,0.332816,0.481656,0.62952,-15.26,-14.35,-5.88,Noise,Right
1706529092810,0.297192,0.511912,0.691008,-4.34,-3.92,-0.49,Noise,Right
1706529092811,0.309392,0.603168,0.648064,50.19,20.09,12.39,Noise,Right
1706529092811,0.379176,0.67588,0.548024,87.15,12.39,-9.31,Noise,Right
1706529092811,0.3782,0.704184,0.66612,120.89,22.82,-5.67,Noise,Right
1706529092811,0.372344,0.621712,0.84912,100.59,26.04,3.36,Noise,Right
1706529092811,0.439688,0.504592,0.920856,6.09,17.64,7.0,Noise,Right
1706529092812,0.584624,0.542656,0.950624,-47.81,5.39,5.6,Noise,Right
1706529092855,0.549,0.579744,0.960384,-34.16,-3.36,4.76,Noise,Right
1706529092855,0.528992,0.530456,0.832528,-13.51,2.17,-6.3,Noise,Right
1706529092856,0.472384,0.457744,0.724192,35.28,2.66,-11.27,Noise,Right
1706529092904,0.315248,0.637816,0.773968,4.76,15.26,-28.07,Noise,Right
1706529092910,0.319152,0.555832,0.65148,-8.61,23.38,-48.58,Noise,Right
1706529092911,0.310856,0.511912,0.6344,27.37,25.13,-24.57,Noise,Right
1706529092948,0.276208,0.576328,0.59536,56.35,27.65,-10.01,Noise,Right
1706529092949,0.325008,0.845216,0.760304,86.38,30.73,-20.44,Noise,Right
1706529092949,0.3416,0.9272,0.674416,114.03,40.18,-68.81,Noise,Right
1706529092995,0.257664,0.708088,0.606584,126.14,5.25,-109.48,Noise,Right
1706529092995,0.101504,0.302072,0.931104,68.32,-13.02,-29.4,Noise,Right
1706529093042,0.071736,0.733464,0.791048,97.51,-18.27,-42.42,Noise,Right
1706529093042,0.193736,0.745176,0.89304,45.01,-5.04,-46.41,Noise,Right
1706529093042,0.099064,0.706136,0.960872,20.09,49.84,-44.45,Noise,Right
1706529093088,0.132736,0.650992,0.835456,-32.48,89.81,-42.28,Noise,Right
1706529093089,0.106384,0.6466,0.77836,-67.62,93.17,-23.52,Noise,Right
1706529093089,0.071248,0.625616,0.767624,-90.65,74.55,0.07,Noise,Right
1706529093137,0.056608,0.648064,0.77836,-103.81,49.7,22.47,Noise,Right
1706529093137,0.123464,0.735904,0.71736,-111.93,26.74,32.41,Noise,Right
1706529093138,0.107848,0.844728,0.645136,-65.38,14.07,19.25,Noise,Right
1706529093185,0.089792,0.82472,0.603656,37.8,17.5,-4.55,Noise,Right
1706529093185,0.033184,0.731024,0.626592,132.79,12.39,-32.76,Noise,Right
1706529093229,0.025864,0.668072,0.626104,174.23,-16.31,-53.97,Noise,Right
1706529093230,0.013664,0.599264,0.670024,198.03,-43.96,-51.17,Noise,Right
1706529093230,-0.01708,0.552416,0.713456,191.8,-47.46,-28.91,Noise,Right
1706529093277,0.019032,0.588528,0.720288,138.67,-30.94,6.3,Noise,Right
1706529093277,0.054656,0.66856,0.672952,73.71,-11.13,41.86,Noise,Right
1706529093278,0.119072,0.832528,0.577792,-17.15,2.17,65.17,Noise,Right
1706529093325,0.132248,0.921832,0.536312,-72.38,1.75,56.21,Noise,Right
1706529093326,0.160064,0.923296,0.542656,-104.37,-8.89,29.54,Noise,Right
1706529093326,0.177632,0.83448,0.587064,-111.23,-19.6,2.59,Noise,Right
1706529093370,0.21228,0.718336,0.681736,-102.27,-31.29,-14.0,Noise,Right
1706529093371,0.234728,0.606096,0.76372,-87.92,-37.1,-16.1,Noise,Right
1706529093417,0.233752,0.506544,0.804224,-68.11,-26.11,-5.95,Noise,Right
1706529093419,0.237656,0.440664,0.776896,-27.23,-2.31,14.35,Noise,Right
1706529093419,0.249368,0.470432,0.696376,14.42,11.27,52.01,Noise,Right
1706529093466,0.304512,0.675392,0.54656,13.93,7.98,94.78,Noise,Right
1706529093472,0.308416,0.859856,0.46116,-1.12,-15.4,103.25,Noise,Right
1706529093472,0.314272,0.933544,0.477752,-11.06,-49.14,72.52,Noise,Right
1706529093509,0.376248,0.903776,0.66612,-30.24,-80.64,28.91,Noise,Right
1706529093509,0.425048,0.823744,0.837896,-51.66,-75.46,-3.5,Noise,Right
1706529093509,0.42456,0.711016,0.955992,-77.56,-45.71,-21.42,Noise,Right
1706529093555,0.485072,0.591944,0.952088,-93.73,-4.55,-23.17,Noise,Right
1706529093555,0.4026,0.509472,0.855952,-104.86,21.7,-3.57,Noise,Right
1706529093601,0.344528,0.44896,0.728096,-106.05,25.76,20.37,Noise,Right
1706529093601,0.311344,0.445056,0.584624,-89.74,5.11,49.7,Noise,Right
1706529093601,0.29768,0.482144,0.484584,-30.03,-39.41,71.19,Noise,Right
1706529093650,0.300608,0.576816,0.493856,0.77,-86.17,73.08,Noise,Right
1706529093650,0.42212,0.754448,1.084336,95.69,20.44,-26.39,Noise,Right
1706529093651,0.403088,0.597312,0.855464,37.45,-19.81,-21.56,Noise,Right
1706529093700,0.413336,0.486048,0.952088,64.75,-40.18,-35.35,Noise,Right
1706529093701,0.471408,0.49044,1.04676,45.08,-38.71,-22.33,Noise,Right
1706529093701,0.379176,0.474824,0.892552,-24.71,-20.09,6.72,Noise,Right
1706529093831,0.282064,0.3904,0.82472,-61.74,-6.72,25.34,Noise,Right
1706529093832,0.273768,0.328912,0.712968,-73.22,20.23,57.54,Noise,Right
1706529093832,0.268888,0.36356,0.582672,-45.01,42.56,79.03,Noise,Right
1706529093832,0.417728,0.775432,0.453352,30.87,36.54,62.93,Noise,Right
1706529093832,0.356728,1.066768,0.730536,80.08,-18.27,-5.74,Noise,Right
1706529093832,0.640744,0.68076,0.82716,50.54,-27.3,11.9,Noise,Right
1706529093832,0.415288,0.61976,0.803736,59.71,-46.83,-13.02,Noise,Right
1706529093882,0.445056,0.579744,0.953552,159.11,-81.62,-48.65,Noise,Right
1706529093882,0.436272,0.398696,0.9394,145.81,-75.6,-37.73,Noise,Right
1706529093882,0.34648,0.336232,0.862296,58.03,-38.43,-1.26,Noise,Right
1706529093882,0.244,0.510936,0.574376,17.15,-21.21,-0.49,Noise,Right
1706529093931,0.205448,0.376248,0.47336,-6.02,5.11,2.31,Noise,Right
1706529093931,0.196664,0.416752,0.32208,-60.83,43.96,19.53,Noise,Right
1706529093977,0.383568,0.526064,0.39772,-83.65,56.56,15.82,Noise,Right
1706529093978,0.552416,0.857904,0.589992,-60.48,40.04,-0.07,Noise,Right
1706529093978,0.389424,1.35176,0.967216,-17.64,25.2,0.7,Noise,Right
1706529094030,0.574376,0.837896,1.212192,-6.51,13.93,17.01,Noise,Right
1706529094037,0.537776,0.594384,1.199504,42.98,-11.13,22.4,Noise,Right
1706529094039,0.462136,0.54168,1.02236,83.02,-40.67,18.69,Noise,Right
1706529094072,0.344528,0.484584,0.742248,75.39,-48.23,16.31,Noise,Right
1706529094073,0.230824,0.447008,0.550952,41.65,-41.72,9.87,Noise,Right
1706529094074,0.266936,0.474824,0.404552,9.87,-26.04,-0.35,Noise,Right
1706529094175,0.345016,0.563152,0.425048,-22.19,-7.63,-5.88,Noise,Right
1706529094175,0.471896,0.646112,0.50508,-49.21,8.61,-3.85,Noise,Right
1706529094175,0.53924,0.722728,0.691008,-73.08,13.02,5.53,Noise,Right
1706529094175,0.606096,0.718824,0.8296,-63.63,10.01,16.1,Noise,Right
1706529094176,0.748592,0.379664,0.673928,3.36,8.33,24.22,Noise,Right
1706529094225,0.47824,0.535824,0.857416,38.15,2.1,31.92,Noise,Right
1706529094226,0.361608,0.450912,0.776896,-3.5,-3.99,31.64,Noise,Right
1706529094226,0.391864,0.3904,0.789096,15.12,-12.25,22.89,Noise,Right
1706529094226,0.430416,0.318176,0.767624,33.95,-14.98,11.48,Noise,Right
1706529094271,0.469456,0.392352,0.760304,52.08,-17.71,0.07,Noise,Right
1706529094272,0.447984,0.430416,0.765184,58.45,-19.74,-8.68,Noise,Right
1706529094317,0.501176,0.457256,0.669048,49.49,-17.71,-17.85,Noise,Right
1706529094318,0.488488,0.569496,0.598776,24.43,-12.46,-20.16,Noise,Right
1706529094318,0.474824,0.604144,0.626104,15.75,-8.19,-19.6,Noise,Right
1706529094364,0.473848,0.589504,0.681248,5.18,-4.41,-19.04,Noise,Right
1706529094364,0.479216,0.569496,0.757376,2.87,-4.48,-19.32,Noise,Right
1706529094365,0.52216,0.62952,0.829112,-6.02,-8.05,-18.55,Noise,Right
1706529094411,0.596336,0.591456,0.891576,-29.82,-14.0,-15.54,Noise,Right
1706529094411,0.583648,0.535824,0.78568,-31.36,-24.57,-18.2,Noise,Right
1706529094412,0.568032,0.43188,0.652944,44.66,-30.59,-25.13,Noise,Right
1706529094457,0.513376,0.498736,0.403088,279.93,-20.51,-41.72,Noise,Right
1706529094458,0.423096,0.555344,0.36112,403.2,-3.92,-57.61,Noise,Right
1706529094504,0.325008,0.718336,0.304512,366.73,9.45,-84.56,Noise,Right
1706529094504,0.367952,0.798368,0.257176,289.8,33.67,-118.23,Noise,Right
1706529094504,0.380152,0.719312,0.203496,215.11,39.41,-128.66,Noise,Right
1706529094550,0.378688,0.701744,0.162016,153.79,26.88,-111.86,Noise,Right
1706529094551,0.365024,0.847168,0.200568,105.49,10.64,-82.95,Noise,Right
1706529094551,0.341112,0.980392,0.216184,76.37,-3.43,-65.52,Noise,Right
1706529094605,0.38064,1.138016,0.295728,54.11,-15.47,-76.23,Noise,Right
1706529094617,0.260592,1.20536,0.304512,110.25,-11.97,-112.21,Noise,Right
1706529094624,0.314272,1.17364,0.28304,168.42,15.4,-146.3,Noise,Right
1706529094644,0.240096,1.124352,0.167384,241.92,51.87,-177.1,Noise,Right
1706529094644,0.136152,1.050176,-0.027328,251.3,72.94,-182.21,Noise,Right
1706529094692,0.050752,1.009184,-0.334768,240.8,69.58,-170.66,Noise,Right
1706529094693,0.019032,1.031144,-0.60512,207.9,33.88,-155.12,Noise,Right
1706529094693,0.018056,1.167296,-0.760304,171.85,-39.69,-144.83,Noise,Right
1706529094738,-0.002928,1.166808,-0.681248,178.43,-119.84,-150.43,Noise,Right
1706529094740,-0.150792,1.137528,-0.433832,206.99,-166.32,-164.57,Noise,Right
1706529094742,-0.101016,1.11264,-0.163968,213.57,-175.21,-173.74,Noise,Right
1706529094788,-0.301584,1.047736,-0.019032,180.53,-141.05,-189.63,Noise,Right
1706529094788,-0.315736,0.853512,-0.040016,142.24,-86.24,-199.15,Noise,Right
1706529094789,-0.4758,0.720288,-0.138592,125.93,-31.64,-198.94,Noise,Right
1706529094887,-0.497272,0.622688,-0.368928,115.99,8.89,-179.76,Noise,Right
1706529094887,-0.514352,0.677344,-0.59292,115.99,29.75,-146.86,Noise,Right
1706529094888,-0.532896,0.7442,-0.772992,114.45,7.98,-119.28,Noise,Right
1706529094888,-0.546072,0.792512,-0.767624,115.15,-59.64,-106.96,Noise,Right
1706529094888,-0.528992,0.788608,-0.662704,141.33,-131.88,-100.45,Noise,Right
1706529094941,-0.568032,0.674416,-0.438224,159.32,-164.01,-97.93,Noise,Right
1706529094942,-0.687104,0.611464,-0.23912,143.43,-156.45,-92.68,Noise,Right
1706529094943,-0.77104,0.549976,-0.144936,116.41,-113.4,-85.19,Noise,Right
1706529094944,-0.742248,0.413824,-0.14396,92.12,-69.79,-75.39,Noise,Right
1706529094987,-0.749568,0.337696,-0.252784,47.32,-25.76,-56.63,Noise,Right
1706529094988,-0.749568,0.374296,-0.411872,-2.52,-3.43,-27.72,Noise,Right
1706529095034,-0.713456,0.473848,-0.59292,-54.53,-6.86,11.48,Noise,Right
1706529095034,-0.696864,0.593896,-0.658312,-112.49,-42.49,34.93,Noise,Right
1706529095034,-0.698328,0.691008,-0.5978,-124.32,-108.5,41.93,Noise,Right
1706529095080,-0.6954,0.737856,-0.393816,-77.49,-153.09,36.96,Noise,Right
1706529095081,-0.69296,0.74908,-0.162016,-29.75,-163.03,22.96,Noise,Right
1706529095081,-0.703208,0.698328,-0.03172,-4.34,-138.39,4.27,Noise,Right
1706529095132,-0.693936,0.609512,0.03904,19.46,-91.77,-18.48,Noise,Right
1706529095132,-0.71004,0.508984,-0.054656,47.95,-35.28,-35.42,Noise,Right
1706529095132,-0.72468,0.450424,-0.185928,66.57,-2.94,-41.44,Noise,Right
1706529095193,-0.748592,0.46604,-0.34648,62.23,0.49,-32.83,Noise,Right
1706529095201,-0.718824,0.514352,-0.406016,24.92,-33.11,-12.74,Noise,Right
1706529095204,-0.72468,0.568032,-0.379664,-18.41,-84.49,23.45,Noise,Right
1706529095222,-0.773968,0.594384,-0.224968,-36.47,-124.6,46.69,Noise,Right
1706529095222,-0.786168,0.684664,-0.032696,-38.01,-131.88,54.04,Noise,Right
1706529095269,-0.81252,0.745176,0.123464,-40.81,-108.71,44.52,Noise,Right
1706529095270,-0.779336,0.752008,0.179584,-44.52,-59.57,18.76,Noise,Right
1706529095270,-0.81496,0.66124,0.152744,-40.18,-10.01,-17.64,Noise,Right
1706529095315,-0.765672,0.517768,0.050752,-38.57,22.12,-25.41,Noise,Right
1706529095316,-0.748592,0.457256,-0.142984,-45.36,36.96,-9.1,Noise,Right
1706529095316,-0.697352,0.509472,-0.293776,-68.88,13.93,17.78,Noise,Right
1706529095361,-0.670512,0.608048,-0.332816,-88.9,-42.91,41.3,Noise,Right
1706529095362,-0.68808,0.667584,-0.220576,-55.16,-102.06,49.14,Noise,Right
1706529095362,-0.68564,0.731512,-0.023912,5.18,-128.8,31.15,Noise,Right
1706529095409,-0.725656,0.777872,0.230824,60.41,-114.52,7.42,Noise,Right
1706529095409,-0.75884,0.70272,0.44408,89.81,-56.7,-19.95,Noise,Right
1706529095455,-0.788608,0.66368,0.329888,75.39,12.25,-40.46,Noise,Right
1706529095455,-0.743224,0.613416,0.083936,75.11,41.65,-61.88,Noise,Right
1706529095456,-0.760304,0.495808,-0.030256,49.56,53.76,-51.59,Noise,Right
1706529095501,-0.781776,0.441152,-0.264496,-5.18,52.01,-23.03,Noise,Right
1706529095502,-0.767136,0.5002,-0.340136,-44.1,20.02,1.54,Noise,Right
1706529095549,-0.754448,0.586088,-0.260104,-97.65,-33.88,19.88,Noise,Right
1706529095549,-0.766648,0.654408,-0.115168,-99.68,-68.32,26.25,Noise,Right
1706529095550,-0.760304,0.710528,0.30988,-66.29,-63.42,17.99,Noise,Right
1706529095600,-0.687592,0.741272,0.466528,-80.92,-1.61,-1.47,Noise,Right
1706529095600,-0.696376,0.706624,0.211304,-64.33,21.21,-12.67,Noise,Right
1706529095600,-0.743224,0.647088,0.121024,-11.41,6.16,-20.16,Noise,Right
1706529095645,-0.772016,0.538264,0.040504,22.54,-4.27,-22.4,Noise,Right
1706529095645,-0.815936,0.48556,-0.118584,48.51,-3.36,-17.99,Noise,Right
1706529095645,-0.882304,0.49288,-0.199592,64.82,6.72,-11.62,Noise,Right
1706529095691,-0.886208,0.5246,-0.29768,60.69,14.28,-10.64,Noise,Right
1706529095692,-0.864248,0.511424,-0.309392,53.2,-17.57,-10.64,Noise,Right
1706529095692,-0.818376,0.510448,-0.137128,34.44,-33.32,0.42,Noise,Right
1706529095749,-0.7564,0.545096,0.30744,2.8,-18.69,14.98,Noise,Right
1706529095757,-0.709552,0.737368,0.26108,-40.88,10.71,10.29,Noise,Right
1706529095786,-0.61488,0.774944,0.211792,-12.25,0.98,-1.75,Noise,Right
1706529095787,-0.710528,0.721752,0.181536,7.42,-15.12,-8.75,Noise,Right
1706529095787,-0.802272,0.626104,0.053192,6.86,-15.47,-9.45,Noise,Right
1706529095832,-0.899384,0.574864,-0.048312,0.7,-6.37,-4.34,Noise,Right
1706529095832,-0.926712,0.532896,-0.083936,-8.19,13.44,-1.96,Noise,Right
1706529095834,-0.867664,0.505568,-0.137128,-22.68,30.8,-0.49,Noise,Right
1706529095880,-0.803248,0.545584,-0.232288,-33.67,31.36,5.11,Noise,Right
1706529095880,-0.761768,0.577792,-0.215208,-34.58,5.04,4.97,Noise,Right
1706529095881,-0.72956,0.584136,-0.114192,-34.65,-32.34,0.91,Noise,Right
1706529095925,-0.689056,0.585112,0.1098,-24.22,-53.06,4.62,Noise,Right
1706529095926,-0.645136,0.594384,0.330376,11.06,-34.58,8.47,Noise,Right
1706529095970,-0.633912,0.643184,0.316712,49.63,-17.99,15.61,Noise,Right
1706529095971,-0.681248,0.613416,0.257176,80.99,-16.45,20.16,Noise,Right
1706529095971,-0.770552,0.623176,0.206912,80.08,3.15,23.31,Noise,Right
1706529096017,-0.853024,0.638304,0.166408,67.76,47.04,16.17,Noise,Right
1706529096018,-0.785192,0.6832,-0.019032,27.86,87.64,-2.59,Noise,Right
1706529096019,-0.74908,0.65148,-0.191296,11.62,95.97,-19.18,Noise,Right
1706529096066,-0.769576,0.60512,-0.308416,-1.96,82.74,-28.84,Noise,Right
1706529096067,-0.742248,0.550464,-0.2928,-0.56,40.39,-28.0,Noise,Right
1706529096068,-0.721752,0.473848,-0.166408,-18.76,-1.68,-9.8,Noise,Right
1706529096114,-0.698328,0.449936,0.036112,-51.24,-24.92,21.28,Noise,Right
1706529096115,-0.644648,0.473848,0.22692,-96.81,-33.25,55.86,Noise,Right
1706529096116,-0.582672,0.548024,0.369904,-124.04,-30.66,92.12,Noise,Right
1706529096158,-0.567544,0.64172,0.389424,-131.6,-8.96,117.18,Noise,Right
1706529096158,-0.5978,0.75152,0.334768,-117.6,26.74,127.89,Noise,Right
1706529096203,-0.507032,0.853024,0.16836,-65.31,65.8,118.79,Noise,Right
1706529096204,-0.588528,0.935008,0.016104,13.86,98.63,87.78,Noise,Right
1706529096204,-0.60024,0.913536,-0.025376,81.69,115.71,26.81,Noise,Right
1706529096250,-0.547536,0.821304,-0.059536,75.04,111.09,-14.28,Noise,Right
1706529096251,-0.5612,0.676368,-0.030256,38.29,93.03,-20.44,Noise,Right
1706529096251,-0.542168,0.579744,0.019032,-28.7,72.8,7.56,Noise,Right
1706529096297,-0.565104,0.595848,0.016104,-82.32,63.91,69.44,Noise,Right
1706529096297,-0.514352,0.703208,0.02928,-145.67,64.19,143.71,Noise,Right
1706529096349,-0.532896,0.844728,0.074176,-206.01,79.87,199.57,Noise,Right
1706529096352,-0.462624,0.993568,-0.008296,-247.1,106.05,223.65,Noise,Right
1706529096356,-0.447984,1.046272,-0.03416,-249.69,110.53,223.37,Noise,Right
1706529096390,-0.406016,1.077016,0.015616,-212.94,89.88,195.58,Noise,Right
1706529096390,-0.38064,1.032608,-0.000976,-131.39,56.77,145.88,Noise,Right
1706529096390,-0.261568,0.953552,-0.001952,-41.09,37.38,80.57,Noise,Right
1706529096438,-0.200568,0.908168,0.022448,34.86,34.09,54.67,Noise,Right
1706529096438,-0.171288,0.969168,0.013176,19.04,40.04,78.82,Noise,Right
1706529096438,-0.160552,1.020408,0.00732,-23.45,43.75,131.81,Noise,Right
1706529096484,-0.074176,1.195112,0.017568,-91.77,31.36,178.01,Noise,Right
1706529096485,-0.028792,1.364448,0.048312,-156.8,15.12,190.12,Noise,Right
1706529096531,-0.055632,1.409832,0.15128,-206.5,7.77,147.42,Noise,Right
1706529096532,-0.076616,1.306376,0.223504,-204.26,9.94,78.47,Noise,Right
1706529096532,-0.122976,1.0736,0.264008,-134.26,9.45,6.79,Noise,Right
1706529096577,-0.125416,0.850584,0.303048,-59.57,-4.2,-39.48,Noise,Right
1706529096577,-0.145424,0.730536,0.310368,-23.73,-20.16,-51.73,Noise,Right
1706529096577,-0.051728,0.732488,0.2806,-57.54,-20.93,-8.4,Noise,Right
1706529096625,-0.022936,0.777872,0.3172,-121.94,-17.92,68.11,Noise,Right
1706529096626,0.125904,1.024312,0.2928,-147.91,-26.81,157.57,Noise,Right
1706529096626,0.146888,1.148264,0.39284,-150.78,-41.09,207.41,Noise,Right
1706529096677,0.172264,1.286368,0.528504,-146.72,-48.44,194.04,Noise,Right
1706529096678,0.230824,1.290272,0.577792,-138.46,-33.95,117.18,Noise,Right
1706529096792,0.18544,1.011624,0.594872,-102.06,2.24,32.97,Noise,Right
1706529096794,0.16104,0.933056,0.530456,15.26,21.0,-52.71,Noise,Right
1706529096795,0.067344,0.733464,0.526064,8.19,20.37,-93.8,Noise,Right
1706529096796,0.072712,0.61488,0.5002,-36.89,8.4,-84.49,Noise,Right
1706529096796,0.081984,0.440664,0.491904,-118.3,-2.66,-23.31,Noise,Right
1706529096796,0.11956,0.549488,0.549,-152.32,-29.75,62.3,Noise,Right
1706529096796,0.249856,0.673928,0.597312,-98.63,-69.86,142.17,Noise,Right
1706529096842,0.2928,0.821304,0.670512,-70.63,-86.66,166.11,Noise,Right
1706529096842,0.4514,1.40056,1.163392,-7.07,-30.1,80.71,Noise,Right
1706529096843,0.33916,0.937448,0.743712,-54.81,16.87,-16.31,Noise,Right
1706529096903,0.223992,0.667096,0.580232,-47.95,-26.88,-23.03,Noise,Right
1706529096910,0.193248,0.569984,0.696376,-64.68,-28.63,-24.43,Noise,Right
1706529096913,0.223016,0.418704,0.665632,-112.14,-21.84,-1.54,Noise,Right
1706529096936,0.166408,0.3416,0.64416,-123.97,-16.24,25.48,Noise,Right
1706529096936,0.228384,0.31476,0.66368,-114.1,-32.41,50.54,Noise,Right
1706529096937,0.2928,0.340136,0.687592,-92.61,-66.22,77.49,Noise,Right
1706529096985,0.54168,0.694912,0.850096,190.05,38.57,-11.55,Noise,Right
1706529096986,0.447008,0.80032,0.863272,-12.39,-14.56,15.61,Noise,Right
1706529096986,0.416752,0.685152,0.879376,49.35,-17.92,-12.6,Noise,Right
1706529097032,0.355264,0.587064,0.860344,51.94,-22.96,-3.57,Noise,Right
1706529097033,0.309392,0.577304,0.798368,50.89,-24.99,-0.07,Noise,Right
1706529097078,0.26108,0.583648,0.745176,39.27,-21.49,3.5,Noise,Right
1706529097080,0.218136,0.56608,0.67588,17.01,-14.35,6.37,Noise,Right
1706529097080,0.218624,0.568032,0.64172,-9.8,-5.6,6.02,Noise,Right
1706529097122,0.27084,0.599752,0.662704,-21.77,0.63,3.99,Noise,Right
1706529097122,0.316224,0.630496,0.695888,-18.34,1.54,-1.19,Noise,Right
1706529097122,0.357704,0.674904,0.755912,-11.48,-4.76,-10.99,Noise,Right
1706529097169,0.382592,0.686616,0.815448,-4.97,-13.16,-14.63,Noise,Right
1706529097169,0.426024,0.672952,0.849608,0.56,-24.29,-18.97,Noise,Right
1706529097170,0.365024,0.59292,0.813008,15.96,-30.87,-18.48,Noise,Right
1706529097217,0.303048,0.484584,0.740784,35.7,-25.34,-12.32,Noise,Right
1706529097218,0.25376,0.506056,0.67832,53.55,-9.59,-3.43,Noise,Right
1706529097264,0.244,0.57584,0.615856,72.87,3.29,-4.34,Noise,Right
1706529097264,0.259616,0.638304,0.613416,74.83,14.07,-6.86,Noise,Right
1706529097264,0.268888,0.690032,0.582184,59.64,19.11,-9.38,Noise,Right
1706529097310,0.300608,0.726632,0.608048,34.65,15.33,-13.16,Noise,Right
1706529097311,0.324032,0.744688,0.747616,-1.75,11.13,-14.63,Noise,Right
1706529097311,0.371368,0.691984,0.806176,-19.6,-0.07,-14.14,Noise,Right
1706529097357,0.370392,0.635864,0.89792,-37.87,-5.81,-10.08,Noise,Right
1706529097357,0.330864,0.613904,0.890112,-77.35,-9.8,-1.68,Noise,Right
1706529097358,0.338184,0.591456,0.861808,-145.67,-21.77,-2.59,Noise,Right
1706529097405,0.235704,0.571936,0.77592,-102.69,-24.01,-9.45,Noise,Right
1706529097405,0.272304,0.545584,0.668072,-36.05,-20.3,-20.09,Noise,Right
1706529097464,0.25132,0.529968,0.573888,-8.75,-19.81,-33.81,Noise,Right
1706529097471,0.214232,0.681736,0.586088,38.57,-1.4,-24.99,Noise,Right
1706529097474,0.308904,0.78568,0.5856,86.1,19.11,-8.26,Noise,Right
1706529097498,0.360632,0.867664,0.663192,115.36,35.56,10.92,Noise,Right
1706529097499,0.355752,0.772504,0.873032,64.61,33.6,29.61,Noise,Right
1706529097499,0.444568,0.678808,0.898408,19.46,17.29,31.01,Noise,Right
1706529097548,0.408944,0.5856,0.972096,33.95,-8.19,13.72,Noise,Right
1706529097548,0.46604,0.625128,0.855464,24.64,-23.03,6.37,Noise,Right
1706529097548,0.227408,0.590968,0.804712,29.05,-41.23,-8.19,Noise,Right
1706529097592,0.143472,0.511912,0.6466,17.78,-40.46,-13.93,Noise,Right
1706529097592,0.205448,0.457744,0.63684,10.36,-18.97,-14.84,Noise,Right
1706529097594,0.304024,0.588528,0.64172,13.02,5.67,-13.86,Noise,Right
1706529097638,0.313784,0.631472,0.747616,35.77,22.26,-14.42,Noise,Right
1706529097640,0.478728,0.846192,0.730536,14.84,39.62,-5.32,Noise,Right
1706529097690,0.52704,1.045784,0.721752,34.51,50.75,-0.91,Noise,Right
1706529097690,0.4514,1.152656,0.568032,59.43,30.52,-33.6,Noise,Right
1706529097690,0.406504,1.086776,0.747616,98.77,-9.94,-109.62,Noise,Right
1706529097733,0.306464,0.313784,0.781776,73.15,-12.88,-88.48,Noise,Right
1706529097733,0.144448,0.632448,0.75396,68.74,-3.85,-38.01,Noise,Right
1706529097734,0.284016,0.99064,0.717848,81.2,-0.91,-70.42,Noise,Right
1706529097780,0.130784,0.807152,0.701256,42.21,12.53,-120.12,Noise,Right
1706529097781,0.008784,0.560224,0.701744,27.23,26.25,-105.91,Noise,Right
1706529097781,-0.011712,0.485072,0.665144,-11.2,36.61,-54.53,Noise,Right
1706529097826,-0.015616,0.537288,0.688568,-48.16,37.24,-4.62,Noise,Right
1706529097827,0.041968,0.632448,0.722728,-66.43,39.83,23.1,Noise,Right
1706529097872,0.028792,0.651968,0.724192,-67.2,48.09,26.6,Noise,Right
1706529097873,0.02928,0.74664,0.609512,-52.36,53.2,21.07,Noise,Right
1706529097873,0.021472,0.768112,0.53436,-55.86,37.8,6.72,Noise,Right
1706529097920,-0.037576,0.77104,0.49776,-38.99,9.24,-24.85,Noise,Right
1706529097921,0.00244,0.66368,0.496784,22.47,-6.3,-47.67,Noise,Right
1706529097921,-0.02928,0.61976,0.52704,111.02,-8.89,-40.32,Noise,Right
1706529097967,-0.021472,0.625128,0.56364,177.03,-14.84,-15.61,Noise,Right
1706529097967,-0.01708,0.702232,0.544608,182.14,-34.16,13.3,Noise,Right
1706529097967,-0.032696,0.794464,0.53192,176.05,-46.2,36.75,Noise,Right
1706529098025,0.010248,0.874008,0.52948,140.14,-47.18,55.72,Noise,Right
1706529098032,0.01464,0.971608,0.550952,87.57,-40.88,60.27,Noise,Right
1706529098059,0.042944,1.065304,0.575352,17.64,-28.35,43.4,Noise,Right
1706529098060,0.041968,1.082384,0.550952,-20.51,-5.32,7.56,Noise,Right
1706529098060,0.084424,1.008696,0.495808,-47.53,3.64,-25.76,Noise,Right
1706529098107,0.076616,0.90524,0.439688,-56.91,-0.35,-36.47,Noise,Right
1706529098107,0.064904,0.818864,0.452376,-61.11,-12.39,-27.09,Noise,Right
1706529098107,0.069296,0.778848,0.49776,-69.37,-28.49,-1.47,Noise,Right
1706529098154,0.094184,0.732488,0.571448,-74.97,-44.52,22.05,Noise,Right
1706529098154,0.138104,0.74908,0.580232,-78.96,-51.73,42.56,Noise,Right
1706529098155,0.204472,0.785192,0.611464,-48.65,-52.36,53.9,Noise,Right
1706529098200,0.223504,0.826672,0.626592,8.89,-42.77,50.12,Noise,Right
1706529098201,0.220576,0.818864,0.647088,64.12,-31.15,30.31,Noise,Right
1706529098247,0.212768,0.81984,0.58804,72.73,-26.39,17.15,Noise,Right
1706529098247,0.256688,0.799832,0.5368,51.59,-25.34,17.64,Noise,Right
1706529098248,0.284992,0.815936,0.526064,-21.98,-24.57,32.76,Noise,Right
1706529098294,0.382104,0.894016,0.54656,-92.96,-24.57,45.08,Noise,Right
1706529098294,0.411384,0.957944,0.606096,-135.1,-25.2,18.13,Noise,Right
1706529098294,0.446032,0.920856,0.652944,-150.78,-24.64,4.55,Noise,Right
1706529098340,0.418216,0.815936,0.712968,-123.06,-20.72,-23.1,Noise,Right
1706529098340,0.394304,0.6832,0.721264,-98.07,-19.67,-37.94,Noise,Right
1706529098388,0.367464,0.578768,0.687104,-84.49,-19.39,-35.91,Noise,Right
1706529098388,0.347456,0.506056,0.600728,-78.75,-19.74,-11.9,Noise,Right
1706529098389,0.340136,0.479704,0.517768,-56.07,-25.9,33.18,Noise,Right
1706529098434,0.365024,0.567056,0.476776,-10.85,-38.85,65.87,Noise,Right
1706529098436,0.399184,0.684176,0.54412,26.32,-57.19,69.3,Noise,Right
1706529098436,0.430904,1.021872,1.077992,20.02,34.23,-28.63,Noise,Right
1706529098481,0.488,0.808616,0.825696,-47.32,-22.96,-6.93,Noise,Right
1706529098482,0.435296,0.640744,0.720776,-41.79,-44.38,-29.47,Noise,Right
1706529098482,0.374296,0.592432,0.845216,-70.49,-43.19,-38.22,Noise,Right
1706529098529,0.353312,0.403576,0.87596,-97.93,-3.01,-23.59,Noise,Right
1706529098530,0.231312,0.166896,0.71492,-101.99,15.12,21.14,Noise,Right
1706529098530,0.216184,0.100528,0.540704,-78.89,-16.52,89.46,Noise,Right
1706529098580,0.543144,1.353712,1.144848,-0.77,-24.36,99.05,Noise,Right
1706529098587,0.654896,1.026752,0.676368,71.68,7.91,23.59,Noise,Right
1706529098624,0.463112,0.608048,0.75152,100.59,-7.07,16.17,Noise,Right
1706529098624,0.36112,0.699304,0.828136,78.26,-26.32,-2.8,Noise,Right
1706529098624,0.37576,0.56852,0.882792,50.89,-31.71,-2.38,Noise,Right
1706529098672,0.32696,0.487512,0.809104,36.75,-30.52,3.92,Noise,Right
1706529098675,0.28792,0.485072,0.704672,-11.13,-24.64,4.97,Noise,Right
1706529098676,0.237656,0.476288,0.5612,-46.27,-15.61,2.73,Noise,Right
1706529098719,0.217648,0.522648,0.505568,-67.62,-3.57,0.49,Noise,Right
1706529098719,0.304024,0.410408,0.577304,-91.98,20.3,19.67,Noise,Right
1706529098720,0.432856,0.772992,0.518256,-17.5,19.04,18.2,Noise,Right
1706529098853,0.61976,0.776408,0.789584,-16.17,10.5,21.35,Noise,Right
1706529098854,0.5856,0.730536,1.092632,-11.48,-0.91,18.13,Noise,Right
1706529098854,0.46604,0.491416,1.157536,23.17,-16.1,23.59,Noise,Right
1706529098854,0.418704,0.426512,1.069696,95.97,-30.94,19.95,Noise,Right
1706529098854,0.348432,0.453352,0.855464,121.87,-38.78,15.61,Noise,Right
1706529098854,0.27572,0.452864,0.7076,100.03,-40.25,8.75,Noise,Right
1706529098855,0.233264,0.472872,0.541192,49.49,-30.73,-0.21,Noise,Right
1706529098902,0.269376,0.559736,0.366488,-1.12,-14.0,2.38,Noise,Right
1706529098904,0.418704,0.732488,0.384056,-81.9,-4.62,8.19,Noise,Right
1706529098905,0.704672,0.769576,0.671976,-105.63,1.75,12.04,Noise,Right
1706529098905,0.906216,0.803248,0.91988,-133.28,4.83,19.11,Noise,Right
1706529098953,0.71004,0.660752,1.002352,-131.6,6.16,24.85,Noise,Right
1706529098954,0.549488,0.44652,0.94428,-96.18,-9.03,29.12,Noise,Right
1706529099070,0.460184,0.326472,0.893528,-37.31,-26.18,21.42,Noise,Right
1706529099071,0.396256,0.288408,0.812032,25.83,-31.36,16.87,Noise,Right
1706529099071,0.28548,0.298656,0.706624,51.03,-26.53,12.04,Noise,Right
1706529099071,0.38064,0.389912,0.609512,40.32,-14.98,3.29,Noise,Right
1706529099071,0.411384,0.384544,0.50264,10.57,-3.43,-3.64,Noise,Right
1706529099071,0.430416,0.404064,0.54656,-22.96,9.94,-8.33,Noise,Right
1706529099071,0.382104,0.498736,0.461648,-42.98,11.06,-4.55,Noise,Right
1706529099135,0.556808,0.533872,0.816424,-59.78,16.52,2.1,Noise,Right
1706529099142,0.68076,0.558272,0.87596,-69.09,22.68,5.81,Noise,Right
1706529099152,0.555344,0.562176,0.99552,-36.19,16.24,14.35,Noise,Right
1706529099169,0.511912,0.389912,0.964288,-32.83,4.9,12.81,Noise,Right
1706529099169,0.442128,0.406992,1.01016,41.72,-12.04,12.74,Noise,Right
1706529099169,0.447984,0.315248,0.929152,92.68,-22.75,11.62,Noise,Right
1706529099217,0.456768,0.450912,0.793976,54.25,-23.17,6.86,Noise,Right
1706529099217,0.44896,0.462624,0.743224,43.61,-21.7,7.49,Noise,Right
1706529099217,0.428464,0.449936,0.671488,19.46,-14.14,8.05,Noise,Right
1706529099262,0.391376,0.482144,0.604144,-9.24,-4.62,9.45,Noise,Right
1706529099262,0.523136,0.394792,0.667584,-29.4,3.15,10.92,Noise,Right
1706529099262,0.576816,0.36844,0.786656,-29.19,6.02,9.73,Noise,Right
1706529099309,0.515816,0.36112,0.889136,-23.94,2.45,5.74,Noise,Right
1706529099309,0.515328,0.361608,0.921344,-23.03,-3.29,1.89,Noise,Right
1706529099355,0.50752,0.298168,0.94672,-19.11,-12.25,-3.99,Noise,Right
1706529099355,0.430904,0.382592,0.940864,11.76,-18.27,-12.53,Noise,Right
1706529099355,0.528992,0.333792,0.825208,28.49,-23.52,-16.87,Noise,Right
1706529099402,0.609024,0.4392,0.71736,42.84,-24.78,-17.5,Noise,Right
1706529099403,0.687592,0.568032,0.672464,70.91,-23.31,-11.83,Noise,Right
1706529099403,0.593896,0.554856,0.621224,109.48,-16.8,-5.67,Noise,Right
1706529099449,0.562176,0.500688,0.62952,186.76,-20.02,-8.82,Noise,Right
1706529099451,0.33428,0.543632,0.47092,259.77,-33.11,-33.25,Noise,Right
1706529099451,0.320616,0.472872,0.42944,283.01,-53.34,-65.87,Noise,Right
1706529099497,0.394304,0.508008,0.613904,253.05,-54.39,-92.54,Noise,Right
1706529099498,0.506544,0.528992,0.648064,185.01,14.91,-118.58,Noise,Right
1706529099499,0.535824,0.546072,0.58072,153.72,50.75,-103.25,Noise,Right
1706529099546,0.510936,0.594872,0.51972,145.88,44.31,-68.95,Noise,Right
1706529099547,0.503616,0.698328,0.453352,157.64,28.28,-41.37,Noise,Right
1706529099667,0.484584,0.870104,0.37576,212.38,16.8,-38.64,Noise,Right
1706529099667,0.457744,1.021384,0.270352,245.42,5.67,-63.28,Noise,Right
1706529099668,0.384056,0.996008,0.173728,282.73,-14.91,-94.92,Noise,Right
1706529099668,0.388936,0.95892,0.1586,292.46,-23.8,-125.58,Noise,Right
1706529099668,0.335256,0.898408,0.16836,249.69,-17.57,-143.01,Noise,Right
1706529099668,0.303536,0.8052,0.159088,188.44,6.02,-109.9,Noise,Right
1706529099668,0.242536,0.7808,0.030744,154.21,35.14,-82.95,Noise,Right
1706529099715,0.240584,0.833016,-0.218136,166.74,37.52,-44.52,Noise,Right
1706529099718,0.304512,1.041392,-0.412848,240.24,0.91,-23.59,Noise,Right
1706529099723,0.259128,1.210728,-0.529968,305.9,-55.86,-28.56,Noise,Right
1706529099759,0.228384,1.274656,-0.503128,320.67,-105.56,-57.89,Noise,Right
1706529099759,0.1952,1.211704,-0.390888,303.17,-121.73,-98.42,Noise,Right
1706529099759,0.110288,1.062864,-0.288408,272.65,-97.3,-123.48,Noise,Right
1706529099805,0.02684,0.875472,-0.316224,206.57,-52.99,-133.14,Noise,Right
1706529099805,-0.008296,0.732,-0.452376,148.82,-5.39,-129.64,Noise,Right
1706529099807,-0.033184,0.626104,-0.606584,93.66,28.77,-110.32,Noise,Right
1706529099852,-0.002928,0.603168,-0.792024,45.5,46.06,-70.7,Noise,Right
1706529099852,0.008296,0.691496,-0.995032,2.66,32.41,-41.65,Noise,Right
1706529099901,-0.00976,0.88572,-1.034072,-31.22,-15.61,-33.11,Noise,Right
1706529099901,-0.067344,0.977464,-0.966728,-22.12,-73.43,-52.29,Noise,Right
1706529099901,-0.106872,0.982344,-0.80276,-28.28,-105.28,-81.06,Noise,Right
1706529099946,-0.101504,0.933544,-0.629032,-22.61,-120.96,-106.19,Noise,Right
1706529099947,-0.135176,0.824232,-0.515816,3.85,-121.1,-115.22,Noise,Right
1706529099947,-0.212768,0.730536,-0.450912,49.49,-95.55,-104.79,Noise,Right
1706529099991,-0.300608,0.68076,-0.525576,69.16,-58.87,-82.95,Noise,Right
1706529099991,-0.366488,0.72956,-0.675392,60.9,-33.46,-65.94,Noise,Right
1706529099992,-0.380152,0.790072,-0.852048,3.99,-29.4,-61.6,Noise,Right
1706529100041,-0.350872,0.815936,-0.902312,-32.9,-53.76,-76.16,Noise,Right
1706529100041,-0.3538,0.791048,-0.756888,-66.29,-96.46,-86.94,Noise,Right
1706529100089,-0.413824,0.744688,-0.572424,-67.97,-122.29,-84.42,Noise,Right
1706529100090,-0.474824,0.717848,-0.381616,-27.65,-127.26,-71.68,Noise,Right
1706529100091,-0.497272,0.730048,-0.22936,13.58,-113.75,-56.14,Noise,Right
1706529100212,-0.535824,0.72956,-0.22692,19.53,-80.92,-51.17,Noise,Right
1706529100212,-0.558272,0.679296,-0.291824,16.73,-43.33,-54.88,Noise,Right
1706529100213,-0.55876,0.594872,-0.369416,-3.15,-28.07,-46.55,Noise,Right
1706529100214,-0.515328,0.567544,-0.426024,-16.31,-28.14,-15.12,Noise,Right
1706529100215,-0.424072,0.715408,-0.493856,-40.81,-39.55,29.4,Noise,Right
1706529100216,-0.403576,0.879376,-0.50264,-71.26,-65.94,55.37,Noise,Right
1706529100216,-0.411384,0.976,-0.40992,-67.06,-101.64,31.71,Noise,Right
1706529100258,-0.451888,0.981368,-0.203008,5.18,-130.97,-11.9,Noise,Right
1706529100265,-0.477264,0.923784,-0.074176,77.98,-130.97,-47.32,Noise,Right
1706529100265,-0.52216,0.843264,-0.00732,97.58,-98.91,-65.17,Noise,Right
1706529100304,-0.561688,0.70028,-0.036112,85.96,-50.96,-70.35,Noise,Right
1706529100305,-0.59292,0.534848,-0.101504,55.44,-14.35,-61.39,Noise,Right
1706529100305,-0.638304,0.439688,-0.253272,24.64,12.46,-24.57,Noise,Right
1706529100350,-0.552904,0.511912,-0.381128,-20.65,16.66,27.16,Noise,Right
1706529100351,-0.526552,0.674904,-0.456768,-94.71,-5.25,59.99,Noise,Right
1706529100351,-0.54412,0.80032,-0.425536,-149.45,-36.4,61.46,Noise,Right
1706529100397,-0.544608,0.85888,-0.335256,-155.89,-58.52,32.27,Noise,Right
1706529100398,-0.557784,0.891576,-0.202032,-106.89,-71.33,7.84,Noise,Right
1706529100398,-0.532408,0.907192,-0.083936,-31.01,-72.66,-12.88,Noise,Right
1706529100444,-0.558272,0.875472,-0.055144,36.26,-56.84,-33.18,Noise,Right
1706529100445,-0.594384,0.776408,-0.045872,76.65,-32.69,-51.03,Noise,Right
1706529100491,-0.591456,0.67832,-0.062464,92.19,-10.43,-50.68,Noise,Right
1706529100492,-0.57828,0.648064,-0.181536,77.21,10.08,-28.35,Noise,Right
1706529100492,-0.570472,0.685152,-0.318176,20.16,9.1,-4.83,Noise,Right
1706529100539,-0.557296,0.733952,-0.335256,-43.12,-21.14,2.03,Noise,Right
1706529100539,-0.587552,0.7442,-0.237168,-83.3,-48.09,-0.28,Noise,Right
1706529100541,-0.599264,0.72468,-0.096136,-97.79,-59.92,-7.98,Noise,Right
1706529100585,-0.624152,0.724192,0.037576,-75.67,-56.35,-9.8,Noise,Right
1706529100586,-0.609512,0.7076,0.082472,-43.54,-30.73,-13.16,Noise,Right
1706529100586,-0.68564,0.733952,0.0122,-7.84,0.56,-23.52,Noise,Right
1706529100636,-0.688568,0.657824,-0.069784,3.08,13.79,-26.53,Noise,Right
1706529100636,-0.676856,0.608536,-0.14152,9.31,21.49,-11.83,Noise,Right
1706529100723,-0.642696,0.644648,-0.262544,-1.82,21.7,17.29,Noise,Right
1706529100724,-0.597312,0.79056,-0.357216,-31.99,-0.35,37.45,Noise,Right
1706529100724,-0.596336,0.886208,-0.349896,-51.38,-36.68,32.34,Noise,Right
1706529100724,-0.582184,0.936472,-0.235216,-34.58,-72.66,3.01,Noise,Right
1706529100724,-0.568032,0.850096,0.039528,10.01,-87.99,-26.25,Noise,Right
1706529100725,-0.572912,0.669048,0.379176,45.78,-57.12,-26.88,Noise,Right
1706529100774,-0.678808,0.666608,0.310856,32.9,9.45,-9.31,Noise,Right
1706529100774,-0.640744,0.659776,-0.016104,26.46,24.29,-12.04,Noise,Right
1706529100774,-0.642208,0.66368,-0.121024,44.24,31.36,-6.23,Noise,Right
1706529100829,-0.678808,0.6344,-0.198128,29.19,39.76,4.76,Noise,Right
1706529100830,-0.652944,0.715896,-0.344528,-3.57,42.56,16.94,Noise,Right
1706529100867,-0.592432,0.81984,-0.454328,-50.96,18.69,25.69,Noise,Right
1706529100867,-0.625616,0.872056,-0.447496,-89.95,-34.65,21.63,Noise,Right
1706529100868,-0.642208,0.896944,-0.1586,-89.6,-75.6,12.18,Noise,Right
1706529100912,-0.59292,0.850096,0.22692,-49.84,-59.08,4.55,Noise,Right
1706529100914,-0.549,0.842776,0.33672,-49.21,-8.75,-1.89,Noise,Right
1706529100914,-0.540704,0.808128,0.118096,-24.36,9.45,-7.91,Noise,Right
1706529100962,-0.644648,0.7198,0.003904,32.2,-3.5,-15.47,Noise,Right
1706529100962,-0.646112,0.668072,-0.144936,89.32,-6.93,-15.96,Noise,Right
1706529101006,-0.68808,0.708088,-0.255712,115.57,-1.96,-7.56,Noise,Right
1706529101006,-0.695888,0.749568,-0.363072,74.55,5.11,-7.7,Noise,Right
1706529101007,-0.685152,0.740296,-0.42212,8.26,-0.63,-15.12,Noise,Right
1706529101052,-0.650016,0.71004,-0.238144,-28.21,-27.65,-9.66,Noise,Right
1706529101052,-0.632936,0.66368,0.194224,-52.08,-12.88,5.74,Noise,Right
1706529101052,-0.586576,0.794464,0.182024,-97.72,17.78,12.95,Noise,Right
1706529101099,-0.515816,0.836432,0.134688,-92.54,7.28,10.99,Noise,Right
1706529101100,-0.532408,0.8296,0.140544,-81.06,-9.38,3.92,Noise,Right
1706529101100,-0.598288,0.791048,0.074176,-59.5,-18.06,1.33,Noise,Right
1706529101146,-0.68808,0.758352,-0.04392,-34.86,-14.77,3.71,Noise,Right
1706529101146,-0.741272,0.740784,-0.066368,-4.97,-4.41,5.32,Noise,Right
1706529101194,-0.704184,0.704672,-0.12444,14.7,11.69,3.57,Noise,Right
1706529101194,-0.612928,0.740784,-0.152744,13.16,34.65,8.75,Noise,Right
1706529101194,-0.585112,0.79056,-0.193248,-5.6,36.89,14.56,Noise,Right
1706529101242,-0.562664,0.795928,-0.154696,-14.84,1.54,10.29,Noise,Right
1706529101242,-0.557296,0.78324,-0.001952,-14.07,-28.56,10.92,Noise,Right
1706529101242,-0.569008,0.75884,0.177632,-5.04,-39.76,17.01,Noise,Right
1706529101287,-0.589016,0.798856,0.339648,9.94,-31.99,21.49,Noise,Right
1706529101287,-0.547536,0.731024,0.455304,24.64,-6.65,22.4,Noise,Right
1706529101288,-0.498736,0.736392,0.461648,27.09,50.61,17.5,Noise,Right
1706529101336,-0.523136,0.728096,0.329888,20.37,93.03,10.57,Noise,Right
1706529101336,-0.535336,0.643672,0.179096,30.94,115.78,12.11,Noise,Right
1706529101396,-0.504592,0.589016,0.029768,41.58,130.97,29.26,Noise,Right
1706529101404,-0.457744,0.636352,-0.15616,27.44,139.09,60.69,Noise,Right
1706529101413,-0.40992,0.770552,-0.335256,-13.09,121.31,79.24,Noise,Right
1706529101426,-0.42456,0.86376,-0.323544,-67.34,71.82,77.28,Noise,Right
1706529101426,-0.474824,0.880352,-0.212768,-117.46,20.65,59.64,Noise,Right
1706529101426,-0.425048,0.790072,-0.044896,-122.01,-9.73,39.2,Noise,Right
1706529101475,-0.39772,0.714432,0.10736,-87.29,-20.72,42.77,Noise,Right
1706529101476,-0.435784,0.699792,0.2318,-15.4,-13.16,66.92,Noise,Right
1706529101476,-0.48068,0.776896,0.196176,50.61,29.54,94.64,Noise,Right
1706529101520,-0.39772,0.935008,0.018056,95.62,79.03,108.78,Noise,Right
1706529101520,-0.31476,1.08092,-0.28304,85.54,101.36,106.4,Noise,Right
1706529101566,-0.279624,1.18828,-0.43676,28.42,88.34,82.32,Noise,Right
1706529101566,-0.271328,1.204384,-0.407968,-38.99,49.49,43.82,Noise,Right
1706529101566,-0.272304,1.091168,-0.20496,-104.86,15.33,10.57,Noise,Right
1706529101613,-0.250832,0.915488,0.010248,-168.7,5.74,-0.91,Noise,Right
1706529101613,-0.254736,0.832528,0.1098,-211.61,10.01,16.1,Noise,Right
1706529101613,-0.227896,0.838872,0.151768,-233.59,20.51,57.47,Noise,Right
1706529101661,-0.227896,0.899384,0.12932,-246.4,24.36,107.31,Noise,Right
1706529101661,-0.194712,0.981856,0.113216,-225.05,22.68,134.47,Noise,Right
1706529101707,-0.126392,1.069696,0.101504,-165.48,18.27,146.72,Noise,Right
1706529101708,-0.062952,1.194624,0.06344,-64.54,13.23,140.7,Noise,Right
1706529101708,-0.108824,1.20536,0.102968,22.12,0.21,104.58,Noise,Right
1706529101752,-0.114192,1.12972,0.203496,45.22,-25.27,39.9,Noise,Right
1706529101752,-0.077592,0.992592,0.286944,32.34,-48.16,7.49,Noise,Right
1706529101752,-0.030256,0.936472,0.405528,-1.47,-38.64,14.91,Noise,Right
1706529101798,0.020008,0.993568,0.407968,-44.87,4.2,54.74,Noise,Right
1706529101799,0.008296,1.07604,0.325008,-84.77,48.23,86.38,Noise,Right
1706529101799,0.01464,1.107272,0.249368,-118.51,62.3,95.06,Noise,Right
1706529101849,0.013664,1.0736,0.228872,-124.6,52.99,92.61,Noise,Right
1706529101849,0.040016,1.048712,0.198128,-105.28,31.36,87.92,Noise,Right
1706529101850,0.108336,1.121912,0.205448,-75.32,3.15,76.51,Noise,Right
1706529101971,0.027816,1.109712,0.294752,-30.8,-36.96,36.61,Noise,Right
1706529101972,0.069296,0.987712,0.306464,34.93,-67.62,-30.45,Noise,Right
1706529101980,0.108336,0.882792,0.44896,86.8,-77.98,-71.12,Noise,Right
1706529101982,0.069296,0.813984,0.577304,76.65,-56.91,-56.07,Noise,Right
1706529101993,0.065392,0.819352,0.554368,36.68,-7.21,-16.38,Noise,Right
1706529101994,0.092232,0.899872,0.454816,-14.98,42.21,33.25,Noise,Right
1706529102005,0.08784,0.930616,0.311344,-113.47,65.66,71.54,Noise,Right
1706529102005,0.101504,0.997472,0.188856,-170.1,60.27,96.53,Noise,Right
1706529102005,0.134688,1.05652,0.171288,-166.67,2.87,96.46,Noise,Right
1706529102156,0.12444,1.044808,0.272304,-141.54,-35.42,70.42,Noise,Right
1706529102157,0.138592,0.94428,0.381616,-105.49,-66.22,26.32,Noise,Right
1706529102157,0.17568,0.839848,0.44896,-14.21,-75.18,-9.52,Noise,Right
1706529102158,0.208864,0.773968,0.59536,74.69,-68.04,-0.42,Noise,Right
1706529102158,0.205936,0.78568,0.642696,96.11,-48.09,-0.91,Noise,Right
1706529102158,0.215208,0.860344,0.586576,89.39,-6.65,21.91,Noise,Right
1706529102158,0.27572,0.990152,0.501176,14.7,20.09,36.82,Noise,Right
1706529102268,0.222528,0.587064,0.816912,-31.92,-26.25,15.68,Noise,Right
1706529102524,0.310856,0.5368,0.797392,-62.51,-3.85,5.46,Noise,Right
1706529102798,0.336232,0.419192,0.82716,215.95,-28.07,-34.51,Noise,Right
1706529130782,0.562664,-0.174216,-0.794464,-1.05,-0.91,-2.1,Noise,Right
1706529130782,0.563152,-0.169336,-0.809104,-1.19,-1.05,-2.24,Noise,Right
1706529130782,0.560712,-0.17324,-0.798856,-0.91,-1.05,-2.38,Noise,Right
1706529130909,0.559248,-0.177632,-0.799832,-1.19,-0.98,-2.17,Noise,Right
1706529130910,0.561688,-0.177632,-0.796904,-1.47,-0.77,-2.1,Noise,Right
1706529130910,0.555832,-0.19032,-0.7808,-1.75,-0.56,-2.59,Noise,Right
1706529130911,0.529968,-0.134688,-0.831064,-12.32,2.8,13.93,Noise,Right
1706529130911,0.538264,-0.189832,-0.821792,-11.62,2.1,12.39,Noise,Right
1706529130912,0.526552,-0.1708,-0.813984,-10.15,1.82,9.94,Noise,Right
1706529130912,0.551928,-0.29524,-0.781776,-13.58,2.73,13.51,Noise,Right
1706529130969,0.537776,-0.303536,-0.793976,-25.13,10.01,11.34,Noise,Right
1706529130969,0.510936,-0.317688,-0.752008,-10.01,5.04,-3.29,Noise,Right
1706529130970,0.625128,-0.013176,-0.78568,23.87,-13.44,-15.12,Noise,Right
1706529130970,0.52948,-0.099552,-0.808128,10.64,-3.01,-14.84,Noise,Right
1706529131031,0.52948,-0.121024,-0.855952,1.12,-1.96,-4.76,Noise,Right
1706529131031,0.500688,-0.15616,-0.840824,-2.66,-0.42,0.0,Noise,Right
1706529131032,0.509472,-0.129808,-0.833016,-0.98,-0.7,-2.8,Noise,Right
1706529131152,0.564616,-0.17324,-0.808616,-1.19,-0.63,-2.24,Noise,Right
1706529131152,0.574864,-0.179096,-0.798856,-0.84,-1.05,-2.17,Noise,Right
1706529131152,0.571448,-0.179096,-0.76372,-1.33,-0.98,-2.52,Noise,Right
1706529131153,0.638304,-0.221552,-0.743712,-0.63,-1.12,-3.71,Noise,Right
1706529131153,0.548512,-0.203008,-0.824232,4.27,-2.38,-10.71,Noise,Right
1706529131153,0.52704,-0.155184,-0.83204,5.04,-2.59,-11.41,Noise,Right
1706529131240,0.535336,-0.093208,-0.837408,3.85,-2.59,-8.12,Noise,Right
1706529131240,0.550952,-0.152256,-0.806664,-0.7,-1.05,-2.73,Noise,Right
1706529131241,0.537288,-0.176168,-0.796904,-0.14,-1.47,-0.98,Noise,Right
1706529131241,0.589992,-0.124928,-0.784704,-0.77,-0.98,-1.19,Noise,Right
1706529131241,0.643672,-0.05612,-0.788608,-17.78,4.97,26.46,Noise,Right
1706529131241,0.52704,-0.225944,-0.825696,-27.44,6.58,34.16,Noise,Right
1706529131286,0.49288,-0.282552,-0.82472,-15.05,2.52,14.35,Noise,Right
1706529131287,0.53192,-0.219112,-0.797392,-3.78,-0.49,-0.63,Noise,Right
1706529131337,0.562176,-0.179096,-0.791536,-1.61,-0.7,-2.66,Noise,Right
1706529131337,0.605608,-0.103944,-0.78812,-4.2,0.56,-1.54,Noise,Right
1706529131338,0.614392,-0.072712,-0.79056,-18.48,5.32,15.68,Noise,Right
1706529131444,0.610976,-0.030256,-0.775432,-32.41,9.66,36.75,Noise,Right
1706529131444,1.106784,0.179096,-0.763232,-54.95,21.91,51.1,Noise,Right
1706529131444,1.271728,0.087352,-0.74176,-72.8,88.69,31.01,Noise,Right
1706529131445,0.686128,0.011712,-1.070672,-101.57,164.22,11.62,Noise,Right
1706529131445,0.122976,-0.696864,-1.154608,-71.82,181.44,-28.63,Noise,Right
1706529131445,0.003416,-0.688568,-1.17364,-15.05,115.08,-34.86,Noise,Right
1706529131446,0.112728,-0.573888,-0.899384,49.07,1.96,0.42,Noise,Right
1706529131490,0.480192,-0.130784,-0.694424,76.09,-88.97,34.09,Noise,Right
1706529131491,0.904264,0.071248,-0.481656,59.5,-111.16,42.56,Noise,Right
1706529131535,1.297104,0.040992,-0.435784,20.09,-67.97,51.45,Noise,Right
1706529131536,1.290272,-0.100528,-0.644648,-12.32,15.33,41.79,Noise,Right
1706529131536,0.882304,-0.151768,-0.815936,-4.55,96.46,39.27,Noise,Right
1706529131587,0.46604,-0.215696,-0.861808,6.3,109.48,26.88,Noise,Right
1706529131588,0.262544,-0.353312,-0.811056,18.9,67.41,23.03,Noise,Right
1706529131588,0.235704,-0.403576,-0.683688,41.72,8.75,24.78,Noise,Right
1706529131712,0.317688,-0.278648,-0.446032,55.16,-50.75,28.07,Noise,Right
1706529131712,0.31476,-0.132736,-0.362096,40.25,-89.18,28.35,Noise,Right
1706529131712,0.43188,-0.083936,-0.47824,13.02,-118.09,28.63,Noise,Right
1706529131712,0.736392,-0.021472,-0.61,-0.28,-108.64,32.06,Noise,Right
1706529131714,1.025776,0.061488,-0.607072,-22.19,-57.4,28.07,Noise,Right
1706529131714,1.004304,-0.033184,-0.770064,-67.48,18.34,12.11,Noise,Right
1706529131714,0.947696,-0.33916,-0.931104,-71.68,84.42,-7.14,Noise,Right
1706529131769,0.66124,-0.44164,-0.95892,-57.05,107.94,-14.63,Noise,Right
1706529131769,0.303536,-0.476288,-0.933544,-29.19,75.95,-19.11,Noise,Right
1706529131770,0.186904,-0.455304,-0.853024,-6.93,0.21,-5.95,Noise,Right
1706529131770,0.230336,-0.283528,-0.71004,13.44,-70.56,7.98,Noise,Right
1706529131813,0.345992,-0.07808,-0.548024,12.11,-118.23,3.5,Noise,Right
1706529131814,0.622688,0.049776,-0.484584,-13.44,-126.14,-10.57,Noise,Right
1706529131861,1.025776,0.09516,-0.613904,-40.32,-83.23,-10.22,Noise,Right
1706529131861,1.182424,-0.0366,-0.687104,-55.58,-0.84,-0.63,Noise,Right
1706529131861,0.930616,-0.067832,-0.72712,-59.22,72.52,19.74,Noise,Right
1706529131908,0.479216,-0.136152,-0.826184,-68.11,99.4,30.1,Noise,Right
1706529131909,0.284992,-0.356728,-1.18584,-75.39,69.72,14.14,Noise,Right
1706529131909,0.375272,-0.51484,-1.328336,-35.0,19.53,-8.12,Noise,Right
1706529131954,0.491416,-0.5002,-1.116056,12.11,-34.37,7.84,Noise,Right
1706529131956,0.474336,-0.305488,-0.953064,44.31,-76.51,24.78,Noise,Right
1706529131956,0.536312,-0.189344,-0.743224,52.36,-105.98,37.8,Noise,Right
1706529132003,0.638304,-0.054656,-0.521672,40.74,-93.94,31.85,Noise,Right
1706529132004,0.75396,0.043432,-0.439688,8.82,-24.85,18.62,Noise,Right
1706529132051,0.755912,0.02196,-0.543632,-26.81,34.16,6.93,Noise,Right
1706529132051,0.650016,-0.051728,-0.632936,-50.33,86.8,0.42,Noise,Right
1706529132051,0.452864,-0.135176,-0.703696,-59.15,113.19,-7.77,Noise,Right
1706529132378,0.524112,-0.20252,-0.808616,3.71,-1.96,-8.75,Noise,Right
1706529132422,0.550464,-0.21716,-0.808616,13.02,-5.46,-24.08,Noise,Right
1706529132424,0.545096,-0.218624,-0.79788,18.41,-6.72,-30.31,Noise,Right
1706529132469,0.601704,-0.123464,-0.772504,19.25,-7.42,-31.85,Noise,Right
1706529132469,0.579256,-0.114192,-0.80032,4.83,-2.87,-9.73,Noise,Right
1706529132517,0.555832,-0.17568,-0.806664,-0.7,-0.98,-5.11,Noise,Right
1706529132517,0.535336,-0.176168,-0.833016,-4.97,1.96,-5.53,Noise,Right
1706529132517,0.579744,-0.108336,-0.814472,-9.17,5.39,-7.56,Noise,Right
1706529132565,0.597312,-0.079544,-0.741272,-16.17,5.81,13.72,Noise,Right
1706529132566,0.542656,-0.200568,-0.767136,-7.07,-6.16,24.43,Noise,Right
1706529132566,0.398208,-0.452864,-0.801784,6.93,1.47,-18.9,Noise,Right
1706529132617,0.561688,-0.232776,-0.766648,4.34,-2.17,-8.96,Noise,Right
1706529132618,0.569496,-0.228384,-0.81496,1.96,-2.1,-7.0,Noise,Right
1706529132618,0.539728,-0.191296,-0.804224,-1.19,-0.84,-3.43,Noise,Right
1706529132673,0.536312,-0.174704,-0.796416,-0.98,-0.77,-2.52,Noise,Right
1706529132674,0.655384,-0.019032,-0.769088,-18.06,6.23,12.53,Noise,Right
1706529132674,1.084824,-0.035624,-0.91744,-41.16,28.07,24.85,Noise,Right
1706529132720,1.107272,0.005856,-0.86376,-33.53,99.4,-1.54,Noise,Right
1706529132721,0.695888,-0.016104,-1.125816,-31.36,138.67,-23.1,Noise,Right
1706529132721,0.59292,-0.04148,-0.989664,-19.46,125.93,-29.54,Noise,Right
1706529132767,0.41236,-0.070272,-0.792512,-27.79,77.14,-7.07,Noise,Right
1706529132768,0.295728,-0.138104,-0.7564,-30.73,19.88,4.13,Noise,Right
1706529132768,0.426512,-0.311344,-0.690032,-22.89,-38.36,4.41,Noise,Right
1706529132827,0.561688,-0.378688,-0.753472,-4.9,-72.94,18.55,Noise,Right
1706529132831,0.859368,-0.367952,-0.68564,22.75,-75.74,35.49,Noise,Right
1706529132837,0.923784,-0.223504,-0.677344,42.77,-43.4,55.93,Noise,Right
1706529132861,0.762744,-0.096624,-0.630496,47.11,-4.69,54.95,Noise,Right
1706529132862,0.442616,-0.016104,-0.695888,26.88,5.67,36.89,Noise,Right
1706529132862,0.382104,-0.081008,-0.706624,13.58,-4.97,6.09,Noise,Right
1706529132910,0.466528,-0.116632,-0.713456,6.3,-23.17,-13.37,Noise,Right
1706529132911,0.609512,-0.214232,-0.706136,-1.19,-30.45,-22.61,Noise,Right
1706529132955,0.64416,-0.47824,-0.876448,-4.06,-30.31,3.15,Noise,Right
1706529132956,0.532896,-0.50264,-1.016992,30.8,-33.53,26.11,Noise,Right
1706529132956,0.447496,-0.279624,-0.91012,61.04,-49.84,33.39,Noise,Right
1706529133001,0.452864,-0.138592,-0.781776,57.47,-65.87,29.54,Noise,Right
1706529133002,0.782752,0.032696,-0.505568,29.89,-51.73,22.05,Noise,Right
1706529133002,0.742736,-0.078568,-0.70272,-14.35,-17.92,10.15,Noise,Right
1706529133047,0.51972,-0.2684,-0.914024,-27.02,-7.42,10.85,Noise,Right
1706529133048,0.454328,-0.323544,-0.98332,-5.88,-19.39,11.27,Noise,Right
1706529133048,0.438712,-0.265472,-0.925736,19.53,-37.59,14.14,Noise,Right
1706529133096,0.364536,-0.220576,-0.852048,31.29,-55.93,3.01,Noise,Right
1706529133096,0.570472,-0.325008,-0.837896,29.12,-63.14,-1.19,Noise,Right
1706529133144,0.676368,-0.376736,-0.753472,32.41,-47.04,9.59,Noise,Right
1706529133144,0.532408,-0.286456,-0.66124,23.45,-17.85,12.11,Noise,Right
1706529133144,0.421632,-0.340136,-0.589504,0.84,-1.96,-7.21,Noise,Right
1706529133191,0.400648,-0.261568,-0.569984,-26.53,11.06,-24.01,Noise,Right
1706529133192,0.342088,-0.196176,-0.773968,-46.34,12.95,-34.02,Noise,Right
1706529133192,0.452376,-0.274256,-1.017968,-36.4,6.02,-33.46,Noise,Right
1706529133238,0.489952,-0.352824,-1.043344,-3.15,-6.93,-13.51,Noise,Right
1706529133238,0.35868,-0.305488,-0.991128,22.47,-20.3,3.78,Noise,Right
1706529133238,0.314272,-0.268888,-0.928664,31.29,-36.47,-1.33,Noise,Right
1706529133285,0.43432,-0.259128,-0.852048,27.16,-37.45,-21.7,Noise,Right
1706529133286,0.68564,-0.286944,-0.694912,15.82,-16.94,-29.75,Noise,Right
1706529133331,0.66368,-0.261568,-0.674416,-7.49,23.94,-22.54,Noise,Right
1706529133332,0.56608,-0.265472,-0.754936,-28.56,51.73,-20.51,Noise,Right
1706529133332,0.530944,-0.407968,-0.852536,-30.03,63.98,-20.16,Noise,Right
1706529133379,0.483608,-0.393816,-0.93696,-8.33,54.95,-5.88,Noise,Right
1706529133379,0.342088,-0.399184,-1.008696,19.46,23.45,5.88,Noise,Right
1706529133380,0.262056,-0.36844,-1.018944,51.1,-23.38,8.89,Noise,Right
1706529133432,0.402112,-0.279624,-0.841312,68.88,-63.21,16.38,Noise,Right
1706529133435,0.345992,-0.020496,-0.669048,53.76,-72.8,16.31,Noise,Right
1706529133444,0.591944,0.187392,-0.61488,11.34,-58.31,-11.76,Noise,Right
1706529133472,0.89548,-0.103456,-0.707112,-50.19,-14.98,-23.94,Noise,Right
1706529133473,0.93208,-0.27328,-0.83692,-59.57,51.31,1.89,Noise,Right
1706529133519,0.612928,-0.081008,-0.884744,-63.56,89.53,22.33,Noise,Right
1706529133519,0.450912,-0.396744,-0.992104,-65.31,84.98,27.16,Noise,Right
1706529133520,0.21716,-0.634888,-1.099952,-26.18,51.38,33.46,Noise,Right
1706529133564,0.088816,-0.56852,-1.141432,37.94,-6.37,10.78,Noise,Right
1706529133564,0.22936,-0.377712,-1.075552,85.33,-65.17,-17.29,Noise,Right
1706529133565,0.357216,-0.296216,-1.04188,109.62,-106.47,-32.76,Noise,Right
1706529133610,0.633912,-0.26596,-0.720776,104.58,-122.01,-30.24,Noise,Right
1706529133612,0.735904,-0.197152,-0.675392,82.53,-100.45,-25.83,Noise,Right
1706529133612,0.833016,-0.150792,-0.623176,47.46,-63.0,-9.17,Noise,Right
1706529133656,0.854976,-0.137616,-0.595848,16.31,-7.98,5.53,Noise,Right
1706529133657,0.711504,-0.107848,-0.64904,-21.7,37.45,30.03,Noise,Right
1706529133712,0.506056,-0.22936,-0.779824,-53.41,65.31,44.59,Noise,Right
1706529133712,0.345504,-0.312808,-0.877912,-65.52,65.52,47.88,Noise,Right
1706529133712,0.29524,-0.460672,-0.973072,-54.88,50.82,36.68,Noise,Right
1706529133766,0.225456,-0.532896,-1.001376,-21.14,27.3,32.83,Noise,Right
1706529133767,0.145912,-0.653432,-0.97356,17.01,-7.21,9.52,Noise,Right
1706529133767,0.169336,-0.445544,-0.876936,51.17,-52.43,-17.92,Noise,Right
1706529133767,0.323056,-0.427976,-0.77836,60.76,-85.82,-30.66,Noise,Right
1706529133813,0.427,-0.367952,-0.560224,54.74,-104.72,-28.63,Noise,Right
1706529133813,0.568032,-0.25376,-0.666608,32.69,-98.49,-13.72,Noise,Right
1706529133814,0.813984,-0.299144,-0.77348,16.38,-53.97,19.25,Noise,Right
1706529133862,0.772016,-0.323544,-0.818376,12.46,14.21,56.28,Noise,Right
1706529133862,0.521184,-0.101016,-0.7686,10.01,65.66,58.59,Noise,Right
1706529133907,0.275232,-0.115168,-0.760792,-22.47,86.1,46.83,Noise,Right
1706529133907,0.247416,-0.264984,-0.83448,-54.32,75.88,29.19,Noise,Right
1706529133908,0.40504,-0.533872,-0.924272,-54.6,63.35,21.42,Noise,Right
1706529133954,0.289872,-0.650992,-0.928664,-21.91,54.11,26.25,Noise,Right
1706529133954,0.046848,-0.560224,-0.946232,10.64,13.65,19.25,Noise,Right
1706529133955,0.04148,-0.506544,-0.945744,37.1,-46.2,-10.64,Noise,Right
1706529134008,0.170312,-0.530456,-1.020408,65.73,-98.49,-23.8,Noise,Right
1706529134010,0.42944,-0.589016,-0.873032,96.04,-128.94,-24.01,Noise,Right
1706529134019,0.541192,-0.47824,-0.80764,109.27,-114.31,-2.1,Noise,Right
1706529134047,0.606096,-0.368928,-0.671976,93.8,-69.86,19.67,Noise,Right
1706529134048,0.500688,-0.216184,-0.60024,57.4,-8.4,32.41,Noise,Right
1706529134095,0.461648,-0.0854,-0.518744,0.49,43.33,8.19,Noise,Right
1706529134095,0.517768,-0.267912,-0.584624,-59.85,82.74,4.69,Noise,Right
1706529134096,0.393328,-0.489464,-0.793488,-87.01,103.18,15.82,Noise,Right
1706529134145,0.159576,-0.645136,-1.00284,-66.5,84.21,16.1,Noise,Right
1706529134145,0.105408,-0.78568,-1.038464,-7.56,29.61,14.07,Noise,Right
1706529134145,0.047824,-0.728096,-1.021872,57.82,-31.01,16.38,Noise,Right
1706529134271,0.060512,-0.541192,-0.930128,98.21,-97.37,10.29,Noise,Right
1706529134272,0.19764,-0.539728,-0.846192,112.28,-128.17,-0.84,Noise,Right
1706529134272,0.372344,-0.46848,-0.625128,108.15,-125.44,-3.78,Noise,Right
1706529134272,0.35868,-0.420656,-0.645624,78.05,-92.12,-5.46,Noise,Right
1706529134274,0.574864,-0.403576,-0.367464,31.29,-39.34,-6.86,Noise,Right
1706529134275,0.593408,-0.328424,-0.42212,-24.57,37.31,-5.74,Noise,Right
1706529134275,0.596824,-0.329888,-0.488488,-90.09,91.77,15.96,Noise,Right
1706529134409,0.432856,-0.46848,-0.760304,-121.8,128.59,26.74,Noise,Right
1706529134409,0.202032,-0.609024,-0.995032,-108.92,118.79,34.44,Noise,Right
1706529134410,0.04148,-0.70272,-1.048224,-62.72,68.74,33.6,Noise,Right
1706529134410,0.026352,-0.727608,-1.025776,-3.36,11.27,18.34,Noise,Right
1706529134410,0.085888,-0.66612,-0.943792,44.59,-28.77,1.26,Noise,Right
1706529134410,0.233264,-0.63928,-0.793,68.74,-49.84,-2.52,Noise,Right
1706529134410,0.298656,-0.60024,-0.653432,70.84,-52.71,-5.18,Noise,Right
1706529134410,0.1464,-0.551928,-0.691008,52.29,-56.56,0.28,Noise,Right
1706529134519,0.106384,-0.508496,-0.689544,38.15,-68.6,-17.78,Noise,Right
1706529134521,0.332328,-0.436272,-0.491904,8.61,-63.98,-29.68,Noise,Right
1706529134521,0.533384,-0.30988,-0.600728,-24.99,-34.79,-22.61,Noise,Right
1706529134522,0.640744,-0.396744,-0.708088,-52.99,4.9,17.36,Noise,Right
1706529134522,0.536312,-0.518744,-0.826672,-56.63,55.72,23.59,Noise,Right
1706529134522,0.262056,-0.571936,-0.906216,-45.64,88.06,27.44,Noise,Right
1706529134523,0.000976,-0.623176,-0.899384,-30.8,77.49,19.88,Noise,Right
1706529134619,-0.01708,-0.694912,-0.84668,-9.73,39.62,-2.03,Noise,Right
1706529134620,0.099552,-0.721752,-0.780312,14.49,-15.68,-16.38,Noise,Right
1706529134620,0.2196,-0.662216,-0.724192,30.66,-28.7,-16.03,Noise,Right
1706529134620,0.108824,-0.582184,-0.815936,36.82,-50.75,-19.32,Noise,Right
1706529134621,0.274256,-0.532408,-0.714432,37.8,-82.18,-13.93,Noise,Right
1706529134621,0.472384,-0.447008,-0.695888,29.19,-84.28,3.22,Noise,Right
1706529134671,0.533384,-0.482144,-0.81252,21.21,-60.9,23.59,Noise,Right
1706529134672,0.452864,-0.546072,-0.83204,23.94,-24.85,39.2,Noise,Right
1706529134672,0.252296,-0.508008,-0.813984,27.23,11.48,35.14,Noise,Right
1706529134798,0.160552,-0.46604,-0.76128,15.19,27.23,15.75,Noise,Right
1706529134800,0.154696,-0.5124,-0.757864,-1.96,25.13,4.27,Noise,Right
1706529134801,0.225944,-0.59536,-0.737368,-10.29,15.26,-1.26,Noise,Right
1706529134802,0.24156,-0.658312,-0.745664,-7.98,5.95,-5.67,Noise,Right
1706529134802,0.236192,-0.667584,-0.759816,4.76,-15.26,-3.57,Noise,Right
1706529134804,0.317688,-0.555832,-0.773968,18.69,-34.09,3.57,Noise,Right
1706529134804,0.349408,-0.569496,-0.835456,24.64,-39.06,19.25,Noise,Right
1706529134853,0.219112,-0.651968,-0.863272,32.76,-34.58,34.37,Noise,Right
1706529134854,0.008296,-0.654896,-0.864248,40.95,-17.57,19.88,Noise,Right
1706529134854,-0.006344,-0.652944,-0.805688,41.72,-9.17,-0.28,Noise,Right
1706529134854,0.127856,-0.651968,-0.698328,36.12,-12.25,-7.49,Noise,Right
1706529134901,0.181048,-0.645136,-0.660752,28.49,-9.73,-6.93,Noise,Right
1706529134902,0.20984,-0.570472,-0.682712,22.4,-13.16,-3.92,Noise,Right
1706529134952,0.333304,-0.477752,-0.547536,9.1,-14.0,-13.37,Noise,Right
1706529134952,0.410896,-0.325496,-0.541192,-16.45,-13.16,-8.75,Noise,Right
1706529134952,0.559736,-0.40016,-0.63928,-44.24,-5.6,13.37,Noise,Right
1706529135026,0.545096,-0.53192,-0.738344,-49.42,26.81,33.67,Noise,Right
1706529135027,0.297192,-0.656848,-0.765184,-45.99,57.47,48.72,Noise,Right
1706529135027,-0.035136,-0.788608,-0.789096,-42.07,53.9,57.12,Noise,Right
1706529135028,-0.149328,-0.809592,-0.902312,-23.31,39.27,33.81,Noise,Right
1706529135028,-0.08052,-0.884744,-0.943792,7.63,17.99,20.58,Noise,Right
1706529135072,-0.012688,-0.795928,-0.902312,42.7,-4.76,3.71,Noise,Right
1706529135072,0.001952,-0.500688,-0.818376,58.66,-32.34,-11.69,Noise,Right
1706529135072,0.038552,-0.5246,-0.727608,49.35,-59.22,-26.74,Noise,Right
1706529135138,0.094672,-0.52948,-0.6954,26.95,-80.43,-37.66,Noise,Right
1706529135146,0.239608,-0.547048,-0.708576,10.22,-82.32,-37.38,Noise,Right
1706529135166,0.497272,-0.574376,-0.747128,2.73,-50.75,-8.12,Noise,Right
1706529135166,0.628544,-0.633912,-0.676368,5.53,10.08,8.05,Noise,Right
1706529135167,0.432368,-0.5856,-0.659288,6.16,68.32,37.31,Noise,Right
1706529135210,-0.012688,-0.47824,-0.597312,-11.13,87.64,39.48,Noise,Right
1706529135211,-0.130784,-0.531432,-0.638792,-32.9,57.82,22.05,Noise,Right
1706529135211,0.191784,-0.667096,-0.72956,-36.96,29.05,-1.05,Noise,Right
1706529135260,0.273768,-0.689544,-0.744688,-23.87,27.3,1.82,Noise,Right
1706529135260,0.1708,-0.608536,-0.718824,-18.06,22.47,12.11,Noise,Right
1706529135260,0.159576,-0.689544,-0.630984,-27.09,10.5,-10.29,Noise,Right
1706529135305,0.108824,-0.603168,-0.636352,-36.12,-0.84,-16.17,Noise,Right
1706529135305,0.017568,-0.628056,-0.752984,-46.9,-13.93,-19.88,Noise,Right
1706529135358,0.03416,-0.72224,-0.910608,-38.43,-20.16,-22.96,Noise,Right
1706529135358,0.223992,-0.757376,-0.899872,-14.14,-10.99,-14.56,Noise,Right
1706529135359,0.350384,-0.662704,-0.754936,0.56,13.51,6.86,Noise,Right
1706529135437,0.273768,-0.494832,-0.651968,-7.07,39.9,17.36,Noise,Right
1706529135437,0.215696,-0.394304,-0.593896,-32.06,64.12,4.76,Noise,Right
1706529135437,0.273768,-0.479704,-0.620248,-59.85,75.32,-6.79,Noise,Right
1706529135438,0.249856,-0.58072,-0.652944,-75.81,74.13,-11.34,Noise,Right
1706529135438,0.207888,-0.60024,-0.704184,-75.53,52.78,-7.91,Noise,Right
1706529135490,0.19032,-0.652456,-0.740296,-59.5,24.01,-10.36,Noise,Right
1706529135492,0.2074,-0.684664,-0.767624,-33.67,5.88,-12.95,Noise,Right
1706529135492,0.137128,-0.674416,-0.778848,-13.93,-1.12,-7.98,Noise,Right
1706529135540,0.00732,-0.734928,-0.820328,2.45,-14.0,3.64,Noise,Right
1706529135540,-0.087352,-0.737856,-0.789096,19.88,-28.63,-4.2,Noise,Right
1706529135541,-0.06344,-0.608536,-0.677832,21.21,-36.4,-19.6,Noise,Right
1706529135585,0.15372,-0.457256,-0.559736,2.17,-22.54,-38.71,Noise,Right
1706529135586,0.321104,-0.379664,-0.528992,-35.0,13.02,-44.03,Noise,Right
1706529135586,0.406504,-0.331352,-0.58316,-71.96,54.04,-45.15,Noise,Right
1706529135634,0.460184,-0.303536,-0.671976,-99.47,88.06,-37.8,Noise,Right
1706529135634,0.389424,-0.368928,-0.793976,-111.09,107.8,-29.26,Noise,Right
1706529135634,0.262544,-0.459208,-0.840336,-103.6,103.04,-19.46,Noise,Right
1706529135687,0.082472,-0.530456,-0.889136,-80.29,77.56,-21.07,Noise,Right
1706529135714,0.00976,-0.608536,-0.920368,-47.04,35.56,-37.52,Noise,Right
1706529135801,0.140056,-0.59536,-0.904752,-10.29,-6.09,-58.94,Noise,Right
1706529135802,0.271816,-0.516304,-0.921832,25.83,-31.57,-65.87,Noise,Right
1706529135802,0.344528,-0.40748,-0.890112,48.3,-49.35,-63.56,Noise,Right
1706529135802,0.5124,-0.271816,-0.751032,53.55,-58.38,-51.52,Noise,Right
1706529135802,0.67344,-0.12688,-0.633424,35.91,-41.93,-35.84,Noise,Right
1706529135802,0.599264,-0.14396,-0.667096,5.74,-22.19,-24.08,Noise,Right
1706529135802,0.49532,-0.247904,-0.718824,-22.54,-13.93,0.42,Noise,Right
1706529135849,0.385032,-0.385032,-0.800808,-30.59,-15.26,17.57,Noise,Right
1706529135850,0.195688,-0.448472,-0.937936,-18.13,-22.4,21.7,Noise,Right
1706529135850,0.089792,-0.386984,-0.99552,9.52,-33.39,-3.22,Noise,Right
1706529135896,0.196664,-0.270352,-0.93208,27.79,-38.92,-36.33,Noise,Right
1706529135896,0.405528,-0.200568,-0.773968,24.22,-34.51,-52.78,Noise,Right
1706529135897,0.635376,-0.066368,-0.67344,-3.36,-14.21,-52.57,Noise,Right
1706529135945,0.823744,-0.008296,-0.68564,-38.08,27.79,-50.75,Noise,Right
1706529135945,0.865224,-0.03172,-0.804712,-75.04,74.27,-44.24,Noise,Right
1706529135946,0.732488,-0.181048,-0.925248,-98.63,103.88,-18.9,Noise,Right
1706529136052,0.491904,-0.288408,-1.053104,-97.51,107.66,-3.08,Noise,Right
1706529136052,0.280112,-0.299144,-1.155096,-78.89,82.95,-3.43,Noise,Right
1706529136052,0.243512,-0.321104,-1.195112,-51.1,41.58,-22.26,Noise,Right
1706529136054,0.410408,-0.347944,-1.121424,-17.71,3.64,-45.29,Noise,Right
1706529136054,0.589992,-0.293288,-1.004792,4.62,-21.14,-46.06,Noise,Right
1706529136055,0.678808,-0.208864,-0.887672,12.6,-33.18,-36.89,Noise,Right
1706529136096,0.682712,-0.160552,-0.794464,11.13,-32.97,-26.46,Noise,Right
1706529136096,0.616344,-0.088328,-0.730048,-5.81,-29.4,-22.05,Noise,Right
1706529136096,0.56852,-0.121024,-0.750544,-29.4,-27.23,-16.8,Noise,Right
1706529136142,0.46848,-0.295728,-0.86864,-38.92,-27.79,-5.39,Noise,Right
1706529136142,0.356728,-0.377224,-0.925736,-23.52,-31.43,5.74,Noise,Right
1706529136143,0.255224,-0.291336,-0.909144,-2.66,-34.02,1.82,Noise,Right
1706529136195,0.26352,-0.179584,-0.837896,4.76,-31.01,-18.55,Noise,Right
1706529136195,0.362584,-0.125416,-0.78324,-2.24,-20.3,-38.36,Noise,Right
1706529136315,0.49288,-0.097112,-0.7686,-17.5,-2.1,-45.92,Noise,Right
1706529136315,0.617808,-0.080032,-0.826672,-28.35,19.74,-42.42,Noise,Right
1706529136316,0.660752,-0.066368,-0.911584,-34.86,42.35,-32.34,Noise,Right
1706529136316,0.672464,-0.074176,-1.018456,-35.42,60.48,-21.49,Noise,Right
1706529136316,0.569008,-0.142496,-1.079944,-25.83,65.24,-7.63,Noise,Right
1706529136316,0.476776,-0.137616,-1.069208,-6.65,54.32,-9.17,Noise,Right
1706529136316,0.426512,-0.09028,-1.028704,9.31,32.9,-12.81,Noise,Right
1706529136364,0.472872,-0.096136,-0.9394,16.66,10.22,-23.73,Noise,Right
1706529136364,0.57096,-0.08052,-0.83692,17.64,-4.34,-27.51,Noise,Right
1706529136364,0.638792,-0.056608,-0.753472,9.52,-7.91,-25.62,Noise,Right
1706529136464,0.643672,-0.05856,-0.70272,-5.53,-3.43,-19.53,Noise,Right
1706529136466,0.608048,-0.046848,-0.72956,-20.09,5.46,-14.91,Noise,Right
1706529136466,0.5612,-0.120048,-0.833016,-28.14,12.53,-10.36,Noise,Right
1706529136466,0.557296,-0.267424,-1.063352,42.63,76.16,27.65,Noise,Right
1706529136466,0.425048,-0.012688,-0.953064,-17.29,-7.42,-0.49,Noise,Right
1706529136466,0.291824,-0.10736,-0.874984,18.76,19.25,-7.42,Noise,Right
1706529136515,0.670024,-0.286944,-0.822768,33.32,13.16,-16.52,Noise,Right
1706529136515,0.552416,-0.08296,-0.781288,10.78,-22.19,-29.68,Noise,Right
1706529136515,0.54656,-0.118584,-0.7198,15.19,-15.89,-16.24,Noise,Right
1706529136562,0.691984,-0.138592,-0.725656,8.96,-14.77,9.59,Noise,Right
1706529136562,0.61732,-0.142984,-0.720776,9.03,-8.61,24.99,Noise,Right
1706529136562,0.542656,-0.18788,-0.762744,14.35,3.22,39.41,Noise,Right
1706529136611,0.49532,-0.030744,-0.835456,8.75,27.86,28.0,Noise,Right
1706529136611,0.352336,-0.337208,-0.872544,-7.0,9.94,2.66,Noise,Right
1706529136611,0.97844,0.274256,-1.052616,15.61,19.6,12.67,Noise,Right
1706529136736,0.468968,-0.164944,-0.95404,6.86,10.22,-17.64,Noise,Right
1706529136737,0.632448,-0.15128,-0.787144,11.48,-10.29,-17.99,Noise,Right
1706529136737,0.417728,-0.027816,-0.812032,14.63,-0.84,-24.01,Noise,Right
1706529136737,0.759328,-0.030744,-0.737856,-16.94,-0.98,-0.63,Noise,Right
1706529136737,0.61488,-0.137128,-0.786168,-8.12,0.91,5.95,Noise,Right
1706529136738,0.555832,-0.17568,-0.810568,-6.09,0.77,4.34,Noise,Right
1706529136738,0.542656,-0.130296,-0.80764,-3.15,-0.21,0.56,Noise,Right
1706529136792,0.557296,-0.176656,-0.79788,-1.12,-0.91,-2.1,Noise,Right
1706529136792,0.563152,-0.179584,-0.808128,-1.05,-0.98,-2.17,Noise,Right
1706529136792,0.37332,-0.186904,-0.933056,-0.63,-1.4,-1.89,Noise,Right
1706529136793,0.548512,-0.178608,-0.807152,2.73,-2.17,-8.19,Noise,Right
1706529136851,0.541192,-0.169824,-0.815448,4.62,-2.73,-10.01,Noise,Right
1706529136853,0.650992,-0.182512,-0.736392,2.1,-1.96,-7.14,Noise,Right
1706529136862,0.55876,-0.183,-0.816912,-1.4,-1.12,-2.45,Noise,Right
1706529136885,0.55632,-0.17812,-0.79788,-0.91,-1.12,-2.31,Noise,Right
1706529136886,0.555344,-0.170312,-0.806664,-1.47,-1.05,-2.45,Noise,Right
1706529136932,0.557296,-0.17324,-0.80276,-0.91,-0.77,-2.31,Noise,Right
1706529136934,0.559248,-0.176656,-0.797392,-1.12,-1.05,-2.31,Noise,Right
1706529136934,0.5612,-0.18056,-0.803248,-0.98,-0.77,-2.17,Noise,Right
1706529136980,0.557296,-0.183976,-0.804712,-0.98,-0.84,-2.24,Noise,Right
1706529136980,0.553392,-0.17568,-0.794952,-1.33,-1.12,-2.52,Noise,Right
1706529136980,0.551928,-0.174704,-0.798368,-1.05,-0.77,-2.31,Noise,Right
1706529137028,0.559736,-0.175192,-0.798856,-1.54,-0.98,-2.38,Noise,Right
1706529137029,0.558272,-0.176168,-0.806664,-1.47,-0.98,-2.45,Noise,Right
1706529137029,0.55388,-0.179584,-0.79788,-1.4,-0.77,-2.59,Noise,Right
1706529137074,0.551928,-0.16836,-0.80276,-1.26,-0.98,-2.45,Noise,Right
1706529137074,0.550952,-0.170312,-0.809592,-1.05,-0.91,-2.38,Noise,Right
1706529137123,0.556808,-0.177144,-0.801784,-1.12,-0.84,-2.38,Noise,Right
1706529137124,0.558272,-0.182024,-0.8052,-1.33,-0.91,-2.38,Noise,Right
1706529137124,0.560712,-0.186904,-0.805688,-1.33,-0.84,-2.45,Noise,Right
1706529137168,0.570472,-0.233264,-0.770064,-1.26,-0.91,-2.8,Noise,Right
1706529137168,0.585112,-0.26108,-0.772992,1.89,-1.68,-6.65,Noise,Right
1706529137169,0.55876,-0.190808,-0.81008,3.85,-2.38,-10.01,Noise,Right
1706529137217,0.538752,-0.110776,-0.833504,4.2,-2.59,-10.01,Noise,Right
1706529137218,0.533384,-0.09272,-0.838384,2.17,-1.89,-7.21,Noise,Right
1706529137218,0.549976,-0.165432,-0.803736,-0.63,-0.84,-2.38,Noise,Right
1706529137348,0.552904,-0.183488,-0.8052,2.03,-1.82,-6.44,Noise,Right
1706529137349,0.554368,-0.194224,-0.800808,0.28,-1.4,-5.04,Noise,Right
1706529137349,0.560224,-0.184464,-0.803736,-1.54,-0.7,-2.66,Noise,Right
1706529137349,0.555832,-0.187392,-0.804712,-1.68,-0.7,-2.38,Noise,Right
1706529137349,0.543144,-0.189832,-0.806176,-6.02,0.35,4.2,Noise,Right
1706529137350,0.550464,-0.171288,-0.810568,-10.64,2.03,11.06,Noise,Right
1706529137350,0.558272,-0.155672,-0.808616,-10.36,2.03,10.36,Noise,Right
1706529137411,0.559736,-0.06832,-0.821304,-8.54,1.33,8.26,Noise,Right
1706529137418,0.609512,0.040504,-0.800808,-19.95,5.11,24.57,Noise,Right
1706529137419,0.671488,0.097112,-0.820816,-23.94,11.41,-0.56,Noise,Right
1706529137420,0.707112,-0.012688,-0.633912,-40.46,17.64,-39.83,Noise,Right
1706529137447,0.351848,0.19032,-0.724192,-48.09,59.85,-36.47,Noise,Right
1706529137448,0.378688,-0.08784,-1.043344,-59.22,47.46,-53.06,Noise,Right
1706529137500,0.423584,-0.311832,-1.129232,-31.99,15.75,-53.13,Noise,Right
1706529137501,0.524112,-0.38796,-0.968192,2.94,-14.49,-37.59,Noise,Right
1706529137501,0.650992,-0.252784,-0.798856,28.0,-24.57,-12.04,Noise,Right
1706529137591,0.699304,0.06832,-0.760792,35.21,-24.36,11.41,Noise,Right
1706529137592,0.745664,0.208864,-0.730048,10.71,-20.58,21.63,Noise,Right
1706529137592,0.752496,0.144936,-0.752984,-14.91,-6.44,24.01,Noise,Right
1706529137592,0.711016,-0.077104,-0.7686,-31.99,9.1,29.61,Noise,Right
1706529137592,0.593408,-0.367464,-0.799344,-28.28,21.56,38.57,Noise,Right
1706529137592,0.438224,-0.511912,-0.815448,6.37,18.83,33.18,Noise,Right
1706529137635,0.308904,-0.266936,-0.77592,38.99,0.14,12.74,Noise,Right
1706529137635,0.392352,-0.077104,-0.593408,36.61,-25.97,-8.12,Noise,Right
1706529137681,0.580232,-0.054656,-0.572424,5.32,-42.77,-8.33,Noise,Right
1706529137682,0.839848,-0.036112,-0.726632,-20.51,-38.92,21.49,Noise,Right
1706529137682,1.037,-0.012688,-0.925248,-17.15,-8.19,46.83,Noise,Right
1706529137731,0.962336,0.071736,-0.94428,-6.09,32.62,52.15,Noise,Right
1706529137732,0.619272,-0.013664,-0.905728,-8.05,56.63,62.65,Noise,Right
1706529137732,0.296216,-0.135176,-0.91744,-10.22,47.46,41.58,Noise,Right
1706529137864,0.27816,-0.2196,-0.876936,-7.56,16.59,14.77,Noise,Right
1706529137864,0.389424,-0.3782,-0.863272,2.17,-14.0,-5.67,Noise,Right
1706529137865,0.488976,-0.343064,-0.845704,21.63,-37.03,-12.39,Noise,Right
1706529137865,0.537288,-0.182512,-0.841312,28.28,-51.45,-15.12,Noise,Right
1706529137865,0.741272,-0.13664,-0.81252,30.31,-58.66,-12.04,Noise,Right
1706529137865,0.96868,-0.033184,-0.776896,25.41,-38.5,12.04,Noise,Right
1706529137865,0.915976,-0.010736,-0.819352,9.17,2.38,42.84,Noise,Right
1706529137914,0.724192,0.10248,-0.803736,-11.2,38.64,54.74,Noise,Right
1706529137914,0.488976,-0.020008,-0.797392,-43.82,53.97,46.34,Noise,Right
1706529137914,0.330376,-0.337696,-0.875472,-57.89,46.55,34.72,Noise,Right
1706529137962,0.284992,-0.562176,-0.919392,-29.82,28.49,17.43,Noise,Right
1706529137962,0.176168,-0.423584,-0.830576,8.47,-2.8,-5.88,Noise,Right
1706529137962,0.234728,-0.267912,-0.797392,12.04,-68.46,-32.27,Noise,Right
1706529138011,0.40016,-0.34892,-0.948184,19.74,-89.53,-41.86,Noise,Right
1706529138012,0.539728,-0.260592,-0.975024,43.75,-105.56,-34.72,Noise,Right
1706529138012,0.809592,-0.200568,-0.918416,61.95,-96.11,-13.23,Noise,Right
1706529138055,0.95648,-0.125904,-0.812032,67.06,-49.21,23.66,Noise,Right
1706529138056,0.772016,0.023424,-0.705648,46.97,4.13,51.1,Noise,Right
1706529138056,0.518256,-0.068808,-0.662704,-16.94,35.56,51.1,Noise,Right
1706529138101,0.404552,-0.177144,-0.735416,-38.43,47.46,38.78,Noise,Right
1706529138102,0.406992,-0.239608,-0.78812,-49.0,46.2,21.28,Noise,Right
1706529138102,0.38552,-0.311832,-0.840336,-49.42,30.94,16.03,Noise,Right
1706529138147,0.381128,-0.369416,-0.968192,-32.06,7.7,15.33,Noise,Right
1706529138148,0.34892,-0.406992,-1.047736,4.48,-16.73,12.39,Noise,Right
1706529138194,0.32208,-0.306464,-1.060424,42.49,-49.21,4.62,Noise,Right
1706529138194,0.449936,-0.33916,-1.026752,71.82,-78.12,3.5,Noise,Right
1706529138195,0.513376,-0.27084,-0.95892,92.82,-86.94,10.01,Noise,Right
1706529138241,0.51728,-0.248392,-0.854976,94.92,-76.09,10.92,Noise,Right
1706529138242,0.589016,-0.234728,-0.66612,75.46,-50.05,15.05,Noise,Right
1706529138242,0.550464,-0.169824,-0.593408,43.33,-11.48,16.1,Noise,Right
1706529138288,0.547048,-0.166896,-0.589016,1.26,24.71,17.92,Noise,Right
1706529138291,0.467016,-0.131272,-0.62708,-37.59,48.09,34.23,Noise,Right
1706529138334,0.34648,-0.15372,-0.764208,-65.38,55.44,35.28,Noise,Right
1706529138335,0.272304,-0.38796,-0.93208,-70.77,39.41,39.9,Noise,Right
1706529138336,0.207888,-0.615856,-1.0858,-35.7,17.71,39.13,Noise,Right
1706529138382,0.077104,-0.594384,-1.086776,26.39,-13.58,22.47,Noise,Right
1706529138382,0.110288,-0.454816,-0.874984,71.54,-59.78,2.45,Noise,Right
1706529138382,0.320128,-0.447984,-0.880352,95.9,-96.25,-4.27,Noise,Right
1706529138429,0.38308,-0.394792,-0.728096,99.89,-95.2,-4.83,Noise,Right
1706529138429,0.442616,-0.324032,-0.555832,82.11,-72.31,-9.45,Noise,Right
1706529138430,0.570472,-0.261568,-0.488976,39.76,-31.29,-5.6,Noise,Right
1706529138475,0.606096,-0.235216,-0.54656,-6.72,18.2,11.27,Noise,Right
1706529138476,0.487024,-0.293288,-0.631472,-47.74,61.18,31.01,Noise,Right
1706529138476,0.238144,-0.238144,-0.760304,-72.59,80.22,37.8,Noise,Right
1706529138521,0.167872,-0.47092,-0.908168,-81.69,72.94,28.91,Noise,Right
1706529138522,0.14884,-0.5612,-1.048712,-58.59,48.58,26.67,Noise,Right
1706529138569,0.068808,-0.636352,-1.058472,-12.88,16.66,12.53,Noise,Right
1706529138569,0.066856,-0.49044,-0.96868,24.01,-23.31,-10.29,Noise,Right
1706529138569,0.296704,-0.510936,-0.964288,43.19,-61.6,-24.29,Noise,Right
1706529138616,0.394304,-0.454328,-0.909144,67.06,-69.79,-23.03,Noise,Right
1706529138617,0.315248,-0.374784,-0.715408,70.49,-69.02,-22.61,Noise,Right
1706529138618,0.253272,-0.290848,-0.565592,38.99,-72.03,-30.03,Noise,Right
1706529138662,0.61,-0.44164,-0.721752,0.42,-59.78,-17.92,Noise,Right
1706529138662,0.760304,-0.455792,-0.850584,5.67,3.64,10.5,Noise,Right
1706529138711,0.459696,-0.29768,-0.787144,2.52,67.34,31.01,Noise,Right
1706529138712,0.252784,-0.218136,-0.729072,-21.7,85.82,42.21,Noise,Right
1706529138714,0.183488,-0.23912,-0.767136,-52.78,80.71,32.55,Noise,Right
1706529138755,0.326472,-0.415288,-0.859368,-72.73,57.61,31.36,Noise,Right
1706529138757,0.313296,-0.541192,-0.890112,-60.69,45.99,28.07,Noise,Right
1706529138757,0.16836,-0.548024,-0.874496,-35.98,26.88,15.82,Noise,Right
1706529138801,0.17812,-0.567544,-0.916952,-11.34,-4.9,-0.21,Noise,Right
1706529138802,0.27084,-0.569496,-0.99308,25.41,-34.3,-9.38,Noise,Right
1706529138802,0.237656,-0.537776,-1.00284,65.03,-49.42,-11.69,Noise,Right
1706529138849,0.177632,-0.540704,-0.945256,91.7,-67.69,-13.37,Noise,Right
1706529138850,0.384056,-0.521184,-0.789096,99.54,-72.24,-10.29,Noise,Right
1706529138896,0.413824,-0.406016,-0.82716,81.06,-53.55,-6.09,Noise,Right
1706529138896,0.519232,-0.305976,-0.613416,64.61,-3.99,-0.56,Noise,Right
1706529138896,0.467016,-0.216672,-0.569496,4.2,31.78,8.96,Noise,Right
1706529138942,0.488,-0.307928,-0.56852,-43.19,53.48,19.04,Noise,Right
1706529138942,0.461648,-0.408944,-0.76372,-71.89,69.3,27.3,Noise,Right
1706529138942,0.33672,-0.560224,-0.880352,-60.83,56.63,42.63,Noise,Right
1706529138989,0.152744,-0.665144,-0.941352,-27.86,15.75,50.05,Noise,Right
1706529138990,-0.024888,-0.742736,-1.001376,26.32,-27.3,31.92,Noise,Right
1706529138990,-0.037576,-0.633424,-0.989176,74.69,-71.89,6.16,Noise,Right
1706529139034,0.104432,-0.5856,-0.967704,101.43,-105.77,-18.41,Noise,Right
1706529139034,0.183,-0.520696,-0.863272,106.26,-119.56,-28.42,Noise,Right
1706529139082,0.299632,-0.406504,-0.685152,87.71,-105.28,-40.88,Noise,Right
1706529139082,0.559736,-0.454816,-0.528504,50.05,-65.59,-44.73,Noise,Right
1706529139082,0.582184,-0.44896,-0.601704,4.41,-2.24,-0.21,Noise,Right
1706529139128,0.615368,-0.38308,-0.609024,-29.54,56.91,10.92,Noise,Right
1706529139130,0.463112,-0.432856,-0.69296,-56.21,98.49,32.27,Noise,Right
1706529139131,0.203496,-0.417728,-0.811056,-68.32,100.73,51.1,Noise,Right
1706529139181,0.079056,-0.531432,-0.85156,-55.51,65.52,39.69,Noise,Right
1706529139183,0.122976,-0.6222,-0.9272,-30.52,18.76,32.83,Noise,Right
1706529139192,0.197152,-0.69784,-0.97356,5.39,-6.02,21.35,Noise,Right
1706529139221,0.098576,-0.702232,-0.92232,42.77,-23.87,11.62,Noise,Right
1706529139222,0.035136,-0.577792,-0.857416,60.41,-46.06,-7.7,Noise,Right
1706529139269,0.15372,-0.657824,-0.776408,58.94,-62.79,-23.03,Noise,Right
1706529139269,0.125904,-0.552904,-0.703208,54.81,-69.37,-34.09,Noise,Right
1706529139270,0.223504,-0.5124,-0.616344,35.56,-78.47,-39.41,Noise,Right
1706529139315,0.473848,-0.511424,-0.688568,15.75,-70.07,-22.47,Noise,Right
1706529139315,0.66856,-0.494832,-0.681736,9.66,-31.78,11.41,Noise,Right
1706529139316,0.472872,-0.510448,-0.66368,-3.99,14.14,40.67,Noise,Right
1706529139361,0.184464,-0.516792,-0.750056,-17.29,44.94,48.02,Noise,Right
1706529139361,0.121024,-0.65148,-0.828136,-20.86,65.66,33.32,Noise,Right
1706529139361,-0.000976,-0.642696,-0.846192,-13.79,60.83,24.71,Noise,Right
1706529139409,-0.030744,-0.71248,-0.87352,-2.03,27.44,11.34,Noise,Right
1706529139409,0.023424,-0.662216,-0.830576,22.61,-10.99,-7.14,Noise,Right
1706529139454,0.06588,-0.536312,-0.732,28.42,-46.41,-28.7,Noise,Right
1706529139455,0.218136,-0.55632,-0.703696,21.56,-75.53,-37.24,Noise,Right
1706529139455,0.316712,-0.516792,-0.698816,14.07,-85.33,-29.26,Noise,Right
1706529139502,0.48556,-0.581208,-0.73932,8.82,-74.34,-7.21,Noise,Right
1706529139502,0.452864,-0.637816,-0.740296,7.35,-33.67,24.78,Noise,Right
1706529139502,0.243024,-0.620736,-0.697352,2.59,11.27,38.29,Noise,Right
1706529139547,0.14396,-0.577792,-0.637328,-16.38,45.29,36.68,Noise,Right
1706529139548,0.120536,-0.5734,-0.74908,-32.06,61.46,27.37,Noise,Right
1706529139548,0.160064,-0.535336,-0.73444,-38.43,62.79,19.39,Noise,Right
1706529139595,0.138104,-0.518744,-0.772504,-44.73,43.82,15.75,Noise,Right
1706529139596,0.212768,-0.537776,-0.781776,-43.68,13.72,6.51,Noise,Right
1706529139641,0.269864,-0.643672,-0.886208,-31.15,-1.05,3.29,Noise,Right
1706529139641,0.228872,-0.67588,-0.935984,0.77,-9.59,6.3,Noise,Right
1706529139641,0.131272,-0.623176,-0.915488,28.91,-23.59,8.47,Noise,Right
1706529139688,0.036112,-0.67832,-0.876448,45.01,-31.99,4.06,Noise,Right
1706529139688,-0.054656,-0.727608,-0.8052,49.35,-35.63,-1.68,Noise,Right
1706529139689,-0.027816,-0.716872,-0.811056,45.29,-30.38,-5.32,Noise,Right
1706529139741,0.044896,-0.671976,-0.790072,47.6,-24.5,-13.23,Noise,Right
1706529139743,0.199104,-0.60024,-0.706624,41.44,-11.55,-15.47,Noise,Right
1706529139746,0.305,-0.436272,-0.62708,28.98,-2.66,-16.94,Noise,Right
1706529139781,0.42944,-0.38796,-0.548512,-2.66,5.11,-11.48,Noise,Right
1706529139781,0.479704,-0.460672,-0.604144,-33.18,12.18,4.55,Noise,Right
1706529139829,0.49044,-0.498248,-0.711016,-42.21,24.92,27.93,Noise,Right
1706529139829,0.289872,-0.597312,-0.739808,-33.81,29.05,39.97,Noise,Right
1706529139830,0.097112,-0.678808,-0.756888,-29.54,15.61,51.87,Noise,Right
1706529139877,-0.137616,-0.795928,-0.821792,-19.25,3.36,54.95,Noise,Right
1706529139877,-0.345992,-0.953064,-0.938424,7.56,0.91,25.13,Noise,Right
1706529139878,-0.238144,-0.808128,-0.967216,44.52,-15.26,0.98,Noise,Right
1706529140004,-0.106872,-0.71492,-0.916464,64.68,-40.53,-22.47,Noise,Right
1706529140005,0.077592,-0.59048,-0.847656,72.17,-58.45,-40.67,Noise,Right
1706529140005,0.23912,-0.559736,-0.74176,64.54,-59.92,-42.28,Noise,Right
1706529140005,0.302072,-0.557296,-0.69052,49.91,-56.0,-37.17,Noise,Right
1706529140005,0.432368,-0.562664,-0.590968,35.91,-45.92,-18.2,Noise,Right
1706529140006,0.543632,-0.514352,-0.582184,14.56,-2.66,12.25,Noise,Right
1706529140006,0.299144,-0.547536,-0.549976,-4.55,21.84,32.9,Noise,Right
1706529140060,0.098088,-0.610488,-0.532896,-22.12,44.45,34.44,Noise,Right
1706529140061,-0.098088,-0.716384,-0.5734,-38.15,38.15,39.9,Noise,Right
1706529140061,-0.149816,-0.756888,-0.767136,-37.59,17.85,27.93,Noise,Right
1706529140061,0.060024,-0.731512,-0.845704,-16.45,9.66,11.83,Noise,Right
1706529140107,0.128832,-0.717848,-0.878888,4.62,8.54,-1.12,Noise,Right
1706529140108,0.062464,-0.696376,-0.857416,24.36,-4.13,-7.56,Noise,Right
1706529140108,0.048312,-0.652944,-0.801784,28.42,-26.11,-20.51,Noise,Right
1706529140154,0.122,-0.66612,-0.717848,25.83,-46.62,-23.17,Noise,Right
1706529140154,0.164456,-0.699792,-0.654408,19.11,-54.04,-11.83,Noise,Right
1706529140201,0.058072,-0.6588,-0.5368,8.54,-39.27,0.0,Noise,Right
1706529140201,0.066856,-0.848632,-0.670512,-2.66,-15.75,8.82,Noise,Right
1706529140201,0.052704,-0.777872,-0.705648,11.06,2.38,19.74,Noise,Right
1706529140249,-0.022936,-0.60268,-0.67832,15.54,9.38,15.54,Noise,Right
1706529140250,0.032696,-0.5246,-0.638304,4.41,6.44,-2.38,Noise,Right
1706529140250,0.255224,-0.487024,-0.6344,-17.64,8.68,-12.18,Noise,Right
1706529140323,0.296704,-0.59048,-0.691984,-39.06,19.04,-8.96,Noise,Right
1706529140335,0.288408,-0.624152,-0.745664,-43.82,25.62,-0.28,Noise,Right
1706529140337,0.19764,-0.726144,-0.792024,-35.77,24.71,9.31,Noise,Right
1706529140342,-0.027816,-0.85156,-0.777872,-12.18,13.09,15.05,Noise,Right
1706529140344,-0.228384,-0.854976,-0.7198,7.91,-2.59,3.85,Noise,Right
1706529140389,-0.189832,-0.901824,-0.782264,18.41,-11.9,-3.71,Noise,Right
1706529140390,-0.182024,-0.83692,-0.833992,38.29,-21.91,-8.4,Noise,Right
1706529140390,-0.117608,-0.713456,-0.818376,55.02,-38.64,-21.28,Noise,Right
1706529140436,0.144448,-0.651968,-0.709552,54.88,-47.04,-31.22,Noise,Right
1706529140437,0.260104,-0.606096,-0.6954,42.21,-33.88,-25.13,Noise,Right
1706529140437,0.321104,-0.609024,-0.638304,28.14,-18.34,-16.1,Noise,Right
1706529140484,0.409432,-0.535336,-0.525088,13.09,2.52,-3.71,Noise,Right
1706529140484,0.379176,-0.448472,-0.414312,-12.46,27.09,15.19,Noise,Right
1706529140484,0.253272,-0.465552,-0.371368,-47.39,43.19,25.62,Noise,Right
1706529140528,0.127368,-0.61488,-0.374784,-83.3,49.7,34.44,Noise,Right
1706529140528,-0.079056,-0.64904,-0.468968,-108.64,51.66,32.97,Noise,Right
1706529140576,-0.098088,-0.687104,-0.671976,-118.86,51.52,26.04,Noise,Right
1706529140577,-0.01952,-0.836432,-0.838872,-99.47,52.71,9.31,Noise,Right
1706529140578,-0.054656,-0.86132,-0.88084,-58.66,51.94,-10.08,Noise,Right
1706529140620,-0.17324,-0.747128,-0.802272,-25.34,38.99,-30.45,Noise,Right
1706529140620,-0.203008,-0.557784,-0.73932,-24.36,7.35,-51.24,Noise,Right
1706529140620,-0.06344,-0.54412,-0.67588,-39.69,-24.43,-77.21,Noise,Right
1706529140666,0.154696,-0.526064,-0.681736,-55.86,-43.33,-82.39,Noise,Right
1706529140666,0.368928,-0.513864,-0.75396,-65.1,-43.96,-56.7,Noise,Right
1706529140712,0.450912,-0.581208,-0.808128,-61.67,-20.09,-25.62,Noise,Right
1706529140712,0.433344,-0.628056,-0.807152,-50.12,15.61,7.14,Noise,Right
1706529140712,0.233752,-0.556808,-0.728584,-43.75,55.09,27.3,Noise,Right
1706529140762,-0.011712,-0.493856,-0.678808,-54.81,85.19,13.65,Noise,Right
1706529140762,-0.081008,-0.540704,-0.62952,-75.88,99.47,-8.75,Noise,Right
1706529140762,-0.086376,-0.462136,-0.616344,-99.75,100.73,-28.14,Noise,Right
1706529140867,-0.010736,-0.391376,-0.63928,-125.58,91.7,-47.46,Noise,Right
1706529140868,0.183976,-0.410408,-0.861808,-139.65,82.74,-54.88,Noise,Right
1706529140868,0.333792,-0.474336,-0.862296,-128.45,82.46,-46.2,Noise,Right
1706529140869,0.274256,-0.496784,-0.90768,-98.7,80.92,-35.21,Noise,Right
1706529140870,0.104432,-0.499712,-0.970144,-63.7,67.13,-30.38,Noise,Right
1706529140870,0.022448,-0.493368,-0.910608,-32.55,38.85,-27.02,Noise,Right
1706529140918,0.006832,-0.40992,-0.813496,-14.14,19.74,-45.29,Noise,Right
1706529140921,0.099064,-0.316224,-0.792024,-18.69,8.68,-63.84,Noise,Right
1706529140929,0.281088,-0.322568,-0.771528,-27.16,13.79,-75.6,Noise,Right
1706529140959,0.375272,-0.219112,-0.764696,-31.57,31.01,-82.39,Noise,Right
1706529140960,0.47824,-0.109312,-0.786168,-41.23,47.74,-81.41,Noise,Right
1706529140961,0.570472,-0.10248,-0.87352,-48.16,60.83,-68.18,Noise,Right
1706529141006,0.611464,-0.125416,-0.970144,-41.16,67.41,-44.94,Noise,Right
1706529141007,0.376736,-0.122,-1.004792,-29.33,62.93,-24.36,Noise,Right
1706529141052,0.325984,-0.137616,-0.991128,-15.05,45.36,-19.25,Noise,Right
1706529141052,0.25864,-0.170312,-0.954528,-1.12,22.61,-31.43,Noise,Right
1706529141054,0.29036,-0.150792,-0.907192,10.64,6.86,-57.05,Noise,Right
1706529141101,0.37332,-0.157624,-0.860344,15.19,-2.59,-85.75,Noise,Right
1706529141101,0.56364,-0.144448,-0.804224,17.15,-7.14,-97.23,Noise,Right
1706529141102,0.730048,-0.141032,-0.813984,23.59,-6.09,-77.28,Noise,Right
1706529141151,0.809104,-0.041968,-0.708576,22.89,-3.29,-38.64,Noise,Right
1706529141152,0.790072,0.068808,-0.804712,19.74,3.71,-7.7,Noise,Right
1706529141152,0.672952,0.12932,-0.955504,9.59,8.47,-9.52,Noise,Right
1706529141194,0.556808,0.138104,-1.001376,-1.75,8.75,-28.84,Noise,Right
1706529141195,0.471896,0.077592,-0.92232,-5.95,4.76,-45.29,Noise,Right
1706529141241,0.451888,0.002928,-0.758352,-9.31,0.77,-72.59,Noise,Right
1706529141241,0.549488,-0.00488,-0.8174,-9.17,0.35,-94.5,Noise,Right
1706529141242,0.705648,-0.032696,-0.726632,-11.83,7.91,-104.86,Noise,Right
1706529141288,0.894504,-0.020984,-0.691984,-16.52,20.44,-87.36,Noise,Right
1706529141288,1.011136,0.03904,-0.779336,-20.58,38.78,-54.11,Noise,Right
1706529141288,0.937936,0.061976,-0.931104,-23.73,52.5,-30.59,Noise,Right
1706529141339,0.73444,-0.048312,-1.086776,-12.53,47.18,-16.87,Noise,Right
1706529141339,0.593896,-0.107848,-1.091168,17.99,23.59,-3.36,Noise,Right
1706529141339,0.477264,-0.064904,-1.062864,42.77,-6.37,0.28,Noise,Right
1706529141382,0.504104,-0.00488,-1.003328,59.43,-36.19,-13.44,Noise,Right
1706529141382,0.654408,0.018056,-0.9028,60.48,-51.52,-25.2,Noise,Right
1706529141430,0.821304,-0.007808,-0.753472,50.68,-46.69,-27.16,Noise,Right
1706529141430,0.955016,-0.002928,-0.599752,31.15,-28.35,-15.89,Noise,Right
1706529141430,0.896456,0.018056,-0.561688,7.77,-2.94,-3.01,Noise,Right
1706529141485,0.755424,0.004392,-0.5368,-20.72,16.87,10.57,Noise,Right
1706529141500,0.56364,-0.05368,-0.687104,-40.11,22.05,17.01,Noise,Right
1706529141501,0.443592,-0.14152,-0.91988,-37.59,13.65,17.99,Noise,Right
1706529141584,0.37332,-0.20252,-1.052128,-7.56,-3.92,15.82,Noise,Right
1706529141584,0.415776,-0.174216,-0.984296,25.13,-28.07,6.09,Noise,Right
1706529141585,0.5002,-0.1098,-0.88328,41.16,-47.18,2.87,Noise,Right
1706529141585,0.671976,-0.1708,-0.613416,73.22,-13.79,19.88,Noise,Right
1706529141585,0.906216,-0.165432,-0.861808,31.29,-60.27,2.59,Noise,Right
1706529141585,0.869128,-0.032208,-0.642208,28.42,-19.74,13.79,Noise,Right
1706529141634,0.7442,-0.067344,-0.709064,4.97,0.63,10.22,Noise,Right
1706529141635,0.593408,-0.116632,-0.767624,-15.12,10.64,16.1,Noise,Right
1706529141635,0.398208,-0.142008,-0.882304,-15.47,22.82,20.02,Noise,Right
1706529141680,0.383568,-0.128344,-0.951112,-6.93,9.66,8.33,Noise,Right
1706529141680,0.349896,-0.13176,-0.933056,2.17,-6.09,-6.72,Noise,Right
1706529141680,0.395768,-0.1708,-0.874008,16.73,-16.52,-17.71,Noise,Right
1706529141729,0.571936,-0.20008,-0.874984,25.2,-21.0,-18.13,Noise,Right
1706529141730,0.635864,-0.15128,-0.660752,24.29,-16.59,-10.22,Noise,Right
1706529141730,0.760792,-0.118096,-0.604144,26.67,9.24,3.08,Noise,Right
1706529141858,0.74664,-0.086864,-0.666608,16.94,37.8,29.68,Noise,Right
1706529141858,0.612928,0.75884,0.19032,17.15,58.87,50.19,Noise,Right
1706529141858,0.470432,-0.05612,-0.954528,-22.47,2.03,28.91,Noise,Right
1706529141859,0.374296,-0.120048,-0.947696,-23.59,15.05,25.83,Noise,Right
1706529141859,0.398696,-0.074176,-0.889136,-11.69,1.4,12.81,Noise,Right
1706529141859,0.464088,-0.108824,-0.85888,2.31,-1.89,-6.58,Noise,Right
1706529141859,0.488976,-0.165432,-0.848144,12.88,-5.18,-21.91,Noise,Right
1706529141912,0.604632,-0.176168,-0.760792,18.34,-7.14,-30.73,Noise,Right
1706529141914,0.65392,-0.166896,-0.72712,11.41,-5.74,-20.23,Noise,Right
1706529141914,0.586576,-0.22204,-0.798368,0.42,-2.1,-5.11,Noise,Right
1706529141914,0.542656,-0.181536,-0.811056,-0.77,-0.49,-3.5,Noise,Right
1706529141959,0.537288,-0.181048,-0.804224,-1.19,0.98,-3.08,Noise,Right
1706529141959,0.554368,-0.20008,-0.81008,-1.26,-1.33,-3.15,Noise,Right
1706529142007,0.531432,-0.185928,-0.798856,-1.26,-0.77,-1.54,Noise,Right
1706529142007,0.557296,-0.180072,-0.802272,-1.54,-0.28,-1.96,Noise,Right
1706529142007,0.5612,-0.167384,-0.799344,-1.19,-0.35,-2.52,Noise,Right
1706529142061,0.55388,-0.172752,-0.803248,-1.47,-0.42,-2.52,Noise,Right
1706529142076,0.55632,-0.182024,-0.79788,-0.98,-0.7,-2.31,Noise,Right
1706529142078,0.557296,-0.187392,-0.79788,-1.12,-0.84,-2.38,Noise,Right
1706529142100,0.55876,-0.179584,-0.806176,-1.75,-0.98,-2.31,Noise,Right
1706529142100,0.549976,-0.17568,-0.796904,-1.26,-0.98,-2.24,Noise,Right
1706529142100,0.561688,-0.176656,-0.803248,-1.26,-1.05,-2.31,Noise,Right
1706529142147,0.558272,-0.174216,-0.800808,-1.4,-0.91,-2.38,Noise,Right
1706529142147,0.557784,-0.178608,-0.8052,-1.26,-1.12,-2.38,Noise,Right
1706529142147,0.558272,-0.181536,-0.811056,-1.19,-0.84,-2.31,Noise,Right
1706529142196,0.55632,-0.179584,-0.804224,-1.4,-0.63,-2.31,Noise,Right
1706529142196,0.548512,-0.17324,-0.797392,-1.47,-0.77,-2.31,Noise,Right
1706529142242,0.55632,-0.181536,-0.801784,-1.33,-0.77,-2.03,Noise,Right
1706529142242,0.55876,-0.183,-0.812032,-1.4,-1.12,-2.66,Noise,Right
1706529142242,0.556808,-0.179096,-0.798856,-1.33,-0.63,-2.38,Noise,Right
1706529142289,0.559248,-0.173728,-0.800808,-1.61,-0.84,-2.52,Noise,Right
1706529142289,0.55144,-0.171776,-0.805688,-1.33,-0.7,-2.66,Noise,Right
1706529142289,0.555344,-0.176168,-0.805688,-1.33,-0.84,-2.31,Noise,Right
1706529142335,0.557784,-0.17812,-0.797392,-0.91,-1.33,-2.31,Noise,Right
1706529142335,0.5612,-0.175192,-0.80276,-1.19,-0.98,-2.17,Noise,Right
1706529142336,0.564616,-0.181048,-0.799344,-1.26,-0.84,-2.31,Noise,Right
1706529142381,0.557784,-0.177144,-0.80276,-1.12,-0.98,-2.38,Noise,Right
1706529142381,0.540216,-0.18056,-0.800808,-0.07,-1.26,-1.47,Noise,Right
1706529142429,0.55388,-0.183976,-0.813496,-1.4,-0.91,-2.24,Noise,Right
1706529142429,0.442616,-0.294752,-0.859856,-3.36,0.91,-3.78,Noise,Right
1706529142429,0.557784,-0.160064,-0.821304,3.57,-1.75,-10.71,Noise,Right
1706529142475,0.59048,-0.12444,-0.760792,6.02,-1.54,-11.41,Noise,Right
1706529142475,0.550952,-0.179584,-0.805688,-1.4,-1.26,-2.45,Noise,Right
1706529142476,0.618784,-0.292312,-0.726144,-0.42,-1.68,-4.97,Noise,Right
1706529142521,0.637328,-0.27328,-0.747128,4.62,-3.22,-11.55,Noise,Right
1706529142521,0.552416,-0.220088,-0.78812,1.68,-4.27,-4.34,Noise,Right
1706529142565,0.45872,-0.166896,-0.791536,17.36,-1.26,-6.79,Noise,Right
1706529142566,0.51484,-0.176656,-0.832528,5.74,-2.8,-11.69,Noise,Right
1706529142566,0.492392,-0.063928,-0.822768,12.88,-5.18,-22.68,Noise,Right
1706529142614,0.600728,-0.08784,-0.786656,9.24,-4.2,-17.92,Noise,Right
1706529142614,0.596824,-0.101016,-0.828136,6.23,-3.71,-12.95,Noise,Right
1706529142614,0.508008,-0.183488,-0.82716,5.04,-1.68,-11.9,Noise,Right
1706529142662,0.681248,-0.181048,-0.718336,-1.82,-0.49,-2.17,Noise,Right
1706529142674,0.347944,-0.118584,-1.011136,-12.6,9.8,11.83,Noise,Right
1706529142676,0.62952,-0.033672,-0.786656,-21.56,5.32,26.11,Noise,Right
1706529142708,0.562664,-0.197152,-0.801296,-35.07,9.73,44.59,Noise,Right
1706529142708,0.49532,-0.15128,-0.847168,-20.58,8.96,5.81,Noise,Right
1706529142753,0.606096,-0.174704,-0.811544,-17.5,12.81,-24.57,Noise,Right
1706529142753,0.520696,-0.152256,-0.821304,-26.32,10.22,-33.88,Noise,Right
1706529142754,0.60756,-0.0244,-0.820816,-38.43,-6.51,-21.98,Noise,Right
1706529142800,0.662704,0.064416,-0.823744,-46.48,2.38,-4.62,Noise,Right
1706529142801,0.752984,0.022448,-0.939888,-54.11,17.08,-4.48,Noise,Right
1706529142801,0.673928,-0.032696,-1.058472,-42.77,31.85,-7.21,Noise,Right
1706529142850,0.487512,-0.216672,-1.088728,-23.66,25.62,-16.73,Noise,Right
1706529142850,0.401624,-0.426024,-0.969168,4.06,-2.87,-24.57,Noise,Right
1706529142850,0.508496,-0.386008,-0.684176,43.89,-27.37,-25.76,Noise,Right
1706529142979,0.654408,-0.115168,-0.446032,52.92,-25.62,-7.07,Noise,Right
1706529142979,0.677832,0.103456,-0.366,15.26,-9.24,6.86,Noise,Right
1706529142979,0.615368,0.118096,-0.57584,-28.42,9.31,10.08,Noise,Right
1706529142980,0.565104,0.067344,-0.875472,-43.89,11.55,11.27,Noise,Right
1706529142980,0.608048,-0.038552,-0.996984,-18.55,2.1,14.91,Noise,Right
1706529142980,0.663192,-0.2196,-1.05896,-13.09,-11.97,22.82,Noise,Right
1706529142980,0.674416,-0.301096,-1.01504,18.27,-20.79,28.14,Noise,Right
1706529143031,0.618296,-0.22936,-0.86864,45.71,-21.98,27.44,Noise,Right
1706529143031,0.554368,-0.060024,-0.718336,49.98,-18.13,17.22,Noise,Right
1706529143032,0.68076,0.029768,-0.625616,33.32,-1.82,-3.08,Noise,Right
1706529143078,0.836432,0.16104,-0.593896,10.99,27.58,-16.31,Noise,Right
1706529143078,0.93696,0.26596,-0.674904,-28.49,59.36,-8.26,Noise,Right
1706529143078,0.916952,0.147376,-0.760304,-64.75,79.17,12.18,Noise,Right
1706529143123,0.64904,-0.081496,-0.93208,-75.67,85.05,31.15,Noise,Right
1706529143124,0.289872,-0.420168,-1.171688,-44.52,55.3,36.26,Noise,Right
1706529143124,0.267424,-0.457256,-1.069208,19.6,-5.25,25.55,Noise,Right
1706529143169,0.396744,-0.169824,-0.830088,53.62,-58.31,20.23,Noise,Right
1706529143170,0.55388,-0.11224,-0.73444,47.39,-82.88,4.9,Noise,Right
1706529143170,0.693448,-0.246928,-0.653432,31.57,-86.66,4.83,Noise,Right
1706529143218,0.693448,-0.109312,-0.606584,21.21,-67.83,-2.17,Noise,Right
1706529143220,0.838384,-0.009272,-0.607072,-3.15,-41.51,-0.84,Noise,Right
1706529143221,0.953064,-0.067832,-0.677832,-24.99,-1.89,12.88,Noise,Right
1706529143266,0.82472,-0.068808,-0.838872,-35.0,50.05,47.88,Noise,Right
1706529143271,0.50264,-0.117608,-0.933056,-34.3,51.66,55.51,Noise,Right
1706529143392,0.26108,-0.258152,-0.97844,-21.0,22.4,42.07,Noise,Right
1706529143392,0.26352,-0.30988,-0.969168,1.47,-20.02,20.09,Noise,Right
1706529143392,0.44408,-0.303536,-0.898408,23.8,-50.47,0.98,Noise,Right
1706529143394,0.570472,-0.189832,-0.810568,33.74,-62.86,-8.12,Noise,Right
1706529143394,0.616344,-0.157136,-0.811056,29.47,-64.33,-8.89,Noise,Right
1706529143394,0.671976,-0.17812,-0.824232,27.79,-57.05,-5.88,Noise,Right
1706529143394,0.706624,-0.200568,-0.841312,28.63,-41.86,10.43,Noise,Right
1706529143448,0.650992,-0.188856,-0.8296,29.54,-31.01,30.59,Noise,Right
1706529143449,0.609512,-0.203008,-0.8174,27.37,-18.97,44.31,Noise,Right
1706529143449,0.417728,-0.211304,-0.821304,19.32,-15.33,58.31,Noise,Right
1706529143449,0.313296,-0.161528,-0.804224,12.88,-19.67,43.19,Noise,Right
1706529143495,0.343064,-0.262544,-0.831552,4.48,-27.16,18.97,Noise,Right
1706529143495,0.440664,-0.340136,-0.865712,3.64,-32.27,8.4,Noise,Right
1706529143542,0.5124,-0.320128,-0.89304,11.27,-30.24,7.42,Noise,Right
1706529143542,0.504592,-0.327936,-0.914512,22.75,-24.85,13.72,Noise,Right
1706529143542,0.438712,-0.31476,-0.91256,32.76,-24.64,25.48,Noise,Right
1706529143589,0.3782,-0.314272,-0.913536,39.34,-29.89,30.8,Noise,Right
1706529143589,0.322568,-0.362584,-0.906216,45.08,-32.27,30.8,Noise,Right
1706529143589,0.256688,-0.343552,-0.862296,48.44,-30.1,23.17,Noise,Right
1706529143634,0.32696,-0.340136,-0.724192,40.11,-19.95,13.44,Noise,Right
1706529143636,0.386008,-0.317688,-0.67344,21.21,-3.71,6.3,Noise,Right
1706529143636,0.428464,-0.28548,-0.616832,-5.18,19.95,10.43,Noise,Right
1706529143682,0.421144,-0.289384,-0.697352,-33.95,34.72,15.47,Noise,Right
1706529143684,0.447496,-0.282552,-0.822768,-44.1,46.69,20.44,Noise,Right
1706529143684,0.376736,-0.379176,-0.9028,-37.24,46.06,28.35,Noise,Right
1706529143731,0.217648,-0.421144,-0.950624,-17.92,28.07,32.06,Noise,Right
1706529143731,0.144936,-0.477752,-0.972584,7.0,-1.75,25.97,Noise,Right
1706529143776,0.126392,-0.428952,-0.963312,36.54,-28.98,11.9,Noise,Right
1706529143778,0.18056,-0.442128,-0.912072,55.3,-50.68,-4.69,Noise,Right
1706529143778,0.23668,-0.43676,-0.859368,62.79,-64.05,-10.08,Noise,Right
1706529143822,0.376736,-0.35624,-0.709064,54.6,-62.79,-8.12,Noise,Right
1706529143828,0.381616,-0.277672,-0.654896,31.15,-53.55,-7.49,Noise,Right
1706529143830,0.591456,-0.352824,-0.599752,3.36,-40.74,-8.96,Noise,Right
1706529143871,0.661728,-0.263032,-0.650016,-19.18,-1.75,9.45,Noise,Right
1706529143871,0.628056,-0.311832,-0.750544,-37.66,40.95,36.61,Noise,Right
1706529143987,0.434808,-0.244488,-0.830576,-41.93,70.63,47.53,Noise,Right
1706529143988,0.240096,-0.354288,-0.902312,-41.86,71.89,42.98,Noise,Right
1706529143988,0.164944,-0.481168,-0.971608,-31.29,52.99,35.42,Noise,Right
1706529143988,0.130784,-0.565592,-1.011136,-6.23,30.1,17.71,Noise,Right
1706529143988,0.142984,-0.539728,-0.976976,22.4,3.5,0.49,Noise,Right
1706529143989,0.190808,-0.421144,-0.894504,36.68,-23.66,-17.08,Noise,Right
1706529143989,0.236192,-0.435296,-0.828624,35.98,-52.29,-25.13,Noise,Right
1706529144040,0.389912,-0.378688,-0.748104,29.33,-71.4,-27.16,Noise,Right
1706529144040,0.55144,-0.399672,-0.737856,19.95,-63.14,-9.52,Noise,Right
1706529144041,0.67588,-0.415776,-0.7686,19.74,-21.21,10.43,Noise,Right
1706529144041,0.574864,-0.384544,-0.77348,17.71,6.23,36.82,Noise,Right
1706529144090,0.39284,-0.352336,-0.74176,9.66,28.77,53.2,Noise,Right
1706529144090,0.146888,-0.325984,-0.809592,-4.41,41.86,41.44,Noise,Right
1706529144209,0.140056,-0.438712,-0.831552,-13.02,36.75,20.02,Noise,Right
1706529144209,0.17324,-0.528992,-0.898408,-15.19,26.25,8.33,Noise,Right
1706529144209,0.10492,-0.598288,-0.89548,-4.34,11.69,-5.95,Noise,Right
1706529144210,0.13908,-0.46604,-0.844728,8.05,-12.25,-21.49,Noise,Right
1706529144210,0.262056,-0.460672,-0.845216,10.99,-33.46,-27.58,Noise,Right
1706529144210,0.304024,-0.49044,-0.822768,15.54,-48.02,-22.61,Noise,Right
1706529144210,0.462624,-0.424072,-0.748592,21.21,-46.83,-11.41,Noise,Right
1706529144260,0.45872,-0.426024,-0.872544,19.6,-33.46,7.91,Noise,Right
1706529144261,0.576328,-0.462624,-0.746152,25.13,-16.24,20.23,Noise,Right
1706529144262,0.38308,-0.344528,-0.7076,12.6,16.24,34.93,Noise,Right
1706529144305,0.298656,-0.355264,-0.677832,-10.15,35.56,28.84,Noise,Right
1706529144305,0.248392,-0.409432,-0.744688,-29.47,46.41,14.84,Noise,Right
1706529144305,0.243512,-0.4514,-0.75884,-42.63,42.07,9.1,Noise,Right
1706529144351,0.193248,-0.530456,-0.857416,-42.77,27.86,-0.42,Noise,Right
1706529144351,0.191784,-0.578768,-0.948184,-20.02,1.4,-6.37,Noise,Right
1706529144351,0.279136,-0.52704,-0.955992,13.3,-25.55,-6.51,Noise,Right
1706529144399,0.301584,-0.543632,-0.961848,41.72,-44.03,0.42,Noise,Right
1706529144404,0.244,-0.507032,-0.937448,65.73,-60.27,10.5,Noise,Right
1706529144404,0.215696,-0.442128,-0.844728,75.67,-70.07,6.16,Noise,Right
1706529144446,0.29524,-0.445056,-0.758352,67.83,-64.12,2.45,Noise,Right
1706529144447,0.275232,-0.429928,-0.78812,48.72,-45.5,0.42,Noise,Right
1706529144551,0.472872,-0.476288,-0.599752,27.3,-13.72,-0.49,Noise,Right
1706529144551,0.442128,-0.396256,-0.57096,-5.74,26.32,5.74,Noise,Right
1706529144552,0.330864,-0.342088,-0.62708,-42.56,49.21,11.27,Noise,Right
1706529144552,0.326472,-0.4758,-0.765184,-63.49,55.09,9.73,Noise,Right
1706529144552,0.310368,-0.591456,-0.888648,-54.32,45.64,16.87,Noise,Right
1706529144552,0.166408,-0.618784,-0.976,-24.85,17.78,25.41,Noise,Right
1706529144552,0.071736,-0.608536,-0.969656,15.96,-15.89,19.39,Noise,Right
1706529144599,0.079544,-0.58316,-0.953552,44.03,-40.04,4.55,Noise,Right
1706529144600,0.131272,-0.586576,-0.920368,59.71,-55.09,-6.23,Noise,Right
1706529144648,0.162504,-0.54656,-0.822768,63.49,-59.22,-8.61,Noise,Right
1706529144649,0.237168,-0.535824,-0.730048,52.99,-50.4,-11.13,Noise,Right
1706529144649,0.197152,-0.485072,-0.719312,34.37,-35.14,-11.2,Noise,Right
1706529144756,0.320616,-0.47824,-0.611464,9.73,-23.24,-13.72,Noise,Right
1706529144756,0.387472,-0.47336,-0.652944,-14.35,-4.48,-4.2,Noise,Right
1706529144757,0.444568,-0.535824,-0.747616,-24.85,11.27,16.94,Noise,Right
1706529144758,0.39528,-0.55632,-0.821304,-17.01,26.32,36.12,Noise,Right
1706529144759,0.237656,-0.539728,-0.831552,-5.32,29.26,48.02,Noise,Right
1706529144759,0.0366,-0.56364,-0.870592,5.39,19.25,19.53,Noise,Right
1706529144760,0.04148,-0.63684,-0.87108,19.67,5.74,10.22,Noise,Right
1706529144801,0.14152,-0.635864,-0.823256,29.82,-5.67,0.63,Noise,Right
1706529144802,0.134688,-0.649528,-0.796416,35.49,-9.17,-6.93,Noise,Right
1706529144847,0.101992,-0.635864,-0.742736,38.15,-14.7,-12.81,Noise,Right
1706529144848,0.095648,-0.560224,-0.6832,31.71,-27.93,-17.85,Noise,Right
1706529144849,0.145912,-0.506544,-0.677832,16.38,-43.33,-19.81,Noise,Right
1706529144895,0.300608,-0.506056,-0.728096,0.21,-49.42,-12.74,Noise,Right
1706529144896,0.44408,-0.514352,-0.805688,-4.62,-32.55,4.13,Noise,Right
1706529144896,0.464576,-0.59048,-0.883768,2.38,-2.94,22.89,Noise,Right
1706529144943,0.298656,-0.59048,-0.835456,14.28,17.15,43.12,Noise,Right
1706529144944,0.016104,-0.520696,-0.779336,16.52,22.26,32.97,Noise,Right
1706529144944,-0.082472,-0.625128,-0.73444,10.01,12.88,4.76,Noise,Right
1706529144989,0.048312,-0.725656,-0.701256,4.13,-2.03,-6.44,Noise,Right
1706529144991,0.109312,-0.72468,-0.6832,4.06,-8.26,-8.12,Noise,Right
1706529145035,0.106384,-0.651968,-0.680272,6.65,-14.42,-12.95,Noise,Right
1706529145036,0.164944,-0.562176,-0.694912,2.03,-24.01,-17.08,Noise,Right
1706529145036,0.209352,-0.521672,-0.742736,-5.25,-31.71,-16.94,Noise,Right
1706529145082,0.33672,-0.505568,-0.816912,-11.27,-33.46,-8.19,Noise,Right
1706529145082,0.427,-0.610976,-0.935496,-6.02,-17.64,11.41,Noise,Right
1706529145082,0.31964,-0.665632,-0.957944,15.75,10.43,30.38,Noise,Right
1706529145127,0.110776,-0.615368,-0.850584,28.14,26.11,38.15,Noise,Right
1706529145127,-0.152744,-0.598288,-0.708088,22.19,21.63,26.74,Noise,Right
1706529145128,-0.15372,-0.660752,-0.643184,7.35,1.19,2.45,Noise,Right
1706529145174,0.093696,-0.723216,-0.629032,0.56,-14.07,-11.55,Noise,Right
1706529145175,0.204472,-0.5978,-0.615368,-4.2,-14.49,-9.73,Noise,Right
1706529145221,0.23668,-0.477752,-0.642208,-18.48,-10.92,-9.8,Noise,Right
1706529145221,0.305,-0.488,-0.713944,-33.04,-6.16,-6.37,Noise,Right
1706529145221,0.34892,-0.5612,-0.854,-36.12,1.89,3.85,Noise,Right
1706529145269,0.310856,-0.6466,-0.998936,-18.48,12.81,15.68,Noise,Right
1706529145270,0.203496,-0.732488,-1.029192,15.26,22.26,25.13,Noise,Right
1706529145317,-0.214232,-0.718336,-0.687592,55.23,-21.35,12.32,Noise,Right
1706529145318,-0.07564,-0.767624,-0.650016,45.5,-38.08,-3.29,Noise,Right
1706529145363,0.0854,-0.76616,-0.687104,43.82,-32.76,-6.79,Noise,Right
1706529145364,0.130784,-0.6466,-0.655384,44.1,-27.37,-9.1,Noise,Right
1706529145364,0.235704,-0.445544,-0.586576,29.54,-28.14,-11.41,Noise,Right
1706529145412,0.31964,-0.325496,-0.516304,-7.28,-23.87,-10.15,Noise,Right
1706529145414,0.365024,-0.395768,-0.743224,-48.02,-13.23,-3.85,Noise,Right
1706529145415,0.435784,-0.554856,-0.847168,-60.13,11.69,12.53,Noise,Right
1706529145472,0.38552,-0.717848,-0.921344,-38.15,41.86,32.27,Noise,Right
1706529145472,-0.026352,-0.757864,-0.79544,-6.3,50.4,42.42,Noise,Right
1706529145474,-0.305488,-0.73688,-0.628544,1.61,16.94,36.96,Noise,Right
1706529145517,-0.153232,-0.816912,-0.710528,-1.89,2.8,15.82,Noise,Right
1706529145518,0.020984,-0.821792,-0.785192,11.97,8.47,8.47,Noise,Right
1706529145518,0.015616,-0.696376,-0.79788,30.73,7.0,0.0,Noise,Right
1706529145562,0.042456,-0.60512,-0.775432,33.95,-8.61,-12.67,Noise,Right
1706529145566,0.11712,-0.547048,-0.73932,20.86,-25.83,-21.91,Noise,Right
1706529145571,0.145424,-0.576816,-0.751032,4.41,-39.2,-24.15,Noise,Right
1706529145614,0.16592,-0.647576,-0.825696,1.12,-45.64,-20.44,Noise,Right
1706529145615,0.243512,-0.728584,-0.906216,17.01,-38.29,-4.27,Noise,Right
1706529145615,0.129808,-0.821792,-0.835944,42.49,-16.73,13.51,Noise,Right
1706529145743,-0.103944,-0.759328,-0.64172,55.72,-0.91,16.59,Noise,Right
1706529145743,-0.13664,-0.608536,-0.423096,37.38,-7.28,10.71,Noise,Right
1706529145743,0.089792,-0.612928,-0.435784,2.03,-19.11,8.4,Noise,Right
1706529145744,0.16836,-0.51972,-0.485072,-23.52,-4.48,-1.96,Noise,Right
1706529145744,0.264496,-0.45384,-0.550464,-49.14,8.89,-12.11,Noise,Right
1706529145744,0.34648,-0.462136,-0.620248,-73.71,21.77,-10.22,Noise,Right
1706529145744,0.320128,-0.52704,-0.683688,-87.99,31.08,-1.54,Noise,Right
1706529145796,0.282552,-0.573888,-0.823256,-86.66,36.26,10.36,Noise,Right
1706529145796,0.172752,-0.737368,-0.944768,-61.88,48.02,18.62,Noise,Right
1706529145796,-0.186416,-0.889624,-0.948672,-20.93,57.54,9.94,Noise,Right
1706529145842,-0.47824,-0.908656,-0.864736,10.92,20.65,-7.56,Noise,Right
1706529145845,-0.32696,-0.8418,-0.816424,26.53,-1.89,-25.69,Noise,Right
1706529145847,-0.03172,-0.75396,-0.75396,31.78,-13.09,-32.9,Noise,Right
1706529145891,0.164456,-0.641232,-0.687104,25.13,-1.4,-31.85,Noise,Right
1706529145891,0.264984,-0.58072,-0.632936,9.94,18.34,-28.0,Noise,Right
1706529145891,0.33672,-0.420168,-0.52948,-10.57,40.11,-28.28,Noise,Right
1706529145948,0.350384,-0.311832,-0.469944,-54.46,60.69,-31.64,Noise,Right
1706529145948,0.349408,-0.37332,-0.482144,-98.07,65.24,-22.68,Noise,Right
1706529145948,0.367464,-0.407968,-0.621224,-126.49,59.99,-4.34,Noise,Right
1706529145949,0.41724,-0.469456,-0.7808,-127.75,58.31,12.81,Noise,Right
1706529145995,0.362096,-0.595848,-0.885232,-106.19,62.51,28.7,Noise,Right
1706529145995,0.10492,-0.65636,-0.948184,-74.2,60.27,34.79,Noise,Right
1706529146042,-0.146888,-0.735416,-0.943792,-41.93,46.27,15.54,Noise,Right
1706529146044,-0.217648,-0.849608,-0.919392,-11.48,29.12,-18.06,Noise,Right
1706529146044,-0.144448,-0.77348,-0.852048,14.0,11.06,-42.28,Noise,Right
1706529146088,-0.083448,-0.529968,-0.73444,16.24,-6.3,-53.06,Noise,Right
1706529146089,0.0366,-0.410896,-0.63684,-5.32,-22.19,-65.38,Noise,Right
1706529146090,0.183,-0.423096,-0.63684,-29.68,-26.04,-73.22,Noise,Right
1706529146139,0.286456,-0.42944,-0.638792,-44.87,-19.74,-73.78,Noise,Right
1706529146144,0.408456,-0.391864,-0.638792,-56.63,-8.19,-56.49,Noise,Right
1706529146180,0.481168,-0.421144,-0.757376,-60.27,11.27,-31.36,Noise,Right
1706529146180,0.406016,-0.530944,-0.809104,-49.14,35.35,-8.12,Noise,Right
1706529146181,0.209352,-0.515328,-0.793,-32.9,49.56,5.81,Noise,Right
1706529146231,0.040504,-0.362096,-0.757864,-30.03,44.94,-4.69,Noise,Right
1706529146232,0.022936,-0.262056,-0.777384,-43.12,29.89,-38.85,Noise,Right
1706529146232,0.16836,-0.301584,-0.804712,-58.24,18.9,-74.06,Noise,Right
1706529146291,0.3782,-0.301584,-0.833992,-67.48,14.28,-81.27,Noise,Right
1706529146292,0.482144,-0.30256,-0.901824,-68.74,16.59,-71.33,Noise,Right
1706529146292,0.505568,-0.34404,-0.944768,-58.66,23.8,-54.11,Noise,Right
1706529146292,0.416752,-0.414312,-0.982344,-33.6,32.13,-39.34,Noise,Right
1706529146394,0.312808,-0.455304,-0.965264,-0.35,25.69,-22.47,Noise,Right
1706529146395,0.249368,-0.354776,-0.865224,16.94,7.07,-5.18,Noise,Right
1706529146395,0.248392,-0.214232,-0.799832,14.14,-7.91,-5.53,Noise,Right
1706529146395,0.275232,-0.181048,-0.78568,-1.4,-13.93,-20.37,Noise,Right
1706529146395,0.34404,-0.2196,-0.789584,-16.03,-9.94,-44.8,Noise,Right
1706529146396,0.4514,-0.213744,-0.816912,-25.55,0.07,-64.47,Noise,Right
1706529146446,0.60512,-0.173728,-0.882792,-28.84,15.61,-63.7,Noise,Right
1706529146446,0.698816,-0.230336,-0.947696,-22.54,38.08,-49.77,Noise,Right
1706529146447,0.655872,-0.269376,-0.93452,-6.65,56.28,-23.8,Noise,Right
1706529146575,0.48312,-0.220576,-0.8906,5.67,57.05,0.98,Noise,Right
1706529146575,0.32696,-0.053192,-0.835944,-0.28,36.12,14.07,Noise,Right
1706529146576,0.288896,0.122488,-0.829112,-24.85,10.64,-5.67,Noise,Right
1706529146576,0.420168,-0.008784,-0.901336,-49.28,-6.16,-45.01,Noise,Right
1706529146576,0.639768,-0.099064,-0.943792,-53.69,-6.3,-77.35,Noise,Right
1706529146576,0.842776,-0.122976,-0.964288,-45.85,8.33,-72.87,Noise,Right
1706529146576,0.850584,-0.122,-0.964776,-33.74,29.89,-53.2,Noise,Right
1706529146630,0.707112,-0.134688,-0.93452,-25.69,40.46,-30.03,Noise,Right
1706529146630,0.484096,-0.186416,-0.947208,-21.21,30.87,-11.69,Noise,Right
1706529146631,0.306464,-0.227896,-0.959408,-11.69,-1.12,-9.31,Noise,Right
1706529146631,0.320616,-0.194224,-0.933056,1.12,-27.16,-32.97,Noise,Right
1706529146676,0.508008,-0.076616,-0.917928,12.74,-30.24,-58.31,Noise,Right
1706529146676,0.730536,-0.054168,-0.8906,17.29,-10.92,-66.71,Noise,Right
1706529146724,0.831064,-0.051728,-0.847656,16.73,17.99,-52.29,Noise,Right
1706529146726,0.757864,-0.06588,-0.828136,14.07,44.94,-32.9,Noise,Right
1706529146731,0.587064,-0.101016,-0.823744,9.31,53.2,-17.64,Noise,Right
1706529146769,0.404064,-0.15128,-0.840336,8.89,37.87,-12.6,Noise,Right
1706529146770,0.269864,-0.164944,-0.90768,15.12,3.71,-16.31,Noise,Right
1706529146770,0.325984,-0.106872,-0.943304,27.37,-30.52,-34.72,Noise,Right
1706529146814,0.539728,-0.08052,-0.913048,37.52,-44.66,-51.8,Noise,Right
1706529146815,0.775432,-0.096624,-0.848144,40.18,-31.36,-52.92,Noise,Right
1706529146815,0.95892,-0.100528,-0.71736,34.79,3.99,-38.5,Noise,Right
1706529146861,0.92232,-0.047824,-0.67832,22.4,53.27,-27.23,Noise,Right
1706529146861,0.732488,-0.066856,-0.693448,6.16,87.85,-21.28,Noise,Right
1706529146907,0.472384,-0.133224,-0.800808,-1.61,83.37,-18.13,Noise,Right
1706529146908,0.359168,-0.197152,-0.870104,9.1,42.84,-15.54,Noise,Right
1706529146908,0.391376,-0.196664,-0.839848,29.33,-10.43,-9.94,Noise,Right
1706529146954,0.498736,-0.095648,-0.7686,41.3,-49.21,-1.33,Noise,Right
1706529146954,0.609512,-0.010248,-0.694424,39.97,-66.64,-1.19,Noise,Right
1706529146954,0.772016,0.0366,-0.62708,21.14,-59.99,2.24,Noise,Right
1706529147000,0.827648,0.028304,-0.627568,-2.8,-29.61,1.54,Noise,Right
1706529147000,0.780312,-0.027328,-0.648552,-26.32,2.45,1.4,Noise,Right
1706529147049,0.659288,-0.071736,-0.733464,-43.75,24.64,0.0,Noise,Right
1706529147049,0.598288,-0.081008,-0.994056,-54.32,26.81,-17.85,Noise,Right
1706529147050,0.633424,-0.228872,-1.12484,-37.03,8.89,-27.02,Noise,Right
1706529147171,0.707112,-0.277184,-1.126304,-4.41,-17.29,-16.8,Noise,Right
1706529147172,0.752496,-0.21228,-0.981856,28.84,-31.78,-3.15,Noise,Right
1706529147172,0.677832,-0.122976,-0.838872,44.73,-35.35,5.46,Noise,Right
1706529147172,0.603656,-0.053192,-0.704184,42.28,-36.68,11.2,Noise,Right
1706529147172,0.564128,-0.033184,-0.5856,25.62,-31.43,8.82,Noise,Right
1706529147172,0.55388,-0.005856,-0.5368,3.29,-20.58,5.74,Noise,Right
1706529147172,0.549976,0.003416,-0.550464,-21.91,-8.75,4.97,Noise,Right
1706529147219,0.537776,-0.05124,-0.656848,-39.55,-1.61,13.93,Noise,Right
1706529147219,0.46116,-0.139568,-0.801296,-39.2,-5.25,26.39,Noise,Right
1706529147220,0.366976,-0.089304,-0.869616,-29.19,-17.85,33.53,Noise,Right
1706529147265,0.376248,-0.075152,-1.04676,-36.33,-35.14,14.21,Noise,Right
1706529147265,0.632448,-0.292312,-1.131672,-20.93,-41.51,-12.11,Noise,Right
1706529147266,0.718336,-0.266448,-1.045784,8.12,-27.65,-3.15,Noise,Right
1706529147314,0.609512,-0.074664,-0.919392,17.36,-8.4,6.72,Noise,Right
1706529147318,0.513376,-0.028792,-0.816912,6.65,3.43,8.47,Noise,Right
1706529147319,0.454328,-0.072224,-0.743224,-6.02,10.01,10.22,Noise,Right
1706529147357,0.39772,-0.075152,-0.71004,-15.05,12.18,10.43,Noise,Right
1706529147358,0.343064,-0.071248,-0.765672,-22.47,7.7,6.58,Noise,Right
1706529147405,0.34892,-0.12688,-0.843752,-22.47,-2.8,-1.96,Noise,Right
1706529147405,0.424072,-0.200568,-0.903776,-16.31,-15.19,-9.24,Noise,Right
1706529147405,0.513376,-0.244,-0.933056,-6.79,-20.93,-15.12,Noise,Right
1706529147455,0.543144,-0.2318,-0.93452,5.04,-17.36,-19.25,Noise,Right
1706529147456,0.599752,-0.162504,-0.866688,9.87,-10.22,-15.05,Noise,Right
1706529147456,0.632936,-0.104432,-0.912072,4.27,-1.33,-1.54,Noise,Right
1706529147521,0.650504,-0.028304,-0.71248,-8.96,17.22,11.55,Noise,Right
1706529147521,0.576328,-0.050752,-0.805688,-20.93,37.31,16.52,Noise,Right
1706529147521,0.469944,-0.05368,-0.954528,-26.46,46.76,17.43,Noise,Right
1706529147522,0.342088,-0.120048,-0.996984,-14.56,38.99,14.0,Noise,Right
1706529147572,0.415288,-0.083936,-0.94428,-3.01,10.64,5.53,Noise,Right
1706529147572,0.479216,-0.133224,-0.91012,-3.85,-8.26,1.33,Noise,Right
1706529147572,0.467504,-0.172752,-0.8662,5.18,-17.29,-6.16,Noise,Right
1706529147618,0.526064,-0.160064,-0.83204,16.66,-13.09,-11.48,Noise,Right
1706529147619,0.644648,-0.05612,-0.725656,13.51,-2.66,-5.11,Noise,Right
1706529147619,0.643672,-0.095648,-0.735904,-1.47,13.37,3.92,Noise,Right
1706529147667,0.642208,-0.081496,-0.755424,-10.5,25.41,16.1,Noise,Right
1706529147667,0.585112,-0.05612,-0.757864,-19.32,35.14,26.6,Noise,Right
1706529147668,0.548512,-0.113216,-0.823256,-23.03,36.26,30.24,Noise,Right
1706529147716,0.494832,-0.10004,-0.874496,-22.96,21.07,30.94,Noise,Right
1706529147716,0.472384,-0.153232,-0.91256,-20.37,-3.92,27.16,Noise,Right
1706529147765,0.477752,-0.13908,-0.887672,-16.31,-27.16,0.84,Noise,Right
1706529147765,0.526064,-0.144448,-0.807152,-6.93,-30.73,12.46,Noise,Right
1706529147766,0.523624,-0.146888,-0.788608,4.48,-19.11,10.01,Noise,Right
1706529147889,0.548024,-0.143472,-0.81496,14.21,-1.75,10.92,Noise,Right
1706529147889,0.511424,-0.080032,-0.879376,7.49,-5.88,4.69,Noise,Right
1706529147890,0.518256,-0.099064,-0.804712,0.35,1.82,6.02,Noise,Right
1706529147890,0.534848,-0.111752,-0.764696,-3.78,34.93,10.15,Noise,Right
1706529147890,0.545096,-0.11468,-0.836432,-2.45,37.45,14.42,Noise,Right
1706529147890,0.567056,-0.158112,-0.899872,-4.76,28.14,12.46,Noise,Right
1706529147890,0.511424,-0.103456,-0.889136,-13.65,12.32,4.13,Noise,Right
1706529147935,0.526064,-0.148352,-0.872056,-14.14,1.54,-1.19,Noise,Right
1706529147935,0.509472,-0.144448,-0.822768,-11.27,-11.06,-5.25,Noise,Right
1706529147935,0.554856,-0.16104,-0.793,0.28,-11.76,-4.48,Noise,Right
1706529147979,0.602192,-0.166408,-0.750544,2.1,-9.1,-1.4,Noise,Right
1706529147980,0.6222,-0.137128,-0.743224,0.35,-1.26,5.88,Noise,Right
1706529147980,0.613904,-0.121512,-0.77592,-4.83,4.83,12.32,Noise,Right
1706529148031,0.597312,-0.121024,-0.747128,-10.57,8.82,14.98,Noise,Right
1706529148032,0.554856,-0.115168,-0.782752,-16.17,10.92,19.18,Noise,Right
1706529148032,0.52704,-0.12444,-0.821792,-18.76,12.18,16.24,Noise,Right
1706529148137,0.503128,-0.133712,-0.855952,-17.64,9.03,10.99,Noise,Right
1706529148137,0.467992,-0.181048,-0.874984,-11.97,1.89,4.62,Noise,Right
1706529148137,0.528504,-0.176656,-0.81252,-3.99,-9.24,0.49,Noise,Right
1706529148138,0.538752,-0.171288,-0.81252,0.7,-11.48,-1.54,Noise,Right
1706529148138,0.576816,-0.155184,-0.80764,3.64,-11.2,-3.15,Noise,Right
1706529148138,0.59536,-0.138104,-0.750544,0.91,-5.18,1.75,Noise,Right
1706529148183,0.589504,-0.122488,-0.781288,-5.39,4.83,8.26,Noise,Right
1706529148184,0.501664,-0.118096,-0.846192,-9.87,9.1,10.92,Noise,Right
1706529148184,0.528992,-0.115168,-0.854488,-12.25,8.33,13.23,Noise,Right
1706529148234,0.504104,-0.12444,-0.868152,-13.3,7.14,8.89,Noise,Right
1706529148234,0.528016,-0.132736,-0.8418,-11.9,5.74,5.04,Noise,Right
1706529148234,0.530944,-0.127856,-0.835456,-9.94,7.35,-0.14,Noise,Right
1706529148344,0.54168,-0.167872,-0.805688,-5.46,4.83,-4.34,Noise,Right
1706529148345,0.555344,-0.160064,-0.791536,-0.56,0.0,-6.58,Noise,Right
1706529148345,0.604632,-0.145424,-0.779824,2.1,-3.64,-4.69,Noise,Right
1706529148345,0.639768,-0.153232,-0.737368,1.61,-3.85,1.26,Noise,Right
1706529148345,0.647576,-0.122976,-0.757376,-0.35,-1.33,8.47,Noise,Right
1706529148346,0.616832,-0.24644,-0.721264,-3.57,2.59,17.29,Noise,Right
1706529148457,0.564616,-0.140544,-0.829112,-7.21,9.73,22.68,Noise,Right
1706529148460,0.604632,-0.107848,-0.796416,-6.02,6.72,25.06,Noise,Right
1706529148469,0.475312,-0.116144,-0.8418,-3.85,1.19,24.92,Noise,Right
1706529148471,0.45628,-0.12688,-0.859368,1.4,-3.57,18.55,Noise,Right
1706529148475,0.488976,-0.140056,-0.861808,3.22,-4.97,9.73,Noise,Right
1706529148476,0.603168,-0.186904,-0.787144,3.57,-6.09,2.87,Noise,Right
1706529148499,0.581696,-0.166408,-0.774456,-2.94,5.18,2.8,Noise,Right
1706529148499,0.552416,-0.16104,-0.83448,-6.09,8.12,8.89,Noise,Right
1706529148500,0.561688,-0.159088,-0.791536,-7.21,6.72,15.75,Noise,Right
1706529148616,0.554368,-0.181048,-0.84424,-11.9,6.44,23.03,Noise,Right
1706529148616,0.583648,-0.189344,-0.793,-13.44,4.97,29.96,Noise,Right
1706529148617,0.540704,-0.169336,-0.797392,-13.37,6.72,34.23,Noise,Right
1706529148617,0.499712,-0.162016,-0.8418,-10.78,14.14,34.02,Noise,Right
1706529148617,0.443104,-0.169336,-0.885232,-8.4,10.71,23.31,Noise,Right
1706529148617,0.477752,-0.172752,-0.8662,-9.59,4.13,11.69,Noise,Right
1706529148617,0.532408,-0.191784,-0.814472,-11.48,-0.98,8.82,Noise,Right
1706529148665,0.58316,-0.210328,-0.773968,-12.11,-1.05,9.52,Noise,Right
1706529148666,0.599752,-0.203008,-0.768112,-12.11,1.75,14.98,Noise,Right
1706529148666,0.57096,-0.152256,-0.7686,-15.19,7.35,21.07,Noise,Right
1706529148712,0.336232,-0.167384,-0.784216,-13.02,10.36,25.41,Noise,Right
1706529148712,0.542656,-0.170312,-0.852048,-15.96,2.73,24.57,Noise,Right
1706529148713,0.500688,-0.13908,-0.833992,-16.59,3.64,21.21,Noise,Right
1706529148759,0.503616,-0.148352,-0.835456,-11.27,3.08,8.4,Noise,Right
1706529148760,0.542168,-0.179584,-0.813984,-7.21,1.96,2.03,Noise,Right
1706529148760,0.55632,-0.184952,-0.777872,-0.56,-1.47,-3.08,Noise,Right
1706529148805,0.653432,-0.22936,-0.744688,2.52,-4.55,4.41,Noise,Right
1706529148805,0.683688,-0.129808,-0.74908,-11.41,-6.02,13.09,Noise,Right
1706529148806,0.625616,-0.196176,-0.789584,-18.2,4.76,21.7,Noise,Right
1706529148852,0.643184,-0.211792,-0.790072,-29.12,14.28,36.4,Noise,Right
1706529148852,0.50508,-0.275232,-0.838384,-25.41,6.37,31.08,Noise,Right
1706529148904,0.493368,-0.2196,-0.818376,-21.21,5.88,22.82,Noise,Right
1706529148905,0.53436,-0.210328,-0.801296,-15.82,4.34,11.27,Noise,Right
1706529148905,0.510448,-0.225944,-0.833016,-7.77,2.17,2.8,Noise,Right
1706529148964,0.574864,-0.202032,-0.767136,1.54,-2.66,-2.38,Noise,Right
1706529148965,0.601704,-0.082472,-0.711504,0.63,-5.95,7.0,Noise,Right
1706529148965,0.622688,-0.152744,-0.793488,-14.49,0.07,17.57,Noise,Right
1706529148965,0.514352,-0.143472,-0.813984,-18.55,2.45,23.1,Noise,Right
1706529149021,0.470432,-0.147376,-0.88328,-19.88,4.06,24.22,Noise,Right
1706529149029,0.472384,-0.184464,-0.86132,-15.68,9.31,16.66,Noise,Right
1706529149055,0.448472,-0.194712,-0.837896,-9.87,7.14,3.64,Noise,Right
1706529149056,0.572912,-0.16592,-0.783728,-2.8,-0.49,-1.61,Noise,Right
1706529149056,0.5856,-0.13908,-0.75396,2.8,-2.31,-9.87,Noise,Right
1706529149103,0.621224,-0.166408,-0.763232,5.18,-2.66,-10.92,Noise,Right
1706529149104,0.706136,-0.125904,-0.769576,-1.54,-5.53,0.28,Noise,Right
1706529149104,0.634888,-0.162504,-0.681736,-9.38,0.84,9.73,Noise,Right
1706529149150,0.560224,-0.16104,-0.837408,-19.11,8.47,22.19,Noise,Right
1706529149150,0.482144,-0.12932,-0.867664,-21.77,2.94,28.14,Noise,Right
1706529149150,0.488488,-0.154208,-0.854488,-19.95,0.0,24.57,Noise,Right
1706529149202,0.488976,-0.178608,-0.833992,-13.86,3.71,15.12,Noise,Right
1706529149202,0.481656,-0.139568,-0.799344,-8.05,3.64,7.84,Noise,Right
1706529149202,0.533872,-0.146888,-0.852536,-4.2,0.56,2.38,Noise,Right
1706529149335,0.569008,-0.11712,-0.820328,-4.41,-3.57,3.29,Noise,Right
1706529149335,0.55144,-0.120048,-0.817888,-4.97,-5.25,3.71,Noise,Right
1706529149335,0.540216,-0.11712,-0.833016,-5.53,0.7,3.36,Noise,Right
1706529149335,0.486536,-0.142008,-0.894992,-5.18,1.61,3.5,Noise,Right
1706529149336,0.463112,-0.141032,-0.870104,-6.02,-1.54,3.99,Noise,Right
1706529149336,0.435296,-0.198128,-0.885232,-2.8,2.03,-0.77,Noise,Right
1706529149336,0.42944,-0.181536,-0.894504,-0.84,0.42,-4.27,Noise,Right
1706529149385,0.525576,-0.177632,-0.806176,3.92,3.43,-11.06,Noise,Right
1706529149385,0.53192,-0.20496,-0.799832,0.28,3.22,-10.99,Noise,Right
1706529149386,0.564616,-0.163968,-0.79544,3.01,-3.71,-6.44,Noise,Right
1706529149386,0.55144,-0.16592,-0.813008,5.25,-3.01,-11.27,Noise,Right
1706529149433,0.55632,-0.182512,-0.801784,2.31,-1.96,-6.79,Noise,Right
1706529149433,0.554368,-0.16836,-0.809592,0.56,-1.4,-5.04,Noise,Right
1706529149482,0.547048,-0.188856,-0.799832,-0.14,-1.12,-3.36,Noise,Right
1706529149484,0.606096,-0.150304,-0.792512,-4.62,3.15,-5.6,Noise,Right
1706529149484,0.5612,-0.224968,-0.798856,-8.61,6.3,-13.93,Noise,Right
1706529149530,0.585112,-0.22936,-0.791536,-1.82,2.94,-15.96,Noise,Right
1706529149530,0.587064,-0.162992,-0.775432,6.93,-2.94,-14.84,Noise,Right
1706529149530,0.598288,-0.11468,-0.792024,12.46,-8.05,-10.15,Noise,Right
1706529149587,0.598776,-0.120536,-0.779824,10.5,-8.4,-0.56,Noise,Right
1706529149597,0.708576,-0.076616,-0.94184,6.58,-11.06,13.09,Noise,Right
1706529149610,0.460672,-0.15128,-0.857416,-7.63,-2.66,7.35,Noise,Right
1706529149620,0.438712,-0.157624,-0.86132,-7.42,0.98,6.16,Noise,Right
1706529149622,0.5124,-0.16592,-0.818376,-2.52,8.82,-0.77,Noise,Right
1706529149670,0.54656,-0.159576,-0.81008,-7.63,3.99,-6.79,Noise,Right
1706529149671,0.556808,-0.183488,-0.79544,-1.82,0.49,-7.98,Noise,Right
1706529149671,0.567056,-0.148352,-0.798856,4.27,-1.96,-13.37,Noise,Right
1706529149775,0.560224,-0.166408,-0.807152,5.6,-2.73,-12.04,Noise,Right
1706529149775,0.564128,-0.167872,-0.799832,6.37,-4.2,-7.98,Noise,Right
1706529149775,0.576816,-0.182512,-0.794464,6.3,-5.25,-0.98,Noise,Right
1706529149776,0.527528,-0.128832,-0.855464,-0.77,-4.69,6.3,Noise,Right
1706529149776,0.51972,-0.174216,-0.82228,-6.09,-2.8,4.62,Noise,Right
1706529149776,0.535824,-0.177144,-0.804712,-8.75,0.49,1.75,Noise,Right
1706529149826,0.555344,-0.194712,-0.809592,-10.01,5.25,-9.66,Noise,Right
1706529149826,0.586576,-0.303536,-0.77592,-18.13,0.07,-20.65,Noise,Right
1706529149827,0.556808,-0.188368,-0.771528,-21.42,-6.79,-19.81,Noise,Right
1706529149945,0.622688,-0.105408,-0.788608,-10.57,0.14,-10.15,Noise,Right
1706529149945,0.643184,-0.078568,-0.803736,-17.29,-5.88,0.63,Noise,Right
1706529149945,0.609512,-0.060024,-0.883768,-37.45,-19.11,3.78,Noise,Right
1706529149946,0.542168,0.00976,-0.879376,-64.33,-56.56,1.82,Noise,Right
1706529149946,0.866688,-0.020496,-0.77104,-51.87,-55.44,10.15,Noise,Right
1706529149946,0.628056,-0.27328,-0.945256,-24.15,-45.08,27.93,Noise,Right
1706529149946,0.604632,-0.262056,-0.923784,-0.21,-40.88,36.54,Noise,Right
1706529149992,0.516304,-0.261568,-0.920856,22.82,-35.42,19.46,Noise,Right
1706529149993,0.520208,-0.233264,-0.85156,42.56,-31.36,4.06,Noise,Right
1706529149993,0.58804,-0.06344,-0.794464,47.81,-25.13,-5.46,Noise,Right
1706529150037,0.69784,0.0122,-0.821304,35.07,-19.6,-0.21,Noise,Right
1706529150038,0.737856,0.070272,-0.876936,22.54,-11.06,13.37,Noise,Right
1706529150038,0.68564,0.13664,-0.877424,5.11,-3.64,26.6,Noise,Right
1706529150084,0.591456,0.180072,-0.877912,-18.27,1.26,23.52,Noise,Right
1706529150084,0.548024,0.038552,-0.92476,-38.15,3.85,13.09,Noise,Right
1706529150086,0.591944,-0.166408,-0.911096,-44.24,4.9,17.57,Noise,Right
1706529150132,0.604632,-0.246928,-0.892064,-35.07,10.78,29.47,Noise,Right
1706529150132,0.50996,-0.254736,-0.92232,-20.65,14.35,42.07,Noise,Right
1706529150188,0.313784,-0.2562,-1.008696,-2.17,2.1,38.92,Noise,Right
1706529150188,0.230824,-0.283528,-1.097512,23.38,-29.96,21.49,Noise,Right
1706529150205,0.284016,-0.225456,-1.1712,52.64,-65.31,1.75,Noise,Right
1706529150233,0.430416,-0.22936,-1.130208,81.27,-83.65,-10.29,Noise,Right
1706529150233,0.600728,-0.192272,-0.953064,95.9,-66.99,-12.81,Noise,Right
1706529150234,0.703696,-0.176656,-0.798368,90.58,-20.09,-3.43,Noise,Right
1706529150352,0.617808,-0.105896,-0.660264,67.2,34.09,11.27,Noise,Right
1706529150352,0.475312,-0.069296,-0.597312,28.56,71.47,12.25,Noise,Right
1706529150352,0.380152,-0.071248,-0.664656,-35.07,87.15,15.4,Noise,Right
1706529150352,0.374296,-0.103456,-0.825696,-52.22,88.55,14.49,Noise,Right
1706529150352,0.386496,-0.236192,-0.955016,-57.82,76.37,20.72,Noise,Right
1706529150354,0.39772,-0.243024,-1.006744,-45.15,55.51,31.15,Noise,Right
1706529150354,0.394304,-0.25132,-1.014064,-28.35,32.55,35.98,Noise,Right
1706529150492,0.408944,-0.364048,-1.033096,-5.67,15.4,29.75,Noise,Right
1706529150492,0.439688,-0.417728,-1.011136,25.2,4.13,18.48,Noise,Right
1706529150494,0.428464,-0.438712,-0.921344,50.4,-2.73,10.01,Noise,Right
1706529150494,0.39528,-0.325984,-0.832528,60.55,-14.14,3.57,Noise,Right
1706529150494,0.361608,-0.30988,-0.8052,56.49,-31.78,-2.73,Noise,Right
1706529150495,0.323056,-0.356728,-0.812032,51.38,-56.28,-6.93,Noise,Right
1706529150495,0.350384,-0.341112,-0.916464,54.25,-83.93,-5.67,Noise,Right
1706529150495,0.492392,-0.359168,-0.927688,66.08,-104.3,7.91,Noise,Right
1706529150597,0.603168,-0.264984,-0.853512,79.8,-97.58,24.57,Noise,Right
1706529150597,0.599264,-0.186416,-0.700768,68.74,-66.78,37.94,Noise,Right
1706529150598,0.520208,-0.089792,-0.58316,32.27,-21.49,33.25,Noise,Right
1706529150598,0.44896,-0.171288,-0.571448,-18.62,25.83,16.87,Noise,Right
1706529150598,0.428464,-0.35868,-0.637328,-58.38,59.92,11.55,Noise,Right
1706529150598,0.366,-0.423096,-0.765184,-70.56,75.81,11.06,Noise,Right
1706529150599,0.323544,-0.423096,-0.891088,-59.36,66.85,15.26,Noise,Right
1706529150647,0.270352,-0.43432,-0.98332,-31.15,40.95,20.44,Noise,Right
1706529150647,0.20496,-0.46116,-1.01016,7.42,3.85,24.78,Noise,Right
1706529150648,0.12688,-0.50752,-1.0004,44.03,-38.43,22.96,Noise,Right
1706529150696,0.122,-0.477752,-0.927688,75.46,-78.47,7.42,Noise,Right
1706529150697,0.219112,-0.426512,-0.840336,86.73,-105.84,-5.88,Noise,Right
1706529150697,0.40748,-0.477752,-0.703696,85.54,-101.01,-11.13,Noise,Right
1706529150771,0.509472,-0.393328,-0.570472,74.76,-62.37,-7.35,Noise,Right
1706529150787,0.423584,-0.345016,-0.513376,43.33,-20.86,-0.91,Noise,Right
1706529150790,0.444568,-0.285968,-0.448472,0.21,15.54,11.55,Noise,Right
1706529150799,0.375272,-0.245952,-0.579744,-41.79,41.37,10.5,Noise,Right
1706529150799,0.398208,-0.374296,-0.840336,-66.01,51.73,25.27,Noise,Right
1706529150799,0.411872,-0.565104,-0.959408,-51.73,54.6,44.73,Noise,Right
1706529150846,0.183976,-0.562664,-1.007232,-17.22,47.95,58.52,Noise,Right
1706529150846,-0.007808,-0.553392,-0.950136,11.13,20.51,43.68,Noise,Right
1706529150896,0.0488,-0.586088,-0.882792,29.68,-14.0,13.09,Noise,Right
1706529150897,0.21228,-0.577304,-0.8052,44.17,-37.45,-7.98,Noise,Right
1706529150897,0.281088,-0.508008,-0.69784,47.18,-49.35,-11.41,Noise,Right
1706529151001,0.25864,-0.448472,-0.620248,32.55,-57.47,-12.25,Noise,Right
1706529151002,0.303048,-0.478728,-0.604632,9.52,-66.5,-11.83,Noise,Right
1706529151002,0.398696,-0.423584,-0.671,-7.0,-63.77,-5.6,Noise,Right
1706529151002,0.501664,-0.43188,-0.815936,-12.11,-49.35,13.72,Noise,Right
1706529151002,0.479704,-0.5246,-0.913536,-0.49,-26.74,38.99,Noise,Right
1706529151002,0.245952,-0.531432,-0.926712,20.51,-7.91,52.01,Noise,Right
1706529151004,0.042456,-0.495808,-0.865224,32.62,-3.85,35.35,Noise,Right
1706529151051,0.040504,-0.546072,-0.792512,31.01,-9.31,12.67,Noise,Right
1706529151051,0.10004,-0.546072,-0.757864,24.01,-14.28,-1.47,Noise,Right
1706529151169,0.16592,-0.551928,-0.721752,16.17,-14.35,-9.87,Noise,Right
1706529151169,0.166896,-0.533384,-0.6954,6.58,-14.14,-13.65,Noise,Right
1706529151169,0.179584,-0.512888,-0.725168,-4.9,-19.74,-13.72,Noise,Right
1706529151170,0.264984,-0.556808,-0.821304,-8.12,-26.67,-3.71,Noise,Right
1706529151170,0.396256,-0.601704,-0.866688,7.07,-23.66,20.02,Noise,Right
1706529151171,0.391376,-0.51484,-0.816912,24.64,-1.26,40.67,Noise,Right
1706529151171,0.204472,-0.4392,-0.734928,23.1,19.88,40.25,Noise,Right
1706529151219,0.125416,-0.45872,-0.673928,4.06,35.28,24.5,Noise,Right
1706529151220,0.135664,-0.528016,-0.699304,-18.69,41.58,13.09,Noise,Right
1706529151220,0.089792,-0.598776,-0.736392,-30.94,37.94,5.53,Noise,Right
1706529151267,0.032208,-0.614392,-0.772992,-29.61,20.09,-4.55,Noise,Right
1706529151268,0.102968,-0.562664,-0.839848,-20.02,-7.28,-13.02,Noise,Right
1706529151268,0.215208,-0.594384,-0.923784,-3.08,-29.82,-7.0,Noise,Right
1706529151315,0.22936,-0.623176,-0.98576,25.76,-43.47,4.9,Noise,Right
1706529151326,0.234728,-0.539728,-0.930616,49.91,-47.95,13.02,Noise,Right
1706529151340,0.197152,-0.488,-0.855464,51.94,-38.5,10.85,Noise,Right
1706529151363,0.230336,-0.537288,-0.773968,39.13,-19.53,1.19,Noise,Right
1706529151364,0.293288,-0.56852,-0.737856,25.9,7.91,0.14,Noise,Right
1706529151364,0.24888,-0.543632,-0.718336,10.71,31.99,5.32,Noise,Right
1706529151411,0.142008,-0.52704,-0.735416,-3.5,45.36,-0.49,Noise,Right
1706529151412,0.168848,-0.510448,-0.63684,-21.07,44.73,-1.96,Noise,Right
1706529151515,0.149816,-0.491416,-0.752496,-36.61,29.4,-4.97,Noise,Right
1706529151515,0.260592,-0.595848,-0.83692,-35.84,4.83,7.98,Noise,Right
1706529151516,0.310368,-0.659288,-0.894504,-8.47,-4.97,22.61,Noise,Right
1706529151516,0.232288,-0.618784,-0.861808,19.6,-11.97,35.98,Noise,Right
1706529151516,0.061,-0.579744,-0.83692,34.44,-25.48,36.05,Noise,Right
1706529151516,-0.063928,-0.596824,-0.854976,39.62,-44.1,17.5,Noise,Right
1706529151517,-0.010736,-0.609024,-0.798856,39.62,-53.76,-8.33,Noise,Right
1706529151562,0.06832,-0.589992,-0.742248,29.19,-48.51,-25.41,Noise,Right
1706529151562,0.139568,-0.594384,-0.693448,10.71,-39.41,-28.7,Noise,Right
1706529151564,0.166896,-0.578768,-0.700768,-4.13,-35.84,-25.9,Noise,Right
1706529151612,0.26108,-0.565104,-0.761768,-9.66,-38.36,-13.65,Noise,Right
1706529151612,0.369904,-0.576328,-0.841312,-1.4,-37.38,6.79,Noise,Right
1706529151720,0.346968,-0.586576,-0.873032,17.92,-27.16,31.78,Noise,Right
1706529151721,0.265472,-0.572912,-0.79544,31.43,-10.78,44.45,Noise,Right
1706529151723,0.142984,-0.559248,-0.693448,29.89,1.96,48.86,Noise,Right
1706529151723,-0.079544,-0.575352,-0.633912,13.09,14.35,31.92,Noise,Right
1706529151725,-0.082472,-0.68808,-0.656848,-7.07,19.74,6.93,Noise,Right
1706529151726,-0.009272,-0.718336,-0.669536,-14.42,19.81,-5.6,Noise,Right
1706529151727,0.016592,-0.644648,-0.678808,-15.47,10.78,-13.86,Noise,Right
1706529151822,0.084424,-0.5734,-0.716872,-16.38,0.21,-21.42,Noise,Right
1706529151822,0.15128,-0.534848,-0.762256,-17.92,-8.54,-22.26,Noise,Right
1706529151824,0.23424,-0.525576,-0.859856,-16.59,-15.47,-10.71,Noise,Right
1706529151824,0.289384,-0.618296,-0.971608,-3.01,-15.89,11.2,Noise,Right
1706529151824,0.250344,-0.67344,-0.98332,22.12,-8.33,33.32,Noise,Right
1706529151825,0.058072,-0.632936,-0.849608,39.69,1.96,35.98,Noise,Right
1706529151882,-0.11468,-0.637816,-0.72224,33.11,10.29,21.21,Noise,Right
1706529151882,-0.113704,-0.69296,-0.671,14.42,14.77,1.89,Noise,Right
1706529151885,-0.033184,-0.753472,-0.650992,3.71,12.11,-5.32,Noise,Right
1706529151941,0.03172,-0.664656,-0.589016,-0.07,1.26,-10.92,Noise,Right
1706529151944,0.138104,-0.523624,-0.59536,-13.93,-9.03,-17.5,Noise,Right
1706529151952,0.221552,-0.503616,-0.646112,-30.59,-9.45,-21.21,Noise,Right
1706529151953,0.264496,-0.519232,-0.784216,-37.87,-7.56,-16.31,Noise,Right
1706529151984,0.308416,-0.616344,-0.960384,-25.13,-4.27,-0.21,Noise,Right
1706529151984,0.214232,-0.708576,-1.00772,5.53,-0.28,17.85,Noise,Right
1706529152037,-0.003416,-0.662216,-0.93452,33.25,-2.45,21.14,Noise,Right
1706529152038,-0.187392,-0.648064,-0.798856,36.82,-12.32,7.77,Noise,Right
1706529152038,-0.174216,-0.69784,-0.74176,24.71,-19.11,-10.01,Noise,Right
1706529152129,-0.040992,-0.750056,-0.739808,18.83,-23.94,-17.43,Noise,Right
1706529152129,0.112728,-0.724192,-0.655872,20.51,-26.18,-15.61,Noise,Right
1706529152130,0.202032,-0.59292,-0.594872,17.78,-21.07,-10.92,Noise,Right
1706529152130,0.223504,-0.457744,-0.593896,1.05,-13.09,-9.94,Noise,Right
1706529152130,0.326472,-0.454816,-0.59536,-22.12,-5.67,-9.52,Noise,Right
1706529152130,0.387472,-0.490928,-0.691496,-37.45,11.13,5.81,Noise,Right
1706529152235,0.282552,-0.58072,-0.849608,-34.58,28.14,21.21,Noise,Right
1706529152236,0.132248,-0.703696,-0.8418,-20.02,35.0,34.65,Noise,Right
1706529152236,-0.11956,-0.691008,-0.74664,-9.66,33.25,35.77,Noise,Right
1706529152237,-0.3416,-0.671976,-0.723216,-17.08,27.58,15.89,Noise,Right
1706529152237,-0.230336,-0.760792,-0.821792,-18.55,10.15,-4.76,Noise,Right
1706529152238,-0.077104,-0.758352,-0.837408,-2.8,-0.63,-20.79,Noise,Right
1706529152280,0.028792,-0.594872,-0.801784,11.27,-9.94,-34.65,Noise,Right
1706529152283,0.162016,-0.482632,-0.740296,6.65,-16.03,-42.42,Noise,Right
1706529152284,0.20252,-0.492392,-0.696864,-10.43,-19.95,-44.38,Noise,Right
1706529152324,0.255224,-0.534848,-0.755912,-25.13,-20.3,-38.64,Noise,Right
1706529152326,0.300608,-0.547048,-0.874008,-22.75,-16.31,-20.79,Noise,Right
1706529152378,0.411872,-0.638792,-0.850584,-8.54,5.11,4.9,Noise,Right
1706529152378,0.219112,-0.674904,-0.741272,2.52,40.95,23.45,Noise,Right
1706529152378,-0.046848,-0.634888,-0.625128,-11.9,66.22,26.53,Noise,Right
1706529152504,-0.156648,-0.665632,-0.594872,-35.7,62.93,26.74,Noise,Right
1706529152504,-0.076616,-0.666608,-0.648064,-44.45,46.34,9.94,Noise,Right
1706529152504,0.073688,-0.62952,-0.694424,-41.3,43.33,-11.41,Noise,Right
1706529152505,0.122488,-0.482632,-0.684664,-44.38,44.38,-23.87,Noise,Right
1706529152506,0.160552,-0.4514,-0.68564,-56.14,41.44,-34.79,Noise,Right
1706529152506,0.133712,-0.447984,-0.66368,-70.98,30.66,-40.6,Noise,Right
1706529152508,0.136152,-0.442616,-0.757864,-81.41,19.67,-47.6,Noise,Right
1706529152545,0.2196,-0.529968,-0.960384,-78.12,13.16,-38.43,Noise,Right
1706529152545,0.275232,-0.691496,-1.059448,-46.9,13.93,-10.85,Noise,Right
1706529152545,0.169824,-0.732976,-1.03944,-1.82,19.74,14.21,Noise,Right
1706529152599,-0.016104,-0.64904,-0.87352,27.79,17.92,23.73,Noise,Right
1706529152599,-0.18544,-0.493856,-0.6954,26.88,6.16,8.89,Noise,Right
1706529152600,-0.116632,-0.435296,-0.610488,3.08,1.54,-24.36,Noise,Right
1706529152650,0.015128,-0.401136,-0.572424,-29.68,5.04,-54.81,Noise,Right
1706529152651,0.210328,-0.333792,-0.636352,-61.32,16.87,-73.71,Noise,Right
1706529152651,0.411872,-0.33672,-0.808616,-77.49,32.34,-70.63,Noise,Right
1706529152651,0.514352,-0.419192,-0.942816,-64.89,46.41,-45.5,Noise,Right
1706529152700,0.451888,-0.519232,-0.94428,-33.32,54.46,-12.32,Noise,Right
1706529152702,0.215696,-0.494832,-0.88084,-3.57,37.03,15.4,Noise,Right
1706529152745,0.025864,-0.467504,-0.765184,6.51,3.57,31.99,Noise,Right
1706529152745,-0.16348,-0.513864,-0.747128,6.02,-31.57,18.76,Noise,Right
1706529152746,-0.15372,-0.530456,-0.72712,4.27,-58.66,-11.9,Noise,Right
1706529152797,-0.033672,-0.506056,-0.686616,2.17,-62.79,-49.84,Noise,Right
1706529152797,0.11224,-0.450424,-0.624152,-6.16,-49.91,-80.15,Noise,Right
1706529152797,0.248392,-0.318664,-0.657824,-19.25,-28.21,-94.36,Noise,Right
1706529152920,0.381616,-0.274744,-0.75884,-23.31,-2.66,-95.2,Noise,Right
1706529152920,0.449936,-0.317688,-0.846192,-18.06,14.0,-71.54,Noise,Right
1706529152920,0.429928,-0.388448,-0.836432,-4.27,20.51,-36.89,Noise,Right
1706529152920,0.338184,-0.340136,-0.753472,3.01,17.5,-0.77,Noise,Right
1706529152921,0.2562,-0.174704,-0.684664,-10.57,12.81,18.13,Noise,Right
1706529152921,0.262544,-0.079544,-0.706136,-42.21,16.52,9.1,Noise,Right
1706529152921,0.294264,-0.136152,-0.828136,-69.23,30.73,-19.53,Noise,Right
1706529152965,0.359656,-0.25376,-0.953552,-73.22,47.32,-60.13,Noise,Right
1706529152965,0.445056,-0.343552,-1.043832,-52.36,59.78,-81.83,Noise,Right
1706529152965,0.5124,-0.341112,-0.98088,-25.06,63.0,-79.8,Noise,Right
1706529153011,0.50508,-0.225456,-0.85888,-13.09,58.45,-64.89,Noise,Right
1706529153013,0.41968,-0.12688,-0.81496,-23.8,42.07,-48.93,Noise,Right
1706529153013,0.366488,-0.119072,-0.99552,-45.57,0.35,-50.26,Noise,Right
1706529153060,0.430416,-0.270352,-0.98088,-53.2,0.63,-65.87,Noise,Right
1706529153069,0.556808,-0.314272,-1.017968,-37.8,1.96,-74.97,Noise,Right
1706529153081,0.698328,-0.239608,-0.968192,-16.94,19.46,-77.84,Noise,Right
1706529153107,0.775432,-0.122488,-0.934032,-1.75,48.72,-74.13,Noise,Right
1706529153107,0.731512,-0.008296,-0.825208,-7.35,70.07,-66.92,Noise,Right
1706529153152,0.635376,0.071736,-0.804224,-28.42,80.15,-69.16,Noise,Right
1706529153152,0.549976,-0.015128,-0.913048,-49.91,71.47,-69.02,Noise,Right
1706529153152,0.48556,-0.169336,-1.04432,-48.3,42.42,-58.52,Noise,Right
1706529153199,0.461648,-0.20984,-1.117032,-21.98,5.11,-51.1,Noise,Right
1706529153199,0.537288,-0.192272,-1.07604,11.27,-29.61,-49.91,Noise,Right
1706529153200,0.674416,-0.125904,-0.96624,32.34,-44.8,-49.07,Noise,Right
1706529153245,0.779824,-0.061488,-0.86864,37.8,-37.03,-46.2,Noise,Right
1706529153245,0.825696,-0.00976,-0.778848,28.42,-15.4,-37.52,Noise,Right
1706529153245,0.7808,0.018056,-0.72468,9.87,6.3,-28.14,Noise,Right
1706529153295,0.737368,0.003904,-0.758352,-11.2,20.09,-14.14,Noise,Right
1706529153296,0.634888,0.020496,-0.919392,-22.68,22.61,-7.07,Noise,Right
1706529153413,0.60024,-0.023424,-1.122888,-18.76,4.69,-14.42,Noise,Right
1706529153414,0.711992,-0.09028,-1.105808,-0.56,-22.68,-14.35,Noise,Right
1706529153414,0.495808,-0.000488,-0.753472,18.48,-28.84,-4.55,Noise,Right
1706529153414,0.777384,-0.151768,-0.928176,23.94,-26.95,5.39,Noise,Right
1706529153414,0.657824,-0.180072,-0.78812,29.4,-22.82,17.22,Noise,Right
1706529153414,0.520696,-0.176168,-0.719312,32.76,-19.11,23.8,Noise,Right
1706529153414,0.381128,-0.12932,-0.645624,29.05,-21.7,27.16,Noise,Right
1706529153462,0.26596,-0.115168,-0.601704,17.29,-32.48,26.32,Noise,Right
1706529153462,0.186904,-0.099552,-0.60512,5.18,-55.58,18.13,Noise,Right
1706529153464,0.258152,-0.080032,-0.67344,-7.7,-69.72,15.96,Noise,Right
1706529153514,1.796816,-0.128832,-0.0976,187.46,152.88,123.62,Noise,Right
1706529153514,0.77104,-0.239608,-1.27612,-121.59,11.69,-56.84,Noise,Right
1706529153514,0.02196,0.102968,-0.998936,-12.18,98.28,-44.87,Noise,Right
1706529153641,0.715408,-0.34648,-1.048224,-14.91,50.96,-52.01,Noise,Right
1706529153643,0.620736,-0.26352,-0.851072,17.85,38.57,-22.96,Noise,Right
1706529153651,0.58072,-0.086376,-0.789096,26.32,31.22,-15.75,Noise,Right
1706529153652,0.52704,-0.030256,-0.706624,20.23,22.4,-14.84,Noise,Right
1706529153654,0.447008,-0.072712,-0.660264,8.54,8.4,-12.74,Noise,Right
1706529153655,0.388448,-0.06832,-0.618296,-2.59,-11.41,-10.15,Noise,Right
1706529153656,1.557208,-0.416264,-1.285392,-29.4,-85.75,14.0,Noise,Right
1706529153768,0.942816,-0.206912,-0.901824,42.0,6.79,25.13,Noise,Right
1706529153768,0.680272,0.062464,-0.794464,6.44,-10.01,21.98,Noise,Right
1706529153769,0.638304,-0.005856,-0.831552,-0.91,10.29,8.54,Noise,Right
1706529153769,0.635376,-0.040016,-0.774456,-6.72,13.09,5.81,Noise,Right
1706529153770,0.544608,-0.114192,-0.732976,-11.83,10.08,6.02,Noise,Right
1706529153770,0.559736,-0.154696,-0.752984,-13.16,-0.7,14.14,Noise,Right
1706529153771,0.5124,-0.253272,-0.745664,-7.84,-14.49,20.16,Noise,Right
1706529153771,0.523136,-0.2928,-0.706624,7.98,-30.03,31.15,Noise,Right
1706529153821,0.613904,-0.17568,-0.825208,18.13,-19.74,17.01,Noise,Right
1706529153822,0.571448,-0.264984,-0.881816,-2.31,4.83,-5.18,Noise,Right
1706529153822,0.534848,-0.172264,-0.789584,-1.96,-0.63,-0.07,Noise,Right
1706529153868,0.544608,-0.168848,-0.806176,-4.55,-0.21,3.01,Noise,Right
1706529153869,0.557296,-0.12688,-0.82472,-5.6,0.28,3.64,Noise,Right
1706529153869,0.550952,-0.160064,-0.814472,-4.2,0.0,1.75,Noise,Right
1706529153915,0.548024,-0.161528,-0.799344,-2.87,-0.42,-0.21,Noise,Right
1706529153915,0.55388,-0.171776,-0.80276,-1.61,-0.91,-2.03,Noise,Right
1706529153916,0.555832,-0.179584,-0.799344,-1.19,-0.98,-2.59,Noise,Right
1706529153962,0.545584,-0.174216,-0.799344,-1.47,-0.56,-2.73,Noise,Right
1706529153963,0.547048,-0.206912,-0.798368,-1.12,-0.98,-2.87,Noise,Right
1706529153963,0.534848,-0.184952,-0.81496,4.69,-2.52,-10.57,Noise,Right
1706529154012,0.548024,-0.181536,-0.816912,4.97,-2.73,-10.71,Noise,Right
1706529154014,0.562176,-0.154696,-0.793976,4.55,-2.45,-10.71,Noise,Right
1706529154014,0.575352,-0.142496,-0.80764,-2.52,0.21,-3.08,Noise,Right
1706529154057,0.554368,-0.167872,-0.807152,-4.55,0.56,0.28,Noise,Right
1706529154059,0.55144,-0.160552,-0.798368,-3.92,-0.07,2.03,Noise,Right
1706529154105,0.551928,-0.171288,-0.806176,-1.19,-1.54,0.35,Noise,Right
1706529154106,0.547048,-0.17324,-0.805688,-0.14,-1.96,-1.19,Noise,Right
1706529154106,0.547048,-0.1708,-0.804224,-1.12,-0.98,-2.73,Noise,Right
1706529154151,0.557784,-0.170312,-0.804712,-1.26,-0.84,-2.31,Noise,Right
1706529154152,0.548024,-0.17568,-0.811056,-0.98,-0.98,-2.38,Noise,Right
1706529154152,0.55388,-0.171776,-0.807152,-1.19,-0.84,-2.24,Noise,Right
1706529154211,0.550952,-0.171288,-0.808616,-1.33,-0.77,-2.24,Noise,Right
1706529154234,0.551928,-0.173728,-0.804712,-1.26,-0.98,-2.45,Noise,Right
1706529154252,0.55876,-0.171776,-0.800808,-1.12,-0.84,-2.45,Noise,Right
1706529154252,0.554856,-0.172752,-0.806176,-1.12,-0.7,-2.38,Noise,Right
1706529154252,0.552904,-0.170312,-0.811544,-1.05,-0.84,-2.31,Noise,Right
1706529154297,0.548024,-0.170312,-0.814472,-1.12,-0.77,-2.38,Noise,Right
1706529154297,0.549976,-0.166408,-0.813008,-1.26,-0.7,-2.17,Noise,Right
1706529154298,0.55144,-0.171776,-0.811544,-1.12,-0.84,-2.1,Noise,Right
1706529154382,0.551928,-0.17568,-0.801296,-1.26,-0.84,-2.1,Noise,Right
1706529154384,0.554368,-0.183976,-0.81008,-1.4,-0.91,-2.31,Noise,Right
1706529154384,0.55388,-0.17812,-0.801296,-1.12,-0.77,-2.45,Noise,Right
1706529154385,0.549,-0.170312,-0.81008,-1.26,-0.56,-2.31,Noise,Right
1706529154385,0.55144,-0.172264,-0.812032,-1.4,-0.84,-2.38,Noise,Right
1706529154432,0.550952,-0.161528,-0.804712,-1.26,-0.7,-2.38,Noise,Right
1706529154433,0.55144,-0.174216,-0.806664,-1.05,-1.19,-2.38,Noise,Right
1706529154433,0.552904,-0.172752,-0.803248,-1.47,-0.91,-2.24,Noise,Right
1706529154480,0.557784,-0.174216,-0.80276,-1.33,-0.84,-2.31,Noise,Right
1706529154480,0.552904,-0.175192,-0.800808,-1.26,-0.84,-2.31,Noise,Right
1706529154481,0.550464,-0.169824,-0.813496,-1.05,-3.22,-1.89,Noise,Right
1706529154527,0.543632,-0.177632,-0.804224,-1.61,1.33,-3.15,Noise,Right
1706529154528,0.56364,-0.165432,-0.809104,-1.68,-0.28,-2.59,Noise,Right
1706529154528,0.548024,-0.16836,-0.803736,-1.19,-1.26,-2.52,Noise,Right
1706529154573,0.548512,-0.169336,-0.808616,-0.98,-1.33,-2.45,Noise,Right
1706529154574,0.552904,-0.169824,-0.808616,-1.33,-0.98,-2.24,Noise,Right
1706529154624,0.549,-0.169824,-0.804224,-1.4,-0.77,-2.31,Noise,Right
1706529154625,0.549488,-0.175192,-0.809592,-1.54,-0.77,-2.73,Noise,Right
1706529154625,0.54656,-0.229848,-0.802272,-2.73,-0.28,0.77,Noise,Right
1706529154744,0.56364,-0.2196,-0.787144,-4.06,-0.7,1.26,Noise,Right
1706529154744,0.544608,-0.183976,-0.820816,-2.31,-0.7,-0.63,Noise,Right
1706529154744,0.572912,0.045384,-0.819352,1.05,-1.96,-5.39,Noise,Right
1706529154745,0.550464,-0.166896,-0.803736,-1.26,-1.05,-2.03,Noise,Right
1706529154745,0.585112,-0.130296,-0.780312,-1.33,-0.91,-1.61,Noise,Right
1706529154745,0.659288,-0.015128,-0.77592,-19.46,5.6,28.56,Noise,Right
1706529154746,0.51728,-0.208864,-0.816912,-29.75,7.91,38.64,Noise,Right
1706529154794,0.442128,-0.224968,-0.87108,-17.36,3.85,20.02,Noise,Right
1706529154795,0.483608,-0.155672,-0.848144,-5.81,0.49,3.36,Noise,Right
1706529154795,0.518256,-0.079056,-0.840336,-6.44,4.27,-12.95,Noise,Right
1706529154892,0.576328,-0.062464,-0.830088,-8.82,11.34,-28.63,Noise,Right
1706529154892,0.650016,0.046848,-0.765672,-28.98,12.25,-31.01,Noise,Right
1706529154894,0.536312,0.230336,-0.765672,-73.43,-14.98,-47.81,Noise,Right
1706529154895,0.35136,0.293288,-0.854,-55.65,34.65,-42.21,Noise,Right
1706529154895,0.406016,-0.154696,-1.00528,-56.84,4.2,-63.98,Noise,Right
1706529154895,0.484096,-0.915,-1.04188,-2.52,2.94,-44.66,Noise,Right
1706529154951,0.518744,-0.447984,-0.953064,79.45,-5.25,-4.41,Noise,Right
1706529154952,0.457744,0.18544,-0.679296,85.12,-18.62,2.73,Noise,Right
1706529154952,0.565104,0.014152,-0.620248,42.98,-22.05,-5.6,Noise,Right
1706529154996,0.713944,0.020496,-0.733464,23.31,-8.4,-0.77,Noise,Right
1706529154996,0.773968,0.09028,-0.797392,12.39,16.8,2.52,Noise,Right
1706529154996,0.732488,0.061976,-0.833016,5.39,39.55,-0.91,Noise,Right
1706529155042,0.729072,0.1098,-0.8052,-1.12,56.84,-14.63,Noise,Right
1706529155044,0.781288,-0.049776,-0.782752,-13.02,70.14,-19.46,Noise,Right
1706529155044,0.740784,-0.292312,-0.853512,-13.37,79.17,-6.86,Noise,Right
1706529155089,0.579744,-0.333792,-0.894992,7.14,62.86,3.92,Noise,Right
1706529155090,0.489952,-0.159088,-0.845704,31.5,27.93,-5.74,Noise,Right
1706529155090,0.600728,-0.116632,-0.812032,39.41,-6.93,-21.35,Noise,Right
1706529155137,0.860832,-0.029768,-0.717848,35.56,-29.19,-10.57,Noise,Right
1706529155137,0.949648,-0.051728,-0.74664,0.56,-30.38,19.88,Noise,Right
1706529155138,0.842776,-0.134688,-0.817888,16.87,-27.44,40.67,Noise,Right
1706529155184,0.800808,-0.110776,-0.736392,20.86,-25.69,50.82,Noise,Right
1706529155185,0.750544,-0.072712,-0.656848,11.76,-16.45,53.62,Noise,Right
1706529155235,0.6832,-0.091256,-0.614392,-8.54,-6.51,50.47,Noise,Right
1706529155235,0.505568,-0.055144,-0.633424,-27.3,-0.14,38.85,Noise,Right
1706529155235,0.61244,-0.146888,-0.721752,-39.76,-4.97,28.07,Noise,Right
1706529155280,0.537288,-0.254248,-0.86132,-33.04,-23.17,26.6,Noise,Right
1706529155281,0.416752,-0.321104,-1.00772,-1.26,-57.26,21.77,Noise,Right
1706529155281,0.464088,-0.25376,-0.987224,42.21,-97.09,8.82,Noise,Right
1706529155326,0.657824,-0.216672,-0.86132,67.9,-113.26,1.05,Noise,Right
1706529155327,0.833992,-0.14884,-0.721752,69.16,-90.93,5.18,Noise,Right
1706529155327,0.876936,-0.102968,-0.555344,49.56,-39.62,21.0,Noise,Right
1706529155384,0.699792,-0.142984,-0.56852,16.03,13.79,36.12,Noise,Right
1706529155418,0.51728,-0.225944,-0.539728,-11.9,34.51,45.92,Noise,Right
1706529155421,0.332816,-0.117608,-0.608048,-35.77,29.12,44.17,Noise,Right
1706529155426,0.3904,-0.210816,-0.791536,-46.48,6.3,35.63,Noise,Right
1706529155427,0.426024,-0.2562,-0.86864,-30.03,-16.8,46.76,Noise,Right
1706529155465,0.342088,-0.154696,-0.882304,-12.95,-38.08,42.98,Noise,Right
1706529155465,0.362584,-0.320616,-0.933056,-4.97,-64.47,42.63,Noise,Right
1706529155466,0.356728,-0.433832,-0.986248,15.54,-81.2,45.15,Noise,Right
1706529155511,0.302072,-0.494832,-0.937448,42.35,-89.46,38.71,Noise,Right
1706529155511,0.325496,-0.32452,-0.8052,55.23,-83.16,19.74,Noise,Right
1706529155512,0.426512,-0.333792,-0.699304,41.65,-65.45,11.76,Noise,Right
1706529155561,0.408456,-0.275232,-0.687592,1.68,-43.75,12.74,Noise,Right
1706529155561,0.334768,-0.275232,-0.706136,-7.07,-30.24,13.02,Noise,Right
1706529155678,0.334768,-0.300608,-0.869128,-21.63,-29.19,18.48,Noise,Right
1706529155680,0.421144,-0.410408,-1.031144,-6.93,-31.71,37.03,Noise,Right
1706529155680,0.407968,-0.315736,-0.987224,21.21,-26.95,64.82,Noise,Right
1706529155680,0.227896,-0.262544,-0.896944,29.47,-20.02,69.65,Noise,Right
1706529155680,0.121512,-0.280112,-0.8052,19.53,-10.99,52.5,Noise,Right
1706529155680,0.119072,-0.357704,-0.81984,0.0,-1.12,30.94,Noise,Right
1706529155681,0.183976,-0.472384,-0.856928,-11.27,9.94,21.07,Noise,Right
1706529155727,0.116632,-0.482632,-0.874496,-10.5,18.06,15.05,Noise,Right
1706529155728,0.06832,-0.405528,-0.912072,-4.48,12.95,0.21,Noise,Right
1706529155729,0.171288,-0.427488,-0.937448,5.67,-2.52,-8.54,Noise,Right
1706529155774,0.238632,-0.424072,-0.98088,23.66,-21.77,16.59,Noise,Right
1706529155776,0.31232,-0.42212,-0.9638,42.42,-34.3,13.65,Noise,Right
1706529155776,0.352824,-0.390888,-0.877912,52.01,-30.24,28.35,Noise,Right
1706529155821,0.324032,-0.379664,-0.776896,44.31,-11.34,38.29,Noise,Right
1706529155823,0.22448,-0.35624,-0.71248,25.06,15.82,37.31,Noise,Right
1706529155824,0.210328,-0.315248,-0.660264,-1.33,46.62,19.11,Noise,Right
1706529155868,0.228872,-0.316224,-0.629032,-34.86,89.39,11.34,Noise,Right
1706529155869,0.241072,-0.221064,-0.679784,-70.0,87.22,2.52,Noise,Right
1706529155870,0.354288,-0.347944,-0.851072,-93.73,82.6,7.35,Noise,Right
1706529155917,0.40016,-0.4514,-1.015528,-80.01,72.24,23.73,Noise,Right
1706529155918,0.275232,-0.540704,-1.059448,-39.9,47.67,38.01,Noise,Right
1706529156021,0.117608,-0.521672,-1.033584,3.5,2.87,45.22,Noise,Right
1706529156023,-0.00488,-0.475312,-1.043344,38.08,-48.23,33.04,Noise,Right
1706529156023,0.044896,-0.544608,-1.03456,70.84,-88.69,10.15,Noise,Right
1706529156023,0.145424,-0.49532,-0.943304,90.79,-107.59,-2.94,Noise,Right
1706529156024,0.243024,-0.433344,-0.808128,88.9,-99.54,-16.1,Noise,Right
1706529156024,0.330376,-0.39284,-0.694424,66.99,-73.43,-18.9,Noise,Right
1706529156024,0.326472,-0.362584,-0.623176,33.32,-42.7,-10.43,Noise,Right
1706529156071,0.33184,-0.284992,-0.603168,-3.36,-22.68,-3.5,Noise,Right
1706529156071,0.466528,-0.363072,-0.7076,-31.99,-2.1,-3.71,Noise,Right
1706529156189,0.559736,-0.533872,-0.82228,-34.37,22.47,29.33,Noise,Right
1706529156189,0.42944,-0.373808,-0.85888,-19.25,48.79,57.19,Noise,Right
1706529156189,0.114192,-0.379664,-0.836432,-17.01,58.66,64.12,Noise,Right
1706529156190,-0.092232,-0.501664,-0.859856,-17.85,42.14,51.66,Noise,Right
1706529156190,-0.096624,-0.733952,-0.962824,-3.08,19.6,24.22,Noise,Right
1706529156190,-0.156648,-0.78324,-0.976488,32.2,-9.87,2.45,Noise,Right
1706529156190,-0.150304,-0.5612,-0.905728,56.77,-51.87,-22.96,Noise,Right
1706529156241,-0.03416,-0.497272,-0.830576,61.74,-96.95,-40.46,Noise,Right
1706529156242,0.1098,-0.417728,-0.819352,57.05,-133.0,-46.76,Noise,Right
1706529156242,0.372344,-0.466528,-0.881328,48.23,-143.57,-30.87,Noise,Right
1706529156328,0.599752,-0.508496,-0.888648,50.05,-91.14,5.74,Noise,Right
1706529156328,0.61244,-0.49532,-0.757864,46.41,-23.38,45.57,Noise,Right
1706529156329,0.311832,-0.40992,-0.708088,27.09,64.26,62.93,Noise,Right
1706529156329,0.083448,-0.311832,-0.626104,-13.16,121.66,51.45,Noise,Right
1706529156329,0.072224,-0.41724,-0.691008,-55.3,140.21,33.95,Noise,Right
1706529156329,-0.088328,-0.504104,-0.726144,-76.23,117.95,26.04,Noise,Right
1706529156378,-0.137616,-0.542168,-0.751032,-77.98,53.55,6.79,Noise,Right
1706529156378,0.133712,-0.680272,-0.933056,-47.81,0.35,-10.92,Noise,Right
1706529156379,0.162504,-0.708088,-1.008696,3.5,-35.84,-9.24,Noise,Right
1706529156425,0.039528,-0.604632,-1.054568,45.29,-76.23,-0.77,Noise,Right
1706529156426,-0.032696,-0.58804,-1.108248,72.17,-114.87,-3.29,Noise,Right
1706529156475,-0.01952,-0.63928,-1.08336,94.71,-127.96,-10.64,Noise,Right
1706529156476,0.07076,-0.543632,-0.913048,91.63,-105.14,-8.82,Noise,Right
1706529156476,0.166896,-0.601704,-0.806176,65.45,-61.39,7.0,Noise,Right
1706529156601,0.189344,-0.667584,-0.779336,47.11,-21.28,24.99,Noise,Right
1706529156601,0.139568,-0.577792,-0.71492,38.85,6.37,36.12,Noise,Right
1706529156602,0.06344,-0.296216,-0.560224,18.83,16.17,27.72,Noise,Right
1706529156602,0.218624,-0.267424,-0.451888,-23.1,8.12,0.7,Noise,Right
1706529156602,0.373808,-0.426024,-0.592432,-60.69,2.38,7.49,Noise,Right
1706529156603,0.421632,-0.425536,-0.730048,-67.48,7.0,30.66,Noise,Right
1706529156603,0.247904,-0.497272,-0.804224,-61.25,10.99,51.1,Noise,Right
1706529156647,-0.167384,-0.655872,-0.828136,-51.45,9.03,56.35,Noise,Right
1706529156647,-0.566568,-0.879864,-0.996496,-32.55,6.58,33.95,Noise,Right
1706529156648,-0.472384,-0.916464,-1.130208,17.08,-18.62,17.29,Noise,Right
1706529156738,-0.30988,-0.742736,-1.039928,65.45,-70.84,-3.01,Noise,Right
1706529156738,-0.103944,-0.540704,-0.876448,83.51,-74.97,-18.83,Noise,Right
1706529156738,0.078568,-0.424072,-0.7808,71.19,-73.78,-37.17,Noise,Right
1706529156738,0.224968,-0.488976,-0.7198,46.48,-62.44,-41.79,Noise,Right
1706529156739,0.318664,-0.508496,-0.684664,23.87,-49.28,-21.91,Noise,Right
1706529156739,0.349896,-0.472384,-0.669048,2.17,-35.7,15.68,Noise,Right
1706529156784,0.235704,-0.457744,-0.642208,-34.79,-14.98,45.85,Noise,Right
1706529156784,-0.00488,-0.501176,-0.671,-30.87,15.54,52.64,Noise,Right
1706529156830,-0.168848,-0.56852,-0.642208,-38.85,42.84,47.25,Noise,Right
1706529156831,-0.194224,-0.615856,-0.719312,-40.39,39.69,56.7,Noise,Right
1706529156832,-0.294264,-0.545584,-0.759816,-43.82,16.45,53.9,Noise,Right
1706529156877,-0.146888,-0.614392,-0.91256,-44.73,0.42,25.13,Noise,Right
1706529156878,0.020008,-0.75152,-1.045784,-20.16,-3.15,-1.82,Noise,Right
1706529156878,-0.055632,-0.756888,-1.034072,19.11,-2.31,-23.94,Noise,Right
1706529156922,-0.207888,-0.522648,-0.781776,33.6,-9.87,-47.88,Noise,Right
1706529156924,-0.174704,-0.608048,-0.767624,20.37,-21.84,-61.53,Noise,Right
1706529156925,-0.08296,-0.587552,-0.811056,16.17,-33.6,-41.37,Noise,Right
1706529156971,-0.176656,-0.642696,-0.879864,14.7,-34.09,-7.49,Noise,Right
1706529156972,-0.20252,-0.679296,-0.874008,22.26,-35.7,20.51,Noise,Right
1706529157017,-0.167872,-0.66856,-0.821304,29.4,-36.05,32.97,Noise,Right
1706529157019,-0.041968,-0.595848,-0.755912,32.55,-33.74,37.31,Noise,Right
1706529157019,0.098576,-0.412848,-0.678808,24.36,-20.3,32.06,Noise,Right
1706529157064,0.156648,-0.255224,-0.647088,-4.13,-3.5,18.83,Noise,Right
1706529157064,0.201056,-0.37576,-0.693448,-37.73,13.16,10.08,Noise,Right
1706529157065,0.144448,-0.446032,-0.696376,-54.95,53.41,4.83,Noise,Right
1706529157109,-0.037576,-0.536312,-0.754448,-63.49,56.84,6.23,Noise,Right
1706529157111,-0.266448,-0.709552,-0.855464,-57.19,56.49,7.98,Noise,Right
1706529157111,-0.496296,-0.932568,-1.044808,-26.11,31.15,7.21,Noise,Right
1706529157156,-0.537776,-0.91012,-1.060424,27.58,-15.33,4.83,Noise,Right
1706529157160,-0.514352,-0.623664,-0.915976,66.08,-53.9,-17.22,Noise,Right
1706529157205,-0.2562,-0.5246,-0.851072,69.23,-75.74,-36.68,Noise,Right
1706529157205,-0.013664,-0.464088,-0.797392,57.4,-79.24,-42.7,Noise,Right
1706529157205,0.118096,-0.50508,-0.7564,39.55,-61.74,-43.19,Noise,Right
1706529157251,0.176656,-0.535824,-0.675392,23.31,-34.37,-36.33,Noise,Right
1706529157251,0.206424,-0.538264,-0.59536,4.97,-3.71,-19.18,Noise,Right
1706529157251,0.153232,-0.467504,-0.528992,-16.31,26.18,4.2,Noise,Right
1706529157297,0.050752,-0.304024,-0.512888,-44.94,57.47,18.2,Noise,Right
1706529157298,-0.099552,-0.392352,-0.620736,-72.45,79.52,28.0,Noise,Right
1706529157298,-0.159576,-0.412848,-0.655872,-76.58,82.39,25.06,Noise,Right
1706529157348,-0.157136,-0.481168,-0.703696,-79.03,70.35,16.59,Noise,Right
1706529157348,-0.089304,-0.65636,-0.83936,-78.68,62.86,8.4,Noise,Right
1706529157460,-0.034648,-0.83448,-1.014552,-60.06,62.3,-1.75,Noise,Right
1706529157460,-0.025376,-0.717848,-1.05164,-23.59,65.1,-24.99,Noise,Right
1706529157461,-0.1586,-0.589504,-0.982344,-0.21,58.45,-46.34,Noise,Right
1706529157461,-0.199104,-0.439688,-0.75396,-9.66,39.76,-60.13,Noise,Right
1706529157461,-0.211792,-0.523136,-0.738344,-36.26,29.26,-71.89,Noise,Right
1706529157461,-0.099064,-0.534848,-0.716872,-53.9,13.09,-60.62,Noise,Right
1706529157462,0.004392,-0.446032,-0.791536,-67.27,3.01,-45.99,Noise,Right
1706529157556,0.138592,-0.49776,-1.037976,-58.24,7.84,-30.03,Noise,Right
1706529157556,0.246928,-0.677832,-1.093608,-20.23,34.58,-12.32,Noise,Right
1706529157556,0.174216,-0.594384,-0.9516,25.2,68.67,-0.77,Noise,Right
1706529157556,0.047824,-0.362096,-0.807152,35.07,84.84,-7.21,Noise,Right
1706529157557,0.125416,-0.286456,-0.660752,11.34,83.23,-19.74,Noise,Right
1706529157557,0.236192,-0.327448,-0.562664,-23.24,89.53,-27.65,Noise,Right
1706529157611,0.295728,-0.361608,-0.54168,-64.33,111.58,-32.97,Noise,Right
1706529157612,0.290848,-0.397232,-0.579744,-98.35,127.75,-26.25,Noise,Right
1706529157612,0.191784,-0.484096,-0.686616,-125.51,138.25,-12.81,Noise,Right
1706529157663,0.00488,-0.529968,-0.838872,-131.81,121.8,5.53,Noise,Right
1706529157663,-0.08296,-0.612928,-1.025288,-108.85,87.99,14.91,Noise,Right
1706529157664,-0.218136,-0.750544,-1.226344,-52.71,47.46,18.48,Noise,Right
1706529157761,-0.3538,-0.667096,-1.223416,22.47,5.88,1.26,Noise,Right
1706529157761,-0.319152,-0.396744,-0.979416,67.69,-21.07,-48.86,Noise,Right
1706529157761,-0.114192,-0.287432,-0.803248,63.56,-36.47,-90.58,Noise,Right
1706529157762,0.195688,-0.313296,-0.681736,37.52,-30.17,-108.71,Noise,Right
1706529157762,0.380152,-0.347944,-0.598288,12.74,3.78,-110.18,Noise,Right
1706529157762,0.428952,-0.323056,-0.549,-8.68,46.27,-100.59,Noise,Right
1706529157812,0.463112,-0.232288,-0.626104,-24.36,79.94,-82.53,Noise,Right
1706529157812,0.508008,-0.191296,-0.736392,-31.36,98.98,-51.66,Noise,Right
1706529157812,0.433832,-0.155184,-0.796416,-28.77,98.77,-22.26,Noise,Right
1706529157861,0.249856,-0.091744,-0.816912,-22.05,71.89,-10.01,Noise,Right
1706529157862,0.223016,-0.118096,-0.782752,-28.07,29.68,-17.01,Noise,Right
1706529157862,0.327936,-0.272792,-0.760304,-33.74,-5.04,-33.39,Noise,Right
1706529157921,0.393328,-0.391376,-0.776408,-28.42,-16.38,-56.0,Noise,Right
1706529157922,0.371856,-0.363072,-0.79788,-13.09,-10.01,-90.16,Noise,Right
1706529157922,0.316224,-0.309392,-0.86864,2.17,-8.19,-121.59,Noise,Right
1706529157969,0.405528,-0.221064,-0.88572,19.11,-21.21,-125.16,Noise,Right
1706529157970,0.55632,-0.103944,-0.94428,30.66,-44.66,-98.07,Noise,Right
1706529157971,0.738832,-0.049776,-0.95404,31.57,-69.3,-50.19,Noise,Right
1706529158017,0.92476,-0.05856,-0.919392,28.91,-65.8,-10.57,Noise,Right
1706529158018,1.020896,0.013664,-0.896944,21.14,-21.84,11.83,Noise,Right
1706529158018,0.967216,0.155672,-0.842776,4.13,39.48,4.97,Noise,Right
1706529158066,0.774456,0.249368,-0.871568,-25.69,86.94,-32.69,Noise,Right
1706529158067,0.667096,0.122488,-0.85888,-62.51,101.78,-69.02,Noise,Right
1706529158067,0.606584,-0.19032,-0.958432,-78.75,92.19,-80.5,Noise,Right
1706529158124,0.47092,-0.329888,-1.1346,-55.09,58.73,-77.07,Noise,Right
1706529158125,0.415288,-0.264496,-1.202432,-7.63,5.11,-77.91,Noise,Right
1706529158126,0.605608,-0.127368,-1.10044,28.21,-48.44,-75.32,Noise,Right
1706529158170,0.82716,-0.073688,-0.972584,39.2,-74.06,-58.1,Noise,Right
1706529158171,0.992104,-0.088328,-0.805688,35.0,-69.79,-30.59,Noise,Right
1706529158171,0.972584,-0.0244,-0.661728,24.43,-34.58,-10.71,Noise,Right
1706529158217,0.795928,-0.006832,-0.615368,1.96,4.9,0.21,Noise,Right
1706529158217,0.628544,-0.034648,-0.708088,-16.87,33.25,0.42,Noise,Right
1706529158217,0.476776,-0.103456,-0.906216,-12.88,42.21,-4.2,Noise,Right
1706529158274,0.406016,-0.148352,-1.057496,5.88,25.97,-9.03,Noise,Right
1706529158276,0.342576,-0.174704,-1.070672,23.73,-7.63,-12.53,Noise,Right
1706529158284,0.374784,-0.162016,-1.030656,36.89,-42.77,-18.55,Noise,Right
1706529158314,0.600728,-0.130784,-0.897432,41.79,-72.59,-18.83,Noise,Right
1706529158314,0.937936,-0.043432,-0.6588,38.08,-58.03,-13.37,Noise,Right
1706529158359,1.053592,0.028304,-0.56608,17.85,-6.65,-2.31,Noise,Right
1706529158360,0.94428,0.02684,-0.571448,-17.43,49.98,15.12,Noise,Right
1706529158360,0.68808,-0.0244,-0.719312,-42.35,85.54,21.56,Noise,Right
1706529158407,0.392352,-0.094184,-0.989664,-41.37,84.84,17.78,Noise,Right
1706529158408,0.206424,-0.157136,-1.067256,-10.71,43.05,3.5,Noise,Right
1706529158408,0.155184,-0.183488,-1.064816,12.04,-16.1,-10.15,Noise,Right
1706529158453,0.24888,-0.293776,-0.975512,23.03,-82.74,-17.64,Noise,Right
1706529158454,0.562664,-0.299144,-0.853512,36.89,-115.29,-9.1,Noise,Right
1706529158454,1.475712,-0.028792,-0.442616,120.54,11.06,48.79,Noise,Right
1706529158499,0.525088,-0.083448,-0.684176,-47.95,-63.28,-1.12,Noise,Right
1706529158500,0.684176,-0.150304,-0.801296,-13.3,11.97,31.43,Noise,Right
1706529158546,0.491416,-0.018056,-0.711992,-19.11,31.08,29.82,Noise,Right
1706529158547,0.404064,-0.036112,-0.848632,-27.37,26.18,25.83,Noise,Right
1706529158547,1.280024,-0.382592,-2.041304,-19.81,8.54,14.0,Noise,Right
1706529158592,0.407968,-0.285968,-1.081408,-12.11,11.55,-17.85,Noise,Right
1706529158592,0.422608,0.002928,-0.8662,-1.89,11.55,-6.86,Noise,Right
1706529158594,0.496784,-0.204472,-0.869616,4.06,16.45,-19.88,Noise,Right
1706529158639,0.500688,-0.282552,-0.848144,8.68,0.14,-12.95,Noise,Right
1706529158639,0.653432,-0.077592,-0.75396,6.58,-2.73,-14.84,Noise,Right
1706529158639,0.560712,-0.128832,-0.799832,0.35,-0.42,-3.5,Noise,Right
1706529158686,0.59048,-0.196664,-0.776896,-3.64,-0.07,2.03,Noise,Right
1706529158686,0.587552,-0.20252,-0.796904,-8.05,1.05,8.12,Noise,Right
1706529158732,0.5612,-0.179584,-0.807152,-13.37,2.94,16.38,Noise,Right
1706529158732,0.486048,-0.149816,-0.833016,-16.31,3.57,19.46,Noise,Right
1706529158732,0.507032,-0.120048,-0.860344,-14.63,3.22,15.68,Noise,Right
1706529158782,0.54412,-0.142984,-0.812032,-9.31,1.75,7.77,Noise,Right
1706529158783,0.564616,-0.150304,-0.791536,-3.85,-0.56,-0.07,Noise,Right
1706529158783,0.556808,-0.1708,-0.80764,-1.47,-0.84,-2.45,Noise,Right
1706529158844,0.549976,-0.171288,-0.805688,-0.91,-1.26,-2.31,Noise,Right
1706529158846,0.550952,-0.167872,-0.807152,-1.26,-0.84,-2.17,Noise,Right
1706529158847,0.544608,-0.169336,-0.809592,-1.19,-0.84,-2.38,Noise,Right
1706529158887,0.549,-0.176168,-0.813496,-1.33,-0.77,-2.31,Noise,Right
1706529158887,0.547048,-0.174216,-0.809592,-1.19,-0.7,-2.31,Noise,Right
1706529158888,0.551928,-0.17568,-0.802272,-1.19,-0.7,-2.38,Noise,Right
1706529158936,0.550464,-0.171288,-0.800808,-1.47,-0.91,-2.24,Noise,Right
1706529158936,0.546072,-0.174216,-0.798368,-1.19,-0.84,-2.31,Noise,Right
1706529158936,0.55632,-0.168848,-0.808616,-1.4,-0.91,-2.59,Noise,Right
1706529159061,0.552904,-0.1708,-0.808128,-0.84,-1.26,-2.59,Noise,Right
1706529159063,0.545584,-0.182024,-0.813496,-1.54,-0.91,-3.36,Noise,Right
1706529159063,0.582184,-0.206912,-0.777872,0.21,0.98,-34.93,Noise,Right
1706529159063,0.53192,-0.115656,-0.82716,0.0,1.05,-11.41,Noise,Right
1706529159063,0.569496,-0.126392,-0.801296,0.49,-2.73,3.92,Noise,Right
1706529159064,0.533872,-0.0488,-0.839848,0.07,-4.69,13.51,Noise,Right
1706529159064,0.528992,-0.137128,-0.848144,-4.41,-11.83,3.22,Noise,Right
1706529159195,0.56608,-0.15616,-0.807152,-3.01,-6.72,-16.17,Noise,Right
1706529159196,0.589016,-0.047824,-0.800808,-11.62,-8.05,-30.52,Noise,Right
1706529159196,0.60756,-0.101504,-0.735416,-12.25,8.33,-29.54,Noise,Right
1706529159196,0.75152,-0.206912,-0.79056,-19.81,3.78,-15.54,Noise,Right
1706529159196,0.775432,-0.076128,-0.870592,-26.18,2.87,8.68,Noise,Right
1706529159197,0.592432,-0.165432,-1.051152,2.73,-29.19,31.15,Noise,Right
1706529159248,0.664656,-0.154696,-0.965752,14.35,-39.34,34.51,Noise,Right
1706529159249,0.71004,-0.13908,-0.886208,19.39,-27.86,30.52,Noise,Right
1706529159249,0.693936,-0.125416,-0.83936,19.25,-5.11,22.89,Noise,Right
1706529159365,0.651968,-0.138104,-0.813496,15.68,15.96,16.17,Noise,Right
1706529159365,0.572912,-0.129808,-0.793976,9.94,24.64,12.46,Noise,Right
1706529159366,0.514352,-0.123952,-0.799344,2.38,17.29,12.81,Noise,Right
1706529159366,0.524112,-0.106384,-0.831064,-5.39,-1.26,16.59,Noise,Right
1706529159366,0.573888,-0.147864,-0.873032,-8.19,-20.93,25.41,Noise,Right
1706529159366,0.626104,-0.177144,-0.894016,-1.68,-37.94,39.9,Noise,Right
1706529159366,0.625616,-0.145424,-0.818864,6.09,-41.58,49.49,Noise,Right
1706529159418,0.604632,-0.086864,-0.704184,3.57,-26.88,43.68,Noise,Right
1706529159418,0.586576,-0.083936,-0.65148,-12.04,-0.42,27.65,Noise,Right
1706529159418,0.567544,-0.143472,-0.679784,-28.63,24.92,15.12,Noise,Right
1706529176725,-0.74176,-0.460184,0.692472,6.3,68.95,48.51,Noise,Right
1706529176725,-0.608536,-0.447496,0.530456,-2.8,42.63,42.21,Noise,Right
1706529176770,-0.5002,-0.657824,0.417728,-4.55,37.87,29.05,Noise,Right
1706529176771,-0.617808,-0.813008,0.313784,-14.42,21.14,16.38,Noise,Right
1706529176772,-0.633912,-0.540704,0.368928,-13.58,16.24,-4.9,Noise,Right
1706529176819,-0.731512,-0.471408,0.427976,-16.66,3.71,-3.71,Noise,Right
1706529176821,-0.912072,-0.332816,0.559248,-12.88,-7.56,-5.18,Noise,Right
1706529176822,-0.94184,-0.150792,0.63928,-6.02,-37.45,-2.87,Noise,Right
1706529176861,-0.859856,-0.195688,0.790072,6.09,-60.27,2.03,Noise,Right
1706529176862,-0.770552,-0.298656,0.868152,16.17,-82.6,-1.33,Noise,Right
1706529176909,-0.626592,-0.49776,0.808616,29.12,-97.51,-8.54,Noise,Right
1706529176909,-0.606096,-0.618296,0.624152,36.75,-98.21,-25.06,Noise,Right
1706529176910,-0.530944,-0.741272,0.489464,37.24,-88.34,-37.24,Noise,Right
1706529176957,-0.583648,-0.499224,0.211304,36.61,-39.76,-46.34,Noise,Right
1706529176959,-0.80276,-0.554856,0.259128,33.81,56.14,-48.37,Noise,Right
1706529176959,-0.91012,-0.264496,0.472384,23.24,88.48,-38.78,Noise,Right
1706529177000,-1.086776,0.11468,0.650016,39.2,54.53,-34.09,Noise,Right
1706529177001,-0.896944,0.29524,0.892552,26.53,18.41,-12.81,Noise,Right
1706529177001,-0.785192,0.189832,0.75396,11.69,1.47,8.19,Noise,Right
1706529177052,-0.640256,0.130784,0.76372,-5.74,-31.36,7.42,Noise,Right
1706529177052,-0.509472,-0.254248,0.584624,-13.3,-21.0,-3.22,Noise,Right
1706529177169,-0.397232,-0.345504,0.433832,-13.51,-30.94,4.97,Noise,Right
1706529177170,-0.515816,-0.266448,0.357216,-18.69,-25.27,-5.67,Noise,Right
1706529177171,-0.746152,-0.452376,0.343064,-25.83,-7.35,-12.11,Noise,Right
1706529177172,-0.926712,-0.228384,0.456768,-18.76,36.05,0.49,Noise,Right
1706529177172,-1.077016,-0.2196,0.566568,-20.51,47.11,21.7,Noise,Right
1706529177172,-1.087752,-0.278648,0.650504,-18.69,73.29,35.07,Noise,Right
1706529177174,-0.962824,-0.337208,0.746152,-12.18,61.39,48.93,Noise,Right
1706529177230,-0.884744,-0.614392,0.648064,-14.63,34.09,47.39,Noise,Right
1706529177233,-0.681248,-0.634888,0.555344,-8.47,20.65,36.4,Noise,Right
1706529177234,-0.591944,-0.854,0.450424,-7.07,15.12,23.17,Noise,Right
1706529177270,-0.560712,-0.653432,0.511912,-11.62,15.54,16.52,Noise,Right
1706529177271,-0.571936,-0.52948,0.495808,-14.56,14.0,3.85,Noise,Right
1706529177271,-0.664656,-0.449448,0.49288,-17.08,22.89,-6.23,Noise,Right
1706529177390,-0.738344,-0.374784,0.461648,-16.31,22.33,-11.83,Noise,Right
1706529177391,-0.856928,-0.343064,0.55876,-9.31,12.04,-11.55,Noise,Right
1706529177391,-0.884256,-0.445056,0.753472,4.69,-10.29,-11.41,Noise,Right
1706529177392,-0.867664,-0.576816,0.776896,23.03,-31.71,-20.51,Noise,Right
1706529177393,-0.804224,-0.565592,0.65148,49.56,-45.99,-42.63,Noise,Right
1706529177394,-0.5978,-0.509472,0.45628,57.47,-24.5,-49.77,Noise,Right
1706529177394,-0.609512,-0.528504,0.334768,64.96,21.42,-67.69,Noise,Right
1706529177435,-0.728096,-0.097112,0.346968,79.87,80.01,-92.12,Noise,Right
1706529177437,-0.867664,0.114192,0.51484,55.16,90.93,-64.68,Noise,Right
1706529177439,-0.999912,0.27816,0.537776,31.01,76.65,-38.43,Noise,Right
1706529177482,-0.928176,0.301096,0.562664,8.61,26.67,-13.86,Noise,Right
1706529177482,-0.926712,0.176656,0.411384,-6.23,-20.3,-21.49,Noise,Right
1706529177482,-0.657336,0.2562,0.598776,-61.53,-78.05,1.47,Noise,Right
1706529177529,-0.763232,-0.582184,0.279136,-20.23,-47.04,2.17,Noise,Right
1706529177530,-0.54168,-0.13908,0.355264,-35.0,-34.09,19.32,Noise,Right
1706529177530,-0.919392,-0.195688,0.376736,-26.6,-35.42,7.7,Noise,Right
1706529177579,-0.915,-0.70028,0.40992,-28.91,-30.52,3.15,Noise,Right
1706529177580,-1.00284,-0.837896,0.458232,-28.63,-24.64,11.9,Noise,Right
1706529177627,-1.037976,-0.752496,0.469944,-27.65,-30.17,24.71,Noise,Right
1706529177628,-0.8662,-0.545096,0.532896,-21.49,-25.69,36.12,Noise,Right
1706529177628,-0.801784,-0.430904,0.631472,-12.67,-16.73,43.26,Noise,Right
1706529177730,-0.740784,-0.335256,0.681736,-1.05,-6.65,39.76,Noise,Right
1706529177731,-0.682224,-0.312808,0.691984,5.81,4.62,32.06,Noise,Right
1706529177731,-0.699792,-0.20496,0.72712,9.1,7.21,19.81,Noise,Right
1706529177731,-0.650992,-0.25376,0.693936,9.87,6.02,14.42,Noise,Right
1706529177732,-0.677832,-0.353312,0.642696,10.92,17.15,2.31,Noise,Right
1706529177734,-0.689544,-0.616832,0.454328,11.55,1.68,-9.1,Noise,Right
1706529177788,-0.56852,-0.748104,0.459696,14.84,-13.51,-14.91,Noise,Right
1706529177790,-0.6222,-0.793488,0.318176,17.08,-33.74,-25.06,Noise,Right
1706529177791,-0.663192,-0.7686,0.387472,28.21,-10.01,-34.58,Noise,Right
1706529177830,-0.796904,-0.58804,0.476776,29.61,2.87,-57.12,Noise,Right
1706529177832,-0.772992,-0.401624,0.564616,32.34,6.09,-55.65,Noise,Right
1706529177833,-0.951112,-0.252296,0.60512,29.54,3.78,-51.03,Noise,Right
1706529177889,-0.947208,0.111752,0.706624,30.17,-32.9,-40.74,Noise,Right
1706529177889,-0.82228,0.138104,0.700768,16.31,-39.97,-32.76,Noise,Right
1706529177890,-0.62952,0.104432,0.620248,2.52,-17.5,-18.06,Noise,Right
1706529177890,-0.596336,0.115168,0.474824,-2.17,10.43,-21.0,Noise,Right
1706529177935,-0.616344,-0.025376,0.388448,-7.28,29.26,-19.11,Noise,Right
1706529177935,-0.789096,-0.021472,0.2806,-6.3,32.2,-16.45,Noise,Right
1706529177935,-0.904264,-0.250344,0.462624,-18.2,52.08,-6.93,Noise,Right
1706529177982,-1.013088,-0.354288,0.44652,-15.82,35.0,14.63,Noise,Right
1706529177982,-1.122888,-0.489464,0.537288,-37.66,-7.77,21.91,Noise,Right
1706529178028,-0.955504,-0.597312,0.538752,-35.42,-23.38,42.07,Noise,Right
1706529178028,-0.835456,-0.813984,0.5368,-29.26,-42.63,40.74,Noise,Right
1706529178029,-0.554856,-0.624152,0.631472,-13.23,-20.72,35.84,Noise,Right
1706529178078,-0.49532,-0.54412,0.643672,-2.1,-6.44,24.5,Noise,Right
1706529178242,-0.727608,-0.345016,0.528016,23.1,58.45,-17.99,Noise,Right
1706529178242,-0.934032,-0.365024,0.659288,28.07,24.85,-13.37,Noise,Right
1706529178242,-0.82228,-0.406992,0.593896,34.16,1.4,-10.92,Noise,Right
1706529178242,-0.729072,-0.514352,0.50508,38.85,-24.85,-14.91,Noise,Right
1706529178244,-0.642208,-0.520208,0.394792,37.94,-30.66,-29.4,Noise,Right
1706529178244,-0.620248,-0.4636,0.381128,31.78,-28.63,-43.26,Noise,Right
1706529178245,-0.572424,-0.453352,0.340624,23.1,-20.16,-52.71,Noise,Right
1706529178289,-0.633912,-0.330376,0.374296,11.69,0.84,-53.55,Noise,Right
1706529178289,-0.810568,-0.186416,0.375272,10.71,16.94,-47.25,Noise,Right
1706529178289,-1.042856,0.001952,0.440664,5.18,10.29,-31.57,Noise,Right
1706529178351,-1.120936,0.074664,0.531432,0.63,-9.66,-9.66,Noise,Right
1706529178358,-1.064816,0.007808,0.552904,-2.45,-16.73,15.26,Noise,Right
1706529178366,-0.975024,-0.106872,0.571936,-0.49,-24.71,28.49,Noise,Right
1706529178387,-0.875472,-0.221552,0.577792,-2.66,-20.51,36.75,Noise,Right
1706529178388,-0.852048,-0.271816,0.608048,-7.7,-16.94,39.55,Noise,Right
1706529178388,-0.677832,-0.44896,0.466528,-10.99,-17.22,45.85,Noise,Right
1706529178512,-0.661728,-0.415776,0.50264,-21.28,-26.25,50.05,Noise,Right
1706529178512,-0.73688,-0.501176,0.408456,-30.1,-33.46,44.45,Noise,Right
1706529178514,-0.803736,-0.469456,0.325008,-26.74,-52.08,47.67,Noise,Right
1706529178514,-0.811056,-0.566568,0.365024,-27.51,-63.28,40.32,Noise,Right
1706529178514,-0.779336,-0.469456,0.536312,-30.52,-66.71,42.42,Noise,Right
1706529178514,-0.695888,-0.157136,0.671,-28.21,-59.99,37.1,Noise,Right
1706529178514,-0.62708,-0.189344,0.776896,-19.39,-53.62,33.04,Noise,Right
1706529178632,-0.544608,-0.154696,0.806664,-15.61,-36.26,22.82,Noise,Right
1706529178632,-0.519232,-0.23424,0.807152,-9.24,-22.89,15.26,Noise,Right
1706529178634,-0.503128,-0.503616,0.70516,-1.54,-6.65,0.14,Noise,Right
1706529178634,-0.485072,-0.792024,0.459208,2.45,17.85,-9.17,Noise,Right
1706529178634,-0.611464,-0.684176,0.345016,6.72,50.96,-16.94,Noise,Right
1706529178634,-0.796904,-0.65148,0.410408,5.53,52.57,-14.91,Noise,Right
1706529178635,-0.92476,-0.475312,0.584136,12.11,61.04,-21.91,Noise,Right
1706529178678,-0.947208,-0.15616,0.716872,12.53,35.91,-17.78,Noise,Right
1706529178678,-0.913048,-0.081984,0.72468,16.17,3.85,-8.33,Noise,Right
1706529178678,-0.830088,-0.086864,0.777872,21.63,-7.14,-1.68,Noise,Right
1706529178728,-0.755912,-0.16836,0.780312,13.72,-24.99,-10.78,Noise,Right
1706529178728,-0.582672,-0.321104,0.655384,5.32,-27.16,-21.0,Noise,Right
1706529178728,-0.540704,-0.376248,0.515816,1.47,-24.92,-34.16,Noise,Right
1706529178777,-0.526064,-0.320128,0.442128,2.03,-20.86,-48.79,Noise,Right
1706529178778,-0.43432,-0.467992,0.335256,-0.7,-7.98,-50.4,Noise,Right
1706529178778,-0.569984,-0.403576,0.241072,-6.79,24.71,-58.52,Noise,Right
1706529178824,-0.781288,-0.224968,0.325496,-5.81,45.5,-52.64,Noise,Right
1706529178825,-0.92476,-0.14396,0.503128,-1.4,33.6,-42.77,Noise,Right
1706529178825,-0.982344,-0.120536,0.656848,-8.4,26.11,-18.41,Noise,Right
1706529178872,-0.987224,-0.044408,0.72468,-20.02,8.82,2.8,Noise,Right
1706529178872,-0.99796,-0.129808,0.693936,-24.92,14.56,8.54,Noise,Right
1706529178959,-0.88084,-0.159088,0.638792,-32.69,21.63,8.54,Noise,Right
1706529178960,-0.643672,-0.203496,0.594872,-34.02,15.05,11.27,Noise,Right
1706529178960,-0.572424,-0.577792,0.494344,-28.28,32.97,-11.83,Noise,Right
1706529178961,-0.608048,-0.524112,0.4026,-35.56,39.76,-17.71,Noise,Right
1706529178961,-0.616344,-0.731024,0.183976,-31.57,21.42,-36.82,Noise,Right
1706529178961,-0.64172,-0.72468,0.260104,-28.91,0.56,-41.44,Noise,Right
1706529179008,-0.776408,-0.715408,0.34648,-25.06,-11.62,-47.46,Noise,Right
1706529179008,-0.856928,-0.552904,0.511912,-31.43,-23.17,-48.3,Noise,Right
1706529179060,-0.870592,-0.399184,0.641232,-33.81,-37.59,-46.06,Noise,Right
1706529179061,-0.914024,-0.40016,0.593408,-35.07,-104.09,-51.66,Noise,Right
1706529179061,-0.702232,-0.401136,0.641232,-32.62,-105.35,-45.5,Noise,Right
1706529179165,-0.498736,-0.288896,0.645624,-23.87,-78.82,-51.31,Noise,Right
1706529179166,-0.40504,-0.404552,0.517768,-10.99,-13.93,-67.06,Noise,Right
1706529179167,-0.626592,-0.570472,0.532896,-5.88,17.85,-86.66,Noise,Right
1706529179167,-0.229848,-0.56608,0.44408,-21.7,40.32,-103.74,Noise,Right
1706529179167,-0.372832,-1.068232,0.162504,-23.45,36.47,-113.68,Noise,Right
1706529179168,-0.589992,-0.764208,0.26352,-30.73,2.45,-113.96,Noise,Right
1706529179168,-0.671488,-0.760304,0.38308,-37.8,-17.71,-105.42,Noise,Right
1706529179214,-0.578768,-0.672464,0.589992,-46.34,-17.71,-98.42,Noise,Right
1706529179214,-0.598776,-0.696376,0.502152,-29.54,-7.14,-90.86,Noise,Right
1706529179261,-0.396256,-0.636352,0.446032,-18.27,-6.93,-93.52,Noise,Right
1706529179261,-0.423584,-0.538264,0.589504,-9.03,-0.77,-79.66,Noise,Right
1706529179262,-0.257664,-0.830088,0.584624,-3.92,-31.78,-116.06,Noise,Right
1706529179378,-0.105896,-0.664168,0.477264,-8.47,-60.69,-111.65,Noise,Right
1706529179378,-0.122976,-0.68564,0.409432,-21.91,-166.46,-139.79,Noise,Right
1706529179378,0.016104,-0.487512,0.608048,-43.54,-371.21,-168.98,Noise,Right
1706529179379,0.038552,-1.16144,0.901824,-58.66,-907.13,-218.26,Noise,Right
1706529179379,-0.5612,-0.876936,0.371856,-153.37,-512.96,-205.45,Noise,Right
1706529179379,-0.3172,-1.311256,0.694424,-92.82,56.42,-78.05,Noise,Right
1706529179380,0.228384,-0.818864,0.68076,-81.83,115.08,-81.48,Noise,Right
1706529179432,0.18788,-0.831064,0.415776,-67.9,-14.42,-117.39,Noise,Right
1706529179434,0.263032,-0.794952,0.327936,-60.13,-155.75,-110.39,Noise,Right
1706529179434,0.347456,-0.654408,0.40504,-78.19,-229.53,-120.26,Noise,Right
1706529179559,0.193736,-0.747616,0.549,-124.39,-451.08,-103.74,Noise,Right
1706529179559,0.101504,-1.142408,0.861808,-155.4,-597.66,-46.34,Noise,Right
1706529179559,0.542656,-1.335168,0.293288,-147.0,-257.11,-47.46,Noise,Right
1706529179560,0.296704,-1.087752,0.125904,-128.59,-16.38,-19.6,Noise,Right
1706529179560,0.132736,-1.077016,0.128344,-98.14,38.78,5.67,Noise,Right
1706529179560,0.337696,-1.133624,0.057096,-61.04,-1.19,-6.23,Noise,Right
1706529179560,0.431392,-1.01748,0.008296,-39.2,-1.89,-25.06,Noise,Right
1706529179677,0.59048,-1.01504,0.02196,-37.03,-56.07,-43.96,Noise,Right
1706529179678,0.281576,-0.717848,0.224968,-36.89,-108.85,-55.58,Noise,Right
1706529179678,0.650016,-0.810568,0.32452,-53.2,-190.61,-35.21,Noise,Right
1706529179678,0.724192,-1.040904,0.17812,-49.56,-162.54,-39.06,Noise,Right
1706529179679,0.639768,-0.694424,0.13908,-33.95,-126.28,-50.61,Noise,Right
1706529179679,0.637328,-0.877424,-0.005856,-9.94,-120.19,-73.99,Noise,Right
1706529179679,0.437248,-0.989176,-0.104432,-26.46,-127.82,-95.27,Noise,Right
1706529179730,0.34404,-0.861808,-0.158112,-39.48,-97.23,-91.42,Noise,Right
1706529179731,0.349408,-1.072624,-0.312808,-41.02,-47.32,-71.26,Noise,Right
1706529179731,0.347456,-0.904752,-0.31476,-49.91,-65.87,-56.21,Noise,Right
1706529179732,0.289384,-0.684664,-0.307928,-64.82,-65.8,-36.68,Noise,Right
1706529179779,0.194224,-0.65636,-0.364536,-71.19,-58.38,-7.28,Noise,Right
1706529179780,0.250832,-0.707112,-0.11468,-56.77,-49.84,4.9,Noise,Right
1706529179780,0.406504,-0.56608,-0.09516,-54.25,98.84,16.87,Noise,Right
1706529179838,0.861808,-0.669048,0.02928,-24.5,185.92,-15.19,Noise,Right
1706529179838,0.926712,-0.909632,0.36844,-30.66,92.54,-24.01,Noise,Right
1706529179838,0.999424,-0.760792,-0.046848,-4.76,11.2,-42.63,Noise,Right
1706529179883,0.70028,-0.772504,-0.210816,0.07,-38.08,-66.29,Noise,Right
1706529179884,0.5246,-0.7564,-0.403088,-8.89,-67.9,-72.87,Noise,Right
1706529179884,0.41236,-0.806176,-0.346968,-18.9,-9.73,-56.49,Noise,Right
1706529179930,0.120536,-0.888648,-0.453352,-28.42,21.77,-34.02,Noise,Right
1706529179930,0.128832,-0.836432,-0.514352,-40.74,79.59,-3.99,Noise,Right
1706529179930,0.17568,-0.704672,-0.504592,-60.27,130.27,29.47,Noise,Right
1706529179980,0.346968,-0.835944,-0.305976,-68.88,123.76,57.4,Noise,Right
1706529179981,0.696864,-0.76372,0.194224,-61.88,51.17,75.67,Noise,Right
1706529179981,0.941352,-0.84668,0.454816,-42.98,-29.12,44.1,Noise,Right
1706529180028,1.170224,-0.689544,0.655384,26.46,21.28,35.77,Noise,Right
1706529180028,0.776408,-1.35908,0.276208,45.92,-16.94,21.98,Noise,Right
1706529180095,0.523136,-0.915488,-0.428464,60.13,-76.51,-0.07,Noise,Right
1706529180104,0.506544,-0.769088,-0.861808,29.89,-2.87,4.83,Noise,Right
1706529180105,0.458232,-0.796904,-0.401136,3.5,-19.39,6.58,Noise,Right
1706529180130,0.388448,-0.816912,-0.372344,-11.62,-82.74,12.18,Noise,Right
1706529180131,0.464088,-0.844728,-0.425536,-22.12,-130.55,23.38,Noise,Right
1706529180131,0.28548,-0.786656,-0.064904,-24.08,-36.47,47.95,Noise,Right
1706529180184,0.542656,-0.699792,0.089304,-8.26,14.42,46.13,Noise,Right
1706529180184,0.606584,-0.762744,-0.232288,7.7,34.37,30.31,Noise,Right
1706529180184,0.55144,-0.663192,-0.326472,3.57,74.27,24.08,Noise,Right
1706529180291,0.469944,-0.91988,-0.506544,-2.87,48.09,18.2,Noise,Right
1706529180291,0.339648,-0.813008,-0.394304,-20.09,-46.62,13.51,Noise,Right
1706529180292,0.327448,-0.772504,-0.342088,-25.06,-89.95,17.85,Noise,Right
1706529180292,0.425536,-0.713944,-0.416752,-32.06,-72.24,29.47,Noise,Right
1706529180293,0.59292,-0.848632,-0.433832,-34.09,-9.31,42.7,Noise,Right
1706529180293,0.61488,-0.988688,-0.325496,-42.7,13.65,37.59,Noise,Right
1706529180293,0.671976,-1.127768,-0.075152,-52.92,44.94,20.09,Noise,Right
1706529180337,0.784704,-0.776896,0.022448,-42.63,-8.82,-8.47,Noise,Right
1706529180338,0.939888,-0.90524,0.038064,-28.42,-147.7,-44.17,Noise,Right
1706529180338,0.726144,-0.826672,0.047336,-21.21,-300.16,-88.34,Noise,Right
1706529180383,0.182512,-0.82472,-0.265472,-6.79,-317.59,-93.1,Noise,Right
1706529180383,0.349896,-0.704672,-0.086864,1.54,-288.19,-71.54,Noise,Right
1706529180431,0.256688,-0.978928,-0.46848,12.67,-430.01,-52.43,Noise,Right
1706529180432,0.273768,-0.69784,-0.244,17.08,-419.65,-40.88,Noise,Right
1706529180432,0.63684,-0.979416,-0.817888,26.81,26.6,-44.52,Noise,Right
1706529180557,0.976976,-0.840336,-1.206336,-13.23,-81.69,-80.01,Noise,Right
1706529180557,0.49532,-0.81008,-0.392352,-50.19,-121.24,-109.9,Noise,Right
1706529180558,0.347456,-0.80764,-0.559248,-47.67,-92.54,-118.86,Noise,Right
1706529180558,0.411872,-0.51484,-0.112728,-29.12,-123.83,-128.17,Noise,Right
1706529180558,1.145824,-1.169248,-0.224968,16.45,-45.36,-165.06,Noise,Right
1706529180558,-0.80276,-0.865712,-0.706136,-8.89,-493.78,-136.5,Noise,Right
1706529180559,-0.481168,-0.381128,-0.98332,-10.43,129.22,11.76,Noise,Right
1706529180675,-0.132736,-0.892064,-0.667584,1.05,162.89,5.11,Noise,Right
1706529180676,0.215208,-0.787144,-0.877424,-17.15,119.56,-17.71,Noise,Right
1706529180676,0.440176,-0.865224,-0.897432,-25.48,53.9,-33.18,Noise,Right
1706529180677,0.495808,-0.765184,-0.57584,-52.15,-56.0,-41.72,Noise,Right
1706529180677,0.404552,-0.664168,-0.83692,-67.9,-90.65,-36.61,Noise,Right
1706529180677,0.424072,-0.632448,-0.819352,-62.51,-75.53,-10.64,Noise,Right
1706529180677,0.3538,-0.686128,-0.747616,-64.12,-59.71,21.35,Noise,Right
1706529180722,0.143472,-0.574376,-0.613416,-59.43,-73.36,37.59,Noise,Right
1706529180722,0.006832,-0.511424,-0.611952,-50.12,-15.96,28.49,Noise,Right
1706529180722,0.101992,-0.574864,-0.64172,-55.58,42.0,25.76,Noise,Right
1706529180768,0.173728,-0.545096,-0.667096,-54.67,46.27,10.92,Noise,Right
1706529180768,0.283528,-0.48556,-0.71736,-53.41,46.69,-2.8,Noise,Right
1706529180769,0.338672,-0.315736,-0.737368,-57.89,31.15,-13.37,Noise,Right
1706529180815,0.299632,-0.283528,-0.762744,-69.23,41.09,-3.57,Noise,Right
1706529180815,0.29036,-0.349896,-0.799832,-72.87,69.09,7.49,Noise,Right
1706529180816,0.380152,-0.501176,-0.64904,-69.16,100.87,26.46,Noise,Right
1706529180861,0.362584,-0.729072,-0.627568,-43.68,84.84,34.65,Noise,Right
1706529180861,0.30012,-0.646112,-0.654896,-20.86,27.72,33.25,Noise,Right
1706529180862,0.47092,-0.576328,-0.728584,-10.43,34.51,33.74,Noise,Right
1706529180906,0.647576,-0.521672,-0.828624,-10.71,20.51,30.1,Noise,Right
1706529180906,0.645136,-0.510936,-0.853512,-23.38,-15.68,38.85,Noise,Right
1706529180958,0.459208,-0.487512,-0.87108,-31.64,-34.44,26.74,Noise,Right
1706529180958,0.458232,-0.229848,-0.694912,-46.97,-43.54,20.51,Noise,Right
1706529180959,0.275232,-0.447984,-0.608536,-41.79,-36.75,12.11,Noise,Right
1706529181085,0.323544,-0.584624,-0.699792,-44.45,-20.72,12.32,Noise,Right
1706529181086,0.342088,-0.661728,-0.591944,-42.14,-20.79,-8.89,Noise,Right
1706529181086,0.284992,-0.545584,-0.748592,-44.31,-25.34,-1.33,Noise,Right
1706529181086,0.368928,-0.575352,-0.789584,-34.44,-6.02,12.18,Noise,Right
1706529181086,0.677832,-0.570472,-0.747128,-11.9,13.09,10.08,Noise,Right
1706529181087,1.082872,-0.364536,-0.783728,5.95,-17.78,-16.59,Noise,Right
1706529181087,0.99552,-0.26596,-0.782264,30.73,-46.13,-39.34,Noise,Right
1706529181208,0.809104,-0.30744,-0.759328,29.19,-63.28,-64.19,Noise,Right
1706529181208,0.44896,-0.279136,-0.757376,26.81,-115.36,-78.47,Noise,Right
1706529181208,0.285968,-0.49044,-0.635864,23.94,-154.14,-97.09,Noise,Right
1706529181210,0.107848,-0.572424,-0.650016,15.47,-167.93,-110.04,Noise,Right
1706529181210,0.140544,-0.670024,-0.693448,-4.34,-190.68,-129.71,Noise,Right
1706529181210,-0.178608,-0.697352,-0.771528,-14.35,-186.27,-120.47,Noise,Right
1706529181210,-0.31232,-0.656848,-0.851072,23.73,-246.89,-79.24,Noise,Right
1706529181314,-0.309392,-0.418216,-1.190232,38.08,-295.26,-41.02,Noise,Right
1706529181315,-0.174704,-0.237656,-1.035048,35.0,-197.05,3.71,Noise,Right
1706529181316,-0.21716,-0.286456,-0.731024,37.8,-146.3,28.21,Noise,Right
1706529181316,-0.191784,-0.488976,-0.782752,40.39,-75.39,37.73,Noise,Right
1706529181316,-0.064416,-0.401136,-0.939888,34.23,-83.58,34.79,Noise,Right
1706529181317,-0.069784,-0.462624,-1.004304,28.56,-106.96,27.79,Noise,Right
1706529181317,-0.233264,-0.517768,-1.045296,17.01,-163.38,22.4,Noise,Right
1706529181364,-0.2684,-0.5612,-0.596336,10.43,-302.19,21.42,Noise,Right
1706529181364,-0.560712,-0.376736,-0.309392,37.03,-299.74,36.82,Noise,Right
1706529181365,-0.31964,-0.447984,-0.9028,72.94,42.98,52.43,Noise,Right
1706529181498,-0.074176,-0.672952,-1.687992,56.07,134.47,51.17,Noise,Right
1706529181499,-0.05368,-0.650016,-1.227808,6.02,173.32,44.38,Noise,Right
1706529181499,0.094184,-0.77592,-0.88816,-24.5,162.19,26.18,Noise,Right
1706529181499,-0.120048,-0.637816,-0.350872,-25.83,57.4,-6.79,Noise,Right
1706529181499,0.0732,-0.465064,-0.72956,-1.68,-10.29,-29.12,Noise,Right
1706529181500,0.084912,-0.238632,-1.040904,-3.85,-4.41,-46.48,Noise,Right
1706529181500,-0.046848,-0.381128,-1.083848,-17.36,-0.07,-57.47,Noise,Right
1706529181559,-0.1464,-0.42456,-0.939888,-24.99,30.73,-56.49,Noise,Right
1706529181560,-0.175192,-0.396744,-0.87352,-21.21,124.81,-46.62,Noise,Right
1706529181560,-0.146888,-0.518744,-0.674416,-4.27,276.71,-32.27,Noise,Right
1706529181614,-0.181536,-0.492392,-0.739808,20.79,331.31,-22.61,Noise,Right
1706529181615,0.191784,-0.536312,-1.084824,31.22,304.71,-20.79,Noise,Right
1706529181615,0.366976,-0.782752,-0.986248,16.8,156.87,-41.16,Noise,Right
1706529181616,0.183976,-0.670512,-1.006256,-3.43,30.24,-37.87,Noise,Right
1706529181728,0.182512,-0.53924,-0.915488,-20.65,-43.68,-40.11,Noise,Right
1706529181728,0.177632,-0.355264,-0.913536,-28.63,-87.71,-36.47,Noise,Right
1706529181729,0.105408,-0.299632,-0.860832,-30.38,-114.38,-32.76,Noise,Right
1706529181729,-0.039528,-0.279136,-0.760792,-21.91,-128.59,-23.03,Noise,Right
1706529181729,-0.118584,-0.29524,-0.740296,-13.16,-56.7,-12.32,Noise,Right
1706529181729,0.055632,-0.253272,-0.809592,-3.78,43.19,-3.71,Noise,Right
1706529181730,0.150792,-0.513376,-0.606096,8.89,57.05,-6.93,Noise,Right
1706529181828,0.078568,-0.593408,-0.7564,27.72,88.48,-6.72,Noise,Right
1706529181829,0.038552,-0.718824,-0.83692,36.33,104.37,2.66,Noise,Right
1706529181829,0.040016,-0.538264,-0.842776,30.1,57.75,11.2,Noise,Right
1706529181829,0.215696,-0.504592,-0.95892,23.31,52.5,18.76,Noise,Right
1706529181829,0.418704,-0.437248,-0.930128,15.19,1.96,12.18,Noise,Right
1706529181829,0.421144,-0.3538,-0.952088,2.31,-51.45,1.75,Noise,Right
1706529181875,0.418216,-0.337208,-0.789096,-5.11,-70.56,-17.92,Noise,Right
1706529181875,0.48312,-0.398208,-0.850584,-11.62,-58.45,-44.45,Noise,Right
1706529181876,0.555832,-0.427488,-0.919392,-14.21,-48.02,-71.89,Noise,Right
1706529181918,0.5368,-0.43188,-0.943792,-10.99,-40.67,-87.43,Noise,Right
1706529181918,0.305976,-0.638792,-0.866688,-8.05,-37.24,-89.18,Noise,Right
1706529181971,-0.013664,-0.93696,-0.7808,1.26,-10.85,-76.86,Noise,Right
1706529181971,-0.151768,-0.896456,-0.885232,20.79,16.87,-61.67,Noise,Right
1706529181971,-0.223504,-0.670512,-0.901336,34.65,17.71,-57.05,Noise,Right
1706529182093,-0.037576,-0.698816,-0.845704,34.37,31.29,-62.3,Noise,Right
1706529182094,0.29524,-0.385032,-0.953064,28.84,19.18,-69.86,Noise,Right
1706529182094,0.52704,-0.172752,-0.881816,32.9,-6.02,-69.79,Noise,Right
1706529182094,0.503616,0.093696,-0.843264,27.93,-42.35,-77.0,Noise,Right
1706529182094,0.579256,0.084912,-0.853512,10.78,-64.68,-69.72,Noise,Right
1706529182094,0.350384,-0.012688,-0.797392,4.2,-75.32,-59.85,Noise,Right
1706529182094,0.1708,-0.054168,-0.799344,5.53,-59.22,-51.94,Noise,Right
1706529182135,-0.020496,-0.144448,-0.756888,6.23,-43.33,-49.49,Noise,Right
1706529182135,-0.137616,-0.352824,-0.703208,5.81,-15.19,-52.43,Noise,Right
1706529182137,-0.2074,-0.582184,-0.752496,10.71,-3.29,-38.5,Noise,Right
1706529182185,-0.061488,-0.603168,-0.716872,13.72,21.63,-2.38,Noise,Right
1706529182186,0.015616,-0.701256,-0.842776,28.28,43.12,17.08,Noise,Right
1706529182187,0.142984,-0.851072,-0.926224,29.26,49.14,28.77,Noise,Right
1706529182232,0.356728,-0.691984,-0.979904,27.37,36.61,35.28,Noise,Right
1706529182232,0.426024,-0.499224,-0.949648,18.69,5.11,27.44,Noise,Right
1706529182232,0.424072,-0.380152,-0.938424,13.65,-12.39,17.08,Noise,Right
1706529182281,0.349408,-0.476776,-0.926712,9.73,-28.7,8.19,Noise,Right
1706529182281,0.266936,-0.481656,-0.867176,6.65,-33.74,-0.49,Noise,Right
1706529182327,0.174216,-0.647576,-0.88572,0.42,-33.11,-4.83,Noise,Right
1706529182328,0.136152,-0.676368,-0.859368,-1.12,-8.05,1.47,Noise,Right
1706529182328,0.177144,-0.794464,-0.854976,-4.48,23.94,4.62,Noise,Right
1706529182382,0.32452,-0.73932,-0.87108,-6.93,75.11,-1.4,Noise,Right
1706529182385,0.517768,-0.595848,-0.919392,-6.02,66.99,-7.07,Noise,Right
1706529182387,0.49532,-0.413336,-0.891088,1.4,38.78,-15.61,Noise,Right
1706529182501,0.470432,-0.430416,-0.886208,3.29,36.75,-41.3,Noise,Right
1706529182501,0.48068,-0.290848,-0.805688,-2.87,-19.6,-49.0,Noise,Right
1706529182501,0.3904,-0.180072,-0.6832,0.35,-49.63,-55.37,Noise,Right
1706529182501,0.28792,-0.406504,-0.738344,-3.29,-70.91,-44.66,Noise,Right
1706529182502,0.114192,-0.50996,-0.718824,-1.61,-81.48,-36.05,Noise,Right
1706529182502,0.052704,-0.664656,-0.724192,3.71,-73.08,-22.68,Noise,Right
1706529182502,-0.020008,-0.745664,-0.706624,5.67,-72.73,-15.47,Noise,Right
1706529182551,-0.040992,-0.63684,-0.8906,1.89,-67.76,-18.48,Noise,Right
1706529182551,0.06588,-0.410408,-0.823744,-2.31,-50.19,-15.96,Noise,Right
1706529182551,0.162016,-0.342088,-0.867664,-2.38,-17.99,-16.24,Noise,Right
1706529182646,0.289872,-0.154696,-0.893528,6.51,8.54,-10.22,Noise,Right
1706529182647,0.319152,-0.00244,-0.860344,15.75,54.74,-0.77,Noise,Right
1706529182647,0.394792,-0.064416,-0.845704,17.29,78.54,17.01,Noise,Right
1706529182647,0.43432,-0.071736,-0.910608,25.55,55.93,8.82,Noise,Right
1706529182648,0.432856,-0.235216,-0.815936,40.74,22.96,7.35,Noise,Right
1706529182648,0.17324,-0.303048,-0.80032,31.29,-6.02,-17.5,Noise,Right
1706529182746,0.26352,-0.612928,-0.72712,31.43,-39.83,-27.37,Noise,Right
1706529182746,0.193248,-0.728096,-0.776896,28.28,-62.02,-10.99,Noise,Right
1706529182746,-0.038552,-0.69052,-0.774944,34.51,-63.0,8.54,Noise,Right
1706529182747,-0.061976,-0.856928,-0.790072,26.81,-60.55,11.97,Noise,Right
1706529182747,0.155672,-0.649528,-0.950136,17.99,-55.16,19.81,Noise,Right
1706529182749,0.290848,-0.489464,-1.03456,6.79,-49.49,22.75,Noise,Right
1706529182795,0.409432,-0.484096,-1.12972,-8.54,-46.06,10.5,Noise,Right
1706529182796,0.448472,-0.428464,-1.149728,-25.34,-17.99,-10.01,Noise,Right
1706529182797,0.361608,-0.4514,-0.950136,-31.36,11.62,-27.72,Noise,Right
1706529182849,0.237656,-0.549976,-0.80032,-26.04,49.63,-35.42,Noise,Right
1706529182849,0.116632,-0.682224,-0.696376,-15.4,64.4,-31.85,Noise,Right
1706529182850,0.088328,-0.564128,-0.747616,-3.43,60.69,-23.31,Noise,Right
1706529182974,0.06588,-0.672952,-0.648552,6.86,45.71,-9.66,Noise,Right
1706529182986,0.05124,-0.80764,-0.647088,14.7,34.93,8.54,Noise,Right
1706529182986,0.169336,-0.898896,-0.764696,12.32,21.14,18.48,Noise,Right
1706529182989,0.252296,-0.791536,-0.86132,1.61,-1.33,14.63,Noise,Right
1706529182994,0.386984,-0.642696,-0.97356,-7.21,-23.24,6.44,Noise,Right
1706529182994,0.467992,-0.515816,-0.956968,-16.52,-52.64,-19.81,Noise,Right
1706529182996,0.373808,-0.441152,-0.996496,-34.09,-85.4,-40.32,Noise,Right
1706529182997,0.264496,-0.569496,-0.871568,-39.13,-94.78,-45.99,Noise,Right
1706529182997,0.166896,-0.280112,-0.827648,-42.91,-76.23,-54.81,Noise,Right
1706529183043,0.130784,0.064416,-0.700768,-40.32,-31.29,-40.74,Noise,Right
1706529183043,0.031232,0.135176,-0.488,-20.79,-5.25,-9.45,Noise,Right
1706529183099,-0.142984,-0.199592,-0.471408,13.65,50.19,15.68,Noise,Right
1706529183100,-0.059536,-0.096624,-0.669536,33.6,96.74,34.44,Noise,Right
1706529183100,0.21472,-0.189832,-0.671976,49.0,106.96,30.17,Noise,Right
1706529183155,0.37576,-0.31232,-0.78568,55.23,100.38,22.05,Noise,Right
1706529183155,0.740784,-0.433344,-1.04432,60.48,70.07,18.48,Noise,Right
1706529183156,0.80276,-0.515816,-1.070184,45.57,-8.82,-5.88,Noise,Right
1706529183157,0.511912,-0.503616,-0.953552,28.14,-75.11,-28.0,Noise,Right
1706529183201,0.348432,-0.527528,-0.9394,13.44,-88.27,-38.29,Noise,Right
1706529183201,0.196176,-0.62464,-0.85644,2.38,-103.6,-40.39,Noise,Right
1706529183201,-0.003904,-0.39528,-0.817888,-6.86,-94.92,-35.28,Noise,Right
1706529183247,-0.056608,-0.211304,-0.818376,-12.32,-77.07,-27.44,Noise,Right
1706529183247,-0.045872,-0.053192,-0.780312,-2.45,-45.01,-12.74,Noise,Right
1706529183302,-0.037576,-0.4758,-0.83448,4.41,10.57,5.67,Noise,Right
1706529183302,0.137616,-0.643672,-0.6832,23.38,58.1,4.97,Noise,Right
1706529183302,0.138104,-0.913048,-0.88572,39.55,100.38,11.41,Noise,Right
1706529183354,0.355264,-1.18584,-0.962336,35.42,110.88,20.37,Noise,Right
1706529183355,0.341112,-0.908656,-1.047736,18.76,81.97,24.78,Noise,Right
1706529183355,0.359656,-0.793488,-0.911096,9.66,31.99,25.55,Noise,Right
1706529183355,0.294752,-0.54168,-0.878888,-9.17,-18.97,14.07,Noise,Right
1706529183407,0.354776,-0.452376,-0.8662,-18.69,-52.64,9.8,Noise,Right
1706529183408,0.262056,-0.416752,-0.825208,-19.32,-91.14,-4.69,Noise,Right
1706529183541,0.223016,-0.6466,-0.755424,-14.7,-105.35,-14.0,Noise,Right
1706529183546,0.223016,-0.791048,-0.68076,-11.55,-106.89,-24.15,Noise,Right
1706529183547,0.262056,-1.468392,-0.559736,-9.38,-92.12,-27.93,Noise,Right
1706529183547,0.203496,-0.945744,-0.828624,-15.54,-84.21,-49.63,Noise,Right
1706529183547,0.079056,-0.847168,-0.928176,-8.61,-57.47,-32.48,Noise,Right
1706529183548,0.02684,-0.592432,-0.912072,-7.91,-24.15,-14.98,Noise,Right
1706529183548,-0.032208,0.043432,-0.934032,-0.49,34.3,-0.14,Noise,Right
1706529183574,0.121512,0.430416,-0.906704,4.69,74.97,20.65,Noise,Right
1706529183575,0.201056,-0.091256,-0.803736,3.78,51.94,15.61,Noise,Right
1706529183575,0.208864,-0.05124,-0.847168,5.18,20.3,3.99,Noise,Right
1706529183630,0.366,-0.122976,-0.818864,10.64,-4.2,-14.91,Noise,Right
1706529183631,0.48312,-0.359656,-0.801296,13.93,-44.17,-34.93,Noise,Right
1706529183631,0.426024,-0.496784,-0.799344,14.28,-85.12,-47.6,Noise,Right
1706529183683,0.407968,-0.497272,-0.914512,11.62,-112.42,-48.23,Noise,Right
1706529183684,0.199104,-0.548512,-0.847168,11.2,-121.31,-42.98,Noise,Right
1706529183684,0.04636,-0.28548,-0.889624,4.34,-110.04,-31.01,Noise,Right
1706529183684,-0.021472,-0.25864,-0.89548,-5.04,-92.19,-25.48,Noise,Right
1706529183727,-0.047824,-0.199592,-0.910608,-8.68,-72.73,-18.69,Noise,Right
1706529183728,-0.046848,-0.27084,-0.853512,4.69,-54.32,-26.67,Noise,Right
1706529183728,-0.096136,-0.811544,-0.801296,20.58,-13.65,-51.59,Noise,Right
1706529183779,-0.120536,-1.148752,-0.830576,14.07,17.85,-56.98,Noise,Right
1706529183779,0.040504,-1.263432,-0.960384,20.16,21.77,-34.37,Noise,Right
1706529183780,0.012688,-1.199016,-0.85888,10.36,-7.0,-13.16,Noise,Right
1706529183826,-0.077592,-0.982344,-0.813496,1.19,-19.11,8.61,Noise,Right
1706529183826,-0.11712,-0.711016,-0.864248,-23.31,-43.26,19.25,Noise,Right
1706529183875,-0.091744,-0.241072,-0.935496,-15.12,-44.1,34.02,Noise,Right
1706529183876,0.001952,-0.047824,-0.904752,-12.11,-44.03,33.11,Noise,Right
1706529183876,0.091744,-0.310368,-0.88572,-15.33,-42.77,21.0,Noise,Right
1706529183977,0.084912,-0.288896,-0.938424,-22.33,-28.21,8.82,Noise,Right
1706529183977,0.054656,-0.516304,-1.077016,-26.25,0.14,-6.3,Noise,Right
1706529183977,-0.077104,-0.986248,-0.99308,-23.59,35.63,2.03,Noise,Right
1706529183978,-0.355752,-1.572336,-0.760792,-10.22,78.75,25.34,Noise,Right
1706529183979,-0.281576,-1.713856,-0.777384,-4.27,110.32,61.46,Noise,Right
1706529183980,-0.2684,-0.807152,-0.796904,-17.57,108.57,68.46,Noise,Right
1706529184024,-0.03416,-0.361608,-0.777872,-19.04,103.53,79.52,Noise,Right
1706529184024,0.319152,0.5124,-0.813496,-14.77,100.8,87.57,Noise,Right
1706529184027,0.536312,0.848144,-0.833016,6.02,68.04,78.68,Noise,Right
1706529184077,0.752008,0.252784,-0.76616,-5.46,0.42,36.4,Noise,Right
1706529184078,0.710528,0.160552,-0.913536,-17.29,-69.44,-22.68,Noise,Right
1706529184078,0.62464,0.00732,-0.945256,-21.35,-108.08,-74.13,Noise,Right
1706529184202,0.385032,-0.023424,-0.980392,-2.52,-128.31,-94.15,Noise,Right
1706529184204,0.167384,-0.69296,-0.796416,2.87,-123.34,-95.62,Noise,Right
1706529184204,-0.08784,-0.645136,-0.843264,0.63,-84.91,-67.97,Noise,Right
1706529184204,-0.266448,-0.81496,-0.656848,-0.35,-53.55,-44.17,Noise,Right
1706529184205,-0.443104,-0.791048,-0.695888,15.61,8.89,-16.24,Noise,Right
1706529184205,-0.45872,-0.808616,-0.66124,27.09,72.45,8.4,Noise,Right
1706529184205,-0.1464,-0.638304,-0.805688,30.94,116.13,26.32,Noise,Right
1706529184254,0.217648,-0.398696,-0.97844,34.86,110.6,21.07,Noise,Right
1706529184255,0.368928,-0.234728,-1.037,29.19,82.18,0.0,Noise,Right
1706529184255,0.521672,-0.236192,-1.057984,19.11,32.2,-30.31,Noise,Right
1706529184256,0.466528,-0.190808,-1.130696,6.65,-21.77,-44.52,Noise,Right
1706529184305,0.242536,-0.374296,-0.96868,3.22,-59.85,-59.57,Noise,Right
1706529184305,0.094184,-0.854,-0.830576,-6.44,-81.55,-57.26,Noise,Right
1706529184386,-0.042456,-1.172176,-0.77836,-8.12,-85.68,-46.69,Noise,Right
1706529184387,-0.197152,-0.955504,-0.840336,-13.93,-71.54,-17.92,Noise,Right
1706529184387,-0.260104,-0.739808,-0.721264,-11.13,-53.41,1.19,Noise,Right
1706529184387,-0.211304,-0.374296,-0.831552,-10.92,-18.2,19.81,Noise,Right
1706529184388,-0.062952,-0.301096,-0.857904,-3.64,19.53,30.38,Noise,Right
1706529184442,0.05612,-0.303048,-0.922808,0.56,63.35,30.45,Noise,Right
1706529184442,0.218624,-0.617808,-0.98088,6.51,101.15,22.4,Noise,Right
1706529184442,0.20008,-1.044808,-0.970632,17.08,112.28,21.21,Noise,Right
1706529184442,0.037576,-1.197064,-0.708576,18.41,83.02,19.11,Noise,Right
1706529184496,-0.05612,-1.126792,-0.856928,-5.32,61.81,34.65,Noise,Right
1706529184496,0.021472,-0.664656,-0.869616,0.28,44.59,32.97,Noise,Right
1706529184591,0.229848,0.249856,-0.899384,-13.51,34.02,51.24,Noise,Right
1706529184592,0.161528,1.045784,-0.86376,17.29,18.2,67.2,Noise,Right
1706529184592,0.322568,0.331352,-0.748592,3.57,9.8,50.96,Noise,Right
1706529184593,0.40992,0.032208,-0.870592,-16.31,-43.12,13.72,Noise,Right
1706529184593,0.555344,0.03172,-1.048224,-21.28,-71.4,-21.77,Noise,Right
1706529184593,0.5002,-0.120536,-0.960872,-19.6,-102.83,-62.79,Noise,Right
1706529184697,0.393328,-0.313784,-0.904264,-13.86,-104.72,-77.49,Noise,Right
1706529184698,0.220088,-0.176168,-0.950624,-4.9,-80.43,-71.89,Noise,Right
1706529184698,0.00488,-0.550464,-0.757376,-10.71,-34.72,-66.64,Noise,Right
1706529184699,-0.11956,-0.516792,-0.57828,3.43,25.55,-32.83,Noise,Right
1706529184700,-0.364536,-0.549,-0.552416,21.42,69.58,-5.95,Noise,Right
1706529184701,-0.323056,-0.794952,-0.588528,40.18,106.33,23.24,Noise,Right
1706529184740,-0.155672,-0.52948,-0.775432,46.76,112.35,37.87,Noise,Right
1706529184741,0.108336,-0.615856,-0.914024,47.39,110.6,42.84,Noise,Right
1706529184741,0.439688,-0.520696,-1.051152,43.89,66.92,25.27,Noise,Right
1706529184791,0.528016,-0.50996,-1.062376,31.78,4.97,2.8,Noise,Right
1706529184791,0.450912,-0.868152,-0.950624,18.55,-35.07,-8.61,Noise,Right
1706529184791,0.27328,-0.879864,-0.994544,-16.66,-57.75,-12.39,Noise,Right
1706529184917,0.240584,-0.740296,-0.946232,-13.65,-64.54,-7.42,Noise,Right
1706529184917,0.081496,-0.684176,-0.794464,-24.5,-87.29,-0.91,Noise,Right
1706529184917,-0.0122,-0.569984,-0.799344,-29.4,-91.98,2.94,Noise,Right
1706529184918,-0.100528,-0.47092,-0.833992,-30.03,-68.74,1.47,Noise,Right
1706529184918,-0.03416,-0.562664,-0.879864,-25.76,-27.86,1.54,Noise,Right
1706529184918,0.105896,-0.802272,-0.901336,-13.79,16.87,1.05,Noise,Right
1706529184918,0.208376,-0.819352,-0.87352,-0.84,81.55,-6.16,Noise,Right
1706529185877,0.196664,-1.0614,-0.894504,4.97,85.89,-0.91,Noise,Right
1706529185877,0.140544,-0.8052,-0.838384,0.28,72.52,12.67,Noise,Right
1706529185878,0.093696,-0.510936,-0.937936,3.5,46.48,13.23,Noise,Right
1706529185878,0.105408,0.046848,-0.832528,-1.89,40.53,21.14,Noise,Right
1706529185879,0.167872,0.257176,-0.847168,7.14,32.06,38.57,Noise,Right
1706529185879,0.187392,0.027328,-0.698328,4.55,8.05,32.27,Noise,Right
1706529185885,0.194224,-0.218136,-0.761768,2.59,-26.88,17.36,Noise,Right
1706529185886,0.248392,-0.135664,-0.855952,5.04,-39.27,4.69,Noise,Right
1706529185886,0.274256,-0.224968,-0.837408,3.71,-54.39,-10.71,Noise,Right
1706529185886,0.294264,-0.136152,-0.877912,-2.38,-78.4,-27.02,Noise,Right
1706529185887,0.337696,-0.135176,-0.941352,5.18,-71.19,-30.59,Noise,Right
1706529185887,0.328912,-0.101992,-0.882304,14.07,-35.56,-22.4,Noise,Right
1706529185888,0.0976,-0.05124,-0.876448,8.47,-4.13,-25.13,Noise,Right
1706529185890,0.020496,-0.347456,-0.864248,7.56,23.66,-27.51,Noise,Right
1706529185891,-0.089304,-0.543144,-0.63928,24.15,39.9,-29.75,Noise,Right
1706529185891,-0.351848,-1.269288,-0.671,39.48,50.61,-26.81,Noise,Right
1706529185897,-0.088816,-1.251232,-0.744688,44.94,70.98,-10.36,Noise,Right
1706529185897,0.2196,-1.505968,-0.874496,38.29,61.6,12.46,Noise,Right
1706529185897,0.32696,-1.2078,-1.0126,28.84,18.62,31.01,Noise,Right
1706529185897,0.398208,-0.776896,-1.030168,12.04,-6.37,27.79,Noise,Right
1706529185898,0.299632,-0.441152,-1.027728,-2.45,-36.4,25.13,Noise,Right
1706529185898,0.252296,-0.250344,-0.939888,-10.71,-57.26,15.89,Noise,Right
1706529185898,0.176656,-0.246928,-0.912072,-16.1,-64.75,9.73,Noise,Right
1706529185901,0.040992,-0.3294,-0.854,-18.97,-68.6,-6.3,Noise,Right
1706529185901,-0.041968,-0.641232,-0.741272,-22.12,-78.96,-22.47,Noise,Right
1706529185908,-0.033184,-0.941352,-0.635864,-10.15,-27.51,-31.92,Noise,Right
1706529185910,0.071736,-1.108736,-0.731024,-5.11,15.26,-15.12,Noise,Right
1706529185910,0.128344,-0.878888,-0.821792,2.52,89.32,-4.41,Noise,Right
1706529185910,0.171288,-0.728096,-0.976976,0.28,88.2,1.96,Noise,Right
1706529185911,0.195688,-0.491904,-0.94428,-8.26,73.22,9.24,Noise,Right
1706529185911,0.243512,-0.142496,-1.024312,-13.3,69.51,7.98,Noise,Right
1706529185912,0.307928,0.230336,-0.935984,-5.32,51.31,19.11,Noise,Right
1706529185913,0.127368,-0.112728,-0.726144,-7.77,13.58,10.64,Noise,Right
1706529185914,0.212768,-0.102968,-0.864736,-9.1,-12.32,-1.12,Noise,Right
1706529185922,0.250832,-0.1464,-0.8052,-0.77,-39.97,-16.66,Noise,Right
1706529185922,0.196664,-0.30012,-0.742248,1.82,-60.69,-22.75,Noise,Right
1706529185922,0.220088,-0.42212,-0.7442,8.61,-70.98,-19.11,Noise,Right
1706529185923,0.207888,-0.517768,-0.751032,15.75,-74.9,-9.8,Noise,Right
1706529185923,0.17324,-0.354776,-0.781288,21.42,-60.48,-3.99,Noise,Right
1706529185924,0.159576,-0.167384,-0.83692,13.51,-33.39,-5.18,Noise,Right
1706529185924,0.15616,-0.167384,-0.928176,14.0,-10.29,-4.34,Noise,Right
1706529185924,-0.009272,-0.523624,-0.923296,18.48,27.86,-8.4,Noise,Right
1706529185925,-0.067832,-0.427976,-0.696376,36.12,42.7,-5.11,Noise,Right
1706529185925,0.070272,-1.184864,-0.579256,34.09,55.23,-20.72,Noise,Right
1706529185925,0.025864,-1.316624,-0.851072,45.92,66.64,-8.26,Noise,Right
1706529185936,0.240584,-1.432768,-0.867664,29.05,55.58,9.31,Noise,Right
1706529185936,0.302072,-1.247328,-0.878888,18.69,20.93,20.86,Noise,Right
1706529185937,0.294752,-1.011136,-0.9272,2.8,-10.36,21.49,Noise,Right
1706529185937,0.230824,-0.654896,-1.049688,-14.84,-38.85,22.26,Noise,Right
1706529185937,0.20008,-0.528016,-0.96136,-17.5,-43.19,24.92,Noise,Right
1706529185937,0.103456,-0.201544,-0.9272,-17.22,-57.96,17.71,Noise,Right
1706529185937,0.0488,-0.2318,-0.88816,-25.06,-61.39,15.12,Noise,Right
1706529185939,0.021472,-0.546072,-0.808616,-31.57,-56.56,5.81,Noise,Right
1706529185939,0.063928,-0.842288,-0.779824,-28.21,-31.85,-0.07,Noise,Right
1706529185939,0.10004,-0.830576,-0.7198,-24.01,-6.51,4.62,Noise,Right
1706529185940,0.014152,-0.73932,-0.715408,-17.29,28.63,7.21,Noise,Right
1706529185940,0.025376,-0.638792,-0.760304,-10.22,76.93,16.52,Noise,Right
1706529185999,0.105408,-0.41236,-0.804712,1.05,98.98,18.97,Noise,Right
1706529185999,0.138592,-0.108824,-0.864736,1.54,97.79,32.97,Noise,Right
1706529186000,0.179096,0.032696,-0.865224,-2.31,85.89,35.91,Noise,Right
1706529186000,0.240096,0.063928,-0.80276,5.53,75.6,39.13,Noise,Right
1706529186001,0.27572,-0.1098,-0.742736,3.08,46.55,40.88,Noise,Right
1706529186001,0.323056,-0.11956,-0.808616,6.58,1.89,32.34,Noise,Right
1706529186001,0.337208,-0.224968,-0.817888,7.77,-31.5,36.82,Noise,Right
1706529186125,0.367952,-0.277184,-0.843264,14.77,-51.17,32.69,Noise,Right
1706529186126,0.284992,-0.343552,-0.837408,24.5,-84.07,14.42,Noise,Right
1706529186126,0.123464,-0.467016,-0.762256,2.1,-94.78,-2.8,Noise,Right
1706529186126,0.018056,-0.035624,-1.032608,-5.88,-69.65,19.18,Noise,Right
1706529186127,-0.05612,-0.404552,-0.815448,8.19,-28.56,17.43,Noise,Right
1706529186127,-0.182024,-0.528504,-0.754448,7.84,14.7,24.43,Noise,Right
1706529186128,-0.19032,-0.838384,-0.703696,42.91,59.99,23.1,Noise,Right
1706529186227,0.037088,-1.200968,-0.68076,36.47,89.6,46.41,Noise,Right
1706529186228,0.18544,-1.309792,-0.864736,40.32,51.94,43.61,Noise,Right
1706529186229,0.276696,-1.38836,-0.937936,40.11,28.7,34.86,Noise,Right
1706529186229,0.25132,-1.22488,-1.024312,7.84,-3.99,45.43,Noise,Right
1706529186229,0.235704,-0.913536,-1.037488,-11.13,-41.16,49.21,Noise,Right
1706529186230,0.151768,-0.651968,-0.953064,-23.66,-63.21,48.02,Noise,Right
1706529186230,0.032696,-0.482632,-0.84668,-32.06,-73.08,31.29,Noise,Right
1706529186276,-0.077592,-0.21716,-0.833504,-38.85,-85.61,4.13,Noise,Right
1706529186276,-0.095648,-0.082472,-0.808128,-40.81,-76.16,17.64,Noise,Right
1706529186326,-0.122976,-0.179096,-0.8662,-44.66,-46.62,28.28,Noise,Right
1706529186327,-0.075152,-0.53924,-0.854488,-41.72,34.65,32.41,Noise,Right
1706529186327,0.025376,-0.790072,-0.816912,-30.87,74.9,39.9,Noise,Right
1706529186397,0.085888,-0.944768,-0.867176,-19.74,98.98,36.68,Noise,Right
1706529186404,-0.005856,-0.81984,-0.879864,-22.96,60.69,29.61,Noise,Right
1706529186406,0.040504,-0.428464,-0.886208,-23.73,27.93,32.55,Noise,Right
1706529186421,0.169336,-0.519232,-0.703696,-36.12,-13.58,49.84,Noise,Right
1706529186421,0.050752,-0.157624,-0.93208,-35.63,-46.76,32.76,Noise,Right
1706529186422,0.181536,-0.307928,-0.730536,-25.13,-60.2,38.92,Noise,Right
1706529186470,0.097112,-0.3416,-0.793976,-13.3,-59.01,27.3,Noise,Right
1706529186470,0.222528,-0.315736,-0.831064,-10.99,-54.18,3.99,Noise,Right
1706529186470,0.288896,-0.250832,-0.803736,-11.2,-54.6,-20.72,Noise,Right
1706529186534,0.13908,-0.430904,-0.853512,-14.42,-45.15,-39.27,Noise,Right
1706529186534,0.035136,-0.633424,-0.998936,-12.25,7.28,-46.34,Noise,Right
1706529186535,-0.157136,-0.535336,-0.835456,-8.89,39.62,-47.88,Noise,Right
1706529186535,-0.160064,-0.459696,-0.868152,6.44,65.31,-35.91,Noise,Right
1706529186588,-0.111752,-0.365512,-0.880352,18.76,67.97,-17.64,Noise,Right
1706529186589,-0.057584,-0.341112,-0.865224,24.71,51.1,-3.92,Noise,Right
1706529186589,0.040992,-0.295728,-0.873032,22.33,18.76,-2.03,Noise,Right
1706529186637,0.09272,-0.340136,-0.830576,14.28,-17.78,-9.03,Noise,Right
1706529186637,0.152256,-0.320616,-0.847656,6.02,-45.22,-23.24,Noise,Right
1706529186638,0.155672,-0.301584,-0.92232,2.03,-57.54,-40.11,Noise,Right
1706529186685,0.127856,-0.315248,-0.978928,3.78,-74.62,-43.68,Noise,Right
1706529186686,0.035624,-0.288896,-1.016504,9.1,-72.52,-33.46,Noise,Right
1706529186805,-0.06588,-0.290848,-0.934032,13.65,-62.3,-25.62,Noise,Right
1706529186806,-0.220576,-0.406504,-0.792024,17.01,-34.65,-21.63,Noise,Right
1706529186806,-0.308904,-0.593408,-0.700768,17.85,8.26,-11.06,Noise,Right
1706529186806,-0.269376,-0.803248,-0.731024,17.99,50.12,-10.57,Noise,Right
1706529186806,-0.10004,-0.770552,-0.871568,22.05,103.32,0.14,Noise,Right
1706529186807,0.081008,-0.74908,-0.918416,19.88,107.59,9.94,Noise,Right
1706529186807,0.14396,-0.637816,-0.984296,17.78,84.49,18.27,Noise,Right
1706529186854,0.21716,-0.449936,-1.014064,12.6,61.25,21.14,Noise,Right
1706529186855,0.321104,-0.237656,-1.091656,4.27,15.26,14.28,Noise,Right
1706529186855,0.254736,0.003904,-0.887672,-8.68,-43.96,-6.79,Noise,Right
1706529186899,0.150792,-0.071248,-0.916952,-17.01,-65.66,-10.22,Noise,Right
1706529186899,-0.003904,-0.50508,-0.641232,-7.98,-75.88,-30.03,Noise,Right
1706529186899,-0.154208,-1.114592,-0.61732,-2.66,-71.26,-18.69,Noise,Right
1706529186964,-0.325496,-1.432768,-0.635864,0.49,-43.4,2.17,Noise,Right
1706529186975,-0.320616,-1.14924,-0.851072,10.22,-19.25,24.36,Noise,Right
1706529186976,-0.213744,-0.68808,-0.942328,23.59,12.32,34.51,Noise,Right
1706529186996,-0.040016,-0.2562,-0.929152,25.34,56.56,41.51,Noise,Right
1706529187000,0.203984,-0.232776,-0.921344,14.28,88.69,40.25,Noise,Right
1706529187038,0.260104,-0.367464,-0.975024,6.51,106.54,17.43,Noise,Right
1706529187038,0.369904,-0.340624,-0.95648,-8.96,74.55,-22.68,Noise,Right
1706529187038,0.425536,-0.254248,-1.045296,-19.11,32.69,-61.25,Noise,Right
1706529187088,0.34892,-0.552416,-0.972584,-18.62,-16.66,-67.62,Noise,Right
1706529187089,0.150304,-0.965752,-0.839848,-27.02,-49.91,-68.6,Noise,Right
1706529187089,-0.049288,-1.069696,-0.838872,-30.38,-66.64,-54.81,Noise,Right
1706529187218,-0.183,-0.823256,-0.83936,-26.18,-49.56,-31.57,Noise,Right
1706529187219,-0.172264,-0.517768,-0.82716,-24.64,-44.31,-8.82,Noise,Right
1706529187219,-0.140544,-0.241072,-0.792512,-13.93,-41.23,8.54,Noise,Right
1706529187220,-0.030256,-0.157624,-0.850096,-20.58,-24.08,10.36,Noise,Right
1706529187220,-0.0244,0.001952,-0.849608,-13.93,-2.73,7.28,Noise,Right
1706529187220,0.03416,0.01952,-0.738832,-8.61,19.18,4.97,Noise,Right
1706529187221,0.196664,-0.16592,-0.763232,-1.75,39.97,2.52,Noise,Right
1706529187271,0.291336,-0.178608,-0.826184,7.35,58.66,-8.12,Noise,Right
1706529187271,0.345992,-0.252784,-0.77348,22.89,66.85,-16.31,Noise,Right
1706529187272,0.338672,-0.550952,-0.715896,41.37,64.4,-24.08,Noise,Right
1706529187272,0.17568,-0.458232,-0.831064,46.2,36.12,-32.41,Noise,Right
1706529187316,0.093208,-0.316224,-0.801296,46.83,7.56,-29.26,Noise,Right
1706529187317,-0.06588,-0.288896,-0.850584,51.73,-24.71,-37.38,Noise,Right
1706529187362,-0.122488,-0.444568,-0.816912,47.32,-32.41,-32.62,Noise,Right
1706529187364,-0.121024,-0.671,-0.887672,42.21,-27.65,-3.57,Noise,Right
1706529187364,-0.108336,-0.996496,-0.77836,47.46,-10.78,13.16,Noise,Right
1706529187409,0.008296,-1.21268,-0.90524,36.05,-9.38,18.76,Noise,Right
1706529187410,0.260104,-0.835456,-1.128256,24.15,-1.54,27.58,Noise,Right
1706529187411,0.364048,-0.6832,-1.053104,8.05,-7.21,19.67,Noise,Right
1706529187455,0.349408,-0.489464,-1.11996,-9.59,-11.69,6.44,Noise,Right
1706529187456,0.271816,-0.500688,-1.10532,-29.61,-15.4,-3.78,Noise,Right
1706529187504,0.094672,-0.482144,-1.05408,-46.48,-17.01,-15.75,Noise,Right
1706529187505,-0.106384,-0.662216,-0.978928,-55.44,-12.04,-18.55,Noise,Right
1706529187506,-0.116144,-0.873032,-0.787632,-57.47,-6.37,-15.89,Noise,Right
1706529187558,-0.250344,-1.111176,-0.718824,-54.95,-9.8,-3.85,Noise,Right
1706529187558,-0.198616,-0.881328,-0.723704,-34.58,22.54,18.62,Noise,Right
1706529187561,-0.04636,-0.635376,-0.77836,-26.81,28.42,46.34,Noise,Right
1706529187602,0.014152,-0.337696,-0.843264,-15.05,18.69,61.46,Noise,Right
1706529187604,0.122,-0.099552,-0.762256,-14.7,13.23,66.15,Noise,Right
1706529187604,0.2562,0.059048,-0.755912,1.54,10.92,64.33,Noise,Right
1706529187729,0.224968,0.049776,-0.711992,-2.87,3.01,45.85,Noise,Right
1706529187730,0.183488,-0.083448,-0.731024,0.77,-3.29,34.72,Noise,Right
1706529187731,0.180072,-0.005856,-0.839848,8.19,1.26,20.16,Noise,Right
1706529187732,0.183976,-0.135176,-0.801296,20.93,11.13,21.42,Noise,Right
1706529187732,0.243512,-0.289384,-0.80032,29.54,27.44,22.19,Noise,Right
1706529187732,0.242048,-0.533872,-0.782264,36.4,28.0,9.66,Noise,Right
1706529187734,0.306464,-0.729072,-0.783728,44.38,27.3,-5.53,Noise,Right
1706529187866,0.363072,-0.809592,-0.957456,36.68,12.32,-8.96,Noise,Right
1706529187867,0.34404,-0.797392,-1.100928,31.57,-10.57,-26.81,Noise,Right
1706529187867,0.205936,-0.698816,-1.063352,17.01,-30.1,-46.76,Noise,Right
1706529187867,0.06832,-0.60512,-1.064816,2.8,-35.14,-52.08,Noise,Right
1706529187868,0.049776,-0.529968,-0.880352,-5.88,-28.56,-47.6,Noise,Right
1706529187868,0.016592,-0.473848,-0.935008,-12.39,-22.89,-41.44,Noise,Right
1706529187868,0.004392,-0.420168,-0.870104,-16.1,-15.26,-35.28,Noise,Right
1706529187868,0.008296,-0.373808,-0.86864,-16.66,-10.22,-28.56,Noise,Right
1706529187971,0.026352,-0.5368,-0.755912,-14.49,-5.67,-24.29,Noise,Right
1706529187971,0.029768,-0.764208,-0.670024,-9.38,2.52,-23.66,Noise,Right
1706529187971,0.033672,-0.732976,-0.71004,-2.03,6.09,-15.96,Noise,Right
1706529187971,0.008784,-0.68564,-0.681248,5.46,15.75,-5.6,Noise,Right
1706529187972,-0.084912,-0.644648,-0.792512,9.52,12.46,4.69,Noise,Right
1706529187972,-0.16592,-0.465064,-0.935496,12.95,18.2,14.35,Noise,Right
1706529188019,-0.172264,-0.32208,-0.98576,11.06,17.15,32.83,Noise,Right
1706529188020,-0.133712,-0.357704,-0.935008,5.53,7.0,47.25,Noise,Right
1706529188021,-0.005856,-0.27572,-0.930616,-3.5,-17.29,52.71,Noise,Right
1706529188022,0.108824,-0.362584,-0.951112,-12.81,-37.66,52.78,Noise,Right
1706529188069,0.181536,-0.542168,-0.899872,-18.06,-51.8,43.4,Noise,Right
1706529188069,0.226432,-0.68808,-0.898896,-19.81,-53.76,29.4,Noise,Right
1706529188070,0.265472,-0.928664,-0.759816,-17.29,-35.7,24.43,Noise,Right
1706529188117,0.200568,-0.921344,-0.799832,-8.61,-21.35,18.06,Noise,Right
1706529188117,0.091256,-0.547536,-0.928664,6.3,-7.7,16.8,Noise,Right
1706529188161,0.101992,-0.44164,-0.88572,7.56,17.22,26.18,Noise,Right
1706529188162,0.106384,-0.289872,-0.854488,14.14,28.0,11.55,Noise,Right
1706529188162,0.066368,-0.127368,-0.82716,15.89,52.71,-2.73,Noise,Right
1706529188212,0.149328,-0.287432,-0.817888,8.75,51.03,-26.88,Noise,Right
1706529188213,0.17324,-0.220576,-0.89304,10.08,36.61,-46.55,Noise,Right
1706529188213,0.252784,-0.308904,-0.838872,10.01,23.31,-40.04,Noise,Right
1706529188341,0.299632,-0.360144,-0.835456,10.43,-0.91,-40.81,Noise,Right
1706529188341,0.282552,-0.320616,-0.924272,17.29,-30.24,-37.94,Noise,Right
1706529188341,0.264008,-0.368928,-0.86864,18.13,-52.71,-33.32,Noise,Right
1706529188343,0.137616,-0.464576,-0.784704,17.57,-68.11,-30.17,Noise,Right
1706529188344,-0.010248,-0.447008,-0.809592,19.81,-70.42,-29.19,Noise,Right
1706529188344,-0.10248,-0.56364,-0.79544,24.85,-55.02,-26.25,Noise,Right
1706529188344,-0.113704,-0.391376,-0.87108,21.0,-41.23,-22.68,Noise,Right
1706529188459,-0.108336,-0.363072,-0.95404,13.37,-17.57,-22.47,Noise,Right
1706529188460,0.010248,-0.535824,-0.889624,20.16,-0.28,-26.46,Noise,Right
1706529188460,0.050264,-0.4026,-0.940376,18.97,27.65,-14.42,Noise,Right
1706529188460,0.221552,-0.756888,-0.855464,24.43,53.13,-26.67,Noise,Right
1706529188461,0.13908,-0.649528,-0.973072,31.29,62.3,-15.19,Noise,Right
1706529188461,0.074176,-0.859368,-0.88328,25.34,48.72,-12.95,Noise,Right
1706529188462,-0.142984,-0.921832,-0.837896,26.32,25.27,-8.54,Noise,Right
1706529188505,-0.157136,-1.106784,-0.746152,13.09,7.91,-2.94,Noise,Right
1706529188506,-0.089792,-0.98332,-0.797392,4.34,-7.42,12.95,Noise,Right
1706529188506,-0.03416,-1.052128,-0.787144,-18.55,-20.09,13.79,Noise,Right
1706529188555,0.067344,-0.820816,-0.969656,-24.57,-51.24,14.28,Noise,Right
1706529188555,0.198128,-0.37576,-1.035536,-26.67,-49.0,8.47,Noise,Right
1706529188556,0.31964,-0.25864,-1.0858,-22.05,-57.4,17.99,Noise,Right
1706529188598,0.233752,-0.34648,-1.016992,-36.96,-48.65,12.25,Noise,Right
1706529188599,0.020008,-0.468968,-0.915976,-42.35,-31.99,1.47,Noise,Right
1706529188599,-0.089304,-0.626104,-0.681736,-46.34,-13.93,-7.21,Noise,Right
1706529188651,-0.209352,-0.620736,-0.646112,-39.97,25.48,-5.32,Noise,Right
1706529188651,-0.2074,-0.86376,-0.592432,-28.0,40.39,-2.38,Noise,Right
1706529188767,-0.138104,-0.531432,-0.655384,4.48,65.1,9.73,Noise,Right
1706529188767,0.02684,-0.210816,-0.697352,17.71,66.57,22.68,Noise,Right
1706529188768,0.198128,-0.076128,-0.806176,30.66,64.47,49.7,Noise,Right
1706529188768,0.247904,-0.049776,-0.782264,34.51,54.32,52.85,Noise,Right
1706529188768,0.406504,-0.118584,-0.775432,32.69,20.16,42.0,Noise,Right
1706529188768,0.55632,-0.115168,-0.900848,26.88,-28.77,2.59,Noise,Right
1706529188768,0.497272,-0.199592,-0.884744,6.16,-76.65,-32.62,Noise,Right
1706529188819,0.326472,-0.077592,-0.981368,1.05,-82.18,-60.41,Noise,Right
1706529188819,0.213744,-0.486048,-0.917928,9.24,-81.83,-73.71,Noise,Right
1706529188820,0.069784,-0.601704,-0.815448,1.89,-81.55,-51.73,Noise,Right
1706529188820,-0.13176,-0.911096,-0.756888,9.17,-46.76,-41.02,Noise,Right
1706529188865,-0.291336,-0.839848,-0.732976,12.25,-11.48,-21.42,Noise,Right
1706529188866,-0.264496,-1.063352,-0.782264,24.57,35.77,-8.61,Noise,Right
1706529188912,-0.22936,-0.918416,-0.92232,23.03,66.36,8.33,Noise,Right
1706529188912,0.002928,-0.620736,-1.1102,17.15,90.86,19.46,Noise,Right
1706529188914,0.179584,-0.609512,-1.04432,7.14,97.02,16.31,Noise,Right
1706529188958,0.242048,-0.564616,-1.056032,-4.62,54.39,4.97,Noise,Right
1706529188958,0.252296,-0.602192,-1.008696,-17.08,14.84,1.4,Noise,Right
1706529188959,0.170312,-0.748104,-0.921344,-29.47,-22.47,-0.98,Noise,Right
1706529189006,0.050752,-0.645624,-0.8052,-34.65,-42.63,5.18,Noise,Right
1706529189007,-0.02928,-0.776408,-0.641232,-37.24,-47.81,13.16,Noise,Right
1706529189007,-0.103944,-0.662704,-0.695888,-27.37,-49.14,15.47,Noise,Right
1706529189052,-0.028304,-0.503616,-0.674904,-27.72,-27.72,28.56,Noise,Right
1706529189052,-0.028792,-0.313784,-0.687592,-9.94,-22.89,33.67,Noise,Right
1706529189102,0.128832,-0.22448,-0.735904,-3.15,-8.33,28.21,Noise,Right
1706529189103,0.230824,-0.09028,-0.831552,1.68,1.4,21.7,Noise,Right
1706529189103,0.311344,-0.122976,-0.874984,8.33,10.43,17.15,Noise,Right
1706529189161,0.309392,-0.291336,-0.847656,12.74,21.07,8.75,Noise,Right
1706529189161,0.233752,-0.346968,-0.917928,17.85,29.33,-1.12,Noise,Right
1706529189162,0.227408,-0.342576,-0.857904,21.21,40.46,-12.81,Noise,Right
1706529189204,0.161528,-0.367464,-0.733952,21.14,27.86,-24.57,Noise,Right
1706529189204,0.055632,-0.523624,-0.732488,24.92,14.91,-30.59,Noise,Right
1706529189204,0.040016,-0.549,-0.689056,23.1,0.0,-29.54,Noise,Right
1706529189270,0.01952,-0.547536,-0.777384,30.03,-3.22,-25.27,Noise,Right
1706529189277,0.039528,-0.545584,-0.777872,32.06,6.3,-16.52,Noise,Right
1706529189287,0.084912,-0.521184,-0.888648,39.27,16.66,-10.92,Noise,Right
1706529189296,0.180072,-0.468968,-0.922808,42.63,33.32,-3.15,Noise,Right
1706529189296,0.282552,-0.543144,-0.867176,39.48,34.86,-6.58,Noise,Right
1706529189296,0.307928,-0.535824,-0.930128,40.39,42.77,-14.28,Noise,Right
1706529189345,0.301096,-0.803248,-0.84912,33.25,28.42,-24.36,Noise,Right
1706529189346,0.282552,-0.883768,-0.834968,24.36,12.18,-30.73,Noise,Right
1706529189390,0.210328,-0.791048,-0.839848,18.55,-3.71,-39.9,Noise,Right
1706529189390,0.1586,-0.623664,-0.821792,16.52,-10.01,-36.33,Noise,Right
1706529189391,0.11712,-0.569008,-0.772504,19.74,-6.79,-31.29,Noise,Right
1706529189434,0.035624,-0.510936,-0.75396,29.26,7.63,-24.29,Noise,Right
1706529189434,0.049776,-0.474824,-0.71248,41.02,33.46,-18.27,Noise,Right
1706529189435,0.149816,-0.408456,-0.685152,49.56,45.08,-17.5,Noise,Right
1706529189485,0.31476,-0.516792,-0.627568,54.74,59.92,-17.71,Noise,Right
1706529189486,0.620248,-0.526552,-0.670512,58.66,61.67,-28.0,Noise,Right
1706529189486,0.6344,-0.745664,-0.651968,66.22,48.16,-56.7,Noise,Right
1706529189529,0.456768,-0.952576,-0.876936,68.04,3.08,-80.5,Noise,Right
1706529189529,-0.166896,-0.866688,-0.827648,65.24,9.45,-59.57,Noise,Right
1706529189575,-0.32696,-0.90768,-0.772016,69.65,76.23,-39.13,Noise,Right
1706529189576,-0.09516,-0.803248,-0.66612,68.46,142.38,-1.26,Noise,Right
1706529189577,0.296704,-0.470432,-0.601704,60.27,133.49,8.82,Noise,Right
1706529189624,0.564616,-0.567544,-0.56608,56.42,84.14,0.07,Noise,Right
1706529189624,0.674904,-0.667096,-0.211792,67.27,89.18,-16.73,Noise,Right
1706529189625,0.71492,-0.748104,0.006344,99.89,123.83,-36.26,Noise,Right
1706529189669,0.908656,-0.762256,-0.17324,139.44,170.94,-53.41,Noise,Right
1706529189670,0.777384,-0.625128,-0.488976,149.38,198.1,-64.19,Noise,Right
1706529189671,0.5734,-0.604632,-0.846192,138.67,181.37,-58.31,Noise,Right
1706529189719,0.418704,-0.8662,-0.731024,122.29,122.08,-53.97,Noise,Right
1706529189721,0.298168,-1.14436,-0.368928,91.21,112.42,-48.02,Noise,Right
1706529189774,0.456768,-0.924272,-0.40016,68.46,134.4,-22.12,Noise,Right
1706529189774,0.323544,-0.796904,-0.268888,53.97,150.15,-6.51,Noise,Right
1706529189774,0.438224,-0.703696,-0.222528,47.67,227.43,13.79,Noise,Right
1706529189836,0.622688,-0.6588,-0.040992,38.5,252.07,19.95,Noise,Right
1706529189844,1.014064,-0.788608,0.02684,35.28,193.48,9.31,Noise,Right
1706529189844,0.93452,-0.754936,0.038552,36.82,107.24,-4.06,Noise,Right
1706529189845,0.86376,-0.730536,0.020984,42.84,64.68,-12.32,Noise,Right
1706529189877,0.775432,-0.794464,-0.064416,43.12,-38.01,-25.27,Noise,Right
1706529189878,0.704184,-0.820328,-0.009272,48.37,-29.19,-18.76,Noise,Right
1706529189878,0.180072,-0.815936,0.006832,46.55,-12.32,3.08,Noise,Right
1706529190010,0.3416,-0.750544,-0.05612,66.43,45.99,27.23,Noise,Right
1706529190010,0.425048,-0.759816,0.685152,103.11,114.59,2.8,Noise,Right
1706529190010,0.887672,-0.754448,0.376736,38.71,122.71,32.48,Noise,Right
1706529190010,1.055544,-0.78812,0.27816,46.9,68.18,10.99,Noise,Right
1706529190011,0.838872,-0.743224,0.257664,62.16,3.43,-5.04,Noise,Right
1706529190011,0.764696,-0.735416,0.215696,62.86,-21.28,-22.05,Noise,Right
1706529190011,0.646112,-0.75884,0.136152,65.66,-6.44,-27.72,Noise,Right
1706529190066,0.504592,-0.692472,0.068808,66.92,40.32,-15.33,Noise,Right
1706529190066,0.374296,-0.800808,0.112728,64.89,86.94,7.98,Noise,Right
1706529190066,0.39528,-0.862296,0.071736,65.73,211.75,36.61,Noise,Right
1706529190066,0.3904,-0.991616,0.408456,75.18,252.21,50.89,Noise,Right
1706529190126,0.455792,-0.487024,0.98088,80.29,231.35,46.06,Noise,Right
1706529190127,0.855952,-0.811056,0.501176,52.22,185.78,34.51,Noise,Right
1706529190127,0.674416,-0.80764,0.488,100.03,99.89,27.44,Noise,Right
1706529190222,0.52948,-0.6832,0.831552,99.89,31.57,-7.63,Noise,Right
1706529190222,0.488976,-0.776896,0.5856,79.87,14.91,-2.8,Noise,Right
1706529190224,0.378688,-0.854,0.467504,78.61,23.8,5.81,Noise,Right
1706529190225,0.19276,-0.77104,0.479704,74.83,75.18,16.17,Noise,Right
1706529190225,0.272304,-0.787144,0.510448,67.9,144.34,31.36,Noise,Right
1706529190226,0.21472,-0.818376,0.726632,66.57,157.08,34.86,Noise,Right
1706529190325,0.609512,-0.899384,1.0126,79.38,128.87,59.85,Noise,Right
1706529190326,0.601704,-0.682224,0.983808,76.16,-26.74,19.32,Noise,Right
1706529190326,0.498248,-0.634888,0.827648,75.11,-40.18,11.48,Noise,Right
1706529190326,0.337208,-0.43188,0.610488,70.91,-44.1,8.05,Noise,Right
1706529190327,0.288408,-0.548024,0.543144,66.71,-45.64,3.22,Noise,Right
1706529190327,0.20252,-0.481168,0.58804,54.18,-36.54,6.86,Noise,Right
1706529190396,0.145424,-0.526064,0.482632,42.49,-17.99,11.41,Noise,Right
1706529190405,0.172264,-0.586576,0.682224,38.57,61.39,19.32,Noise,Right
1706529190414,0.220576,-0.758352,0.860832,31.01,143.01,30.1,Noise,Right
1706529190416,0.47092,-0.672464,1.098,32.48,155.26,33.81,Noise,Right
1706529190418,0.44408,-0.48556,1.004304,37.73,76.02,23.59,Noise,Right
1706529190471,0.50264,-0.423584,0.777384,59.01,-15.12,-1.33,Noise,Right
1706529190471,0.372344,-0.36112,0.417728,79.17,-25.76,-15.82,Noise,Right
1706529190471,0.187392,-0.323056,0.425536,63.0,-29.82,-8.82,Noise,Right
1706529190589,0.137128,-0.381128,0.488488,54.74,55.16,0.07,Noise,Right
1706529190591,0.053192,-0.496296,0.764696,60.69,157.78,6.3,Noise,Right
1706529190591,0.084912,-0.568032,1.025288,59.92,218.68,9.66,Noise,Right
1706529190592,-0.035136,-0.60268,1.181936,55.86,150.22,7.14,Noise,Right
1706529190592,0.149328,-0.541192,1.286856,58.03,56.49,11.48,Noise,Right
1706529190592,0.066368,-0.487024,1.062376,65.03,-33.74,14.0,Noise,Right
1706529190592,0.054656,-0.459208,0.704672,72.17,-7.28,18.62,Noise,Right
1706529190634,-0.170312,-0.371856,0.626592,69.16,76.58,25.62,Noise,Right
1706529190635,-0.135176,-0.293288,0.68808,62.51,174.58,44.31,Noise,Right
1706529190635,-0.26596,-0.179096,0.73932,52.22,241.85,58.87,Noise,Right
1706529190680,-0.56852,-0.406504,0.909632,41.16,278.67,82.88,Noise,Right
1706529190680,-0.552904,-0.450912,1.260504,22.12,263.83,114.52,Noise,Right
1706529190680,-0.244,-0.278648,0.99796,1.82,183.12,119.21,Noise,Right
1706529190726,0.051728,-0.677344,0.716384,-12.6,113.89,72.59,Noise,Right
1706529190727,-0.288408,-0.503616,0.656848,11.62,10.29,63.35,Noise,Right
1706529190727,-0.40748,-0.415288,0.73444,12.53,98.91,61.18,Noise,Right
1706529190775,-0.114192,-0.428464,0.85644,14.7,147.14,53.48,Noise,Right
1706529190775,-0.475312,-0.094184,0.972096,23.38,81.76,56.35,Noise,Right
1706529190820,-0.447008,-0.096136,0.990152,26.6,100.38,59.36,Noise,Right
1706529190820,-0.442128,0.043432,1.043344,33.32,151.27,62.51,Noise,Right
1706529190820,-0.535336,0.04148,1.0004,46.06,95.69,53.55,Noise,Right
1706529190866,-0.504592,-0.216672,1.153632,63.91,25.76,38.43,Noise,Right
1706529190867,-0.565104,-0.240096,0.955016,65.52,-73.5,25.76,Noise,Right
1706529190868,-0.568032,-0.333792,0.83692,63.07,-99.82,13.58,Noise,Right
1706529190912,-0.288408,-0.303536,0.924272,42.77,-107.87,9.73,Noise,Right
1706529190914,-0.61732,-0.435784,0.643672,11.48,-131.04,20.16,Noise,Right
1706529190915,-0.631472,-0.169824,0.549976,5.18,-72.03,18.06,Noise,Right
1706529190972,-0.53436,-0.122,0.548512,15.12,-25.2,24.5,Noise,Right
1706529190974,-0.462136,-0.157136,0.626592,23.8,12.25,34.3,Noise,Right
1706529191009,-0.377712,-0.32696,0.868152,54.88,24.08,20.02,Noise,Right
1706529191010,-0.266448,-0.258152,1.05896,54.04,-19.46,6.16,Noise,Right
1706529191010,-0.310368,-0.162992,1.088728,33.04,-48.3,11.13,Noise,Right
1706529191059,-0.289872,-0.326472,1.019432,27.51,-69.72,0.77,Noise,Right
1706529191060,-0.296216,-0.278648,0.852536,19.81,-82.32,-0.42,Noise,Right
1706529191060,-0.252784,-0.36356,0.7076,-0.84,-41.16,4.06,Noise,Right
1706529191144,-0.38796,-0.371856,0.695888,-24.85,-4.69,16.24,Noise,Right
1706529191145,-0.355264,-0.32696,0.659776,-63.0,78.89,30.17,Noise,Right
1706529191145,-0.715408,-0.218136,0.64172,-67.48,67.62,33.32,Noise,Right
1706529191146,-0.637328,-0.061,0.599264,-51.66,85.12,19.74,Noise,Right
1706529191147,-0.668072,-0.123952,1.005768,-13.51,79.66,14.07,Noise,Right
1706529191194,-0.455304,0.069296,1.182912,24.85,14.77,-4.34,Noise,Right
1706529191195,-0.29036,0.033672,1.279536,44.66,-34.72,-7.63,Noise,Right
1706529191195,-0.306464,0.115656,1.309792,31.36,-39.27,-2.8,Noise,Right
1706529191242,-0.330376,0.023912,1.177544,27.72,-60.69,-5.39,Noise,Right
1706529191244,-0.359656,-0.041968,0.99552,18.48,-65.31,-15.82,Noise,Right
1706529191244,-0.390888,-0.114192,0.72468,-0.7,-51.03,-24.92,Noise,Right
1706529191290,-0.437248,-0.106384,0.436272,-19.32,-12.18,-18.55,Noise,Right
1706529191290,-0.55388,-0.120536,0.357704,-39.27,45.5,-11.62,Noise,Right
1706529191291,-0.654896,0.026352,0.410408,-54.32,113.05,-0.14,Noise,Right
1706529191338,-0.749568,0.037088,0.608048,-49.63,158.83,10.22,Noise,Right
1706529191338,-0.691984,0.17568,0.996496,-21.14,139.72,17.78,Noise,Right
1706529191339,-0.61244,0.16592,1.245376,24.71,57.75,17.64,Noise,Right
1706529191387,-0.475312,-0.032208,1.255624,40.95,-15.54,14.56,Noise,Right
1706529191387,-0.4758,-0.101992,1.03456,35.14,-54.04,5.88,Noise,Right
1706529191524,-0.333792,-0.320616,0.9882,32.83,-61.25,8.54,Noise,Right
1706529191530,-0.454816,-0.52216,0.928176,25.62,-82.6,9.52,Noise,Right
1706529191539,-0.45384,-0.549976,0.79056,7.49,-93.03,5.67,Noise,Right
1706529191540,-0.51972,-0.467992,0.48312,-23.94,-48.79,11.76,Noise,Right
1706529191546,-0.648552,-0.345992,0.336232,-41.44,41.02,13.51,Noise,Right
1706529191546,-0.748104,-0.203496,0.537288,-42.98,107.59,27.65,Noise,Right
1706529191546,-0.718336,-0.139568,0.747128,-43.61,147.98,22.05,Noise,Right
1706529191551,-0.596336,-0.052216,1.141432,-32.55,127.33,11.55,Noise,Right
1706529191551,-0.35868,-0.033184,1.228296,-19.74,73.08,8.75,Noise,Right
1706529191553,-0.302072,-0.112728,1.022848,-9.45,26.6,6.72,Noise,Right
1706529191600,-0.227408,-0.244488,0.831064,2.1,11.55,-2.1,Noise,Right
1706529191601,-0.30744,-0.393816,0.740296,10.64,9.38,-11.27,Noise,Right
1706529191601,-0.43676,-0.330376,0.674416,14.84,-1.68,-19.88,Noise,Right
1706529191648,-0.56852,-0.304024,0.636352,23.8,-5.25,-32.34,Noise,Right
1706529191649,-0.8174,-0.141032,0.733464,25.62,0.42,-38.99,Noise,Right
1706529191649,-0.778848,-0.010248,0.943304,23.94,-11.9,-36.4,Noise,Right
1706529191698,-0.80032,0.070272,1.022848,20.37,-20.86,-26.6,Noise,Right
1706529191699,-0.715408,0.071248,0.990152,18.83,-53.06,-19.18,Noise,Right
1706529191699,-0.52704,0.117608,0.840336,19.81,-62.3,-10.71,Noise,Right
1706529191830,-0.412848,-0.023912,0.645624,14.98,-32.69,-21.49,Noise,Right
1706529191830,-0.366,0.071248,0.442616,-7.14,34.23,-15.47,Noise,Right
1706529191830,-0.60512,-0.007808,0.395768,-32.83,102.76,-12.67,Noise,Right
1706529191831,-0.826184,-0.098088,0.511424,-37.38,120.61,-6.65,Noise,Right
1706529191831,-0.9394,-0.266448,0.702232,-13.3,79.17,-12.53,Noise,Right
1706529191831,-0.93208,-0.189832,0.920368,7.49,12.46,-9.24,Noise,Right
1706529191831,-0.769088,-0.107848,1.064816,11.48,-59.01,12.74,Noise,Right
1706529191877,-0.800808,-0.25132,1.138992,16.52,-102.9,15.96,Noise,Right
1706529191878,-0.528016,-0.364536,1.131672,11.34,-123.9,10.71,Noise,Right
1706529191878,-0.338184,-0.413336,0.988688,18.13,-164.85,9.94,Noise,Right
1706529191924,-0.2928,-0.347944,0.549976,16.03,-129.85,8.47,Noise,Right
1706529191924,-0.223992,-0.310368,0.221552,2.8,-30.17,6.58,Noise,Right
1706529191925,-0.510448,-0.317688,0.133224,-20.86,111.02,16.45,Noise,Right
1706529191975,-0.722728,-0.249368,0.232776,-33.04,218.26,13.79,Noise,Right
1706529191976,-0.855464,-0.281088,0.360144,-28.21,287.0,23.17,Noise,Right
1706529191978,-1.04188,-0.460184,0.964288,4.13,232.05,0.21,Noise,Right
1706529192072,-0.818864,-0.174704,1.342976,7.21,90.51,-13.16,Noise,Right
1706529192072,-0.642696,-0.143472,1.324432,7.07,-8.4,-5.95,Noise,Right
1706529192072,-0.684664,-0.159576,1.265384,15.75,-83.51,-13.86,Noise,Right
1706529192073,-0.44896,-0.123464,0.96136,13.79,-125.16,-28.28,Noise,Right
1706529192073,-0.326472,-0.240584,0.692472,17.71,-142.31,-27.86,Noise,Right
1706529192073,-0.507032,-0.245464,0.450424,7.28,-123.83,-41.51,Noise,Right
1706529192125,-0.574376,-0.305488,0.286944,-13.86,-87.08,-41.16,Noise,Right
1706529192128,-0.68808,-0.36844,0.366488,-46.83,-12.67,-17.99,Noise,Right
1706529192131,-0.796416,-0.144936,0.410408,-73.57,64.19,-35.91,Noise,Right
1706529192174,-0.800808,-0.004392,0.460184,-47.11,95.76,-33.46,Noise,Right
1706529192175,-0.987712,0.0488,0.632448,-20.65,134.82,-11.76,Noise,Right
1706529192175,-1.011136,0.064904,1.073112,17.92,91.35,0.14,Noise,Right
1706529192224,-0.95648,0.172752,1.391776,44.94,-5.74,9.17,Noise,Right
1706529192225,-0.799344,0.228872,1.201944,58.1,-101.29,16.73,Noise,Right
1706529192225,-0.68564,0.145912,0.94672,59.29,-122.29,17.01,Noise,Right
1706529192366,-0.48556,0.1952,0.875472,50.82,-128.59,25.27,Noise,Right
1706529192367,-0.43432,-0.1098,0.77592,24.01,-99.68,20.79,Noise,Right
1706529192367,-0.555344,-0.351848,0.308416,-9.17,-26.39,22.75,Noise,Right
1706529192368,-0.579744,-0.402112,0.293288,-32.48,38.57,33.67,Noise,Right
1706529192369,-0.721752,-0.359168,0.363072,-55.09,89.6,36.19,Noise,Right
1706529192369,-0.845216,-0.345992,0.406992,-50.61,115.08,36.33,Noise,Right
1706529192370,-0.975512,-0.33916,0.612928,-26.18,100.94,26.95,Noise,Right
1706529192478,-0.835944,-0.348432,0.769088,13.86,66.01,-11.83,Noise,Right
1706529192479,-0.369416,-0.162992,1.17608,-10.29,45.15,4.83,Noise,Right
1706529192479,-0.388448,-0.08052,1.269776,-5.32,-35.91,31.43,Noise,Right
1706529192480,-0.3416,-0.1586,1.120936,11.06,-88.06,17.43,Noise,Right
1706529192480,-0.349896,-0.255224,0.881816,26.25,-87.85,-0.28,Noise,Right
1706529192480,-0.355264,-0.344528,0.743224,31.01,-63.07,-15.96,Noise,Right
1706529192480,-0.489464,-0.465552,0.59048,26.81,-61.88,-12.39,Noise,Right
1706529192538,-0.774944,-0.557296,0.364536,4.13,-43.68,-6.44,Noise,Right
1706529192538,-0.900848,-0.581696,0.267424,-6.44,2.66,-13.79,Noise,Right
1706529192538,-0.830576,-0.415288,0.388936,-11.9,53.34,-29.82,Noise,Right
1706529192668,-0.530944,-0.32208,0.65392,-21.42,82.81,-9.73,Noise,Right
1706529192670,-0.456768,-0.294752,0.816424,-26.67,101.29,-3.29,Noise,Right
1706529192674,-0.353312,-0.049288,0.806664,-32.97,115.36,-17.99,Noise,Right
1706529192685,-0.41724,-0.208864,0.970632,-16.31,104.79,-27.65,Noise,Right
1706529192685,-0.744688,0.124928,1.064816,-5.88,70.91,-42.07,Noise,Right
1706529192686,-0.939888,0.120536,1.105808,13.86,13.23,-45.92,Noise,Right
1706529192686,-1.072624,0.178608,1.083848,37.31,-61.04,-29.47,Noise,Right
1706529192707,-1.112152,0.02196,0.835456,41.23,-113.82,-22.61,Noise,Right
1706529192707,-0.985272,-0.146888,0.651968,30.31,-125.79,-8.68,Noise,Right
1706529192709,-0.79056,-0.199104,0.592432,20.3,-132.37,11.13,Noise,Right
1706529192750,-0.574864,-0.18544,0.442128,11.06,-121.52,24.01,Noise,Right
1706529192751,-0.49044,-0.181536,0.350384,0.77,-67.62,26.32,Noise,Right
1706529192751,-0.526552,-0.07808,0.380152,-9.24,12.04,33.95,Noise,Right
1706529192796,-0.69296,-0.079056,0.541192,-19.46,79.59,33.95,Noise,Right
1706529192797,-0.840336,-0.057584,0.683688,-17.08,120.05,29.12,Noise,Right
1706529192797,-0.789584,-0.179584,1.015528,0.56,77.49,23.66,Noise,Right
1706529192843,-0.68564,-0.215696,1.094096,15.89,10.08,12.67,Noise,Right
1706529192844,-0.608048,-0.362584,1.013088,23.59,-50.19,11.55,Noise,Right
1706529192844,-0.478728,-0.486536,0.876936,21.49,-75.6,9.38,Noise,Right
1706529192891,-0.352824,-0.520696,0.787632,17.85,-84.0,3.99,Noise,Right
1706529192891,-0.318176,-0.611464,0.621224,17.57,-83.93,-2.73,Noise,Right
1706529192944,-0.354288,-0.496296,0.398696,7.56,-57.82,-11.13,Noise,Right
1706529192945,-0.520696,-0.365512,0.255712,-12.67,20.79,-17.29,Noise,Right
1706529192946,-0.766648,-0.210816,0.25376,-31.64,118.02,-21.28,Noise,Right
1706529193065,-0.837408,-0.131272,0.519232,-34.58,179.41,-21.98,Noise,Right
1706529193065,-0.816424,-0.128344,1.053104,-36.47,184.66,-27.37,Noise,Right
1706529193066,-0.899872,0.06344,1.216584,-34.02,96.25,-16.24,Noise,Right
1706529193066,-0.603168,-0.028792,1.172664,-2.03,17.36,-21.98,Noise,Right
1706529193066,-0.589504,-0.142496,0.991616,23.1,-28.07,-22.68,Noise,Right
1706529193066,-0.578768,-0.182024,0.81008,35.63,-47.25,-33.46,Noise,Right
1706529193067,-0.645624,-0.228384,0.594872,37.94,-50.89,-39.48,Noise,Right
1706529193111,-0.74664,-0.254736,0.472384,27.23,-51.24,-39.41,Noise,Right
1706529193112,-0.842776,-0.259128,0.434808,6.79,-46.69,-31.57,Noise,Right
1706529193112,-0.852048,-0.147376,0.459208,-20.16,-24.08,-21.49,Noise,Right
1706529193159,-0.868152,-0.020984,0.516792,-33.46,5.25,-7.98,Noise,Right
1706529193159,-0.815936,-0.06344,0.637816,-33.11,24.64,-1.05,Noise,Right
1706529193160,-0.801296,-0.003416,0.589992,-31.5,49.56,8.54,Noise,Right
1706529193203,-0.82228,-0.038064,0.61,-29.12,82.95,22.89,Noise,Right
1706529193204,-0.88572,-0.026352,0.873032,-7.07,51.52,30.45,Noise,Right
1706529193204,-0.813496,-0.045872,1.065304,28.91,-48.3,23.38,Noise,Right
1706529193265,-0.890112,0.065392,0.913536,33.39,-86.1,29.26,Noise,Right
1706529193277,-0.755424,-0.10004,0.843264,29.26,-97.93,22.26,Noise,Right
1706529193297,-0.669536,-0.135176,0.712968,15.82,-76.86,13.51,Noise,Right
1706529193297,-0.55632,-0.366976,0.554856,12.04,-75.11,28.14,Noise,Right
1706529193297,-0.432368,-0.557784,0.391376,-5.18,-38.57,26.6,Noise,Right
1706529193347,-0.486536,-0.5612,0.240096,-32.48,26.18,30.45,Noise,Right
1706529193347,-0.535336,-0.686128,0.223504,-37.87,88.55,13.58,Noise,Right
1706529193349,-0.574864,-0.4758,0.365024,-37.87,116.34,16.03,Noise,Right
1706529193474,-0.897432,-0.34648,0.439688,-7.77,118.79,17.78,Noise,Right
1706529193474,-1.167296,-0.391376,0.970144,27.79,82.11,-11.34,Noise,Right
1706529193474,-0.763232,0.067344,1.426424,-6.3,33.11,-27.02,Noise,Right
1706529193474,-0.752984,0.20984,1.42496,12.81,-80.22,-6.93,Noise,Right
1706529193475,-0.664168,-0.00488,1.094096,33.88,-127.33,2.87,Noise,Right
1706529193475,-0.503616,-0.276208,0.81008,50.26,-137.13,-0.35,Noise,Right
1706529193475,-0.455792,-0.3782,0.580232,47.39,-124.95,-6.93,Noise,Right
1706529193530,-0.491904,-0.603656,0.288408,28.91,-101.78,-7.98,Noise,Right
1706529193531,-0.414312,-0.8052,0.056608,2.94,-41.93,-15.12,Noise,Right
1706529193532,-0.441152,-0.640744,0.175192,-30.73,30.1,-23.03,Noise,Right
1706529193532,-0.374784,-0.360632,0.457744,-39.9,77.84,-31.92,Noise,Right
1706529193576,-0.671,-0.062952,0.630496,-50.82,129.85,-29.12,Noise,Right
1706529193577,-0.847168,0.145424,0.911096,-37.66,135.17,-14.63,Noise,Right
1706529193578,-1.118984,0.160552,1.357128,1.89,66.43,1.82,Noise,Right
1706529193623,-1.25904,0.120048,1.404464,19.18,-21.35,-30.94,Noise,Right
1706529193624,-1.040416,0.284016,1.038464,26.88,-74.13,-55.44,Noise,Right
1706529193668,0.196664,-0.079544,0.900848,33.32,-72.94,-50.05,Noise,Right
1706529193669,-0.493368,-0.183488,0.610976,32.9,-87.36,-6.72,Noise,Right
1706529193670,-0.451888,-0.33916,0.418704,26.18,-91.49,-4.69,Noise,Right
1706529193719,-0.43188,-0.172264,0.242536,-7.56,-73.71,8.75,Noise,Right
1706529193720,-0.8906,-0.23912,0.116144,-36.96,10.99,8.19,Noise,Right
1706529193721,-0.75396,-0.298168,0.260104,-40.6,72.87,18.34,Noise,Right
1706529193764,-0.902312,-0.118096,0.475312,-43.19,106.96,45.85,Noise,Right
1706529193765,-1.06872,-0.162016,0.89548,1.89,61.18,38.85,Noise,Right
1706529193765,-0.872056,-0.062952,1.127768,26.32,-5.95,25.34,Noise,Right
1706529193844,-0.640744,-0.089792,1.100928,31.85,-52.08,20.79,Noise,Right
1706529193855,-0.437736,-0.22692,1.020408,25.06,-62.44,19.53,Noise,Right
1706529193862,-0.338184,-0.365024,1.000888,15.47,-68.25,16.59,Noise,Right
1706529193871,-0.333792,-0.486048,0.891576,5.53,-84.77,10.85,Noise,Right
1706529193872,-0.328424,-0.590968,0.559248,-14.7,-82.67,3.43,Noise,Right
1706529193901,-0.46116,-0.554368,0.279624,-25.83,-54.46,1.75,Noise,Right
1706529193902,-0.55876,-0.552416,0.140056,-37.31,10.99,-0.91,Noise,Right
1706529193902,-0.784216,-0.455304,0.21228,-44.94,89.95,-5.39,Noise,Right
1706529193951,-0.880352,-0.284016,0.458232,-43.26,150.43,-10.64,Noise,Right
1706529193952,-0.85888,-0.24644,0.882304,-23.31,134.75,-13.44,Noise,Right
1706529193952,-0.733952,-0.121512,1.18096,11.13,75.04,-26.6,Noise,Right
1706529193995,-0.64172,-0.04636,1.143384,23.52,32.13,-11.97,Noise,Right
1706529193996,-0.559736,-0.025376,1.177056,32.06,-32.48,-14.63,Noise,Right
1706529194052,-0.460672,-0.091744,1.037,30.94,-64.82,-20.93,Noise,Right
1706529194052,-0.478728,-0.242048,0.718336,35.84,-84.42,-35.56,Noise,Right
1706529194052,-0.575352,-0.367952,0.460184,27.16,-77.21,-40.67,Noise,Right
1706529194170,-0.706136,-0.443104,0.34404,13.23,-64.19,-42.35,Noise,Right
1706529194170,-0.769088,-0.376248,0.373808,-3.57,-45.85,-36.61,Noise,Right
1706529194171,-0.772504,-0.281088,0.484096,-18.9,-8.19,-31.36,Noise,Right
1706529194171,-0.791536,-0.086864,0.658312,-31.71,31.5,-14.98,Noise,Right
1706529194171,-0.768112,-0.071248,0.781288,-30.31,69.44,-8.12,Noise,Right
1706529194171,-0.860344,-0.021472,0.816424,-22.19,83.51,10.64,Noise,Right
1706529194172,-0.951112,-0.101992,0.990152,-6.37,50.96,21.56,Noise,Right
1706529194221,-0.713944,-0.044408,1.084824,9.73,-32.97,28.63,Noise,Right
1706529194221,-0.654896,0.032208,0.916952,21.98,-104.37,27.3,Noise,Right
1706529194221,-0.632936,-0.035624,0.731512,25.97,-112.77,30.45,Noise,Right
1706529194319,-0.617808,-0.194712,0.620736,25.06,-95.2,22.05,Noise,Right
1706529194319,-0.576328,-0.277672,0.578768,14.91,-62.65,12.53,Noise,Right
1706529194319,-0.60512,-0.088328,0.528992,-1.68,-26.46,30.03,Noise,Right
1706529194320,-0.725168,-0.232288,0.455792,-9.8,21.77,34.93,Noise,Right
1706529194321,-0.75396,-0.244976,0.47824,-29.54,83.79,44.87,Noise,Right
1706529194322,-0.9028,-0.242536,0.496784,-21.77,123.9,25.27,Noise,Right
1706529194374,-0.777384,-0.25132,0.81008,-15.54,129.71,26.11,Noise,Right
1706529194374,-0.662216,-0.305,0.996008,-15.12,80.71,7.0,Noise,Right
1706529194375,-0.410896,-0.165432,0.92964,-11.13,16.45,9.87,Noise,Right
1706529194424,-0.354776,-0.427488,0.877912,2.45,-18.41,-2.52,Noise,Right
1706529194424,-0.274744,-0.3782,0.854488,3.22,-39.55,-4.83,Noise,Right
1706529194424,-0.374296,-0.525576,0.739808,3.57,-62.79,-12.53,Noise,Right
1706529194468,-0.501664,-0.449936,0.543632,-1.82,-64.33,-17.22,Noise,Right
1706529194468,-0.76616,-0.384544,0.455792,2.59,-61.18,-9.66,Noise,Right
1706529194469,-1.018944,-0.371856,0.406992,9.31,-35.35,-4.27,Noise,Right
1706529194596,-0.976,-0.343552,0.594872,16.87,9.1,3.08,Noise,Right
1706529194596,-0.924272,-0.4636,0.894504,36.75,6.65,-1.19,Noise,Right
1706529194596,-0.857416,-0.425536,1.078968,33.67,-13.65,-25.62,Noise,Right
1706529194597,-0.39528,-0.047336,1.020408,14.0,-41.79,-19.46,Noise,Right
1706529194597,-0.467992,0.028304,0.883768,-5.67,-53.9,-3.92,Noise,Right
1706529194597,-0.196664,-0.142984,0.6954,0.07,-35.28,-13.72,Noise,Right
1706529194597,-0.462624,-0.064416,0.601216,-17.43,28.98,-32.55,Noise,Right
1706529194653,-0.438712,-0.140056,0.599264,-17.85,68.46,-53.55,Noise,Right
1706529194653,-0.735904,-0.084424,0.5612,-25.13,92.82,-65.24,Noise,Right
1706529194654,-0.965264,0.027328,0.491416,-19.46,96.74,-46.41,Noise,Right
1706529194654,-1.092632,-0.088328,0.663192,1.68,70.35,-25.34,Noise,Right
1706529194701,-1.05164,-0.027816,0.854,23.31,14.91,-9.03,Noise,Right
1706529194701,-0.788608,-0.098088,1.005768,34.44,-43.47,-0.7,Noise,Right
1706529194703,-0.772016,0.01952,0.943792,15.19,-96.39,25.9,Noise,Right
1706529194749,-0.73444,-0.112728,0.837408,16.94,-107.73,25.9,Noise,Right
1706529194750,-0.62952,-0.024888,0.625128,13.02,-84.28,39.69,Noise,Right
1706529194750,-0.716384,-0.055632,0.486048,5.67,-29.33,49.56,Noise,Right
1706529194800,-0.735416,-0.295728,0.530944,-5.18,27.44,45.22,Noise,Right
1706529194801,-0.672952,-0.413336,0.534848,5.67,33.32,45.08,Noise,Right
1706529194918,-0.670512,-0.375272,0.565592,-5.67,48.51,51.59,Noise,Right
1706529194918,-0.674904,-0.541192,0.695888,9.73,19.46,42.42,Noise,Right
1706529194919,-0.53436,-0.54656,0.78812,12.6,-13.23,37.1,Noise,Right
1706529194919,-0.425048,-0.482144,0.867176,9.94,-47.95,29.4,Noise,Right
1706529194919,-0.342088,-0.49288,0.850584,10.29,-64.68,17.01,Noise,Right
1706529194920,-0.277184,-0.443592,0.84912,12.81,-70.7,-9.73,Noise,Right
1706529194920,-0.111264,-0.316712,0.765184,17.92,-57.68,-29.33,Noise,Right
1706529194974,-0.405528,-0.2074,0.575352,27.02,-32.9,-39.69,Noise,Right
1706529194976,-0.549,-0.1586,0.510448,30.94,26.18,-56.77,Noise,Right
1706529194981,-0.552904,-0.208864,0.558272,19.18,77.91,-55.51,Noise,Right
1706529195088,-0.791048,-0.257664,0.632936,17.5,97.86,-42.42,Noise,Right
1706529195088,-0.86864,-0.35136,0.848144,18.34,75.18,-54.88,Noise,Right
1706529195089,-0.843752,-0.095648,0.950624,9.94,27.09,-54.18,Noise,Right
1706529195089,-0.655384,0.099064,1.007232,13.02,-25.2,-39.41,Noise,Right
1706529195089,-0.630008,0.000976,0.979904,14.35,-56.21,-37.17,Noise,Right
1706529195090,-0.66612,-0.035624,0.861808,15.47,-62.09,-43.89,Noise,Right
1706529195090,-0.664656,0.000488,0.7686,7.21,-48.58,-43.12,Noise,Right
1706529195137,-0.715896,-0.036112,0.72712,1.4,-48.3,-38.01,Noise,Right
1706529195137,-0.813496,-0.094672,0.653432,-0.63,-55.3,-28.14,Noise,Right
1706529195138,-0.867664,-0.1098,0.627568,-11.41,-48.58,-12.81,Noise,Right
1706529195184,-0.825208,-0.091256,0.539728,-11.13,-29.82,7.91,Noise,Right
1706529195184,-0.849608,0.037088,0.586576,1.05,-3.78,43.19,Noise,Right
1706529195184,-0.95404,-0.045384,0.632936,19.11,26.11,57.89,Noise,Right
1706529195232,-0.670512,-0.19276,0.899872,40.25,16.31,54.95,Noise,Right
1706529195233,-0.538752,-0.037088,1.04676,46.27,-26.25,52.01,Noise,Right
1706529195233,-0.47824,-0.157136,0.970632,53.62,-71.19,37.66,Noise,Right
1706529195347,-0.44164,-0.245952,0.896456,38.5,-72.87,4.27,Noise,Right
1706529195348,-0.276696,-0.315736,0.833992,22.47,-49.49,9.8,Noise,Right
1706529195348,-0.268888,-0.455304,0.723704,3.5,-18.27,-1.4,Noise,Right
1706529195349,-0.28304,-0.4758,0.477264,-22.12,24.22,-8.47,Noise,Right
1706529195350,-0.456768,-0.447496,0.47336,-38.78,64.12,-3.57,Noise,Right
1706529195351,-0.728096,-0.329888,0.502152,-53.83,93.52,-4.13,Noise,Right
1706529195351,-0.933544,-0.177144,0.569496,-53.06,116.55,-0.42,Noise,Right
1706529195391,-0.931592,-0.074176,0.689544,-43.12,146.09,7.63,Noise,Right
1706529195392,-0.81252,-0.128832,0.945744,-26.6,125.51,14.63,Noise,Right
1706529195459,-0.56608,-0.245464,1.01748,-4.06,103.88,14.0,Noise,Right
1706529195459,-0.296704,-0.229848,1.021872,21.07,9.73,1.61,Noise,Right
1706529195459,-0.363072,-0.244976,1.021872,25.34,-19.88,-10.22,Noise,Right
1706529195460,-0.379664,-0.342576,0.881816,30.1,-52.99,-21.84,Noise,Right
1706529195558,-0.464576,-0.388936,0.68808,28.56,-58.94,-37.73,Noise,Right
1706529195560,-0.614392,-0.19276,0.577304,24.5,-56.0,-51.24,Noise,Right
1706529195565,-0.858392,-0.215696,0.47092,8.33,-33.11,-54.95,Noise,Right
1706529195565,-0.9028,-0.15372,0.538752,-0.77,6.51,-48.02,Noise,Right
1706529195566,-0.909144,-0.093208,0.662704,-7.84,34.16,-41.3,Noise,Right
1706529195566,-0.760304,-0.004392,0.701744,-22.47,55.02,-37.73,Noise,Right
1706529195651,-0.699304,0.074176,0.618296,-34.23,78.75,-15.82,Noise,Right
1706529195651,-0.6588,0.05368,0.502152,-38.71,113.61,-3.57,Noise,Right
1706529195652,-0.769088,-0.109312,0.719312,-37.24,123.34,2.73,Noise,Right
1706529195652,-0.794952,-0.091744,0.818864,-11.55,38.36,-1.54,Noise,Right
1706529195652,-0.833504,-0.025864,0.934032,13.65,-63.0,-5.46,Noise,Right
1706529195653,-0.86132,0.037576,0.879864,27.09,-148.19,4.13,Noise,Right
1706529195705,-0.984296,-0.10004,0.671,41.72,-175.35,21.7,Noise,Right
1706529195705,-0.879864,-0.12688,0.586088,35.91,-128.03,32.9,Noise,Right
1706529195705,-0.727608,-0.305976,0.76372,33.11,-70.98,29.05,Noise,Right
1706529195752,-0.58072,-0.427,0.799832,17.85,-72.52,29.61,Noise,Right
1706529195752,-0.455304,-0.382592,0.685152,9.45,-89.6,29.61,Noise,Right
1706529195752,-0.491416,-0.37088,0.5246,-7.7,-63.7,20.23,Noise,Right
1706529195798,-0.515816,-0.243024,0.440176,-19.32,13.23,20.44,Noise,Right
1706529195798,-0.627568,-0.172752,0.492392,-29.33,90.58,22.26,Noise,Right
1706529195845,-0.745664,-0.127856,0.620736,-29.47,139.51,23.66,Noise,Right
1706529195845,-0.777872,-0.313296,0.998448,-8.75,100.73,9.45,Noise,Right
1706529195846,-0.533872,-0.26596,1.094584,-10.85,39.9,-3.71,Noise,Right
1706529195896,-0.502152,-0.29768,0.894992,-11.13,-17.71,-6.51,Noise,Right
1706529195896,-0.418704,-0.369416,0.80764,-2.73,-47.04,-8.26,Noise,Right
1706529195896,-0.396256,-0.428952,0.739808,-0.63,-52.85,-17.57,Noise,Right
1706529196023,-0.37088,-0.41968,0.650504,1.19,-41.3,-29.26,Noise,Right
1706529196024,-0.476776,-0.439688,0.486048,1.54,-2.31,-31.01,Noise,Right
1706529196024,-0.499224,-0.462136,0.366488,6.51,22.61,-52.57,Noise,Right
1706529196026,-0.630496,-0.327936,0.521184,10.85,62.72,-70.77,Noise,Right
1706529196027,-0.722728,-0.054168,0.730536,-8.47,87.15,-68.11,Noise,Right
1706529196028,-0.793,-0.056608,0.94916,-20.23,75.88,-67.27,Noise,Right
1706529196029,-0.688568,-0.07808,1.07116,-24.29,39.69,-70.91,Noise,Right
1706529196076,-0.623176,-0.053192,0.942816,-16.8,-13.65,-75.18,Noise,Right
1706529196076,-0.495808,-0.171776,0.65148,-13.3,-7.21,-76.86,Noise,Right
1706529196077,-0.479704,-0.217648,0.404552,-25.34,35.84,-83.23,Noise,Right
1706529196077,-0.561688,-0.276696,0.312808,-37.03,80.01,-87.5,Noise,Right
1706529196126,-0.689056,-0.313784,0.276208,-37.8,105.21,-79.94,Noise,Right
1706529196131,-0.945744,-0.48556,0.447008,-19.74,103.53,-67.83,Noise,Right
1706529196171,-1.102392,-0.493856,0.755424,2.45,61.32,-66.57,Noise,Right
1706529196172,-1.030656,-0.336232,0.959896,19.46,-22.75,-53.83,Noise,Right
1706529196172,-1.0126,-0.26108,0.950136,27.23,-73.43,-36.61,Noise,Right
1706529196219,-0.790072,-0.3416,0.826672,24.57,-84.84,-25.41,Noise,Right
1706529196220,-0.698328,-0.428952,0.757864,25.13,-86.94,-23.24,Noise,Right
1706529196220,-0.558272,-0.530456,0.657824,20.09,-88.41,-26.11,Noise,Right
1706529196267,-0.498736,-0.604144,0.442128,14.84,-84.21,-26.46,Noise,Right
1706529196267,-0.49532,-0.636352,0.130296,-3.5,-14.84,-24.85,Noise,Right
1706529196267,-0.572424,-0.7198,0.135176,-33.81,98.21,-23.03,Noise,Right
1706529196327,-0.69296,-0.640256,0.279136,-55.37,175.28,-14.84,Noise,Right
1706529196327,-0.794952,-0.662704,0.612928,-26.6,150.15,-30.8,Noise,Right
1706529196328,-0.796904,-0.378688,0.933056,-1.82,76.23,-30.73,Noise,Right
1706529196452,-0.723704,-0.199104,1.062864,7.07,13.16,-26.25,Noise,Right
1706529196454,-0.66856,-0.136152,0.981856,14.0,-31.01,-14.91,Noise,Right
1706529196454,-0.597312,-0.210816,0.820816,29.54,-45.36,-8.4,Noise,Right
1706529196455,-0.570472,-0.496784,0.710528,32.06,-45.71,-13.79,Noise,Right
1706529196456,-0.491416,-0.671488,0.56364,25.48,-46.69,-18.9,Noise,Right
1706529196456,-0.504104,-0.711504,0.388936,20.3,-41.65,-25.76,Noise,Right
1706529196456,-0.564128,-0.750056,0.26108,8.33,-12.67,-33.32,Noise,Right
1706529196568,-0.640256,-0.623176,0.216184,3.08,37.03,-39.2,Noise,Right
1706529196568,-0.628056,-0.594872,0.403576,8.4,82.04,-27.37,Noise,Right
1706529196569,-0.88328,-0.533872,0.650992,17.43,92.19,-16.59,Noise,Right
1706529196569,-0.92964,-0.410408,0.989664,27.93,27.65,-21.63,Noise,Right
1706529196569,-0.805688,-0.131272,0.988688,42.21,-39.34,-9.59,Noise,Right
1706529196570,-0.625128,-0.209352,0.925248,41.02,-63.35,3.43,Noise,Right
1706529196570,-0.576816,-0.425536,0.777872,43.26,-70.28,5.88,Noise,Right
1706529196623,-0.443104,-0.443104,0.549488,36.89,-65.8,-1.54,Noise,Right
1706529196624,-0.376248,-0.548512,0.427976,20.23,-43.96,-7.07,Noise,Right
1706529196624,-0.40748,-0.62952,0.29768,2.87,-22.68,-14.28,Noise,Right
1706529196626,-0.44164,-0.59536,0.30988,-16.03,0.98,-23.45,Noise,Right
1706529196754,-0.523136,-0.530944,0.435784,-25.62,13.72,-29.47,Noise,Right
1706529196755,-0.703696,-0.421144,0.531432,-29.12,31.15,-28.84,Noise,Right
1706529196755,-0.879376,-0.270352,0.61,-25.62,58.8,-17.22,Noise,Right
1706529196755,-1.039928,-0.205448,0.732,-15.82,79.38,7.28,Noise,Right
1706529196755,-1.082872,-0.290848,1.022848,11.69,36.54,30.1,Noise,Right
1706529196756,-0.845216,-0.179096,1.077016,38.08,-67.9,45.01,Noise,Right
1706529196756,-0.737368,-0.242048,0.911096,48.93,-112.84,50.47,Noise,Right
1706529196816,-0.546072,-0.469456,0.730048,38.22,-126.21,47.11,Noise,Right
1706529196817,-0.428952,-0.547048,0.516304,21.28,-97.86,31.5,Noise,Right
1706529196818,-0.379176,-0.562664,0.27328,10.43,-68.74,29.89,Noise,Right
1706529196870,-0.514352,-0.855952,0.19764,-10.08,-12.39,20.23,Noise,Right
1706529196870,-0.5124,-0.73688,0.321592,-21.42,26.32,17.15,Noise,Right
1706529196870,-0.642696,-0.605608,0.496784,-36.26,40.11,24.43,Noise,Right
1706529196871,-0.671,-0.421144,0.618296,-34.3,52.29,17.92,Noise,Right
1706529196922,-0.6344,-0.29768,0.817888,-19.88,55.23,16.38,Noise,Right
1706529196923,-0.558272,-0.287432,0.99796,-5.6,27.72,14.35,Noise,Right
1706529196923,-0.43432,-0.305976,1.011136,2.38,5.25,0.84,Noise,Right
1706529197042,-0.316224,-0.386496,0.957456,13.58,-9.52,-14.56,Noise,Right
1706529197044,-0.305488,-0.443104,0.877424,21.77,-27.44,-32.69,Noise,Right
1706529197044,-0.405528,-0.597312,0.6466,27.58,-38.43,-45.92,Noise,Right
1706529197044,-0.465064,-0.72956,0.376736,23.52,-35.63,-50.12,Noise,Right
1706529197044,-0.575352,-0.813496,0.284504,13.3,-2.52,-50.54,Noise,Right
1706529197044,-0.742736,-0.843264,0.366,-1.96,36.12,-40.74,Noise,Right
1706529197045,-0.8906,-0.509472,0.476288,-8.75,63.98,-32.83,Noise,Right
1706529197187,-0.85644,-0.367952,0.762744,-0.63,71.12,-18.83,Noise,Right
1706529197188,-0.828624,-0.25376,1.037,12.6,28.0,-11.55,Noise,Right
1706529197188,-0.71736,-0.119072,1.064816,21.91,-31.36,-5.81,Noise,Right
1706529197189,-0.572912,-0.198616,0.908168,34.09,-56.07,-0.14,Noise,Right
1706529197190,-0.455792,-0.389912,0.736392,42.28,-45.29,-4.34,Noise,Right
1706529197191,-0.447496,-0.510448,0.606584,39.41,-36.68,-13.16,Noise,Right
1706529197267,-0.528016,-0.84912,0.342088,18.48,-28.14,-16.24,Noise,Right
1706529197268,-0.575352,-0.764696,0.181536,8.26,4.34,-22.89,Noise,Right
1706529197268,-0.678808,-0.742248,0.28304,1.47,34.37,-13.72,Noise,Right
1706529197268,-0.797392,-0.489952,0.494832,-0.21,72.73,-31.15,Noise,Right
1706529197269,-0.783728,-0.188368,0.735904,5.6,66.85,-23.45,Noise,Right
1706529197269,-0.799832,-0.059048,1.048712,3.43,25.62,-4.55,Noise,Right
1706529197269,-0.684176,-0.038552,1.106296,14.07,-36.12,13.72,Noise,Right
1706529197335,-0.615368,-0.021472,0.904264,27.3,-83.3,27.65,Noise,Right
1706529197335,-0.508496,-0.183,0.793976,25.97,-88.34,30.1,Noise,Right
1706529197336,-0.444568,-0.194712,0.6954,20.37,-85.68,28.07,Noise,Right
1706529197336,-0.446032,-0.268888,0.589016,1.33,-63.49,17.22,Noise,Right
1706529197452,-0.52216,-0.392352,0.305488,-2.8,-23.73,8.47,Noise,Right
1706529197452,-0.381128,-0.655872,0.320616,-23.1,27.72,1.82,Noise,Right
1706529197454,-0.632936,-0.403576,0.401624,-32.2,79.24,15.61,Noise,Right
1706529197455,-0.733952,-0.510448,0.6222,-46.69,70.91,20.02,Noise,Right
1706529197456,-0.833504,-0.51728,0.66124,-42.21,64.82,28.77,Noise,Right
1706529197456,-0.821304,-0.408456,0.83936,-27.86,52.29,32.06,Noise,Right
1706529197457,-0.721264,-0.421144,0.997472,-10.85,10.85,36.4,Noise,Right
1706529197906,-0.601216,-0.432368,0.984784,9.31,-35.98,36.26,Noise,Right
1706529197907,-0.484584,-0.393816,0.8784,23.1,-66.43,27.51,Noise,Right
1706529197907,-0.453352,-0.450424,0.744688,30.17,-68.32,13.65,Noise,Right
1706529197907,-0.39772,-0.445544,0.670024,26.25,-46.27,2.1,Noise,Right
1706529197908,-0.435784,-0.418704,0.554856,19.18,-16.52,-5.6,Noise,Right
1706529197915,-0.50996,-0.506056,0.392352,6.65,30.73,-14.49,Noise,Right
1706529197915,-0.571448,-0.510936,0.441152,-7.0,69.58,-12.25,Noise,Right
1706529197916,-0.665632,-0.55144,0.506544,-21.07,90.44,-10.71,Noise,Right
1706529197916,-0.705648,-0.567544,0.730048,-12.74,68.6,-11.69,Noise,Right
1706529197916,-0.559736,-0.473848,0.85156,-0.49,20.09,-18.97,Noise,Right
1706529197916,-0.547536,-0.428464,0.788608,7.84,-26.39,-21.7,Noise,Right
1706529197917,-0.494344,-0.419192,0.726632,9.87,-31.64,-24.57,Noise,Right
1706529197917,-0.443592,-0.445544,0.738344,13.09,-24.29,-29.54,Noise,Right
1706529197917,-0.444568,-0.554368,0.73444,15.19,-20.23,-43.68,Noise,Right
1706529197918,-0.495808,-0.624152,0.565592,13.72,-19.53,-61.11,Noise,Right
1706529197918,-0.629032,-0.665144,0.470432,21.7,-23.1,-69.37,Noise,Right
1706529197925,-0.864248,-0.703208,0.487512,13.58,-6.02,-70.07,Noise,Right
1706529197925,-0.846192,-0.402112,0.538752,10.64,7.14,-56.77,Noise,Right
1706529197926,-0.986248,-0.337696,0.65148,12.74,23.52,-40.81,Noise,Right
1706529197926,-0.831064,-0.198616,0.73688,8.54,42.98,-12.04,Noise,Right
1706529197926,-0.698328,-0.162016,0.86132,11.41,39.55,16.8,Noise,Right
1706529197926,-0.588528,-0.135664,0.859856,8.68,22.75,22.54,Noise,Right
1706529197927,-0.434808,-0.12688,0.757864,9.59,8.54,20.09,Noise,Right
1706529197947,-0.442616,-0.212768,0.631472,1.19,20.16,14.7,Noise,Right
1706529197947,-0.438224,-0.303536,0.46116,5.18,46.9,16.17,Noise,Right
1706529197948,-0.611464,-0.416752,0.521672,-8.05,62.93,13.51,Noise,Right
1706529198019,-0.75884,-0.406016,0.377224,-14.98,75.11,20.16,Noise,Right
1706529198020,-0.869128,-0.33428,0.3538,-10.64,77.14,38.43,Noise,Right
1706529198020,-0.957456,-0.611952,0.441152,-5.39,72.87,43.68,Noise,Right
1706529198020,-0.959896,-0.569008,0.786656,9.38,10.92,45.85,Noise,Right
1706529198021,-0.82228,-0.45628,0.796904,8.61,-50.12,41.44,Noise,Right
1706529198021,-0.760792,-0.518744,0.739808,10.64,-82.74,34.02,Noise,Right
1706529198021,-0.624152,-0.463112,0.682224,9.1,-83.51,30.38,Noise,Right
1706529198064,-0.589016,-0.377224,0.682712,14.0,-77.21,26.67,Noise,Right
1706529198065,-0.562664,-0.424072,0.584136,14.28,-59.57,23.1,Noise,Right
1706529198065,-0.579256,-0.475312,0.415776,9.24,-25.69,17.92,Noise,Right
1706529198109,-0.602192,-0.529968,0.295728,-5.04,26.6,17.08,Noise,Right
1706529198110,-0.612928,-0.564128,0.346968,-22.47,89.95,13.44,Noise,Right
1706529198111,-0.618296,-0.611952,0.57828,-29.33,103.74,4.55,Noise,Right
1706529198161,-0.563152,-0.658312,0.831064,-20.02,62.23,-10.43,Noise,Right
1706529198162,-0.486048,-0.582672,0.881328,-3.43,8.05,-22.33,Noise,Right
1706529198162,-0.501176,-0.593896,0.876448,12.74,-18.13,-36.26,Noise,Right
1706529198290,-0.664168,-0.554368,0.714432,25.27,-35.07,-62.16,Noise,Right
1706529198291,-0.738832,-0.460672,0.587064,54.04,-34.23,-70.7,Noise,Right
1706529198291,-0.755424,-0.333792,0.674416,53.48,-28.28,-77.28,Noise,Right
1706529198291,-0.754936,-0.24644,0.72224,46.34,-50.89,-63.7,Noise,Right
1706529198291,-0.770064,-0.26352,0.53436,40.04,-79.52,-54.11,Noise,Right
1706529198292,-0.73932,-0.20008,0.479216,27.37,-65.52,-34.51,Noise,Right
1706529198294,-0.724192,-0.207888,0.35624,9.45,-5.74,-14.35,Noise,Right
1706529198347,-0.67832,-0.257664,0.360632,-11.48,59.15,4.41,Noise,Right
1706529198348,-0.705648,-0.280112,0.45872,-28.21,102.34,9.1,Noise,Right
1706529198350,-0.762256,-0.230824,0.598776,-32.9,115.5,14.28,Noise,Right
1706529198350,-0.825696,-0.272304,0.838384,-19.95,58.73,19.11,Noise,Right
1706529198397,-0.776896,-0.15128,0.747128,11.13,-4.55,32.13,Noise,Right
1706529198412,-0.791536,-0.22692,0.652456,13.23,-18.83,46.06,Noise,Right
1706529198436,-0.843752,-0.584136,0.542656,21.35,-26.11,51.17,Noise,Right
1706529198437,-0.669048,-0.604632,0.552416,5.46,-23.66,48.79,Noise,Right
1706529198437,-0.617808,-0.5734,0.428464,-10.08,-21.28,45.64,Noise,Right
1706529198481,-0.650992,-0.620248,0.350872,-13.16,-5.39,36.61,Noise,Right
1706529198482,-0.679296,-0.5734,0.399184,-17.92,24.99,28.0,Noise,Right
1706529198482,-0.688568,-0.399672,0.507032,-22.47,45.99,22.54,Noise,Right
1706529198529,-0.82472,-0.396744,0.61244,-18.62,55.51,23.17,Noise,Right
1706529198529,-0.887672,-0.410408,0.78812,-7.77,34.02,25.34,Noise,Right
1706529198529,-0.805688,-0.351848,0.906216,11.62,-24.22,29.4,Noise,Right
1706529198577,-0.711016,-0.363072,0.815448,29.47,-69.37,27.58,Noise,Right
1706529198578,-0.576328,-0.362096,0.79056,38.29,-78.12,17.78,Noise,Right
1706529198624,-0.477264,-0.533872,0.676368,34.37,-60.13,0.21,Noise,Right
1706529198624,-0.267424,-0.606096,0.510448,25.9,-32.83,-13.86,Noise,Right
1706529198624,-0.312808,-0.582184,0.368928,8.75,5.25,-27.16,Noise,Right
1706529198669,-0.542656,-0.735904,0.310368,-8.4,35.14,-41.37,Noise,Right
1706529198670,-0.596336,-0.584624,0.257176,-12.67,75.81,-67.41,Noise,Right
1706529198670,-0.944768,-0.40016,0.279624,-16.87,88.27,-65.1,Noise,Right
1706529198719,-1.077504,-0.237656,0.447984,-10.57,100.87,-62.23,Noise,Right
1706529198720,-1.159976,-0.123464,0.659776,4.76,67.06,-43.54,Noise,Right
1706529198720,-1.095072,-0.037088,0.887184,17.08,3.36,-21.56,Noise,Right
1706529198765,-0.942328,-0.057584,0.931592,14.07,-54.6,1.96,Noise,Right
1706529198766,-0.80032,-0.116632,0.815936,10.92,-95.69,16.66,Noise,Right
1706529198812,-0.665632,-0.179584,0.690032,17.5,-110.53,27.3,Noise,Right
1706529198813,-0.599752,-0.202032,0.593896,18.34,-108.29,24.92,Noise,Right
1706529198813,-0.598288,-0.198128,0.460672,11.48,-72.94,18.97,Noise,Right
1706529198862,-0.75396,-0.249368,0.331352,-3.64,4.34,20.51,Noise,Right
1706529198864,-0.85644,-0.455792,0.28792,-6.93,59.64,26.25,Noise,Right
1706529198865,-0.926712,-0.338672,0.321104,-22.26,93.24,36.19,Noise,Right
1706529198910,-0.919392,-0.4026,0.472872,-35.14,93.66,52.36,Noise,Right
1706529198910,-0.90524,-0.513864,0.759816,-35.28,32.76,49.35,Noise,Right
1706529198910,-0.74664,-0.589504,0.726632,-26.46,-34.86,47.32,Noise,Right
1706529198968,-0.573888,-0.42456,0.608536,-13.3,-69.23,39.48,Noise,Right
1706529198974,-0.469944,-0.432368,0.640256,-3.64,-58.17,31.5,Noise,Right
1706529198974,-0.447008,-0.447984,0.68076,4.34,-35.35,15.05,Noise,Right
1706529199000,-0.46848,-0.422608,0.669536,13.16,-19.6,-2.73,Noise,Right
1706529199000,-0.564128,-0.38064,0.530944,22.47,-3.36,-16.73,Noise,Right
1706529199046,-0.70028,-0.303536,0.426512,21.77,40.88,-21.84,Noise,Right
1706529199047,-0.832528,-0.337696,0.523136,11.48,81.9,-20.23,Noise,Right
1706529199047,-0.910608,-0.545584,0.676856,3.64,78.82,-15.96,Noise,Right
1706529199091,-0.875472,-0.507032,0.737368,11.34,23.17,-12.32,Noise,Right
1706529199092,-0.776896,-0.423584,0.676368,17.15,-18.13,-8.61,Noise,Right
1706529199092,-0.747616,-0.532408,0.613416,13.51,-38.5,-19.04,Noise,Right
1706529199140,-0.616344,-0.425048,0.508984,11.34,-35.56,-35.91,Noise,Right
1706529199141,-0.50752,-0.320616,0.445056,18.83,-30.31,-52.43,Noise,Right
1706529199188,-0.599264,-0.304024,0.481656,21.0,-9.94,-59.92,Noise,Right
1706529199189,-0.672464,-0.087352,0.545096,14.49,5.95,-64.26,Noise,Right
1706529199189,-0.820816,-0.001464,0.631472,9.73,9.87,-48.3,Noise,Right
1706529199238,-0.975512,0.015616,0.627568,5.53,7.98,-32.06,Noise,Right
1706529199239,-1.008696,0.020496,0.556808,-0.42,13.23,-10.99,Noise,Right
1706529199239,-1.0126,-0.098576,0.593408,2.24,1.05,16.24,Noise,Right
1706529199294,-0.989664,-0.262056,0.65392,1.05,-24.43,33.32,Noise,Right
1706529199295,-0.920856,-0.246928,0.591944,9.17,-62.65,45.71,Noise,Right
1706529199295,-0.813496,-0.250344,0.554368,9.66,-57.26,60.34,Noise,Right
1706529199295,-0.721264,-0.135664,0.557296,9.03,-40.6,66.43,Noise,Right
1706529199341,-0.692472,-0.032696,0.510936,-6.93,-6.02,77.21,Noise,Right
1706529199341,-0.747128,-0.28792,0.605608,-9.45,-11.76,61.6,Noise,Right
1706529199387,-0.715896,-0.325008,0.535336,-29.12,-3.15,63.21,Noise,Right
1706529199388,-0.81984,-0.55632,0.48068,-25.83,-21.42,56.84,Noise,Right
1706529199388,-0.743712,-0.506056,0.49288,-18.2,-25.62,48.65,Noise,Right
1706529199437,-0.717848,-0.333792,0.578768,-19.46,-30.73,42.77,Noise,Right
1706529199438,-0.671,-0.313296,0.65636,-11.83,-34.09,37.94,Noise,Right
1706529199439,-0.632936,-0.308904,0.703208,-3.85,-31.43,30.31,Noise,Right
1706529199481,-0.580232,-0.293288,0.760792,5.67,-30.17,17.92,Noise,Right
1706529199481,-0.462136,-0.278648,0.8296,12.95,-27.23,6.16,Noise,Right
1706529199482,-0.360144,-0.269864,0.8662,17.08,-20.37,-7.42,Noise,Right
1706529199571,-0.406016,-0.44164,0.8662,23.8,-20.02,-26.67,Noise,Right
1706529199572,-0.457256,-0.634888,0.752496,27.02,-10.22,-48.02,Noise,Right
1706529199584,-0.405528,-0.730048,0.486536,34.23,26.74,-66.01,Noise,Right
1706529199584,-0.562176,-0.699792,0.340136,4.34,52.22,-80.78,Noise,Right
1706529199584,-0.788608,-0.423584,0.15616,-22.54,111.86,-105.49,Noise,Right
1706529199702,-0.913536,-0.305976,0.210328,-11.06,132.79,-97.51,Noise,Right
1706529199703,-1.130696,-0.150792,0.530944,-13.02,147.91,-95.06,Noise,Right
1706529199704,-1.103856,-0.009272,0.793976,11.13,80.43,-65.8,Noise,Right
1706529199704,-1.062376,0.04392,0.982344,19.18,-7.28,-36.12,Noise,Right
1706529199705,-0.936472,0.03904,0.903776,19.53,-73.5,-5.74,Noise,Right
1706529199705,-0.81252,-0.022448,0.793976,23.52,-110.39,9.66,Noise,Right
1706529199705,-0.635864,-0.157624,0.716384,24.08,-122.85,16.24,Noise,Right
1706529199747,-0.566568,-0.18788,0.710528,19.67,-119.98,13.65,Noise,Right
1706529199748,-0.456768,-0.114192,0.641232,26.53,-99.54,18.69,Noise,Right
1706529199749,-0.506056,-0.003416,0.499712,36.26,-76.3,24.78,Noise,Right
1706529199794,-0.730048,-0.501176,0.399672,-4.76,-88.2,6.37,Noise,Right
1706529199795,-0.884256,-0.34404,0.311832,1.12,-49.14,23.87,Noise,Right
1706529199796,-0.96868,-0.423584,0.569984,-6.93,-36.61,33.39,Noise,Right
1706529199838,-0.858392,-0.304512,0.780312,-0.63,-82.39,38.99,Noise,Right
1706529199839,-0.691496,-0.24156,0.898896,5.39,-122.99,36.19,Noise,Right
1706529199840,-0.482632,-0.305,0.752496,17.78,-121.87,38.43,Noise,Right
1706529199890,-0.282552,-0.377712,0.869616,30.24,-116.76,22.05,Noise,Right
1706529199891,-0.18544,-0.422608,0.851072,33.95,-110.46,7.28,Noise,Right
1706529200054,-0.435296,-0.506544,0.538752,9.73,-43.33,-24.15,Noise,Right
1706529200056,-0.572424,-0.040016,1.17852,8.19,-21.84,-16.38,Noise,Right
1706529200056,-0.430904,0.000488,1.116544,25.27,-57.26,-15.05,Noise,Right
1706529200057,-0.284504,-0.04636,1.042856,33.11,-71.68,-15.05,Noise,Right
1706529200058,-0.148352,-0.134688,0.931592,26.88,-71.61,-18.55,Noise,Right
1706529200058,-0.098088,-0.217648,0.80764,11.83,-60.13,-25.06,Noise,Right
1706529200101,-0.129808,-0.226432,0.685152,-7.42,-30.17,-32.48,Noise,Right
1706529200101,-0.309392,-0.268888,0.62708,-24.08,9.94,-36.68,Noise,Right
1706529200102,-0.512888,-0.25376,0.62708,-38.92,67.27,-38.78,Noise,Right
1706529200153,-0.669048,-0.193248,0.780312,-39.13,92.61,-36.33,Noise,Right
1706529200159,-0.841312,-0.157624,0.947208,-23.17,93.45,-20.79,Noise,Right
1706529200200,-0.912072,-0.186904,1.162904,0.77,45.29,-0.91,Noise,Right
1706529200200,-0.7198,-0.096136,1.118496,18.34,-4.55,18.97,Noise,Right
1706529200201,-0.515328,-0.116144,1.000888,19.39,-25.27,36.96,Noise,Right
1706529200243,-0.352824,-0.099064,0.8418,7.14,-18.13,45.43,Noise,Right
1706529200243,-0.243024,-0.169824,0.696376,-9.24,8.12,37.24,Noise,Right
1706529200243,-0.177632,-0.20008,0.57584,-31.71,57.26,26.53,Noise,Right
1706529200287,-0.308416,-0.163968,0.520208,-56.77,139.09,4.69,Noise,Right
1706529200288,-0.323056,-0.206424,0.596336,-57.96,192.22,-18.41,Noise,Right
1706529200288,-0.609024,-0.22448,0.582672,-68.74,245.14,-35.28,Noise,Right
1706529200334,-0.68564,-0.269376,0.615856,-40.6,275.66,-31.43,Noise,Right
1706529200334,-0.83692,-0.390888,0.764696,-29.26,181.65,-10.64,Noise,Right
1706529200388,-0.856928,-0.503128,0.813008,-10.29,85.4,-10.78,Noise,Right
1706529200388,-0.806176,-0.553392,0.670024,-10.15,12.67,-9.87,Noise,Right
1706529200388,-0.746152,-0.5856,0.586088,-8.68,-17.99,-16.17,Noise,Right
1706529200464,-0.615856,-0.562176,0.625128,-8.33,-27.65,-23.17,Noise,Right
1706529200465,-0.515328,-0.50752,0.66612,-10.29,-53.48,-31.36,Noise,Right
1706529200467,-0.445544,-0.49044,0.662704,-13.23,-42.63,-40.67,Noise,Right
1706529200467,-0.43432,-0.464088,0.635376,-22.26,-38.08,-50.47,Noise,Right
1706529200467,-0.466528,-0.379664,0.499712,-33.81,-25.06,-59.43,Noise,Right
1706529200521,-0.576328,-0.332328,0.39528,-30.03,3.64,-60.9,Noise,Right
1706529200522,-0.743712,-0.410408,0.450912,-33.53,33.6,-59.92,Noise,Right
1706529200522,-0.896944,-0.616832,0.711504,-33.67,29.68,-64.4,Noise,Right
1706529200567,-0.808616,-0.5734,0.892064,-48.72,-16.59,-89.25,Noise,Right
1706529200567,-0.643184,-0.503616,0.868152,-49.28,-73.01,-67.34,Noise,Right
1706529200568,-0.596824,-0.416264,0.841312,-32.62,-149.45,-63.21,Noise,Right
1706529200614,-0.509472,-0.626104,0.598776,-19.74,-172.06,-62.37,Noise,Right
1706529200614,-0.43188,-0.460672,0.381128,-20.09,-117.67,-84.07,Noise,Right
1706529200614,-0.184464,-0.496784,0.436272,-30.03,-65.8,-81.27,Noise,Right
1706529200668,-0.167384,-0.572912,0.497272,-42.49,-22.05,-82.95,Noise,Right
1706529200668,-0.213744,-0.607072,0.536312,-57.96,2.1,-83.65,Noise,Right
1706529200668,-0.301096,-0.639768,0.54168,-63.98,-5.04,-74.27,Noise,Right
1706529200778,-0.51728,-0.816424,0.608536,-58.24,-45.36,-68.11,Noise,Right
1706529200779,-0.55876,-0.912072,0.692472,-68.6,-94.57,-73.78,Noise,Right
1706529200780,-0.513864,-0.930128,0.699792,-80.78,-151.2,-76.79,Noise,Right
1706529200780,-0.32208,-0.872056,0.655384,-104.51,-191.24,-79.38,Noise,Right
1706529200781,-0.137616,-0.733952,0.425048,-131.95,-312.06,-74.55,Noise,Right
1706529200781,-0.051728,-0.819352,0.279136,-140.14,-261.8,-74.13,Noise,Right
1706529200874,0.111264,-0.616832,0.231312,-164.15,-311.71,-79.94,Noise,Right
1706529200874,0.277672,-0.41236,0.235216,-197.33,-431.06,-77.56,Noise,Right
1706529200875,0.447496,-1.076528,0.16104,-217.21,-568.82,-77.63,Noise,Right
1706529200875,0.179096,-1.342488,0.157136,-225.05,-326.13,-105.84,Noise,Right
1706529200875,-0.01708,-0.971608,0.64172,-210.63,-127.47,-129.43,Noise,Right
1706529200875,-0.035136,-1.267336,0.87596,-166.25,-63.14,-117.11,Noise,Right
1706529200930,0.049776,-1.226832,0.630496,-132.86,-43.19,-67.13,Noise,Right
1706529200930,0.025864,-1.07604,0.208376,-158.62,-41.93,33.95,Noise,Right
1706529200931,0.232776,-1.08824,-0.038064,-177.8,-83.93,66.08,Noise,Right
1706529201050,0.260104,-1.067744,0.075152,-163.24,-223.93,66.43,Noise,Right
1706529201051,0.454816,-1.020408,0.305,-119.98,-295.33,40.18,Noise,Right
1706529201051,0.723216,-1.153632,0.352824,-81.48,-216.37,3.99,Noise,Right
1706529201052,0.786168,-1.018944,0.785192,-68.67,30.38,-30.73,Noise,Right
1706529201052,0.862784,-0.95648,0.523624,-44.52,40.67,-64.47,Noise,Right
1706529201052,0.72712,-1.046272,0.40504,-29.4,19.74,-98.7,Noise,Right
1706529201053,0.764696,-0.713456,-0.427976,-2.31,-109.62,-88.9,Noise,Right
1706529201097,0.298168,-0.94428,-0.208376,-8.68,-165.34,-92.33,Noise,Right
1706529201097,0.169336,-0.9272,-0.253272,-16.52,-166.88,-83.79,Noise,Right
1706529201098,0.045384,-0.926712,-0.293776,-24.85,-153.51,-64.68,Noise,Right
1706529201142,0.101504,-0.8906,-0.260104,-30.8,-116.34,-43.75,Noise,Right
1706529201144,0.199592,-0.895968,-0.272304,-33.32,-106.54,-34.3,Noise,Right
1706529201144,0.217648,-0.952088,-0.213256,-37.24,-98.7,-26.46,Noise,Right
1706529201188,0.244976,-0.874496,-0.291824,-44.24,-62.3,-17.99,Noise,Right
1706529201189,0.406992,-0.915976,-0.304512,-56.91,-28.35,-14.07,Noise,Right
1706529201189,0.557296,-0.843752,-0.319152,-67.2,-106.12,-27.16,Noise,Right
1706529201235,0.425048,-0.785192,-0.340624,-74.2,-166.88,-35.63,Noise,Right
1706529201236,0.357216,-0.81008,-0.333304,-72.52,-157.85,-38.08,Noise,Right
1706529201288,0.293776,-0.691984,-0.402112,-75.81,-258.86,-32.2,Noise,Right
1706529201290,0.04148,-1.008208,-0.247416,-87.99,-297.43,-22.47,Noise,Right
1706529201290,0.234728,-0.876936,-0.630008,-84.07,-323.96,-14.0,Noise,Right
1706529201329,-0.167872,-0.81252,-0.493368,-78.19,-276.15,14.56,Noise,Right
1706529201330,0.184464,-1.047736,-0.557784,-64.54,-169.12,45.71,Noise,Right
1706529201330,0.27572,-0.91256,-0.513864,-67.76,-188.23,41.65,Noise,Right
1706529201383,0.441152,-0.76128,-0.651968,-67.06,-244.65,26.81,Noise,Right
1706529201383,0.5002,-0.866688,-0.981856,-81.13,-276.85,18.2,Noise,Right
1706529201384,0.910608,-0.506544,-1.027728,-112.21,-333.97,-12.04,Noise,Right
1706529201485,0.337208,-0.884256,-0.874984,-127.89,-431.69,-47.18,Noise,Right
1706529201486,-0.255712,-0.618784,-0.542656,-121.17,-221.55,-12.32,Noise,Right
1706529201486,-0.127856,-0.77592,-0.316712,-103.6,-237.93,-8.82,Noise,Right
1706529201486,-0.267912,-0.665632,-0.408456,-83.65,-207.34,-3.29,Noise,Right
1706529201488,-0.112728,-0.745176,-0.31476,-62.37,-225.47,-7.0,Noise,Right
1706529201488,-0.793,-0.532896,-0.457256,-40.6,-274.47,-14.42,Noise,Right
1706529201532,-0.59048,-0.605608,-0.772016,-38.99,-44.66,4.55,Noise,Right
1706529201532,-0.19764,-0.623664,-0.952088,-39.69,32.34,11.62,Noise,Right
1706529201532,-0.040504,-0.552904,-1.04188,-45.43,1.89,13.3,Noise,Right
1706529201580,-0.166896,-0.620736,-0.94916,-53.41,-58.31,-0.91,Noise,Right
1706529201581,-0.161528,-0.495808,-0.776896,-62.58,-57.75,-8.96,Noise,Right
1706529201634,-0.326472,-0.50996,-0.664656,-59.36,-60.41,-21.77,Noise,Right
1706529201634,-0.488,-0.477264,-0.514352,-51.59,-9.45,-18.62,Noise,Right
1706529201635,-0.459696,-0.572912,-0.598776,-42.56,37.03,-10.78,Noise,Right
1706529201754,-0.331352,-0.604632,-0.655872,-35.7,41.79,-8.33,Noise,Right
1706529201754,-0.289872,-0.60756,-0.55876,-28.98,31.43,-6.58,Noise,Right
1706529201755,-0.430904,-0.630496,-0.548024,-16.03,55.72,-5.39,Noise,Right
1706529201755,-0.391864,-0.59048,-0.547536,-8.05,96.67,-3.29,Noise,Right
1706529201755,-0.330376,-0.54412,-0.60024,4.97,170.87,-2.38,Noise,Right
1706529201755,-0.22448,-0.55144,-0.782752,17.29,281.61,3.36,Noise,Right
1706529201755,-0.28548,-0.57096,-0.889136,17.57,265.72,10.08,Noise,Right
1706529201801,-0.136152,-0.706624,-0.781288,18.06,220.92,16.17,Noise,Right
1706529201802,0.058072,-0.615368,-0.83692,13.79,168.0,15.12,Noise,Right
1706529201802,0.028304,-0.624152,-0.862784,5.88,84.91,6.86,Noise,Right
1706529201866,-0.139568,-0.690032,-0.756888,2.66,32.69,9.1,Noise,Right
1706529201875,-0.076616,-0.662216,-0.742248,3.71,36.89,19.53,Noise,Right
1706529201875,-0.018056,-0.599264,-0.838384,3.71,67.55,37.24,Noise,Right
1706529201878,-0.082472,-0.630496,-1.00528,-6.65,52.85,31.71,Noise,Right
1706529201988,-0.099552,-0.54656,-1.023336,6.79,65.45,-3.78,Noise,Right
1706529201989,0.145912,-0.626104,-0.942328,-2.59,92.19,-1.89,Noise,Right
1706529201989,0.213744,-0.569008,-1.052616,-6.37,89.67,-6.79,Noise,Right
1706529201990,0.293776,-0.507032,-0.989176,-14.0,47.6,-17.08,Noise,Right
1706529201990,0.26352,-0.46848,-0.975024,-27.09,5.67,-15.26,Noise,Right
1706529201990,0.13176,-0.299144,-0.820816,-23.52,-33.74,-37.87,Noise,Right
1706529201990,0.128344,-0.290848,-0.823256,-28.42,-4.2,-21.49,Noise,Right
1706529202102,0.073688,-0.366,-0.823256,-27.51,-6.16,-18.97,Noise,Right
1706529202102,0.063928,-0.527528,-0.808616,-20.72,6.51,-25.76,Noise,Right
1706529202102,0.030744,-0.752984,-0.813008,-21.28,27.58,-38.5,Noise,Right
1706529202104,0.017568,-0.786656,-0.869128,-28.0,36.68,-45.99,Noise,Right
1706529202104,0.228872,-0.772504,-0.875472,-18.13,49.7,-50.96,Noise,Right
1706529202104,0.244976,-0.327936,-0.943792,2.52,55.51,-63.77,Noise,Right
1706529202104,1.2688,0.140544,0.281576,5.67,13.16,-42.84,Noise,Right
1706529202206,0.344528,0.047824,-0.899872,-30.31,-6.93,-32.13,Noise,Right
1706529202206,0.346968,-0.096624,-0.849608,-6.58,-89.11,-39.27,Noise,Right
1706529202206,0.161528,-0.111264,-0.83204,1.75,-131.04,-68.32,Noise,Right
1706529202207,0.203008,-0.4758,-0.545096,0.21,-151.06,-64.89,Noise,Right
1706529202207,0.033184,-0.327936,-0.640744,-10.29,-157.15,-60.2,Noise,Right
1706529202207,-0.027816,-0.214232,-0.737368,-10.08,-163.24,-54.39,Noise,Right
1706529202260,-0.064904,-0.182512,-0.784704,-9.66,-147.91,-40.25,Noise,Right
1706529202260,-0.088328,-0.065392,-0.796416,-6.23,-122.01,-28.7,Noise,Right
1706529202261,0.042944,-0.1342,-0.94428,-6.86,-108.15,-10.22,Noise,Right
1706529202318,-0.11956,-0.176168,-1.166808,13.65,-113.12,-20.65,Noise,Right
1706529202318,-0.107848,-0.549976,-1.070184,38.99,-127.82,-29.47,Noise,Right
1706529202319,-0.300608,-0.911584,-0.849608,50.4,-143.71,-47.39,Noise,Right
1706529202319,-0.387472,-1.266848,-0.686128,41.65,-125.72,-27.65,Noise,Right
1706529202426,-0.49044,-1.353712,-0.543144,25.83,-80.57,-29.61,Noise,Right
1706529202450,-0.460184,-1.128744,-0.711504,5.46,-18.76,1.54,Noise,Right
1706529202455,-0.304024,-0.670512,-0.757376,-8.47,0.0,3.57,Noise,Right
1706529202455,-0.210816,-0.277672,-1.00284,-3.43,8.4,2.45,Noise,Right
1706529202456,-0.050264,-0.136152,-1.211216,11.69,13.58,16.66,Noise,Right
1706529202515,0.007808,-0.058072,-1.226832,7.35,32.76,13.93,Noise,Right
1706529202516,0.038064,-0.220088,-1.1834,-9.38,15.96,-4.48,Noise,Right
1706529202516,-0.027816,-0.365512,-1.196088,-33.67,-20.86,-31.85,Noise,Right
1706529202516,-0.15372,-0.640256,-1.037,-54.74,-66.36,-54.11,Noise,Right
1706529202516,-0.332328,-1.050176,-0.786168,-57.12,-99.05,-62.86,Noise,Right
1706529202517,-0.425048,-0.898896,-0.77348,-35.77,-101.5,-58.31,Noise,Right
1706529202568,-0.438712,-1.304424,-0.50752,-25.06,-81.76,-13.16,Noise,Right
1706529202568,-0.370392,-0.552904,-0.639768,-20.72,-41.09,2.87,Noise,Right
1706529202569,-0.183976,-0.509472,-0.8296,1.12,-11.48,25.55,Noise,Right
1706529202694,-0.206424,-0.128344,-0.865712,-3.92,-7.98,20.16,Noise,Right
1706529202694,-0.105896,0.160552,-0.922808,-7.14,9.52,18.69,Noise,Right
1706529202696,-0.04148,0.144448,-0.945744,-16.45,9.17,3.71,Noise,Right
1706529202696,-0.020496,-0.067832,-0.87596,-23.52,15.82,-8.82,Noise,Right
1706529202696,-0.058072,-0.13176,-0.929152,-34.79,22.82,-24.5,Noise,Right
1706529202696,-0.09516,-0.355752,-0.794952,-22.61,42.91,-28.77,Noise,Right
1706529202696,-0.19764,-0.5734,-0.670512,-12.32,60.41,-33.18,Noise,Right
1706529202807,-0.378688,-0.5368,-0.610488,4.13,95.62,-26.18,Noise,Right
1706529202808,-0.363072,-0.461648,-0.58072,21.63,143.36,-5.11,Noise,Right
1706529202808,-0.230336,-0.337208,-0.661728,28.56,166.88,10.64,Noise,Right
1706529202808,-0.12688,-0.192272,-0.741272,42.07,154.56,19.32,Noise,Right
1706529202808,-0.064904,-0.132736,-0.777384,54.95,135.24,13.86,Noise,Right
1706529202809,0.067832,-0.16348,-0.917928,57.68,108.57,4.83,Noise,Right
1706529202809,0.109312,-0.125416,-1.072136,50.96,73.01,-4.9,Noise,Right
1706529202862,0.174704,-0.421632,-1.11996,48.09,34.93,-16.59,Noise,Right
1706529202863,0.061488,-0.732,-1.057496,55.37,14.14,-7.07,Noise,Right
1706529202864,-0.00732,-0.887672,-0.978928,51.52,0.98,3.29,Noise,Right
1706529202864,-0.135176,-0.933544,-0.876936,42.91,9.24,14.07,Noise,Right
1706529202906,-0.196664,-0.727608,-0.884744,28.84,35.21,27.58,Noise,Right
1706529202907,-0.186904,-0.503616,-0.861808,25.27,69.79,37.87,Noise,Right
1706529202965,0.007808,-0.468968,-0.811056,26.6,93.17,41.86,Noise,Right
1706529202968,0.161528,-0.435784,-0.905728,11.41,61.25,31.92,Noise,Right
1706529202969,0.1586,-0.362584,-0.924272,3.01,26.04,23.17,Noise,Right
1706529203016,0.312808,-0.367464,-1.087752,-16.59,4.9,12.95,Noise,Right
1706529203016,0.418216,-0.384544,-1.125816,-5.95,-30.17,2.66,Noise,Right
1706529203016,0.347944,-0.626104,-1.113128,-14.56,-68.46,-3.29,Noise,Right
1706529203016,0.232288,-0.83204,-0.938424,-20.65,-92.26,-11.34,Noise,Right
1706529203067,0.0244,-0.779336,-0.743712,-28.42,-98.14,-18.48,Noise,Right
1706529203067,-0.135664,-0.642208,-0.706136,-27.58,-67.55,-11.83,Noise,Right
1706529203067,-0.194712,-0.579744,-0.643184,-21.77,-17.5,0.07,Noise,Right
1706529203111,0.01464,-0.647088,-0.671,-12.67,22.4,4.06,Noise,Right
1706529203112,0.209352,-0.6344,-0.892552,-15.75,19.53,-5.32,Noise,Right
1706529203112,0.3294,-0.756888,-1.07604,-19.04,3.71,-22.4,Noise,Right
1706529203255,0.474824,-0.7076,-1.27612,-22.68,-52.99,-44.66,Noise,Right
1706529203256,0.086864,-1.291736,-1.098976,-47.18,-150.64,-53.83,Noise,Right
1706529203256,0.007808,-1.177544,-1.025288,-61.81,-178.57,-72.73,Noise,Right
1706529203256,-0.299144,-0.622688,-0.801784,-67.34,-176.54,-87.78,Noise,Right
1706529203257,-0.42212,0.242536,-0.5978,-49.77,-130.06,-65.38,Noise,Right
1706529203257,-0.394792,0.543632,-0.525576,-37.17,-79.03,-32.27,Noise,Right
1706529203257,-0.401136,0.4026,-0.432856,-29.12,-38.78,-6.51,Noise,Right
1706529203330,-0.359656,0.123464,-0.503616,-14.49,-5.25,14.7,Noise,Right
1706529203330,-0.223992,-0.022448,-0.638304,-0.98,29.89,14.56,Noise,Right
1706529203331,-0.062464,-0.071248,-0.77592,12.39,44.73,7.28,Noise,Right
1706529203331,0.122488,-0.171288,-0.891576,20.09,39.62,1.61,Noise,Right
1706529203331,0.337208,-0.29524,-1.035048,32.9,26.95,8.33,Noise,Right
1706529203437,0.185928,-0.366,-1.110688,23.59,-26.25,-0.21,Noise,Right
1706529203437,-0.002928,-0.397232,-0.93208,15.26,-76.09,-17.22,Noise,Right
1706529203438,-0.197152,-0.445544,-0.840336,12.39,-99.89,-27.3,Noise,Right
1706529203438,-0.408456,-0.383568,-0.77592,18.69,-100.17,-26.39,Noise,Right
1706529203438,-0.458232,-0.401624,-0.673928,23.59,-94.01,-15.4,Noise,Right
1706529203439,-0.471896,-0.263032,-0.565592,28.0,-55.93,-19.32,Noise,Right
1706529203483,-0.454816,-0.501176,-0.572424,36.19,-10.57,-2.17,Noise,Right
1706529203483,-0.266448,-0.632448,-0.734928,48.16,48.44,13.3,Noise,Right
1706529203484,-0.049288,-1.179984,-0.881816,52.71,70.63,9.31,Noise,Right
1706529203547,-0.102968,-0.962824,-1.101416,40.74,68.53,19.39,Noise,Right
1706529203550,-0.0854,-0.843752,-1.171688,19.74,57.33,27.93,Noise,Right
1706529203560,-0.079544,-0.512888,-1.228296,3.15,32.76,25.83,Noise,Right
1706529203580,-0.101504,-0.47824,-1.14436,-7.56,-11.2,21.98,Noise,Right
1706529203581,-0.134688,-0.230824,-1.04432,-28.98,-43.89,6.37,Noise,Right
1706529203581,-0.249368,-0.313296,-0.919392,-42.7,-85.12,-5.81,Noise,Right
1706529203716,-0.305,-0.492392,-0.786168,-41.65,-76.16,-14.35,Noise,Right
1706529203717,-0.192272,-0.805688,-0.813496,-35.91,-51.94,-16.24,Noise,Right
1706529203717,-0.084912,-1.014552,-0.742736,-18.41,-21.28,-13.23,Noise,Right
1706529203717,-0.198616,-0.80276,-0.74908,-39.34,-7.77,-13.23,Noise,Right
1706529203718,-0.333304,-0.4392,-0.838384,-31.15,39.55,-0.91,Noise,Right
1706529203719,-0.250832,-0.18544,-0.833504,-27.44,64.4,7.0,Noise,Right
1706529203720,-0.233264,0.106872,-0.879376,-15.12,73.08,15.68,Noise,Right
1706529203764,-0.157136,0.227896,-0.818864,0.77,81.55,23.59,Noise,Right
1706529203765,-0.084424,0.160064,-0.828136,3.64,57.47,22.12,Noise,Right
1706529203765,-0.183,0.072224,-0.78324,0.56,33.11,13.79,Noise,Right
1706529203766,-0.052216,-0.128344,-0.788608,7.56,15.26,2.94,Noise,Right
1706529203811,0.007808,-0.277672,-0.794952,19.25,-20.3,-5.32,Noise,Right
1706529203811,0.01708,-0.37576,-0.744688,34.93,-38.92,-9.8,Noise,Right
1706529203859,0.042944,-0.514352,-0.667584,35.07,-53.2,-19.67,Noise,Right
1706529203861,-0.187392,-0.407968,-0.688568,42.14,-42.56,-16.66,Noise,Right
1706529203861,-0.284504,-0.472384,-0.732,45.92,-19.46,-12.74,Noise,Right
1706529203946,-0.406016,-0.28792,-0.77592,51.59,6.51,9.1,Noise,Right
1706529203948,-0.468968,-0.40504,-0.741272,60.27,21.0,13.93,Noise,Right
1706529203948,-0.4148,-0.615368,-0.75884,59.71,68.25,21.84,Noise,Right
1706529203949,-0.13176,-0.786168,-0.945744,63.21,62.44,15.61,Noise,Right
1706529203950,-0.117608,-0.860344,-1.060912,46.2,54.39,17.57,Noise,Right
1706529203997,-0.014152,-0.976976,-1.147776,31.99,27.86,11.27,Noise,Right
1706529203998,-0.018056,-0.711016,-1.140944,9.17,-2.31,12.67,Noise,Right
1706529203998,-0.016104,-0.506544,-1.043344,1.05,-35.21,5.6,Noise,Right
1706529204050,-0.07076,-0.411872,-0.97112,-13.65,-59.15,3.64,Noise,Right
1706529204051,-0.155672,-0.382104,-0.932568,-16.8,-66.85,0.56,Noise,Right
1706529204051,-0.242536,-0.413824,-0.845704,-17.64,-65.59,-3.85,Noise,Right
1706529204148,-0.292312,-0.540216,-0.840336,-18.97,-47.04,-5.53,Noise,Right
1706529204150,-0.279136,-0.965752,-0.731024,-21.56,-22.89,-6.37,Noise,Right
1706529204150,-0.28304,-1.225368,-0.773968,-17.92,10.43,-3.78,Noise,Right
1706529204150,-0.25132,-0.88816,-0.854976,-11.55,39.06,7.7,Noise,Right
1706529204150,-0.150304,-0.67832,-1.040416,-3.64,40.53,18.83,Noise,Right
1706529204151,-0.125904,-0.660264,-0.837408,-25.2,19.88,14.28,Noise,Right
1706529204206,-0.055632,-0.2562,-1.020896,-35.14,-2.31,13.02,Noise,Right
1706529204207,-0.090768,-0.169336,-0.928176,-44.94,-33.74,-10.15,Noise,Right
1706529204208,-0.144448,-0.015616,-0.886208,-45.64,-50.26,-26.53,Noise,Right
1706529204267,-0.040016,0.091744,-0.81252,-38.43,-57.47,-22.96,Noise,Right
1706529204269,-0.125904,0.11224,-0.7198,-35.28,-51.66,-20.16,Noise,Right
1706529204269,-0.103944,-0.123464,-0.672952,-26.18,-36.82,-20.37,Noise,Right
1706529204269,-0.064904,-0.20252,-0.71248,-15.75,-27.51,-22.61,Noise,Right
1706529204397,-0.16836,-0.21472,-0.64904,-1.12,-21.91,-27.93,Noise,Right
1706529204397,-0.16592,-0.232288,-0.68564,17.85,-0.63,-24.22,Noise,Right
1706529204397,-0.255712,-0.18544,-0.716384,34.37,18.76,-11.27,Noise,Right
1706529204397,-0.322568,-0.21228,-0.725168,37.66,22.61,-13.23,Noise,Right
1706529204398,-0.359168,-0.33672,-0.8418,38.36,32.55,3.64,Noise,Right
1706529204398,-0.272304,-0.643672,-0.821792,38.57,32.62,1.19,Noise,Right
1706529204398,-0.315736,-0.713944,-0.9272,42.07,22.12,5.46,Noise,Right
1706529204449,-0.133712,-0.855464,-0.835456,34.09,9.24,6.16,Noise,Right
1706529204449,-0.308904,-0.710528,-0.909632,26.46,3.78,8.05,Noise,Right
1706529204450,-0.259128,-0.72956,-0.837896,23.73,5.53,15.05,Noise,Right
1706529204450,-0.20496,-0.499224,-0.788608,25.2,33.53,22.26,Noise,Right
1706529204565,-0.169824,-0.297192,-0.854,28.21,63.35,29.05,Noise,Right
1706529204567,-0.042456,-0.244976,-0.984296,24.08,84.0,27.09,Noise,Right
1706529204567,0.020008,-0.135176,-1.121912,13.51,74.83,18.9,Noise,Right
1706529204568,0.03172,-0.210328,-1.120936,-7.07,39.41,3.01,Noise,Right
1706529204569,-0.022448,-0.686128,-0.976976,-2.8,13.09,-8.68,Noise,Right
1706529204569,-0.19764,-1.191696,-0.854488,7.28,-20.79,-16.45,Noise,Right
1706529204617,-0.303048,-1.35664,-0.714432,-5.39,-34.86,-2.1,Noise,Right
1706529204619,-0.382592,-1.109712,-0.681736,2.24,-28.0,9.17,Noise,Right
1706529204620,-0.419192,-0.616832,-0.758352,-0.35,-27.3,35.49,Noise,Right
1706529204667,-0.271816,-0.063928,-0.77836,25.27,22.33,28.91,Noise,Right
1706529204667,-0.022936,-0.431392,-0.776896,5.95,34.79,31.36,Noise,Right
1706529204667,0.11468,-0.3538,-1.089704,-0.7,53.06,26.81,Noise,Right
1706529204722,0.306952,-0.337208,-1.219024,-25.06,51.59,-2.52,Noise,Right
1706529204728,0.264496,-0.313296,-1.348832,-42.84,-3.99,-34.16,Noise,Right
1706529204728,0.135176,-0.24156,-1.116056,-52.01,-49.21,-54.95,Noise,Right
1706529204767,0.01464,-0.38552,-0.937448,-58.24,-72.87,-58.52,Noise,Right
1706529204767,-0.105408,-0.329888,-0.85156,-59.15,-94.01,-56.21,Noise,Right
1706529204768,-0.229848,-0.339648,-0.740784,-51.1,-97.93,-47.39,Noise,Right
1706529204887,-0.352336,-0.4636,-0.57096,-38.29,-80.5,-31.08,Noise,Right
1706529204887,-0.418704,-0.391864,-0.591456,-18.27,-41.58,-16.03,Noise,Right
1706529204888,-0.404064,-0.267912,-0.547536,1.47,-10.78,-2.38,Noise,Right
1706529204888,-0.418704,-0.166896,-0.540704,16.31,20.3,8.12,Noise,Right
1706529204888,-0.281576,-0.173728,-0.57584,28.14,46.83,14.77,Noise,Right
1706529204888,-0.136152,-0.164944,-0.715896,37.66,59.22,14.35,Noise,Right
1706529204888,0.0122,-0.242536,-0.926224,45.29,55.51,6.02,Noise,Right
1706529204934,0.049776,-0.421144,-1.10288,53.97,44.87,4.83,Noise,Right
1706529204934,-0.024888,-0.481168,-1.035536,29.68,2.59,-9.38,Noise,Right
1706529204935,-0.061976,-0.50508,-1.026264,23.94,-24.92,-18.97,Noise,Right
1706529204979,-0.115168,-0.526552,-0.94672,19.88,-43.47,-30.73,Noise,Right
1706529204979,-0.272304,-0.59048,-0.84912,17.78,-59.85,-28.21,Noise,Right
1706529204980,-0.365024,-0.641232,-0.699792,22.82,-34.23,-23.73,Noise,Right
1706529205029,-0.456768,-0.763232,-0.761768,23.45,5.46,-5.67,Noise,Right
1706529205030,-0.299144,-0.989176,-0.73932,27.23,38.29,7.63,Noise,Right
1706529205031,-0.20984,-0.909144,-0.9028,22.96,61.95,25.06,Noise,Right
1706529205160,-0.063928,-0.755424,-1.073112,22.26,67.83,33.18,Noise,Right
1706529205161,-0.020984,-0.58072,-1.17852,7.35,60.27,32.69,Noise,Right
1706529205162,0.00244,-0.504104,-1.214632,-6.93,52.85,31.5,Noise,Right
1706529205162,-0.045384,-0.527528,-1.12728,-20.93,29.82,23.38,Noise,Right
1706529205162,-0.12444,-0.656848,-0.995032,-33.25,2.03,3.15,Noise,Right
1706529205162,-0.132736,-0.707112,-0.879376,-35.35,-16.31,-10.5,Noise,Right
1706529205162,-0.108336,-1.001376,-0.732488,-45.92,-24.36,-2.24,Noise,Right
1706529205219,-0.185928,-0.810568,-0.817888,-36.61,-14.42,-3.01,Noise,Right
1706529205220,-0.093696,-0.574376,-0.759816,-25.13,-2.8,5.53,Noise,Right
1706529205220,-0.023912,-0.38064,-0.753472,-26.81,-0.49,5.32,Noise,Right
1706529205220,-0.079056,0.025376,-0.728096,-20.58,12.11,-4.41,Noise,Right
1706529205350,0.0488,0.30256,-0.863272,-1.47,31.36,5.18,Noise,Right
1706529205352,-0.008784,0.360144,-0.76616,1.05,20.65,5.88,Noise,Right
1706529205352,-0.037088,0.198128,-0.734928,1.61,18.55,4.9,Noise,Right
1706529205354,-0.062464,0.09272,-0.841312,2.87,14.07,-1.89,Noise,Right
1706529205354,-0.120536,-0.057584,-0.77104,19.11,8.68,-10.92,Noise,Right
1706529205355,-0.138104,-0.358192,-0.720288,35.07,9.66,-21.91,Noise,Right
1706529205356,-0.081984,-0.486536,-0.645624,47.53,9.52,-20.86,Noise,Right
1706529205397,-0.075152,-0.664656,-0.693448,49.14,-5.46,-10.85,Noise,Right
1706529205399,-0.054656,-0.709552,-0.721264,49.91,-7.91,-2.45,Noise,Right
1706529205399,-0.091256,-0.79056,-0.818376,56.21,3.29,-0.14,Noise,Right
1706529205444,-0.116632,-0.68564,-0.933544,49.98,17.99,13.58,Noise,Right
1706529205444,-0.138592,-0.60268,-1.006256,42.91,19.95,14.14,Noise,Right
1706529205445,-0.118584,-0.431392,-1.01748,34.16,26.46,11.62,Noise,Right
1706529205489,-0.073688,-0.39772,-0.953552,19.04,27.23,8.96,Noise,Right
1706529205490,-0.042456,-0.297192,-0.968192,10.92,32.27,7.7,Noise,Right
1706529205491,-0.040504,-0.120048,-0.967704,4.2,36.47,4.9,Noise,Right
1706529205541,0.056608,-0.227896,-0.965264,11.76,48.37,-10.29,Noise,Right
1706529205541,0.2074,-0.600728,-0.898408,12.95,34.23,-8.05,Noise,Right
1706529205542,0.081008,-1.252696,-0.830576,15.47,1.33,-21.0,Noise,Right
1706529205584,0.007808,-1.680184,-0.828624,11.2,-21.77,-24.08,Noise,Right
1706529205584,-0.14396,-1.534272,-0.908656,-5.67,-32.13,4.48,Noise,Right
1706529205584,-0.190808,-1.181936,-0.965752,-10.78,-41.37,28.14,Noise,Right
1706529205637,-0.223992,-0.61,-0.908656,-11.76,-40.67,29.26,Noise,Right
1706529205637,-0.14152,-0.294264,-0.869128,-19.6,-16.59,33.95,Noise,Right
1706529205758,-0.00244,-0.17812,-0.845216,-29.75,-11.34,26.67,Noise,Right
1706529205759,0.048312,-0.169824,-0.96624,-38.22,-9.66,8.54,Noise,Right
1706529205761,0.003904,-0.131272,-0.94184,-41.23,-10.43,-17.71,Noise,Right
1706529205762,0.193736,-0.38552,-0.8418,-46.06,-3.57,-32.2,Noise,Right
1706529205762,0.142008,-0.511912,-0.793976,-42.84,-5.6,-46.69,Noise,Right
1706529205763,0.054656,-0.606096,-0.772016,-38.29,-15.96,-42.21,Noise,Right
1706529205764,-0.162016,-0.431392,-0.76128,-31.99,-29.61,-40.88,Noise,Right
1706529205875,-0.197152,-0.357216,-0.703696,-20.86,-33.39,-26.95,Noise,Right
1706529205876,-0.262056,-0.208864,-0.698816,-6.72,-19.46,-12.25,Noise,Right
1706529205882,-0.199592,0.037088,-0.715896,9.52,-8.54,2.38,Noise,Right
1706529205882,-0.217648,0.0976,-0.711992,21.98,0.07,13.44,Noise,Right
1706529205882,-0.157624,0.069784,-0.789096,33.53,17.78,16.59,Noise,Right
1706529205882,-0.026352,-0.014152,-0.876936,48.58,29.54,6.72,Noise,Right
1706529205882,0.09272,-0.28304,-0.918416,52.78,31.64,-10.43,Noise,Right
1706529205932,0.229848,-0.547536,-0.857904,40.18,27.44,-14.07,Noise,Right
1706529205932,0.233264,-0.755424,-0.862784,31.08,5.04,-22.12,Noise,Right
1706529205932,0.064904,-0.949648,-0.873032,18.13,-14.0,-28.35,Noise,Right
1706529205934,-0.128832,-0.793488,-0.937448,18.69,-32.41,-31.64,Noise,Right
1706529206060,-0.237168,-0.825208,-0.879864,12.67,-33.25,-17.15,Noise,Right
1706529206061,-0.306952,-0.596824,-0.8418,11.76,-27.65,-5.39,Noise,Right
1706529206061,-0.327936,-0.486048,-0.8296,13.37,-11.41,2.03,Noise,Right
1706529206062,-0.353312,-0.430416,-0.835944,16.73,8.4,10.43,Noise,Right
1706529206062,-0.194224,-0.39772,-0.8906,18.83,24.71,10.43,Noise,Right
1706529206064,-0.038064,-0.628544,-0.899384,17.92,31.29,4.97,Noise,Right
1706529206064,0.143472,-1.007232,-0.899872,9.38,40.67,6.09,Noise,Right
1706529206110,0.165432,-1.118008,-1.011136,-8.96,23.03,8.05,Noise,Right
1706529206111,0.184464,-1.23464,-1.004304,-18.48,4.2,7.77,Noise,Right
1706529206111,0.003904,-0.947208,-1.065792,-26.53,-30.45,12.74,Noise,Right
1706529206111,-0.120048,-0.694424,-1.077016,-20.79,-38.92,16.31,Noise,Right
1706529206161,-0.083448,-0.513864,-0.816424,-29.75,-36.33,27.58,Noise,Right
1706529206162,-0.198616,-0.550952,-0.845216,-33.81,-26.46,23.8,Noise,Right
1706529206205,-0.197152,-0.271816,-0.755912,-33.46,-5.67,16.03,Noise,Right
1706529206206,-0.162504,-0.198128,-0.715408,-28.7,4.9,5.95,Noise,Right
1706529206206,-0.041968,-0.07808,-0.754936,-23.59,15.12,-17.78,Noise,Right
1706529206251,0.03904,-0.040016,-0.744688,-13.09,19.25,0.7,Noise,Right
1706529206251,0.109312,0.030744,-0.642696,-0.63,14.42,-9.73,Noise,Right
1706529206251,0.163968,-0.186416,-0.758352,7.14,4.83,2.52,Noise,Right
1706529206300,0.120536,-0.125416,-0.817888,13.51,-14.77,-5.53,Noise,Right
1706529206300,0.040016,-0.020008,-0.862784,22.82,-22.82,-8.47,Noise,Right
1706529206402,-0.10248,-0.062952,-0.836432,31.22,-32.97,-18.06,Noise,Right
1706529206438,-0.120048,-0.133224,-0.792024,42.42,-26.11,-8.4,Noise,Right
1706529206447,-0.2196,-0.26352,-0.81984,36.96,-22.96,-9.38,Noise,Right
1706529206449,-0.146888,-0.498248,-0.718336,50.54,-3.92,-12.67,Noise,Right
1706529206454,-0.140056,-0.528016,-0.724192,54.11,6.51,-21.28,Noise,Right
1706529206454,-0.027328,-0.862784,-0.738344,50.26,10.22,-25.69,Noise,Right
1706529206454,0.07808,-1.0004,-0.851072,47.6,14.49,-23.59,Noise,Right
1706529206454,-0.00244,-0.972096,-0.967216,24.08,5.39,-39.48,Noise,Right
1706529206455,0.13664,-1.13948,-1.047248,0.91,-2.24,-13.86,Noise,Right
1706529206455,-0.057584,-0.93696,-1.10776,13.3,-19.18,-10.78,Noise,Right
1706529206500,-0.115656,-0.857904,-1.016504,4.76,-27.37,-10.85,Noise,Right
1706529206501,-0.18788,-0.716872,-1.002352,-5.67,-24.43,-2.1,Noise,Right
1706529206545,-0.22204,-0.672464,-0.904752,-16.1,-21.14,1.82,Noise,Right
1706529206546,-0.23668,-0.737856,-0.823744,-19.6,-4.62,3.92,Noise,Right
1706529206546,-0.239608,-0.82472,-0.752496,-19.32,14.21,0.21,Noise,Right
1706529206592,0.0122,-0.735904,-0.67588,-7.77,34.72,19.6,Noise,Right
1706529206592,0.074664,-1.065792,-0.550464,-27.65,39.97,28.0,Noise,Right
1706529206592,0.05856,-0.988688,-0.986248,-28.63,27.79,24.92,Noise,Right
1706529206650,0.0488,-0.672952,-0.965752,-22.4,11.34,21.63,Noise,Right
1706529206651,0.056608,-0.666608,-1.01748,-31.57,-18.2,21.07,Noise,Right
1706529206699,-0.074176,-0.454816,-1.01748,-38.71,-28.84,10.15,Noise,Right
1706529206699,-0.064904,-0.091256,-0.867664,-51.1,-36.82,-10.43,Noise,Right
1706529206700,-0.079544,-0.089792,-0.879376,-53.9,-35.28,-9.59,Noise,Right
1706529206702,-0.101504,0.148352,-0.881816,-43.54,-45.22,-26.18,Noise,Right
1706529206759,-0.060512,0.245952,-0.77348,-29.61,-39.9,-12.32,Noise,Right
1706529206760,-0.095648,0.11712,-0.662704,-33.88,-41.23,-11.83,Noise,Right
1706529206760,-0.155184,0.014152,-0.701744,-27.44,-20.86,-13.09,Noise,Right
1706529206809,-0.123952,-0.108824,-0.68076,-3.85,4.76,-23.45,Noise,Right
1706529206810,0.213744,-0.511912,-0.681736,38.99,28.42,11.69,Noise,Right
1706529206810,-0.044408,-0.589504,-0.760792,43.26,19.39,-5.88,Noise,Right
1706529206810,0.008296,-0.691984,-0.840824,38.08,17.22,-8.89,Noise,Right
1706529206855,-0.05124,-0.59536,-0.96624,29.61,2.03,-13.37,Noise,Right
1706529206855,-0.166896,-0.616344,-0.961848,20.58,-17.08,-9.94,Noise,Right
1706529206900,-0.250344,-0.70028,-0.94184,13.86,-15.54,-5.6,Noise,Right
1706529206900,-0.291336,-0.588528,-0.915976,11.83,-5.6,2.38,Noise,Right
1706529206901,-0.2318,-0.525088,-0.850096,8.82,6.72,6.3,Noise,Right
1706529206957,-0.198128,-0.462136,-0.871568,7.56,12.39,7.0,Noise,Right
1706529206958,-0.155184,-0.29768,-0.867176,10.15,32.27,10.57,Noise,Right
1706529206958,-0.082472,-0.315248,-0.894504,16.31,46.76,11.34,Noise,Right
1706529207013,0.108824,-0.391376,-0.92232,14.77,44.87,8.68,Noise,Right
1706529207014,0.188368,-0.478728,-0.993568,10.85,29.75,3.29,Noise,Right
1706529207014,0.16348,-0.660264,-0.93696,10.01,4.62,-13.09,Scoop,Right
1706529207063,-0.079056,-1.290272,-0.842776,10.22,-5.81,-14.49,Scoop,Right
1706529207064,-0.265472,-1.420568,-0.859368,-0.35,-7.63,0.63,Scoop,Right
1706529207064,-0.44652,-1.220976,-0.816424,4.41,-4.27,14.0,Scoop,Right
1706529207064,-0.376248,-0.820328,-0.819352,-1.12,3.85,18.69,Scoop,Right
1706529207119,-0.296216,-0.4148,-0.796416,5.81,21.63,28.21,Scoop,Right
1706529207120,-0.053192,-0.250832,-0.882304,2.24,25.41,33.04,Scoop,Right
1706529207120,0.055144,-0.034648,-0.90524,-2.38,34.37,20.02,Scoop,Right
1706529207164,0.23424,0.19764,-0.988688,-6.16,35.14,6.93,Scoop,Right
1706529207165,0.421632,-0.023424,-0.910608,-16.1,34.65,-4.06,Scoop,Right
1706529207165,0.501664,-0.165432,-1.007232,-26.39,-7.77,-20.16,Scoop,Right
1706529207216,0.306952,-0.2318,-0.965264,-33.67,-54.74,-35.21,Scoop,Right
1706529207217,0.157624,-0.255712,-0.931592,-37.73,-84.56,-45.71,Scoop,Right
1706529207274,-0.066368,-0.242536,-0.85644,-32.83,-82.88,-42.42,Scoop,Right
1706529207275,-0.2928,-0.159088,-0.736392,-27.51,-71.33,-37.73,Scoop,Right
1706529207277,-0.389424,-0.395768,-0.652456,0.28,-35.42,-16.52,Scoop,Right
1706529207278,-0.451888,-0.30256,-0.6344,26.39,11.06,14.35,Scoop,Right
1706529207321,-0.301584,-0.432856,-0.59048,28.77,30.8,20.23,Scoop,Right
1706529207322,-0.154208,-0.59048,-0.69784,34.58,40.32,31.22,Scoop,Right
1706529207322,0.037576,-0.775432,-0.833016,37.24,26.6,31.29,Scoop,Right
1706529207366,0.084424,-0.686128,-0.939888,35.42,3.5,26.6,Scoop,Right
1706529207367,0.15372,-0.525576,-1.1102,30.03,-14.42,12.39,Scoop,Right
1706529207418,0.050264,-0.6222,-1.083848,15.61,-33.11,0.91,Scoop,Right
1706529207418,-0.057096,-0.542168,-1.02236,9.66,-42.77,-19.04,Scoop,Right
1706529207419,-0.10736,-0.42456,-0.974536,3.78,-47.25,-18.55,Scoop,Right
1706529207474,-0.227896,-0.250344,-0.91256,-0.98,-38.5,-19.25,Scoop,Right
1706529207474,-0.216672,-0.33672,-0.853512,4.2,-15.89,-18.06,Scoop,Right
1706529207474,-0.262544,-0.200568,-0.88572,3.5,0.0,-7.63,Scoop,Right
1706529207475,-0.1952,-0.467992,-0.730536,5.53,14.56,-18.41,Scoop,Right
1706529207524,-0.066856,-0.977952,-0.637328,22.61,38.15,-24.5,Scoop,Right
1706529207548,0.015128,-1.716296,-0.611464,9.24,8.96,-31.5,Scoop,Right
1706529207570,-0.11956,-1.594784,-0.798368,2.24,15.61,-0.42,Scoop,Right
1706529207570,-0.155184,-1.067744,-1.00284,-8.96,-6.93,8.26,Scoop,Right
1706529207571,-0.215696,-0.347944,-1.03456,18.41,3.22,22.33,Scoop,Right
1706529207631,0.062464,-0.304512,-0.860832,7.77,3.01,41.02,Scoop,Right
1706529207633,-0.236192,-0.0732,-0.965264,4.2,1.75,40.18,Scoop,Right
1706529207633,-0.0976,-0.114192,-0.926224,-5.6,5.18,29.4,Scoop,Right
1706529207635,-0.033672,-0.214232,-0.926224,-13.79,2.03,9.8,Scoop,Right
1706529207734,-0.069296,-0.305976,-0.962824,-24.85,-29.26,-19.18,Scoop,Right
1706529207735,-0.133712,-0.762256,-0.801784,-27.58,-38.08,-32.34,Scoop,Right
1706529207735,-0.103456,-0.871568,-0.738832,-25.34,-43.61,-37.03,Scoop,Right
1706529207736,-0.111752,-0.778848,-0.68564,-20.86,-36.4,-26.11,Scoop,Right
1706529207737,-0.15372,-0.50996,-0.713456,-7.35,-16.31,-15.89,Scoop,Right
1706529207738,-0.123464,-0.08784,-0.83448,7.0,-8.89,0.49,Scoop,Right
1706529207780,-0.038552,0.154208,-0.891576,20.02,20.37,19.81,Scoop,Right
1706529207780,0.006832,0.049288,-0.839848,17.29,16.31,19.32,Scoop,Right
1706529207780,-0.054656,0.046848,-0.872056,4.76,21.7,19.11,Scoop,Right
1706529207828,-0.027328,0.042944,-0.91256,-0.21,28.49,7.49,Scoop,Right
1706529207828,0.050264,-0.317688,-0.970144,7.49,19.88,-14.14,Scoop,Right
1706529207828,0.081496,-0.32452,-0.939888,36.33,28.77,-0.98,Scoop,Right
1706529207880,0.018544,-0.591456,-0.725656,22.26,-12.39,-28.07,Scoop,Right
1706529207880,0.068808,-0.531432,-0.725168,8.33,-29.96,-31.01,Scoop,Right
1706529207997,-0.103944,-0.711504,-0.749568,18.27,-27.51,-35.42,Scoop,Right
1706529207998,-0.146888,-0.680272,-0.764696,22.75,-31.5,-27.44,Scoop,Right
1706529207999,-0.295728,-0.59536,-0.796904,34.09,-19.39,-28.77,Scoop,Right
1706529207999,-0.305,-0.502152,-0.806176,38.22,-8.05,-23.87,Scoop,Right
1706529208000,-0.260592,-0.757376,-0.847656,41.51,7.49,-21.21,Scoop,Right
1706529208000,-0.183488,-0.917928,-0.93452,38.29,14.07,-13.23,Scoop,Right
1706529208000,-0.194712,-1.119472,-0.945744,17.71,6.58,-30.52,Scoop,Right
1706529208045,-0.03172,-1.036024,-0.962336,8.82,16.52,4.27,Scoop,Right
1706529208046,-0.142496,-0.878888,-0.972584,-10.78,0.14,5.67,Scoop,Right
1706529208046,-0.09516,-0.729072,-0.951112,-35.07,-3.78,18.13,Scoop,Right
1706529208105,-0.133224,-0.523136,-0.920368,-18.13,-10.01,25.2,Scoop,Right
1706529208105,-0.16104,-0.481168,-0.833504,-19.88,-12.11,27.79,Scoop,Right
1706529208107,-0.163968,-0.418216,-0.821792,-21.84,-9.03,19.11,Scoop,Right
1706529208141,-0.09516,-0.64172,-0.817888,-19.74,-5.46,16.17,Scoop,Right
1706529208141,-0.078568,-0.694912,-0.81984,-18.27,-11.41,6.37,Scoop,Right
1706529208142,-0.050264,-0.652944,-0.7808,-15.4,-12.74,11.34,Scoop,Right
1706529208185,-0.10492,-0.811056,-0.760792,-19.88,-20.37,15.89,Scoop,Right
1706529208186,-0.20496,-0.501176,-0.813496,-13.3,-15.61,20.58,Scoop,Right
1706529208238,-0.138592,-0.345016,-0.740296,-3.92,-1.96,24.78,Scoop,Right
1706529208239,-0.172752,-0.112728,-0.814472,3.78,2.94,25.27,Scoop,Right
1706529208239,-0.121024,-0.04392,-0.773968,14.98,19.88,27.51,Scoop,Right
1706529208346,-0.071248,-0.169336,-0.705648,16.94,27.86,24.71,Scoop,Right
1706529208347,-0.082472,-0.190808,-0.804224,18.13,34.02,15.26,Scoop,Right
1706529208347,0.054656,-0.305488,-0.828136,21.56,38.99,2.03,Scoop,Right
1706529208347,0.17324,-0.408456,-0.874008,23.59,25.9,-13.79,Scoop,Right
1706529208347,0.175192,-0.427976,-0.914024,18.06,-8.54,-30.38,Scoop,Right
1706529208349,0.127856,-0.554856,-0.892552,20.93,-26.18,-39.55,Scoop,Right
1706529208349,-0.053192,-0.57096,-0.961848,18.55,-24.85,-37.73,Scoop,Right
1706529208450,-0.135176,-0.403088,-0.862784,9.94,-37.17,-35.91,Scoop,Right
1706529208450,-0.274744,-0.54168,-0.80764,8.19,-35.42,-34.86,Scoop,Right
1706529208450,-0.432856,-0.585112,-0.79788,9.8,-26.25,-25.34,Scoop,Right
1706529208451,-0.316712,-0.723216,-0.707112,14.63,4.41,-15.96,Scoop,Right
1706529208451,-0.266936,-0.872544,-0.771528,11.9,13.79,-8.33,Scoop,Right
1706529208451,-0.109312,-1.007232,-0.843264,12.95,22.19,2.24,Scoop,Right
1706529208495,-0.057096,-0.806664,-0.903776,6.93,18.69,10.99,Scoop,Right
1706529208496,-0.054656,-0.74176,-0.98576,-4.83,13.65,12.88,Scoop,Right
1706529208496,-0.080032,-0.584624,-0.991128,-9.38,2.24,14.63,Scoop,Right
1706529208543,-0.142008,-0.526064,-0.921344,-15.54,-4.34,18.76,Scoop,Right
1706529208544,-0.189344,-0.3782,-0.864736,-17.85,-1.12,22.33,Scoop,Right
1706529208592,-0.22204,-0.48556,-0.78812,-16.87,4.62,25.34,Scoop,Right
1706529208592,-0.201056,-0.536312,-0.737368,-15.89,7.49,25.55,Scoop,Right
1706529208592,-0.155184,-0.67344,-0.730048,-11.76,8.12,23.1,Scoop,Right
1706529208722,-0.077592,-0.70272,-0.72224,-7.0,2.94,18.76,Scoop,Right
1706529208722,0.02196,-0.637816,-0.807152,6.44,-14.7,19.04,Scoop,Right
1706529208724,0.053192,-0.525576,-0.854976,1.54,-13.02,17.78,Scoop,Right
1706529208724,0.00488,-0.460184,-0.891576,-0.77,-18.97,18.2,Scoop,Right
1706529208724,-0.093696,-0.298168,-0.886696,-2.45,-33.53,3.57,Scoop,Right
1706529208725,-0.115656,-0.442128,-0.857904,-3.08,-29.26,3.29,Scoop,Right
1706529208725,-0.210816,-0.381616,-0.854,-4.41,-19.67,-1.68,Scoop,Right
1706529208772,-0.238144,-0.338184,-0.797392,-2.8,-10.22,-3.01,Scoop,Right
1706529208772,-0.2074,-0.403576,-0.730048,1.75,3.29,-1.68,Scoop,Right
1706529208772,-0.142496,-0.386008,-0.71004,5.39,12.11,0.14,Scoop,Right
1706529208774,-0.098088,-0.478728,-0.75152,9.66,14.28,1.12,Scoop,Right
1706529208820,-0.074664,-0.499712,-0.801784,13.79,11.34,1.19,Scoop,Right
1706529208822,-0.0366,-0.47824,-0.813984,16.94,7.0,-1.26,Scoop,Right
1706529208823,-0.038552,-0.376248,-0.845704,16.59,0.42,-4.13,Scoop,Right
1706529208866,-0.053192,-0.316224,-0.8418,17.29,-5.74,-7.42,Scoop,Right
1706529208867,-0.111264,-0.318664,-0.831552,19.18,-8.47,-14.84,Scoop,Right
1706529208912,-0.160064,-0.347456,-0.833016,25.41,-6.51,-18.48,Scoop,Right
1706529208913,-0.182024,-0.38064,-0.822768,38.5,3.29,-17.57,Scoop,Right
1706529208914,-0.184464,-0.550464,-0.782752,32.27,6.72,-17.99,Scoop,Right
1706529208959,-0.134688,-0.781288,-0.77592,32.06,7.84,-30.1,Scoop,Right
1706529208959,-0.198616,-0.906216,-0.866688,26.67,5.25,-21.35,Scoop,Right
1706529208961,-0.092232,-0.983808,-0.887184,16.45,2.59,-18.62,Scoop,Right
1706529209010,-0.137128,-0.900848,-0.984296,8.89,6.65,-13.02,Scoop,Right
1706529209010,-0.144936,-0.686616,-1.006256,-3.08,-2.87,-2.94,Scoop,Right
1706529209056,-0.150792,-0.5856,-0.95648,-12.67,-6.44,3.22,Scoop,Right
1706529209057,-0.135176,-0.440176,-0.916464,-17.78,-6.93,6.16,Scoop,Right
1706529209057,-0.109312,-0.4392,-0.869128,-18.76,-7.7,6.16,Scoop,Right
1706529209167,-0.141032,-0.392352,-0.835944,-19.6,-10.5,2.1,Scoop,Right
1706529209168,-0.153232,-0.38064,-0.838872,-20.44,-10.29,-4.69,Scoop,Right
1706529209168,-0.131272,-0.43676,-0.870104,-20.44,0.7,-10.01,Scoop,Right
1706529209169,-0.103456,-0.696864,-0.847168,-23.59,1.19,-14.49,Scoop,Right
1706529209170,-0.119072,-0.942816,-0.756888,-28.14,-9.59,-8.26,Scoop,Right
1706529209170,-0.15372,-1.367376,-0.619272,-15.33,-0.14,-1.26,Scoop,Right
1706529209171,-0.249856,-1.301496,-0.665144,-4.41,-2.03,19.39,Scoop,Right
1706529209269,-0.371368,-0.774944,-0.821792,13.65,7.14,26.74,Scoop,Right
1706529209278,-0.22936,-0.587064,-0.754448,8.4,20.93,65.66,Scoop,Right
1706529209279,-0.235704,-0.288408,-0.788608,3.43,22.68,50.68,Scoop,Right
1706529209281,-0.121024,-0.099064,-0.86864,8.4,28.42,43.12,Scoop,Right
1706529209284,0.03416,-0.06588,-0.901824,1.96,42.21,32.62,Scoop,Right
1706529209285,0.171288,-0.020496,-0.938912,-3.71,13.86,8.68,Scoop,Right
1706529209322,0.216672,-0.03172,-0.929152,-12.6,4.2,-1.05,Scoop,Right
1706529209322,0.210816,-0.1098,-0.88328,-21.21,-18.62,-15.75,Scoop,Right
1706529209323,0.177632,-0.147376,-0.860832,-28.49,-36.96,-31.36,Scoop,Right
1706529209372,0.112728,-0.193248,-0.879376,-28.0,-56.7,-48.16,Scoop,Right
1706529209372,-0.016104,-0.386984,-0.831552,-5.74,-70.42,-56.91,Scoop,Right
1706529209372,-0.067832,-0.449448,-0.70028,21.14,-55.02,-37.94,Scoop,Right
1706529209416,-0.362584,-0.333792,-0.59292,14.77,-54.67,-40.18,Scoop,Right
1706529209417,-0.299144,-0.39284,-0.576816,18.06,-30.45,-25.48,Scoop,Right
1706529209417,-0.44408,-0.527528,-0.684664,28.42,11.76,-28.07,Scoop,Right
1706529209465,-0.20984,-0.740784,-0.721752,35.0,37.31,-26.95,Scoop,Right
1706529209465,-0.16836,-0.73688,-0.847656,38.08,42.07,-32.2,Scoop,Right
1706529209517,0.037088,-0.556808,-0.892064,44.87,29.61,-24.71,Scoop,Right
1706529209518,0.107848,-0.86864,-0.765672,40.39,9.52,-53.06,Scoop,Right
1706529209518,-0.016104,-0.555832,-0.89304,43.47,5.32,-52.08,Scoop,Right
1706529209572,0.012688,-0.5612,-0.881328,42.21,-22.12,-48.37,Scoop,Right
1706529209575,-0.015616,-0.34404,-0.804712,50.89,-32.76,-57.12,Scoop,Right
1706529209576,-0.16104,-0.238632,-0.754936,46.97,-36.82,-71.05,Scoop,Right
1706529209576,-0.114192,-0.305,-0.726632,48.51,-25.06,-47.6,Scoop,Right
1706529209622,-0.175192,-0.394792,-0.70272,51.38,-9.24,-52.15,Scoop,Right
1706529209624,-0.152744,-0.64172,-0.608536,28.0,-1.47,-94.92,Scoop,Right
1706529209667,-0.041968,-0.847168,-0.653432,9.8,10.36,-121.59,Scoop,Right
1706529209669,0.1708,-1.000888,-0.759328,19.11,38.01,-75.11,Scoop,Right
1706529209669,0.211304,-0.967216,-0.914024,46.41,31.64,-17.92,Scoop,Right
1706529209721,0.13664,-0.84668,-0.964776,78.68,10.71,12.88,Scoop,Right
1706529209721,0.054168,-0.767624,-0.89548,104.02,-3.92,25.55,Scoop,Right
1706529209722,-0.0244,-0.685152,-0.815936,116.55,-10.01,27.65,Scoop,Right
1706529209772,-0.060512,-0.708576,-0.684176,116.41,-22.4,13.79,Scoop,Right
1706529209772,-0.068808,-0.810568,-0.524112,98.0,-31.08,-8.33,Scoop,Right
1706529209774,-0.077592,-0.950136,-0.417728,63.21,-24.36,-19.95,Scoop,Right
1706529209774,-0.094184,-1.020896,-0.425536,28.28,-10.71,-28.35,Scoop,Right
1706529209839,-0.080032,-1.019432,-0.513864,2.17,-0.14,-35.84,Scoop,Right
1706529209853,-0.055632,-1.010648,-0.57828,-5.32,5.6,-38.5,Scoop,Right
1706529209869,-0.008784,-0.938424,-0.613904,5.46,10.78,-27.51,Scoop,Right
1706529209869,0.028792,-0.904264,-0.660752,18.34,12.88,-7.21,Scoop,Right
1706529209870,0.055144,-0.825696,-0.657336,37.87,12.67,16.03,Scoop,Right
1706529209932,0.047824,-0.750544,-0.636352,59.01,11.69,31.71,Scoop,Right
1706529209934,0.000488,-0.690032,-0.611464,78.68,10.64,37.59,Scoop,Right
1706529209934,-0.045384,-0.66612,-0.555832,98.77,12.46,29.54,Scoop,Right
1706529209985,-0.073688,-0.717848,-0.488976,117.88,18.69,15.54,Scoop,Right
1706529209986,-0.032696,-0.809104,-0.390888,117.95,29.96,4.62,Scoop,Right
1706529209986,0.022936,-0.91256,-0.35136,102.06,37.8,-3.08,Scoop,Right
1706529209987,0.024888,-0.959896,-0.394304,62.44,39.27,-4.27,Scoop,Right
1706529210094,0.014152,-0.934032,-0.453352,37.73,34.72,-12.32,Scoop,Right
1706529210095,0.018056,-0.91012,-0.50508,30.66,28.35,-25.2,Scoop,Right
1706529210095,0.024888,-0.88816,-0.507032,30.24,24.64,-35.0,Scoop,Right
1706529210095,0.03172,-0.860344,-0.505568,34.37,23.31,-40.46,Scoop,Right
1706529210096,0.029768,-0.81496,-0.486536,44.24,23.73,-44.66,Scoop,Right
1706529210096,0.036112,-0.810568,-0.421632,62.51,27.44,-49.56,Scoop,Right
1706529210190,0.069296,-0.806664,-0.281576,85.75,32.69,-56.7,Scoop,Right
1706529210190,0.177144,-0.946232,-0.122976,98.77,41.86,-63.07,Scoop,Right
1706529210190,0.235704,-1.017968,-0.116632,81.13,42.84,-63.28,Scoop,Right
1706529210190,0.240584,-1.0004,-0.226432,36.19,42.56,-56.84,Scoop,Right
1706529210191,0.221552,-0.94184,-0.299144,20.72,48.93,-40.32,Scoop,Right
1706529210191,0.244976,-0.897432,-0.333792,47.46,50.68,-19.74,Scoop,Right
1706529210292,0.260104,-0.862784,-0.326472,85.19,58.03,1.12,Scoop,Right
1706529210294,0.22448,-0.8174,-0.306464,115.08,58.03,13.65,Scoop,Right
1706529210294,0.193736,-0.779824,-0.22204,144.27,54.39,11.13,Scoop,Right
1706529210294,0.241072,-0.840336,-0.037576,162.33,44.24,-5.46,Scoop,Right
1706529210295,0.304024,-0.981856,0.16836,139.44,28.63,-32.76,Scoop,Right
1706529210295,0.34648,-1.100928,0.227408,65.87,5.39,-56.84,Scoop,Right
1706529210341,0.288408,-1.019432,0.045384,-51.45,-6.3,-72.73,Scoop,Right
1706529210342,0.208864,-0.959408,-0.1464,-91.42,-9.24,-103.67,Scoop,Right
1706529210342,0.194224,-0.939888,-0.25376,-68.04,-0.77,-132.16,Scoop,Right
1706529210469,0.267912,-0.965264,-0.272792,-20.44,10.01,-131.46,Scoop,Right
1706529210470,0.3904,-1.026264,-0.230336,28.49,32.41,-104.23,Scoop,Right
1706529210471,0.417728,-1.089216,-0.218136,66.29,25.34,-69.3,Scoop,Right
1706529210472,0.40504,-0.984296,-0.154208,89.81,25.06,-46.48,Scoop,Right
1706529210472,0.350872,-0.896456,-0.147376,112.56,37.38,-41.02,Scoop,Right
1706529210472,0.3538,-0.83204,-0.078568,142.94,45.36,-54.88,Scoop,Right
1706529210474,0.515328,-0.989664,0.0854,150.71,36.75,-78.82,Scoop,Right
1706529210590,0.689056,-1.052616,0.18056,76.16,-9.31,-88.62,Scoop,Right
1706529210590,0.726632,-1.01016,0.05856,-12.53,-58.17,-77.49,Scoop,Right
1706529210590,0.62952,-1.008696,-0.093208,-40.6,-91.14,-62.58,Scoop,Right
1706529210591,0.613904,-0.993568,-0.104432,-13.65,-91.07,-41.51,Scoop,Right
1706529210591,0.598288,-0.9638,-0.07808,32.62,-66.64,-2.03,Scoop,Right
1706529210592,0.581208,-0.933544,-0.059048,72.87,-40.53,35.21,Scoop,Right
1706529210592,0.52704,-0.903288,-0.028792,101.5,-28.07,54.6,Scoop,Right
1706529210639,0.48312,-0.886208,0.005856,120.4,-15.89,49.7,Scoop,Right
1706529210641,0.440176,-0.964288,0.029768,120.05,-9.52,24.29,Scoop,Right
1706529210641,0.505568,-0.914512,0.050264,101.64,-43.47,-18.13,Scoop,Right
1706529210762,0.630496,-0.920368,0.162016,64.68,-89.6,-57.68,Scoop,Right
1706529210762,0.73932,-0.931104,0.219112,11.55,-140.63,-65.31,Scoop,Right
1706529210764,0.708576,-0.854488,0.21716,-14.63,-119.84,-32.41,Scoop,Right
1706529210765,0.619272,-0.856928,0.105408,-0.42,-75.88,33.39,Scoop,Right
1706529210766,0.526552,-0.8784,0.02684,46.62,-30.59,101.43,Scoop,Right
1706529210766,0.345992,-0.80276,0.067832,97.93,2.52,134.89,Scoop,Right
1706529210767,0.286944,-0.881328,0.028304,133.56,11.9,112.98,Scoop,Right
1706529210811,0.306952,-0.808616,0.111752,145.53,-35.14,61.25,Scoop,Right
1706529210811,0.40504,-0.771528,0.19032,132.72,-54.53,12.04,Scoop,Right
1706529210811,0.463112,-0.776896,0.240584,107.03,-75.6,-28.77,Scoop,Right
1706529210912,0.490928,-0.746152,0.290848,66.15,-107.24,-39.27,Scoop,Right
1706529210912,0.493368,-0.711992,0.1952,46.97,-75.39,-10.92,Scoop,Right
1706529210914,0.312808,-0.865712,0.061976,76.23,-101.08,27.09,Scoop,Right
1706529210914,0.356728,-0.887184,0.1342,138.88,-86.59,15.61,Scoop,Right
1706529210914,0.36844,-0.759816,0.209352,177.94,-97.93,-29.68,Scoop,Right
1706529210914,0.397232,-0.710528,0.267912,155.75,-111.86,-57.26,Scoop,Right
1706529210962,0.519232,-0.745176,0.37088,83.72,-75.11,-23.17,Scoop,Right
1706529210963,0.65148,-0.938424,0.348432,17.29,-58.94,12.39,Scoop,Right
1706529210963,0.759328,-1.046272,0.364536,-7.77,-59.29,28.91,Scoop,Right
1706529211014,0.65392,-0.95892,0.323544,-29.89,-32.41,63.49,Scoop,Right
1706529211015,0.466528,-0.913048,0.23912,-23.03,-13.65,72.8,Scoop,Right
1706529211015,0.32452,-0.8906,0.221552,2.38,2.38,54.04,Scoop,Right
1706529211056,0.276696,-0.858392,0.228384,20.72,11.97,30.66,Scoop,Right
1706529211056,0.313784,-0.881328,0.255224,14.49,12.39,17.22,Scoop,Right
1706529211056,0.413336,-0.875472,0.2562,2.38,-2.03,-7.07,Scoop,Right
1706529211101,0.509472,-0.9638,0.218136,-14.42,-35.28,-16.59,Scoop,Right
1706529211102,0.582184,-0.954528,0.21228,-22.47,-82.67,-10.5,Scoop,Right
1706529211102,0.530456,-0.998936,0.233264,-39.34,-107.94,3.01,Scoop,Right
1706529211155,0.511912,-0.920368,0.25376,-47.46,-84.28,19.18,Scoop,Right
1706529211155,0.406992,-0.863272,0.21716,-43.26,-22.75,30.17,Scoop,Right
1706529211276,0.262056,-0.88084,0.130296,-29.4,64.19,36.33,Scoop,Right
1706529211277,0.342088,-0.89548,0.06832,-26.18,64.4,36.68,Scoop,Right
1706529211277,0.37088,-0.86132,0.047824,-16.94,44.38,27.79,Scoop,Right
1706529211277,0.38552,-0.824232,0.086864,-3.57,-13.86,9.03,Scoop,Right
1706529211277,0.400648,-0.8418,0.150792,-1.05,-54.6,-10.85,Scoop,Right
1706529211277,0.304512,-0.894016,0.27084,-11.83,-92.19,-32.2,Scoop,Right
1706529211278,0.35624,-0.784216,0.308904,-43.68,-94.01,-48.44,Scoop,Right
1706529211337,0.478728,-0.784704,0.203496,-74.2,-126.0,-65.52,Scoop,Right
1706529211337,0.510448,-0.794464,0.164944,-75.6,-72.1,-47.25,Scoop,Right
1706529211338,0.430416,-0.64904,0.142008,-39.2,4.69,-19.46,Scoop,Right
1706529211338,0.417728,-0.777384,0.144936,7.42,105.21,-2.59,Scoop,Right
1706529211382,0.393328,-0.71248,0.157624,49.35,129.92,-1.89,Scoop,Right
1706529211382,0.426024,-0.742736,0.24156,78.82,131.53,-18.2,Scoop,Right
1706529211383,0.602192,-0.839848,0.291336,85.68,90.44,-31.01,Scoop,Right
1706529211430,0.703208,-0.81252,0.380152,62.37,18.27,-24.92,Scoop,Right
1706529211430,0.664656,-0.854488,0.460672,20.51,-56.56,-8.68,Scoop,Right
1706529211431,0.53192,-0.811056,0.438712,-17.57,-72.24,6.16,Scoop,Right
1706529211475,0.481168,-0.80276,0.336232,-34.16,-60.41,9.52,Scoop,Right
1706529211476,0.468968,-0.757864,0.221552,-34.23,-42.21,4.2,Scoop,Right
1706529211476,0.466528,-0.775432,0.120536,-24.85,-29.19,-4.62,Scoop,Right
1706529211535,0.44408,-0.784216,0.069296,-8.96,-18.9,-11.13,Scoop,Right
1706529211569,0.452864,-0.77104,0.05856,12.81,-9.31,-17.57,Scoop,Right
1706529211585,0.504592,-0.7808,0.11468,34.79,-4.41,-23.59,Scoop,Right
1706529211585,0.591456,-0.8174,0.193736,49.63,-1.33,-18.27,Scoop,Right
1706529211586,0.655872,-0.823256,0.252296,48.09,2.52,1.4,Scoop,Right
1706529211632,0.650016,-0.809104,0.332328,33.11,-9.87,19.74,Scoop,Right
1706529211634,0.597312,-0.793976,0.381616,25.34,-9.87,31.22,Scoop,Right
1706529211634,0.538752,-0.771528,0.410408,24.01,5.6,39.34,Scoop,Right
1706529211634,0.469456,-0.794464,0.391864,23.87,26.6,45.15,Scoop,Right
1706529211681,0.427488,-0.777872,0.376736,27.93,44.52,45.15,Scoop,Right
1706529211681,0.40016,-0.783728,0.34404,33.46,57.61,39.34,Scoop,Right
1706529211681,0.398208,-0.792024,0.3172,35.98,52.99,25.48,Scoop,Right
1706529211728,0.403576,-0.824232,0.333792,34.09,43.61,7.21,Scoop,Right
1706529211728,0.452864,-0.860832,0.350384,19.32,23.66,-3.15,Scoop,Right
1706529211782,0.484584,-0.872056,0.36356,-2.59,3.01,-3.01,Scoop,Right
1706529211782,0.472384,-0.884744,0.354288,-17.99,-5.74,3.99,Scoop,Right
1706529211782,0.42212,-0.873032,0.32452,-20.3,-0.14,12.46,Scoop,Right
1706529211832,0.386008,-0.862296,0.287432,-7.91,15.4,18.9,Scoop,Right
1706529211832,0.360144,-0.85644,0.264984,9.52,34.58,23.59,Scoop,Right
1706529211832,0.352824,-0.850096,0.243512,24.57,49.84,26.53,Scoop,Right
1706529211832,0.341112,-0.83692,0.232288,32.69,54.67,22.12,Scoop,Right
1706529211879,0.342088,-0.84424,0.227896,34.79,48.72,10.29,Scoop,Right
1706529211879,0.366976,-0.869616,0.240584,31.78,35.49,-3.36,Scoop,Right
1706529211929,0.445056,-0.928176,0.268888,20.93,9.24,-8.4,Scoop,Right
1706529211929,0.465552,-0.933056,0.280112,-0.14,-9.87,4.69,Scoop,Right
1706529211930,0.423096,-0.923296,0.267424,-10.57,-15.96,15.89,Scoop,Right
1706529211977,0.371856,-0.905728,0.267424,0.21,-10.08,20.65,Scoop,Right
1706529211978,0.350872,-0.899872,0.268888,21.84,6.44,25.83,Scoop,Right
1706529211978,0.340136,-0.89548,0.27816,47.39,27.72,32.48,Scoop,Right
1706529212121,0.334768,-0.897432,0.308904,67.97,45.71,35.7,Scoop,Right
1706529212128,0.342576,-0.904264,0.355752,74.62,50.96,27.3,Scoop,Right
1706529212130,0.427976,-0.960872,0.421144,65.31,38.43,19.6,Scoop,Right
1706529212140,0.502152,-1.015528,0.450424,39.41,11.9,29.12,Scoop,Right
1706529212140,0.45872,-0.990152,0.435784,7.0,-15.05,50.05,Scoop,Right
1706529212141,0.345504,-0.949648,0.394792,-8.47,-25.27,59.71,Scoop,Right
1706529212141,0.277672,-0.897432,0.355752,-2.52,-26.25,61.18,Scoop,Right
1706529212240,0.233264,-0.8662,0.34892,18.41,-16.59,62.44,Scoop,Right
1706529212241,0.2074,-0.844728,0.347456,40.74,-1.05,67.69,Scoop,Right
1706529212241,0.197152,-0.808616,0.345504,59.57,11.34,72.66,Scoop,Right
1706529212241,0.169336,-0.775432,0.390888,74.27,13.65,66.22,Scoop,Right
1706529212241,0.12444,-0.767136,0.461648,77.98,3.5,41.44,Scoop,Right
1706529212242,0.101504,-0.797392,0.544608,62.86,-18.97,8.33,Scoop,Right
1706529212242,0.125416,-0.848632,0.620248,31.36,-40.95,-17.92,Scoop,Right
1706529212242,0.156648,-0.850584,0.61244,-7.77,-49.0,-19.04,Scoop,Right
1706529212288,0.159576,-0.818376,0.540216,-27.93,-43.61,-8.68,Scoop,Right
1706529212288,0.169824,-0.796904,0.469456,-21.42,-46.41,-1.05,Scoop,Right
1706529212290,0.160064,-0.781776,0.464088,-1.54,-48.65,6.23,Scoop,Right
1706529212410,0.15372,-0.790072,0.472872,21.42,-39.27,13.09,Scoop,Right
1706529212410,0.149328,-0.780312,0.476776,37.38,-33.18,11.83,Scoop,Right
1706529212411,0.152256,-0.781776,0.51728,42.0,-33.81,-2.52,Scoop,Right
1706529212411,0.228384,-0.810568,0.586576,34.51,-38.57,-22.61,Scoop,Right
1706529212411,0.325008,-0.86864,0.64172,11.2,-37.87,-25.06,Scoop,Right
1706529212412,0.32452,-0.87108,0.591944,-20.93,-30.31,-3.22,Scoop,Right
1706529212412,0.267912,-0.843752,0.506544,-32.48,-21.35,13.44,Scoop,Right
1706529212455,0.210816,-0.810568,0.4392,-12.74,-16.1,20.72,Scoop,Right
1706529212456,0.197152,-0.804224,0.45384,17.15,-9.59,24.29,Scoop,Right
1706529212456,0.179096,-0.804712,0.49044,33.53,-10.22,24.36,Scoop,Right
1706529212506,0.176168,-0.821792,0.494344,36.19,-17.15,16.24,Scoop,Right
1706529212506,0.186416,-0.828136,0.534848,28.56,-33.6,-17.29,Scoop,Right
1706529212506,0.218624,-0.839848,0.586088,12.67,-42.84,-19.67,Scoop,Right
1706529212632,0.30256,-0.857904,0.619272,-9.94,-33.6,-31.71,Scoop,Right
1706529212632,0.36356,-0.878888,0.50264,-29.96,-15.89,-26.11,Scoop,Right
1706529212633,0.357704,-0.828136,0.462624,-37.1,-20.51,-9.66,Scoop,Right
1706529212634,0.306952,-0.81252,0.447496,-18.48,-13.02,6.3,Scoop,Right
1706529212634,0.226432,-0.813008,0.4514,12.18,2.38,16.24,Scoop,Right
1706529212634,0.183488,-0.82472,0.493856,31.78,11.48,14.63,Scoop,Right
1706529212635,0.184464,-0.816424,0.489952,35.14,8.26,3.08,Scoop,Right
1706529212757,0.244976,-0.81008,0.52216,26.39,-9.87,-12.18,Scoop,Right
1706529212758,0.271816,-0.821792,0.517768,2.38,-29.75,-25.2,Scoop,Right
1706529212758,0.313296,-0.835456,0.528016,-17.5,-32.2,-30.38,Scoop,Right
1706529212758,0.377224,-0.863272,0.517768,-34.02,-26.74,-23.94,Scoop,Right
1706529212759,0.402112,-0.870592,0.444568,-54.81,-28.42,-6.02,Scoop,Right
1706529212759,0.332816,-0.825696,0.422608,-48.79,-20.37,6.3,Scoop,Right
1706529212760,0.269376,-0.834968,0.415288,-10.43,-11.27,15.33,Scoop,Right
1706529212761,0.20008,-0.813496,0.448472,20.51,3.36,19.39,Scoop,Right
1706529212854,0.175192,-0.804224,0.440176,32.06,20.16,12.11,Scoop,Right
1706529212854,0.183488,-0.754936,0.451888,37.45,10.29,-4.76,Scoop,Right
1706529212855,0.312808,-0.786656,0.54656,9.87,-3.71,-4.27,Scoop,Right
1706529212855,0.262544,-0.767136,0.505568,-20.44,-7.07,-3.99,Scoop,Right
1706529212855,0.273768,-0.843264,0.453352,-38.64,-13.79,-13.58,Scoop,Right
1706529212856,0.32696,-0.864736,0.410896,-34.51,-26.04,-32.76,Scoop,Right
1706529212906,0.342088,-0.86376,0.377712,-28.49,-22.82,-35.28,Scoop,Right
1706529212906,0.425048,-0.919392,0.280112,-27.79,-18.2,-25.06,Scoop,Right
1706529212907,0.425536,-0.854976,0.386984,2.45,-8.89,3.01,Scoop,Right
1706529212952,0.262544,-0.880352,0.425536,11.2,5.46,18.76,Scoop,Right
1706529212954,0.236192,-0.801296,0.409432,8.05,16.03,22.54,Scoop,Right
1706529212999,0.260104,-0.827648,0.44896,4.69,19.18,24.85,Scoop,Right
1706529212999,0.22448,-0.840824,0.460672,-3.64,4.62,26.39,Scoop,Right
1706529212999,0.285968,-0.871568,0.44164,-20.16,-3.85,14.0,Scoop,Right
1706529213043,0.303536,-0.826184,0.386496,-19.46,-28.98,3.99,Scoop,Right
1706529213044,0.257664,-0.847168,0.40748,-11.34,1.47,-3.92,Scoop,Right
1706529213046,0.284504,-0.860832,0.41236,1.33,-11.76,-20.23,Scoop,Right
1706529213096,0.27328,-0.874008,0.454816,-1.75,-6.02,-21.0,Scoop,Right
1706529213098,0.32208,-0.838384,0.41968,0.84,12.04,-8.19,Scoop,Right
1706529213099,0.210328,-0.922808,0.429928,14.07,35.49,14.63,Scoop,Right
1706529213228,0.211792,-0.881816,0.425536,21.7,33.81,15.33,Scoop,Right
1706529213229,0.264008,-0.879864,0.38064,24.43,14.77,11.69,Scoop,Right
1706529213230,0.271328,-0.898408,0.404552,14.0,-12.53,5.53,Scoop,Right
1706529213231,0.24888,-1.000888,0.473848,-11.9,-27.09,0.0,Scoop,Right
1706529213232,0.275232,-0.978928,0.470432,-34.44,-33.88,-3.08,Scoop,Right
1706529213233,0.311832,-0.94916,0.475312,-36.4,-33.6,-5.95,Scoop,Right
1706529213234,0.308904,-0.999912,0.490928,-32.97,-36.4,-6.86,Scoop,Right
1706529213277,0.282064,-0.963312,0.479216,-27.51,-31.36,-8.96,Scoop,Right
1706529213294,0.2318,-0.953552,0.469456,-17.36,-22.19,-11.69,Scoop,Right
1706529213294,0.254736,-0.96624,0.463112,-14.56,-7.0,-10.29,Scoop,Right
1706529213324,0.27084,-1.030656,0.359168,-13.79,7.21,0.84,Scoop,Right
1706529213324,0.280112,-0.9516,0.323056,-0.28,-34.65,6.86,Scoop,Right
1706529213325,0.31964,-1.034072,0.223504,-7.35,-42.7,2.03,Scoop,Right
1706529213369,0.316224,-1.087752,0.282064,-30.45,-85.61,8.4,Scoop,Right
1706529213369,0.274256,-1.248304,0.36844,-42.84,-64.89,17.08,Scoop,Right
1706529213369,0.151768,-0.962336,0.362096,-44.24,-46.62,36.05,Scoop,Right
1706529213415,0.238632,-1.013088,0.288896,-35.7,-45.22,48.65,Scoop,Right
1706529213415,0.310856,-0.97356,0.320128,-8.05,-23.94,51.59,Scoop,Right
1706529213416,0.337696,-0.938912,0.277184,11.62,-14.7,38.36,Scoop,Right
1706529213462,0.30988,-0.935008,0.142984,10.29,-24.22,13.93,Scoop,Right
1706529213462,0.257176,-0.889624,0.105896,-17.99,-28.56,-12.18,Scoop,Right
1706529213509,0.317688,-1.015528,-0.021472,-51.38,-27.16,-24.85,Scoop,Right
1706529213509,0.266448,-0.956968,0.131272,-75.74,-24.01,-26.95,Scoop,Right
1706529213510,0.224968,-0.863272,0.409432,-54.32,-19.32,-23.87,Scoop,Right
1706529213557,0.274256,-0.90524,0.435784,17.64,0.07,-14.63,Scoop,Right
1706529213557,0.268888,-1.09068,0.147376,78.96,28.63,-13.79,Scoop,Right
1706529213558,0.26108,-1.04432,0.105408,87.71,34.51,-18.97,Scoop,Right
1706529213601,0.284992,-1.144848,-0.310856,31.01,27.65,-20.3,Scoop,Right
1706529213602,0.305976,-1.175104,-0.271816,-77.84,1.12,-19.67,Scoop,Right
1706529213602,0.29524,-1.031632,-0.19764,-147.77,1.12,-24.22,Scoop,Right
1706529213649,0.315248,-0.870592,-0.073688,-175.28,-0.91,-36.19,Scoop,Right
1706529213649,0.315736,-0.88328,0.017568,-165.06,-6.44,-39.62,Scoop,Right
1706529213699,0.267424,-0.968192,0.093696,-125.44,-2.24,-35.0,Scoop,Right
1706529213699,0.245952,-0.93696,0.030256,-84.14,13.93,-28.0,Scoop,Right
1706529213699,0.24156,-0.882304,-0.055632,-55.79,15.33,-19.81,Scoop,Right
1706529213741,0.22204,-0.837408,-0.117608,-52.22,25.69,-10.01,Scoop,Right
1706529213742,0.244976,-0.936472,-0.12932,-57.05,17.08,-0.21,Scoop,Right
1706529213742,0.254736,-1.062376,-0.147864,-67.13,15.68,8.75,Scoop,Right
1706529213788,0.251808,-0.889624,-0.169336,-83.09,22.33,11.34,Scoop,Right
1706529213788,0.271328,-0.898896,-0.206424,-97.51,25.34,5.95,Scoop,Right
1706529213789,0.296216,-0.84912,-0.264984,-101.01,39.06,3.15,Scoop,Right
1706529213840,0.29036,-0.754448,-0.467016,-84.63,64.12,-1.19,Scoop,Right
1706529213847,0.246928,-0.66612,-0.43432,-62.72,74.76,-0.42,Scoop,Right
1706529213881,0.218624,-0.717848,-0.38552,-64.33,64.05,1.05,Scoop,Right
1706529213882,0.176656,-0.830088,-0.216184,-88.55,55.09,9.66,Scoop,Right
1706529213884,0.200568,-1.026752,-0.0732,-103.74,34.16,19.25,Scoop,Right
1706529213926,0.129808,-0.937448,-0.052704,-111.51,26.25,27.79,Scoop,Right
1706529213927,0.17324,-0.807152,-0.160064,-108.08,20.3,28.07,Scoop,Right
1706529213927,0.264008,-0.61732,-0.157136,-111.37,44.45,42.7,Scoop,Right
1706529213972,0.290848,-0.635376,-0.038552,-109.27,38.5,50.26,Scoop,Right
1706529213972,0.260592,-0.781288,0.069296,-90.93,26.32,51.1,Scoop,Right
1706529214019,0.217648,-0.791536,0.054656,-57.89,23.94,44.45,Scoop,Right
1706529214019,0.245464,-0.553392,-0.006832,-41.09,64.89,41.23,Scoop,Right
1706529214020,0.245464,-0.758352,0.05124,-49.98,51.03,42.91,Scoop,Right
1706529214065,0.201544,-1.282952,0.182512,-43.68,29.05,42.98,Scoop,Right
1706529214065,0.159088,-1.4518,0.163968,-11.27,7.28,35.84,Scoop,Right
1706529214111,0.215208,-1.374208,-0.017568,12.53,6.37,24.57,Scoop,Right
1706529214112,0.22936,-0.949648,-0.063928,-14.77,30.45,15.96,Scoop,Right
1706529214112,0.43432,-0.402112,-0.145912,-80.29,87.71,17.57,Scoop,Right
1706529214157,0.43188,-0.58316,-0.163968,-119.0,40.18,5.88,Scoop,Right
1706529214159,0.303536,-0.97844,-0.147376,-104.93,14.49,-7.28,Scoop,Right
1706529214159,0.304024,-1.181936,-0.183976,-50.26,-2.8,-19.11,Scoop,Right
1706529214204,0.208864,-0.971608,-0.193248,-9.87,-7.77,-21.28,Scoop,Right
1706529214204,0.25376,-0.66856,-0.215208,-22.05,8.05,-14.28,Scoop,Right
1706529214204,0.305,-0.748104,-0.229848,-47.95,6.51,0.14,Scoop,Right
1706529214251,0.259128,-1.003328,-0.180072,-46.06,-14.84,12.04,Scoop,Right
1706529214251,0.248392,-1.12972,-0.204472,-9.59,-30.73,16.8,Scoop,Right
1706529214297,0.281576,-1.143872,-0.279136,34.79,-39.69,17.57,Scoop,Right
1706529214297,0.203496,-1.04432,-0.345016,49.35,-47.88,14.07,Scoop,Right
1706529214298,0.26352,-0.789096,-0.449936,23.59,-6.3,10.71,Scoop,Right
1706529214342,0.323056,-0.692472,-0.543144,-8.68,10.29,5.32,Scoop,Right
1706529214342,0.292312,-0.818376,-0.496784,-25.69,-9.24,-3.01,Scoop,Right
1706529214344,0.26108,-0.928176,-0.447496,-26.32,-22.75,-7.63,Scoop,Right
1706529214391,0.254736,-0.954528,-0.46848,-11.06,-40.6,-4.83,Scoop,Right
1706529214391,0.100528,-0.92964,-0.461648,2.66,-32.2,1.54,Scoop,Right
1706529214391,0.17568,-0.868152,-0.532408,0.07,1.82,11.83,Scoop,Right
1706529214444,0.199104,-0.91012,-0.52704,-12.95,6.09,20.44,Scoop,Right
1706529214444,0.18788,-0.967216,-0.462624,-28.91,-0.7,26.11,Scoop,Right
1706529214485,0.193736,-0.984296,-0.428952,-33.88,-4.41,27.09,Scoop,Right
1706529214485,0.19032,-0.97112,-0.446032,-28.42,-5.11,24.36,Scoop,Right
1706529214486,0.17568,-0.923784,-0.489464,-27.93,9.38,20.51,Scoop,Right
1706529214530,0.186416,-0.830576,-0.511912,-38.22,23.38,17.85,Scoop,Right
1706529214531,0.215696,-0.847656,-0.486048,-49.28,19.39,12.74,Scoop,Right
1706529214531,0.201544,-0.895968,-0.462136,-50.4,12.18,8.4,Scoop,Right
1706529214577,0.177632,-0.878888,-0.485072,-39.62,5.32,3.99,Scoop,Right
1706529214577,0.167872,-0.871568,-0.527528,-25.06,-0.56,2.73,Scoop,Right
1706529214578,0.1586,-0.843752,-0.586576,-18.2,7.07,6.44,Scoop,Right
1706529214624,0.160064,-0.796904,-0.600728,-18.97,15.96,13.3,Scoop,Right
1706529214624,0.169824,-0.791048,-0.57584,-23.38,20.09,17.57,Scoop,Right
1706529214671,0.158112,-0.843264,-0.549976,-26.11,13.93,17.71,Scoop,Right
1706529214672,0.150304,-0.913048,-0.532896,-22.47,9.24,15.75,Scoop,Right
1706529214672,0.14884,-0.976,-0.49776,-16.45,-1.26,13.79,Scoop,Right
1706529214718,0.11712,-0.91012,-0.503616,-16.52,2.59,12.32,Scoop,Right
1706529214718,0.151768,-0.861808,-0.498248,-17.01,8.19,10.64,Scoop,Right
1706529214719,0.161528,-0.800808,-0.542656,-15.47,9.66,8.05,Scoop,Right
1706529214766,0.162504,-0.807152,-0.549488,-9.24,8.26,5.88,Scoop,Right
1706529214767,0.150792,-0.813008,-0.571448,-2.31,6.93,3.78,Scoop,Right
1706529214767,0.155184,-0.799832,-0.613416,3.99,1.61,3.85,Scoop,Right
1706529214814,0.148352,-0.791536,-0.61244,1.12,-5.25,6.51,Scoop,Right
1706529214814,0.124928,-0.777384,-0.599752,-7.14,0.77,9.87,Scoop,Right
1706529214857,0.14152,-0.79788,-0.597312,-12.25,5.81,11.97,Scoop,Right
1706529214858,0.152256,-0.77836,-0.595848,-9.94,5.04,10.78,Scoop,Right
1706529214858,0.154696,-0.776408,-0.588528,-6.51,0.77,9.38,Scoop,Right
1706529214905,0.162016,-0.789096,-0.603168,-5.18,-3.85,9.03,Scoop,Right
1706529214906,0.115656,-0.814472,-0.583648,-4.06,-1.61,10.01,Scoop,Right
1706529214907,0.12444,-0.845216,-0.579256,1.54,2.52,10.01,Scoop,Right
1706529214952,0.142984,-0.855952,-0.57828,7.21,6.09,9.8,Scoop,Right
1706529214952,0.134688,-0.854488,-0.60268,8.96,4.76,8.96,Scoop,Right
1706529214952,0.146888,-0.862296,-0.616832,5.46,4.34,9.87,Scoop,Right
1706529215001,0.15128,-0.860344,-0.624152,-0.91,8.19,10.71,Scoop,Right
1706529215005,0.16104,-0.846192,-0.613416,-3.71,6.16,10.15,Scoop,Right
1706529227155,0.574864,-0.1708,-0.793976,-1.26,-0.84,-2.24,Scoop,Right
1706529227156,0.577792,-0.161528,-0.793976,-1.33,-0.77,-2.31,Scoop,Right
1706529227157,0.580232,-0.164456,-0.791048,-1.4,-1.12,-2.38,Scoop,Right
1706529227214,0.576816,-0.168848,-0.796904,-1.05,-0.84,-2.24,Scoop,Right
1706529227214,0.580232,-0.166896,-0.789584,-1.19,-1.12,-2.24,Scoop,Right
1706529227215,0.570472,-0.16348,-0.794464,-1.33,-0.84,-2.31,Scoop,Right
1706529227291,0.569496,-0.162016,-0.79544,-1.89,-0.77,-2.45,Scoop,Right
1706529227292,0.575352,-0.171288,-0.793488,-1.19,-0.98,-2.24,Scoop,Right
1706529227292,0.569496,-0.165432,-0.794464,-1.19,-1.12,-2.24,Scoop,Right
1706529227292,0.573888,-0.170312,-0.796416,-1.19,-0.98,-2.24,Scoop,Right
1706529227292,0.573888,-0.17324,-0.792024,-1.4,-0.7,-2.38,Scoop,Right
1706529227396,0.576816,-0.16592,-0.788608,-1.12,-1.05,-2.45,Scoop,Right
1706529227396,0.579256,-0.16592,-0.791536,-1.33,-0.91,-2.31,Scoop,Right
1706529227396,0.57584,-0.168848,-0.796904,-1.12,-0.84,-2.38,Scoop,Right
1706529227397,0.566568,-0.16836,-0.798368,-1.61,-1.05,-2.38,Scoop,Right
1706529227397,0.570472,-0.165432,-0.79544,-1.4,-0.98,-2.38,Scoop,Right
1706529227397,0.56852,-0.165432,-0.795928,-1.26,-1.05,-2.31,Scoop,Right
1706529227441,0.574376,-0.167872,-0.797392,-1.4,-0.98,-2.1,Scoop,Right
1706529227442,0.572424,-0.168848,-0.793976,-1.33,-0.84,-2.24,Scoop,Right
1706529227444,0.579744,-0.1586,-0.792024,-1.26,-0.98,-2.45,Scoop,Right
1706529227487,0.574864,-0.164456,-0.790072,-0.98,-0.91,-2.45,Scoop,Right
1706529227489,0.575352,-0.166896,-0.796416,-1.26,-0.91,-2.52,Scoop,Right
1706529227537,0.5734,-0.163968,-0.795928,-1.54,-0.84,-2.31,Scoop,Right
1706529227539,0.572912,-0.167872,-0.797392,-1.19,-0.98,-2.31,Scoop,Right
1706529227540,0.572912,-0.167872,-0.798856,-1.12,-0.91,-2.24,Scoop,Right
1706529227664,0.57584,-0.169336,-0.79544,-1.75,-0.56,-2.52,Scoop,Right
1706529227664,0.575352,-0.167872,-0.791536,-1.12,-0.91,-2.31,Scoop,Right
1706529227664,0.57584,-0.166408,-0.798368,-1.12,-0.84,-2.38,Scoop,Right
1706529227664,0.571448,-0.173728,-0.790072,-1.4,-0.91,-2.38,Scoop,Right
1706529227664,0.577792,-0.165432,-0.793976,-1.33,-0.7,-2.38,Scoop,Right
1706529227664,0.57096,-0.171776,-0.79544,-1.26,-0.77,-2.24,Scoop,Right
1706529227665,0.5734,-0.16592,-0.794464,-1.26,-1.05,-2.31,Scoop,Right
1706529227723,0.574864,-0.166408,-0.795928,-1.19,-0.7,-2.38,Scoop,Right
1706529227723,0.57828,-0.167872,-0.794464,-1.89,-0.98,-2.31,Scoop,Right
1706529227724,0.574864,-0.168848,-0.794464,-1.26,-0.63,-2.24,Scoop,Right
1706529227725,0.579744,-0.164944,-0.79056,-1.4,-0.77,-2.45,Scoop,Right
1706529227805,0.577304,-0.16592,-0.794464,-1.33,-0.77,-2.31,Scoop,Right
1706529227806,0.574864,-0.165432,-0.793488,-1.4,-0.84,-2.31,Scoop,Right
1706529227806,0.566568,-0.164456,-0.79544,-1.4,-1.05,-2.45,Scoop,Right
1706529227806,0.571936,-0.166896,-0.797392,-1.26,-0.91,-2.38,Scoop,Right
1706529227806,0.565592,-0.160064,-0.792024,-1.12,-0.84,-2.24,Scoop,Right
1706529227858,0.571936,-0.169824,-0.794952,-1.96,-0.7,-2.52,Scoop,Right
1706529227858,0.577792,-0.1708,-0.798368,-1.47,-0.77,-2.38,Scoop,Right
1706529227859,0.571936,-0.167872,-0.794952,-1.33,-0.91,-2.31,Scoop,Right
1706529227906,0.574376,-0.167872,-0.79544,-1.12,-0.77,-2.17,Scoop,Right
1706529227907,0.576816,-0.166896,-0.79056,-1.4,-0.84,-2.24,Scoop,Right
1706529227907,0.579744,-0.166896,-0.79056,-1.19,-0.77,-2.38,Scoop,Right
1706529227951,0.5734,-0.171288,-0.794952,-1.19,-0.84,-2.45,Scoop,Right
1706529227952,0.571936,-0.167384,-0.797392,-1.33,-0.91,-2.24,Scoop,Right
1706529227952,0.5734,-0.170312,-0.793,-1.33,-0.91,-2.31,Scoop,Right
1706529227997,0.572912,-0.166896,-0.795928,-0.91,-0.91,-2.24,Scoop,Right
1706529227998,0.571448,-0.16348,-0.794464,-1.61,-0.84,-2.24,Scoop,Right
1706529228045,0.569008,-0.16348,-0.791048,-1.19,-0.84,-2.38,Scoop,Right
1706529228046,0.575352,-0.170312,-0.797392,-1.26,-0.98,-2.38,Scoop,Right
1706529228046,0.5734,-0.171288,-0.795928,-1.33,-0.7,-2.38,Scoop,Right
1706529228091,0.577304,-0.168848,-0.790072,-1.47,-0.77,-2.24,Scoop,Right
1706529228091,0.573888,-0.1708,-0.792512,-1.33,-0.77,-2.31,Scoop,Right
1706529228091,0.574864,-0.172264,-0.794952,-1.33,-0.91,-2.24,Scoop,Right
1706529228137,0.573888,-0.167384,-0.793976,-1.4,-0.98,-2.52,Scoop,Right
1706529228138,0.570472,-0.166896,-0.79544,-1.33,-0.98,-2.52,Scoop,Right
1706529228138,0.571936,-0.168848,-0.799344,-1.26,-0.98,-2.24,Scoop,Right
1706529228184,0.575352,-0.162016,-0.79056,-1.33,-0.7,-2.38,Scoop,Right
1706529228185,0.579256,-0.168848,-0.796416,-1.12,-0.7,-2.31,Scoop,Right
1706529228231,0.569984,-0.166896,-0.794952,-1.26,-0.77,-2.38,Scoop,Right
1706529228241,0.56852,-0.168848,-0.797392,-1.26,-0.84,-2.38,Scoop,Right
1706529228242,0.572912,-0.168848,-0.797392,-1.26,-0.98,-2.24,Scoop,Right
1706529228276,0.569008,-0.172752,-0.795928,-1.05,-0.7,-2.1,Scoop,Right
1706529228276,0.57828,-0.16592,-0.798368,-1.19,-0.91,-2.52,Scoop,Right
1706529228277,0.5734,-0.164944,-0.793,-1.26,-0.84,-2.24,Scoop,Right
1706529228322,0.569984,-0.162504,-0.791048,-1.26,-0.98,-2.38,Scoop,Right
1706529228322,0.57096,-0.16592,-0.794952,-1.26,-0.91,-2.52,Scoop,Right
1706529228367,0.57096,-0.171288,-0.794464,-1.4,-0.91,-2.31,Scoop,Right
1706529228367,0.57096,-0.167872,-0.796416,-1.26,-1.05,-2.59,Scoop,Right
1706529228368,0.571936,-0.16592,-0.793976,-1.19,-0.84,-2.24,Scoop,Right
1706529228416,0.573888,-0.1708,-0.796416,-1.33,-0.84,-2.24,Scoop,Right
1706529228416,0.575352,-0.167872,-0.796416,-1.33,-0.84,-2.17,Scoop,Right
1706529228416,0.572424,-0.166896,-0.79544,-1.26,-0.98,-2.24,Scoop,Right
1706529228525,0.574376,-0.170312,-0.793,-0.91,-1.05,-2.17,Scoop,Right
1706529228525,0.574864,-0.169824,-0.795928,-1.19,-0.98,-2.31,Scoop,Right
1706529228525,0.573888,-0.167384,-0.794464,-1.26,-0.77,-2.38,Scoop,Right
1706529228526,0.5734,-0.16592,-0.792024,-1.33,-0.91,-2.31,Scoop,Right
1706529228526,0.57096,-0.168848,-0.789584,-1.26,-0.84,-2.31,Scoop,Right
1706529228526,0.571936,-0.167872,-0.79788,-1.33,-0.84,-2.38,Scoop,Right
1706529228624,0.5734,-0.16348,-0.794952,-1.33,-0.98,-2.24,Scoop,Right
1706529228625,0.57584,-0.16348,-0.793,-1.4,-0.77,-2.38,Scoop,Right
1706529228625,0.572912,-0.163968,-0.791536,-1.26,-0.7,-2.38,Scoop,Right
1706529228625,0.5734,-0.170312,-0.793488,-1.26,-0.63,-2.38,Scoop,Right
1706529228625,0.572424,-0.174216,-0.791048,-1.33,-0.7,-2.38,Scoop,Right
1706529228625,0.569496,-0.16348,-0.793488,-1.33,-0.77,-2.31,Scoop,Right
1706529228676,0.575352,-0.16836,-0.795928,-1.26,-0.7,-2.24,Scoop,Right
1706529228677,0.573888,-0.167872,-0.794952,-1.26,-0.84,-2.24,Scoop,Right
1706529228677,0.572424,-0.169824,-0.794464,-1.4,-0.91,-2.31,Scoop,Right
1706529228724,0.57584,-0.16836,-0.799344,-1.12,-0.7,-2.38,Scoop,Right
1706529228724,0.572912,-0.16592,-0.793976,-1.26,-0.91,-2.31,Scoop,Right
1706529228724,0.56852,-0.16592,-0.793,-1.26,-0.91,-2.24,Scoop,Right
1706529228772,0.571448,-0.16592,-0.795928,-0.91,-0.84,-2.24,Scoop,Right
1706529228772,0.570472,-0.167872,-0.794464,-1.33,-0.84,-2.31,Scoop,Right
1706529228772,0.569496,-0.166896,-0.800808,-1.33,-0.91,-2.45,Scoop,Right
1706529228823,0.569008,-0.161528,-0.791536,-1.05,-0.98,-2.31,Scoop,Right
1706529228823,0.575352,-0.166408,-0.797392,-1.33,-0.63,-2.24,Scoop,Right
1706529228864,0.578768,-0.166408,-0.788608,-1.26,-0.84,-2.31,Scoop,Right
1706529228865,0.5734,-0.171288,-0.791536,-1.26,-0.91,-2.38,Scoop,Right
1706529228911,0.56852,-0.164944,-0.792512,-1.19,-0.98,-2.59,Scoop,Right
1706529228911,0.565592,-0.162504,-0.791536,-1.4,-0.98,-2.31,Scoop,Right
1706529228912,0.5734,-0.166896,-0.796416,-1.19,-0.84,-2.38,Scoop,Right
1706529228961,0.571448,-0.16836,-0.796416,-1.4,-0.91,-2.31,Scoop,Right
1706529228962,0.57584,-0.166896,-0.793,-1.19,-0.77,-2.31,Scoop,Right
1706529229034,0.572912,-0.169824,-0.797392,-1.33,-0.7,-2.24,Scoop,Right
1706529229034,0.5734,-0.1708,-0.792512,-1.33,-0.98,-2.38,Scoop,Right
1706529229035,0.572424,-0.165432,-0.793,-1.26,-0.77,-2.38,Scoop,Right
1706529229035,0.570472,-0.16836,-0.795928,-1.4,-0.91,-2.31,Scoop,Right
1706529229035,0.574864,-0.172264,-0.793,-1.05,-0.91,-2.31,Scoop,Right
1706529229085,0.57096,-0.167872,-0.796904,-0.49,-0.98,-2.38,Scoop,Right
1706529229085,0.571936,-0.16836,-0.793976,-1.26,-0.84,-2.38,Scoop,Right
1706529229085,0.576328,-0.166896,-0.791536,-1.26,-0.84,-2.24,Scoop,Right
1706529229216,0.569984,-0.166408,-0.794952,-1.19,-1.05,-2.31,Scoop,Right
1706529229216,0.569984,-0.164456,-0.797392,-1.19,-0.84,-2.45,Scoop,Right
1706529229216,0.569984,-0.16348,-0.794464,-1.33,-0.84,-2.38,Scoop,Right
1706529229218,0.572424,-0.16348,-0.793976,-1.82,-0.91,-2.52,Scoop,Right
1706529229218,0.5734,-0.163968,-0.796904,-1.4,-0.91,-2.45,Scoop,Right
1706529229218,0.574864,-0.165432,-0.792512,-1.33,-0.84,-2.24,Scoop,Right
1706529229218,0.577792,-0.168848,-0.793488,-1.47,-0.91,-2.31,Scoop,Right
1706529229272,0.582184,-0.15616,-0.792024,-1.33,-0.77,-2.38,Scoop,Right
1706529229272,0.665632,-0.131272,-0.794464,2.66,-0.91,-9.17,Scoop,Right
1706529229272,0.734928,-0.133712,-0.700768,2.17,-2.38,-7.0,Scoop,Right
1706529229273,0.640256,-0.3416,-0.744688,-31.57,2.59,42.14,Scoop,Right
1706529229317,0.465552,-0.247904,-0.78568,-38.15,10.85,51.31,Scoop,Right
1706529229317,0.350872,-0.2928,-0.949648,-29.26,14.35,33.53,Scoop,Right
1706529229378,0.434808,-0.227408,-0.8418,-14.7,-2.52,16.8,Scoop,Right
1706529229386,0.586576,-0.1098,-0.821792,-15.19,12.88,16.87,Scoop,Right
1706529229390,0.715896,0.084424,-0.768112,-17.85,3.57,20.58,Scoop,Right
1706529229411,0.718824,0.044896,-0.715896,1.05,-3.43,-6.58,Scoop,Right
1706529229411,0.900848,0.064904,-1.094096,13.58,-2.31,-17.99,Scoop,Right
1706529229412,0.566568,0.024888,-0.576328,-23.03,-1.89,26.88,Scoop,Right
1706529229458,0.472384,-0.447496,-0.886696,-27.72,12.39,48.72,Scoop,Right
1706529229458,0.46848,-0.294264,-0.925736,-35.7,-9.45,47.67,Scoop,Right
1706529229458,0.44408,0.0488,-0.971608,-35.91,-8.12,33.53,Scoop,Right
1706529229504,0.493856,0.16592,-0.897432,-64.19,-43.75,16.73,Scoop,Right
1706529229504,0.33916,0.362584,-0.824232,-83.09,-53.97,-29.05,Scoop,Right
1706529229553,0.722728,0.147864,-1.11996,-134.96,-91.56,-61.81,Scoop,Right
1706529229554,0.894504,-0.489952,-1.5982,-102.06,-30.8,-39.34,Scoop,Right
1706529229554,1.160952,-0.289384,-1.040904,-41.93,29.54,-1.68,Scoop,Right
1706529229596,0.694424,-0.174216,-1.112152,-0.56,68.74,31.08,Scoop,Right
1706529229597,0.56364,0.01464,-0.998936,6.72,76.23,41.93,Scoop,Right
1706529229598,0.479216,0.16836,-0.98088,-16.03,71.96,45.08,Scoop,Right
1706529229642,0.477752,0.219112,-0.906704,-49.56,61.88,32.62,Scoop,Right
1706529229642,0.568032,0.140056,-0.83448,-67.48,53.06,19.11,Scoop,Right
1706529229644,0.626592,0.051728,-0.777384,-69.16,48.44,13.72,Scoop,Right
1706529229692,0.61,-0.010248,-0.782264,-55.65,45.5,13.51,Scoop,Right
1706529229692,0.511424,-0.11712,-0.792512,-34.23,36.19,21.63,Scoop,Right
1706529229810,0.42456,-0.262056,-0.806176,-4.34,13.51,47.32,Scoop,Right
1706529229811,0.422608,-0.208864,-0.853024,15.12,-9.24,63.35,Scoop,Right
1706529229811,0.473848,-0.19276,-0.798368,7.14,-29.54,62.37,Scoop,Right
1706529229811,0.60268,-0.19764,-0.76128,5.46,-33.53,58.66,Scoop,Right
1706529229811,0.722728,-0.099552,-0.79788,19.25,-26.53,56.63,Scoop,Right
1706529229812,0.706624,-0.04392,-0.728584,34.65,-13.79,52.71,Scoop,Right
1706529229812,0.666608,0.017568,-0.653432,45.15,-3.08,40.53,Scoop,Right
1706529229861,0.667584,0.050264,-0.706624,43.75,6.58,28.07,Scoop,Right
1706529229861,0.646112,0.043432,-0.689056,26.88,9.66,24.99,Scoop,Right
1706529229861,0.506544,-0.229848,-0.88328,13.79,16.03,27.37,Scoop,Right
1706529229924,0.598288,-0.419192,-0.844728,22.61,14.35,43.61,Scoop,Right
1706529229942,0.47824,-0.139568,-0.783728,37.66,17.57,46.55,Scoop,Right
1706529229943,0.510448,-0.218624,-0.740784,28.0,11.27,40.32,Scoop,Right
1706529230032,0.568032,-0.203496,-0.701256,21.0,9.24,33.11,Scoop,Right
1706529230034,0.62708,-0.232288,-0.70028,17.22,8.12,28.42,Scoop,Right
1706529230034,0.628056,-0.231312,-0.670024,30.52,16.8,28.0,Scoop,Right
1706529230034,0.582672,-0.243512,-0.660264,28.77,13.3,22.4,Scoop,Right
1706529230034,0.533384,-0.240584,-0.682224,21.98,6.09,11.76,Scoop,Right
1706529230035,0.569984,-0.284992,-0.688568,8.47,0.7,3.22,Scoop,Right
1706529230035,0.560712,-0.316712,-0.709064,-6.44,-0.21,9.45,Scoop,Right
1706529230085,0.530456,-0.312808,-0.692472,-12.74,5.04,20.09,Scoop,Right
1706529230085,0.51728,-0.311344,-0.702232,-19.6,8.75,27.23,Scoop,Right
1706529230086,0.571936,-0.30012,-0.660264,-19.81,9.38,27.79,Scoop,Right
1706529230159,0.633424,-0.298656,-0.633912,-12.81,12.95,27.37,Scoop,Right
1706529230159,0.67588,-0.319152,-0.594384,1.33,18.83,25.69,Scoop,Right
1706529230160,0.652456,-0.320616,-0.600728,11.34,19.67,26.95,Scoop,Right
1706529230160,0.618296,-0.341112,-0.622688,22.19,19.6,16.17,Scoop,Right
1706529230160,0.58072,-0.359168,-0.632936,30.24,15.19,10.5,Scoop,Right
1706529230203,0.567544,-0.350872,-0.657336,30.24,12.81,0.28,Scoop,Right
1706529230203,0.593408,-0.397232,-0.667584,26.46,10.29,1.47,Scoop,Right
1706529230203,0.595848,-0.3782,-0.645624,19.04,15.26,6.72,Scoop,Right
1706529230250,0.608048,-0.38308,-0.62952,11.62,23.31,13.02,Scoop,Right
1706529230251,0.647088,-0.418216,-0.626104,7.56,28.63,17.85,Scoop,Right
1706529230299,0.651968,-0.411872,-0.598288,8.33,30.94,22.96,Scoop,Right
1706529230299,0.663192,-0.418216,-0.578768,16.1,28.56,23.45,Scoop,Right
1706529230300,0.62708,-0.428464,-0.593896,28.0,24.64,19.25,Scoop,Right
1706529230422,0.5978,-0.429928,-0.61,38.43,17.36,11.41,Scoop,Right
1706529230424,0.605608,-0.426512,-0.609024,42.63,8.4,2.94,Scoop,Right
1706529230424,0.650992,-0.389912,-0.581696,39.41,4.69,0.28,Scoop,Right
1706529230424,0.681248,-0.376736,-0.596336,31.08,7.0,2.87,Scoop,Right
1706529230424,0.7076,-0.406016,-0.610488,23.66,15.47,13.51,Scoop,Right
1706529230425,0.67588,-0.427,-0.59536,17.5,26.39,25.06,Scoop,Right
1706529230425,0.652944,-0.442616,-0.595848,15.61,33.04,31.5,Scoop,Right
1706529230560,0.64416,-0.472384,-0.553392,19.18,34.37,33.46,Scoop,Right
1706529230560,0.619272,-0.485072,-0.528016,24.99,32.41,32.76,Scoop,Right
1706529230561,0.598776,-0.48556,-0.510448,31.99,26.18,26.81,Scoop,Right
1706529230561,0.591456,-0.49532,-0.511424,37.17,17.71,17.15,Scoop,Right
1706529230561,0.620736,-0.467016,-0.534848,36.68,8.12,8.89,Scoop,Right
1706529230562,0.66124,-0.450912,-0.563152,31.71,3.36,7.42,Scoop,Right
1706529230562,0.705648,-0.426024,-0.567544,25.55,6.79,9.31,Scoop,Right
1706529230562,0.709552,-0.459208,-0.555344,18.55,14.77,15.96,Scoop,Right
1706529230607,0.681736,-0.51728,-0.553392,12.39,25.97,24.43,Scoop,Right
1706529230608,0.625616,-0.552416,-0.54412,13.23,31.29,26.95,Scoop,Right
1706529230608,0.591456,-0.581696,-0.494832,14.84,29.26,19.95,Scoop,Right
1706529230653,0.608048,-0.569008,-0.403576,11.2,22.26,7.7,Scoop,Right
1706529230653,0.641232,-0.567544,-0.42456,10.85,14.07,-5.32,Scoop,Right
1706529230653,0.655872,-0.571448,-0.47092,18.41,7.7,-11.41,Scoop,Right
1706529230699,0.713944,-0.578768,-0.526552,31.43,4.62,-5.25,Scoop,Right
1706529230700,0.76372,-0.587552,-0.520696,47.81,6.58,12.95,Scoop,Right
1706529230700,0.737368,-0.549,-0.540216,57.68,13.51,32.06,Scoop,Right
1706529230745,0.73444,-0.565104,-0.48312,57.54,22.47,45.99,Scoop,Right
1706529230746,0.644648,-0.543144,-0.428464,46.13,31.71,49.98,Scoop,Right
1706529230792,0.545584,-0.569496,-0.36844,25.2,30.31,35.84,Scoop,Right
1706529230794,0.493856,-0.650504,-0.350872,3.85,19.6,10.78,Scoop,Right
1706529230794,0.501664,-0.670512,-0.382104,-8.75,4.69,-16.38,Scoop,Right
1706529230839,0.657824,-0.551928,-0.384056,-11.62,-5.18,-33.32,Scoop,Right
1706529230839,0.801784,-0.527528,-0.444568,-8.33,-1.12,-26.95,Scoop,Right
1706529230840,0.839848,-0.548024,-0.505568,8.68,8.82,-3.29,Scoop,Right
1706529230885,0.745176,-0.560712,-0.530944,29.26,16.45,21.42,Scoop,Right
1706529230887,0.660264,-0.595848,-0.51728,45.43,20.37,29.75,Scoop,Right
1706529230887,0.659776,-0.723704,-0.493368,57.82,21.28,31.43,Scoop,Right
1706529230931,0.599752,-0.728096,-0.369416,61.11,20.93,33.74,Scoop,Right
1706529230932,0.574376,-0.701256,-0.254248,46.76,19.39,24.43,Scoop,Right
1706529230979,0.622688,-0.744688,-0.238144,26.11,19.39,14.28,Scoop,Right
1706529230980,0.621712,-0.719312,-0.319152,15.47,20.16,7.49,Scoop,Right
1706529230980,0.673928,-0.632936,-0.337696,11.34,21.98,0.07,Scoop,Right
1706529231024,0.778848,-0.549488,-0.356728,9.52,24.99,3.43,Scoop,Right
1706529231024,0.83692,-0.518744,-0.35624,12.88,39.48,24.29,Scoop,Right
1706529231025,0.748592,-0.590968,-0.432368,28.77,56.84,38.22,Scoop,Right
1706529231071,0.61,-0.66368,-0.396744,45.36,50.12,46.62,Scoop,Right
1706529231072,0.055144,-0.475312,-0.316712,34.02,41.72,27.51,Scoop,Right
1706529231072,0.642696,-1.051152,-0.245464,18.55,-0.07,-15.4,Scoop,Right
1706529231122,0.611464,-0.795928,-0.197152,30.03,-9.59,-4.2,Scoop,Right
1706529231124,0.611464,-0.752008,-0.278648,28.42,-6.86,3.71,Scoop,Right
1706529231167,0.644648,-0.725168,-0.230824,28.77,-3.08,4.76,Scoop,Right
1706529231168,0.715896,-0.622688,-0.279624,16.17,6.51,16.03,Scoop,Right
1706529231168,0.77592,-0.549976,-0.267912,14.91,17.57,22.68,Scoop,Right
1706529231212,0.662704,-0.648064,-0.230824,10.43,23.87,9.66,Scoop,Right
1706529231214,0.626104,-0.905728,-0.175192,11.34,19.25,3.22,Scoop,Right
1706529231214,0.526552,-0.775432,-0.234728,26.39,11.13,-2.1,Scoop,Right
1706529231258,0.565104,-0.812032,-0.23912,24.08,-9.8,-9.52,Scoop,Right
1706529231259,0.66124,-0.813008,-0.225456,26.46,-12.81,-7.28,Scoop,Right
1706529231259,0.640256,-0.792512,-0.181536,30.59,-2.24,7.07,Scoop,Right
1706529231306,0.672464,-0.786168,-0.18056,28.07,8.05,21.07,Scoop,Right
1706529231307,0.647576,-0.643672,-0.206912,25.13,20.37,24.92,Scoop,Right
1706529231354,0.742736,-0.648552,-0.215696,15.05,28.42,20.09,Scoop,Right
1706529231354,0.692472,-0.615856,-0.247416,9.73,36.47,22.33,Scoop,Right
1706529231354,0.572424,-0.677344,-0.221064,5.04,31.71,7.63,Scoop,Right
1706529231400,0.599264,-0.751032,-0.217648,6.37,16.73,-2.24,Scoop,Right
1706529231401,0.577304,-0.765184,-0.176168,10.15,5.67,-3.01,Scoop,Right
1706529231401,0.569984,-0.794464,-0.154208,15.4,-3.15,-2.52,Scoop,Right
1706529231446,0.560712,-0.78568,-0.128832,20.79,-10.01,-6.72,Scoop,Right
1706529231446,0.608536,-0.784216,-0.111752,25.2,-4.06,-0.42,Scoop,Right
1706529231447,0.632448,-0.755424,-0.084912,28.07,7.7,7.98,Scoop,Right
1706529231492,0.66612,-0.70516,-0.08052,20.79,20.51,19.53,Scoop,Right
1706529231494,0.638304,-0.670024,-0.111264,14.28,29.61,19.04,Scoop,Right
1706529231540,0.589504,-0.689056,-0.16104,7.7,28.77,13.02,Scoop,Right
1706529231540,0.545584,-0.71004,-0.189344,4.27,19.04,4.55,Scoop,Right
1706529231540,0.534848,-0.721264,-0.178608,2.1,6.16,-3.5,Scoop,Right
1706529231589,0.531432,-0.743224,-0.140544,1.19,-6.23,-7.56,Scoop,Right
1706529231589,0.564616,-0.774944,-0.077592,2.52,-12.67,-7.35,Scoop,Right
1706529231590,0.573888,-0.767624,-0.054656,3.15,-15.26,-3.85,Scoop,Right
1706529231701,0.611464,-0.740784,-0.038064,5.25,-11.62,0.77,Scoop,Right
1706529231703,0.61732,-0.760792,-0.015128,6.37,-2.8,2.17,Scoop,Right
1706529231713,0.598288,-0.76128,-0.023912,7.77,3.78,1.05,Scoop,Right
1706529231714,0.579744,-0.723704,-0.057096,7.49,7.56,-0.77,Scoop,Right
1706529231717,0.57096,-0.679784,-0.105896,4.27,6.44,-4.55,Scoop,Right
1706529231717,0.530456,-0.661728,-0.1464,-2.8,0.35,-9.24,Scoop,Right
1706529231797,0.510936,-0.658312,-0.144448,-11.41,-10.85,-14.84,Scoop,Right
1706529231797,0.459696,-0.662216,-0.106872,-23.38,-25.97,-23.94,Scoop,Right
1706529231798,0.467504,-0.720776,-0.098576,-35.35,-41.02,-28.7,Scoop,Right
1706529231798,0.484584,-0.719312,-0.119072,-40.53,-53.48,-24.57,Scoop,Right
1706529231798,0.521672,-0.708576,-0.11712,-38.78,-58.73,-19.53,Scoop,Right
1706529231799,0.592432,-0.732976,-0.091256,-36.96,-58.73,-17.5,Scoop,Right
1706529231849,0.65392,-0.732,-0.0488,-37.1,-53.69,-15.75,Scoop,Right
1706529231849,0.689544,-0.672952,-0.028792,-42.91,-44.87,-17.85,Scoop,Right
1706529231849,0.650504,-0.627568,-0.08052,-55.37,-38.78,-30.94,Scoop,Right
1706529231896,0.586088,-0.647576,-0.160552,-72.24,-42.63,-49.63,Scoop,Right
1706529231896,0.564616,-0.730536,-0.27328,-83.79,-53.69,-66.43,Scoop,Right
1706529231897,0.59048,-0.721752,-0.339648,-84.14,-67.2,-67.06,Scoop,Right
1706529231945,0.599264,-0.642696,-0.4026,-69.93,-62.58,-52.85,Scoop,Right
1706529231945,0.606584,-0.668072,-0.399184,-58.52,-62.86,-35.77,Scoop,Right
1706529231946,0.597312,-0.657824,-0.354288,-48.65,-59.22,-19.04,Scoop,Right
1706529232071,0.598776,-0.672464,-0.296216,-47.53,-56.07,-17.43,Scoop,Right
1706529232072,0.615368,-0.676368,-0.203496,-55.3,-54.6,-21.77,Scoop,Right
1706529232072,0.633912,-0.581696,-0.176168,-75.39,-55.3,-42.28,Scoop,Right
1706529232074,0.632448,-0.58072,-0.260592,-98.91,-59.71,-73.71,Scoop,Right
1706529232076,0.635376,-0.576816,-0.39772,-108.43,-72.31,-94.29,Scoop,Right
1706529232077,0.640256,-0.582184,-0.472384,-102.62,-78.12,-103.6,Scoop,Right
1706529232077,0.610976,-0.52948,-0.543144,-85.33,-82.95,-97.23,Scoop,Right
1706529232211,0.594872,-0.491904,-0.521672,-70.7,-86.03,-82.32,Scoop,Right
1706529232211,0.613416,-0.503616,-0.521184,-56.42,-77.98,-58.31,Scoop,Right
1706529232211,0.62708,-0.490928,-0.538264,-41.65,-62.86,-32.9,Scoop,Right
1706529232212,0.69784,-0.54412,-0.471896,-33.74,-48.09,-12.11,Scoop,Right
1706529232212,0.812032,-0.554368,-0.433344,-29.68,-29.96,16.38,Scoop,Right
1706529232212,0.775432,-0.450424,-0.412848,-37.52,-8.68,39.41,Scoop,Right
1706529232212,0.5978,-0.333304,-0.488,-56.21,7.42,28.0,Scoop,Right
1706529232212,0.566568,-0.30988,-0.504104,-70.0,0.84,-13.51,Scoop,Right
1706529232310,0.502152,-0.3782,-0.56608,-83.23,-17.78,-42.28,Scoop,Right
1706529232310,0.52216,-0.44164,-0.658312,-84.49,-9.45,-54.46,Scoop,Right
1706529232310,0.540704,-0.478728,-0.66368,-74.13,-12.67,-48.93,Scoop,Right
1706529232311,0.528992,-0.481168,-0.6588,-56.56,-11.48,-36.54,Scoop,Right
1706529232311,0.574864,-0.471408,-0.63196,-42.91,-8.54,-18.76,Scoop,Right
1706529232311,0.603656,-0.397232,-0.61,-39.9,-5.46,3.99,Scoop,Right
1706529232360,0.617808,-0.143472,-0.622688,-42.56,-0.84,18.41,Scoop,Right
1706529232360,0.662216,-0.122,-0.672952,-41.51,12.18,15.54,Scoop,Right
1706529232360,0.654896,-0.088328,-0.796904,-37.66,17.78,3.08,Scoop,Right
1706529232411,0.57584,-0.089304,-0.853024,-35.63,13.37,-8.82,Scoop,Right
1706529232411,0.493856,-0.15128,-0.901824,-31.78,4.2,-28.0,Scoop,Right
1706529232412,0.412848,-0.213744,-0.940376,-19.6,-10.78,-49.84,Scoop,Right
1706529232517,0.619272,-0.273768,-0.879864,-4.97,-29.19,-50.61,Scoop,Right
1706529232517,0.715408,-0.275232,-0.867176,3.78,-33.25,-25.76,Scoop,Right
1706529232518,0.861808,-0.297192,-0.911584,14.28,-24.78,12.95,Scoop,Right
1706529232518,0.796904,-0.244488,-0.966728,30.24,-12.6,46.83,Scoop,Right
1706529232518,0.638792,-0.109312,-0.986736,41.44,-8.89,46.27,Scoop,Right
1706529232518,0.510936,-0.030256,-0.972096,37.31,-21.0,19.32,Scoop,Right
1706529232519,0.475312,-0.087352,-0.914512,18.69,-37.03,-31.57,Scoop,Right
1706529232621,0.438712,-0.1464,-0.854,2.03,-55.65,-43.89,Scoop,Right
1706529232622,0.564128,-0.210328,-0.852536,-6.65,-69.16,-50.4,Scoop,Right
1706529232622,0.810568,-0.298656,-0.833016,-2.59,-63.84,-27.37,Scoop,Right
1706529232622,0.851072,-0.305976,-0.901336,3.5,-36.82,7.28,Scoop,Right
1706529232624,0.786656,-0.246928,-0.947696,9.17,-12.04,31.64,Scoop,Right
1706529232624,0.656848,-0.135664,-0.947696,5.04,8.12,37.87,Scoop,Right
1706529232672,0.565592,-0.042456,-0.883768,-12.53,14.98,23.87,Scoop,Right
1706529232672,0.447008,-0.086376,-0.865712,-32.76,10.57,2.73,Scoop,Right
1706529232672,0.357704,-0.213744,-0.864736,-44.03,-7.21,-16.8,Scoop,Right
1706529232720,0.408944,-0.270352,-0.79056,-40.32,-28.49,-31.36,Scoop,Right
1706529232721,0.42944,-0.207888,-0.817888,-33.18,-42.56,-41.09,Scoop,Right
1706529232721,0.64416,-0.249856,-0.884744,-30.24,-45.5,-37.1,Scoop,Right
1706529232827,0.789096,-0.297192,-0.955016,-25.13,-30.94,-16.03,Scoop,Right
1706529232828,0.81984,-0.372344,-0.960872,-3.01,-4.13,10.78,Scoop,Right
1706529232828,0.723704,-0.2562,-0.940376,16.03,20.72,32.69,Scoop,Right
1706529232828,0.596824,-0.061,-0.94184,13.79,33.11,35.42,Scoop,Right
1706529232829,0.47336,0.00244,-0.918416,-5.25,33.67,19.74,Scoop,Right
1706529232829,0.381128,-0.074664,-0.845704,-25.34,22.89,1.47,Scoop,Right
1706529232871,0.353312,-0.221552,-0.777872,-30.31,6.93,-11.48,Scoop,Right
1706529232879,0.35624,-0.240096,-0.67344,-23.66,-9.8,-18.13,Scoop,Right
1706529232921,0.400648,-0.168848,-0.650016,-17.64,-24.36,-22.68,Scoop,Right
1706529232922,0.54168,-0.0976,-0.686616,-17.78,-28.77,-23.66,Scoop,Right
1706529232924,0.65392,-0.241072,-0.820816,-14.77,-18.34,-10.71,Scoop,Right
1706529233025,0.725168,-0.235216,-0.820816,0.77,-0.35,11.2,Scoop,Right
1706529233026,0.29768,0.00976,-0.507032,29.26,110.81,35.14,Scoop,Right
1706529233026,0.648552,-0.331352,-0.28792,-4.62,61.88,22.26,Scoop,Right
1706529233026,0.60756,-0.227896,-0.86132,-7.14,52.01,11.13,Scoop,Right
1706529233027,0.438712,-0.03904,-0.958432,-20.3,38.36,2.17,Scoop,Right
1706529233027,0.63684,-0.470432,-1.674328,-38.64,12.04,-15.82,Scoop,Right
1706529233028,0.617808,-0.245464,-0.780312,0.0,-9.87,3.71,Scoop,Right
1706529233073,0.501664,-0.135664,-0.785192,7.35,-3.15,-14.77,Scoop,Right
1706529233073,0.586576,-0.179096,-0.796416,4.48,-2.45,-9.87,Scoop,Right
1706529233124,0.587064,-0.146888,-0.772992,5.18,-3.29,-11.9,Scoop,Right
1706529233125,0.589016,-0.163968,-0.815448,6.44,-6.58,-12.46,Scoop,Right
1706529233125,0.551928,-0.160552,-0.789584,3.29,-19.67,-7.35,Scoop,Right
1706529233234,0.520208,-0.216184,-0.826184,2.73,13.86,-9.17,Scoop,Right
1706529233234,0.643184,-0.166408,-1.045296,1.96,-4.62,0.98,Scoop,Right
1706529233235,0.577304,-0.191784,-0.811056,-1.68,-3.01,-2.73,Scoop,Right
1706529233236,0.564616,-0.172264,-0.786656,-1.26,-0.98,-2.38,Scoop,Right
1706529233236,0.571936,-0.172752,-0.772992,-0.7,-0.77,-1.89,Scoop,Right
1706529233236,0.5612,-0.178608,-0.786168,-1.19,-0.77,-2.38,Scoop,Right
1706529233237,0.574376,-0.17812,-0.786168,-1.33,-1.05,-2.45,Scoop,Right
1706529233334,0.56608,-0.167872,-0.799832,-1.26,-0.91,-2.31,Scoop,Right
1706529233334,0.564616,-0.169336,-0.806664,-1.47,-0.84,-2.38,Scoop,Right
1706529233334,0.560224,-0.1708,-0.797392,-1.12,-0.77,-2.45,Scoop,Right
1706529233334,0.560224,-0.172264,-0.787144,-1.19,-0.98,-2.24,Scoop,Right
1706529233334,0.564128,-0.167384,-0.79056,-1.4,-0.77,-2.31,Scoop,Right
1706529233334,0.561688,-0.176656,-0.800808,-1.26,-0.84,-2.31,Scoop,Right
1706529233384,0.576816,-0.177632,-0.802272,-0.98,-0.98,-2.45,Scoop,Right
1706529233386,0.56608,-0.176656,-0.808616,-1.26,-0.98,-2.24,Scoop,Right
1706529233387,0.567056,-0.167872,-0.802272,-1.19,-0.98,-2.38,Scoop,Right
1706529233437,0.562664,-0.170312,-0.79544,-1.19,-0.98,-2.45,Scoop,Right
1706529233445,0.573888,-0.167384,-0.804712,-1.12,-1.05,-2.38,Scoop,Right
1706529233479,0.56608,-0.170312,-0.803248,-1.4,-0.84,-2.38,Scoop,Right
1706529233480,0.57584,-0.177144,-0.792024,-1.12,-0.7,-2.38,Scoop,Right
1706529233480,0.56852,-0.170312,-0.793976,-1.26,-0.7,-2.24,Scoop,Right
1706529233527,0.565592,-0.162992,-0.793,-1.33,-0.77,-2.31,Scoop,Right
1706529233528,0.564616,-0.167384,-0.794464,-1.19,-0.84,-2.31,Scoop,Right
1706529233529,0.564616,-0.171288,-0.786168,-1.47,-0.77,-2.45,Scoop,Right
1706529233574,0.56852,-0.168848,-0.794952,-0.91,-0.98,-2.03,Scoop,Right
1706529233574,0.56852,-0.171776,-0.801784,-1.4,-0.98,-2.31,Scoop,Right
1706529233575,0.566568,-0.171288,-0.796904,-1.4,-0.91,-2.38,Scoop,Right
1706529233619,0.564616,-0.172264,-0.795928,-1.05,-0.98,-2.45,Scoop,Right
1706529233620,0.567056,-0.1708,-0.796416,-1.33,-0.63,-2.24,Scoop,Right
1706529233666,0.569984,-0.167872,-0.793488,-1.19,-0.84,-2.31,Scoop,Right
1706529233668,0.568032,-0.172752,-0.791048,-1.26,-0.91,-2.38,Scoop,Right
1706529233669,0.567056,-0.174216,-0.791048,-1.4,-0.91,-2.38,Scoop,Right
1706529233712,0.565592,-0.166896,-0.791048,-1.26,-0.91,-2.17,Scoop,Right
1706529233714,0.56608,-0.17324,-0.796904,-1.26,-0.91,-2.45,Scoop,Right
1706529233714,0.574376,-0.174704,-0.797392,-1.19,-0.91,-2.38,Scoop,Right
1706529233759,0.561688,-0.168848,-0.794952,-1.82,-0.63,-2.52,Scoop,Right
1706529233760,0.561688,-0.172752,-0.796416,-1.33,-0.98,-2.38,Scoop,Right
1706529233761,0.565104,-0.1708,-0.794464,-1.47,-0.77,-2.24,Scoop,Right
1706529233805,0.569496,-0.1708,-0.797392,-1.12,-1.12,-2.38,Scoop,Right
1706529233806,0.571448,-0.17324,-0.789584,-1.26,-0.91,-2.17,Scoop,Right
1706529233852,0.568032,-0.170312,-0.795928,-1.47,-0.91,-2.45,Scoop,Right
1706529233854,0.56852,-0.170312,-0.79544,-1.4,-0.98,-2.38,Scoop,Right
1706529233855,0.56364,-0.169336,-0.796904,-1.26,-1.05,-2.38,Scoop,Right
1706529233899,0.5612,-0.174216,-0.801784,-1.26,-0.91,-2.52,Scoop,Right
1706529233900,0.56364,-0.175192,-0.796416,-1.26,-1.05,-2.31,Scoop,Right
1706529233900,0.570472,-0.169824,-0.794952,-1.12,-0.84,-2.24,Scoop,Right
1706529233947,0.563152,-0.169336,-0.794464,-1.75,-0.7,-2.24,Scoop,Right
1706529233948,0.567056,-0.166896,-0.797392,-1.26,-0.77,-2.24,Scoop,Right
1706529233948,0.56852,-0.171288,-0.794952,-1.05,-0.77,-2.38,Scoop,Right
1706529234019,0.569008,-0.176168,-0.786656,-1.47,-0.91,-2.31,Scoop,Right
1706529234030,0.56608,-0.173728,-0.791536,-1.19,-0.98,-2.24,Scoop,Right
1706529234039,0.569008,-0.175192,-0.789584,-1.47,-0.49,-2.52,Scoop,Right
1706529234039,0.56852,-0.176168,-0.78812,-1.19,-0.84,-2.38,Scoop,Right
1706529234039,0.567544,-0.1708,-0.799344,-1.26,-0.7,-2.31,Scoop,Right
1706529234090,0.562664,-0.170312,-0.794952,-1.33,-0.84,-2.45,Scoop,Right
1706529234091,0.564616,-0.164944,-0.795928,-1.26,-0.84,-2.17,Scoop,Right
1706529234091,0.563152,-0.17324,-0.793,-1.4,-0.98,-2.38,Scoop,Right
1706529234133,0.569984,-0.1708,-0.79544,-0.98,-0.56,-1.96,Scoop,Right
1706529234134,0.565592,-0.170312,-0.794952,-1.33,-0.77,-2.31,Scoop,Right
1706529234181,0.570472,-0.176168,-0.789584,-1.33,-0.84,-2.45,Scoop,Right
1706529234181,0.563152,-0.17324,-0.793976,-1.26,-0.84,-2.45,Scoop,Right
1706529234182,0.565592,-0.169336,-0.79788,-1.19,-1.12,-2.52,Scoop,Right
1706529234228,0.565104,-0.169824,-0.796904,-1.47,-0.77,-2.59,Scoop,Right
1706529234228,0.566568,-0.171776,-0.798856,-1.33,-0.77,-2.38,Scoop,Right
1706529234228,0.568032,-0.16836,-0.793488,-1.47,-0.84,-2.52,Scoop,Right
1706529234276,0.568032,-0.173728,-0.80032,-1.4,-1.33,-1.96,Scoop,Right
1706529234276,0.601704,-0.17812,-0.796416,-1.4,-7.63,-1.47,Scoop,Right
1706529234277,0.670512,-0.213256,-0.67832,-1.26,-24.78,-4.97,Scoop,Right
1706529234320,0.66612,-0.049288,-0.798368,23.24,5.67,-45.78,Scoop,Right
1706529234320,0.60512,-0.00976,-0.782752,52.29,-29.75,-76.16,Scoop,Right
1706529234368,0.24888,-0.02928,-1.008208,51.87,-14.7,-68.74,Scoop,Right
1706529234369,0.372832,-0.10004,-0.940864,36.47,-11.83,-54.18,Scoop,Right
1706529234369,0.61244,-0.169824,-0.743224,38.36,-12.11,-58.31,Scoop,Right
1706529234414,0.662704,-0.21716,-0.73444,27.58,-9.87,-42.98,Scoop,Right
1706529234415,0.606584,-0.122488,-0.773968,9.8,-4.06,-18.41,Scoop,Right
1706529234415,0.603656,-0.169824,-0.793488,-3.64,1.4,-6.65,Scoop,Right
1706529234460,0.587552,-0.112728,-0.853512,-4.48,2.24,-2.8,Scoop,Right
1706529234460,0.542656,-0.013664,-0.860344,-1.12,4.06,-6.23,Scoop,Right
1706529234461,0.440664,0.035136,-1.045784,-7.21,12.53,-29.96,Scoop,Right
1706529234507,0.63684,-0.210328,-1.01504,-18.83,-7.49,-16.59,Scoop,Right
1706529234508,0.56608,-0.209352,-0.970632,-3.08,-7.21,7.91,Scoop,Right
1706529234572,0.552416,-0.05124,-0.923296,7.77,-9.52,19.81,Scoop,Right
1706529234583,0.595848,0.054656,-0.93452,2.45,-11.48,0.35,Scoop,Right
1706529234592,0.654408,0.100528,-1.0126,-15.33,-9.8,6.93,Scoop,Right
1706529234667,0.75152,0.12444,-1.026264,-31.57,-5.53,-2.1,Scoop,Right
1706529234668,0.78568,0.061976,-1.063352,-39.13,7.77,-4.69,Scoop,Right
1706529234669,0.80032,-0.076616,-1.062376,-33.6,21.7,2.94,Scoop,Right
1706529234670,0.721264,-0.081984,-1.017968,-24.71,33.53,17.99,Scoop,Right
1706529234670,0.601216,-0.016592,-0.908656,-24.43,36.96,27.37,Scoop,Right
1706529234671,0.484096,-0.059536,-0.8662,-35.7,29.4,26.18,Scoop,Right
1706529234672,0.489464,-0.17324,-0.821792,-42.49,20.93,17.71,Scoop,Right
1706529234710,0.57096,-0.298168,-0.796416,-33.88,15.26,14.49,Scoop,Right
1706529234711,0.640744,-0.340136,-0.85888,-9.73,13.72,23.8,Scoop,Right
1706529234764,0.696864,-0.254736,-0.826672,18.27,12.39,36.68,Scoop,Right
1706529234764,0.694424,-0.005368,-0.841312,53.06,16.66,43.26,Scoop,Right
1706529234764,0.415776,0.062464,-0.779824,29.19,3.01,33.11,Scoop,Right
1706529234874,0.418216,-0.081496,-0.770552,7.7,-14.49,9.31,Scoop,Right
1706529234874,0.55388,-0.23912,-0.741272,0.21,-23.03,-3.64,Scoop,Right
1706529234875,0.68076,-0.31232,-0.7808,7.91,-15.75,-2.1,Scoop,Right
1706529234876,0.712968,-0.22936,-0.840824,23.45,-2.45,15.26,Scoop,Right
1706529234876,0.70516,-0.117608,-0.872544,33.53,10.43,30.8,Scoop,Right
1706529234877,0.711504,-0.116144,-0.87352,41.37,27.16,45.99,Scoop,Right
1706529234878,0.587064,-0.177144,-0.78568,41.37,34.16,51.8,Scoop,Right
1706529234977,0.535336,-0.22692,-0.731024,37.17,31.92,45.78,Scoop,Right
1706529234978,0.513864,-0.201544,-0.66612,28.14,29.19,36.75,Scoop,Right
1706529234978,0.515816,-0.22692,-0.609512,14.77,26.95,23.8,Scoop,Right
1706529234978,0.54412,-0.340624,-0.598288,7.21,25.76,12.32,Scoop,Right
1706529234979,0.548512,-0.399672,-0.562664,31.43,41.23,9.1,Scoop,Right
1706529234979,0.55144,-0.310856,-0.606096,27.65,21.42,2.66,Scoop,Right
1706529235027,0.55876,-0.306952,-0.60268,26.74,23.1,3.36,Scoop,Right
1706529235027,0.574864,-0.3416,-0.643672,27.37,26.39,9.66,Scoop,Right
1706529235027,0.57584,-0.391376,-0.650504,31.08,28.35,19.53,Scoop,Right
1706529235158,0.56608,-0.410408,-0.637816,35.21,25.48,29.4,Scoop,Right
1706529235161,0.549488,-0.420168,-0.599264,36.19,19.95,32.41,Scoop,Right
1706529235162,0.576816,-0.38064,-0.549976,34.02,19.25,29.75,Scoop,Right
1706529235174,0.573888,-0.345504,-0.552416,23.31,19.6,19.25,Scoop,Right
1706529235175,0.61244,-0.321592,-0.606584,7.98,17.5,3.22,Scoop,Right
1706529235178,0.650504,-0.31964,-0.5856,10.08,23.59,-7.91,Scoop,Right
1706529235181,0.71248,-0.418216,-0.586576,14.91,27.3,-7.07,Scoop,Right
1706529235209,0.682712,-0.46604,-0.57096,24.92,30.66,3.36,Scoop,Right
1706529235210,0.580232,-0.445544,-0.57096,29.47,27.86,8.82,Scoop,Right
1706529235211,0.531432,-0.435296,-0.550952,30.52,20.65,5.46,Scoop,Right
1706529235212,0.51972,-0.45384,-0.52948,25.27,8.96,-1.47,Scoop,Right
1706529235258,0.549488,-0.42944,-0.554856,15.68,-4.13,-8.05,Scoop,Right
1706529235258,0.738344,-0.403088,-0.552904,7.77,-9.94,-12.81,Scoop,Right
1706529235259,0.742248,-0.396256,-0.552416,0.77,-6.44,-9.59,Scoop,Right
1706529235307,0.783728,-0.382592,-0.59048,-0.14,0.49,0.56,Scoop,Right
1706529235307,0.789584,-0.432856,-0.61732,11.83,10.78,13.23,Scoop,Right
1706529235351,0.754936,-0.437248,-0.588528,30.45,17.57,23.31,Scoop,Right
1706529235351,0.695888,-0.453352,-0.509472,40.04,21.7,26.46,Scoop,Right
1706529235351,0.610488,-0.462136,-0.491904,39.62,22.12,20.93,Scoop,Right
1706529235398,0.561688,-0.467504,-0.48556,34.16,15.4,8.75,Scoop,Right
1706529235398,0.5734,-0.477264,-0.475312,24.85,9.73,-0.7,Scoop,Right
1706529235398,0.595848,-0.457256,-0.486048,14.35,3.92,-6.93,Scoop,Right
1706529235448,0.648552,-0.447984,-0.522648,5.39,0.14,-9.17,Scoop,Right
1706529235449,0.758352,-0.47092,-0.543144,2.66,3.85,-2.38,Scoop,Right
1706529235449,0.857416,-0.510448,-0.560712,11.55,15.82,17.01,Scoop,Right
1706529235585,0.896944,-0.550952,-0.55144,26.18,28.98,45.36,Scoop,Right
1706529235585,0.815448,-0.532896,-0.48068,43.47,41.65,64.54,Scoop,Right
1706529235586,0.681248,-0.501176,-0.449448,52.5,46.69,61.88,Scoop,Right
1706529235586,0.530944,-0.511912,-0.391864,53.34,40.32,43.05,Scoop,Right
1706529235586,0.471408,-0.540216,-0.354776,41.65,24.71,16.24,Scoop,Right
1706529235586,0.4758,-0.5246,-0.380152,24.08,10.71,-9.38,Scoop,Right
1706529235586,0.547048,-0.538264,-0.436272,7.21,-1.4,-25.48,Scoop,Right
1706529235633,0.673928,-0.530456,-0.45872,-2.45,-6.65,-27.16,Scoop,Right
1706529235634,0.782264,-0.54656,-0.520696,-0.98,-0.07,-12.04,Scoop,Right
1706529235635,0.829112,-0.549,-0.523136,12.11,14.21,12.6,Scoop,Right
1706529235635,0.854488,-0.613416,-0.469944,27.72,33.11,37.45,Scoop,Right
1706529235686,0.781288,-0.62708,-0.435784,38.71,43.54,66.15,Scoop,Right
1706529235686,0.611952,-0.527528,-0.370392,42.35,44.66,63.42,Scoop,Right
1706529235792,0.525576,-0.584136,-0.325984,38.64,35.42,34.51,Scoop,Right
1706529235794,0.51972,-0.609024,-0.345992,31.01,18.2,5.18,Scoop,Right
1706529235794,0.537776,-0.589992,-0.319152,17.85,5.81,-16.31,Scoop,Right
1706529235794,0.600728,-0.49532,-0.383568,8.26,-2.8,-31.01,Scoop,Right
1706529235794,0.6954,-0.623664,-0.47336,8.19,-6.16,-26.95,Scoop,Right
1706529235794,0.7808,-0.619272,-0.511424,20.23,0.63,5.39,Scoop,Right
1706529235795,0.807152,-0.636352,-0.48312,34.72,11.27,39.97,Scoop,Right
1706529235840,0.78812,-0.681736,-0.393328,45.36,24.92,66.57,Scoop,Right
1706529235842,0.700768,-0.686128,-0.249368,46.34,35.0,73.43,Scoop,Right
1706529235843,0.594872,-0.701256,-0.096624,30.52,40.18,56.21,Scoop,Right
1706529235886,0.57584,-0.76372,-0.16104,12.11,35.35,31.29,Scoop,Right
1706529235886,0.538752,-0.690032,-0.23668,3.5,23.87,2.17,Scoop,Right
1706529235887,0.6344,-0.648064,-0.349896,-4.13,10.43,-15.54,Scoop,Right
1706529235937,0.717848,-0.612928,-0.427976,3.22,10.22,-15.19,Scoop,Right
1706529235937,0.758352,-0.58072,-0.445056,17.85,13.79,-3.01,Scoop,Right
1706529235980,0.760304,-0.60756,-0.447984,31.36,20.3,15.89,Scoop,Right
1706529235981,0.735904,-0.703208,-0.454328,46.06,28.35,37.03,Scoop,Right
1706529235981,0.679296,-0.815448,-0.305,62.16,34.44,56.63,Scoop,Right
1706529236032,0.094672,-0.567056,0.206424,53.2,52.29,35.77,Scoop,Right
1706529236032,0.779336,-1.11264,-0.05124,9.31,5.39,11.27,Scoop,Right
1706529236032,0.698816,-0.826184,-0.154208,24.29,24.29,29.61,Scoop,Right
1706529236157,0.531432,-0.623176,-0.163968,16.8,18.55,29.05,Scoop,Right
1706529236157,0.532896,-0.559248,-0.264008,3.78,15.05,7.0,Scoop,Right
1706529236157,0.683688,-0.53924,-0.31476,-2.1,6.51,-9.1,Scoop,Right
1706529236158,0.78568,-0.595848,-0.367952,3.5,8.33,-6.72,Scoop,Right
1706529236158,0.759816,-0.678808,-0.384056,19.25,12.81,7.84,Scoop,Right
1706529236158,0.64416,-0.725656,-0.310368,35.07,14.14,24.64,Scoop,Right
1706529236158,0.242536,-0.474824,0.076616,31.43,14.49,9.17,Scoop,Right
1706529236212,0.682224,-1.118496,0.002928,11.9,-16.94,-1.61,Scoop,Right
1706529236214,0.616832,-0.947208,-0.093208,25.62,0.63,12.95,Scoop,Right
1706529236214,0.603168,-0.82228,-0.086376,28.35,6.09,27.58,Scoop,Right
1706529236215,0.58072,-0.791048,-0.130296,27.16,11.2,24.29,Scoop,Right
1706529236260,0.550952,-0.711992,-0.138104,21.35,11.9,14.98,Scoop,Right
1706529236262,0.626104,-0.660752,-0.226432,12.88,7.98,8.12,Scoop,Right
1706529236264,0.699792,-0.611952,-0.233264,9.24,7.35,3.5,Scoop,Right
1706529236307,0.747616,-0.670024,-0.281576,14.14,10.92,10.64,Scoop,Right
1706529236309,0.556808,-0.648552,-0.130296,21.35,9.8,15.89,Scoop,Right
1706529236352,0.433344,-0.859368,-0.166896,-10.64,-15.54,-20.37,Scoop,Right
1706529236353,0.602192,-0.915,-0.097112,5.32,-18.06,-13.09,Scoop,Right
1706529236355,0.5612,-0.791048,-0.069296,11.2,-13.93,-0.98,Scoop,Right
1706529236402,0.667096,-0.873032,-0.027816,10.01,-5.81,8.61,Scoop,Right
1706529236404,0.632936,-0.769576,-0.038064,10.22,6.65,16.17,Scoop,Right
1706529236404,0.604632,-0.723216,-0.103456,7.56,16.38,15.61,Scoop,Right
1706529236512,0.574864,-0.725656,-0.131272,5.18,17.71,8.47,Scoop,Right
1706529236513,0.557296,-0.752496,-0.164456,4.83,15.61,-2.73,Scoop,Right
1706529236513,0.58804,-0.767136,-0.172752,3.64,4.48,-7.84,Scoop,Right
1706529236513,0.534848,-0.752984,-0.132736,-0.35,-3.64,-12.46,Scoop,Right
1706529236513,0.504104,-0.743224,-0.099552,-7.21,-12.46,-15.82,Scoop,Right
1706529236514,0.520696,-0.752496,-0.073688,-16.17,-19.6,-19.88,Scoop,Right
1706529236611,0.547048,-0.75884,-0.09028,-20.02,-19.81,-18.27,Scoop,Right
1706529236612,0.566568,-0.723216,-0.106384,-18.06,-17.99,-13.3,Scoop,Right
1706529236612,0.60512,-0.739808,-0.0976,-17.43,-13.51,-6.86,Scoop,Right
1706529236612,0.577792,-0.655872,-0.120048,-16.45,-9.24,-3.01,Scoop,Right
1706529236613,0.538752,-0.609512,-0.137128,-23.94,-11.62,-11.62,Scoop,Right
1706529236613,0.506056,-0.5734,-0.177144,-41.02,-20.3,-30.94,Scoop,Right
1706529236670,0.499224,-0.608048,-0.181048,-64.12,-33.39,-54.81,Scoop,Right
1706529236670,0.549976,-0.770552,-0.223992,-78.61,-44.52,-71.26,Scoop,Right
1706529236670,0.61732,-0.892064,-0.291336,-71.4,-48.72,-63.98,Scoop,Right
1706529236785,0.627568,-0.813984,-0.304024,-50.33,-49.77,-44.52,Scoop,Right
1706529236786,0.66856,-0.723216,-0.210328,-38.92,-46.41,-26.6,Scoop,Right
1706529236786,0.684176,-0.719312,-0.166408,-39.97,-36.96,-10.29,Scoop,Right
1706529236787,0.65392,-0.633424,-0.127368,-40.46,-29.61,-12.6,Scoop,Right
1706529236787,0.544608,-0.625128,-0.152744,-45.78,-31.78,-24.64,Scoop,Right
1706529236787,0.496784,-0.616344,-0.210328,-56.84,-41.09,-52.85,Scoop,Right
1706529236788,0.553392,-0.640744,-0.277672,-62.93,-51.94,-74.2,Scoop,Right
1706529236838,0.625128,-0.609512,-0.339648,-58.52,-57.61,-80.15,Scoop,Right
1706529236838,0.626592,-0.581696,-0.375272,-55.16,-60.69,-76.37,Scoop,Right
1706529236839,0.592432,-0.56608,-0.413824,-55.02,-66.92,-69.72,Scoop,Right
1706529236888,0.612928,-0.620736,-0.38064,-55.16,-68.88,-68.74,Scoop,Right
1706529236889,0.6466,-0.620248,-0.395768,-48.86,-68.88,-55.65,Scoop,Right
1706529236889,0.705648,-0.683688,-0.318664,-48.72,-66.43,-42.91,Scoop,Right
1706529237008,0.74176,-0.67344,-0.263032,-46.55,-58.03,-25.83,Scoop,Right
1706529237008,0.737368,-0.582184,-0.245464,-43.47,-41.51,-14.91,Scoop,Right
1706529237008,0.647088,-0.4514,-0.271328,-51.24,-26.74,-20.37,Scoop,Right
1706529237009,0.56364,-0.428464,-0.356728,-59.57,-23.87,-39.06,Scoop,Right
1706529237009,0.515328,-0.415288,-0.516304,-69.72,-34.16,-62.37,Scoop,Right
1706529237009,0.55632,-0.426512,-0.475312,-77.7,-45.64,-76.02,Scoop,Right
1706529237009,0.59292,-0.47092,-0.513376,-80.15,-45.92,-76.23,Scoop,Right
1706529237061,0.62708,-0.48312,-0.508008,-77.14,-44.59,-66.5,Scoop,Right
1706529237061,0.631472,-0.52948,-0.52216,-69.44,-36.47,-52.36,Scoop,Right
1706529237061,0.63684,-0.527528,-0.564128,-60.34,-32.13,-36.89,Scoop,Right
1706529237120,0.651968,-0.535824,-0.581696,-50.68,-36.19,-17.92,Scoop,Right
1706529237121,0.59292,-0.486536,-0.743224,-33.88,-40.67,-1.26,Scoop,Right
1706529237122,0.569984,-0.304512,-0.669048,-14.56,-45.71,-5.25,Scoop,Right
1706529237122,0.564128,-0.178608,-0.68808,-10.92,-49.7,-24.92,Scoop,Right
1706529237177,0.526064,-0.147376,-0.710528,-19.6,-54.6,-43.4,Scoop,Right
1706529237177,0.50752,-0.184952,-0.716872,-32.06,-62.86,-55.86,Scoop,Right
1706529237178,0.508496,-0.228872,-0.732488,-45.36,-67.41,-60.76,Scoop,Right
1706529237178,0.617808,-0.267912,-0.754448,-52.08,-65.87,-51.45,Scoop,Right
1706529237222,0.80032,-0.266448,-0.754448,-52.92,-49.35,-23.73,Scoop,Right
1706529237224,0.912072,-0.305488,-0.862784,-43.12,-21.14,16.87,Scoop,Right
1706529237269,0.859368,-0.244,-0.884256,-17.08,7.84,40.04,Scoop,Right
1706529237270,0.713456,-0.113704,-0.90036,6.79,27.02,40.6,Scoop,Right
1706529237270,0.377224,-0.015616,-0.911584,15.75,24.36,23.1,Scoop,Right
1706529237316,0.298656,0.015128,-0.865712,4.69,1.05,-9.1,Scoop,Right
1706529237317,0.244,-0.013664,-0.857416,-13.44,-27.65,-46.97,Scoop,Right
1706529237317,0.420168,-0.083936,-0.84424,-27.09,-53.62,-68.88,Scoop,Right
1706529237368,0.629032,-0.223992,-0.993568,-30.8,-61.18,-60.48,Scoop,Right
1706529237369,0.886696,-0.380152,-1.106296,-17.57,-57.33,-17.15,Scoop,Right
1706529237482,1.00284,-0.37088,-1.028704,10.71,-30.52,24.5,Scoop,Right
1706529237484,0.847656,-0.247904,-0.97844,32.69,0.21,50.33,Scoop,Right
1706529237484,0.61,-0.043432,-0.881816,33.88,15.96,45.01,Scoop,Right
1706529237484,0.404064,0.06588,-0.827648,15.19,13.3,21.14,Scoop,Right
1706529237485,0.337696,0.071248,-0.79544,-13.65,-0.91,-12.39,Scoop,Right
1706529237485,0.391864,-0.048312,-0.797392,-40.18,-17.85,-40.67,Scoop,Right
1706529237485,0.531432,-0.147376,-0.83204,-55.79,-31.92,-43.82,Scoop,Right
1706529237530,0.637816,-0.24156,-0.925248,-52.92,-31.22,-30.59,Scoop,Right
1706529237530,0.732,-0.373808,-1.035536,-28.91,-21.84,-6.16,Scoop,Right
1706529237530,0.743224,-0.397232,-1.037,4.55,-10.15,23.59,Scoop,Right
1706529237587,0.652456,-0.232288,-0.975024,24.99,-0.63,38.78,Scoop,Right
1706529237587,0.556808,-0.066368,-0.874984,27.3,1.68,36.33,Scoop,Right
1706529237588,0.464576,0.001464,-0.844728,14.98,1.33,29.19,Scoop,Right
1706529237641,0.418704,0.00488,-0.821792,-6.72,-3.43,11.34,Scoop,Right
1706529237642,-0.487512,0.333792,-1.18584,-55.23,35.56,-19.11,Scoop,Right
1706529237642,0.928176,-0.297192,-0.996984,-49.56,16.1,-16.17,Scoop,Right
1706529237642,0.634888,-0.306952,-0.866688,-22.61,22.19,-8.68,Scoop,Right
1706529237689,0.597312,-0.262544,-0.855464,-15.26,5.25,-0.42,Scoop,Right
1706529237689,0.501664,-0.214232,-0.899384,-1.33,2.8,7.42,Scoop,Right
1706529237690,0.569496,0.003416,-0.792512,17.64,18.55,17.92,Scoop,Right
1706529237737,0.483608,-0.050264,-0.767624,-11.62,8.82,9.52,Scoop,Right
1706529237738,0.528016,-0.221064,-0.776896,-24.43,10.92,3.43,Scoop,Right
1706529237783,0.591456,-0.193736,-0.72224,-18.76,27.65,0.98,Scoop,Right
1706529237783,0.850096,-0.2928,-1.29808,-22.4,35.84,-2.52,Scoop,Right
1706529237783,0.513864,-0.150304,-0.786656,-13.93,8.68,15.05,Scoop,Right
1706529237829,0.451888,-0.101016,-0.93696,-8.26,4.41,4.55,Scoop,Right
1706529237830,0.55388,-0.05368,-0.813984,-2.45,-0.07,-1.75,Scoop,Right
1706529237830,0.579256,-0.150304,-0.803248,-0.28,-1.19,-2.45,Scoop,Right
1706529237882,0.584624,-0.153232,-0.798856,1.33,-3.15,-6.72,Scoop,Right
1706529237882,0.554856,-0.17812,-0.796904,4.55,-0.98,-10.78,Scoop,Right
1706529237883,0.479704,-0.14152,-0.855952,4.62,-1.89,-4.27,Scoop,Right
1706529238013,0.555832,-0.18788,-0.833016,0.84,-2.31,-4.06,Scoop,Right
1706529238020,0.57096,-0.182024,-0.788608,-0.77,-0.98,-1.61,Scoop,Right
1706529238031,0.572912,-0.179584,-0.800808,-1.33,-0.98,-2.31,Scoop,Right
1706529238033,0.571448,-0.179584,-0.801784,-1.68,-0.91,-2.24,Scoop,Right
1706529238038,0.562176,-0.183,-0.794952,-6.93,1.19,7.07,Scoop,Right
1706529238038,0.57828,-0.152744,-0.787144,-8.05,1.05,6.02,Scoop,Right
1706529238038,0.569008,-0.17324,-0.793488,-1.26,-0.84,-2.45,Scoop,Right
1706529238061,0.569008,-0.179096,-0.803248,-1.33,-0.84,-2.45,Scoop,Right
1706529238061,0.565592,-0.179584,-0.808616,-1.05,-0.91,-2.31,Scoop,Right
1706529238061,0.567056,-0.17324,-0.795928,-1.33,-0.7,-2.24,Scoop,Right
1706529238114,0.569496,-0.167872,-0.792512,-1.33,-0.7,-2.45,Scoop,Right
1706529238115,0.574864,-0.171288,-0.789584,-1.4,-0.91,-2.31,Scoop,Right
1706529238115,0.581208,-0.176168,-0.795928,-1.26,-0.98,-2.38,Scoop,Right
1706529238231,0.577304,-0.176656,-0.803248,-1.61,-0.77,-2.52,Scoop,Right
1706529238231,0.566568,-0.184952,-0.808128,-1.26,-0.7,-2.31,Scoop,Right
1706529238231,0.569496,-0.179096,-0.804224,-1.4,-0.98,-2.31,Scoop,Right
1706529238232,0.560224,-0.167872,-0.793,-1.33,-0.91,-2.24,Scoop,Right
1706529238232,0.569008,-0.172752,-0.791536,-1.33,-0.7,-2.24,Scoop,Right
1706529238232,0.57828,-0.1708,-0.792512,-1.26,-0.77,-2.31,Scoop,Right
1706529238233,0.577792,-0.169824,-0.797392,-1.33,-0.98,-2.59,Scoop,Right
1706529238278,0.566568,-0.169336,-0.796904,-1.26,-0.91,-2.24,Scoop,Right
1706529238279,0.565104,-0.171776,-0.798856,-1.05,-1.05,-2.24,Scoop,Right
1706529238279,0.562664,-0.171776,-0.790072,-1.47,-0.84,-2.31,Scoop,Right
1706529238325,0.561688,-0.171288,-0.800808,-1.26,-0.77,-2.45,Scoop,Right
1706529238326,0.56852,-0.167872,-0.793,-1.19,-1.05,-2.24,Scoop,Right
1706529238326,0.565592,-0.166896,-0.793488,-1.12,-1.05,-2.38,Scoop,Right
1706529238371,0.563152,-0.171288,-0.797392,-1.47,-0.77,-2.31,Scoop,Right
1706529238371,0.5612,-0.174704,-0.793976,-1.47,-0.77,-2.38,Scoop,Right
1706529238372,0.558272,-0.174704,-0.793488,-1.26,-0.77,-2.24,Scoop,Right
1706529238417,0.567056,-0.16836,-0.792024,-1.12,-0.98,-2.38,Scoop,Right
1706529238418,0.566568,-0.16836,-0.796904,-1.12,-0.91,-2.24,Scoop,Right
1706529238468,0.560712,-0.169824,-0.801784,-1.26,-0.98,-2.24,Scoop,Right
1706529238469,0.56852,-0.169824,-0.795928,-1.19,-0.84,-2.38,Scoop,Right
1706529238470,0.567056,-0.168848,-0.798368,-1.26,-0.77,-2.38,Scoop,Right
1706529238511,0.565104,-0.176656,-0.78812,-1.33,-0.91,-2.38,Scoop,Right
1706529238512,0.565104,-0.176168,-0.78812,-1.19,-0.77,-2.24,Scoop,Right
1706529238512,0.562664,-0.168848,-0.793,-1.47,-0.77,-2.45,Scoop,Right
1706529238562,0.56852,-0.1708,-0.793,-1.19,-0.63,-2.24,Scoop,Right
1706529238563,0.566568,-0.171288,-0.797392,-1.33,-0.77,-2.31,Scoop,Right
1706529238564,0.56852,-0.171776,-0.794464,-1.33,-0.77,-2.31,Scoop,Right
1706529238611,0.565104,-0.1708,-0.79544,-1.26,-1.12,-2.31,Scoop,Right
1706529238627,0.563152,-0.171776,-0.793976,-1.4,-0.84,-2.45,Scoop,Right
1706529238639,0.567056,-0.162504,-0.792024,-1.26,-0.77,-2.31,Scoop,Right
1706529238657,0.565592,-0.171776,-0.79544,-0.91,-0.91,-2.31,Scoop,Right
1706529238657,0.569008,-0.168848,-0.800808,-1.33,-0.77,-2.24,Scoop,Right
1706529238658,0.571448,-0.162016,-0.793976,-1.54,-0.77,-2.52,Scoop,Right
1706529238761,0.579744,-0.170312,-0.772504,1.12,-2.38,-7.49,Scoop,Right
1706529238761,0.5734,-0.173728,-0.799832,5.46,-4.83,-12.53,Scoop,Right
1706529238762,0.617808,-0.226432,-0.803736,2.03,-10.5,-5.04,Scoop,Right
1706529238762,0.573888,-0.130784,-0.540216,-1.12,-6.72,-0.07,Scoop,Right
1706529238762,0.407968,-0.185928,-0.864248,10.36,-1.4,-23.17,Scoop,Right
1706529238762,0.502152,-0.092232,-1.463024,38.5,8.33,-64.82,Scoop,Right
1706529238807,0.55388,-0.157624,-0.808128,54.81,-16.87,-81.48,Scoop,Right
1706529238807,0.732976,-0.252784,-0.659776,44.52,-15.4,-70.28,Scoop,Right
1706529238854,0.58316,-0.23912,-0.804712,24.71,-9.03,-41.3,Scoop,Right
1706529238855,0.512888,-0.136152,-0.831064,22.96,-7.84,-37.38,Scoop,Right
1706529238855,0.532896,-0.11468,-0.827648,19.32,-7.42,-31.01,Scoop,Right
1706529238905,0.462624,0.001464,-0.861808,9.24,-3.85,-17.5,Scoop,Right
1706529238905,0.580232,0.116144,-0.82228,-3.64,-0.56,1.4,Scoop,Right
1706529238905,0.63684,0.10004,-0.86132,-12.25,5.88,-5.46,Scoop,Right
1706529239030,0.659776,-0.047336,-0.97112,-28.07,16.8,-23.1,Scoop,Right
1706529239031,0.529968,-0.196664,-0.964288,-45.71,10.01,-22.19,Scoop,Right
1706529239031,0.629032,-0.264008,-0.98088,-41.51,5.81,-14.77,Scoop,Right
1706529239031,0.6466,-0.223016,-0.985272,-25.69,3.5,-2.52,Scoop,Right
1706529239031,0.628056,-0.126392,-0.96624,-12.95,1.4,5.25,Scoop,Right
1706529239032,0.604632,0.018056,-0.937936,-10.5,-3.64,9.45,Scoop,Right
1706529239032,0.621712,0.16592,-0.92476,-21.21,-7.63,7.0,Scoop,Right
1706529239167,0.725656,0.264008,-0.844728,-41.3,-4.76,0.63,Scoop,Right
1706529239168,0.7564,0.267424,-0.802272,-68.95,8.82,-5.32,Scoop,Right
1706529239169,0.622688,0.133712,-0.835944,-93.03,20.3,-14.63,Scoop,Right
1706529239170,0.542168,-0.04148,-0.850096,-105.63,17.01,-20.72,Scoop,Right
1706529239171,0.559248,-0.230336,-0.88816,-103.04,7.98,-21.77,Scoop,Right
1706529239172,0.572424,-0.43432,-0.946232,-68.88,-2.31,-6.02,Scoop,Right
1706529239172,0.56364,-0.48068,-0.931592,-13.3,-11.48,22.12,Scoop,Right
1706529239174,0.579256,-0.311832,-0.890112,34.44,-18.2,47.11,Scoop,Right
1706529239231,0.609512,-0.210816,-0.784216,58.94,-21.63,58.1,Scoop,Right
1706529239235,0.497272,-0.077592,-0.761768,78.4,-18.76,52.08,Scoop,Right
1706529239245,0.508008,0.572912,-0.665144,18.62,-43.33,21.28,Scoop,Right
1706529239264,0.759328,0.088816,-0.650016,-12.46,-29.12,-14.42,Scoop,Right
1706529239264,0.772016,0.028792,-0.763232,-18.06,-1.4,-6.37,Scoop,Right
1706529239264,0.608048,-0.10492,-0.901824,-17.29,15.89,0.35,Scoop,Right
1706529239382,0.490928,-0.347456,-0.987224,-6.44,12.67,13.86,Scoop,Right
1706529239383,0.460184,-0.2562,-0.989664,17.15,1.68,35.63,Scoop,Right
1706529239383,0.459208,-0.056608,-0.870104,28.63,-8.4,41.37,Scoop,Right
1706529239384,0.520696,-0.081008,-0.793488,28.56,-13.09,32.13,Scoop,Right
1706529239385,0.549,-0.088816,-0.748104,34.37,-1.4,25.97,Scoop,Right
1706529239386,0.597312,-0.176656,-0.747128,28.77,-4.34,9.17,Scoop,Right
1706529239387,0.620736,-0.176656,-0.738832,36.61,4.27,0.63,Scoop,Right
1706529239429,0.579744,-0.183976,-0.762256,45.5,8.82,-5.81,Scoop,Right
1706529239430,0.632936,-0.157624,-0.843752,38.71,4.34,-5.32,Scoop,Right
1706529239431,0.591456,-0.180072,-0.85644,36.89,11.06,16.87,Scoop,Right
1706529239475,0.565104,-0.15616,-0.899384,28.56,16.8,28.7,Scoop,Right
1706529239476,0.59292,-0.164456,-0.837896,22.68,20.65,37.45,Scoop,Right
1706529239476,0.61488,-0.188368,-0.792512,13.44,31.57,43.4,Scoop,Right
1706529239521,0.618296,-0.22204,-0.759816,7.14,41.3,43.82,Scoop,Right
1706529239522,0.582184,-0.2196,-0.757376,2.8,49.84,38.85,Scoop,Right
1706529239569,0.57096,-0.247416,-0.78324,7.28,49.35,24.57,Scoop,Right
1706529239569,0.601216,-0.274256,-0.789584,25.2,44.73,14.98,Scoop,Right
1706529239569,0.58804,-0.263032,-0.772504,36.82,37.8,13.02,Scoop,Right
1706529239618,0.57828,-0.248392,-0.75396,40.04,31.43,8.68,Scoop,Right
1706529239618,0.613416,-0.260104,-0.731024,36.33,27.3,5.6,Scoop,Right
1706529239618,0.638792,-0.277184,-0.704672,30.24,29.4,6.79,Scoop,Right
1706529239663,0.625128,-0.277672,-0.682712,23.87,35.14,8.4,Scoop,Right
1706529239663,0.609024,-0.29036,-0.66124,16.38,40.88,5.18,Scoop,Right
1706529239664,0.600728,-0.308904,-0.667096,11.13,42.7,0.07,Scoop,Right
1706529239708,0.63928,-0.343064,-0.654408,12.25,40.25,2.94,Scoop,Right
1706529239709,0.598288,-0.342576,-0.668072,18.83,35.84,11.13,Scoop,Right
1706529239757,0.568032,-0.32696,-0.638792,23.03,25.06,14.98,Scoop,Right
1706529239758,0.54412,-0.305,-0.60512,20.02,12.88,11.48,Scoop,Right
1706529239758,0.566568,-0.29524,-0.608048,14.0,2.31,4.76,Scoop,Right
1706529239819,0.601704,-0.302072,-0.56852,6.79,-3.01,-1.89,Scoop,Right
1706529239826,0.630008,-0.310856,-0.577792,2.52,-2.52,-8.12,Scoop,Right
1706529239827,0.670512,-0.338672,-0.592432,3.71,1.54,-11.13,Scoop,Right
1706529239887,0.720288,-0.36112,-0.59536,14.35,8.19,-5.18,Scoop,Right
1706529239887,0.706136,-0.374296,-0.578768,22.68,18.9,5.53,Scoop,Right
1706529239887,0.64416,-0.382592,-0.606584,28.28,21.42,12.95,Scoop,Right
1706529239888,0.58316,-0.359656,-0.609024,29.12,16.94,11.27,Scoop,Right
1706529239888,0.602192,-0.360632,-0.608048,25.27,9.8,6.16,Scoop,Right
1706529239991,0.681736,-0.398696,-0.571936,16.94,1.89,7.42,Scoop,Right
1706529239991,0.71248,-0.384056,-0.542656,4.2,-2.17,11.76,Scoop,Right
1706529239991,0.687592,-0.360144,-0.554368,-0.28,4.27,13.02,Scoop,Right
1706529239992,0.696864,-0.376736,-0.578768,2.59,9.59,10.36,Scoop,Right
1706529239993,0.707112,-0.401136,-0.598776,12.88,17.64,10.01,Scoop,Right
1706529239993,0.715408,-0.424072,-0.602192,26.81,23.87,14.14,Scoop,Right
1706529240041,0.68808,-0.44164,-0.60024,39.41,26.46,19.95,Scoop,Right
1706529240042,0.64172,-0.431392,-0.563152,41.3,24.22,20.16,Scoop,Right
1706529240044,0.627568,-0.427488,-0.53192,32.83,16.52,14.07,Scoop,Right
1706529240172,0.635376,-0.41724,-0.548512,17.99,8.12,5.39,Scoop,Right
1706529240173,0.687104,-0.41236,-0.546072,6.3,4.48,-0.28,Scoop,Right
1706529240174,0.738344,-0.421632,-0.564616,0.14,6.72,0.98,Scoop,Right
1706529240175,0.79056,-0.440664,-0.557784,0.07,9.59,9.52,Scoop,Right
1706529240176,0.74664,-0.42944,-0.564616,6.23,17.15,18.41,Scoop,Right
1706529240176,0.735416,-0.46116,-0.561688,18.69,24.57,23.8,Scoop,Right
1706529240177,0.694424,-0.47336,-0.535336,30.38,28.77,25.2,Scoop,Right
1706529240229,0.651968,-0.477752,-0.506544,37.45,28.7,22.54,Scoop,Right
1706529240229,0.604144,-0.46604,-0.47092,34.02,23.52,14.42,Scoop,Right
1706529240230,0.591456,-0.44652,-0.438712,20.37,17.01,3.57,Scoop,Right
1706529240230,0.627568,-0.452864,-0.478728,3.71,10.78,-5.11,Scoop,Right
1706529240359,0.665632,-0.45384,-0.504104,-5.74,3.57,-6.65,Scoop,Right
1706529240359,0.71004,-0.478728,-0.508984,-7.91,0.63,-1.61,Scoop,Right
1706529240359,0.740784,-0.5002,-0.482632,-4.76,-0.63,7.42,Scoop,Right
1706529240360,0.74176,-0.51728,-0.477752,2.38,3.57,16.73,Scoop,Right
1706529240360,0.7198,-0.527528,-0.475312,12.18,7.49,19.53,Scoop,Right
1706529240360,0.7076,-0.541192,-0.447984,22.33,11.27,16.94,Scoop,Right
1706529240360,0.67344,-0.53924,-0.424072,28.42,13.16,11.2,Scoop,Right
1706529240412,0.631472,-0.501176,-0.401624,23.66,11.06,0.07,Scoop,Right
1706529240414,0.643672,-0.47336,-0.415288,10.36,6.65,-11.55,Scoop,Right
1706529240414,0.674416,-0.475312,-0.455792,-3.08,4.34,-16.1,Scoop,Right
1706529240414,0.745176,-0.511424,-0.49288,-6.86,7.56,-9.31,Scoop,Right
1706529240461,0.769576,-0.520208,-0.537288,-2.73,10.64,8.89,Scoop,Right
1706529240462,0.761768,-0.521184,-0.488488,4.34,11.34,24.43,Scoop,Right
1706529240507,0.741272,-0.549488,-0.47092,12.53,14.84,33.46,Scoop,Right
1706529240507,0.720288,-0.576328,-0.41724,19.53,15.75,34.51,Scoop,Right
1706529240507,0.684664,-0.588528,-0.3538,24.57,17.99,27.3,Scoop,Right
1706529240553,0.6344,-0.58804,-0.329888,24.43,18.76,14.84,Scoop,Right
1706529240555,0.60512,-0.550464,-0.328912,18.97,16.52,0.14,Scoop,Right
1706529240556,0.658312,-0.549976,-0.375272,10.57,11.55,-12.11,Scoop,Right
1706529240600,0.742736,-0.565592,-0.44896,8.26,12.11,-4.06,Scoop,Right
1706529240600,0.77592,-0.569496,-0.514352,14.07,15.75,17.22,Scoop,Right
1706529240601,0.73932,-0.57096,-0.570472,25.62,17.5,39.48,Scoop,Right
1706529240647,0.708576,-0.56364,-0.514352,36.82,16.45,52.92,Scoop,Right
1706529240648,0.713456,-0.613416,-0.412848,39.13,15.89,57.54,Scoop,Right
1706529240697,0.688568,-0.631472,-0.296216,35.14,14.35,52.29,Scoop,Right
1706529240697,0.657824,-0.665632,-0.21228,28.35,15.89,36.82,Scoop,Right
1706529240698,0.621224,-0.66368,-0.204472,19.67,19.46,16.1,Scoop,Right
1706529240809,0.579256,-0.645624,-0.23912,10.08,20.79,-8.75,Scoop,Right
1706529240810,0.656848,-0.601704,-0.305976,4.41,20.79,-25.34,Scoop,Right
1706529240811,0.768112,-0.602192,-0.393816,6.16,25.97,-19.18,Scoop,Right
1706529240813,0.8174,-0.62464,-0.454816,20.02,33.39,8.26,Scoop,Right
1706529240814,0.732,-0.61732,-0.5124,36.54,39.76,37.73,Scoop,Right
1706529240815,0.667096,-0.624152,-0.501664,48.79,36.82,56.63,Scoop,Right
1706529240815,0.593896,-0.655872,-0.36844,51.66,28.7,55.37,Scoop,Right
1706529240912,0.578768,-0.734928,-0.193248,38.08,14.7,41.37,Scoop,Right
1706529240913,0.569984,-0.762744,-0.08296,24.36,4.76,23.87,Scoop,Right
1706529240914,0.633424,-0.765184,-0.09272,13.72,1.26,9.52,Scoop,Right
1706529240914,0.596336,-0.698816,-0.13664,6.58,1.82,-2.87,Scoop,Right
1706529240915,0.639768,-0.629032,-0.216672,3.5,5.32,-17.5,Scoop,Right
1706529240916,0.749568,-0.629032,-0.294752,6.93,12.67,-19.39,Scoop,Right
1706529240964,0.777872,-0.653432,-0.371856,16.17,19.88,-4.2,Scoop,Right
1706529240967,0.712968,-0.686128,-0.4026,31.15,25.13,18.97,Scoop,Right
1706529240979,0.571448,-0.650992,-0.333304,38.01,21.91,30.1,Scoop,Right
1706529241005,0.260592,-0.7198,-0.131272,22.26,13.93,-2.03,Scoop,Right
1706529241006,0.5734,-0.806664,-0.270352,11.48,-18.06,-11.83,Scoop,Right
1706529241055,0.64416,-0.754448,-0.183488,14.07,-19.04,-3.29,Scoop,Right
1706529241056,0.699792,-0.773968,-0.119072,11.27,-13.02,2.03,Scoop,Right
1706529241057,0.725168,-0.722728,-0.125416,3.43,-2.38,3.78,Scoop,Right
1706529241175,0.80276,-0.632936,-0.122,-4.41,-4.97,3.71,Scoop,Right
1706529241175,0.786168,-0.65636,-0.206424,6.93,26.18,5.74,Scoop,Right
1706529241175,0.742736,-0.687104,-0.289872,15.4,34.09,13.79,Scoop,Right
1706529241176,0.416264,-0.57828,-0.159576,15.89,28.07,2.87,Scoop,Right
1706529241177,0.557296,-0.82472,-0.266936,13.44,4.48,-10.78,Scoop,Right
1706529241178,0.570472,-0.743224,-0.206424,16.52,-9.24,-4.27,Scoop,Right
1706529241180,0.566568,-0.715408,-0.20008,14.21,-15.54,-2.45,Scoop,Right
1706529241227,0.582184,-0.733464,-0.17812,11.9,-19.6,-2.45,Scoop,Right
1706529241227,0.652944,-0.735904,-0.139568,7.91,-16.59,-0.91,Scoop,Right
1706529241228,0.752984,-0.714432,-0.13664,2.94,-6.3,4.69,Scoop,Right
1706529241284,0.80032,-0.69784,-0.174704,2.66,11.62,15.68,Scoop,Right
1706529241285,0.643672,-0.705648,-0.177632,6.23,22.54,26.25,Scoop,Right
1706529241285,0.491416,-0.665632,-0.149816,-3.57,21.63,12.18,Scoop,Right
1706529241286,0.577792,-0.77836,-0.238144,-1.05,8.61,-3.36,Scoop,Right
1706529241328,0.556808,-0.723216,-0.20984,1.96,-3.99,-6.02,Scoop,Right
1706529241329,0.530456,-0.713944,-0.192272,2.87,-13.72,-10.99,Scoop,Right
1706529241329,0.53436,-0.701256,-0.161528,-1.96,-23.31,-18.9,Scoop,Right
1706529241378,0.591944,-0.704672,-0.1342,-6.72,-26.88,-25.97,Scoop,Right
1706529241378,0.673928,-0.716384,-0.137616,-8.68,-22.61,-21.63,Scoop,Right
1706529241425,0.725168,-0.70516,-0.143472,-8.19,-13.16,-8.68,Scoop,Right
1706529241426,0.71248,-0.692472,-0.15616,-7.0,-1.82,3.92,Scoop,Right
1706529241426,0.642696,-0.667584,-0.179096,-10.01,4.34,6.44,Scoop,Right
1706529241470,0.579744,-0.676856,-0.184952,-18.2,1.96,-0.84,Scoop,Right
1706529241471,0.515816,-0.678808,-0.203496,-29.33,-8.54,-14.56,Scoop,Right
1706529241471,0.479704,-0.704184,-0.215696,-39.76,-29.33,-32.48,Scoop,Right
1706529241530,0.52216,-0.704672,-0.218624,-44.45,-45.01,-42.63,Scoop,Right
1706529241541,0.5978,-0.706136,-0.22204,-44.1,-52.57,-42.0,Scoop,Right
1706529241545,0.608048,-0.664656,-0.218624,-41.51,-54.88,-39.06,Scoop,Right
1706529241566,0.669536,-0.619272,-0.172752,-42.63,-50.61,-40.04,Scoop,Right
1706529241566,0.738832,-0.653432,-0.179096,-44.1,-38.36,-33.81,Scoop,Right
1706529241611,0.742736,-0.672952,-0.198616,-37.31,-26.74,-20.37,Scoop,Right
1706529241612,0.665144,-0.659288,-0.20008,-34.51,-21.63,-13.86,Scoop,Right
1706529241612,0.57096,-0.631472,-0.2318,-38.5,-25.41,-18.97,Scoop,Right
1706529241656,0.549976,-0.6588,-0.284504,-48.93,-35.91,-32.2,Scoop,Right
1706529241657,0.542168,-0.63684,-0.325984,-54.25,-48.02,-44.66,Scoop,Right
1706529241657,0.545584,-0.629032,-0.31964,-59.85,-60.62,-55.72,Scoop,Right
1706529241704,0.586576,-0.62952,-0.296704,-62.16,-68.88,-61.25,Scoop,Right
1706529241706,0.598288,-0.612928,-0.281088,-64.19,-69.58,-62.51,Scoop,Right
1706529241707,0.655872,-0.595848,-0.284504,-65.59,-67.2,-59.99,Scoop,Right
1706529241752,0.729072,-0.603656,-0.279136,-62.93,-60.2,-48.37,Scoop,Right
1706529241752,0.729072,-0.589504,-0.27816,-56.28,-46.41,-30.38,Scoop,Right
1706529241799,0.669536,-0.554856,-0.319152,-52.08,-32.97,-17.78,Scoop,Right
1706529241800,0.601704,-0.512888,-0.384056,-51.1,-25.97,-17.92,Scoop,Right
1706529241800,0.539728,-0.479216,-0.437736,-54.18,-27.86,-30.59,Scoop,Right
1706529241844,0.506544,-0.443592,-0.482632,-62.3,-36.19,-48.72,Scoop,Right
1706529241844,0.526064,-0.411872,-0.511912,-73.99,-44.94,-66.43,Scoop,Right
1706529241845,0.596336,-0.406992,-0.560224,-83.65,-51.8,-71.61,Scoop,Right
1706529241890,0.684664,-0.403088,-0.601704,-84.7,-49.35,-61.67,Scoop,Right
1706529241891,0.812032,-0.446032,-0.577792,-76.44,-34.44,-32.34,Scoop,Right
1706529241891,0.862296,-0.5002,-0.53192,-63.42,-9.17,9.87,Scoop,Right
1706529241938,0.743224,-0.455792,-0.510936,-47.74,17.01,36.47,Scoop,Right
1706529241938,0.577304,-0.357704,-0.550464,-38.22,32.69,31.29,Scoop,Right
1706529241982,0.477264,-0.281088,-0.5978,-43.54,24.01,6.44,Scoop,Right
1706529241983,0.449936,-0.266936,-0.667584,-64.19,-3.22,-22.68,Scoop,Right
1706529241983,0.426024,-0.206424,-0.777872,-68.11,-22.47,-52.15,Scoop,Right
1706529242034,0.373808,-0.182024,-0.929152,-61.39,-42.7,-80.08,Scoop,Right
1706529242034,0.508496,-0.141032,-0.90524,-43.12,-59.08,-91.91,Scoop,Right
1706529242034,0.732488,-0.22204,-0.84668,-27.3,-56.49,-78.47,Scoop,Right
1706529242140,1.023824,-0.540704,-0.681736,-34.58,-44.31,-12.95,Scoop,Right
1706529242141,0.964288,-0.487024,-0.621712,-3.15,-9.17,46.76,Scoop,Right
1706529242141,0.675392,-0.142984,-0.675392,21.63,21.77,52.92,Scoop,Right
1706529242141,0.471896,0.02684,-0.766648,8.26,22.19,27.65,Scoop,Right
1706529242142,0.355752,0.040016,-0.86132,-15.12,0.98,-10.92,Scoop,Right
1706529242142,0.333792,-0.001952,-0.889136,-25.9,-26.46,-53.34,Scoop,Right
1706529242185,0.450912,-0.079544,-0.932568,-28.14,-56.0,-80.01,Scoop,Right
1706529242185,0.628544,-0.191296,-0.94428,-20.23,-74.97,-76.51,Scoop,Right
1706529242186,0.82716,-0.338184,-0.950136,-2.31,-75.6,-39.97,Scoop,Right
1706529242232,0.959896,-0.46604,-0.893528,27.93,-62.09,16.17,Scoop,Right
1706529242232,0.933056,-0.420168,-0.848632,59.78,-29.54,70.84,Scoop,Right
1706529242232,0.741272,-0.171288,-0.876936,71.75,-3.92,93.73,Scoop,Right
1706529242282,0.646112,0.06344,-0.808128,58.73,1.12,60.48,Scoop,Right
1706529242283,0.533384,0.154696,-0.839848,19.39,4.13,17.57,Scoop,Right
1706529242399,0.452864,0.092232,-0.789584,-28.98,-7.98,-27.16,Scoop,Right
1706529242399,0.417728,-0.088328,-0.794464,-64.33,-22.82,-63.77,Scoop,Right
1706529242399,0.533384,-0.24644,-0.815448,-70.91,-36.19,-74.76,Scoop,Right
1706529242400,0.738832,-0.323544,-0.860832,-52.71,-32.62,-61.46,Scoop,Right
1706529242400,0.80032,-0.370392,-0.93208,-21.84,-17.43,-27.16,Scoop,Right
1706529242401,0.774944,-0.366,-0.984784,8.26,-3.78,9.52,Scoop,Right
1706529242401,0.72468,-0.209352,-0.9882,28.28,9.59,32.41,Scoop,Right
1706529242449,0.669536,-0.033184,-0.931592,21.49,13.93,37.59,Scoop,Right
1706529242449,0.616832,0.131272,-0.902312,-2.66,18.62,24.15,Scoop,Right
1706529242765,0.5612,-0.171288,-0.784704,-0.91,-0.91,-2.31,Scoop,Right
1706529242813,0.571936,-0.172752,-0.798368,-1.26,-0.84,-2.38,Scoop,Right
1706529242813,0.564616,-0.169336,-0.792024,-1.33,-0.84,-2.24,Scoop,Right
1706529242860,0.569984,-0.17324,-0.789584,-1.12,-0.84,-2.38,Scoop,Right
1706529242860,0.574376,-0.17324,-0.793976,-1.33,-0.84,-2.38,Scoop,Right
1706529242862,0.565104,-0.168848,-0.79788,-1.19,-0.84,-2.24,Scoop,Right
1706529242959,0.560712,-0.167872,-0.793488,-1.05,-0.98,-2.1,Scoop,Right
1706529242960,0.565104,-0.171288,-0.79788,-1.12,-0.84,-2.24,Scoop,Right
1706529242960,0.567544,-0.173728,-0.796416,-1.33,-0.56,-2.38,Scoop,Right
1706529242962,0.564128,-0.171288,-0.796416,-1.33,-0.84,-2.38,Scoop,Right
1706529242962,0.566568,-0.172264,-0.791048,-1.4,-0.91,-2.31,Noise,Unknown
1706529242963,0.574864,-0.174704,-0.789584,-1.47,-0.77,-2.17,Noise,Unknown
1706529243011,0.567544,-0.170312,-0.795928,-0.98,-1.05,-2.24,Noise,Unknown
1706529243012,0.565104,-0.169824,-0.799344,-1.12,-0.91,-2.38,Noise,Unknown
1706529243141,0.66124,-0.310856,-0.731512,-5.53,-8.47,3.85,Noise,Unknown
1706529243471,0.625616,-0.204472,-0.86864,2.94,14.14,6.58,Noise,Unknown
1706529243691,0.5002,-0.16592,-0.87108,53.69,6.16,53.9,Noise,Unknown
1706529243921,0.637816,-0.365512,-0.693936,6.02,27.65,9.66,Noise,Unknown
1706529244143,0.647576,-0.408944,-0.583648,41.02,12.18,20.58,Noise,Unknown
