timestamp,acc_x,acc_y,acc_z,gyro_x,gyro_y,gyro_z,Motion,Hand
1708334371893,0.713456,0.510448,-0.157136,-67.41,55.09,-99.26,Noise,Unknown
1708334371894,0.684176,0.523624,-0.16592,-74.34,60.55,-91.77,Noise,Unknown
1708334372000,0.654896,0.569008,-0.155184,-79.45,64.47,-76.65,Noise,Unknown
1708334372000,0.616344,0.594384,-0.127368,-69.16,62.23,-59.99,Noise,Unknown
1708334372001,0.627568,0.604144,-0.081984,-62.16,56.0,-41.3,Noise,Unknown
1708334372001,0.712968,0.62464,-0.020984,-43.33,46.34,-20.58,Noise,Unknown
1708334372004,0.799344,0.659288,0.008296,-22.82,34.93,4.27,Noise,Unknown
1708334372004,0.946232,0.672952,0.019032,-3.57,15.61,26.39,Noise,Unknown
1708334372005,0.568032,0.722728,-0.272304,-83.02,-80.64,-8.33,Noise,Unknown
1708334372045,0.790072,0.739808,0.025864,19.95,-52.01,18.62,Noise,Unknown
1708334372045,0.779824,0.724192,-0.005368,16.38,-49.91,38.85,Noise,Right
1708334372047,0.726144,0.681736,0.045872,2.45,-63.7,-4.13,Noise,Right
1708334372092,0.808616,0.857416,0.050752,37.8,-41.02,-7.21,Noise,Right
1708334372092,0.789584,0.776896,-0.012688,62.51,-37.1,8.96,Noise,Right
1708334372138,0.773968,0.75884,-0.04636,82.32,-45.99,22.68,Noise,Right
1708334372138,0.754936,0.679784,-0.088816,97.44,-55.65,34.02,Noise,Right
1708334372138,0.762744,0.609024,-0.144448,107.38,-64.12,41.86,Noise,Right
1708334372185,0.784216,0.555344,-0.186416,123.55,-69.51,52.64,Noise,Right
1708334372185,0.801784,0.45628,-0.257176,135.8,-72.8,60.34,Noise,Right
1708334372185,0.800808,0.460672,-0.269376,133.21,-76.86,66.99,Noise,Right
1708334372233,0.80276,0.391864,-0.33184,125.37,-81.27,75.25,Noise,Right
1708334372234,0.823744,0.371368,-0.433344,120.54,-80.71,82.46,Noise,Right
1708334372288,0.732976,0.320128,-0.489464,127.54,-75.67,91.42,Noise,Right
1708334372288,0.717848,0.286456,-0.559248,134.19,-69.37,88.06,Noise,Right
1708334372288,0.71736,0.166896,-0.555344,150.15,-60.27,77.42,Noise,Right
1708334372408,0.747128,0.105408,-0.57828,126.07,-58.94,64.19,Noise,Right
1708334372408,0.770552,0.10004,-0.589016,88.55,-60.41,56.98,Noise,Right
1708334372409,0.794952,0.113704,-0.605608,69.93,-59.92,57.12,Noise,Right
1708334372409,0.721264,0.130296,-0.533384,64.19,-63.77,64.33,Noise,Right
1708334372409,0.6832,0.190808,-0.477752,99.82,-67.34,81.13,Noise,Right
1708334372409,0.747128,0.133712,-0.57584,109.27,-70.49,96.81,Noise,Right
1708334372409,0.743224,0.084912,-0.587064,104.02,-66.78,107.52,Noise,Right
1708334372471,0.81252,-0.003904,-0.672464,88.2,-60.83,112.63,Noise,Right
1708334372471,0.6344,-0.035624,-0.593408,109.76,-57.61,113.12,Noise,Right
1708334372471,0.74908,-0.137128,-0.656848,115.36,-59.08,112.0,Noise,Right
1708334372471,0.707112,-0.146888,-0.752496,101.99,-54.88,103.18,Noise,Right
1708334372597,0.694912,-0.120536,-0.682224,93.87,-53.48,100.24,Noise,Right
1708334372598,0.392352,-0.356728,-1.803648,-2.31,-95.48,111.58,Noise,Right
1708334372598,0.932568,-0.331352,-0.582672,30.73,-2.66,50.12,Noise,Right
1708334372598,0.643184,-0.255712,-0.747616,35.14,-9.52,58.73,Noise,Right
1708334372598,0.629032,-0.36112,-0.552416,45.36,-10.92,51.59,Noise,Right
1708334372598,0.630496,-0.351848,-0.749568,48.3,-5.53,49.56,Noise,Right
1708334372598,0.581696,-0.44164,-0.74664,61.6,-0.56,46.9,Noise,Right
1708334372720,0.67344,-0.374296,-0.712968,39.41,8.19,37.52,Noise,Right
1708334372721,0.62464,-0.345016,-0.699792,15.54,8.47,37.45,Noise,Right
1708334372721,0.650016,-0.345504,-0.59292,7.14,8.82,35.21,Noise,Right
1708334372721,0.728584,-0.274256,-0.692472,2.94,3.57,35.49,Noise,Right
1708334372721,0.757376,-0.259616,-0.56364,19.18,-8.82,41.3,Noise,Right
1708334372721,0.716872,-0.388448,-0.789584,6.79,-13.37,43.96,Noise,Right
1708334372721,0.7564,-0.447008,-0.667584,8.33,-13.23,36.54,Noise,Right
1708334372721,0.816912,-0.537776,-0.618784,50.54,0.98,15.75,Noise,Right
1708334372823,0.813984,-0.511912,-0.613416,24.5,5.11,-8.4,Noise,Right
1708334372824,0.767136,-0.543144,-0.57828,8.75,3.01,-30.24,Noise,Right
1708334372824,0.611952,-0.504104,-0.6222,-34.23,-3.64,-47.46,Noise,Right
1708334372824,0.610488,-0.466528,-0.58072,-64.12,-10.85,-51.52,Noise,Right
1708334372824,0.71736,-0.285968,-0.593408,-81.2,-12.11,-42.14,Noise,Right
1708334372825,0.777872,-0.206912,-0.593896,-70.35,-11.41,-25.06,Noise,Right
1708334372878,0.82716,-0.242536,-0.61732,-30.66,-14.91,-15.12,Noise,Right
1708334372878,0.831552,-0.279136,-0.612928,-11.41,-24.92,-12.11,Noise,Right
1708334372879,0.751032,-0.269376,-0.628056,-3.29,-46.34,-5.04,Noise,Right
1708334373002,0.646112,-0.301096,-0.697352,-8.33,-75.6,5.74,Noise,Right
1708334373003,0.600728,-0.32696,-0.787632,-12.88,-104.16,14.56,Noise,Right
1708334373003,0.503128,-0.318664,-0.808616,-34.51,-115.57,12.32,Noise,Right
1708334373003,0.445056,-0.320128,-0.804712,-40.25,-104.16,0.0,Noise,Right
1708334373003,0.452376,-0.263032,-0.840336,-33.39,-75.95,-13.72,Noise,Right
1708334373003,0.498736,-0.260592,-0.808616,-38.99,-40.88,-19.95,Noise,Right
1708334373003,0.523136,-0.191784,-0.793976,-40.88,-14.63,-19.11,Noise,Right
1708334373061,0.533872,-0.08052,-0.716872,-28.7,-2.38,-7.77,Noise,Right
1708334373061,0.503616,-0.00732,-0.715896,16.17,-10.01,9.66,Noise,Right
1708334373061,0.47092,-0.07564,-0.694912,58.87,-26.67,22.4,Noise,Right
1708334373062,0.449448,-0.149816,-0.708576,62.23,-46.2,29.68,Noise,Right
1708334373186,0.445544,-0.227896,-0.748104,54.95,-59.57,34.09,Noise,Right
1708334373186,0.443592,-0.284016,-0.75152,44.31,-63.07,38.15,Noise,Right
1708334373186,0.429928,-0.305488,-0.708576,43.19,-60.06,43.82,Noise,Right
1708334373186,0.426024,-0.288896,-0.740784,50.26,-55.23,52.08,Noise,Right
1708334373186,0.42944,-0.194712,-0.833992,53.48,-47.67,66.08,Noise,Right
1708334373187,0.356728,-0.320128,-0.817888,50.82,-44.66,81.2,Noise,Right
1708334373187,0.34892,-0.381128,-0.847168,69.79,-52.85,91.49,Noise,Right
1708334373323,0.333792,-0.472872,-0.830088,52.92,-68.6,95.2,Noise,Right
1708334373323,0.352824,-0.516304,-0.859368,23.38,-79.8,94.15,Noise,Right
1708334373323,0.371368,-0.559248,-0.867176,6.37,-79.8,88.9,Noise,Right
1708334373323,0.345016,-0.571448,-0.863272,-1.26,-70.7,81.06,Noise,Right
1708334373323,0.30988,-0.579256,-0.895968,3.85,-55.23,75.32,Noise,Right
1708334373324,0.26596,-0.532408,-0.91744,13.16,-36.54,73.57,Noise,Right
1708334373324,0.214232,-0.479216,-0.962824,36.47,-22.19,78.54,Noise,Right
1708334373324,0.15616,-0.599752,-0.970632,21.56,-12.53,80.99,Noise,Right
1708334373373,0.137616,-0.571448,-0.97356,13.09,-8.33,78.89,Noise,Right
1708334373374,0.128832,-0.577304,-0.930616,1.33,-11.2,77.28,Noise,Right
1708334373374,0.14152,-0.586088,-0.933544,-6.37,-17.01,73.15,Noise,Right
1708334373497,0.14152,-0.582184,-0.91744,-20.79,-21.28,66.36,Noise,Right
1708334373499,0.154696,-0.47336,-0.921344,-25.76,-19.25,60.9,Noise,Right
1708334373499,0.102968,-0.481656,-0.917928,-0.42,-12.81,57.61,Noise,Right
1708334373499,0.065392,-0.510936,-0.920856,9.24,-6.44,48.16,Noise,Right
1708334373499,0.029768,-0.543144,-0.922808,14.35,-0.42,34.16,Noise,Right
1708334373499,0.025376,-0.59292,-0.775432,11.41,2.87,21.98,Noise,Right
1708334373499,0.044408,-0.504592,-0.93452,58.1,-4.9,14.07,Noise,Right
1708334373561,0.077104,-0.519232,-0.903288,1.19,-10.78,13.02,Noise,Right
1708334373561,0.056608,-0.48556,-0.834968,-42.7,-14.21,15.19,Noise,Right
1708334373561,0.07076,-0.49776,-0.842288,-43.82,-12.53,20.44,Noise,Right
1708334373562,0.052704,-0.508008,-0.843264,-39.83,-5.67,21.0,Noise,Right
1708334373612,0.011712,-0.448472,-0.84424,-41.09,5.74,21.0,Noise,Right
1708334373612,-0.00244,-0.435784,-0.821792,-39.83,15.82,22.89,Noise,Right
1708334373612,0.031232,-0.458232,-0.830576,-39.13,24.71,24.57,Noise,Right
1708334373613,0.049288,-0.465552,-0.817888,-33.46,31.71,26.32,Noise,Right
1708334373660,0.072712,-0.408456,-0.835944,-25.62,33.95,31.22,Noise,Right
1708334373660,0.074176,-0.41968,-0.838384,-25.83,29.61,38.08,Noise,Right
1708334373708,0.0732,-0.425048,-0.864736,-23.38,21.91,42.49,Noise,Right
1708334373708,0.069784,-0.449936,-0.864736,-25.41,14.42,42.7,Noise,Right
1708334373708,0.061488,-0.427,-0.85644,-30.31,9.8,39.83,Noise,Right
1708334373753,0.062464,-0.394304,-0.85156,-33.53,11.06,35.56,Noise,Right
1708334373754,0.05612,-0.396744,-0.83448,-32.27,19.53,30.45,Noise,Right
1708334373754,0.071736,-0.393816,-0.83936,-33.11,29.26,24.92,Noise,Right
1708334373800,0.088328,-0.312808,-0.849608,-17.64,37.52,21.63,Noise,Right
1708334373801,0.085888,-0.328424,-0.870592,-12.67,38.5,23.59,Noise,Right
1708334373801,0.093208,-0.369416,-0.86376,-8.26,31.43,24.64,Noise,Right
1708334373848,0.113216,-0.384544,-0.845216,-2.31,20.3,22.19,Noise,Right
1708334373848,0.13176,-0.395768,-0.850096,-4.9,10.5,18.06,Noise,Right
1708334373848,0.145424,-0.40504,-0.845704,-10.15,9.24,13.02,Noise,Right
1708334373894,0.181048,-0.389912,-0.8174,-14.07,12.88,9.17,Noise,Right
1708334373894,0.185928,-0.35136,-0.803248,-14.07,18.2,6.23,Noise,Right
1708334373944,0.183,-0.303048,-0.82228,-12.25,23.1,5.74,Noise,Right
1708334373944,0.166896,-0.305,-0.815448,-3.01,21.07,7.28,Noise,Right
1708334373944,0.147376,-0.327448,-0.838384,5.88,11.83,10.64,Noise,Right
1708334373993,0.104432,-0.365512,-0.862296,7.0,-6.86,19.25,Noise,Right
1708334373993,0.122488,-0.380152,-0.866688,-1.47,-15.26,27.37,Noise,Right
1708334373993,0.162992,-0.416752,-0.857904,-4.62,-13.51,32.83,Noise,Right
1708334374127,0.211792,-0.416752,-0.843752,-8.19,-2.38,31.64,Noise,Right
1708334374127,0.243024,-0.337696,-0.837408,-9.66,9.59,24.64,Noise,Right
1708334374127,0.233752,-0.298168,-0.81252,-6.37,17.22,14.07,Noise,Right
1708334374127,0.238632,-0.293288,-0.786168,-1.12,17.71,-0.56,Noise,Right
1708334374127,0.220576,-0.273768,-0.806176,5.46,13.3,-20.44,Noise,Right
1708334374127,0.157624,-0.315736,-0.83448,19.6,5.81,-37.73,Noise,Right
1708334374127,0.130296,-0.361608,-0.846192,30.66,-3.71,-52.64,Noise,Right
1708334374180,0.142496,-0.388936,-0.862296,27.02,-13.65,-58.24,Noise,Right
1708334374180,0.153232,-0.423584,-0.871568,29.47,-21.21,-53.06,Noise,Right
1708334374180,0.186904,-0.426024,-0.879864,15.19,-23.87,-40.95,Noise,Right
1708334374180,0.218624,-0.440664,-0.860832,2.1,-17.43,-30.38,Noise,Right
1708334374313,0.223992,-0.467504,-0.86376,-2.31,-2.94,-27.86,Noise,Right
1708334374314,0.152744,-0.452376,-0.886208,-4.55,18.9,-39.69,Noise,Right
1708334374314,0.111264,-0.407968,-0.918904,-6.86,42.91,-61.53,Noise,Right
1708334374314,0.120536,-0.332816,-0.898896,-8.19,63.49,-84.7,Noise,Right
1708334374314,0.144448,-0.320128,-0.882792,0.35,71.4,-94.85,Noise,Right
1708334374314,0.18788,-0.37088,-0.862784,10.29,65.94,-96.88,Noise,Right
1708334374314,0.160552,-0.410896,-0.87596,4.13,53.2,-96.25,Noise,Right
1708334374433,0.1342,-0.455304,-0.920368,-1.82,43.54,-98.56,Noise,Right
1708334374433,0.159088,-0.426024,-0.95404,-10.92,49.56,-109.76,Noise,Right
1708334374434,0.224968,-0.367464,-0.914512,-15.54,69.51,-127.54,Noise,Right
1708334374434,0.297192,-0.305976,-0.864736,-13.65,97.16,-143.5,Noise,Right
1708334374434,0.384544,-0.262544,-0.798856,-24.43,116.13,-154.84,Noise,Right
1708334374434,0.440664,-0.2562,-0.793976,-20.37,126.07,-160.09,Noise,Right
1708334374434,0.49044,-0.273768,-0.840824,-10.08,133.77,-164.36,Noise,Right
1708334374559,0.510936,-0.256688,-0.92476,-20.37,144.41,-171.43,Noise,Right
1708334374559,0.454816,-0.269864,-1.006256,-40.67,158.48,-176.75,Noise,Right
1708334374560,0.430416,-0.28792,-0.935496,-64.61,169.47,-185.08,Noise,Right
1708334374560,0.512888,-0.157624,-0.826672,-89.95,175.7,-192.01,Noise,Right
1708334374560,0.630496,-0.145424,-0.708088,-119.49,179.76,-195.58,Noise,Right
1708334374560,0.82228,-0.040992,-0.563152,-154.14,180.04,-197.96,Noise,Right
1708334374560,0.883768,0.020008,-0.471896,-190.4,171.5,-195.44,Noise,Right
1708334374560,0.915976,0.149816,-0.438224,-219.94,153.37,-188.3,Noise,Right
1708334374611,0.974048,0.406016,-0.315736,-213.08,138.18,-174.86,Noise,Right
1708334374611,0.802272,0.5734,-0.237168,-179.97,124.25,-158.48,Noise,Right
1708334374611,0.681248,0.707112,-0.208864,-127.75,118.44,-139.37,Noise,Right
1708334374661,0.617808,0.629032,-0.215208,-94.64,122.5,-119.14,Noise,Right
1708334374662,0.53192,0.601704,-0.171288,-80.43,128.17,-104.58,Noise,Right
1708334374663,0.652456,0.570472,-0.11956,-72.45,121.73,-91.14,Noise,Right
1708334374764,0.970144,0.653432,0.051728,-72.73,109.2,-81.69,Noise,Right
1708334374766,1.123376,0.772016,0.156648,-63.49,94.43,-77.98,Noise,Right
1708334374766,0.981368,0.815936,0.132248,-43.61,73.5,-78.47,Noise,Right
1708334374766,0.666608,0.70028,-0.128832,-30.87,57.75,-79.8,Noise,Right
1708334374766,0.206912,0.48312,-0.463112,-36.47,64.26,-83.23,Noise,Right
1708334374766,0.030256,0.355264,-0.488976,-72.17,99.82,-84.84,Noise,Right
1708334374812,0.61976,0.562664,0.003904,-102.97,138.18,-69.37,Noise,Right
1708334374812,1.36396,0.871568,0.552416,-99.89,132.72,-39.34,Noise,Right
1708334374812,1.622112,1.220976,0.936472,-64.54,69.93,-27.79,Noise,Right
1708334374861,1.438136,1.274656,0.811544,-12.53,-41.93,-25.13,Noise,Right
1708334374863,0.940864,0.946232,0.347456,27.44,-103.6,-24.01,Noise,Right
1708334374863,0.202032,0.548024,-0.237168,32.83,-83.58,-27.3,Noise,Right
1708334374908,-0.276208,0.313296,-0.544608,1.96,7.77,-25.69,Noise,Right
1708334374908,0.073688,0.39284,-0.288896,-45.92,107.66,-8.54,Noise,Right
1708334374908,0.775432,0.711504,0.35136,-62.51,150.57,0.7,Noise,Right
1708334374956,1.309304,1.081408,0.81008,-45.71,88.2,-9.03,Noise,Right
1708334374956,1.489376,1.309304,1.098,4.27,-27.09,-38.5,Noise,Right
1708334375002,0.996984,1.149728,0.716872,52.5,-114.52,-68.95,Noise,Right
1708334375003,0.25376,0.681248,0.021472,74.27,-102.13,-90.3,Noise,Right
1708334375003,-0.424072,0.273768,-0.72712,50.47,22.19,-89.67,Noise,Right
1708334375050,-0.547048,0.117608,-0.780312,-30.1,124.46,-52.08,Noise,Right
1708334375050,0.151768,0.35868,-0.201056,-72.24,138.32,17.85,Noise,Right
1708334375050,0.793,0.748104,0.420168,-85.33,68.11,62.37,Noise,Right
1708334375098,1.038464,1.062864,0.829112,-60.97,-29.75,52.43,Noise,Right
1708334375099,1.120448,1.230736,1.014064,-21.84,-99.33,17.29,Noise,Right
1708334375099,0.991616,1.096536,0.73444,24.36,-85.05,-2.8,Noise,Right
1708334375146,0.733952,0.84668,0.418216,46.76,8.05,-28.35,Noise,Right
1708334375146,0.61,0.735904,0.207888,49.07,89.88,-46.48,Noise,Right
1708334375265,0.545584,0.569984,-0.006832,46.34,97.51,-33.6,Noise,Right
1708334375265,0.660264,0.550464,-0.040504,32.55,43.19,1.47,Noise,Right
1708334375267,0.813008,0.704184,0.14152,22.26,-26.11,14.28,Noise,Right
1708334375267,0.877912,0.89792,0.370392,30.52,-62.02,5.53,Noise,Right
1708334375267,0.762744,0.975512,0.347456,43.12,-62.65,-15.68,Noise,Right
1708334375267,0.571936,0.859368,0.22448,51.52,-35.91,-31.36,Noise,Right
1708334375268,0.276208,0.733464,0.008296,51.45,-7.98,-18.9,Noise,Right
1708334375316,0.031232,0.568032,-0.116144,41.02,-1.75,19.25,Noise,Right
1708334375316,0.205448,0.548024,-0.006344,27.51,-11.62,60.13,Noise,Right
1708334375316,0.341112,0.633424,0.113704,25.06,-16.45,84.28,Noise,Right
1708334375360,0.508984,0.769576,0.21716,24.15,-8.12,75.32,Noise,Right
1708334375360,0.692472,0.896456,0.320616,42.91,9.24,43.26,Noise,Right
1708334375360,0.786656,0.825696,0.391864,76.09,26.25,2.38,Noise,Right
1708334375406,0.726632,0.875472,0.218624,72.31,39.62,-22.61,Noise,Right
1708334375407,0.706624,0.677344,0.011712,70.14,46.48,-19.67,Noise,Right
1708334375407,0.796416,0.539728,-0.06344,65.17,45.57,-6.58,Noise,Right
1708334375452,0.92232,0.58072,-0.049776,57.4,37.66,4.06,Noise,Right
1708334375452,1.231224,0.684176,-0.09028,58.8,0.84,17.78,Noise,Right
1708334375454,0.87596,0.849608,0.002928,57.96,-34.72,6.16,Noise,Right
1708334375501,0.750056,0.629032,-0.101016,70.14,-31.36,-17.36,Noise,Right
1708334375503,0.552416,0.7442,-0.144936,32.62,-25.97,-26.6,Noise,Right
1708334375584,0.557296,0.733464,-0.13908,16.38,-14.7,-17.85,Noise,Right
1708334375584,0.601704,0.725168,-0.117608,3.5,-4.48,-7.49,Noise,Right
1708334375584,0.628544,0.726144,-0.079056,0.98,1.89,-0.07,Noise,Right
1708334375584,0.694912,0.690032,-0.035136,3.85,5.67,2.73,Noise,Right
1708334375584,1.170224,0.833992,0.149328,54.53,0.0,-3.85,Noise,Right
1708334375686,0.58804,0.87108,0.061488,4.2,-3.22,-25.2,Noise,Right
1708334375686,0.650016,0.877912,0.0122,25.55,-6.72,-12.32,Noise,Right
1708334375686,0.656848,0.859368,0.037088,20.02,-10.99,3.85,Noise,Right
1708334375686,0.684664,0.782264,-0.003904,25.69,-19.46,19.11,Noise,Right
1708334375686,0.737368,0.747128,-0.060512,36.54,-30.52,36.54,Noise,Right
1708334375686,0.765672,0.756888,-0.028792,35.63,-47.32,50.61,Noise,Right
1708334375731,0.76372,0.745176,-0.016104,36.4,-59.08,60.62,Noise,Right
1708334375731,0.75884,0.75884,0.002928,43.82,-70.14,84.0,Noise,Right
1708334375731,0.731512,0.77836,-0.000976,41.51,-72.17,122.22,Noise,Right
1708334375776,1.44936,0.985272,0.02684,137.9,-78.89,139.44,Noise,Right
1708334375776,0.510936,0.923784,-0.106872,58.73,-84.84,69.93,Noise,Right
1708334375776,0.609512,0.755912,-0.123952,113.33,-71.96,81.2,Noise,Right
1708334375824,0.593896,0.75884,-0.114192,119.84,-71.12,87.22,Noise,Right
1708334375825,0.626592,0.704184,-0.138104,135.03,-80.29,99.75,Noise,Right
1708334375825,0.67344,0.608536,-0.19764,152.04,-95.13,118.16,Noise,Right
1708334375870,0.667584,0.587064,-0.215696,164.99,-101.36,138.04,Noise,Right
1708334375870,0.733464,0.547048,-0.28548,174.02,-102.2,160.09,Noise,Right
1708334375918,0.689056,0.437248,-0.320128,177.52,-97.72,196.35,Noise,Right
1708334375918,0.64172,0.34404,-0.37576,210.42,-88.48,195.23,Noise,Right
1708334375918,0.598288,0.15128,-0.409432,234.92,-76.37,199.08,Noise,Right
1708334375964,0.630984,-0.017568,-0.507032,213.71,-73.78,191.73,Noise,Right
1708334375964,0.747128,-0.117608,-0.579256,184.52,-70.63,182.56,Noise,Right
1708334375965,0.690032,-0.242536,-0.576816,151.34,-69.3,171.08,Noise,Right
1708334376012,0.786168,-0.26352,-0.5856,113.33,-69.58,152.46,Noise,Right
1708334376013,0.798368,-0.26596,-0.574864,97.44,-66.43,135.66,Noise,Right
1708334376013,0.396744,-0.572912,-0.646112,88.69,-50.68,113.82,Noise,Right
1708334376060,0.616344,-0.344528,-0.5734,50.12,-65.38,90.44,Noise,Right
1708334376060,0.732,-0.469944,-0.747616,40.39,-78.68,78.75,Noise,Right
1708334376108,0.630984,-0.430416,-0.791048,19.6,-83.02,61.46,Noise,Right
1708334376109,0.715408,-0.505568,-0.80276,-7.0,-80.08,48.23,Noise,Right
1708334376109,0.735904,-0.415288,-0.83204,-29.82,-70.98,34.93,Noise,Right
1708334376200,0.793976,-0.454328,-0.696864,-4.06,-59.78,26.6,Noise,Right
1708334376200,0.798368,-0.384544,-0.688568,30.59,-51.38,27.79,Noise,Right
1708334376201,0.786656,-0.269376,-0.730048,15.19,-55.23,35.49,Noise,Right
1708334376201,0.725656,-0.261568,-0.755912,28.35,-63.63,51.45,Noise,Right
1708334376201,0.630496,-0.264496,-0.696864,30.1,-94.15,62.16,Noise,Right
1708334376248,0.520696,-0.264984,-0.604144,35.42,-119.77,73.85,Noise,Right
1708334376248,0.517768,-0.288408,-0.648552,47.11,-99.75,72.17,Noise,Right
1708334376249,0.487512,-0.35624,-0.700768,31.85,-78.54,64.33,Noise,Right
1708334376370,0.469456,-0.462136,-0.703208,24.64,-57.19,49.56,Noise,Right
1708334376371,0.44652,-0.474824,-0.7442,20.79,-38.08,34.65,Noise,Right
1708334376371,0.474824,-0.440176,-0.617808,28.14,-22.47,28.35,Noise,Right
1708334376371,0.355752,-0.40992,-0.821792,13.37,-43.05,34.37,Noise,Right
1708334376371,0.343552,-0.446032,-0.830088,54.6,-34.58,36.54,Noise,Right
1708334376371,0.310856,-0.48068,-0.821304,45.78,-38.22,31.99,Noise,Right
1708334376371,0.32208,-0.491416,-0.813984,23.87,-43.68,27.44,Noise,Right
1708334376415,0.32452,-0.505568,-0.824232,8.75,-44.87,21.84,Noise,Right
1708334376416,0.31964,-0.51972,-0.81984,1.75,-36.82,14.21,Noise,Right
1708334376416,0.309392,-0.558272,-0.801296,-4.48,-24.92,4.27,Noise,Right
1708334376462,0.32452,-0.565104,-0.815448,-5.95,-13.3,-5.95,Noise,Right
1708334376463,0.347456,-0.401624,-0.848144,0.98,-6.23,-8.47,Noise,Right
1708334376463,0.32208,-0.446032,-0.809104,7.42,-7.77,0.0,Noise,Right
1708334376510,0.318176,-0.39772,-0.808616,7.63,-17.57,11.34,Noise,Right
1708334376510,0.296216,-0.455304,-0.80764,7.56,-28.84,22.19,Noise,Right
1708334376510,0.304512,-0.447008,-0.825208,-2.52,-36.19,27.44,Noise,Right
1708334376607,0.301096,-0.470432,-0.813984,-5.39,-38.29,30.8,Noise,Right
1708334376607,0.273768,-0.486536,-0.791048,-11.55,-37.17,31.64,Noise,Right
1708334376607,0.276696,-0.487024,-0.806176,-27.37,-36.61,32.76,Noise,Right
1708334376609,0.27084,-0.427976,-0.819352,-29.33,-34.09,38.43,Noise,Right
1708334376609,0.235704,-0.40992,-0.837408,-37.1,-31.36,47.81,Noise,Right
1708334376659,0.198616,-0.381128,-0.886696,-19.25,-26.67,61.46,Noise,Right
1708334376659,0.145424,-0.408456,-0.847168,-3.57,-23.31,69.51,Noise,Right
1708334376659,0.157136,-0.428464,-0.845216,6.79,-26.95,71.47,Noise,Right
1708334376659,0.154208,-0.47092,-0.862296,4.55,-30.45,67.55,Noise,Right
1708334376706,0.179584,-0.49776,-0.83936,0.7,-30.8,59.92,Noise,Right
1708334376706,0.17812,-0.534848,-0.832528,-3.71,-28.63,49.0,Noise,Right
1708334376751,0.150304,-0.523136,-0.828624,-12.32,-20.86,36.4,Noise,Right
1708334376752,0.122,-0.521184,-0.882792,-21.56,-4.55,24.92,Noise,Right
1708334376752,0.042456,-0.538264,-0.967216,-6.16,26.11,6.37,Noise,Right
1708334376796,-0.020008,-0.554368,-0.991616,3.22,64.33,-22.19,Noise,Right
1708334376796,0.040504,-0.603656,-0.920368,-4.62,97.79,-58.45,Noise,Right
1708334376796,0.260592,-0.509472,-0.832528,-6.3,111.65,-88.06,Noise,Right
1708334376843,0.452376,-0.468968,-0.671,-15.4,93.31,-92.47,Noise,Right
1708334376843,0.513864,-0.320616,-0.630984,-17.22,50.4,-77.56,Noise,Right
1708334376890,0.432368,-0.249368,-0.718824,-7.98,0.35,-46.48,Noise,Right
1708334376891,0.235216,-0.317688,-0.838872,-9.1,-33.32,-22.05,Noise,Right
1708334376891,0.077104,-0.417728,-0.867176,-1.75,-31.5,-13.37,Noise,Right
1708334376940,0.0,-0.454816,-0.908656,8.19,6.65,-20.79,Noise,Right
1708334376940,0.16592,-0.483608,-0.830088,18.76,77.42,-30.94,Noise,Right
1708334376941,0.3904,-0.490928,-0.76128,29.4,122.5,-38.01,Noise,Right
1708334377021,0.453352,-0.438224,-0.788608,32.76,124.88,-42.98,Noise,Right
1708334377021,0.470432,-0.355264,-0.798856,23.1,90.16,-38.85,Noise,Right
1708334377022,0.48312,-0.300608,-0.777384,9.59,31.43,-25.69,Noise,Right
1708334377022,0.5368,-0.316712,-0.796904,11.41,-29.47,-15.12,Noise,Right
1708334377022,0.545096,-0.404552,-0.796416,5.74,-57.75,-13.51,Noise,Right
1708334377120,0.598776,-0.4514,-0.770552,-5.25,-67.34,-20.02,Noise,Right
1708334377120,0.55632,-0.4392,-0.7564,-7.84,-64.4,-28.0,Noise,Right
1708334377120,0.493856,-0.420168,-0.747128,-5.32,-54.88,-28.07,Noise,Right
1708334377121,0.435784,-0.396256,-0.76372,-2.17,-47.6,-17.29,Noise,Right
1708334377121,0.423584,-0.367952,-0.78812,7.07,-45.5,6.02,Noise,Right
1708334377121,0.420168,-0.374784,-0.77836,12.81,-50.05,39.13,Noise,Right
1708334377169,0.375272,-0.39284,-0.80276,4.48,-58.31,73.22,Noise,Right
1708334377169,0.320128,-0.384056,-0.842288,21.63,-65.87,101.99,Noise,Right
1708334377169,0.272792,-0.455304,-0.87108,31.43,-69.09,118.02,Noise,Right
1708334377222,0.2318,-0.480192,-0.882304,16.45,-68.95,114.03,Noise,Right
1708334377222,0.21228,-0.501664,-0.922808,9.24,-67.9,102.97,Noise,Right
1708334377340,0.1708,-0.58316,-0.941352,-3.29,-64.47,87.36,Noise,Right
1708334377340,0.127856,-0.625128,-0.955504,-21.77,-56.91,68.67,Noise,Right
1708334377340,0.081496,-0.589016,-0.954528,-30.52,-43.12,52.92,Noise,Right
1708334377340,0.07808,-0.484584,-0.997472,-28.07,-22.89,52.5,Noise,Right
1708334377341,0.001464,-0.453352,-0.994056,-17.29,-7.21,61.67,Noise,Right
1708334377344,-0.014152,-0.480192,-0.979904,-5.25,-0.77,67.13,Noise,Right
1708334377345,0.031232,-0.513376,-0.926224,-9.8,0.56,64.33,Noise,Right
1708334377428,0.040992,-0.516304,-0.935008,-20.44,-2.66,51.17,Noise,Right
1708334377429,0.02684,-0.486048,-0.937936,-30.03,-3.01,36.4,Noise,Right
1708334377429,0.013176,-0.471896,-0.920368,-36.19,1.89,25.2,Noise,Right
1708334377429,0.028792,-0.425536,-0.896944,-40.46,9.73,20.58,Noise,Right
1708334377429,0.059536,-0.327448,-0.888648,-32.27,22.12,28.91,Noise,Right
1708334377430,0.071736,-0.288896,-0.906216,-17.36,31.36,44.1,Noise,Right
1708334377481,0.058072,-0.366,-0.868152,-16.38,34.86,56.21,Noise,Right
1708334377481,0.085888,-0.367464,-0.87596,-21.77,32.27,56.91,Noise,Right
1708334377481,0.08296,-0.361608,-0.874008,-26.88,28.07,53.13,Noise,Right
1708334377527,0.098088,-0.376736,-0.862296,-34.3,24.22,47.46,Noise,Right
1708334377528,0.098088,-0.38796,-0.869616,-46.2,24.36,40.25,Noise,Right
1708334377528,0.096136,-0.360632,-0.870104,-44.87,29.19,34.58,Noise,Right
1708334377574,0.094184,-0.26596,-0.879376,-42.14,37.52,37.17,Noise,Right
1708334377574,0.10004,-0.374296,-0.874984,-30.66,40.04,46.69,Noise,Right
1708334377620,0.088328,-0.30988,-0.891088,-9.87,37.66,53.27,Noise,Right
1708334377620,0.101504,-0.320128,-0.908656,-11.13,35.84,51.31,Noise,Right
1708334377621,0.103456,-0.325496,-0.894992,-13.3,34.37,43.12,Noise,Right
1708334377666,0.139568,-0.332816,-0.87352,-16.38,32.62,34.51,Noise,Right
1708334377666,0.17568,-0.344528,-0.864736,-17.92,30.59,26.53,Noise,Right
1708334377666,0.191296,-0.318176,-0.855464,-18.62,28.35,19.81,Noise,Right
1708334377712,0.199592,-0.223504,-0.871568,-20.58,24.99,17.78,Noise,Right
1708334377713,0.176168,-0.254736,-0.82472,-17.36,20.79,19.88,Noise,Right
1708334377713,0.191296,-0.24644,-0.834968,-8.96,17.01,20.79,Noise,Right
1708334377759,0.176656,-0.267424,-0.86132,-4.55,19.11,19.04,Noise,Right
1708334377759,0.216184,-0.315248,-0.84912,-0.42,26.18,12.74,Noise,Right
1708334377807,0.255712,-0.315248,-0.8418,3.92,30.66,7.14,Noise,Right
1708334377807,0.262056,-0.328912,-0.851072,9.52,28.56,5.6,Noise,Right
1708334377807,0.271816,-0.303048,-0.851072,5.53,20.58,9.66,Noise,Right
1708334377851,0.27816,-0.266936,-0.851072,-3.43,7.14,19.81,Noise,Right
1708334377852,0.270352,-0.31476,-0.847656,-11.06,-4.55,28.7,Noise,Right
1708334377852,0.26108,-0.276696,-0.87352,-6.93,-10.43,31.22,Noise,Right
1708334377901,0.215208,-0.339648,-0.850584,3.78,-5.39,23.87,Noise,Right
1708334377901,0.193736,-0.357704,-0.865224,3.22,3.57,1.26,Noise,Right
1708334377901,0.178608,-0.31476,-0.876936,5.67,12.88,-15.47,Noise,Right
1708334377950,0.183488,-0.352336,-0.88816,14.07,18.06,-24.57,Noise,Right
1708334377951,0.203496,-0.320128,-0.895968,11.34,17.78,-25.62,Noise,Right
1708334378041,0.228384,-0.280112,-0.890112,8.05,12.81,-14.56,Noise,Right
1708334378041,0.264984,-0.271816,-0.874496,-1.26,4.41,-0.28,Noise,Right
1708334378041,0.286944,-0.281088,-0.870104,3.85,-1.54,11.76,Noise,Right
1708334378041,0.284016,-0.328424,-0.847168,5.04,-2.66,10.29,Noise,Right
1708334378042,0.291824,-0.336232,-0.828624,1.61,-1.4,-0.07,Noise,Right
1708334378042,0.272304,-0.313784,-0.83204,-3.08,-2.31,-10.99,Noise,Right
1708334378086,0.242536,-0.331352,-0.84668,1.33,-4.34,-18.62,Noise,Right
1708334378086,0.228872,-0.329888,-0.872544,1.05,-7.77,-21.07,Noise,Right
1708334378086,0.223992,-0.245952,-0.887184,-5.95,-10.78,-13.65,Noise,Right
1708334378140,0.213256,-0.260592,-0.8662,-3.85,-14.49,-1.19,Noise,Right
1708334378140,0.264984,-0.279624,-0.87352,4.83,-16.8,10.22,Noise,Right
1708334378248,0.2928,-0.330376,-0.866688,9.73,-15.19,15.26,Noise,Right
1708334378248,0.275232,-0.355264,-0.883768,4.13,-13.16,8.47,Noise,Right
1708334378248,0.242536,-0.335256,-0.884744,0.7,-11.41,-1.26,Noise,Right
1708334378248,0.237168,-0.317688,-0.883768,-1.33,-12.53,-10.01,Noise,Right
1708334378249,0.24644,-0.320128,-0.878888,-1.4,-13.09,-16.1,Noise,Right
1708334378249,0.224968,-0.315248,-0.862784,-1.47,-13.58,-18.69,Noise,Right
1708334378249,0.226432,-0.273768,-0.881816,1.47,-13.3,-15.4,Noise,Right
1708334378348,0.208376,-0.259616,-0.884744,13.72,-13.65,-9.03,Noise,Right
1708334378349,0.203008,-0.322568,-0.889624,22.47,-15.54,-7.84,Noise,Right
1708334378349,0.210328,-0.372832,-0.901824,20.79,-14.77,-15.47,Noise,Right
1708334378349,0.19032,-0.380152,-0.915976,15.26,-11.13,-27.09,Noise,Right
1708334378349,0.164944,-0.37332,-0.921832,12.39,-5.88,-39.55,Noise,Right
1708334378349,0.167872,-0.362584,-0.91988,7.7,1.12,-51.03,Noise,Right
1708334378398,0.183,-0.315736,-0.903776,1.54,11.41,-59.36,Noise,Right
1708334378398,0.194712,-0.257664,-0.905728,3.22,20.16,-62.23,Noise,Right
1708334378399,0.176656,-0.274744,-0.894016,18.13,25.13,-65.17,Noise,Right
1708334378446,0.215208,-0.282064,-0.914512,23.03,29.75,-70.91,Noise,Right
1708334378448,0.22692,-0.321592,-0.90036,28.35,32.9,-79.59,Noise,Right
1708334378448,0.257176,-0.357704,-0.915,29.05,36.26,-88.97,Noise,Right
1708334378491,0.278648,-0.353312,-0.90524,18.69,41.65,-96.18,Noise,Right
1708334378492,0.29768,-0.332816,-0.907192,9.94,45.99,-98.07,Noise,Right
1708334378540,0.338184,-0.30012,-0.887672,3.15,52.43,-96.74,Noise,Right
1708334378541,0.36112,-0.259616,-0.886696,-1.82,60.76,-92.68,Noise,Right
1708334378541,0.345504,-0.255712,-0.88328,13.3,68.67,-91.07,Noise,Right
1708334378585,0.33428,-0.26352,-0.8784,26.11,74.41,-92.47,Noise,Right
1708334378586,0.34648,-0.259616,-0.864736,21.84,75.25,-93.38,Noise,Right
1708334378586,0.387472,-0.230824,-0.85888,17.08,74.9,-89.11,Noise,Right
1708334378632,0.439688,-0.241072,-0.833504,8.26,76.93,-84.56,Noise,Right
1708334378633,0.496784,-0.21472,-0.781776,0.28,83.37,-80.85,Noise,Right
1708334378634,0.549976,-0.19764,-0.751032,-2.17,107.1,-77.98,Noise,Right
1708334378682,0.620736,-0.14884,-0.7686,6.58,93.59,-74.34,Noise,Right
1708334378682,0.652456,-0.184464,-0.76372,6.09,95.62,-76.3,Noise,Right
1708334378757,0.628056,-0.203984,-0.780312,12.53,94.85,-81.97,Noise,Right
1708334378757,0.640256,-0.174704,-0.783728,8.61,92.26,-90.93,Noise,Right
1708334378758,0.67344,-0.159576,-0.73688,-3.43,91.63,-99.33,Noise,Right
1708334378758,0.704184,-0.121512,-0.671,-11.34,89.04,-101.5,Noise,Right
1708334378758,0.7564,-0.081008,-0.637816,-12.04,86.03,-95.9,Noise,Right
1708334378803,0.816912,-0.0488,-0.618296,-12.6,83.16,-86.45,Noise,Right
1708334378803,0.854976,-0.027816,-0.584136,-16.73,79.38,-77.35,Noise,Right
1708334378804,0.859856,-0.01952,-0.603168,-8.4,78.75,-72.24,Noise,Right
1708334378851,0.793976,-0.040016,-0.620736,-21.63,86.17,-79.24,Noise,Right
1708334378851,0.773968,-0.018056,-0.622688,-28.42,98.35,-91.35,Noise,Right
1708334378896,0.765672,0.005368,-0.595848,-48.23,108.5,-106.61,Noise,Right
1708334378897,0.796416,0.027816,-0.562664,-60.9,115.64,-117.32,Noise,Right
1708334378897,0.860832,0.104432,-0.46604,-72.17,117.81,-122.99,Noise,Right
1708334378946,0.896456,0.198616,-0.342576,-73.15,113.26,-121.1,Noise,Right
1708334378946,0.943304,0.279624,-0.30012,-57.12,107.17,-115.15,Noise,Right
1708334378946,0.947696,0.283528,-0.3172,-36.05,101.71,-108.15,Noise,Right
1708334378992,0.926224,0.264984,-0.289384,-38.08,96.95,-106.82,Noise,Right
1708334378992,0.87596,0.240584,-0.299144,-62.23,90.93,-109.06,Noise,Right
1708334378992,0.827648,0.2684,-0.286944,-81.97,85.47,-110.53,Noise,Right
1708334379035,0.806176,0.312808,-0.253272,-96.32,82.04,-108.64,Noise,Right
1708334379035,0.834968,0.365024,-0.203008,-107.45,81.2,-103.39,Noise,Right
1708334379082,0.882792,0.428952,-0.122,-105.42,80.22,-94.71,Noise,Right
1708334379083,0.908656,0.469456,-0.105896,-97.3,78.61,-83.09,Noise,Right
1708334379083,0.91744,0.474336,-0.083936,-95.62,79.94,-75.32,Noise,Right
1708334379127,0.905728,0.521672,-0.01708,-114.66,77.49,-82.11,Noise,Right
1708334379128,0.86376,0.513864,0.044408,-118.02,72.17,-98.0,Noise,Right
1708334379128,0.857416,0.571448,0.117608,-118.02,73.99,-110.95,Noise,Right
1708334379172,0.905728,0.598776,0.20008,-101.92,83.72,-118.51,Noise,Right
1708334379172,0.919392,0.645136,0.265472,-84.07,94.92,-112.77,Noise,Right
1708334379218,0.925736,0.706136,0.313784,-63.42,102.83,-98.07,Noise,Right
1708334379219,0.854488,0.741272,0.281088,-43.47,112.0,-82.32,Noise,Right
1708334379219,0.710528,0.714432,0.277672,-31.99,117.04,-87.43,Noise,Right
1708334379269,0.515816,0.673928,0.225944,-31.22,118.72,-114.8,Noise,Right
1708334379269,0.427,0.66856,0.239608,-49.84,122.5,-145.39,Noise,Right
1708334379269,0.562664,0.61732,0.366976,-90.37,125.51,-170.52,Noise,Right
1708334379375,0.628544,1.031632,0.746152,-88.34,108.22,-157.64,Noise,Right
1708334379376,0.764696,0.965752,0.794952,-24.36,66.22,-112.21,Noise,Right
1708334379376,0.587552,0.855952,0.662216,11.76,6.58,-58.94,Noise,Right
1708334379376,0.33916,0.655872,0.1708,29.89,-62.51,20.02,Noise,Right
1708334379376,0.184464,0.47824,0.005856,0.14,-71.61,41.51,Noise,Right
1708334379376,0.241072,0.581208,0.157136,-38.71,-51.45,26.39,Noise,Right
1708334379424,0.427976,0.776408,0.558272,-61.32,-16.94,-9.38,Noise,Right
1708334379424,0.718824,1.031632,0.942328,-45.92,10.57,-41.23,Noise,Right
1708334379424,0.75152,1.162416,1.089704,3.01,20.44,-52.22,Noise,Right
1708334379557,0.666608,1.067256,0.92476,50.26,7.63,-37.87,Noise,Right
1708334379558,0.585112,0.92232,0.591944,68.95,-10.29,-12.6,Noise,Right
1708334379558,0.452376,0.721752,0.1464,71.61,-17.92,14.21,Noise,Right
1708334379558,0.342088,0.521672,-0.21228,55.79,-13.02,35.28,Noise,Right
1708334379559,0.337696,0.427976,-0.302072,22.75,-5.6,44.38,Noise,Right
1708334379559,0.461648,0.493856,-0.111264,-13.23,-8.47,43.96,Noise,Right
1708334379559,0.541192,0.623176,0.155184,-31.08,-24.99,35.84,Noise,Right
1708334379608,0.561688,0.78568,0.417728,-32.62,-49.7,25.62,Noise,Right
1708334379608,0.609024,0.967704,0.735416,19.25,-77.28,35.98,Noise,Right
1708334379656,0.579744,0.908656,0.63196,43.4,-58.1,40.67,Noise,Right
1708334379656,0.5368,0.851072,0.448472,53.55,-35.35,29.12,Noise,Right
1708334379656,0.529968,0.745176,0.26596,54.6,-14.07,11.41,Noise,Right
1708334379701,0.55876,0.676368,0.194224,47.18,-1.89,-6.93,Noise,Right
1708334379701,0.620248,0.699304,0.19276,42.35,2.24,-17.78,Noise,Right
1708334379701,0.677344,0.718336,0.245952,49.77,-3.57,-18.9,Noise,Right
1708334379749,0.708576,0.799832,0.289872,57.61,-16.03,-11.48,Noise,Right
1708334379749,0.653432,0.843264,0.27816,63.98,-32.83,1.68,Noise,Right
1708334379796,0.63684,0.816912,0.230336,70.21,-51.03,23.73,Noise,Right
1708334379797,0.681736,0.787144,0.208376,66.36,-60.76,54.46,Noise,Right
1708334379797,0.743712,0.76372,0.181536,60.69,-67.62,86.94,Noise,Right
1708334379843,0.790072,0.715408,0.142496,52.29,-72.87,115.29,Noise,Right
1708334379844,0.836432,0.671,0.116144,44.1,-78.68,124.74,Noise,Right
1708334379844,0.855952,0.695888,0.089304,43.96,-85.96,118.3,Noise,Right
1708334379888,0.815448,0.715896,0.055632,59.08,-92.47,96.04,Noise,Right
1708334379889,0.745176,0.676856,0.015128,54.74,-95.27,59.15,Noise,Right
1708334379889,0.707112,0.61,-0.026352,46.97,-90.51,22.19,Noise,Right
1708334379938,0.711016,0.620736,-0.059048,32.97,-73.85,-9.87,Noise,Right
1708334379938,0.721752,0.598776,-0.090768,29.19,-45.43,-25.76,Noise,Right
1708334380059,0.721264,0.594384,-0.102968,21.49,-19.74,-30.66,Noise,Right
1708334380059,0.731024,0.600728,-0.118584,18.48,-2.1,-26.25,Noise,Right
1708334380059,0.754936,0.5856,-0.12688,13.37,6.58,-17.99,Noise,Right
1708334380059,0.757376,0.596824,-0.110288,9.94,7.63,-10.29,Noise,Right
1708334380059,0.755912,0.621712,-0.0976,7.21,3.71,-6.3,Noise,Right
1708334380059,0.757864,0.662704,-0.069784,4.9,-2.73,-5.11,Noise,Right
1708334380059,0.773968,0.64416,-0.052704,2.45,-7.56,-9.31,Noise,Right
1708334380106,0.764696,0.653432,-0.048312,-1.75,-9.03,-15.68,Noise,Right
1708334380106,0.758352,0.6588,-0.047336,0.14,-8.96,-0.21,Noise,Right
1708334380106,0.764696,0.651968,-0.042944,3.92,-8.26,-11.55,Noise,Right
1708334380157,0.760304,0.632448,-0.04636,6.3,-9.94,-1.05,Noise,Right
1708334380157,0.772504,0.72468,-0.067832,25.34,-13.65,14.0,Noise,Right
1708334380157,0.73444,0.682224,-0.049288,27.3,-20.58,26.88,Noise,Right
1708334380281,0.75396,0.724192,-0.057584,37.1,-30.59,33.81,Noise,Right
1708334380282,0.742248,0.711504,-0.060024,36.05,-39.69,34.23,Noise,Right
1708334380282,0.726632,0.682712,-0.070272,30.24,-45.08,28.91,Noise,Right
1708334380282,0.734928,0.504592,-0.104432,21.49,-42.56,19.88,Noise,Right
1708334380282,0.75884,0.533872,-0.142984,8.19,-31.43,9.87,Noise,Right
1708334380283,0.77348,0.49044,-0.201544,-8.26,-16.87,2.03,Noise,Right
1708334380283,0.78568,0.522648,-0.223504,-21.35,-1.54,-1.05,Noise,Right
1708334380327,0.770552,0.722728,-0.254248,-12.04,12.39,5.81,Noise,Right
1708334380328,0.744688,0.591944,-0.218624,8.47,17.15,14.35,Noise,Right
1708334380328,0.808128,0.57828,-0.197152,-3.22,16.66,10.57,Noise,Right
1708334380379,0.801296,0.5002,-0.172752,-24.43,15.61,-2.87,Noise,Right
1708334380379,0.794464,0.50752,-0.173728,-37.31,19.25,-22.26,Noise,Right
1708334380379,0.75152,0.518256,-0.145424,-45.08,28.77,-37.45,Noise,Right
1708334380499,0.745664,0.54412,-0.111264,-47.67,43.33,-39.41,Noise,Right
1708334380500,0.764696,0.611464,-0.057096,-47.04,56.98,-32.69,Noise,Right
1708334380500,0.758352,0.66612,-0.020496,-25.2,67.55,-17.08,Noise,Right
1708334380500,0.745664,0.683688,0.00488,-7.91,73.22,-6.65,Noise,Right
1708334380500,0.74176,0.648064,0.016592,-0.07,73.57,-4.34,Noise,Right
1708334380500,0.737856,0.58316,0.036112,-5.95,67.13,-12.39,Noise,Right
1708334380501,0.774456,0.586088,0.0732,-21.63,57.54,-20.86,Noise,Right
1708334380543,0.813496,0.608536,0.11712,-31.36,44.94,-21.21,Noise,Right
1708334380543,0.880352,0.628056,0.16592,-28.49,29.05,-12.46,Noise,Right
1708334380543,0.952576,0.706624,0.17568,-22.82,11.41,0.63,Noise,Right
1708334380591,0.882792,0.671976,0.083448,29.47,-9.38,-11.06,Noise,Right
1708334380591,0.764208,0.794464,0.164944,-9.17,-11.34,-11.41,Noise,Right
1708334380591,0.774456,0.687592,0.134688,8.47,-8.19,-8.68,Noise,Right
1708334380641,0.79544,0.65392,0.115656,11.55,-6.58,-7.84,Noise,Right
1708334380641,0.803248,0.646112,0.112728,3.64,-4.55,-7.49,Noise,Right
1708334380641,0.770552,0.64904,0.093696,5.95,-3.64,-7.42,Noise,Right
1708334380686,0.778848,0.6222,0.108824,-1.4,-4.83,-8.47,Noise,Right
1708334380686,0.771528,0.639768,0.123464,-3.85,-8.05,-7.28,Noise,Right
1708334380730,0.629032,0.702232,0.110776,4.06,-14.35,-2.73,Noise,Right
1708334380731,0.733464,0.686128,0.110288,19.46,-24.5,4.97,Noise,Right
1708334380731,0.759816,0.720288,0.0976,29.75,-35.63,15.12,Noise,Right
1708334380778,0.802272,0.723704,0.081496,39.9,-41.51,23.45,Noise,Right
1708334380778,0.800808,0.674416,0.098576,36.12,-42.56,30.17,Noise,Right
1708334380778,0.795928,0.669048,0.0732,23.94,-44.45,35.7,Noise,Right
1708334380822,0.7564,0.642696,0.06344,15.26,-49.91,44.59,Noise,Right
1708334380822,0.748104,0.606584,0.01708,10.57,-54.6,57.47,Noise,Right
1708334380870,0.759328,0.565592,0.002928,10.71,-59.08,59.78,Noise,Right
1708334380870,0.757864,0.60024,-0.177632,6.93,-63.49,56.28,Noise,Right
1708334380870,0.743224,0.66612,-0.01708,-9.24,-69.51,7.0,Noise,Right
1708334380914,0.779336,0.707112,-0.075152,72.59,-64.54,18.2,Noise,Right
1708334380915,0.816912,0.557784,-0.050264,67.55,-57.19,22.33,Noise,Right
1708334380915,0.841312,0.540704,-0.111264,59.22,-50.61,22.4,Noise,Right
1708334380963,0.8418,0.52948,-0.119072,49.42,-46.13,22.68,Noise,Right
1708334380963,0.854,0.578768,-0.101992,50.4,-53.55,26.95,Noise,Right
1708334380963,0.840336,0.575352,-0.121512,55.37,-65.03,39.76,Noise,Right
1708334381010,0.798368,0.618784,-0.106384,63.91,-78.89,56.0,Noise,Right
1708334381010,0.748104,0.60268,-0.213744,81.2,-91.07,78.82,Noise,Right
1708334381058,0.742248,0.555832,-0.212768,120.68,-95.62,96.04,Noise,Right
1708334381059,0.716384,0.404064,-0.267424,137.9,-94.29,98.0,Noise,Right
1708334381062,0.809592,0.281088,-0.296704,113.19,-89.53,88.41,Noise,Right
1708334381101,0.791536,0.310368,-0.379664,73.43,-84.14,71.05,Noise,Right
1708334381101,0.813008,0.316712,-0.372832,70.56,-78.19,62.16,Noise,Right
1708334381102,0.818864,0.337696,-0.384544,79.03,-73.01,57.89,Noise,Right
1708334381148,0.8174,0.401624,-0.421632,93.52,-67.2,62.51,Noise,Right
1708334381148,0.76372,0.337696,-0.442616,126.21,-64.54,72.24,Noise,Right
1708334381148,0.731024,0.291336,-0.461648,143.08,-63.49,82.88,Noise,Right
1708334381195,0.710528,0.221552,-0.447984,155.19,-65.45,92.82,Noise,Right
1708334381195,0.759816,-0.000488,-0.426512,134.68,-69.37,96.6,Noise,Right
1708334381242,1.521096,0.094672,-0.459696,115.5,-82.67,87.92,Noise,Right
1708334381242,0.786168,0.020496,-0.418704,57.19,-79.1,66.57,Noise,Right
1708334381242,0.8174,0.045384,-0.575352,101.71,-76.09,79.73,Noise,Right
1708334381290,0.742736,-0.028304,-0.532896,94.5,-72.73,87.22,Noise,Right
1708334381290,0.72712,-0.041968,-0.591456,109.34,-73.5,95.2,Noise,Right
1708334381290,0.733464,-0.173728,-0.633912,121.45,-73.71,98.42,Noise,Right
1708334381426,0.76616,-0.284504,-0.646112,105.56,-72.8,91.84,Noise,Right
1708334381426,0.731512,-0.290848,-0.642208,72.24,-71.68,80.71,Noise,Right
1708334381426,0.718824,-0.29768,-0.688568,47.39,-70.63,69.09,Noise,Right
1708334381428,0.72956,-0.339648,-0.699792,29.89,-67.34,54.6,Noise,Right
1708334381428,0.720776,-0.341112,-0.719312,20.44,-64.61,42.28,Noise,Right
1708334381428,0.716384,-0.345016,-0.729072,13.37,-62.86,32.41,Noise,Right
1708334381428,0.689544,-0.311344,-0.731024,6.79,-62.93,25.27,Noise,Right
1708334381476,0.731512,-0.490928,-0.255712,29.82,-42.35,17.85,Noise,Right
1708334381476,0.647088,-0.305,-0.887672,23.8,-90.37,32.48,Noise,Right
1708334381476,0.617808,-0.30988,-0.819352,19.6,-92.12,36.89,Noise,Right
1708334381476,0.5856,-0.33184,-0.811056,23.59,-93.1,42.35,Noise,Right
1708334381612,0.535336,-0.316224,-0.784216,51.24,-84.63,47.11,Noise,Right
1708334381612,0.518744,-0.356728,-0.793976,20.93,-68.67,46.2,Noise,Right
1708334381612,0.52948,-0.403576,-0.781288,11.69,-60.27,44.1,Noise,Right
1708334381613,0.53192,-0.374296,-0.766648,9.73,-56.98,40.25,Noise,Right
1708334381613,0.542168,-0.137128,-0.805688,17.85,-57.12,48.23,Noise,Right
1708334381614,0.453352,-0.287432,-0.81008,21.63,-65.87,58.24,Noise,Right
1708334381614,0.443592,-0.332816,-0.843264,20.16,-80.15,60.13,Noise,Right
1708334381668,0.328912,-0.371368,-0.842776,13.72,-92.96,56.49,Noise,Right
1708334381669,0.289872,-0.362096,-0.87108,5.67,-97.16,47.25,Noise,Right
1708334381669,0.264496,-0.398208,-0.852048,-1.33,-90.51,36.19,Noise,Right
1708334381669,0.254248,-0.427976,-0.854488,-5.46,-75.11,27.65,Noise,Right
1708334381723,0.244976,-0.489464,-0.839848,-14.77,-59.64,20.65,Noise,Right
1708334381723,0.241072,-0.380152,-0.825696,-21.49,-47.81,13.86,Noise,Right
1708334381723,0.218136,-0.312808,-0.867664,-0.28,-38.78,22.96,Noise,Right
1708334381837,0.147864,-0.390888,-0.874496,15.12,-38.85,27.3,Noise,Right
1708334381838,0.155672,-0.363072,-0.896456,16.03,-40.04,25.48,Noise,Right
1708334381838,0.131272,-0.40992,-0.89548,8.75,-42.42,20.16,Noise,Right
1708334381838,0.14884,-0.411872,-0.890112,1.05,-41.86,13.16,Noise,Right
1708334381838,0.153232,-0.426512,-0.877912,-4.97,-37.24,7.35,Noise,Right
1708334381838,0.166408,-0.4514,-0.877912,-15.82,-28.91,0.21,Noise,Right
1708334381839,0.135176,-0.4636,-0.857416,-20.16,-16.1,-6.86,Noise,Right
1708334381893,0.154208,-0.34648,-0.905728,-8.26,-7.14,-9.1,Noise,Right
1708334381893,0.142984,-0.349408,-0.89548,-1.26,-1.4,-6.93,Noise,Right
1708334381893,0.132736,-0.369416,-0.896456,16.73,-1.75,-1.19,Noise,Right
1708334381938,0.133224,-0.391376,-0.887672,12.6,-6.3,3.01,Noise,Right
1708334381938,0.147376,-0.372344,-0.876448,1.96,-9.73,6.58,Noise,Right
1708334381938,0.160552,-0.377224,-0.873032,-2.03,-10.71,8.61,Noise,Right
1708334381986,0.16836,-0.382104,-0.864736,-6.58,-8.82,7.49,Noise,Right
1708334381986,0.17812,-0.387472,-0.869616,-10.85,-5.74,4.34,Noise,Right
1708334381987,0.174216,-0.35624,-0.877424,-5.81,-2.38,0.77,Noise,Right
1708334382034,0.156648,-0.335256,-0.892552,-1.12,0.42,1.05,Noise,Right
1708334382034,0.13908,-0.36356,-0.918904,2.52,-0.35,1.4,Noise,Right
1708334382034,0.139568,-0.366488,-0.919392,-1.05,-2.73,-0.98,Noise,Right
1708334382136,0.14884,-0.363072,-0.90036,0.0,-5.53,-1.54,Noise,Right
1708334382136,0.161528,-0.372344,-0.89792,-0.28,-7.21,-1.68,Noise,Right
1708334382136,0.167872,-0.366488,-0.902312,-1.96,-7.63,-0.84,Noise,Right
1708334382136,0.16348,-0.376736,-0.890112,-4.06,-7.77,0.77,Noise,Right
1708334382136,0.162016,-0.384056,-0.890112,-5.88,-7.98,2.59,Noise,Right
1708334382136,0.15372,-0.377224,-0.89792,-4.9,-7.07,4.2,Noise,Right
1708334382187,0.157624,-0.337696,-0.91744,-3.29,-3.92,7.56,Noise,Right
1708334382187,0.146888,-0.370392,-0.910608,3.92,-1.4,10.5,Noise,Right
1708334382188,0.157136,-0.352336,-0.904264,1.47,-1.4,8.12,Noise,Right
1708334382234,0.15372,-0.36112,-0.899384,0.0,-4.55,6.09,Noise,Right
1708334382236,0.15128,-0.378688,-0.908656,1.4,-7.84,2.8,Noise,Right
1708334382280,0.160552,-0.378688,-0.898408,-4.48,-9.17,-0.42,Noise,Right
1708334382280,0.162992,-0.38552,-0.884744,-6.79,-7.84,-2.59,Noise,Right
1708334382280,0.157136,-0.37332,-0.894016,-8.82,-3.99,-4.06,Noise,Right
1708334382326,0.155184,-0.356728,-0.904752,-7.28,1.33,-4.62,Noise,Right
1708334382326,0.159576,-0.313784,-0.908168,17.15,4.2,-1.96,Noise,Right
1708334382326,0.159088,-0.320128,-0.89548,6.02,2.03,0.28,Noise,Right
1708334382374,0.16348,-0.334768,-0.903776,4.27,-2.45,0.77,Noise,Right
1708334382374,0.149816,-0.345992,-0.901336,4.06,-7.0,0.35,Noise,Right
1708334382374,0.162016,-0.35624,-0.901824,1.26,-9.17,-1.26,Noise,Right
1708334382422,0.154696,-0.359168,-0.894992,-0.49,-9.03,-2.52,Noise,Right
1708334382423,0.156648,-0.36844,-0.893528,-1.19,-7.07,-3.36,Noise,Right
1708334382423,0.160552,-0.363072,-0.896456,-1.68,-5.74,-4.2,Noise,Right
1708334382549,0.151768,-0.337208,-0.892552,1.12,-3.85,-3.15,Noise,Right
1708334382549,0.146888,-0.3172,-0.901336,2.45,-1.89,0.14,Noise,Right
1708334382549,0.133712,-0.327936,-0.898408,5.88,-0.7,3.85,Noise,Right
1708334382549,0.144448,-0.320616,-0.898896,11.83,-2.87,5.46,Noise,Right
1708334382549,0.150792,-0.342088,-0.895968,12.53,-6.93,6.3,Noise,Right
1708334382549,0.13908,-0.35136,-0.892064,10.92,-11.9,6.09,Noise,Right
1708334382549,0.13908,-0.334768,-0.894504,5.04,-15.82,7.07,Noise,Right
1708334382651,0.139568,-0.337696,-0.896944,7.98,-18.55,10.01,Noise,Right
1708334382656,0.130296,-0.354776,-0.894016,10.01,-18.2,12.25,Noise,Right
1708334382656,0.14152,-0.36356,-0.906216,9.94,-16.66,12.81,Noise,Right
1708334382656,0.137128,-0.36112,-0.91744,9.38,-13.79,11.76,Noise,Right
1708334382656,0.132248,-0.380152,-0.926712,11.69,-9.87,7.14,Noise,Right
1708334382657,0.13176,-0.366,-0.922808,10.29,-5.88,0.63,Noise,Right
1708334382698,0.122976,-0.370392,-0.916952,12.04,-2.87,-5.95,Noise,Right
1708334382699,0.12932,-0.396256,-0.90524,15.54,-2.94,-10.78,Noise,Right
1708334382699,0.135176,-0.396744,-0.89792,7.63,-5.53,-15.68,Noise,Right
1708334382749,0.150304,-0.406016,-0.898408,4.62,-8.4,-17.71,Noise,Right
1708334382749,0.141032,-0.398208,-0.898408,3.78,-9.87,-17.5,Noise,Right
1708334382750,0.130784,-0.389424,-0.894992,2.1,-9.31,-14.91,Noise,Right
1708334382854,0.11712,-0.38064,-0.893528,1.54,-7.28,-11.69,Noise,Right
1708334382854,0.101504,-0.362096,-0.899384,-0.56,-4.62,-7.91,Noise,Right
1708334382854,0.10248,-0.355752,-0.899384,-0.98,-0.98,-4.2,Noise,Right
1708334382856,0.115168,-0.35868,-0.891088,1.89,1.47,0.28,Noise,Right
1708334382856,0.127856,-0.362584,-0.896456,4.62,0.35,3.64,Noise,Right
1708334382856,0.142984,-0.359656,-0.877912,3.5,-3.92,5.95,Noise,Right
1708334382900,0.149816,-0.363072,-0.885232,8.68,-9.38,6.72,Noise,Right
1708334382901,0.15372,-0.364536,-0.887184,8.68,-15.54,7.07,Noise,Right
1708334382901,0.15128,-0.360144,-0.882304,10.5,-21.0,8.33,Noise,Right
1708334382948,0.135664,-0.355264,-0.86864,11.69,-25.62,10.99,Noise,Right
1708334382948,0.115168,-0.367464,-0.900848,9.31,-28.42,14.84,Noise,Right
1708334382994,0.096624,-0.358192,-0.909632,7.28,-25.9,18.2,Noise,Right
1708334382994,0.07076,-0.359656,-0.905728,7.56,-22.26,21.0,Noise,Right
1708334382994,0.055632,-0.371368,-0.904752,14.91,-18.48,22.47,Noise,Right
1708334383039,0.049288,-0.40748,-0.920856,20.86,-15.47,21.77,Noise,Right
1708334383039,0.06344,-0.438712,-0.944768,16.73,-12.18,17.29,Noise,Right
1708334383039,0.075152,-0.487024,-0.952576,10.64,-9.8,10.71,Noise,Right
1708334383087,0.086376,-0.480192,-0.938912,1.12,-8.05,2.38,Noise,Right
1708334383087,0.081984,-0.432856,-0.91744,-7.07,-5.67,-3.43,Noise,Right
1708334383130,0.071736,-0.392352,-0.911584,-10.29,-2.94,-6.02,Noise,Right
1708334383130,0.070272,-0.377224,-0.903776,-8.26,0.49,-5.39,Noise,Right
1708334383130,0.06588,-0.381128,-0.904752,0.14,1.12,-3.36,Noise,Right
1708334383179,0.064416,-0.369416,-0.886208,5.11,-1.68,0.56,Noise,Right
1708334383183,0.049288,-0.35136,-0.871568,2.8,-7.98,5.67,Noise,Right
1708334383184,0.046848,-0.310368,-0.86864,8.96,-13.51,12.74,Noise,Right
1708334383223,0.040016,-0.342576,-0.866688,16.52,-16.66,17.29,Noise,Right
1708334383223,0.055144,-0.3904,-0.885232,17.71,-17.5,16.17,Noise,Right
1708334383224,0.066856,-0.450912,-0.884744,16.17,-16.24,11.13,Noise,Right
1708334383270,0.082472,-0.454816,-0.881816,10.08,-15.89,3.57,Noise,Right
1708334383270,0.076616,-0.426024,-0.866688,4.76,-15.4,-2.66,Noise,Right
1708334383316,0.044408,-0.406992,-0.837896,5.46,-16.52,-7.14,Noise,Right
1708334383317,0.003416,-0.387472,-0.826672,5.39,-17.78,-9.52,Noise,Right
1708334383317,-0.021472,-0.352336,-0.822768,9.52,-15.54,-9.24,Noise,Right
1708334383364,-0.046848,-0.33672,-0.82716,8.54,-9.73,-6.79,Noise,Right
1708334383365,-0.028304,-0.372344,-0.838384,14.35,-2.03,-3.5,Noise,Right
1708334383365,0.008784,-0.417728,-0.867176,16.66,6.02,-1.54,Noise,Right
1708334383410,0.044408,-0.462136,-0.904752,17.78,11.48,-1.89,Noise,Right
1708334383410,0.05368,-0.501176,-0.916464,16.45,11.62,-4.48,Noise,Right
1708334383410,0.067832,-0.497272,-0.918416,9.24,7.21,-8.05,Noise,Right
1708334383457,0.05368,-0.472384,-0.91744,7.21,0.7,-10.36,Noise,Right
1708334383458,0.052704,-0.478728,-0.903288,1.89,-6.79,-11.41,Noise,Right
1708334383503,0.062464,-0.454816,-0.908168,-5.18,-10.71,-13.65,Noise,Right
1708334383503,0.049288,-0.400648,-0.859856,-10.43,-7.0,-13.93,Noise,Right
1708334383504,0.05124,-0.347456,-0.852048,-11.13,1.33,-12.25,Noise,Right
1708334383549,0.071736,-0.342576,-0.849608,-3.15,13.37,-10.43,Noise,Right
1708334383549,0.084424,-0.33428,-0.87108,4.9,23.94,-10.08,Noise,Right
1708334383549,0.089304,-0.370392,-0.901336,11.2,28.63,-11.9,Noise,Right
1708334383596,0.080032,-0.39772,-0.948184,18.69,27.3,-15.05,Noise,Right
1708334383596,0.074176,-0.428464,-0.975024,24.15,20.3,-16.59,Noise,Right
1708334383596,0.047824,-0.499712,-0.986736,17.08,10.29,-18.13,Noise,Right
1708334383642,0.060512,-0.531432,-0.986248,7.42,3.64,-22.82,Noise,Right
1708334383642,0.081496,-0.513864,-0.973072,-10.5,2.59,-30.45,Noise,Right
1708334383689,0.101016,-0.445544,-0.936472,-18.34,8.68,-33.6,Noise,Right
1708334383690,0.124928,-0.401624,-0.900848,-22.54,20.51,-33.39,Noise,Right
1708334383690,0.155672,-0.359168,-0.862784,-21.0,30.87,-31.22,Noise,Right
1708334383735,0.176656,-0.333304,-0.851072,-18.97,38.71,-27.86,Noise,Right
1708334383735,0.174216,-0.3172,-0.873032,-7.49,39.55,-22.33,Noise,Right
1708334383735,0.174216,-0.383568,-0.886208,16.94,32.13,-14.28,Noise,Right
1708334383783,0.179096,-0.4026,-0.906704,12.39,13.3,-5.88,Noise,Right
1708334383783,0.186904,-0.403576,-0.90036,-1.47,-7.42,4.9,Noise,Right
1708334383783,0.19764,-0.3904,-0.899872,-14.14,-23.52,16.17,Noise,Right
1708334383830,0.194224,-0.376736,-0.894504,-22.68,-29.26,25.2,Noise,Right
1708334383830,0.189344,-0.37332,-0.886208,-23.24,-25.06,31.15,Noise,Right
1708334383877,0.171288,-0.371856,-0.896944,-20.51,-10.78,32.55,Noise,Right
1708334383877,0.157624,-0.37576,-0.904264,-15.05,2.03,31.99,Noise,Right
1708334383877,0.143472,-0.4026,-0.922808,-8.47,11.62,30.03,Noise,Right
1708334383924,0.122488,-0.41724,-0.944768,-5.32,18.13,27.09,Noise,Right
1708334383924,0.116144,-0.372344,-0.96136,-6.65,23.45,25.83,Noise,Right
1708334383924,0.095648,-0.351848,-0.96868,-7.14,26.6,25.69,Noise,Right
1708334383972,0.108824,-0.379176,-0.92964,-4.34,25.83,21.98,Noise,Right
1708334383972,0.143472,-0.390888,-0.929152,-10.29,22.26,13.86,Noise,Right
1708334383973,0.157624,-0.361608,-0.918904,-15.33,18.34,5.67,Noise,Right
1708334384019,0.155184,-0.345016,-0.914024,-16.03,15.47,-1.12,Noise,Right
1708334384019,0.159576,-0.330376,-0.90524,-16.45,14.0,-7.14,Noise,Right
1708334384064,0.157136,-0.323056,-0.901824,-17.22,15.54,-10.01,Noise,Right
1708334384066,0.16348,-0.28792,-0.892064,-10.71,17.57,-10.08,Noise,Right
1708334384066,0.176168,-0.305976,-0.898896,-0.21,17.5,-4.83,Noise,Right
1708334384114,0.181048,-0.323544,-0.915488,7.91,13.65,3.43,Noise,Right
1708334384114,0.20008,-0.365024,-0.931104,6.58,7.14,14.21,Noise,Right
1708334384114,0.221064,-0.379176,-0.921344,-8.47,0.98,22.61,Noise,Right
1708334384159,0.22692,-0.37088,-0.921832,-19.11,-0.63,28.77,Noise,Right
1708334384159,0.237656,-0.33428,-0.915976,-28.07,2.31,32.41,Noise,Right
1708334384159,0.255712,-0.3172,-0.92232,-27.93,8.96,33.39,Noise,Right
1708334384207,0.264984,-0.304512,-0.91744,-24.08,16.24,31.5,Noise,Right
1708334384207,0.26352,-0.28792,-0.912072,-20.09,20.65,28.14,Noise,Right
1708334384258,0.253272,-0.296704,-0.90768,-16.45,22.47,23.03,Noise,Right
1708334384259,0.237168,-0.32452,-0.913536,-9.94,21.91,15.4,Noise,Right
1708334384261,0.223016,-0.357216,-0.936472,-3.57,21.21,5.18,Noise,Right
1708334384300,0.227408,-0.364536,-0.931104,-12.32,21.98,-8.75,Noise,Right
1708334384301,0.24644,-0.337696,-0.906216,-15.4,24.43,-19.18,Noise,Right
1708334384301,0.264008,-0.282552,-0.854488,-16.8,27.86,-25.13,Noise,Right
1708334384346,0.28548,-0.248392,-0.83936,-12.74,27.79,-24.64,Noise,Right
1708334384346,0.279136,-0.238632,-0.840824,-7.21,26.18,-20.79,Noise,Right
1708334384347,0.283528,-0.206912,-0.843264,-9.45,24.78,-14.77,Noise,Right
1708334384391,0.28792,-0.184952,-0.84912,-10.36,23.03,-3.36,Noise,Right
1708334384391,0.315248,-0.238144,-0.894504,-2.8,19.81,6.3,Noise,Right
1708334384437,0.325984,-0.294752,-0.876448,7.0,14.49,11.69,Noise,Right
1708334384437,0.319152,-0.255224,-0.885232,-1.19,6.65,17.29,Noise,Right
1708334384438,0.318664,-0.255224,-0.845704,-10.5,-3.99,28.07,Noise,Right
1708334384489,0.337696,-0.271328,-0.845704,-14.77,-14.49,39.34,Noise,Right
1708334384490,0.347944,-0.301096,-0.86864,-21.84,-18.41,43.05,Noise,Right
1708334384490,0.316224,-0.330376,-0.893528,-24.08,-15.82,39.69,Noise,Right
1708334384598,0.278648,-0.31476,-0.924272,-25.34,-8.47,30.66,Noise,Right
1708334384598,0.226432,-0.276208,-0.935496,-25.27,1.89,19.67,Noise,Right
1708334384599,0.215696,-0.254736,-0.94672,-15.4,11.41,11.06,Noise,Right
1708334384599,0.221064,-0.228384,-0.91988,-9.59,18.83,5.32,Noise,Right
1708334384599,0.243024,-0.191784,-0.892552,-4.27,22.82,6.72,Noise,Right
1708334384599,0.267424,-0.201544,-0.87108,-5.88,23.52,9.31,Noise,Right
1708334384599,0.301584,-0.223016,-0.877424,-8.82,24.22,8.68,Noise,Right
1708334384701,0.305976,-0.22204,-0.88328,-11.97,27.02,3.43,Noise,Right
1708334384701,0.316712,-0.213256,-0.869616,-12.6,30.52,-4.13,Noise,Right
1708334384702,0.31964,-0.210328,-0.877912,-9.52,31.64,-8.54,Noise,Right
1708334384702,0.330864,-0.215208,-0.856928,-3.71,30.24,-8.96,Noise,Right
1708334384702,0.332328,-0.180072,-0.853024,-1.05,26.39,-4.06,Noise,Right
1708334384752,0.328424,-0.17812,-0.857904,-6.58,21.0,4.55,Noise,Right
1708334384752,0.325984,-0.1708,-0.843264,-10.78,16.1,16.73,Noise,Right
1708334384752,0.357216,-0.145912,-0.827648,-18.34,12.11,28.21,Noise,Right
1708334384805,0.389424,-0.208376,-0.840336,-27.23,7.49,35.07,Noise,Right
1708334384805,0.427976,-0.233752,-0.847656,-21.49,5.18,34.09,Noise,Right
1708334384806,0.408944,-0.204472,-0.83204,-20.79,1.89,30.52,Noise,Right
1708334384861,0.38308,-0.159576,-0.845704,-10.22,-4.62,29.4,Noise,Right
1708334384862,0.354288,-0.169336,-0.8662,-6.3,-11.55,30.31,Noise,Right
1708334384862,0.350384,-0.197152,-0.896944,-6.16,-16.87,29.26,Noise,Right
1708334384983,0.347456,-0.23424,-0.912072,-4.41,-16.94,26.32,Noise,Right
1708334384983,0.357216,-0.280112,-0.940864,-6.44,-12.95,18.27,Noise,Right
1708334384983,0.376736,-0.27572,-0.935984,-5.6,-3.5,6.23,Noise,Right
1708334384983,0.379664,-0.256688,-0.911096,-3.08,5.88,-5.6,Noise,Right
1708334384984,0.397232,-0.253272,-0.913536,1.75,12.46,-11.55,Noise,Right
1708334384984,0.386496,-0.250344,-0.91012,4.41,13.3,-13.44,Noise,Right
1708334384984,0.370392,-0.20252,-0.88084,4.2,8.96,-10.78,Noise,Right
1708334385031,0.362584,-0.208864,-0.922808,-11.2,-0.07,-0.21,Noise,Right
1708334385031,0.382104,-0.245464,-0.898896,-14.56,-7.7,9.1,Noise,Right
1708334385031,0.398696,-0.255712,-0.886208,-21.91,-8.33,11.06,Noise,Right
1708334385107,0.387472,-0.218136,-0.859368,-26.53,-3.08,8.12,Noise,Right
1708334385107,0.41236,-0.181048,-0.83936,-17.29,3.99,3.08,Noise,Right
1708334385107,0.39772,-0.149328,-0.817888,-11.41,10.08,-1.96,Noise,Right
1708334385107,0.386496,-0.150304,-0.833992,-1.05,12.74,-6.93,Noise,Right
1708334385108,0.363072,-0.169824,-0.844728,1.82,11.13,-11.48,Noise,Right
1708334385211,0.355264,-0.13908,-0.845704,1.54,5.74,-13.93,Noise,Right
1708334385211,0.347456,-0.117608,-0.835944,-2.73,-0.91,-12.74,Noise,Right
1708334385211,0.349896,-0.12932,-0.820328,-3.43,-5.04,-13.16,Noise,Right
1708334385211,0.349408,-0.169824,-0.817888,-2.31,-2.38,-18.69,Noise,Right
1708334385211,0.335256,-0.188856,-0.817888,-1.47,9.8,-35.0,Noise,Right
1708334385211,0.308904,-0.154208,-0.813496,-0.7,29.75,-52.36,Noise,Right
1708334385260,0.30744,-0.148352,-0.803736,-1.05,47.46,-67.27,Noise,Right
1708334385260,0.328424,-0.160552,-0.808128,-1.82,63.0,-79.8,Noise,Right
1708334385260,0.346968,-0.17812,-0.813984,1.4,76.86,-89.18,Noise,Right
1708334385309,0.400648,-0.123464,-0.80032,5.95,88.9,-95.34,Noise,Right
1708334385314,0.407968,-0.162504,-0.828136,-12.18,97.72,-96.6,Noise,Right
1708334385314,0.446032,-0.152256,-0.821304,-23.94,100.87,-97.23,Noise,Right
1708334385352,0.457744,-0.143472,-0.808128,-19.67,100.38,-98.7,Noise,Right
1708334385353,0.523624,-0.13908,-0.845704,-13.79,103.53,-105.7,Noise,Right
1708334385353,0.474336,-0.210328,-0.8662,6.93,120.96,-125.93,Noise,Right
1708334385399,0.4514,-0.152744,-0.838384,-11.27,153.65,-149.59,Noise,Right
1708334385400,0.4514,0.001464,-0.76372,-31.85,194.04,-159.04,Noise,Right
1708334385447,0.54656,0.243512,-0.738344,-19.04,221.69,-145.18,Noise,Right
1708334385448,0.56608,0.157136,-0.6832,-16.31,238.28,-126.7,Noise,Right
1708334385448,0.615368,0.146888,-0.61244,-35.63,240.17,-120.12,Noise,Right
1708334385494,0.7442,0.156648,-0.60024,-62.93,229.6,-124.67,Noise,Right
1708334385494,0.845216,0.040016,-0.523624,-71.19,213.43,-143.78,Noise,Right
1708334385494,0.945256,0.114192,-0.457256,-122.99,198.17,-178.22,Noise,Right
1708334385551,0.896944,0.311344,-0.33428,-154.07,187.25,-195.79,Noise,Right
1708334385551,0.91988,0.485072,-0.155184,-151.76,178.43,-190.05,Noise,Right
1708334385551,0.962824,0.548024,0.008296,-134.96,175.28,-168.77,Noise,Right
1708334385605,0.933544,0.65392,0.116144,-99.61,177.38,-142.66,Noise,Right
1708334385606,0.854488,0.715408,0.131272,-77.14,174.09,-111.79,Noise,Right
1708334385606,0.809592,0.652944,0.242536,-70.7,154.14,-82.95,Noise,Right
1708334385653,0.844728,0.644648,0.25132,-54.81,111.58,-51.52,Noise,Right
1708334385654,0.859856,0.62952,0.269864,-53.34,62.3,-26.04,Noise,Right
1708334385654,0.894504,0.620248,0.333304,-53.06,30.66,-17.15,Noise,Right
1708334385775,0.97356,0.628056,0.37088,-45.92,29.4,-23.17,Noise,Right
1708334385775,0.947696,0.668072,0.301584,-25.76,52.99,-33.81,Noise,Right
1708334385775,0.78812,0.630496,0.16104,-17.99,70.42,-37.1,Noise,Right
1708334385775,0.621224,0.540216,0.096624,-32.62,70.14,-41.93,Noise,Right
1708334385775,0.686128,0.638792,0.276208,-57.12,61.81,-55.02,Noise,Right
1708334385775,1.045296,0.857904,0.700768,-53.69,72.38,-79.38,Noise,Right
1708334385775,1.16632,1.065304,0.8906,-9.03,92.4,-101.71,Noise,Right
1708334385836,0.905728,0.982344,0.661728,32.48,93.52,-99.96,Noise,Right
1708334385842,0.678808,0.789096,0.23668,47.46,59.5,-73.43,Noise,Right
1708334385846,0.340624,0.374296,-0.333792,38.22,6.86,-30.94,Noise,Right
1708334385928,0.01708,0.282064,-0.5734,-17.78,-19.6,-4.97,Noise,Right
1708334385929,0.22692,0.413336,-0.115656,-75.39,1.26,4.27,Noise,Right
1708334385929,0.642208,0.75884,0.582184,-94.64,39.2,-16.59,Noise,Right
1708334385929,0.967216,1.183888,1.197552,-61.95,57.68,-49.14,Noise,Right
1708334385930,1.012112,1.270752,1.40056,0.7,41.51,-66.85,Noise,Right
1708334385930,0.869128,1.037,0.935496,56.77,7.98,-53.69,Noise,Right
1708334385977,0.571448,0.653432,0.348432,81.55,-11.06,-37.59,Noise,Right
1708334385977,0.183,0.389912,-0.214232,66.36,4.34,-25.48,Noise,Right
1708334385977,0.223992,0.296216,-0.246928,27.23,38.29,-17.08,Noise,Right
1708334386025,0.576328,0.586088,0.157624,-2.31,60.97,-6.23,Noise,Right
1708334386025,0.816424,0.879376,0.59292,-1.05,51.52,-8.96,Noise,Right
1708334386025,0.981856,1.048224,1.001864,26.53,0.21,-33.6,Noise,Right
1708334386134,0.930616,1.177056,0.909144,72.52,-47.74,-45.71,Noise,Right
1708334386134,0.714432,0.723216,0.33184,105.42,-81.06,-25.13,Noise,Right
1708334386134,0.238144,0.426024,-0.315248,87.99,-80.22,-7.49,Noise,Right
1708334386134,-0.15128,0.352824,-0.589992,38.36,-46.48,6.86,Noise,Right
1708334386134,-0.062952,0.37088,-0.256688,-18.48,-7.84,26.6,Noise,Right
1708334386135,0.396744,0.740784,0.309392,-51.8,2.94,53.13,Noise,Right
1708334386236,0.805688,1.023336,0.808128,-39.76,-16.87,71.96,Noise,Right
1708334386236,1.122888,1.135576,1.070672,-0.14,-56.49,60.62,Noise,Right
1708334386236,1.111664,1.115568,0.94428,51.87,-84.0,17.64,Noise,Right
1708334386236,0.88328,0.806664,0.3172,87.78,-69.02,-15.82,Noise,Right
1708334386236,0.46848,0.589992,-0.14396,85.75,-9.1,-33.67,Noise,Right
1708334386236,0.1708,0.415776,-0.435784,58.87,38.08,-16.1,Noise,Right
1708334386282,0.380152,0.443104,-0.240584,13.51,46.97,21.91,Noise,Right
1708334386282,0.867176,0.716384,0.16592,-8.4,17.01,53.27,Noise,Right
1708334386282,1.143872,0.952088,0.454816,2.45,-37.03,55.51,Noise,Right
1708334386334,1.225856,1.109712,0.635376,27.3,-104.86,24.71,Noise,Right
1708334386334,1.091656,0.967216,0.402112,66.5,-131.32,-18.34,Noise,Right
1708334386334,0.523136,0.75152,-0.00976,73.43,-96.11,-55.72,Noise,Right
1708334386444,0.259128,0.638304,-0.261568,54.04,-22.68,-71.05,Noise,Right
1708334386444,0.056608,0.659776,-0.265472,29.26,38.85,-52.08,Noise,Right
1708334386444,0.078568,0.762744,0.007808,7.07,64.12,-14.84,Noise,Right
1708334386444,0.267912,0.843264,0.299632,11.27,53.41,20.23,Noise,Right
1708334386444,0.547536,0.930128,0.50752,28.0,25.62,33.53,Noise,Right
1708334386445,0.759328,1.030168,0.615856,56.0,-12.46,27.3,Noise,Right
1708334386445,0.8662,0.928664,0.476776,100.87,-54.67,16.17,Noise,Right
1708334386543,0.794464,0.66856,0.035136,122.92,-80.01,12.88,Noise,Right
1708334386543,0.658312,0.502152,-0.391864,107.8,-79.66,22.19,Noise,Right
1708334386543,0.57584,0.48068,-0.47824,78.19,-69.79,39.34,Noise,Right
1708334386543,0.6222,0.512888,-0.427976,67.2,-69.79,59.78,Noise,Right
1708334386543,0.678808,0.666608,-0.322568,65.1,-83.58,76.51,Noise,Right
1708334386592,0.698816,0.725168,-0.201056,82.88,-106.05,79.1,Noise,Right
1708334386592,0.613904,0.594872,-0.2074,69.58,-129.85,54.95,Noise,Right
1708334386592,0.68076,0.5856,-0.276208,40.95,-119.91,37.52,Noise,Right
1708334386592,0.669048,0.50508,-0.436272,37.17,-88.06,42.28,Noise,Right
1708334386642,0.730536,0.396744,-0.458232,27.02,-40.39,53.06,Noise,Right
1708334386642,0.808616,0.50508,-0.435784,19.18,-2.38,54.25,Noise,Right
1708334386685,0.894016,0.61976,-0.280112,23.03,14.0,41.58,Noise,Right
1708334386686,0.90036,0.7198,-0.164944,32.9,4.62,18.34,Noise,Right
1708334386686,0.806176,0.687104,-0.164944,44.38,-18.48,-1.54,Noise,Right
1708334386733,0.699304,0.598776,-0.27328,38.71,-37.1,-5.46,Noise,Right
1708334386733,0.6588,0.547536,-0.338184,20.02,-36.68,7.14,Noise,Right
1708334386733,0.762256,0.540216,-0.290848,3.15,-21.7,19.74,Noise,Right
1708334386778,0.884744,0.613416,-0.215696,5.46,-0.63,24.08,Noise,Right
1708334386778,0.896944,0.71004,-0.194712,20.86,7.98,16.8,Noise,Right
1708334386778,0.845216,0.687592,-0.201056,39.83,-0.49,0.7,Noise,Right
1708334386825,0.73688,0.655872,-0.27572,46.48,-22.47,-16.66,Noise,Right
1708334386825,0.630984,0.585112,-0.340624,40.32,-42.21,-17.5,Noise,Right
1708334386872,0.601704,0.56608,-0.36844,16.59,-46.55,-4.48,Noise,Right
1708334386872,0.617808,0.605608,-0.314272,-17.78,-29.26,15.89,Noise,Right
1708334386872,0.689544,0.566568,-0.235216,-3.08,-4.27,34.09,Noise,Right
1708334386919,0.7564,0.548024,-0.218136,6.3,20.09,38.92,Noise,Right
1708334386919,0.833016,0.52704,-0.232288,12.88,33.39,25.62,Noise,Right
1708334386919,0.81496,0.574376,-0.313784,13.44,31.78,10.92,Noise,Right
1708334386966,0.761768,0.60756,-0.306952,4.9,16.52,4.27,Noise,Right
1708334386966,0.687592,0.623176,-0.311344,11.41,2.17,6.86,Noise,Right
1708334387012,0.662216,0.572424,-0.319152,9.66,4.48,14.35,Noise,Right
1708334387013,0.643184,0.462624,-0.342088,6.58,37.87,-0.7,Noise,Right
1708334387013,0.925248,0.495808,-0.188368,11.55,50.75,-30.03,Noise,Right
1708334387059,0.916952,0.473848,-0.209352,-5.67,63.56,-39.48,Noise,Right
1708334387059,0.874496,0.55388,-0.179584,-12.46,76.51,-46.13,Noise,Right
1708334387060,0.81252,0.635864,-0.137128,-13.58,90.09,-47.81,Noise,Right
1708334387107,0.858392,0.713456,-0.071248,-0.07,96.32,-44.94,Noise,Right
1708334387108,0.916464,0.75152,-0.034648,16.24,81.76,-47.67,Noise,Right
1708334387108,0.929152,0.770552,-0.050752,26.04,52.29,-53.27,Noise,Right
1708334387154,0.888648,0.723704,-0.095648,32.27,30.38,-53.9,Noise,Right
1708334387154,0.852536,0.626104,-0.150792,33.74,15.68,-50.4,Noise,Right
1708334387200,0.85644,0.646112,-0.174704,12.6,6.23,-39.13,Noise,Right
1708334387200,0.893528,0.665144,-0.142496,-1.68,-1.61,-16.52,Noise,Right
1708334387201,0.85644,0.688568,-0.122,-5.32,-11.83,-2.66,Noise,Right
1708334387247,0.77592,0.681736,-0.152744,-6.51,-20.58,-0.91,Noise,Right
1708334387247,0.738344,0.61488,-0.191784,-9.66,-14.07,-17.99,Noise,Right
1708334387247,0.660264,0.557784,-0.220576,-18.76,1.68,-51.31,Noise,Right
1708334387292,0.5734,0.552904,-0.272792,-32.97,20.79,-105.21,Noise,Right
1708334387292,0.566568,0.523624,-0.28304,-47.67,35.98,-112.07,Noise,Right
1708334387292,0.571936,0.587552,-0.235216,-44.59,40.39,-110.32,Noise,Right
1708334387339,0.596824,0.66124,-0.181048,-40.46,33.25,-83.65,Noise,Right
1708334387340,0.612928,0.691496,-0.1342,-30.17,24.22,-40.95,Noise,Right
1708334387386,0.593408,0.67344,-0.13664,-23.94,21.07,1.54,Noise,Right
1708334387386,0.57584,0.715896,-0.140056,-19.46,25.27,26.6,Noise,Right
1708334387386,0.563152,0.701744,-0.109312,-22.19,32.83,26.18,Noise,Right
1708334387431,0.610488,0.73688,-0.097112,-30.73,33.95,10.99,Noise,Right
1708334387432,0.673928,0.740296,-0.057584,-35.84,25.41,-5.25,Noise,Right
1708334387432,0.703696,0.757864,-0.025864,-40.04,9.73,-15.54,Noise,Right
1708334387478,0.685152,0.81008,0.0122,-35.56,-10.57,-11.83,Noise,Right
1708334387478,0.667584,0.849608,0.053192,-18.41,-51.17,8.26,Noise,Right
1708334387478,0.728096,0.8296,0.048312,19.25,-60.13,40.81,Noise,Right
1708334387525,0.776408,0.779824,0.019032,46.69,-82.18,76.79,Noise,Right
1708334387525,0.632448,0.784704,-0.025376,10.57,-117.67,75.04,Noise,Right
1708334387571,0.555832,0.571448,0.05124,82.18,-101.71,24.57,Noise,Right
1708334387572,0.778848,0.806176,-0.0488,108.99,-107.52,40.95,Noise,Right
1708334387572,0.76372,0.74908,-0.12932,107.8,-102.97,58.31,Noise,Right
1708334387618,0.69784,0.702232,-0.16836,115.36,-106.47,73.43,Noise,Right
1708334387618,0.656848,0.679784,-0.21228,123.55,-108.29,85.89,Noise,Right
1708334387618,0.653432,0.636352,-0.328912,124.74,-107.87,97.44,Noise,Right
1708334387665,0.660752,0.661728,-0.348432,117.25,-105.98,110.32,Noise,Right
1708334387665,0.607072,0.582184,-0.37332,125.79,-104.79,124.67,Noise,Right
1708334387710,0.594872,0.535824,-0.409432,132.02,-103.04,137.06,Noise,Right
1708334387710,0.631472,0.399672,-0.469456,126.84,-97.86,141.75,Noise,Right
1708334387710,0.733464,0.299144,-0.49776,107.17,-89.6,137.83,Noise,Right
1708334387760,0.752496,0.301584,-0.495808,88.9,-80.36,130.48,Noise,Right
1708334387760,0.738832,0.29768,-0.387472,87.36,-71.47,123.62,Noise,Right
1708334387760,0.741272,0.242048,-0.528016,102.2,-64.19,118.44,Noise,Right
1708334387802,0.953552,0.04392,-0.5734,138.25,-64.75,103.88,Noise,Right
1708334387802,0.71492,0.168848,-0.59292,120.82,-60.41,97.79,Noise,Right
1708334387802,0.681248,0.15128,-0.65148,149.17,-59.01,112.49,Noise,Right
1708334387855,0.636352,0.003904,-0.662704,163.66,-58.73,127.61,Noise,Right
1708334387855,0.631472,-0.120048,-0.706624,155.54,-59.99,139.02,Noise,Right
1708334387855,0.635376,-0.288896,-0.700768,125.3,-57.05,142.73,Noise,Right
1708334387918,0.662704,-0.299632,-0.709064,92.96,-53.48,136.5,Noise,Right
1708334387918,0.635864,-0.212768,-0.691496,62.51,-50.89,125.02,Noise,Right
1708334387918,0.586576,-0.197152,-0.667096,48.51,-53.9,116.83,Noise,Right
1708334388050,0.572912,-0.270352,-0.689544,47.53,-59.29,113.12,Noise,Right
1708334388050,0.594384,-0.328912,-0.739808,57.54,-61.11,110.11,Noise,Right
1708334388050,1.36152,-0.673928,-1.699704,69.65,-73.85,111.93,Noise,Right
1708334388050,0.69052,-0.504104,-0.78324,35.7,-62.86,91.0,Noise,Right
1708334388050,0.869616,-0.718336,-0.76128,74.62,-70.42,92.96,Noise,Right
1708334388050,0.579744,-0.401624,-0.84424,-9.1,-77.21,89.39,Noise,Right
1708334388051,0.53436,-0.330864,-0.655872,-21.42,-84.14,89.74,Noise,Right
1708334388105,0.615368,-0.328424,-0.698816,-8.82,-87.64,94.01,Noise,Right
1708334388105,0.579256,-0.374296,-0.725168,-14.49,-91.07,96.18,Noise,Right
1708334388105,0.498248,-0.442616,-0.753472,-18.27,-91.98,86.8,Noise,Right
1708334388105,0.418704,-0.44652,-0.770552,-2.94,-86.66,61.6,Noise,Right
1708334388182,0.317688,-0.503616,-0.808128,7.77,-69.02,33.67,Noise,Right
1708334388182,0.249368,-0.485072,-0.833992,12.53,-51.17,7.56,Noise,Right
1708334388182,0.267424,-0.520696,-0.82472,12.04,-34.93,-8.75,Noise,Right
1708334388182,0.321592,-0.516792,-0.833504,15.89,-22.05,-18.13,Noise,Right
1708334388182,0.365024,-0.4026,-0.8418,13.02,-11.97,-16.1,Noise,Right
1708334388291,0.328912,-0.472872,-0.84668,11.34,-9.94,-7.77,Noise,Right
1708334388292,0.32208,-0.376248,-0.835944,4.34,-16.1,-5.32,Noise,Right
1708334388293,0.30744,-0.46848,-0.835456,-0.63,-24.01,-6.16,Noise,Right
1708334388293,0.290848,-0.438712,-0.819352,-0.14,-30.66,-7.21,Noise,Right
1708334388293,0.284016,-0.437736,-0.823744,1.89,-33.32,-6.09,Noise,Right
1708334388294,0.294752,-0.43432,-0.808616,-2.59,-31.43,-2.8,Noise,Right
1708334388389,0.315248,-0.447984,-0.806176,-3.43,-25.41,1.33,Noise,Right
1708334388390,0.311832,-0.441152,-0.781776,3.78,-18.9,6.37,Noise,Right
1708334388390,0.32208,-0.29768,-0.8174,4.62,-14.0,14.42,Noise,Right
1708334388390,0.250344,-0.363072,-0.867664,13.58,-14.49,26.74,Noise,Right
1708334388390,0.220576,-0.474824,-0.871568,5.81,-21.21,27.58,Noise,Right
1708334388390,0.220576,-0.44408,-0.884744,-8.75,-28.14,22.4,Noise,Right
1708334388440,0.199104,-0.43188,-0.880352,-9.24,-30.73,19.32,Noise,Right
1708334388440,0.21228,-0.451888,-0.88084,-12.67,-27.86,17.22,Noise,Right
1708334388441,0.246928,-0.442128,-0.88572,-23.59,-20.3,15.61,Noise,Right
1708334388490,0.289872,-0.357704,-0.881328,-31.22,-8.26,18.27,Noise,Right
1708334388490,0.237656,-0.396744,-0.879864,-13.65,4.76,24.71,Noise,Right
1708334388490,0.20984,-0.430416,-0.936472,12.95,7.56,30.24,Noise,Right
1708334388589,0.182024,-0.469456,-0.960384,6.09,4.13,34.86,Noise,Right
1708334388590,0.154208,-0.470432,-0.984784,-4.9,-6.79,37.03,Noise,Right
1708334388590,0.150304,-0.461648,-0.991128,-14.21,-17.08,42.56,Noise,Right
1708334388590,0.164944,-0.48068,-0.975024,-24.57,-23.87,45.78,Noise,Right
1708334388590,0.18788,-0.46116,-0.935496,-34.37,-23.66,45.36,Noise,Right
1708334388590,0.194224,-0.413336,-0.918904,-34.72,-16.73,42.56,Noise,Right
1708334388640,0.145912,-0.37332,-0.94428,-32.06,-4.97,39.34,Noise,Right
1708334388640,0.06588,-0.405528,-0.955504,-14.91,4.41,38.08,Noise,Right
1708334388640,0.0488,-0.427976,-0.974048,-13.93,8.33,37.73,Noise,Right
1708334388686,0.071248,-0.447008,-0.974536,-16.24,7.56,39.2,Noise,Right
1708334388686,0.132736,-0.445056,-0.964288,-23.59,6.86,43.12,Noise,Right
1708334388687,0.162992,-0.408944,-0.925736,-39.76,8.54,44.59,Noise,Right
1708334388734,0.17812,-0.374784,-0.914024,-43.33,12.04,44.59,Noise,Right
1708334388734,0.168848,-0.288408,-0.917928,-46.69,15.19,42.63,Noise,Right
1708334388779,0.1464,-0.28304,-0.891576,-47.88,17.08,39.97,Noise,Right
1708334388780,0.120536,-0.274744,-0.875472,-40.67,14.98,37.38,Noise,Right
1708334388780,0.097112,-0.28792,-0.899872,-32.9,11.2,36.89,Noise,Right
1708334388829,0.128832,-0.345504,-0.926224,-24.57,9.87,37.17,Noise,Right
1708334388829,0.157624,-0.357704,-0.914512,-25.06,13.09,36.75,Noise,Right
1708334388830,0.169336,-0.302072,-0.919392,-33.95,17.36,36.68,Noise,Right
1708334388954,0.171776,-0.267424,-0.90768,-28.35,20.79,38.36,Noise,Right
1708334388954,0.169336,-0.24644,-0.900848,-23.1,18.62,38.5,Noise,Right
1708334388954,0.169824,-0.24888,-0.89792,-26.32,14.14,37.52,Noise,Right
1708334388955,0.160552,-0.252296,-0.886696,-26.39,7.63,36.33,Noise,Right
1708334388955,0.149816,-0.2562,-0.916952,-25.41,2.24,36.12,Noise,Right
1708334388955,0.15372,-0.276696,-0.924272,-18.9,1.75,36.75,Noise,Right
1708334388956,0.149816,-0.28304,-0.915488,-12.88,5.11,36.05,Noise,Right
1708334389092,0.127368,-0.286456,-0.92964,-12.95,9.38,35.07,Noise,Right
1708334389094,0.122488,-0.274744,-0.925248,-14.77,15.61,34.02,Noise,Right
1708334389094,0.134688,-0.270352,-0.929152,-15.82,21.07,34.86,Noise,Right
1708334389094,0.136152,-0.2562,-0.915488,-17.29,23.87,36.96,Noise,Right
1708334389095,0.157624,-0.230824,-0.899384,-16.17,24.43,40.81,Noise,Right
1708334389095,0.147864,-0.2196,-0.884744,-16.52,24.29,43.68,Noise,Right
1708334389095,0.146888,-0.21472,-0.893528,-14.14,26.18,44.38,Noise,Right
1708334389096,0.164944,-0.243024,-0.88572,-6.58,32.62,40.74,Noise,Right
1708334389141,0.20252,-0.264496,-0.881328,-6.93,40.39,30.17,Noise,Right
1708334389141,0.214232,-0.249368,-0.85888,-10.15,45.85,21.14,Noise,Right
1708334389141,0.243512,-0.247416,-0.865712,-4.55,44.38,16.03,Noise,Right
1708334389187,0.25864,-0.22448,-0.873032,-4.48,37.87,14.14,Noise,Right
1708334389187,0.260592,-0.222528,-0.857904,-8.26,27.79,15.33,Noise,Right
1708334389187,0.274256,-0.234728,-0.863272,-10.64,17.5,17.71,Noise,Right
1708334389236,0.28548,-0.239608,-0.877424,-6.79,14.07,17.08,Noise,Right
1708334389236,0.296704,-0.262544,-0.841312,-7.28,19.95,9.03,Noise,Right
1708334389238,0.306952,-0.233264,-0.826184,-6.93,28.84,-3.36,Noise,Right
1708334389305,0.34404,-0.21716,-0.810568,-0.07,34.58,-12.25,Noise,Right
1708334389305,0.371856,-0.23912,-0.81496,9.24,33.95,-18.83,Noise,Right
1708334389305,0.360632,-0.198128,-0.816912,7.49,27.02,-19.74,Noise,Right
1708334389305,0.36112,-0.16592,-0.818376,3.57,11.83,-14.28,Noise,Right
1708334389356,0.361608,-0.1708,-0.826672,3.08,-3.99,-5.67,Noise,Right
1708334389358,0.356728,-0.222528,-0.842776,6.16,-15.75,1.61,Noise,Right
1708334389358,0.34404,-0.262544,-0.833504,7.77,-20.44,1.54,Noise,Right
1708334389406,0.350384,-0.267424,-0.845704,7.28,-18.62,-4.62,Noise,Right
1708334389406,0.330864,-0.268888,-0.85888,7.7,-14.07,-11.27,Noise,Right
1708334389407,0.296216,-0.260592,-0.870592,5.25,-10.64,-16.66,Noise,Right
1708334389509,0.273768,-0.22936,-0.865224,-1.33,-8.26,-20.02,Noise,Right
1708334389509,0.273768,-0.203008,-0.848144,-0.42,-6.44,-19.67,Noise,Right
1708334389509,0.282552,-0.17324,-0.831552,10.43,-4.2,-15.61,Noise,Right
1708334389509,0.301584,-0.250832,-0.833992,14.14,-2.52,-12.18,Noise,Right
1708334389509,0.323056,-0.322568,-0.874008,15.54,4.2,-19.25,Noise,Right
1708334389509,0.281576,-0.35624,-0.884744,12.32,18.27,-39.55,Noise,Right
1708334389554,0.230336,-0.340136,-0.90768,10.85,37.38,-67.34,Noise,Right
1708334389555,0.20008,-0.286456,-0.914512,9.45,58.31,-99.05,Noise,Right
1708334389555,0.213744,-0.22448,-0.894504,2.59,80.57,-119.14,Noise,Right
1708334389602,0.237168,-0.185928,-0.86376,-0.07,105.0,-129.71,Noise,Right
1708334389602,0.32208,-0.12688,-0.847656,9.66,123.9,-132.02,Noise,Right
1708334389602,0.423584,-0.11468,-0.873032,28.7,137.27,-130.2,Noise,Right
1708334389650,0.414312,-0.20008,-0.866688,57.82,147.49,-137.27,Noise,Right
1708334389650,0.465064,-0.232288,-0.905728,56.28,155.47,-160.37,Noise,Right
1708334389697,0.489464,-0.250832,-0.894016,41.16,161.28,-181.58,Noise,Right
1708334389697,0.560224,-0.25376,-0.915976,24.71,165.27,-196.49,Noise,Right
1708334389697,0.58072,-0.272304,-0.860832,11.69,176.33,-209.16,Noise,Right
1708334389816,0.577304,-0.15128,-0.77836,-7.7,195.09,-218.4,Noise,Right
1708334389816,0.673928,-0.074664,-0.689544,-16.73,220.57,-224.07,Noise,Right
1708334389816,0.75152,0.054656,-0.584136,-42.77,241.57,-229.04,Noise,Right
1708334389818,0.69784,0.022936,-0.465064,-79.24,240.24,-230.3,Noise,Right
1708334389818,0.691984,0.078568,-0.386496,-117.53,222.6,-226.38,Noise,Right
1708334389818,0.73444,0.147376,-0.290848,-139.72,204.47,-214.48,Noise,Right
1708334389819,0.758352,0.314272,-0.205936,-153.72,191.31,-193.76,Noise,Right
1708334389864,0.749568,0.558272,-0.101504,-146.93,180.67,-166.53,Noise,Right
1708334389864,0.770552,0.6832,-0.02928,-120.96,168.14,-131.39,Noise,Right
1708334389865,0.82228,0.654896,0.088816,-106.26,152.95,-106.12,Noise,Right
1708334389915,1.008696,0.743224,0.238144,-103.46,131.74,-89.39,Noise,Right
1708334389916,1.047736,0.776896,0.342576,-90.58,95.13,-77.0,Noise,Right
1708334389916,1.02968,0.790072,0.402112,-80.5,52.5,-64.75,Noise,Right
1708334389959,0.990152,0.808128,0.350384,-52.71,15.05,-52.71,Noise,Right
1708334389959,0.894504,0.70028,0.276696,-23.1,0.42,-42.63,Noise,Right
1708334389959,0.863272,0.685152,0.259616,-9.24,2.87,-44.52,Noise,Right
1708334390005,0.875472,0.703208,0.250344,-8.89,16.59,-54.67,Noise,Right
1708334390005,0.97112,0.679784,0.241072,-3.85,34.65,-68.53,Noise,Right
1708334390065,0.984784,0.618784,0.115168,1.54,45.08,-74.76,Noise,Right
1708334390066,0.74176,0.557784,-0.1098,-3.99,39.13,-75.32,Noise,Right
1708334390066,0.316712,0.474336,-0.357704,-22.33,25.06,-71.12,Noise,Right
1708334390096,0.16348,0.372344,-0.416264,-41.65,33.39,-66.22,Noise,Right
1708334390097,0.433832,0.615368,0.00488,-85.68,73.5,-66.5,Noise,Right
1708334390097,0.799832,0.924272,0.71736,-91.28,106.61,-61.04,Noise,Right
1708334390144,1.039928,1.092144,0.96868,-52.22,91.42,-52.36,Noise,Right
1708334390144,0.950136,1.147776,0.966728,3.99,26.04,-35.77,Noise,Right
1708334390193,0.636352,0.956968,0.71004,49.07,-85.26,9.1,Noise,Right
1708334390193,0.398208,0.731512,0.397232,80.64,-146.58,48.02,Noise,Right
1708334390194,0.176168,0.662704,0.072224,87.57,-153.79,81.48,Noise,Right
1708334390320,0.21472,0.625128,0.006832,87.5,-110.53,101.92,Noise,Right
1708334390320,0.600728,0.581696,0.062464,109.41,-65.1,102.48,Noise,Right
1708334390320,0.959896,0.612928,0.179584,139.72,-44.1,83.79,Noise,Right
1708334390320,1.003328,0.688568,0.236192,179.83,-58.17,50.19,Noise,Right
1708334390320,0.951112,0.783728,0.210328,201.67,-86.31,28.98,Noise,Right
1708334390321,0.793488,0.7198,0.053192,206.92,-102.41,42.35,Noise,Right
1708334390321,0.77348,0.528504,-0.118584,206.99,-100.03,54.04,Noise,Right
1708334390431,0.7808,0.52704,-0.213256,189.14,-93.38,55.65,Noise,Right
1708334390432,0.754448,0.540704,-0.277184,177.73,-86.45,56.84,Noise,Right
1708334390432,0.772016,0.495808,-0.3294,176.82,-79.94,62.09,Noise,Right
1708334390432,0.828624,0.366488,-0.367952,169.96,-74.48,63.63,Noise,Right
1708334390432,0.86376,0.340624,-0.416264,172.83,-68.32,64.96,Noise,Right
1708334390432,0.760304,0.340136,-0.472872,184.38,-61.74,66.71,Noise,Right
1708334390433,0.699304,0.257664,-0.548024,189.7,-57.47,67.27,Noise,Right
1708334390484,0.6832,0.172264,-0.624152,171.22,-55.44,60.13,Noise,Right
1708334390484,0.759328,0.120536,-0.642696,141.12,-53.62,51.66,Noise,Right
1708334390486,0.874496,0.055144,-0.621712,120.33,-48.02,36.05,Noise,Right
1708334390533,0.857904,0.1464,-0.565592,87.15,-40.67,22.26,Noise,Right
1708334390533,0.811544,0.19276,-0.528016,90.51,-37.24,18.41,Noise,Right
1708334390533,0.781288,0.199592,-0.54168,100.73,-37.94,20.51,Noise,Right
1708334390638,0.730048,0.159576,-0.552416,107.73,-40.25,21.49,Noise,Right
1708334390638,0.628056,0.042944,-0.449936,116.27,-46.27,22.05,Noise,Right
1708334390639,0.728096,0.12688,-0.638304,179.62,-54.53,23.87,Noise,Right
1708334390639,0.7076,0.125904,-0.711992,142.17,-56.0,29.05,Noise,Right
1708334390639,0.701744,0.044408,-0.664168,108.99,-56.77,31.71,Noise,Right
1708334390639,0.782752,-0.051728,-0.657824,88.55,-58.8,29.05,Noise,Right
1708334390688,0.801296,-0.099552,-0.671976,68.39,-56.84,20.86,Noise,Right
1708334390688,0.72956,-0.133712,-0.726632,64.47,-54.81,9.59,Noise,Right
1708334390688,0.717848,-0.0854,-0.756888,60.13,-50.12,1.47,Noise,Right
1708334390742,0.688568,-0.03416,-0.798856,54.88,-46.41,0.56,Noise,Right
1708334390742,1.403976,-0.074664,-1.118984,27.16,-33.88,-6.86,Noise,Right
1708334390742,0.498736,-0.09516,-0.992592,16.24,-22.68,-1.82,Noise,Right
1708334390795,0.776408,-0.098088,-0.667584,12.6,-11.9,-12.04,Noise,Right
1708334390795,0.628056,-0.086376,-0.826672,15.33,-16.31,-11.41,Noise,Right
1708334390795,0.670024,-0.105408,-0.771528,-0.28,-4.55,-17.64,Noise,Right
1708334390842,0.664656,-0.096624,-0.736392,-8.12,-5.95,-20.79,Noise,Right
1708334390842,0.667096,0.157624,-0.771528,-21.0,-3.15,-20.58,Noise,Right
1708334390842,0.671488,-0.048312,-0.75396,-43.89,0.0,-14.42,Noise,Right
1708334390890,0.672464,-0.122,-0.784216,-63.77,1.82,-21.21,Noise,Right
1708334390891,0.663192,-0.099552,-0.623176,-88.9,6.23,-34.51,Noise,Right
1708334390891,0.733464,0.037576,-0.867664,-71.61,3.71,-33.53,Noise,Right
1708334391017,0.731512,0.027328,-0.815448,-100.94,8.89,-34.44,Noise,Right
1708334391018,0.86376,0.100528,-0.766648,-125.58,21.91,-40.25,Noise,Right
1708334391018,1.003816,0.134688,-0.813496,-140.14,39.27,-51.24,Noise,Right
1708334391018,0.81984,0.035624,-0.960384,-155.47,63.7,-64.12,Noise,Right
1708334391019,0.60268,-0.19032,-0.890112,-152.25,80.78,-94.99,Noise,Right
1708334391019,0.51972,-0.180072,-0.887672,-227.29,90.93,-142.59,Noise,Right
1708334391019,0.793488,-0.19276,-0.659288,-274.61,100.24,-177.59,Noise,Right
1708334391140,0.918416,-0.023424,-0.48068,-328.23,108.64,-210.42,Noise,Right
1708334391140,0.815936,0.339648,-0.182024,-360.57,104.86,-244.58,Noise,Right
1708334391140,0.5124,0.745176,-0.160064,-340.83,92.47,-262.43,Noise,Right
1708334391140,0.31232,0.716872,-0.191296,-285.88,94.08,-234.64,Noise,Right
1708334391140,0.25376,0.739808,-0.098576,-262.22,105.7,-213.22,Noise,Right
1708334391140,0.397232,0.892064,0.284016,-246.82,100.94,-163.45,Noise,Right
1708334391140,0.375272,1.421056,0.77592,-213.08,82.39,-123.76,Noise,Right
1708334391253,0.388936,1.68116,0.95648,-108.01,48.3,-83.86,Noise,Right
1708334391273,0.393816,1.14192,0.48312,-6.02,7.77,-43.4,Noise,Right
1708334391273,0.237656,0.574864,-0.205448,31.01,-24.01,3.22,Noise,Right
1708334391273,0.134688,0.26108,-0.641232,0.49,-39.34,45.29,Noise,Right
1708334391273,0.216672,0.408944,-0.48068,-54.53,-27.23,63.91,Noise,Right
1708334391273,0.40504,0.812032,-0.00976,-71.19,-2.45,56.98,Noise,Right
1708334391273,0.848144,1.109224,0.427488,-60.41,15.96,18.2,Noise,Right
1708334391273,0.996496,1.430816,0.726144,-34.79,22.68,-49.7,Noise,Right
1708334391286,0.874496,1.421544,0.693448,7.14,11.97,-74.97,Noise,Right
1708334391340,0.7686,1.137528,0.351848,47.67,-11.76,-48.72,Noise,Right
1708334391341,0.51972,0.591456,-0.152744,84.91,-28.91,0.35,Noise,Right
1708334391341,0.030744,0.449448,-0.532408,61.95,-23.94,38.57,Noise,Right
1708334391461,-0.043432,0.420656,-0.455304,13.86,-4.62,59.57,Noise,Right
1708334391461,0.336232,0.716384,-0.118584,-25.69,8.96,53.27,Noise,Right
1708334391461,0.5368,1.042856,0.305,-12.04,2.24,22.68,Noise,Right
1708334391461,0.621224,1.181448,0.518744,24.36,-28.14,-19.88,Noise,Right
1708334391461,0.57096,1.138992,0.352824,45.71,-51.87,-43.54,Noise,Right
1708334391461,0.300608,0.8662,-0.034648,57.05,-49.49,-41.51,Noise,Right
1708334391461,0.102968,0.618296,-0.304512,44.17,-25.34,-12.53,Noise,Right
1708334391510,0.136152,0.5368,-0.35136,2.45,4.34,21.07,Noise,Right
1708334391510,0.311344,0.641232,-0.19276,-26.18,16.87,52.01,Noise,Right
1708334391510,0.406504,0.833992,-0.00976,-33.81,6.65,61.6,Noise,Right
1708334391556,0.454816,0.94916,0.12444,-24.78,-19.39,51.24,Noise,Right
1708334391558,0.461648,0.944768,0.168848,-21.63,-39.9,15.54,Noise,Right
1708334391558,0.539728,0.88572,0.118096,-29.68,-38.57,-14.56,Noise,Right
1708334391601,0.591944,0.821792,0.044896,-28.77,-15.96,-25.83,Noise,Right
1708334391602,0.677832,0.720776,-0.030256,-18.55,3.08,-13.86,Noise,Right
1708334391602,0.793,0.76128,-0.057096,-4.9,10.29,12.6,Noise,Right
1708334391653,0.804224,0.815936,-0.025376,8.05,-1.54,43.54,Noise,Right
1708334391657,0.8906,0.856928,0.022936,21.7,-27.93,66.57,Noise,Right
1708334391660,0.899872,0.93696,0.09516,39.62,-62.93,72.38,Noise,Right
1708334391697,0.821304,1.031632,0.104432,0.0,-87.29,30.03,Noise,Right
1708334391697,0.618296,0.798856,0.02684,74.2,-94.57,40.67,Noise,Right
1708334391743,0.543632,0.751032,0.000976,63.91,-75.25,48.23,Noise,Right
1708334391743,0.732,0.874496,-0.000976,83.16,-60.48,48.23,Noise,Right
1708334391743,0.671976,0.801296,-0.038064,67.69,-56.98,41.58,Noise,Right
1708334391787,0.693936,0.898896,-0.135664,73.22,-55.72,30.8,Noise,Right
1708334391788,0.757864,0.869616,-0.03904,115.71,-58.45,49.63,Noise,Right
1708334391788,0.790072,0.85888,-0.083936,146.93,-72.94,75.18,Noise,Right
1708334391834,0.726144,0.755424,-0.149816,170.38,-93.31,113.89,Noise,Right
1708334391835,0.657336,0.699304,-0.25132,159.88,-108.29,141.82,Noise,Right
1708334391835,0.630984,0.612928,-0.388448,145.04,-104.65,158.06,Noise,Right
1708334391880,0.610976,0.487512,-0.416752,120.26,-87.99,155.26,Noise,Right
1708334391880,0.562176,0.50264,-0.465064,105.84,-71.61,137.2,Noise,Right
1708334391927,0.543144,0.461648,-0.472384,115.22,-56.42,116.83,Noise,Right
1708334391927,0.595848,0.420168,-0.47092,132.79,-46.55,93.73,Noise,Right
1708334391927,0.66856,0.56364,-0.488488,172.97,-37.45,96.18,Noise,Right
1708334391972,0.684176,0.450424,-0.47336,181.93,-37.17,111.23,Noise,Right
1708334391972,0.664168,0.26596,-0.501664,188.93,-41.3,130.76,Noise,Right
1708334391973,0.65636,0.07076,-0.5856,183.82,-43.89,142.38,Noise,Right
1708334392021,0.629032,-0.020008,-0.686616,149.38,-45.57,138.95,Noise,Right
1708334392021,0.652944,-0.116144,-0.747128,107.17,-45.78,125.44,Noise,Right
1708334392021,0.654408,-0.047336,-0.707112,78.96,-42.28,116.06,Noise,Right
1708334392070,0.696376,-0.024888,-0.665144,83.09,-39.69,112.14,Noise,Right
1708334392071,0.745664,-0.092232,-0.646112,90.72,-37.52,106.26,Noise,Right
1708334392178,0.776896,-0.06344,-0.688568,99.05,-34.86,98.63,Noise,Right
1708334392182,0.80032,-0.153232,-0.655872,84.42,-31.15,90.65,Noise,Right
1708334392186,0.935008,-0.213744,-0.991128,90.37,-34.16,69.72,Noise,Right
1708334392186,0.556808,-0.164456,-0.637328,65.87,-25.76,62.86,Noise,Right
1708334392187,0.662216,-0.30744,-0.709552,72.03,-21.21,59.99,Noise,Right
1708334392189,0.694912,-0.309392,-0.73932,65.31,-17.15,56.28,Noise,Right
1708334392225,0.999912,-0.451888,-1.110688,54.67,-15.4,50.68,Noise,Right
1708334392225,0.533872,-0.214232,-0.660264,49.49,-13.44,45.15,Noise,Right
1708334392225,0.700768,-0.3538,-0.636352,20.44,-8.4,35.35,Noise,Right
1708334392348,0.689544,-0.277184,-0.605608,0.77,-12.32,28.49,Noise,Right
1708334392348,0.801296,-0.321592,-0.588528,3.43,-12.74,24.99,Noise,Right
1708334392349,0.692472,-0.379664,-0.64904,2.8,-14.0,24.22,Noise,Right
1708334392349,0.69052,-0.357216,-0.645624,9.31,-12.74,20.58,Noise,Right
1708334392349,0.698328,-0.3416,-0.650016,19.67,-11.55,20.09,Noise,Right
1708334392350,0.684664,-0.33184,-0.657336,22.82,-11.34,21.35,Noise,Right
1708334392350,0.6832,-0.30988,-0.61732,30.03,-10.92,20.51,Noise,Right
1708334392395,0.677832,-0.306952,-0.6222,31.36,-14.7,21.56,Noise,Right
1708334392395,0.669048,-0.330864,-0.638304,31.43,-18.13,21.21,Noise,Right
1708334392395,0.64904,-0.394792,-0.662216,21.0,-20.93,18.41,Noise,Right
1708334392443,0.650504,-0.367952,-0.66856,10.5,-23.03,13.86,Noise,Right
1708334392443,0.621224,-0.384056,-0.682712,13.02,-27.72,13.09,Noise,Right
1708334392443,0.623176,-0.386008,-0.6832,21.91,-32.2,16.03,Noise,Right
1708334392571,0.625128,-0.293288,-0.687104,21.49,-41.02,29.26,Noise,Right
1708334392571,0.68076,-0.350872,-0.6954,23.73,-62.58,48.44,Noise,Right
1708334392572,0.754936,-0.367464,-0.654408,22.68,-80.08,64.61,Noise,Right
1708334392572,0.772992,-0.31476,-0.581208,19.25,-96.67,79.45,Noise,Right
1708334392572,0.669536,-0.420168,-0.676368,19.46,-98.49,86.59,Noise,Right
1708334392572,0.553392,-0.4514,-0.73688,5.88,-95.55,84.28,Noise,Right
1708334392572,0.463112,-0.467992,-0.743224,-13.79,-82.81,72.31,Noise,Right
1708334392688,0.409432,-0.482632,-0.736392,-16.66,-62.58,55.16,Noise,Right
1708334392689,0.405528,-0.403088,-0.779824,7.07,-44.1,42.14,Noise,Right
1708334392689,0.402112,-0.49532,-0.78812,19.46,-28.7,34.44,Noise,Right
1708334392689,0.379176,-0.540704,-0.813496,17.71,-26.6,22.33,Noise,Right
1708334392689,0.3538,-0.53924,-0.815936,12.46,-35.91,10.78,Noise,Right
1708334392689,0.342576,-0.559736,-0.836432,-0.77,-47.46,5.6,Noise,Right
1708334392689,0.315736,-0.559736,-0.840824,-21.7,-51.1,3.36,Noise,Right
1708334392736,0.291824,-0.52948,-0.847168,-38.22,-47.95,5.11,Noise,Right
1708334392736,0.304024,-0.501664,-0.842288,-45.78,-39.83,10.92,Noise,Right
1708334392736,0.320616,-0.443104,-0.843752,-47.95,-28.49,22.47,Noise,Right
1708334392736,0.302072,-0.399184,-0.81984,-24.29,-20.37,38.22,Noise,Right
1708334392784,0.308416,-0.499224,-0.84668,-7.49,-22.05,55.65,Noise,Right
1708334392785,0.272304,-0.435296,-0.84424,1.89,-32.41,67.13,Noise,Right
1708334392830,0.216184,-0.46604,-0.88328,-3.71,-46.76,71.33,Noise,Right
1708334392831,0.16348,-0.481656,-0.906704,-14.14,-59.36,70.07,Noise,Right
1708334392831,0.153232,-0.485072,-0.921344,-24.57,-64.26,66.43,Noise,Right
1708334392879,0.122488,-0.476776,-0.918904,-35.42,-57.54,61.88,Noise,Right
1708334392879,0.094184,-0.477752,-0.900848,-34.37,-42.42,58.59,Noise,Right
1708334392880,0.083448,-0.466528,-0.875472,-25.76,-24.08,57.12,Noise,Right
1708334392924,0.078568,-0.399672,-0.931592,-7.84,-7.14,60.2,Noise,Right
1708334392924,0.044896,-0.427488,-0.925248,-4.34,2.87,66.01,Noise,Right
1708334392924,0.015616,-0.484096,-0.926712,-6.44,3.08,66.29,Noise,Right
1708334392969,0.023424,-0.483608,-0.940864,-17.22,-0.98,64.61,Noise,Right
1708334392970,0.06344,-0.508496,-0.93696,-25.97,-3.57,63.0,Noise,Right
1708334393017,0.08296,-0.511424,-0.916464,-36.12,-1.82,60.27,Noise,Right
1708334393018,0.091256,-0.487024,-0.906216,-41.72,4.83,56.28,Noise,Right
1708334393018,0.087352,-0.44652,-0.899384,-46.55,18.34,50.89,Noise,Right
1708334393092,0.073688,-0.40016,-0.89548,-39.97,30.87,46.41,Noise,Right
1708334393093,0.07076,-0.354288,-0.921832,-24.92,39.69,44.03,Noise,Right
1708334393093,0.073688,-0.371368,-0.914512,-18.27,43.19,41.3,Noise,Right
1708334393093,0.089304,-0.406504,-0.90768,-23.1,40.11,34.65,Noise,Right
1708334393093,0.0976,-0.41724,-0.891576,-29.4,34.3,27.37,Noise,Right
1708334393143,0.128832,-0.410408,-0.889624,-40.6,27.58,20.09,Noise,Right
1708334393143,0.141032,-0.377224,-0.872056,-49.0,24.99,14.0,Noise,Right
1708334393263,0.123464,-0.318176,-0.859368,-49.77,24.43,11.76,Noise,Right
1708334393263,0.120048,-0.277672,-0.850096,-35.07,25.55,13.79,Noise,Right
1708334393263,0.162992,-0.296216,-0.834968,-24.22,28.07,17.43,Noise,Right
1708334393263,0.163968,-0.317688,-0.8296,-18.83,29.89,18.13,Noise,Right
1708334393263,0.146888,-0.29768,-0.854976,-17.15,26.88,20.16,Noise,Right
1708334393263,0.145424,-0.307928,-0.85888,-14.14,20.72,24.15,Noise,Right
1708334393263,0.174704,-0.315736,-0.852536,-18.62,12.95,28.42,Noise,Right
1708334393314,0.162016,-0.301096,-0.848144,-24.01,4.48,35.0,Noise,Right
1708334393314,0.176168,-0.296216,-0.857416,-22.33,0.35,42.14,Noise,Right
1708334393314,0.186416,-0.28548,-0.854976,-17.71,2.59,47.46,Noise,Right
1708334393406,0.186904,-0.30256,-0.866688,-12.04,7.7,49.91,Noise,Right
1708334393406,0.167384,-0.294752,-0.877424,-10.29,13.09,48.16,Noise,Right
1708334393406,0.15616,-0.281576,-0.899872,-10.15,15.4,42.56,Noise,Right
1708334393407,0.155672,-0.277184,-0.879864,-8.33,14.28,37.8,Noise,Right
1708334393407,0.191296,-0.286944,-0.88328,-9.94,10.15,31.64,Noise,Right
1708334393407,0.182024,-0.26352,-0.872544,-10.01,7.77,25.55,Noise,Right
1708334393506,0.203008,-0.291336,-0.862784,-6.72,8.96,19.88,Noise,Right
1708334393506,0.221552,-0.273768,-0.878888,0.98,20.02,-0.63,Noise,Right
1708334393679,0.128344,-0.206424,-0.844728,6.3,71.12,-103.32,Noise,Right
1708334393905,0.715896,-0.081496,-0.729072,69.58,68.88,-155.82,Noise,Right
1708334394124,0.574864,0.064904,-0.728096,60.76,-8.33,-38.43,Noise,Right
1708334394178,0.62952,0.082472,-0.74908,29.68,-6.3,-35.91,Noise,Right
1708334394178,0.7564,0.138104,-0.732976,6.86,8.89,-37.31,Noise,Right
1708334394179,0.973072,0.162016,-0.633424,26.95,19.6,-41.51,Noise,Right
1708334394225,1.06872,0.10004,-0.5734,60.97,10.22,-48.23,Noise,Right
1708334394226,0.909144,0.03172,-0.601216,81.48,-12.11,-54.11,Noise,Right
1708334394273,0.6954,-0.00488,-0.66124,69.09,-31.57,-55.72,Noise,Right
1708334394273,0.589992,0.0244,-0.741272,58.59,-37.03,-52.08,Noise,Right
1708334394273,0.672464,0.054656,-0.770064,53.27,-29.54,-47.81,Noise,Right
1708334394319,0.777384,0.000976,-0.688568,44.17,-21.84,-50.68,Noise,Right
1708334394320,0.810568,0.056608,-0.65636,28.77,-18.34,-57.96,Noise,Right
1708334394320,0.818376,0.113216,-0.60024,25.83,-18.2,-61.81,Noise,Right
1708334394366,0.77104,0.088816,-0.607072,30.66,-19.32,-63.07,Noise,Right
1708334394367,0.658312,0.018544,-0.651968,42.77,-20.79,-65.17,Noise,Right
1708334394367,0.589016,0.020496,-0.69296,48.44,-22.75,-66.43,Noise,Right
1708334394414,0.591944,0.066368,-0.722728,30.38,-26.25,-67.2,Noise,Right
1708334394414,0.674904,0.162504,-0.730048,11.76,-29.4,-66.78,Noise,Right
1708334394414,0.730048,0.20496,-0.709064,8.4,-30.38,-65.52,Noise,Right
1708334394461,0.718336,0.223016,-0.661728,8.75,-30.59,-64.96,Noise,Right
1708334394461,0.670512,0.221064,-0.506544,20.09,-32.83,-62.37,Noise,Right
1708334394507,0.648552,0.218136,-0.704184,88.83,-38.64,-56.84,Noise,Right
1708334394508,0.633912,0.21472,-0.71492,79.17,-41.23,-50.61,Noise,Right
1708334394508,0.596824,0.251808,-0.709552,66.43,-45.78,-42.98,Noise,Right
1708334394552,0.5856,0.299632,-0.706136,88.83,-51.31,-31.92,Noise,Right
1708334394552,0.504104,0.594384,-1.059936,62.86,-59.08,-16.38,Noise,Right
1708334394552,0.7442,0.245464,-0.88816,-28.14,-31.78,-17.01,Noise,Right
1708334394607,0.979904,0.106872,-0.36844,-9.1,-12.25,-11.48,Noise,Right
1708334394608,0.627568,0.125904,-0.948184,69.09,-12.88,-1.96,Noise,Right
1708334394608,0.584624,0.10492,-0.953064,96.39,-13.51,5.25,Noise,Right
1708334394755,0.567544,0.0854,-0.906704,47.04,-11.41,3.22,Noise,Right
1708334394757,0.5978,0.081008,-0.865712,32.13,-8.4,2.17,Noise,Right
1708334394757,0.585112,0.113216,-0.843752,48.51,-7.56,4.97,Noise,Right
1708334394757,0.562664,0.074176,-0.81984,61.39,-8.05,9.1,Noise,Right
1708334394757,0.607072,0.044896,-0.831064,65.17,-9.87,11.27,Noise,Right
1708334394758,0.635864,-0.005368,-0.7686,50.19,-6.09,10.5,Noise,Right
1708334394758,0.613416,-0.029768,-0.758352,40.18,-4.34,8.33,Noise,Right
1708334394809,0.62952,-0.033184,-0.762744,33.81,-4.27,6.3,Noise,Right
1708334394809,0.641232,-0.030256,-0.7564,26.11,-3.57,3.5,Noise,Right
1708334394809,0.628056,-0.027328,-0.74908,19.46,-4.13,1.26,Noise,Right
1708334394809,0.643672,-0.038064,-0.761768,13.23,-3.99,-0.35,Noise,Right
1708334394809,0.625616,-0.025376,-0.755912,8.61,-3.43,-1.89,Noise,Right
1708334394862,0.625128,-0.01952,-0.759816,6.44,-3.99,-2.1,Noise,Right
1708334394863,0.623664,-0.018056,-0.768112,6.58,-3.92,-2.1,Noise,Right
1708334394863,0.622688,-0.01952,-0.772504,6.72,-3.92,-1.96,Noise,Right
1708334394914,0.618784,-0.0244,-0.76372,6.72,-3.99,-1.89,Noise,Right
1708334394914,0.622688,-0.021472,-0.769088,6.79,-4.2,-2.03,Noise,Right
1708334394915,0.623664,-0.029768,-0.77104,7.07,-4.41,-1.89,Noise,Right
1708334394958,0.621224,-0.027328,-0.774944,6.65,-4.2,-2.03,Noise,Right
1708334394958,0.61488,-0.028792,-0.772504,7.0,-4.62,-1.68,Noise,Right
1708334394959,0.618296,-0.026352,-0.777384,7.56,-4.62,-1.61,Noise,Right
1708334395004,0.615856,-0.028304,-0.779824,8.47,-4.62,-1.4,Noise,Right
1708334395004,0.608048,-0.025376,-0.772992,9.1,-4.83,-0.77,Noise,Right
1708334395050,0.60756,-0.034648,-0.77592,10.71,-5.11,-0.49,Noise,Right
1708334395050,0.627568,-0.047336,-0.781288,11.69,-4.69,-0.35,Noise,Right
1708334395051,0.621712,-0.04636,-0.777872,9.87,-4.06,-1.33,Noise,Right
1708334395098,0.613904,-0.047336,-0.772016,6.65,-3.99,-1.82,Noise,Right
1708334395098,0.61488,-0.041968,-0.77104,6.16,-4.13,-1.89,Noise,Right
1708334395098,0.618296,-0.049288,-0.774944,6.58,-4.2,-1.89,Noise,Right
1708334395144,0.61976,-0.04392,-0.77348,6.44,-4.2,-1.96,Noise,Right
1708334395144,0.615368,-0.045384,-0.77104,6.02,-4.34,-2.17,Noise,Right
1708334395192,0.619272,-0.046848,-0.775432,5.88,-4.13,-2.17,Noise,Right
1708334395192,0.620248,-0.040504,-0.771528,6.09,-4.2,-2.03,Noise,Right
1708334395193,0.621224,-0.0488,-0.775432,6.3,-4.06,-1.96,Noise,Right
1708334395237,0.61976,-0.054656,-0.77348,6.23,-4.13,-2.1,Noise,Right
1708334395238,0.6222,-0.047336,-0.774944,6.02,-4.34,-2.03,Noise,Right
1708334395238,0.621224,-0.04636,-0.774456,5.88,-4.27,-2.24,Noise,Right
1708334395283,0.621712,-0.047824,-0.773968,5.67,-4.34,-1.89,Noise,Right
1708334395283,0.61976,-0.0488,-0.77592,6.02,-4.2,-2.1,Noise,Right
1708334395283,0.618784,-0.052216,-0.77592,5.88,-3.99,-1.96,Noise,Right
1708334395334,0.613416,-0.057584,-0.767624,5.88,-4.13,-2.03,Noise,Right
1708334395334,0.61976,-0.0488,-0.777872,5.74,-4.13,-2.03,Noise,Right
1708334395452,0.61732,-0.051728,-0.777384,5.67,-4.27,-2.24,Noise,Right
1708334395452,0.616344,-0.049776,-0.77836,5.67,-4.27,-2.24,Noise,Right
1708334395453,0.621224,-0.049288,-0.780312,5.81,-4.13,-2.17,Noise,Right
1708334395453,0.623176,-0.054168,-0.77836,5.74,-4.06,-2.38,Noise,Right
1708334395453,0.61732,-0.05612,-0.77348,5.67,-4.2,-2.17,Noise,Right
1708334395453,0.618784,-0.052216,-0.767624,5.74,-4.27,-2.24,Noise,Right
1708334395453,0.615856,-0.055144,-0.769088,5.6,-3.99,-2.17,Noise,Right
1708334395504,0.61732,-0.055632,-0.769088,5.67,-4.13,-2.17,Noise,Right
1708334395504,0.617808,-0.054168,-0.771528,5.32,-4.27,-2.38,Noise,Right
1708334395504,0.621712,-0.057584,-0.772504,5.46,-4.2,-2.17,Noise,Right
1708334395505,0.615368,-0.06344,-0.772504,5.39,-4.2,-2.17,Noise,Right
1708334395637,0.618296,-0.05612,-0.769088,5.25,-4.13,-2.1,Noise,Right
1708334395637,0.613416,-0.061976,-0.769576,5.11,-4.13,-2.24,Noise,Right
1708334395637,0.624152,-0.057584,-0.767624,5.18,-4.06,-2.24,Noise,Right
1708334395637,0.618296,-0.059536,-0.7686,5.18,-4.06,-2.38,Noise,Right
1708334395637,0.619272,-0.062464,-0.771528,5.18,-4.13,-2.38,Noise,Right
1708334395637,0.62464,-0.059048,-0.77592,5.18,-4.34,-2.31,Noise,Right
1708334395638,0.621712,-0.05856,-0.77592,4.76,-4.2,-2.31,Noise,Right
1708334395689,0.618296,-0.064904,-0.778848,4.9,-4.13,-2.17,Noise,Right
1708334395689,0.6222,-0.062464,-0.77836,4.69,-4.27,-2.31,Noise,Right
1708334395689,0.619272,-0.064904,-0.775432,4.69,-4.48,-2.38,Noise,Right
1708334395734,0.619272,-0.057096,-0.769088,4.83,-4.27,-2.17,Noise,Right
1708334395734,0.616344,-0.065392,-0.770552,4.55,-4.34,-2.52,Noise,Right
1708334395736,0.619272,-0.065392,-0.77592,4.62,-4.41,-2.31,Noise,Right
1708334395785,0.620248,-0.064904,-0.776896,4.55,-4.34,-2.38,Noise,Right
1708334395786,0.618296,-0.066368,-0.768112,4.34,-4.34,-2.45,Noise,Right
1708334395786,0.620736,-0.062952,-0.77348,4.41,-4.13,-2.52,Noise,Right
1708334395861,0.618784,-0.065392,-0.774944,4.2,-4.2,-2.45,Noise,Right
1708334395861,0.623664,-0.063928,-0.776896,4.27,-4.27,-2.38,Noise,Right
1708334395861,0.617808,-0.064416,-0.770552,4.13,-4.27,-2.38,Noise,Right
1708334395861,0.620736,-0.061488,-0.770064,4.34,-4.13,-2.17,Noise,Right
1708334395861,0.623664,-0.066368,-0.779824,4.06,-4.34,-2.59,Noise,Right
1708334395918,0.621712,-0.061,-0.7686,3.99,-4.27,-2.45,Noise,Right
1708334395919,0.617808,-0.067344,-0.772504,4.13,-4.2,-2.45,Noise,Right
1708334395919,0.620248,-0.067832,-0.776408,4.06,-4.34,-2.59,Noise,Right
1708334395964,0.620248,-0.06588,-0.772016,3.92,-4.13,-2.38,Noise,Right
1708334395964,0.615856,-0.072224,-0.770552,4.13,-4.48,-2.45,Noise,Right
1708334395965,0.620248,-0.066368,-0.767136,3.92,-4.13,-2.52,Noise,Right
1708334396019,0.618784,-0.068808,-0.776896,4.06,-4.34,-2.52,Noise,Right
1708334396020,0.620736,-0.062464,-0.772016,4.06,-4.48,-2.59,Noise,Right
1708334396020,0.618296,-0.07076,-0.769576,3.99,-4.2,-2.52,Noise,Right
1708334396111,0.623664,-0.06588,-0.771528,4.06,-4.48,-2.52,Noise,Right
1708334396111,0.61976,-0.069784,-0.772016,3.92,-4.27,-2.52,Noise,Right
1708334396111,0.61976,-0.068808,-0.771528,3.92,-4.34,-2.52,Noise,Right
1708334463958,-0.269376,0.035136,1.061888,-163.45,154.98,26.95,Noise,Right
1708334463958,-0.532896,0.046848,1.05164,-64.82,93.38,69.79,Noise,Right
1708334463958,-0.601216,0.029768,0.984296,-48.02,30.38,107.38,Noise,Right
1708334463958,-0.550952,-0.066856,0.969168,-90.23,-31.5,126.42,Noise,Right
1708334463959,-0.393816,0.2074,1.322968,-26.53,-63.0,113.33,Noise,Right
1708334463959,-0.212768,0.12444,1.309792,120.61,-30.03,79.52,Noise,Right
1708334463961,-0.21472,0.277672,1.180472,195.79,11.62,56.98,Noise,Right
1708334464003,-0.319152,-0.072712,1.13216,159.46,39.83,59.85,Noise,Right
1708334464003,-0.230336,0.101016,1.030656,4.13,59.71,96.88,Noise,Right
1708334464061,-0.279624,0.406992,1.004792,0.07,81.2,87.43,Noise,Right
1708334464061,-0.50508,0.298656,0.863272,-15.75,87.57,58.94,Noise,Right
1708334464061,-0.27328,0.27328,0.749568,8.12,81.69,34.09,Noise,Right
1708334464118,-0.409432,0.206912,0.528504,-142.38,30.52,33.88,Noise,Right
1708334464119,-0.202032,0.244488,0.781776,-210.07,-31.43,-2.73,Noise,Right
1708334464119,-0.285968,0.216184,1.002352,-166.32,-79.31,-63.63,Noise,Right
1708334464119,-0.230336,-0.11712,1.199016,-50.47,-92.82,-119.7,Noise,Right
1708334464249,-0.287432,-0.10248,1.229272,-19.88,-37.1,-111.65,Noise,Right
1708334464249,-0.0732,0.09028,1.03456,-54.46,33.81,-68.04,Noise,Right
1708334464249,-0.172752,-0.108336,0.994544,-69.09,85.05,14.49,Noise,Right
1708334464250,-0.304024,-0.21228,0.955992,-41.86,98.14,92.4,Noise,Right
1708334464250,-0.47092,-0.160064,0.848144,-23.45,92.68,117.39,Noise,Right
1708334464250,-0.555344,0.116632,0.833504,-8.05,88.48,90.23,Noise,Right
1708334464250,-0.606096,0.169336,0.833504,100.66,86.59,-3.5,Noise,Right
1708334464317,-0.51728,0.332328,0.906704,162.05,76.16,-73.36,Noise,Right
1708334464317,-0.363072,0.455792,1.234152,26.88,49.49,-87.01,Noise,Right
1708334464317,-0.264984,0.36844,1.057496,39.41,94.43,-99.05,Noise,Right
1708334464319,-0.384544,0.166408,0.989664,-26.25,146.44,-70.91,Noise,Right
1708334464433,-0.640256,-0.087352,0.809592,-40.18,147.07,-15.75,Noise,Right
1708334464434,-0.662216,-0.01464,0.703208,-51.59,104.37,27.58,Noise,Right
1708334464434,-0.649528,0.061976,0.729072,-58.38,70.14,39.2,Noise,Right
1708334464435,-0.591944,0.04636,0.685152,-59.15,62.44,23.1,Noise,Right
1708334464435,-0.556808,0.01708,0.770552,-26.25,84.07,-6.72,Noise,Right
1708334464435,-0.541192,-0.074664,0.721752,-4.62,120.75,-32.41,Noise,Right
1708334464435,-0.65392,-0.26352,0.457744,6.79,151.76,-45.64,Noise,Right
1708334464496,-0.879864,-0.154696,0.7198,-39.06,167.79,-39.76,Noise,Right
1708334464496,-0.791048,-0.050752,0.608048,-62.65,166.46,-20.86,Noise,Right
1708334464498,-0.767136,0.041968,0.460672,-49.42,138.32,-3.43,Noise,Right
1708334464498,-0.816424,0.028304,0.387472,-32.48,87.99,22.96,Noise,Right
1708334464546,-0.805688,0.013664,0.37576,-30.8,43.68,44.87,Noise,Right
1708334464546,-0.770552,-0.11956,0.387472,-16.03,32.97,52.85,Noise,Right
1708334464546,-0.921832,-0.203984,0.391376,2.59,50.89,60.76,Noise,Right
1708334464599,-1.075064,-0.181536,0.337208,1.47,66.43,56.0,Noise,Right
1708334464600,-1.108736,-0.172752,0.293288,15.12,51.38,35.07,Noise,Right
1708334464600,-1.054568,-0.04148,0.361608,47.81,16.73,5.88,Noise,Right
1708334464663,-0.94184,0.067832,0.426512,49.35,-11.34,-20.86,Noise,Right
1708334464663,-0.882792,0.11224,0.453352,38.43,-19.25,-33.11,Noise,Right
1708334464663,-0.833992,0.066856,0.46604,20.44,-6.09,-27.23,Noise,Right
1708334464663,-0.82472,0.01464,0.481656,10.57,15.33,1.75,Noise,Right
1708334464716,-0.868152,-0.018544,0.433344,6.79,24.57,26.74,Noise,Right
1708334464716,-0.907192,-0.020984,0.413824,13.51,21.91,40.81,Noise,Right
1708334464716,-0.935984,0.003416,0.411384,17.01,10.01,27.16,Noise,Right
1708334464760,-0.864248,0.045384,0.41236,32.2,1.12,-6.09,Noise,Right
1708334464760,-0.852048,0.084424,0.463112,37.94,8.26,-44.66,Noise,Right
1708334464761,-0.770552,0.119072,0.5246,26.32,28.84,-66.57,Noise,Right
1708334464808,-0.684176,0.059048,0.557296,-0.35,54.04,-65.1,Noise,Right
1708334464809,-0.82228,-0.074176,0.415288,-5.81,77.84,-41.58,Noise,Right
1708334464809,-0.945744,-0.12444,0.328912,-2.52,86.87,-6.44,Noise,Right
1708334464854,-1.034072,-0.11224,0.29524,5.18,70.56,8.19,Noise,Right
1708334464854,-1.09068,-0.022448,0.319152,19.32,46.55,-0.21,Noise,Right
1708334464854,-1.020408,-0.001464,0.23668,14.77,24.57,-13.86,Noise,Right
1708334464904,-0.908168,0.122,0.342088,15.61,15.4,-7.28,Noise,Right
1708334464905,-0.818864,0.057096,0.328912,-1.54,20.02,-1.82,Noise,Right
1708334464949,-0.979904,-0.061,0.289384,1.19,29.89,-11.27,Noise,Right
1708334464949,-1.05652,-0.18056,0.272304,11.69,32.55,-19.25,Noise,Right
1708334464950,-0.936472,-0.150304,0.259128,19.04,31.36,-13.09,Noise,Right
1708334464994,-0.902312,-0.100528,0.268888,20.02,29.26,-9.94,Noise,Right
1708334464994,-0.90768,-0.029768,0.28548,19.18,35.49,-15.05,Noise,Right
1708334464994,-0.659288,0.0488,0.30256,13.16,43.47,-19.81,Noise,Right
1708334465041,-0.732488,0.089304,0.36844,-17.29,52.64,-3.43,Noise,Right
1708334465041,-0.96624,-0.198128,0.130784,-3.64,50.33,-24.36,Noise,Right
1708334465041,-1.247328,-0.23912,0.068808,34.02,28.84,-17.71,Noise,Right
1708334465088,-1.188768,-0.018056,0.1952,-2.38,20.02,-6.3,Noise,Right
1708334465088,-0.94916,-0.117608,0.118096,0.91,20.51,-8.05,Noise,Right
1708334465138,-0.935008,-0.072712,0.142984,4.69,19.04,-6.93,Noise,Right
1708334465138,-0.812032,-0.016592,0.241072,13.44,19.46,-7.84,Noise,Right
1708334465138,-0.654408,0.014152,0.163968,16.45,21.98,-11.06,Noise,Right
1708334465264,-0.632448,-0.156648,-0.024888,21.49,20.09,-13.93,Noise,Right
1708334465264,-1.113128,-0.182512,0.068808,6.86,15.82,-10.43,Noise,Right
1708334465264,-1.229272,-0.277184,0.042456,22.05,13.44,-1.26,Noise,Right
1708334465264,-1.070672,-0.134688,0.147864,8.54,15.54,3.15,Noise,Right
1708334465265,-0.972584,-0.113704,0.104432,19.46,8.75,9.24,Noise,Right
1708334465265,-1.016504,0.01464,0.030256,21.21,4.34,7.0,Noise,Right
1708334465265,-0.996984,-0.001464,-0.022936,21.77,-4.2,2.59,Noise,Right
1708334465392,-0.995032,-0.0488,-0.051728,24.57,-15.96,-0.35,Noise,Right
1708334465392,-0.991616,-0.042456,-0.07076,25.83,-27.93,-2.38,Noise,Right
1708334465393,-0.999912,-0.025864,-0.11224,36.54,-39.62,-3.99,Noise,Right
1708334465393,-1.018944,0.02684,-0.17324,35.21,-54.81,-6.58,Noise,Right
1708334465393,-1.006256,0.037576,-0.166408,26.53,-73.99,-11.76,Noise,Right
1708334465393,-0.981368,-0.01708,-0.115168,20.09,-93.59,-15.68,Noise,Right
1708334465393,-1.042856,-0.065392,-0.079544,-16.94,-116.13,-14.35,Noise,Right
1708334465393,-1.272216,-0.266936,-0.001464,-7.63,-185.57,27.3,Noise,Right
1708334465494,-1.017968,-0.269376,0.181048,29.96,-223.09,59.71,Noise,Right
1708334465495,-0.975512,-0.18544,0.325008,111.16,-203.14,35.28,Noise,Right
1708334465495,-0.896456,-0.03904,0.541192,68.39,-162.68,-0.21,Noise,Right
1708334465495,-0.815936,-0.068808,0.53436,2.38,-126.84,-35.14,Noise,Right
1708334465496,-0.850584,-0.01464,0.549976,-29.19,-112.42,-54.67,Noise,Right
1708334465496,-0.87108,0.050752,0.582672,-33.88,-119.84,-64.47,Noise,Right
1708334465541,-0.659776,-0.003416,0.623176,-14.49,-142.45,-65.87,Noise,Right
1708334465541,-0.537776,-0.049288,0.711504,-11.41,-168.98,-51.38,Noise,Right
1708334465541,-0.56852,-0.013664,0.748104,-1.12,-170.03,-32.69,Noise,Right
1708334465590,-0.580232,-0.055144,0.750056,-10.57,-154.91,-14.49,Noise,Right
1708334465590,-0.615368,-0.074176,0.710528,-45.64,-142.73,3.15,Noise,Right
1708334465590,-0.60512,-0.166896,0.671,-60.06,-142.31,9.73,Noise,Right
1708334465700,-0.538752,-0.156648,0.708576,-42.07,-148.4,5.88,Noise,Right
1708334465700,-0.453352,-0.135664,0.71248,-16.94,-157.29,-6.58,Noise,Right
1708334465700,-0.413336,-0.088328,0.786168,24.15,-156.66,-20.51,Noise,Right
1708334465700,-0.359656,-0.044408,0.764696,13.65,-152.81,-33.18,Noise,Right
1708334465701,-0.311344,-0.056608,0.870104,6.65,-141.47,-43.33,Noise,Right
1708334465701,-0.167384,-0.149816,1.05652,5.67,-109.13,-42.21,Noise,Right
1708334465747,-0.102968,-0.159576,1.154608,-5.67,-81.13,-29.05,Noise,Right
1708334465747,-0.066856,-0.134688,1.201456,-39.27,-50.89,-16.8,Noise,Right
1708334465748,-0.079056,-0.20008,1.17364,-31.5,-28.0,-12.11,Noise,Right
1708334465877,-0.149328,-0.245464,1.180472,-23.59,-12.74,-13.02,Noise,Right
1708334465878,-0.198616,-0.265472,1.174616,-6.93,1.68,-21.0,Noise,Right
1708334465878,-0.220576,-0.273768,1.162904,5.18,35.07,-21.77,Noise,Right
1708334465878,-0.230824,-0.264496,1.148752,1.54,30.17,-13.16,Noise,Right
1708334465878,-0.295728,-0.228872,1.11996,-5.67,46.34,-5.88,Noise,Right
1708334465878,-0.327448,-0.202032,1.098,6.37,56.91,1.89,Noise,Right
1708334465878,-0.360144,-0.17812,1.081408,12.74,62.65,6.09,Noise,Right
1708334465943,-0.401624,-0.15128,1.06628,5.04,64.4,9.1,Noise,Right
1708334465943,-0.394792,-0.130296,1.009672,19.95,61.81,7.91,Noise,Right
1708334465943,-0.447496,-0.157136,1.01504,22.54,55.23,5.95,Noise,Right
1708334465944,-0.499712,-0.18544,0.965752,40.46,53.34,-0.7,Noise,Right
1708334465994,-0.55876,-0.221064,0.935984,43.96,47.6,-7.21,Noise,Right
1708334465994,-0.60024,-0.215208,0.928176,49.84,45.99,-12.81,Noise,Right
1708334465995,-0.603168,-0.172752,0.944768,27.3,46.41,-11.48,Noise,Right
1708334466038,-0.58072,-0.120048,0.995032,52.99,59.29,-10.71,Noise,Right
1708334466038,-0.542168,-0.0976,0.965264,44.66,71.61,-0.98,Noise,Right
1708334466038,-0.518256,-0.10004,0.87352,44.31,69.51,13.02,Noise,Right
1708334466084,-0.57584,-0.10736,0.808616,43.75,60.55,30.52,Noise,Right
1708334466084,-0.636352,-0.085888,0.722728,39.41,53.83,36.68,Noise,Right
1708334466084,-0.867664,-0.115656,0.6588,23.31,48.93,30.24,Noise,Right
1708334466133,-0.784704,-0.098088,0.642696,20.58,47.32,15.68,Noise,Right
1708334466133,-0.767624,-0.047336,0.630008,19.88,38.15,-2.8,Noise,Right
1708334466210,-0.729072,0.039528,0.665144,34.72,24.57,-24.22,Noise,Right
1708334466210,-0.66612,0.059536,0.661728,29.19,-1.54,-42.35,Noise,Right
1708334466211,-0.677344,0.032696,0.655872,25.06,-22.75,-49.21,Noise,Right
1708334466211,-0.669536,-0.017568,0.661728,23.1,-29.54,-53.06,Noise,Right
1708334466211,-0.71248,-0.1586,0.660752,19.95,-17.92,-51.24,Noise,Right
1708334466259,-0.70516,-0.194712,0.682712,9.87,-6.3,-36.19,Noise,Right
1708334466260,-0.6466,-0.114192,0.745664,12.39,2.45,-13.58,Noise,Right
1708334466260,-0.515328,-0.09028,0.796416,13.72,6.44,1.4,Noise,Right
1708334466393,-0.4758,0.00488,0.835944,17.08,10.5,1.75,Noise,Right
1708334466394,-0.479216,0.020008,0.813984,12.81,17.43,-10.5,Noise,Right
1708334466394,-0.571936,-0.077592,0.757376,-3.85,22.89,-18.9,Noise,Right
1708334466394,-0.468968,-0.102968,0.793488,-27.3,36.89,11.97,Noise,Right
1708334466394,-0.48556,-0.128344,0.737368,-27.65,62.44,29.96,Noise,Right
1708334466394,-0.630496,-0.122976,0.643184,-12.04,61.11,3.08,Noise,Right
1708334466394,-0.705648,-0.081496,0.60268,7.91,34.3,-26.6,Noise,Right
1708334466443,-0.752496,-0.145424,0.652456,8.89,0.0,-14.14,Noise,Right
1708334466443,-0.767624,-0.095648,0.723216,-5.04,-8.33,12.88,Noise,Right
1708334466443,-0.720776,-0.139568,0.786656,-23.45,7.56,16.38,Noise,Right
1708334466515,-0.730048,-0.175192,0.76616,-20.58,28.0,1.33,Noise,Right
1708334466516,-0.77104,-0.191784,0.71248,-7.0,30.38,-16.03,Noise,Right
1708334466516,-0.757376,-0.181048,0.656848,-3.99,13.3,-26.95,Noise,Right
1708334466516,-0.655384,-0.129808,0.768112,-2.45,-2.38,-19.6,Noise,Right
1708334466516,-0.629032,-0.151768,0.823256,-17.22,-0.7,-17.29,Noise,Right
1708334466568,-0.540704,-0.133712,0.838872,4.48,12.46,-5.88,Noise,Right
1708334466568,-1.109224,-0.59536,0.379176,-4.13,53.97,32.27,Noise,Right
1708334466684,-1.040416,-0.116144,0.701744,-33.39,23.03,85.82,Noise,Right
1708334466685,-1.357616,-0.115656,0.36112,-8.47,14.14,49.63,Noise,Right
1708334466685,-1.242448,-0.15128,0.483608,4.55,-96.25,57.61,Noise,Right
1708334466686,-0.792512,-0.025864,0.76128,12.46,-99.54,52.78,Noise,Right
1708334466686,-0.426512,0.07076,0.789096,4.69,-44.52,38.15,Noise,Right
1708334466686,-0.211304,0.145912,0.814472,4.76,-23.17,37.03,Noise,Right
1708334466686,-0.191784,0.183,0.794464,7.07,-9.38,33.39,Noise,Right
1708334466732,-0.311832,0.037576,0.747616,6.44,10.78,38.5,Noise,Right
1708334466732,-0.4758,-0.107848,0.712968,17.08,18.34,57.68,Noise,Right
1708334466733,-0.618296,-0.177632,0.7198,27.44,8.82,75.32,Noise,Right
1708334466780,-0.718824,-0.191784,0.718824,12.6,-15.4,66.43,Noise,Right
1708334466780,-0.80276,-0.146888,0.711504,-2.45,-45.5,32.83,Noise,Right
1708334466781,-0.786656,-0.085888,0.721264,-17.43,-77.63,11.34,Noise,Right
1708334466826,-0.686616,-0.053192,0.731512,-32.76,-108.15,6.86,Noise,Right
1708334466826,-0.599264,-0.016592,0.747616,-33.6,-121.8,17.64,Noise,Right
1708334466826,-0.524112,-0.03172,0.714432,-24.08,-124.6,34.65,Noise,Right
1708334466870,-0.462136,-0.021472,0.718336,-8.54,-118.37,51.94,Noise,Right
1708334466871,-0.430416,0.030256,0.793488,13.72,-97.93,59.78,Noise,Right
1708334466871,-0.400648,0.018544,0.789584,-7.14,-70.49,60.27,Noise,Right
1708334466917,-0.416264,0.10492,0.881816,9.38,-34.44,43.33,Noise,Right
1708334466917,-0.386496,0.059048,0.828624,-3.15,-11.06,11.97,Noise,Right
1708334466969,-0.437248,0.000976,0.915,-43.26,-1.47,-19.53,Noise,Right
1708334466972,-0.382592,-0.016104,0.96868,-20.93,8.89,-55.51,Noise,Right
1708334466976,-0.386984,-0.006344,1.018944,20.72,23.73,-89.11,Noise,Right
1708334467015,-0.440176,0.020008,1.047248,6.65,35.7,-109.06,Noise,Right
1708334467015,-0.522648,0.012688,1.036512,-9.1,44.8,-102.27,Noise,Right
1708334467016,-0.553392,-0.031232,0.991128,-29.96,47.88,-62.65,Noise,Right
1708334467137,-0.560224,-0.027816,1.025288,-35.14,48.72,-11.13,Noise,Right
1708334467137,-0.58316,-0.018056,1.064328,-28.77,55.51,24.29,Noise,Right
1708334467137,-0.55144,0.030744,1.043832,-22.26,59.57,38.57,Noise,Right
1708334467137,-0.522648,-0.03172,1.020408,2.59,57.89,28.91,Noise,Right
1708334467138,-0.521672,-0.028304,1.026264,29.12,62.58,6.79,Noise,Right
1708334467138,-0.559736,-0.023912,0.967704,45.5,73.43,-19.18,Noise,Right
1708334467138,-0.664656,-0.049288,0.892552,45.15,82.81,-32.97,Noise,Right
1708334467194,-0.70272,-0.05124,0.799832,34.16,81.41,-22.89,Noise,Right
1708334467194,-0.753472,0.022936,0.772016,29.61,74.48,-0.14,Noise,Right
1708334467194,-0.741272,0.014152,0.727608,20.23,57.33,27.72,Noise,Right
1708334467244,-0.725168,0.018544,0.695888,29.82,39.62,47.74,Noise,Right
1708334467244,-0.719312,0.050752,0.666608,37.31,31.5,46.83,Noise,Right
1708334467245,-0.698816,0.085888,0.671488,43.47,31.57,21.91,Noise,Right
1708334467245,-0.693936,0.122,0.652456,35.14,39.55,-3.5,Noise,Right
1708334467289,-0.701744,0.093696,0.630984,20.44,51.52,-17.5,Noise,Right
1708334467290,-0.712968,0.105408,0.626592,0.42,56.35,-15.61,Noise,Right
1708334467336,-0.691984,0.040504,0.598776,-1.61,53.06,0.21,Noise,Right
1708334467336,-0.707112,0.059536,0.601216,-0.21,45.5,17.5,Noise,Right
1708334467336,-0.732976,0.051728,0.552904,4.41,42.84,26.11,Noise,Right
1708334467383,-0.738832,0.067344,0.525576,13.37,47.74,26.04,Noise,Right
1708334467383,-0.810568,0.010248,0.484584,11.27,55.51,20.93,Noise,Right
1708334467383,-0.86864,0.022936,0.44652,7.63,56.63,14.98,Noise,Right
1708334467438,-0.916952,0.042944,0.443104,7.98,46.76,8.47,Noise,Right
1708334467439,-0.895968,0.061488,0.454816,10.36,31.64,4.9,Noise,Right
1708334467439,-0.837408,0.047336,0.517768,15.68,15.96,1.89,Noise,Right
1708334467496,-0.715408,0.092232,0.576328,12.95,8.54,-4.06,Noise,Right
1708334467497,-0.747616,0.048312,0.569496,12.95,18.9,-14.49,Noise,Right
1708334467500,-0.802272,0.02684,0.510448,6.51,36.68,-20.72,Noise,Right
1708334467542,-0.896456,-0.016592,0.457256,-17.71,45.64,-19.6,Noise,Right
1708334467542,-0.936472,-0.00244,0.422608,1.89,37.24,-8.75,Noise,Right
1708334467542,-0.934032,0.050752,0.4148,6.3,19.88,3.01,Noise,Right
1708334467647,-0.88328,0.077592,0.454328,12.25,7.7,8.19,Noise,Right
1708334467647,-0.837408,0.079544,0.5002,23.73,10.29,3.29,Noise,Right
1708334467647,-0.818376,0.101016,0.515328,23.31,18.34,-8.05,Noise,Right
1708334467647,-0.863272,0.110776,0.511912,7.56,28.7,-21.35,Noise,Right
1708334467648,-0.904752,0.07076,0.462136,-6.3,31.22,-25.83,Noise,Right
1708334467648,-0.763232,0.02196,0.454328,-7.63,26.88,-18.97,Noise,Right
1708334467700,-0.854,-0.015616,0.488976,-12.46,30.31,-4.97,Noise,Right
1708334467700,-0.876448,-0.015616,0.492392,-6.37,45.29,2.52,Noise,Right
1708334467701,-0.94184,0.010736,0.47092,-2.87,52.01,-2.94,Noise,Right
1708334467823,-0.935008,0.069784,0.443104,8.19,44.59,-9.94,Noise,Right
1708334467824,-0.95648,0.10004,0.4148,19.11,24.92,-19.81,Noise,Right
1708334467824,-0.886208,0.154208,0.381616,11.76,8.12,-22.89,Noise,Right
1708334467824,-0.885232,0.078568,0.359168,-8.68,-1.54,-16.52,Noise,Right
1708334467824,-0.852048,0.064416,0.373808,-20.09,5.39,2.45,Noise,Right
1708334467824,-0.91256,-0.036112,0.396256,-18.69,4.41,13.72,Noise,Right
1708334467824,-0.977952,-0.097112,0.369416,-1.4,12.81,19.11,Noise,Right
1708334467878,-1.09068,-0.13176,0.366,1.19,21.28,14.63,Noise,Right
1708334467878,-1.117032,-0.08296,0.34892,5.18,22.75,6.72,Noise,Right
1708334467878,-1.126304,-0.062952,0.323056,9.38,12.74,2.8,Noise,Right
1708334467879,-1.08336,-0.004392,0.335256,15.89,-5.04,1.75,Noise,Right
1708334467924,-1.021384,0.03416,0.352336,23.59,-19.88,3.08,Noise,Right
1708334467924,-0.960872,0.107848,0.3904,36.75,-27.51,0.84,Noise,Right
1708334467924,-0.876448,0.144448,0.455304,32.13,-29.54,1.96,Noise,Right
1708334467970,-0.784216,0.11712,0.470432,6.86,-25.34,5.6,Noise,Right
1708334467970,-0.75152,0.093208,0.51728,6.37,-9.94,10.78,Noise,Right
1708334468024,-0.755912,0.080032,0.508984,4.97,3.15,12.11,Noise,Right
1708334468025,-0.78812,0.082472,0.450424,7.28,9.17,8.26,Noise,Right
1708334468025,-0.789584,0.088328,0.406016,9.73,6.02,4.97,Noise,Right
1708334468144,-0.809104,0.147864,0.41236,13.93,2.87,-2.31,Noise,Right
1708334468144,-0.76372,0.141032,0.404552,19.6,3.99,-8.12,Noise,Right
1708334468144,-0.762256,0.132248,0.420656,23.73,12.18,-12.74,Noise,Right
1708334468144,-0.774456,0.13176,0.41236,17.01,25.06,-16.38,Noise,Right
1708334468145,-0.804224,0.05612,0.375272,-1.33,38.99,-12.53,Noise,Right
1708334468145,-0.87108,0.00244,0.343552,-4.83,47.32,-3.36,Noise,Right
1708334468145,-0.918904,0.020496,0.317688,-4.06,47.11,0.63,Noise,Right
1708334468262,-0.962336,0.051728,0.264496,-0.07,38.71,-3.22,Noise,Right
1708334468263,-0.976488,0.076616,0.261568,10.43,22.54,-11.06,Noise,Right
1708334468263,-0.914512,0.027816,0.198128,18.34,14.14,-17.15,Noise,Right
1708334468263,-1.01504,0.043432,0.2684,28.28,-2.73,-28.42,Noise,Right
1708334468263,-0.989176,0.05368,0.269376,26.88,-11.48,-34.86,Noise,Right
1708334468263,-1.036024,-0.02196,0.253272,13.79,-9.24,-30.45,Noise,Right
1708334468263,-1.125816,-0.078568,0.258152,8.54,-1.12,-8.19,Noise,Right
1708334468316,-1.138016,-0.101992,0.26352,-1.19,-1.82,15.12,Noise,Right
1708334468316,-1.157536,-0.064416,0.304512,0.35,-7.0,27.02,Noise,Right
1708334468316,-1.135088,-0.0244,0.330864,2.03,-9.1,23.8,Noise,Right
1708334468317,-1.069696,-0.009272,0.34404,6.79,-12.67,13.09,Noise,Right
1708334468461,-0.984784,0.034648,0.378688,11.97,-18.41,8.68,Noise,Right
1708334468461,-0.91744,0.081008,0.40748,14.91,-17.71,10.01,Noise,Right
1708334468462,-0.850584,0.095648,0.430904,23.52,-12.25,9.87,Noise,Right
1708334468462,-0.808128,0.118584,0.440176,20.23,-7.07,11.06,Noise,Right
1708334468462,-0.752984,0.16104,0.4758,14.35,-1.33,7.42,Noise,Right
1708334468462,-0.73932,0.126392,0.472384,16.94,8.12,-0.63,Noise,Right
1708334468462,-0.734928,0.1464,0.456768,26.88,19.81,-10.71,Noise,Right
1708334468515,-0.73444,0.142984,0.41968,35.91,29.47,-18.27,Noise,Right
1708334468515,-0.774456,0.109312,0.384056,38.78,37.31,-19.88,Noise,Right
1708334468515,-0.818376,0.084912,0.395768,16.31,44.45,-7.49,Noise,Right
1708334468515,-0.815448,0.099552,0.31476,45.92,55.16,-0.56,Noise,Right
1708334468566,-0.840824,0.142008,0.259616,41.23,53.69,8.61,Noise,Right
1708334468566,-0.841312,0.215208,0.230824,23.45,52.78,8.89,Noise,Right
1708334468566,-0.836432,0.07076,0.209352,13.79,61.67,-2.1,Noise,Right
1708334468610,-0.952576,-0.018056,0.145424,19.81,67.34,-20.16,Noise,Right
1708334468610,-1.071648,-0.018544,0.058072,21.42,56.35,-37.17,Noise,Right
1708334468610,-1.088728,0.017568,0.040016,23.1,30.45,-40.25,Noise,Right
1708334468656,-1.037,0.027328,0.061,17.78,4.41,-28.56,Noise,Right
1708334468656,-0.951112,0.060512,0.116632,23.59,-8.4,-10.29,Noise,Right
1708334468656,-0.838384,0.033184,0.187392,8.54,15.54,2.66,Noise,Right
1708334468704,-0.889624,0.02928,0.160064,-12.04,36.54,1.26,Noise,Right
1708334468704,-0.989176,-0.036112,0.169336,-9.31,47.11,-1.82,Noise,Right
1708334468827,-1.082872,-0.041968,0.051728,3.99,37.03,-5.32,Noise,Right
1708334468827,-1.153632,0.040504,0.019032,4.48,10.22,-8.75,Noise,Right
1708334468827,-1.14192,0.088328,0.001952,7.35,-12.6,0.0,Noise,Right
1708334468827,-1.141432,0.04392,-0.061,2.38,-27.51,10.43,Noise,Right
1708334468827,-1.106784,0.008784,-0.000488,13.37,-39.9,18.76,Noise,Right
1708334468828,-1.16876,0.014152,0.020008,8.26,-36.61,18.06,Noise,Right
1708334468828,-1.167784,0.030256,0.124928,2.94,-30.45,9.66,Noise,Right
1708334468874,-1.104344,-0.025864,0.188856,-2.17,-16.73,2.66,Noise,Right
1708334468875,-1.081408,-0.038064,0.227896,-3.01,-6.09,5.32,Noise,Right
1708334468875,-1.07848,-0.054168,0.206912,-5.81,-8.75,19.53,Noise,Right
1708334468973,-1.01504,0.039528,0.234728,-6.3,-22.47,38.92,Noise,Right
1708334468973,-0.970632,0.141032,0.266936,-0.56,-38.5,44.1,Noise,Right
1708334468973,-0.894016,0.16104,0.278648,10.92,-49.63,35.21,Noise,Right
1708334468973,-0.83204,0.161528,0.301096,22.61,-51.66,17.71,Noise,Right
1708334468973,-0.729072,0.21472,0.361608,14.07,-41.23,-17.22,Noise,Right
1708334468973,-0.693448,0.203496,0.40504,2.59,-16.94,-19.88,Noise,Right
1708334469024,-0.73932,0.094672,0.364536,-12.6,7.14,-25.97,Noise,Right
1708334469025,-0.774456,0.033672,0.322568,-17.99,21.63,-14.07,Noise,Right
1708334469026,-0.798368,0.072224,0.257176,-25.69,20.44,-1.33,Noise,Right
1708334469085,-0.845704,0.0854,0.218136,-33.04,13.3,3.36,Noise,Right
1708334469089,-0.854,0.111264,0.203984,-40.39,11.83,8.33,Noise,Right
1708334469090,-0.813984,0.086864,0.150792,-36.89,22.61,14.0,Noise,Right
1708334469121,-0.82472,0.083448,0.196176,-11.9,48.72,21.77,Noise,Right
1708334469122,-0.92476,0.088328,0.139568,4.55,76.44,21.35,Noise,Right
1708334469122,-1.039928,0.084424,0.029768,16.1,80.15,21.84,Noise,Right
1708334469167,-1.077016,0.171288,-0.017568,18.55,52.15,24.71,Noise,Right
1708334469167,-1.025776,0.186904,-0.023912,21.91,9.24,23.87,Noise,Right
1708334469168,-0.945256,0.18056,0.05124,35.35,-24.57,16.31,Noise,Right
1708334469301,-0.867664,0.1708,0.089304,53.83,-29.54,-0.49,Noise,Right
1708334469301,-0.889136,0.182024,0.134688,51.31,-4.62,-13.72,Noise,Right
1708334469301,-0.996984,0.091744,0.101992,28.77,31.08,-27.44,Noise,Right
1708334469302,-1.120448,0.056608,0.038552,20.16,44.03,-31.01,Noise,Right
1708334469302,-1.203896,0.064904,0.028792,26.46,20.58,-27.65,Noise,Right
1708334469302,-1.18584,0.057584,0.0244,19.67,-15.05,-0.77,Noise,Right
1708334469302,-0.962336,0.223504,0.148352,9.17,-16.73,10.78,Noise,Right
1708334469353,-0.93696,0.130784,0.143472,0.56,-13.72,2.17,Noise,Right
1708334469354,-1.05896,0.044896,0.109312,-3.08,2.17,-2.59,Noise,Right
1708334469354,-0.977464,0.040992,0.095648,14.63,5.81,-4.2,Noise,Right
1708334469398,-0.991128,0.04392,0.0854,13.51,6.3,-4.76,Noise,Right
1708334469398,-0.969168,0.108824,0.104432,11.62,3.85,-0.98,Noise,Right
1708334469398,-0.970144,0.119072,0.088328,13.79,0.7,-1.61,Noise,Right
1708334469445,-1.003328,0.177632,0.06344,24.36,3.78,-3.43,Noise,Right
1708334469445,-0.99064,0.20008,0.02684,6.02,-1.82,-2.1,Noise,Right
1708334469445,-0.922808,0.19764,0.030744,-0.84,-2.73,-9.31,Noise,Right
1708334469491,-0.99064,0.166896,0.091744,-7.21,-7.77,-13.3,Noise,Right
1708334469491,-1.12728,0.02684,0.041968,0.56,-11.06,-14.98,Noise,Right
1708334469491,-0.828136,0.093208,0.110776,-1.61,-8.68,-12.74,Noise,Right
1708334469540,-1.095072,-0.00976,0.231312,1.89,-1.75,-9.38,Noise,Right
1708334469540,-0.955504,0.044408,0.19764,21.35,5.53,-5.95,Noise,Right
1708334469587,-1.055056,0.01708,0.136152,17.78,12.18,-3.57,Noise,Right
1708334469588,-0.924272,0.241072,0.091744,21.0,11.2,-1.05,Noise,Right
1708334469588,-0.819352,0.17324,0.109312,17.15,14.91,-8.75,Noise,Right
1708334469633,-0.646112,0.213744,0.189344,0.98,16.66,-8.96,Noise,Right
1708334469633,-0.863272,0.199592,0.069296,40.67,14.49,-18.76,Noise,Right
1708334469634,-0.955504,0.057584,0.125416,27.16,10.36,-16.17,Noise,Right
1708334469761,-1.486448,-0.183488,-0.396256,30.31,9.45,-16.94,Noise,Right
1708334469761,-1.001376,0.093696,-0.0122,-15.33,5.11,-14.35,Noise,Right
1708334469762,-0.967704,0.038552,-0.027816,-10.29,-0.77,-14.49,Noise,Right
1708334469762,-0.98088,0.00488,-0.030256,-10.71,-7.07,-12.25,Noise,Right
1708334469762,-0.988688,-0.039528,-0.0122,-8.61,-12.18,-9.1,Noise,Right
1708334469762,-1.006256,0.02928,-0.041968,-11.48,-16.38,-4.69,Noise,Right
1708334469762,-0.980392,0.02196,-0.166896,-10.92,-21.42,-3.15,Noise,Right
1708334469880,-1.020408,0.028304,-0.340624,-3.5,-37.24,-2.8,Noise,Right
1708334469880,-1.074576,0.006344,-0.411384,6.23,-57.19,-3.15,Noise,Right
1708334469881,-1.200968,0.06344,-0.341112,-17.36,-91.56,7.14,Noise,Right
1708334469881,-1.604056,-0.257176,-0.314272,-1.05,-149.66,57.89,Noise,Right
1708334469881,-1.418128,-0.101016,-0.111752,4.76,-177.73,70.56,Noise,Right
1708334469882,-1.20292,-0.054656,0.140544,-24.29,-178.5,22.12,Noise,Right
1708334469882,-0.901336,-0.086864,0.322568,-49.84,-154.21,-23.45,Noise,Right
1708334469928,-0.699792,-0.069296,0.397232,-81.69,-131.32,-19.11,Noise,Right
1708334469928,-0.67588,-0.096624,0.381616,-99.05,-120.26,16.38,Noise,Right
1708334469928,-0.621712,-0.054656,0.333792,-94.36,-121.87,59.57,Noise,Right
1708334469974,-0.604632,-0.052704,0.331352,-57.54,-130.48,87.57,Noise,Right
1708334469974,-0.5978,0.040992,0.35624,-39.55,-134.75,91.07,Noise,Right
1708334469974,-0.671,0.14152,0.36844,-34.09,-137.27,61.04,Noise,Right
1708334470023,-0.608048,0.110288,0.413336,-31.01,-134.4,17.29,Noise,Right
1708334470024,-0.545096,0.141032,0.55388,-40.25,-127.54,-20.79,Noise,Right
1708334470024,-0.537776,0.111752,0.60756,-46.62,-112.07,-40.6,Noise,Right
1708334470102,-0.615368,0.101504,0.617808,-55.23,-103.81,-32.83,Noise,Right
1708334470102,-0.630496,0.02684,0.5124,-66.85,-111.58,-5.18,Noise,Right
1708334470102,-0.669048,0.016104,0.516304,-81.69,-131.11,22.96,Noise,Right
1708334470103,-0.6222,0.073688,0.57584,-77.14,-148.61,29.19,Noise,Right
1708334470204,-0.564128,0.134688,0.659776,-85.54,-162.68,4.76,Noise,Right
1708334470205,-0.42456,0.079544,0.738344,-73.43,-162.4,-31.64,Noise,Right
1708334470205,-0.348432,0.06832,0.84668,-73.29,-148.33,-64.89,Noise,Right
1708334470205,-0.284016,0.020008,0.958432,-66.71,-121.52,-89.11,Noise,Right
1708334470206,-0.255224,-0.045384,1.050176,-56.84,-88.41,-95.27,Noise,Right
1708334470206,-0.279624,-0.098088,1.166808,-58.31,-54.32,-84.56,Noise,Right
1708334470254,-0.332328,-0.164456,1.16144,-66.36,-27.23,-65.03,Noise,Right
1708334470255,-0.479216,-0.225944,1.10532,-65.45,-20.23,-38.5,Noise,Right
1708334470255,-0.496296,-0.310368,1.025776,-51.94,-40.81,-6.09,Noise,Right
1708334470255,-0.46848,-0.308416,1.062864,-33.74,-73.78,18.62,Noise,Right
1708334470305,-0.415288,-0.292312,1.089704,-11.34,-93.38,22.68,Noise,Right
1708334470305,-0.400648,-0.245952,1.123864,0.07,-93.38,8.89,Noise,Right
1708334470407,-0.311344,-0.213256,1.174616,6.51,-75.67,-12.74,Noise,Right
1708334470407,-0.308904,-0.183,1.179008,11.97,-50.82,-35.56,Noise,Right
1708334470408,-0.395768,-0.19276,1.064816,10.85,-32.34,-47.53,Noise,Right
1708334470409,-0.428464,-0.199592,0.987224,9.8,-27.51,-38.22,Noise,Right
1708334470409,-0.413336,-0.16592,0.964288,1.26,-34.16,-13.3,Noise,Right
1708334470409,-0.399672,-0.142008,0.953552,-8.68,-40.67,12.25,Noise,Right
1708334470455,-0.3904,-0.12444,0.964776,-12.04,-39.62,23.31,Noise,Right
1708334470455,-0.335744,-0.101504,0.996496,-16.87,-31.92,11.69,Noise,Right
1708334470455,-0.30744,-0.055144,1.0126,-19.6,-15.12,-14.84,Noise,Right
1708334470502,-0.357216,-0.241072,0.962336,-28.91,-2.52,-28.35,Noise,Right
1708334470502,-0.354776,-0.279624,0.957456,-22.4,1.12,-30.24,Noise,Right
1708334470502,-0.34648,-0.284992,0.960384,-21.35,-9.24,-13.16,Noise,Right
1708334470548,-0.308416,-0.256688,0.977464,-6.93,-22.68,5.39,Noise,Right
1708334470549,-0.250832,-0.208864,0.985272,2.17,-27.02,12.11,Noise,Right
1708334470549,-0.220576,-0.179584,0.988688,-2.73,-16.66,2.59,Noise,Right
1708334470598,-0.196664,-0.17324,0.984784,-9.59,5.81,-12.25,Noise,Right
1708334470599,-0.28548,-0.216672,0.927688,-12.39,22.75,-22.4,Noise,Right
1708334470599,-0.38796,-0.297192,0.843264,-13.58,16.31,-18.83,Noise,Right
1708334470718,-0.418216,-0.276208,0.865224,-5.46,-3.64,-5.95,Noise,Right
1708334470718,-0.456768,-0.293776,0.899384,-3.43,-17.15,11.13,Noise,Right
1708334470718,-0.472384,-0.289384,0.94184,2.1,-12.04,31.43,Noise,Right
1708334470718,-0.460184,-0.259616,0.930128,-4.34,-2.94,46.34,Noise,Right
1708334470718,-0.433344,-0.20496,0.990152,4.76,-21.77,33.11,Noise,Right
1708334470719,-0.276208,-0.195688,0.959896,-6.44,3.15,1.82,Noise,Right
1708334470719,-0.238632,-0.297192,0.983808,-8.19,-6.58,-10.92,Noise,Right
1708334470765,0.08784,-0.265472,1.05652,-21.42,0.98,-1.12,Noise,Right
1708334470767,-0.108336,-0.312808,1.014064,-2.31,11.97,-6.93,Noise,Right
1708334470812,-0.307928,-0.338184,0.926224,-4.48,14.98,-6.51,Noise,Right
1708334470813,-0.528504,-0.294752,0.851072,-17.01,11.69,-4.55,Noise,Right
1708334470813,-0.522648,-0.221064,0.820328,1.05,11.62,-9.73,Noise,Right
1708334470858,-0.512888,-0.184464,0.847168,-9.52,7.35,-14.0,Noise,Right
1708334470858,-0.411384,-0.250832,0.893528,-11.55,-1.12,-20.37,Noise,Right
1708334470858,-0.187392,-0.296704,1.008208,-5.18,-10.08,-25.06,Noise,Right
1708334470903,-0.189344,-0.42212,1.017968,-0.91,-12.32,-31.01,Noise,Right
1708334470903,-0.352824,-0.49532,0.981856,5.04,-8.82,-23.66,Noise,Right
1708334470903,-1.196088,-0.815936,0.424072,28.77,40.53,9.73,Noise,Right
1708334470949,-1.139968,-0.47336,0.898408,-17.99,-13.86,155.68,Noise,Right
1708334470950,-1.062376,-0.148352,0.61976,-21.14,-42.7,310.73,Noise,Right
1708334470995,-0.570472,0.23668,0.774456,-30.73,-73.85,229.74,Noise,Right
1708334470995,0.279136,0.049288,1.070672,-22.47,-82.88,-10.85,Noise,Right
1708334470995,1.014552,-0.283528,1.465464,17.64,-65.73,-173.88,Noise,Right
1708334471049,1.067744,-0.599264,1.44204,20.72,6.09,-134.61,Noise,Right
1708334471050,0.537776,-0.647088,1.123376,4.97,87.99,-27.93,Noise,Right
1708334471050,0.088328,-0.471408,0.938912,5.11,113.82,32.2,Noise,Right
1708334471102,-0.322568,-0.32452,0.78324,21.84,104.3,38.01,Noise,Right
1708334471102,-0.598776,-0.336232,0.718336,22.96,88.41,38.22,Noise,Right
1708334471102,-0.715408,-0.30012,0.72468,32.13,74.2,60.2,Noise,Right
1708334471155,-0.732488,-0.28304,0.742736,16.1,66.78,86.17,Noise,Right
1708334471156,-0.758352,-0.235216,0.716384,13.72,54.95,81.06,Noise,Right
1708334471156,-0.693936,-0.174216,0.695888,21.0,40.04,51.59,Noise,Right
1708334471229,-0.612928,-0.165432,0.68076,21.77,19.11,12.11,Noise,Right
1708334471230,-0.510936,-0.183488,0.739808,20.72,6.65,-19.95,Noise,Right
1708334471230,-0.433832,-0.269376,0.82472,16.24,5.81,-30.66,Noise,Right
1708334471230,-0.447496,-0.340624,0.892064,12.18,14.91,-17.29,Noise,Right
1708334471231,-0.5124,-0.371856,0.894992,9.17,25.69,14.14,Noise,Right
1708334471293,-0.573888,-0.345992,0.875472,9.52,30.87,48.72,Noise,Right
1708334471294,-0.613904,-0.264496,0.888648,8.96,29.47,80.5,Noise,Right
1708334471294,-0.57096,-0.140056,0.923784,15.12,25.27,102.34,Noise,Right
1708334471409,-0.525088,-0.078568,0.894016,14.14,13.09,107.45,Noise,Right
1708334471410,-0.511912,-0.016104,0.831064,15.54,-7.21,98.49,Noise,Right
1708334471410,-0.515328,-0.045384,0.832528,13.44,-30.1,85.96,Noise,Right
1708334471410,-0.493856,-0.049288,0.876448,5.46,-44.87,80.92,Noise,Right
1708334471411,-0.463112,-0.086864,0.909632,13.79,-42.0,83.09,Noise,Right
1708334471411,-0.47336,-0.035136,0.9882,19.67,-20.16,98.77,Noise,Right
1708334471411,-0.424072,0.013664,0.985272,14.98,8.33,121.87,Noise,Right
1708334471457,-0.434808,0.081984,0.994544,31.43,26.25,138.88,Noise,Right
1708334471458,-0.412848,0.141032,1.014064,48.51,37.1,141.05,Noise,Right
1708334471458,-0.449448,0.180072,0.938424,11.55,33.39,125.3,Noise,Right
1708334471522,-0.506544,0.19276,0.955992,17.92,32.9,84.14,Noise,Right
1708334471522,-0.47824,0.264496,0.945744,-3.29,32.55,35.91,Noise,Right
1708334471522,-0.490928,0.329888,1.004792,-0.35,35.42,-18.83,Noise,Right
1708334471569,-0.464088,0.273768,1.029192,17.5,45.85,-61.6,Noise,Right
1708334471569,-0.472872,0.30988,0.998936,19.18,54.39,-76.79,Noise,Right
1708334471569,-0.482144,0.296216,0.94428,20.93,61.11,-71.75,Noise,Right
1708334471569,-0.508496,0.301584,0.859368,17.85,62.93,-50.89,Noise,Right
1708334471621,-0.610976,0.31232,0.811544,18.76,55.72,-37.45,Noise,Right
1708334471621,-0.609024,0.203984,0.767624,16.8,41.86,-17.99,Noise,Right
1708334471738,-0.562664,0.1586,0.82228,-2.24,31.08,-41.86,Noise,Right
1708334471738,-0.504104,0.140544,0.87596,-8.4,44.38,-44.31,Noise,Right
1708334471738,-0.544608,0.061,0.841312,-17.08,67.2,-48.02,Noise,Right
1708334471738,-0.641232,-0.012688,0.793,-9.87,86.24,-55.09,Noise,Right
1708334471738,-0.660752,-0.018544,0.747128,0.56,93.38,-62.72,Noise,Right
1708334471738,-0.706624,-0.05856,0.682224,5.67,96.11,-63.14,Noise,Right
1708334471738,-0.825696,-0.113704,0.584136,6.86,97.79,-51.73,Noise,Right
1708334471785,-0.845216,-0.10736,0.576328,14.49,87.08,-37.24,Noise,Right
1708334471785,-0.793976,-0.044408,0.611464,8.68,70.07,-25.76,Noise,Right
1708334471785,-0.711504,0.022448,0.621224,6.44,58.73,-14.35,Noise,Right
1708334471832,-0.645136,0.01708,0.61244,-1.12,61.81,-1.19,Noise,Right
1708334471832,-0.631472,0.027328,0.582184,-2.59,78.75,-0.35,Noise,Right
1708334471832,-0.641232,-0.115656,0.488488,0.77,109.69,-18.76,Noise,Right
1708334471879,-0.986736,-0.195688,0.264008,3.5,122.43,-40.67,Noise,Right
1708334471879,-1.050176,-0.140544,0.138592,2.45,93.17,-51.94,Noise,Right
1708334471879,-0.955504,-0.109312,0.257664,9.1,43.82,-43.75,Noise,Right
1708334471925,-0.822768,-0.121512,0.365512,2.24,14.14,-8.54,Noise,Right
1708334471926,-0.75152,-0.04148,0.442128,-6.3,27.72,23.17,Noise,Right
1708334471971,-0.743712,-0.062952,0.421144,-23.03,69.09,31.01,Noise,Right
1708334471972,-0.855464,-0.06832,0.323056,-27.86,103.11,9.73,Noise,Right
1708334471973,-1.054568,-0.163968,0.135664,-25.41,98.77,-20.37,Noise,Right
1708334472018,-1.065792,-0.138104,0.139568,-4.41,55.72,-38.92,Noise,Right
1708334472018,-1.014064,-0.147376,0.175192,8.89,10.71,-36.26,Noise,Right
1708334472019,-0.933056,-0.098088,0.2562,7.98,-3.15,-15.26,Noise,Right
1708334472075,-0.855464,-0.114192,0.305488,-3.22,18.34,9.59,Noise,Right
1708334472075,-0.828624,-0.106872,0.289872,-15.47,60.13,34.3,Noise,Right
1708334472075,-0.895968,-0.145912,0.207888,-25.13,89.39,46.48,Noise,Right
1708334472134,-1.02236,-0.17324,0.121024,-24.36,84.35,41.3,Noise,Right
1708334472134,-1.073112,-0.135176,0.110288,-5.11,49.63,19.04,Noise,Right
1708334472134,-1.003328,-0.046848,0.12932,21.21,2.17,-9.87,Noise,Right
1708334472257,-0.9028,0.005856,0.208864,28.14,-29.26,-32.41,Noise,Right
1708334472258,-0.904752,-0.036112,0.228872,18.9,-5.46,-29.05,Noise,Right
1708334472260,-1.2322,-0.125416,0.16836,-12.88,18.97,-20.44,Noise,Right
1708334472260,-0.979904,-0.189344,0.123952,-6.23,9.31,-18.48,Noise,Right
1708334472260,-0.952088,-0.203984,0.22692,-6.86,6.02,-13.72,Noise,Right
1708334472260,-0.928176,-0.183,0.266936,5.95,6.16,-9.17,Noise,Right
1708334472261,-0.938424,-0.148352,0.224968,5.81,6.51,-5.18,Noise,Right
1708334472297,-0.930616,-0.126392,0.227408,4.76,5.95,-2.73,Noise,Right
1708334472297,-0.946232,-0.075152,0.284992,9.52,7.35,-3.22,Noise,Right
1708334472297,-0.88328,-0.133224,0.284504,11.9,14.0,-3.43,Noise,Right
1708334472345,-0.940376,-0.17812,0.264496,8.75,17.29,0.84,Noise,Right
1708334472345,-0.998448,-0.203984,0.185928,14.56,18.62,4.9,Noise,Right
1708334472345,-0.947696,-0.131272,0.21228,16.94,16.45,8.05,Noise,Right
1708334472392,-0.9394,-0.155184,0.224968,13.23,15.75,10.99,Noise,Right
1708334472393,-0.920856,-0.09516,0.253272,16.87,15.89,13.09,Noise,Right
1708334472393,-0.901824,-0.076616,0.219112,7.49,16.1,13.93,Noise,Right
1708334472443,-0.674416,-0.040016,0.22204,10.64,19.53,12.32,Noise,Right
1708334472443,-0.65636,0.03172,0.266448,-0.28,20.37,7.7,Noise,Right
1708334472443,-1.31516,-0.071736,0.09516,12.46,21.35,3.92,Noise,Right
1708334472564,-1.387384,-0.142984,-0.09272,24.29,13.3,3.22,Noise,Right
1708334472564,-1.037,0.021472,0.05612,3.5,6.44,0.98,Noise,Right
1708334472565,-0.914024,-0.083936,0.109312,1.96,0.98,-0.35,Noise,Right
1708334472565,-0.869128,-0.077104,0.198616,2.31,-1.26,0.63,Noise,Right
1708334472565,-0.557296,0.012688,0.348432,4.62,1.47,0.84,Noise,Right
1708334472566,-0.708576,0.039528,0.1586,9.31,1.47,-3.57,Noise,Right
1708334472566,-0.497272,0.077104,0.169336,24.92,-1.61,-8.05,Noise,Right
1708334472618,-1.187304,-0.151768,0.029768,15.89,-0.21,-14.28,Noise,Right
1708334472619,-0.955016,0.476776,0.494344,-2.73,-11.69,-2.52,Noise,Right
1708334472619,-0.948672,-0.187392,0.226432,-9.31,-9.17,-7.77,Noise,Right
1708334472682,-0.969168,-0.22692,0.113216,-3.92,-9.94,0.21,Noise,Right
1708334472682,-0.97112,-0.17812,0.037576,0.49,-15.61,7.84,Noise,Right
1708334472682,-0.967216,-0.12932,-0.016592,-0.42,-27.09,12.88,Noise,Right
1708334472800,-0.994056,-0.071248,-0.078568,-3.99,-39.2,14.98,Noise,Right
1708334472801,-1.024312,0.02928,-0.171288,-1.33,-50.82,11.9,Noise,Right
1708334472801,-1.062376,0.03416,-0.217648,7.63,-69.93,3.5,Noise,Right
1708334472801,-0.994056,-0.006832,-0.127368,11.55,-88.69,-3.64,Noise,Right
1708334472802,-1.030168,-0.156648,0.036112,0.21,-107.17,-4.97,Noise,Right
1708334472802,-1.298568,-0.242048,0.167384,-13.58,-136.64,8.4,Noise,Right
1708334472802,-1.128256,-0.33672,0.148352,39.62,-182.7,22.96,Noise,Right
1708334472972,-1.027728,-0.321104,0.325984,44.24,-208.81,32.76,Noise,Right
1708334472972,-0.938424,-0.24156,0.384544,43.4,-199.01,29.68,Noise,Right
1708334472973,-0.888648,-0.120048,0.39284,37.24,-171.64,0.21,Noise,Right
1708334472974,-0.816424,-0.032696,0.457744,19.53,-146.02,-31.5,Noise,Right
1708334472974,-0.706136,-0.017568,0.493856,2.66,-132.58,-53.97,Noise,Right
1708334472974,-0.694424,0.06344,0.526552,-25.27,-137.76,-55.51,Noise,Right
1708334473016,-0.61976,-0.016592,0.516792,-26.11,-148.47,-31.43,Noise,Right
1708334473017,-0.593896,-0.023912,0.554368,-26.46,-163.38,7.42,Noise,Right
1708334473017,-0.596824,0.0122,0.620736,-20.02,-177.17,37.8,Noise,Right
1708334473017,-0.549488,0.016592,0.699304,-9.45,-179.83,47.6,Noise,Right
1708334473017,-0.460672,0.027328,0.72956,-7.7,-171.15,32.34,Noise,Right
1708334473017,-0.430416,0.030744,0.724192,-12.6,-157.64,-1.54,Noise,Right
1708334473018,-0.367952,0.034648,0.701256,-18.06,-148.89,-41.93,Noise,Right
1708334473019,-0.308416,-0.030256,0.771528,-27.44,-148.68,-79.03,Noise,Right
1708334473150,-0.235216,-0.100528,0.885232,-33.67,-150.64,-98.63,Noise,Right
1708334473150,-0.132248,-0.118096,0.987224,-55.37,-148.82,-96.67,Noise,Right
1708334473150,-0.102968,-0.1464,1.048224,-61.46,-137.48,-81.69,Noise,Right
1708334473150,-0.093208,-0.224968,1.057496,-59.22,-119.56,-62.09,Noise,Right
1708334473151,-0.078568,-0.30012,1.127768,-54.04,-97.23,-45.36,Noise,Right
1708334473151,-0.020496,-0.345504,1.260992,-54.04,-68.74,-34.72,Noise,Right
1708334473151,-0.021472,-0.289872,1.330288,-48.58,-35.42,-38.22,Noise,Right
1708334473203,-0.116632,-0.289872,1.29076,-30.24,-6.86,-52.29,Noise,Right
1708334473203,-0.221552,-0.282552,1.159976,-13.93,5.88,-58.31,Noise,Right
1708334473203,-0.27084,-0.266936,1.084824,-7.14,0.98,-46.76,Noise,Right
1708334473203,-0.267912,-0.245952,1.032608,-5.32,-11.69,-25.48,Noise,Right
1708334473246,-0.21228,-0.18056,1.055544,7.63,-21.07,-5.39,Noise,Right
1708334473247,-0.13908,-0.171776,1.055544,1.05,-22.75,6.16,Noise,Right
1708334473303,-0.135176,-0.152256,1.098488,-12.18,-17.99,-0.91,Noise,Right
1708334473307,-0.223016,-0.217648,1.056032,-18.55,-9.24,-29.82,Noise,Right
1708334473308,-0.316712,-0.294264,1.01992,-15.4,-4.06,-59.08,Noise,Right
1708334473346,-0.287432,-0.361608,1.023336,-6.51,-6.86,-73.15,Noise,Right
1708334473348,-0.232288,-0.369904,1.038464,-0.42,-14.07,-59.08,Noise,Right
1708334473348,-0.186416,-0.349896,1.052128,-8.19,-17.78,-23.17,Noise,Right
1708334473476,-0.137128,-0.320128,1.062376,-2.94,-11.83,16.1,Noise,Right
1708334473477,-0.162504,-0.312808,1.052616,-3.78,1.26,40.04,Noise,Right
1708334473477,-0.244,-0.311344,1.005768,1.12,17.92,44.8,Noise,Right
1708334473477,-0.357216,-0.33916,0.935008,2.94,30.17,39.55,Noise,Right
1708334473477,-0.428952,-0.349408,0.87596,1.19,32.06,32.41,Noise,Right
1708334473477,-0.441152,-0.270352,0.86864,5.6,20.79,25.2,Noise,Right
1708334473478,-0.381128,-0.223504,0.872056,5.39,-1.19,15.05,Noise,Right
1708334473530,-0.31232,-0.25132,0.906704,6.09,-25.83,9.38,Noise,Right
1708334473531,-0.244488,-0.266936,0.983808,8.33,-39.2,7.84,Noise,Right
1708334473531,-0.250832,-0.284016,0.984296,4.83,-31.92,8.89,Noise,Right
1708334473531,-0.285968,-0.32696,0.927688,1.61,-11.34,16.45,Noise,Right
1708334473578,-0.28304,-0.28548,0.916464,2.24,10.71,24.01,Noise,Right
1708334473578,-0.298656,-0.293288,0.892064,-0.63,22.12,28.14,Noise,Right
1708334473625,-0.318176,-0.245464,0.89304,8.05,17.57,28.14,Noise,Right
1708334473625,-0.363072,-0.234728,0.90036,11.41,9.17,27.02,Noise,Right
1708334473625,-0.360144,-0.1952,0.938912,2.59,15.12,28.63,Noise,Right
1708334473749,-0.325008,-0.211304,0.908168,20.02,19.88,4.62,Noise,Right
1708334473750,-0.23668,-0.162016,0.930128,12.46,17.57,-15.4,Noise,Right
1708334473750,-0.176656,-0.182512,0.922808,-4.83,17.92,-20.86,Noise,Right
1708334473750,-0.188856,-0.229848,0.930616,-14.28,11.13,-16.52,Noise,Right
1708334473751,-0.194712,-0.317688,0.843752,-13.44,15.96,-16.24,Noise,Right
1708334473752,-0.357704,-0.336232,0.949648,-1.96,17.85,-10.36,Noise,Right
1708334473752,-0.489464,-0.304512,0.89304,4.76,18.48,-7.14,Noise,Right
1708334473891,-0.57828,-0.263032,0.840336,7.35,12.88,-10.64,Noise,Right
1708334473891,-0.4392,-0.259616,0.886208,5.53,-3.57,-15.82,Noise,Right
1708334473891,-0.15372,-0.274256,0.996496,-0.77,-7.91,-32.41,Noise,Right
1708334473891,-0.049288,-0.404552,1.01504,-7.91,-3.92,-47.11,Noise,Right
1708334473891,-0.138592,-0.501664,1.000888,-1.89,-0.84,-37.24,Noise,Right
1708334473891,-0.355264,-0.452376,0.967216,-1.54,7.98,-18.2,Noise,Right
1708334473891,-0.445544,-0.30012,0.979416,-34.09,3.92,-1.4,Noise,Right
1708334473891,-0.427,-0.139568,0.940376,-39.97,-2.17,-0.42,Noise,Right
1708334473995,-0.43188,-0.060024,0.898896,-33.39,-2.1,-11.83,Noise,Right
1708334473996,-0.400648,-0.111752,0.808128,-24.71,-12.46,-31.43,Noise,Right
1708334473996,-0.230336,-0.23912,0.93208,-21.35,-25.41,-52.22,Noise,Right
1708334473996,-0.16348,-0.46116,0.972096,-11.13,-34.65,-60.41,Noise,Right
1708334473996,-0.104432,-0.52948,1.006256,-6.09,-29.96,-51.31,Noise,Right
1708334473996,-0.194224,-0.488,0.98088,-6.51,-10.43,-39.62,Noise,Right
1708334473996,-1.580632,-0.763232,0.085888,12.11,34.79,-11.48,Noise,Right
1708334474043,-0.944768,-0.752008,0.433344,-5.95,-35.0,156.87,Noise,Right
1708334474044,-1.418616,-0.718824,0.130784,-31.22,-74.2,273.84,Noise,Right
1708334474044,-0.57828,0.03172,1.005768,14.63,-273.98,205.1,Noise,Right
1708334474093,0.808616,-0.255712,1.469368,-1.33,-149.66,-1.89,Noise,Right
1708334474093,1.589416,-0.711504,1.58844,-0.98,-2.59,-89.11,Noise,Right
1708334474094,1.598688,-0.661728,1.520608,27.86,45.22,-60.06,Noise,Right
1708334474198,0.959408,-0.51484,1.08092,31.22,109.2,-45.57,Noise,Right
1708334474198,0.389424,-0.46604,0.850096,28.7,135.73,-24.5,Noise,Right
1708334474198,-0.127368,-0.42212,0.683688,47.04,111.02,2.38,Noise,Right
1708334474198,-0.462624,-0.366,0.669536,54.11,86.17,24.43,Noise,Right
1708334474199,-0.594384,-0.29768,0.67588,33.74,67.76,53.76,Noise,Right
1708334474199,-0.729072,-0.342576,0.68564,13.37,53.9,78.54,Noise,Right
1708334474247,-0.685152,-0.221552,0.708576,6.02,47.46,88.48,Noise,Right
1708334474247,-0.665144,-0.20496,0.703208,2.73,47.81,74.2,Noise,Right
1708334474248,-0.552904,-0.179584,0.764208,7.84,44.73,42.7,Noise,Right
1708334474297,-0.457744,-0.128344,0.806664,14.14,40.39,0.77,Noise,Right
1708334474298,-0.376248,-0.178608,0.886208,19.74,34.37,-29.05,Noise,Right
1708334474298,-0.387472,-0.248392,0.881328,18.41,32.62,-36.26,Noise,Right
1708334474400,-0.508984,-0.364048,0.879376,10.71,31.71,-16.38,Noise,Right
1708334474401,-0.576816,-0.30744,0.920368,2.59,31.57,12.95,Noise,Right
1708334474401,-0.655384,-0.328424,0.886208,-14.77,24.5,49.35,Noise,Right
1708334474401,-0.64416,-0.262544,0.889136,-10.92,10.36,75.81,Noise,Right
1708334474401,-0.611464,-0.235704,0.89304,-3.43,-3.64,82.67,Noise,Right
1708334474402,-0.562176,-0.237168,0.898896,-5.6,-12.04,70.0,Noise,Right
1708334474451,-0.476776,-0.259128,0.91256,5.95,-12.88,42.28,Noise,Right
1708334474452,-0.40504,-0.268888,0.916952,15.82,-12.46,16.66,Noise,Right
1708334474452,-0.345016,-0.259128,0.938424,29.47,-10.85,-0.63,Noise,Right
1708334474583,-0.340624,-0.217648,0.933056,36.05,-5.53,-8.05,Noise,Right
1708334474584,-0.411872,-0.20008,0.867176,39.48,3.78,-6.51,Noise,Right
1708334474585,-0.49288,-0.165432,0.809104,39.41,10.85,2.03,Noise,Right
1708334474586,-0.53192,-0.127368,0.799344,34.72,10.29,9.31,Noise,Right
1708334474586,-0.495808,-0.055632,0.845704,3.43,3.15,22.05,Noise,Right
1708334474586,-0.492392,-0.032696,0.9028,-12.53,-1.12,41.37,Noise,Right
1708334474586,-0.47336,-0.033184,0.923296,-26.39,-5.46,53.41,Noise,Right
1708334474649,-0.432856,-0.061488,0.954528,-22.12,-10.36,49.91,Noise,Right
1708334474649,-0.360632,-0.06344,0.978928,-7.77,-14.63,33.53,Noise,Right
1708334474650,-0.30012,-0.05368,1.01992,7.98,-14.56,10.78,Noise,Right
1708334474650,-0.269864,-0.078568,1.019432,20.93,-8.05,-11.62,Noise,Right
1708334474765,-0.285968,-0.118096,1.016016,28.84,3.08,-23.59,Noise,Right
1708334474766,-0.329888,-0.144936,0.969168,36.19,17.08,-23.03,Noise,Right
1708334474766,-0.397232,-0.147376,0.9028,37.17,25.55,-10.64,Noise,Right
1708334474766,-0.40504,-0.106872,0.892552,34.86,25.55,9.03,Noise,Right
1708334474767,-0.415288,-0.012688,0.926712,22.61,22.47,27.51,Noise,Right
1708334474767,-0.394304,0.057584,0.94428,-0.21,19.11,39.9,Noise,Right
1708334474767,-0.371368,0.101016,0.97844,-17.85,19.67,39.69,Noise,Right
1708334474844,-0.379664,0.082472,0.957944,-18.62,24.29,17.64,Noise,Right
1708334474844,-0.446032,0.020008,0.933544,-12.18,29.19,-21.35,Noise,Right
1708334474844,-0.513376,-0.155184,0.910608,0.49,34.09,-58.52,Noise,Right
1708334474899,-0.572424,-0.309392,0.903776,9.66,39.55,-66.64,Noise,Right
1708334474902,-0.557784,-0.343552,0.929152,25.62,42.98,-48.51,Noise,Right
1708334474902,-0.547048,-0.280112,0.946232,36.19,46.41,-14.28,Noise,Right
1708334474902,-0.558272,-0.19276,0.953552,41.58,55.58,24.01,Noise,Right
1708334474903,-0.510448,-0.095648,0.921344,23.87,69.65,59.22,Noise,Right
1708334474949,-0.51972,-0.001464,0.91256,16.03,83.37,76.58,Noise,Right
1708334474950,-0.495808,0.077104,0.883768,11.55,96.18,62.51,Noise,Right
1708334474950,-0.527528,0.07076,0.83204,7.0,108.5,23.73,Noise,Right
1708334475002,-0.635376,-0.003416,0.71492,9.45,118.72,-21.35,Noise,Right
1708334475002,-0.753472,-0.160552,0.602192,10.01,110.95,-42.21,Noise,Right
1708334475002,-0.79788,-0.218136,0.611952,17.36,90.58,-25.48,Noise,Right
1708334475051,-0.77104,-0.168848,0.635376,26.04,71.96,12.53,Noise,Right
1708334475052,-0.784704,-0.042456,0.657336,36.68,66.64,46.27,Noise,Right
1708334475052,-0.74664,0.069296,0.656848,23.66,72.31,58.38,Noise,Right
1708334475097,-0.733952,0.132736,0.655384,10.64,82.53,47.18,Noise,Right
1708334475097,-0.726632,0.101504,0.587064,9.31,93.45,21.84,Noise,Right
1708334475098,-0.88328,-0.005368,0.459696,13.02,93.59,-4.55,Noise,Right
1708334475149,-0.943304,-0.045872,0.381128,26.25,61.11,-7.0,Noise,Right
1708334475149,-0.914024,-0.01708,0.399672,21.63,44.8,-3.01,Noise,Right
1708334475150,-0.870592,-0.020008,0.448472,21.28,26.53,5.95,Noise,Right
1708334475219,-0.83692,0.024888,0.491904,23.8,19.53,4.2,Noise,Right
1708334475220,-0.823256,0.016592,0.5246,19.95,26.11,-1.4,Noise,Right
1708334475220,-0.825696,0.083448,0.510936,9.38,36.61,-3.01,Noise,Right
1708334475220,-0.876936,0.010736,0.420656,-1.05,41.16,10.29,Noise,Right
1708334475268,-0.901824,0.025864,0.384544,-3.71,33.18,25.06,Noise,Right
1708334475268,-0.881816,0.06832,0.37332,2.8,17.64,22.75,Noise,Right
1708334475268,-0.78324,0.150792,0.43676,10.36,7.7,-3.29,Noise,Right
1708334475313,-1.032608,-0.092232,0.486048,13.86,30.17,-38.36,Noise,Right
1708334475313,-1.490352,0.003904,0.176656,0.91,41.51,-10.01,Noise,Right
1708334475313,-1.046272,-0.04148,0.32208,61.53,27.16,-17.08,Noise,Right
1708334475360,-0.854976,0.135664,0.486536,-16.24,25.76,-15.68,Noise,Right
1708334475360,-0.869128,-0.017568,0.449448,-18.55,30.03,-18.27,Noise,Right
1708334475486,-0.854488,0.036112,0.464576,3.85,32.55,-18.48,Noise,Right
1708334475487,-0.745176,0.028304,0.454328,25.2,35.07,-25.34,Noise,Right
1708334475487,-0.781288,0.086864,0.394792,38.78,36.12,-30.66,Noise,Right
1708334475488,-0.98332,-0.108824,0.348432,33.46,38.99,-34.65,Noise,Right
1708334475488,-1.070672,-0.165432,0.304024,11.34,34.23,-29.61,Noise,Right
1708334475488,-0.86864,-0.065392,0.42212,4.06,30.8,-19.88,Noise,Right
1708334475489,-0.78324,-0.11224,0.321104,13.09,30.31,-19.81,Noise,Right
1708334475626,-0.067832,0.089792,0.594384,9.59,25.62,-13.44,Noise,Right
1708334475627,-1.049688,-0.195688,0.386496,44.45,30.73,-16.38,Noise,Right
1708334475627,-1.39568,-0.32208,0.047336,51.1,23.87,-10.99,Noise,Right
1708334475628,-1.131184,-0.252784,0.179096,-1.61,23.38,0.7,Noise,Right
1708334475628,-0.99064,-0.367464,-0.29768,42.42,27.72,0.14,Noise,Right
1708334475629,-0.938424,-0.06832,0.15616,-10.43,11.69,9.45,Noise,Right
1708334475629,-0.945256,0.002928,0.126392,5.18,0.49,9.45,Noise,Right
1708334475630,-0.957944,-0.019032,0.062464,4.55,-14.98,9.31,Noise,Right
1708334475682,-0.974536,0.001952,-0.00732,8.82,-31.64,9.1,Noise,Right
1708334475683,-1.011136,0.141032,-0.104432,-2.17,-51.73,6.3,Noise,Right
1708334475683,-1.134112,0.225944,-0.144936,-2.17,-75.11,-4.69,Noise,Right
1708334475683,-1.141432,0.208864,-0.03172,-15.05,-100.94,-15.19,Noise,Right
1708334475730,-1.302472,0.042944,0.064904,-27.44,-103.6,-22.82,Noise,Right
1708334475730,-1.220976,-0.05368,0.07564,-40.11,-119.98,-7.42,Noise,Right
1708334475730,-1.091656,-0.038552,0.231312,-30.03,-162.4,-11.55,Noise,Right
1708334475783,-0.923296,-0.001464,0.318664,-17.22,-207.9,-34.3,Noise,Right
1708334475784,-0.767136,-0.009272,0.383568,-3.43,-246.05,-68.46,Noise,Right
1708334475784,-0.633424,0.040016,0.508496,14.98,-263.41,-108.57,Noise,Right
1708334475836,-0.550952,0.063928,0.59048,17.43,-260.96,-144.62,Noise,Right
1708334475836,-0.427488,-0.077104,0.7198,14.63,-246.96,-159.46,Noise,Right
1708334475836,-0.426512,-0.185928,0.852048,2.31,-229.6,-145.32,Noise,Right
1708334475884,-0.250832,-0.174704,0.967704,-2.73,-217.21,-115.15,Noise,Right
1708334475884,-0.128344,-0.12688,1.057984,-1.19,-213.57,-92.82,Noise,Right
1708334475884,-0.024888,-0.118584,1.106296,9.66,-213.08,-97.02,Noise,Right
1708334475948,-0.004392,-0.138592,1.118008,17.78,-211.05,-127.19,Noise,Right
1708334475949,0.018544,-0.202032,1.144848,18.55,-198.03,-165.97,Noise,Right
1708334475953,0.129808,-0.291336,1.180472,32.06,-172.69,-191.66,Noise,Right
1708334476039,0.220576,-0.254736,1.29076,37.38,-140.91,-193.83,Noise,Right
1708334476039,0.28304,-0.24156,1.31272,44.24,-109.62,-181.72,Noise,Right
1708334476039,0.269376,-0.179096,1.32492,47.18,-82.11,-159.95,Noise,Right
1708334476039,0.254248,-0.205448,1.279048,43.54,-61.39,-137.97,Noise,Right
1708334476039,0.169336,-0.22448,1.220488,45.36,-44.66,-124.95,Noise,Right
1708334476041,0.069296,-0.26596,1.1468,43.61,-33.53,-118.86,Noise,Right
1708334476141,0.03416,-0.257176,1.112152,48.58,-26.81,-116.55,Noise,Right
1708334476142,0.0366,-0.240584,1.11264,53.34,-19.39,-109.2,Noise,Right
1708334476142,0.031232,-0.215208,1.099464,51.59,-8.05,-89.74,Noise,Right
1708334476142,0.044408,-0.142984,1.094096,47.88,6.02,-64.05,Noise,Right
1708334476142,0.064416,-0.080032,1.038952,39.97,17.99,-43.12,Noise,Right
1708334476142,0.025864,-0.035136,0.996984,37.52,21.63,-36.96,Noise,Right
1708334476192,-0.011712,0.000976,0.954528,38.08,17.22,-52.36,Noise,Right
1708334476193,-0.083448,0.0122,0.9028,35.49,6.86,-81.83,Noise,Right
1708334476193,-0.099552,-0.057584,0.911584,38.36,-3.15,-103.32,Noise,Right
1708334476244,-0.076128,-0.072224,0.931592,39.62,-9.38,-103.6,Noise,Right
1708334476244,-0.055632,-0.076128,0.942328,33.95,-10.08,-87.78,Noise,Right
1708334476244,-0.020496,-0.083448,0.966728,29.19,-5.88,-61.04,Noise,Right
1708334476346,0.01708,-0.060024,0.96868,13.51,0.98,-33.11,Noise,Right
1708334476346,-0.019032,-0.047824,0.948672,6.16,5.95,-18.69,Noise,Right
1708334476346,-0.061976,-0.050264,0.910608,4.55,3.64,-21.56,Noise,Right
1708334476346,-0.080032,-0.042456,0.907192,9.52,-5.46,-36.75,Noise,Right
1708334476348,-0.098576,-0.045872,0.9028,12.46,-17.85,-49.7,Noise,Right
1708334476348,-0.083448,-0.042944,0.916952,14.07,-23.87,-49.98,Noise,Right
1708334476394,-0.032696,-0.061976,0.93208,6.44,-20.79,-35.84,Noise,Right
1708334476395,0.001952,-0.144936,0.947208,-8.75,-11.13,-9.8,Noise,Right
1708334476395,0.015128,-0.145424,0.962824,-17.78,-1.82,21.91,Noise,Right
1708334476441,0.084424,-0.096624,1.001864,-23.45,-5.6,36.33,Noise,Right
1708334476441,0.078568,-0.086864,1.020408,-22.61,-20.44,27.37,Noise,Right
1708334476441,0.099064,-0.08052,1.021384,-8.19,-40.25,1.68,Noise,Right
1708334476488,0.085888,-0.084912,1.052128,1.96,-48.79,-26.18,Noise,Right
1708334476489,0.049776,-0.103456,1.060912,6.44,-38.5,-37.73,Noise,Right
1708334476489,0.0366,-0.144448,1.027728,2.87,-13.65,-24.57,Noise,Right
1708334476532,0.013664,-0.210328,0.980392,-12.11,12.81,12.88,Noise,Right
1708334476532,0.058072,-0.2684,0.963312,-24.92,32.62,67.83,Noise,Right
1708334476583,0.096136,-0.252784,0.96624,-34.65,40.32,122.08,Noise,Right
1708334476584,0.130784,-0.2074,0.987224,-35.63,37.52,153.79,Noise,Right
1708334476584,0.13176,-0.196176,1.013576,-32.48,33.53,156.45,Noise,Right
1708334476640,0.09272,-0.149328,1.020408,-23.1,34.44,134.05,Noise,Right
1708334476641,0.033672,-0.107848,0.9882,-21.98,40.81,98.35,Noise,Right
1708334476641,-0.008784,-0.171776,0.982832,-25.9,49.35,68.04,Noise,Right
1708334476641,0.020984,-0.223992,1.023336,-39.34,56.98,66.29,Noise,Right
1708334476687,0.0366,-0.312808,1.078968,-56.14,65.38,95.13,Noise,Right
1708334476687,0.021472,-0.376736,1.104344,-60.97,76.86,148.96,Noise,Right
1708334476731,-0.00976,-0.297192,1.122888,-49.56,88.2,200.83,Noise,Right
1708334476732,-0.062464,-0.210328,1.064328,-40.04,91.98,221.76,Noise,Right
1708334476732,-0.122,-0.129808,1.016016,-35.91,89.18,212.24,Noise,Right
1708334476787,-0.1586,-0.084912,0.965752,-27.37,86.94,180.11,Noise,Right
1708334476787,-0.173728,-0.099552,0.989176,-22.96,89.81,147.28,Noise,Right
1708334476787,-0.124928,-0.167384,1.058472,-24.71,100.31,135.52,Noise,Right
1708334476842,-0.162504,-0.188856,1.129232,-35.98,114.87,148.4,Noise,Right
1708334476842,-0.254248,-0.185928,1.08092,-40.25,130.55,171.92,Noise,Right
1708334476843,-0.400648,-0.18056,1.00284,-40.53,133.63,180.46,Noise,Right
1708334476843,-0.53924,-0.142496,0.915976,-28.7,129.85,166.32,Noise,Right
1708334476892,-0.596824,-0.072224,0.840824,-15.47,120.26,137.76,Noise,Right
1708334476892,-0.589504,-0.096624,0.81008,-12.81,106.54,109.83,Noise,Right
1708334476961,-0.55632,-0.122,0.823256,-15.75,98.56,109.41,Noise,Right
1708334476962,-0.539728,-0.040016,0.88328,-15.19,97.72,120.68,Noise,Right
1708334476962,-0.528992,0.031232,0.872056,-20.65,93.8,125.79,Noise,Right
1708334476962,-0.597312,0.06344,0.834968,-18.13,83.37,117.95,Noise,Right
1708334476963,-0.632936,0.101992,0.782264,-12.11,71.82,96.11,Noise,Right
1708334477019,-0.667584,0.059536,0.7442,-9.17,63.07,71.47,Noise,Right
1708334477021,-0.63684,0.020496,0.752984,-8.19,63.49,62.93,Noise,Right
1708334477061,-0.656848,0.061488,0.743712,-18.55,68.74,67.83,Noise,Right
1708334477061,-0.749568,0.160064,0.70516,-32.41,69.37,64.61,Noise,Right
1708334477107,-0.769576,0.14396,0.642208,-34.86,34.51,39.41,Noise,Right
1708334477107,-0.726144,0.11468,0.678808,-36.19,18.76,39.55,Noise,Right
1708334477154,-0.678808,0.062952,0.717848,-28.14,14.63,43.96,Noise,Right
1708334477154,-0.674416,0.083448,0.732,-24.36,18.69,48.86,Noise,Right
1708334477154,-0.712968,0.12444,0.699304,-14.98,23.94,42.21,Noise,Right
1708334477199,-0.774944,0.152744,0.643184,-8.54,26.81,24.85,Noise,Right
1708334477199,-0.783728,0.232776,0.60024,-4.69,25.69,5.25,Noise,Right
1708334477199,-0.742248,0.232776,0.599264,-12.18,19.11,-15.54,Noise,Right
1708334477246,-0.756888,0.161528,0.630008,-23.73,12.32,-21.77,Noise,Right
1708334477246,-0.77592,0.084912,0.61,-39.69,7.77,-8.54,Noise,Right
1708334477297,-0.845216,-0.038552,0.600728,-46.48,6.3,16.45,Noise,Right
1708334477297,-0.845216,-0.018544,0.625128,-39.69,6.3,27.44,Noise,Right
1708334477297,-0.862784,0.048312,0.637816,-38.22,4.06,12.67,Noise,Right
1708334477370,-0.865224,0.091256,0.584136,-31.85,-0.63,-19.11,Noise,Right
1708334477370,-0.871568,-0.018056,0.559736,-23.24,-9.87,-46.55,Noise,Right
1708334477370,-0.862296,-0.030256,0.58072,-11.48,-19.74,-50.47,Noise,Right
1708334477371,-0.821792,-0.035136,0.620736,-7.98,-28.28,-37.17,Noise,Right
1708334477371,-0.783728,-0.069784,0.640256,-7.56,-33.39,-17.08,Noise,Right
1708334477415,-0.759816,-0.028304,0.65636,-7.28,-36.19,-2.87,Noise,Right
1708334477415,-0.743712,-0.000976,0.659288,-9.38,-36.75,-3.64,Noise,Right
1708334477464,-0.728096,0.003416,0.674904,-7.35,-33.11,-9.59,Noise,Right
1708334477464,-0.74176,0.004392,0.671976,-7.28,-26.32,-12.46,Noise,Right
1708334477465,-0.740296,0.005368,0.675392,-9.59,-20.72,-6.02,Noise,Right
1708334477574,-0.706136,0.026352,0.686128,-9.31,-20.09,4.69,Noise,Right
1708334477574,-0.730048,0.023912,0.694912,-8.26,-22.54,8.96,Noise,Right
1708334477574,-0.737856,0.003904,0.680272,-4.97,-24.15,-0.98,Noise,Right
1708334477575,-0.737368,0.000488,0.673928,-0.21,-21.56,-16.66,Noise,Right
1708334477575,-0.60024,-0.035624,0.730536,-14.28,-11.13,-16.8,Noise,Right
1708334477575,-0.560224,-0.035136,0.728096,-18.27,24.85,19.32,Noise,Right
1708334477575,-0.683688,0.039528,0.648552,-10.57,35.35,26.32,Noise,Right
1708334477677,-0.793488,0.030744,0.493856,-3.64,26.11,1.19,Noise,Right
1708334477677,-0.887184,0.037576,0.487024,-6.86,-32.41,15.89,Noise,Right
1708334477678,-0.713944,0.101504,0.673928,-9.94,-45.15,8.12,Noise,Right
1708334477678,-0.662216,0.074664,0.80764,-20.79,-7.35,-2.87,Noise,Right
1708334477678,-0.701744,-0.018056,0.738832,-26.88,36.68,-12.18,Noise,Right
1708334477679,-0.83692,-0.084424,0.680272,-11.97,50.89,-15.47,Noise,Right
1708334477723,-0.874008,-0.110776,0.589016,-12.11,37.45,-9.73,Noise,Right
1708334477723,-0.965264,-0.047336,0.467016,-9.87,-53.2,-21.63,Noise,Right
1708334477770,-0.942816,-0.04148,0.571936,38.78,-137.27,-86.52,Noise,Right
1708334477771,-0.010248,-0.098088,1.372256,43.05,-122.71,-107.73,Noise,Right
1708334477771,-0.44652,-0.386496,0.88084,-9.52,48.51,7.91,Noise,Right
1708334477821,-0.660752,-0.004392,0.6588,-4.06,70.21,-43.61,Noise,Right
1708334477821,-0.749568,-0.147864,0.630984,3.71,-21.49,-22.54,Noise,Right
1708334477821,-0.820328,-0.123464,0.6222,-5.74,-32.27,-7.07,Noise,Right
1708334477863,-0.85644,-0.06832,0.615368,-17.85,-14.35,-3.43,Noise,Right
1708334477864,-0.799344,-0.069784,0.671,-26.53,-0.91,-9.73,Noise,Right
1708334477864,-0.858392,-0.10736,0.625616,-10.85,4.2,-23.38,Noise,Right
1708334477912,-0.898896,-0.16836,0.615856,8.19,-2.1,-32.48,Noise,Right
1708334477912,-0.811056,-0.197152,0.665144,4.9,-18.48,-31.71,Noise,Right
1708334477957,-0.63196,-0.234728,0.738344,-5.53,-29.89,-20.93,Noise,Right
1708334477958,-0.628056,-0.274256,0.831064,-10.78,-27.86,-0.42,Noise,Right
1708334477958,-1.427888,-0.351848,0.53924,25.76,4.2,-7.0,Noise,Right
1708334478013,-1.052616,-0.440176,0.772016,-21.63,-31.22,43.54,Noise,Right
1708334478014,-1.2566,-0.711016,0.433832,-13.3,-50.82,166.81,Noise,Right
1708334478014,-1.218048,-0.167872,0.725656,3.71,-196.7,324.1,Noise,Right
1708334478077,-0.519232,0.580232,0.942816,18.97,-155.47,212.66,Noise,Right
1708334478080,0.067344,0.577304,0.944768,28.14,-52.43,-27.09,Noise,Right
1708334478080,0.335256,0.377712,0.824232,62.65,-50.33,-138.95,Noise,Right
1708334478188,0.342088,0.383568,0.915,73.57,-62.58,-138.46,Noise,Right
1708334478188,0.028304,0.034648,0.842776,27.51,-9.38,-102.69,Noise,Right
1708334478188,-0.426512,-0.300608,0.72224,-9.1,44.31,-34.58,Noise,Right
1708334478188,-0.809104,-0.474336,0.653432,-10.29,45.5,36.47,Noise,Right
1708334478189,-0.911096,-0.425536,0.657824,-0.56,13.37,82.39,Noise,Right
1708334478189,-0.891088,-0.306464,0.675392,-4.06,-25.27,76.16,Noise,Right
1708334478189,-0.81008,-0.095648,0.703208,7.49,-43.19,24.22,Noise,Right
1708334478239,-0.64172,0.038552,0.703696,15.4,-45.92,-43.61,Noise,Right
1708334478239,-0.492392,0.065392,0.769576,32.48,-43.19,-88.2,Noise,Right
1708334478239,-0.35868,0.023912,0.869616,36.75,-39.13,-96.88,Noise,Right
1708334478239,-0.286456,-0.02196,0.97112,44.17,-31.15,-81.2,Noise,Right
1708334478284,-0.28792,-0.022448,1.030168,37.17,-1.12,-54.32,Noise,Right
1708334478284,-0.34648,-0.054168,1.009184,24.22,1.96,-21.77,Noise,Right
1708334478333,-0.41236,-0.070272,0.930616,20.72,12.04,10.01,Noise,Right
1708334478333,-0.461648,-0.00732,0.878888,18.62,5.53,29.33,Noise,Right
1708334478334,-0.459208,0.095648,0.84424,18.9,-8.68,29.12,Noise,Right
1708334478379,-0.411384,0.151768,0.804712,19.04,-23.87,8.61,Noise,Right
1708334478379,-0.454816,0.154208,0.886208,21.28,-32.48,-22.96,Noise,Right
1708334478379,-0.493368,0.069296,0.946232,10.71,-23.1,-42.63,Noise,Right
1708334478426,-0.494832,0.005368,1.016504,-0.21,0.49,-38.92,Noise,Right
1708334478426,-0.501176,-0.01464,1.037488,-6.58,28.77,-19.53,Noise,Right
1708334478426,-0.506056,-0.066856,1.011136,-7.49,45.92,0.7,Noise,Right
1708334478472,-0.537288,-0.085888,1.01992,0.63,44.31,1.96,Noise,Right
1708334478472,-0.585112,-0.066368,0.965752,11.62,35.56,-17.15,Noise,Right
1708334478524,-0.60024,-0.046848,0.925248,22.68,30.17,-40.74,Noise,Right
1708334478524,-0.604632,0.00976,0.935984,26.81,32.55,-57.47,Noise,Right
1708334478525,-0.641232,0.067832,0.946232,18.41,39.55,-59.85,Noise,Right
1708334478605,-0.665144,0.07564,0.848632,11.13,45.99,-37.94,Noise,Right
1708334478607,-0.708576,0.08296,0.77104,-1.96,47.25,-0.28,Noise,Right
1708334478608,-0.68564,0.099552,0.718336,-5.25,42.63,33.81,Noise,Right
1708334478609,-0.638304,0.130296,0.728096,-2.94,40.6,43.33,Noise,Right
1708334478609,-0.565104,0.120048,0.738344,-0.49,45.78,22.61,Noise,Right
1708334478703,-0.551928,0.088816,0.802272,4.97,62.23,-21.07,Noise,Right
1708334478703,-0.696864,-0.071736,0.697352,-7.21,78.05,-57.89,Noise,Right
1708334478703,-0.773968,-0.19764,0.663192,-7.91,77.77,-57.05,Noise,Right
1708334478703,-0.79788,-0.15128,0.665144,4.62,63.49,-29.26,Noise,Right
1708334478703,-0.772016,-0.093208,0.689056,9.87,37.8,1.82,Noise,Right
1708334478703,-0.67344,-0.054168,0.747128,2.59,17.64,26.74,Noise,Right
1708334478749,-0.595848,-0.002928,0.787632,3.08,24.5,30.94,Noise,Right
1708334478749,-0.644648,0.005368,0.774456,-5.81,54.53,15.61,Noise,Right
1708334478750,-0.770552,-0.084424,0.657336,-9.31,84.98,-1.54,Noise,Right
1708334478796,-0.880352,-0.16592,0.563152,-9.17,84.84,-4.48,Noise,Right
1708334478796,-0.888648,-0.17812,0.557296,4.34,57.82,8.26,Noise,Right
1708334478845,-0.795928,-0.166408,0.627568,21.35,26.53,25.55,Noise,Right
1708334478846,-0.72224,-0.118584,0.713944,38.71,17.15,36.19,Noise,Right
1708334478846,-0.656848,-0.024888,0.870592,46.69,39.9,31.22,Noise,Right
1708334478967,-0.652456,0.089304,0.742248,28.98,87.29,10.71,Noise,Right
1708334478967,-0.709064,0.116632,0.57584,10.15,125.44,-15.12,Noise,Right
1708334478967,-0.926224,0.077104,0.354288,-10.01,129.43,-27.58,Noise,Right
1708334478967,-1.09312,-0.04636,0.238632,-9.45,96.18,-17.71,Noise,Right
1708334478967,-0.982344,-0.005856,0.310368,8.47,38.5,-7.77,Noise,Right
1708334478967,-0.8174,-0.000976,0.46116,23.59,-1.33,-7.56,Noise,Right
1708334478967,-0.66368,0.020496,0.59048,37.24,12.74,-20.65,Noise,Right
1708334479012,-0.642208,0.028792,0.582184,31.92,73.01,-46.34,Noise,Right
1708334479013,-0.8052,-0.1098,0.372832,-3.85,133.0,-66.08,Noise,Right
1708334479013,-1.075552,-0.177144,0.162504,-9.38,140.21,-64.12,Noise,Right
1708334479062,-1.296128,-0.208376,0.044408,-0.49,86.87,-40.18,Noise,Right
1708334479062,-1.016016,-0.022448,0.185928,12.18,13.44,-0.35,Noise,Right
1708334479063,-0.838384,-0.081496,0.284992,10.57,-12.6,-12.6,Noise,Right
1708334479187,-0.792024,-0.085888,0.374296,35.35,-8.12,-7.7,Noise,Right
1708334479188,-0.862296,-0.124928,0.27572,18.41,36.54,-38.08,Noise,Right
1708334479189,-0.984784,-0.374784,0.060024,33.39,38.71,-20.16,Noise,Right
1708334479189,-0.914024,-0.037576,0.327448,3.01,23.45,-4.69,Noise,Right
1708334479189,-0.927688,-0.083448,0.269376,-6.65,25.76,-6.37,Noise,Right
1708334479190,-0.922808,-0.001952,0.30012,1.4,24.64,-7.84,Noise,Right
1708334479190,-0.916464,-0.038064,0.255712,-15.05,23.52,-11.27,Noise,Right
1708334479260,-0.898896,-0.039528,0.233264,-12.74,22.4,-13.65,Noise,Right
1708334479260,-0.976,-0.099064,0.231312,-13.58,21.07,-17.71,Noise,Right
1708334479261,-0.769088,-0.104432,0.236192,0.98,17.01,-17.92,Noise,Right
1708334479261,-1.010648,-0.235704,0.17812,5.04,15.68,-17.64,Noise,Right
1708334479313,-0.901336,-0.027328,0.310856,13.37,14.49,-13.02,Noise,Right
1708334479313,-0.55876,-0.128344,0.247416,-1.96,11.34,-8.33,Noise,Right
1708334479313,-0.223992,-0.104432,0.215696,1.54,4.76,-7.56,Noise,Right
1708334479313,-0.995032,-0.150304,0.266936,11.13,3.01,-6.65,Noise,Right
1708334479421,-1.111664,-0.162016,0.22448,15.47,3.78,-4.76,Noise,Right
1708334479421,-1.454728,-0.288408,0.142008,2.94,4.76,-2.52,Noise,Right
1708334479421,-1.039928,-0.188856,0.235704,-7.77,2.52,5.11,Noise,Right
1708334479422,-0.9516,-0.197152,0.24156,1.61,5.88,8.61,Noise,Right
1708334479422,-0.956968,-0.086376,0.193248,6.65,5.32,10.36,Noise,Right
1708334479423,-0.994544,-0.043432,0.029768,10.43,-0.07,7.49,Noise,Right
1708334479478,-0.948672,-0.056608,0.068808,8.47,-10.5,4.83,Noise,Right
1708334479478,-1.001864,-0.084424,0.013176,18.13,-19.18,1.82,Noise,Right
1708334479478,-0.967704,-0.067832,0.006344,15.68,-34.02,0.49,Noise,Right
1708334479524,-1.009672,-0.018056,-0.065392,16.87,-49.84,-3.43,Noise,Right
1708334479524,-0.984784,0.033672,-0.061,6.79,-65.45,-10.15,Noise,Right
1708334479524,-1.001376,0.03904,-0.07564,-0.56,-83.72,-18.13,Noise,Right
1708334479577,-1.053104,-0.05856,-0.10736,-7.91,-104.58,-23.66,Noise,Right
1708334479577,-0.948184,-0.072712,-0.029768,-26.81,-127.96,-21.07,Noise,Right
1708334479577,-0.906216,-0.203984,0.094184,-19.81,-160.93,-6.3,Noise,Right
1708334479697,-0.958432,-0.27084,0.213744,15.61,-221.41,54.74,Noise,Right
1708334479697,-0.854976,-0.16836,0.493856,48.58,-257.04,57.12,Noise,Right
1708334479697,-0.760304,-0.14396,0.579256,56.98,-248.36,16.03,Noise,Right
1708334479697,-0.666608,-0.127856,0.62708,46.83,-217.42,-40.95,Noise,Right
1708334479697,-0.603168,-0.14152,0.623664,21.0,-184.45,-93.59,Noise,Right
1708334479697,-0.602192,-0.068808,0.654896,-0.35,-162.82,-132.72,Noise,Right
1708334479699,-0.584624,-0.028304,0.691496,-28.0,-156.94,-158.62,Noise,Right
1708334479817,-0.53436,-0.073688,0.73688,-45.29,-163.03,-168.0,Noise,Right
1708334479817,-0.345504,-0.131272,0.752008,-42.14,-179.83,-162.05,Noise,Right
1708334479817,-0.221552,-0.12688,0.8906,-25.41,-198.59,-149.66,Noise,Right
1708334479817,-0.129808,-0.16592,1.065792,8.19,-207.97,-138.53,Noise,Right
1708334479817,-0.102968,-0.20252,1.155096,29.96,-200.76,-138.18,Noise,Right
1708334479818,-0.098576,-0.24156,1.169736,54.53,-182.0,-148.82,Noise,Right
1708334479818,-0.016104,-0.285968,1.1468,47.39,-159.6,-163.38,Noise,Right
1708334479870,0.042456,-0.304024,1.209264,44.1,-137.13,-179.69,Noise,Right
1708334479870,0.101016,-0.298656,1.207312,37.87,-113.61,-187.74,Noise,Right
1708334479870,0.13176,-0.266936,1.238056,38.92,-90.72,-181.3,Noise,Right
1708334479986,0.14152,-0.214232,1.28588,36.68,-68.11,-162.33,Noise,Right
1708334479986,0.13176,-0.236192,1.2444,20.44,-47.81,-135.38,Noise,Right
1708334479987,0.088816,-0.284016,1.22488,17.78,-36.61,-108.5,Noise,Right
1708334479987,0.089304,-0.309392,1.211216,26.88,-31.85,-88.62,Noise,Right
1708334479987,0.080032,-0.303048,1.219512,39.06,-30.59,-82.25,Noise,Right
1708334479987,0.046848,-0.347944,1.182912,49.07,-28.42,-85.05,Noise,Right
1708334479987,0.055632,-0.335256,1.17852,64.26,-26.11,-90.3,Noise,Right
1708334480035,0.118584,-0.298656,1.170224,71.61,-21.0,-91.49,Noise,Right
1708334480035,0.138592,-0.22692,1.211216,77.56,-5.74,-84.77,Noise,Right
1708334480036,0.147376,-0.193736,1.191208,74.76,13.72,-74.69,Noise,Right
1708334480084,0.093208,-0.208376,1.1102,70.35,31.85,-67.06,Noise,Right
1708334480085,0.057096,-0.183976,1.062376,69.79,39.06,-68.04,Noise,Right
1708334480085,0.037088,-0.122976,1.01748,68.88,33.74,-76.09,Noise,Right
1708334480212,0.020984,-0.099552,1.016504,67.13,23.31,-85.12,Noise,Right
1708334480213,0.022448,-0.11468,1.007232,60.69,17.08,-85.4,Noise,Right
1708334480214,0.033672,-0.109312,1.01748,57.19,18.62,-78.33,Noise,Right
1708334480217,0.01952,-0.08052,1.016016,51.45,26.95,-63.84,Noise,Right
1708334480218,0.00488,-0.047824,1.000888,41.72,37.59,-51.1,Noise,Right
1708334480218,-0.01952,-0.018544,0.970632,31.01,43.75,-40.6,Noise,Right
1708334480218,-0.057584,-0.018056,0.940864,28.0,44.17,-37.17,Noise,Right
1708334480273,-0.077592,-0.030256,0.897432,27.58,37.45,-41.02,Noise,Right
1708334480275,-0.082472,0.002928,0.89792,30.1,24.01,-49.07,Noise,Right
1708334480275,-0.0732,0.002928,0.898408,25.55,10.57,-56.28,Noise,Right
1708334480275,-0.056608,-0.00976,0.938912,23.17,5.04,-57.12,Noise,Right
1708334480396,-0.040016,-0.018056,0.947696,14.98,7.7,-50.4,Noise,Right
1708334480397,-0.024888,-0.027816,0.979416,4.48,16.17,-38.43,Noise,Right
1708334480397,-0.033184,-0.052704,0.98576,3.22,25.13,-27.58,Noise,Right
1708334480397,-0.092232,-0.064904,0.960872,3.22,26.88,-22.82,Noise,Right
1708334480398,-0.120048,-0.061488,0.945744,2.87,20.72,-22.75,Noise,Right
1708334480398,-0.135664,-0.022936,0.938424,10.15,12.67,-25.13,Noise,Right
1708334480398,-0.139568,-0.001464,0.936472,9.17,7.0,-23.38,Noise,Right
1708334480452,-0.147864,-0.00244,0.970632,3.57,10.15,-14.56,Noise,Right
1708334480452,-0.173728,-0.065392,0.964288,-7.49,20.51,0.63,Noise,Right
1708334480452,-0.21716,-0.089304,0.953552,-12.88,31.08,16.66,Noise,Right
1708334480453,-0.258152,-0.105896,0.91988,-17.71,30.45,24.57,Noise,Right
1708334480499,-0.250344,-0.090768,0.925248,-12.95,15.75,21.7,Noise,Right
1708334480499,-0.20496,-0.0366,0.973072,-3.01,-8.05,7.91,Noise,Right
1708334480499,-0.144936,-0.025864,1.022848,10.64,-29.68,-9.59,Noise,Right
1708334480550,-0.119072,-0.034648,1.036512,20.02,-41.09,-20.16,Noise,Right
1708334480550,-0.121024,-0.052704,1.06872,15.47,-36.82,-17.43,Noise,Right
1708334480655,-0.137616,-0.109312,1.043832,5.46,-17.43,1.82,Noise,Right
1708334480655,-0.15372,-0.086864,0.996496,-2.94,6.09,31.71,Noise,Right
1708334480655,-0.162992,-0.03904,0.959896,-9.31,17.57,51.94,Noise,Right
1708334480655,-0.15128,-0.021472,0.915488,-12.74,10.22,54.88,Noise,Right
1708334480655,-0.099064,0.023912,0.914512,-7.28,-9.87,43.26,Noise,Right
1708334480655,-0.052704,0.0732,0.932568,-3.15,-35.42,21.49,Noise,Right
1708334480710,-0.038064,0.04392,0.98088,1.12,-53.27,0.0,Noise,Right
1708334480710,-0.007808,0.00976,1.01504,7.21,-53.55,-10.78,Noise,Right
1708334480710,-0.016592,-0.046848,1.016992,-5.81,-40.6,-5.18,Noise,Right
1708334480711,-0.04148,-0.114192,1.0004,-19.04,-19.18,18.06,Noise,Right
1708334480768,-0.03172,-0.110288,1.015528,-31.64,1.68,51.87,Noise,Right
1708334480768,-0.05124,-0.076616,1.01504,-40.04,17.85,86.94,Noise,Right
1708334480768,-0.088816,-0.084424,0.975024,-43.19,26.11,109.83,Noise,Right
1708334480851,-0.086864,-0.083936,0.941352,-45.08,27.58,120.26,Noise,Right
1708334480852,-0.03904,-0.083936,0.944768,-49.91,25.97,121.03,Noise,Right
1708334480852,0.019032,-0.060512,1.01992,-53.97,28.49,121.87,Noise,Right
1708334480852,0.096136,-0.027328,1.113128,-62.79,39.97,130.41,Noise,Right
1708334480852,0.094672,-0.048312,1.201944,-84.0,63.35,151.69,Noise,Right
1708334480904,0.025376,-0.111264,1.17608,-115.01,98.56,184.94,Noise,Right
1708334480904,-0.096136,-0.184464,1.091656,-124.39,133.84,216.86,Noise,Right
1708334480904,-0.275232,-0.243512,0.953064,-117.81,153.23,235.55,Noise,Right
1708334480949,-0.39772,-0.221064,0.849608,-100.94,139.72,228.06,Noise,Right
1708334480950,-0.504592,-0.166408,0.811056,-93.94,105.7,199.64,Noise,Right
1708334480950,-0.432368,-0.104432,0.848632,-73.29,68.81,151.55,Noise,Right
1708334480995,-0.364536,-0.256688,1.011624,-69.3,42.7,117.46,Noise,Right
1708334480995,-0.298168,-0.327448,1.142408,-84.98,38.92,116.69,Noise,Right
1708334480995,-0.269376,-0.338672,1.212192,-64.47,59.36,137.06,Noise,Right
1708334481041,-0.333792,-0.25132,1.10532,-50.26,90.37,166.67,Noise,Right
1708334481042,-0.43432,-0.123464,0.935496,-44.17,111.58,184.87,Noise,Right
1708334481042,-0.571936,-0.090768,0.793976,-55.58,110.74,177.31,Noise,Right
1708334481088,-0.645136,-0.096624,0.747616,-54.67,93.73,147.42,Noise,Right
1708334481088,-0.614392,-0.082472,0.803736,-46.34,73.22,115.08,Noise,Right
1708334481133,-0.51972,-0.049776,0.893528,-35.28,61.04,90.44,Noise,Right
1708334481133,-0.494344,-0.066368,0.972096,-35.0,56.49,78.54,Noise,Right
1708334481133,-0.569984,-0.061488,0.927688,-34.51,58.03,75.11,Noise,Right
1708334481180,-0.667584,-0.093208,0.835944,-26.74,57.89,68.46,Noise,Right
1708334481180,-0.751032,-0.061976,0.753472,-21.49,53.27,57.96,Noise,Right
1708334481180,-0.803736,-0.051728,0.66612,-18.2,44.03,46.13,Noise,Right
1708334481227,-0.77592,-0.021472,0.652456,-10.92,31.92,41.93,Noise,Right
1708334481227,-0.711016,-0.017568,0.70516,-16.03,21.7,53.2,Noise,Right
1708334481275,-0.638792,-0.02684,0.775432,-22.12,19.04,69.51,Noise,Right
1708334481278,-0.628056,-0.018544,0.787144,-31.57,22.89,70.91,Noise,Right
1708334481278,-0.70516,-0.015128,0.777872,-28.21,32.13,49.21,Noise,Right
1708334481317,-0.797392,0.00732,0.657336,-10.99,38.71,13.51,Noise,Right
1708334481317,-0.853024,0.000488,0.54168,-1.89,34.79,-19.25,Noise,Right
1708334481317,-0.82716,-0.042944,0.544608,11.34,17.85,-35.42,Noise,Right
1708334481363,-0.778848,-0.033184,0.596336,16.8,-4.06,-28.91,Noise,Right
1708334481364,-0.785192,-0.04636,0.654408,6.58,-18.27,3.71,Noise,Right
1708334481413,-0.770064,-0.038064,0.677344,1.82,-19.95,28.28,Noise,Right
1708334481413,-0.769576,-0.082472,0.659776,-1.68,-14.77,30.94,Noise,Right
1708334481413,-0.799344,-0.025376,0.642208,3.5,-6.86,17.36,Noise,Right
1708334481456,-0.809104,0.013176,0.610488,7.42,-1.68,-4.55,Noise,Right
1708334481456,-0.809592,0.043432,0.567544,18.27,-3.08,-18.13,Noise,Right
1708334481456,-0.807152,0.128344,0.55632,7.14,-16.38,8.82,Noise,Right
1708334481503,-0.814472,0.065392,0.569984,-6.23,-30.87,5.04,Noise,Right
1708334481503,-0.725168,0.055144,0.655384,5.6,-37.45,-1.19,Noise,Right
1708334481503,-0.6222,-0.0244,0.870592,1.47,-37.59,16.03,Noise,Right
1708334481551,-0.670512,-0.065392,0.672952,-18.13,-13.02,63.42,Noise,Right
1708334481551,-0.80032,-0.023424,0.71736,-1.05,-37.59,61.18,Noise,Right
1708334481597,-0.628544,0.020496,0.665144,-23.94,25.48,32.13,Noise,Right
1708334481598,-0.687592,-0.013176,0.6832,-22.54,13.86,36.96,Noise,Right
1708334481598,-0.808616,-0.0244,0.55632,-2.31,9.1,32.13,Noise,Right
1708334481643,-0.927688,0.06832,0.562664,10.5,-7.35,21.42,Noise,Right
1708334481643,-0.889624,0.06588,0.632448,13.16,-20.23,11.97,Noise,Right
1708334481643,-0.77104,0.047336,0.72712,11.83,-24.57,7.56,Noise,Right
1708334481701,-0.772992,-0.061976,0.743712,14.35,-26.53,4.13,Noise,Right
1708334481701,-0.772992,-0.21472,0.746152,17.5,-30.38,10.29,Noise,Right
1708334481702,-0.962824,-0.414312,0.88084,18.9,-25.13,25.83,Noise,Right
1708334481754,-1.703608,-0.508496,0.298168,59.64,21.63,15.96,Noise,Right
1708334481755,-1.018944,-0.089792,0.898408,-5.67,-31.57,195.79,Noise,Right
1708334481755,-0.98332,0.615856,0.593408,5.95,-55.37,223.3,Noise,Right
1708334481878,-0.638304,0.883768,0.466528,-2.17,-81.34,124.81,Noise,Right
1708334481878,0.0976,1.031632,0.54656,2.17,-120.61,-5.67,Noise,Right
1708334481879,0.395768,1.012112,0.62952,8.89,-134.89,-103.11,Noise,Right
1708334481879,0.506544,0.9516,0.774944,-7.77,-100.94,-168.77,Noise,Right
1708334481879,0.165432,0.35136,0.608536,-31.85,-48.72,-202.3,Noise,Right
1708334481879,-0.373808,-0.350872,0.587064,-38.85,-24.43,-176.89,Noise,Right
1708334481880,-0.649528,-0.728096,0.777384,-35.21,-29.33,-105.91,Noise,Right
1708334481981,-0.748104,-0.847656,0.91012,-27.72,-37.24,-30.03,Noise,Right
1708334481981,-0.769576,-0.694912,0.967704,-16.24,-33.53,18.62,Noise,Right
1708334481981,-0.698328,-0.462136,0.927688,0.21,-21.63,15.96,Noise,Right
1708334481981,-0.615368,-0.206424,0.857904,13.65,-10.43,-12.81,Noise,Right
1708334481981,-0.526552,0.025376,0.789096,24.57,-8.4,-44.38,Noise,Right
1708334481981,-0.500688,0.149328,0.745176,28.91,-19.18,-68.25,Noise,Right
1708334482032,-0.487024,0.17568,0.755912,29.96,-38.85,-86.45,Noise,Right
1708334482032,-0.460672,0.04392,0.839848,23.03,-53.34,-95.41,Noise,Right
1708334482032,-0.438224,-0.061,0.924272,11.27,-49.07,-78.33,Noise,Right
1708334482033,-0.39528,-0.108824,0.960384,4.97,-29.54,-41.51,Noise,Right
1708334482092,-0.385032,-0.139568,0.967216,-4.97,-14.77,-1.68,Noise,Right
1708334482092,-0.365512,-0.093696,0.979904,-0.56,-9.03,22.47,Noise,Right
1708334482093,-0.34892,0.001952,1.01504,0.91,-6.86,19.39,Noise,Right
1708334482142,-0.34648,0.035624,1.0248,5.53,-5.04,-8.68,Noise,Right
1708334482142,-0.347944,-0.018056,1.041392,9.59,1.75,-37.52,Noise,Right
1708334482142,-0.358192,-0.018056,1.082384,14.21,15.54,-48.93,Noise,Right
1708334482267,-0.34892,0.024888,1.114104,4.83,30.8,-41.37,Noise,Right
1708334482269,-0.403088,0.034648,1.092632,1.26,42.84,-18.9,Noise,Right
1708334482269,-0.453352,0.037088,1.01992,-8.47,45.36,10.64,Noise,Right
1708334482270,-0.514352,0.01708,0.985272,-2.87,38.64,31.78,Noise,Right
1708334482270,-0.554856,0.068808,0.949648,5.81,28.21,33.6,Noise,Right
1708334482270,-0.543144,0.132736,0.933056,15.75,20.79,18.2,Noise,Right
1708334482270,-0.497272,0.18056,0.92964,26.04,19.88,-6.3,Noise,Right
1708334482387,-0.465064,0.155672,0.91988,30.17,24.29,-27.93,Noise,Right
1708334482388,-0.454816,0.125904,0.914024,30.52,33.81,-32.2,Noise,Right
1708334482388,-0.474824,0.098576,0.874496,19.04,43.89,-27.16,Noise,Right
1708334482388,-0.520208,0.054656,0.831552,12.11,48.16,-23.31,Noise,Right
1708334482388,-0.55876,-0.04392,0.804224,11.97,46.2,-30.59,Noise,Right
1708334482388,-0.618784,-0.13176,0.777872,17.92,43.26,-47.46,Noise,Right
1708334482388,-0.637816,-0.098576,0.75396,19.39,37.52,-75.25,Noise,Right
1708334482388,-0.71248,-0.073688,0.711016,23.94,27.65,-108.08,Noise,Right
1708334482434,-0.662216,-0.212768,0.78568,17.71,12.18,-100.38,Noise,Right
1708334482434,-0.60024,-0.201544,0.839848,17.36,18.76,-63.49,Noise,Right
1708334482480,-0.550464,-0.143472,0.888648,-1.12,35.14,-8.61,Noise,Right
1708334482480,-0.552416,-0.121512,0.894016,-17.57,58.52,33.74,Noise,Right
1708334482480,-0.659776,-0.152256,0.803736,-21.56,78.61,50.19,Noise,Right
1708334482527,-0.755424,-0.113704,0.674904,-13.16,80.64,45.5,Noise,Right
1708334482527,-0.81984,-0.083448,0.642208,-6.3,63.98,24.15,Noise,Right
1708334482574,-0.842288,-0.088816,0.685152,13.3,48.51,-2.73,Noise,Right
1708334482575,-0.78568,-0.11224,0.741272,24.64,41.02,-12.74,Noise,Right
1708334482575,-0.730536,-0.142496,0.801296,36.75,48.51,-5.18,Noise,Right
1708334482620,-0.686616,-0.095648,0.803248,35.56,70.21,18.13,Noise,Right
1708334482620,-0.66856,-0.045872,0.782264,29.12,98.0,29.75,Noise,Right
1708334482620,-0.793976,0.00976,0.621712,22.33,119.49,23.31,Noise,Right
1708334482665,-0.932568,0.001952,0.464088,20.86,117.88,12.39,Noise,Right
1708334482665,-0.969656,0.00732,0.392352,25.27,91.91,5.88,Noise,Right
1708334482665,-0.9394,-0.018056,0.386496,25.55,55.51,7.35,Noise,Right
1708334482712,-0.79788,-0.03172,0.473848,34.16,36.54,15.96,Noise,Right
1708334482712,-0.69784,-0.022448,0.520696,52.29,65.03,13.37,Noise,Right
1708334482762,-0.684664,0.037576,0.55876,54.18,125.09,-8.96,Noise,Right
1708334482764,-0.852536,-0.033672,0.360144,10.92,174.3,-30.94,Noise,Right
1708334482764,-1.098,-0.132736,0.130784,-8.61,162.19,-28.63,Noise,Right
1708334482891,-1.158512,-0.080032,0.11224,8.89,90.79,-5.53,Noise,Right
1708334482892,-0.96624,0.084424,0.22692,23.17,13.02,10.57,Noise,Right
1708334482894,-0.871568,0.112728,0.372832,23.31,-14.98,15.54,Noise,Right
1708334482896,-0.674416,0.122488,0.437736,11.06,14.28,13.93,Noise,Right
1708334482896,-0.67832,0.028792,0.405528,-4.48,72.73,0.28,Noise,Right
1708334482896,-1.658224,-0.182512,0.021472,-12.46,107.73,-17.15,Noise,Right
1708334482896,-1.180472,-0.045384,0.006344,37.52,41.37,-11.76,Noise,Right
1708334482931,-0.811056,0.103944,0.269864,6.44,30.03,-12.74,Noise,Right
1708334482931,-0.959896,0.055144,0.108824,15.47,27.3,-15.75,Noise,Right
1708334482931,-0.911584,0.070272,0.164456,8.05,19.11,-20.16,Noise,Right
1708334482983,-0.884256,-0.016104,0.20008,0.91,17.29,-22.61,Noise,Right
1708334482983,-0.872544,-0.053192,0.232776,0.28,14.7,-22.96,Noise,Right
1708334482984,-0.989664,-0.0854,0.289384,0.0,14.28,-21.21,Noise,Right
1708334483104,-0.974536,-0.077104,0.255224,-0.49,15.33,-19.11,Noise,Right
1708334483106,-0.965264,-0.069296,0.262544,-2.8,15.75,-16.1,Noise,Right
1708334483106,-0.940864,-0.100528,0.245464,-1.82,16.31,-14.42,Noise,Right
1708334483106,-0.927688,-0.120048,0.238144,0.63,16.66,-10.43,Noise,Right
1708334483106,-0.920368,-0.0732,0.245464,3.78,16.73,-7.28,Noise,Right
1708334483106,-0.862784,-0.098576,0.233752,4.27,17.99,-7.07,Noise,Right
1708334483107,-0.945744,-0.015128,0.382104,19.32,21.98,-7.98,Noise,Right
1708334483155,-0.820328,-0.120048,0.255224,12.88,22.4,-4.9,Noise,Right
1708334483155,-0.909144,-0.180072,0.048312,18.48,26.67,-1.96,Noise,Right
1708334483155,-1.014552,-0.171288,0.008296,8.4,24.99,3.71,Noise,Right
1708334483279,-1.115568,-0.049288,0.215696,-1.68,19.32,6.3,Noise,Right
1708334483280,-0.94672,-0.023424,0.109312,2.24,14.91,7.91,Noise,Right
1708334483280,-0.552904,0.015616,0.178608,-2.66,10.78,6.44,Noise,Right
1708334483280,-0.850096,0.061,0.345016,9.73,10.22,2.94,Noise,Right
1708334483280,-0.989664,-0.028304,0.174216,32.2,16.1,-0.56,Noise,Right
1708334483281,-0.056608,-0.35136,-0.841312,42.56,10.71,-25.41,Noise,Right
1708334483281,-0.938424,0.449448,0.332816,-13.02,10.64,-12.46,Noise,Right
1708334483422,-1.002352,0.117608,-0.108824,2.66,1.33,-22.54,Noise,Right
1708334483423,-1.011136,-0.065392,-0.051728,-9.38,-10.99,-25.69,Noise,Right
1708334483425,-0.969168,-0.198616,-0.001464,-8.26,-23.52,-22.05,Noise,Right
1708334483426,-0.93208,-0.29768,-0.013664,-7.84,-33.39,-10.64,Noise,Right
1708334483426,-0.97844,-0.233752,-0.17568,-0.42,-43.33,-0.28,Noise,Right
1708334483426,-1.016504,-0.171776,-0.275232,6.51,-59.08,4.83,Noise,Right
1708334483427,-1.013576,-0.103944,-0.273768,1.4,-83.51,9.94,Noise,Right
1708334483431,-0.954528,-0.125416,-0.186904,-6.58,-110.53,14.28,Noise,Right
1708334483464,-0.9272,-0.048312,0.052216,-0.14,-128.17,18.13,Noise,Right
1708334483464,-1.105808,-0.123952,-0.071736,-14.7,-112.63,31.29,Noise,Right
1708334483464,-1.057496,-0.041968,-0.008784,-41.86,-144.06,43.68,Noise,Right
1708334483506,-0.97844,-0.09028,0.030744,-27.58,-193.27,41.65,Noise,Right
1708334483506,-0.896456,-0.017568,0.172264,-24.92,-230.93,30.03,Noise,Right
1708334483508,-0.763232,0.045384,0.318664,-37.73,-241.85,-1.96,Noise,Right
1708334483562,-0.708088,-0.005856,0.390888,-53.97,-233.17,-43.96,Noise,Right
1708334483562,-0.670512,-0.055144,0.472384,-51.38,-219.73,-74.41,Noise,Right
1708334483562,-0.607072,-0.0732,0.520696,-43.26,-214.41,-85.26,Noise,Right
1708334483616,-0.536312,-0.113704,0.595848,-54.67,-225.19,-76.09,Noise,Right
1708334483617,-0.427976,-0.116632,0.72468,-49.7,-240.66,-55.37,Noise,Right
1708334483617,-0.252784,-0.076128,0.871568,-51.45,-258.16,-40.11,Noise,Right
1708334483663,-0.150792,-0.098088,0.92476,-48.37,-268.52,-40.46,Noise,Right
1708334483663,-0.125904,-0.065392,0.951112,-37.8,-263.9,-58.73,Noise,Right
1708334483665,-0.092232,-0.114192,0.91988,-45.5,-248.99,-91.63,Noise,Right
1708334483785,-0.025376,-0.317688,1.002352,-51.66,-223.51,-126.56,Noise,Right
1708334483785,0.067832,-0.45628,1.121912,-38.85,-193.69,-125.09,Noise,Right
1708334483785,0.224968,-0.412848,1.28832,-30.24,-154.21,-97.58,Noise,Right
1708334483786,0.224968,-0.404552,1.3054,-22.89,-122.08,-58.52,Noise,Right
1708334483786,0.12932,-0.382592,1.252208,-18.55,-103.11,-35.49,Noise,Right
1708334483786,0.0,-0.308416,1.150216,-14.21,-94.71,-29.61,Noise,Right
1708334483786,-0.003416,-0.429928,1.092632,-6.86,-96.18,-33.25,Noise,Right
1708334483832,0.025864,-0.541192,1.165344,3.08,-100.03,-28.35,Noise,Right
1708334483832,0.133224,-0.45628,1.231712,27.72,-96.74,-20.79,Noise,Right
1708334483832,0.168848,-0.359656,1.238544,38.57,-88.06,-25.41,Noise,Right
1708334483879,0.125416,-0.31964,1.21268,40.74,-77.0,-39.97,Noise,Right
1708334483879,0.086376,-0.245952,1.181936,46.76,-65.38,-63.07,Noise,Right
1708334483880,0.038064,-0.24644,1.106296,47.88,-55.58,-82.88,Noise,Right
1708334483925,0.048312,-0.225944,1.088728,53.2,-50.96,-95.06,Noise,Right
1708334483926,0.072224,-0.23668,1.0736,53.55,-52.22,-102.76,Noise,Right
1708334483926,0.188856,-0.29768,1.131184,64.12,-53.06,-99.68,Noise,Right
1708334483973,0.265472,-0.233264,1.191696,67.41,-45.5,-90.58,Noise,Right
1708334483973,0.333792,-0.124928,1.165344,72.38,-28.7,-85.54,Noise,Right
1708334484022,0.318664,-0.065392,1.10044,64.61,-7.42,-83.65,Noise,Right
1708334484022,0.266448,-0.076128,1.011624,52.01,14.63,-76.51,Noise,Right
1708334484022,0.198616,-0.075152,0.95404,41.51,30.52,-62.51,Noise,Right
1708334484136,0.170312,-0.018056,0.926224,37.03,36.12,-46.69,Noise,Right
1708334484136,0.179096,0.001952,0.908656,33.25,31.36,-34.3,Noise,Right
1708334484136,0.172264,0.022936,0.929152,33.18,19.95,-31.36,Noise,Right
1708334484136,0.16348,0.068808,0.937448,36.47,8.19,-43.47,Noise,Right
1708334484136,0.166896,0.104432,0.94428,31.5,-0.7,-65.52,Noise,Right
1708334484137,0.193248,0.127856,1.006744,26.81,-5.67,-94.08,Noise,Right
1708334484137,0.230824,0.085888,0.992592,16.38,-6.3,-118.37,Noise,Right
1708334484237,0.218624,0.019032,1.016992,6.23,0.0,-122.22,Noise,Right
1708334484237,0.184464,-0.048312,0.99796,-3.15,10.29,-105.0,Noise,Right
1708334484237,0.14884,-0.065392,0.984296,-3.36,16.73,-76.51,Noise,Right
1708334484237,0.13176,-0.048312,0.989664,2.17,14.14,-53.83,Noise,Right
1708334484237,0.121512,-0.023912,0.981856,4.76,6.16,-43.54,Noise,Right
1708334484237,0.130296,0.001464,0.988688,12.46,-1.82,-46.2,Noise,Right
1708334484290,0.14396,0.045384,0.976976,22.68,-6.79,-59.36,Noise,Right
1708334484291,0.11224,0.003416,0.960872,27.09,-8.47,-73.36,Noise,Right
1708334484291,0.120536,-0.033672,0.992592,29.4,-7.0,-71.68,Noise,Right
1708334484422,0.142984,-0.050752,1.039928,8.68,-3.01,-44.73,Noise,Right
1708334484422,0.150792,-0.071248,1.070672,2.31,8.47,-4.9,Noise,Right
1708334484422,0.143472,-0.034648,1.055544,4.2,19.18,27.86,Noise,Right
1708334484422,0.0854,0.003904,1.00528,5.25,23.52,39.27,Noise,Right
1708334484422,0.05856,0.063928,0.957456,10.92,21.49,30.45,Noise,Right
1708334484423,0.013664,0.089792,0.917928,10.78,13.86,10.36,Noise,Right
1708334484423,0.014152,0.086376,0.904752,15.33,4.69,-6.72,Noise,Right
1708334484481,0.036112,0.054168,0.924272,19.81,-5.32,-11.55,Noise,Right
1708334484484,0.032696,0.034648,0.979904,15.96,-11.34,-2.31,Noise,Right
1708334484485,0.076128,-0.003416,0.977464,-1.96,-9.45,22.96,Noise,Right
1708334484485,0.091256,-0.024888,0.979904,-14.35,-2.03,54.53,Noise,Right
1708334484536,0.128344,-0.019032,0.964776,-27.44,0.0,73.22,Noise,Right
1708334484536,0.149816,-0.015616,0.96868,-30.52,-5.25,71.12,Noise,Right
1708334484536,0.179096,0.016104,0.958432,-18.9,-10.92,51.24,Noise,Right
1708334484536,0.184952,0.049776,0.98088,-8.33,-7.63,30.66,Noise,Right
1708334484643,0.203984,0.031232,0.984296,-4.62,11.27,27.65,Noise,Right
1708334484645,0.213744,-0.013664,0.991616,-21.21,44.8,57.33,Noise,Right
1708334484645,0.265472,-0.033672,1.087752,-63.7,88.83,114.03,Noise,Right
1708334484645,0.240584,-0.117608,1.150704,-94.64,134.61,182.84,Noise,Right
1708334484645,0.201544,-0.179096,1.152656,-100.45,165.9,235.13,Noise,Right
1708334484646,0.099552,-0.235704,1.109712,-101.92,174.51,260.4,Noise,Right
1708334484688,-0.019032,-0.206424,1.079944,-78.54,169.89,257.39,Noise,Right
1708334484689,-0.11712,-0.066368,1.011136,-53.2,158.9,231.14,Noise,Right
1708334484689,-0.14396,-0.001464,0.976976,-42.0,140.35,190.33,Noise,Right
1708334484739,-0.155184,-0.05856,1.039928,-42.56,126.07,159.53,Noise,Right
1708334484740,-0.14396,-0.133712,1.121424,-48.02,118.72,147.07,Noise,Right
1708334484850,-0.218136,-0.230336,1.160952,-43.89,120.4,147.14,Noise,Right
1708334484851,-0.29768,-0.196664,1.120936,-31.64,126.35,146.09,Noise,Right
1708334484851,-0.379664,-0.123464,1.01748,-31.64,123.41,126.56,Noise,Right
1708334484851,-0.452864,-0.025376,0.898896,-20.09,114.94,91.91,Noise,Right
1708334484851,-0.477264,0.03172,0.796416,-13.58,98.91,61.04,Noise,Right
1708334484851,-0.441152,0.016104,0.83204,-10.22,81.55,53.06,Noise,Right
1708334484851,-0.458232,-0.017568,0.880352,-25.83,70.84,76.16,Noise,Right
1708334484947,-0.508984,-0.028792,0.874496,-23.94,69.09,99.05,Noise,Right
1708334484947,-0.61732,-0.02196,0.837896,-27.65,63.42,90.02,Noise,Right
1708334484948,-0.654896,-0.007808,0.75152,-19.67,48.16,46.13,Noise,Right
1708334484948,-0.701744,-0.015616,0.695888,-12.39,27.86,-6.09,Noise,Right
1708334484948,-0.632936,-0.072712,0.7076,3.01,12.25,-39.97,Noise,Right
1708334484948,-0.589016,-0.02684,0.721752,1.75,3.5,-41.58,Noise,Right
1708334485010,-0.591456,-0.045872,0.760792,-11.97,3.78,-11.83,Noise,Right
1708334485018,-0.6466,-0.094672,0.783728,-21.14,12.46,28.91,Noise,Right
1708334485018,-0.67344,-0.133224,0.774456,-30.52,13.02,45.15,Noise,Right
1708334485045,-0.671976,-0.207888,0.77104,-28.21,4.06,37.73,Noise,Right
1708334485047,-0.621224,-0.184952,0.801296,-19.25,-8.89,43.96,Noise,Right
1708334485047,-0.589504,-0.189344,0.837408,-15.96,-5.39,47.18,Noise,Right
1708334485092,-0.5856,-0.047336,0.811056,-11.2,5.6,49.77,Noise,Right
1708334485093,-0.601216,0.049288,0.766648,-22.47,3.01,43.89,Noise,Right
1708334485140,-0.650992,0.014152,0.789096,-7.07,-4.41,28.49,Noise,Right
1708334485140,-0.679296,-0.008296,0.81008,-4.9,-1.75,2.31,Noise,Right
1708334485140,-0.614392,-0.069784,0.826184,-7.14,9.24,-26.11,Noise,Right
1708334485186,-0.577792,-0.089792,0.822768,-8.68,10.85,-66.22,Noise,Right
1708334485186,-0.565592,-0.155672,0.798368,7.63,4.69,-98.07,Noise,Right
1708334485186,-0.476288,-0.244488,0.813008,-32.69,7.7,-75.04,Noise,Right
1708334485232,-0.715408,-0.352824,0.679784,-15.68,33.74,-19.74,Noise,Right
1708334485232,-0.816912,-0.243512,0.815936,18.69,-14.7,23.03,Noise,Right
1708334485232,-0.421632,-0.223992,0.721752,-56.35,-5.32,26.39,Noise,Right
1708334485281,-0.60268,-0.104432,0.862296,-13.51,-3.36,31.15,Noise,Right
1708334485281,-0.772504,-0.09272,0.730536,4.55,13.02,23.59,Noise,Right
1708334485328,-0.916952,-0.127368,0.699792,6.79,22.82,22.89,Noise,Right
1708334485329,-0.995032,-0.162992,0.678808,19.88,4.27,16.45,Noise,Right
1708334485329,-0.642208,-0.157136,0.899872,33.6,-28.7,26.74,Noise,Right
1708334485467,-0.447984,-0.154696,1.111176,-2.52,0.49,43.96,Noise,Right
1708334485468,-1.114104,0.689544,0.457256,5.18,-77.28,137.97,Noise,Right
1708334485468,-0.03416,0.86132,0.520696,16.94,-139.72,-24.78,Noise,Right
1708334485468,0.612928,0.915,0.75152,35.84,-177.66,-111.79,Noise,Right
1708334485521,0.7686,0.7564,0.872544,25.48,-131.81,-169.33,Noise,Right
1708334485521,0.793976,0.452864,1.018944,1.05,-50.05,-198.94,Noise,Right
1708334485521,0.19764,-0.399184,0.83204,-32.48,27.3,-158.27,Noise,Right
1708334485644,-0.374296,-0.923296,0.821304,-35.42,65.45,-58.24,Noise,Right
1708334485644,-0.621712,-0.98576,0.849608,-19.95,72.8,60.62,Noise,Right
1708334485644,-0.689056,-0.7076,0.812032,-7.63,64.12,115.01,Noise,Right
1708334485644,-0.693936,-0.3294,0.776408,-9.45,52.01,117.25,Noise,Right
1708334485645,-0.65148,-0.006344,0.749568,-5.32,47.46,72.17,Noise,Right
1708334485646,-0.582672,0.116144,0.715408,4.34,38.71,8.61,Noise,Right
1708334485646,-0.515816,0.149816,0.733464,15.4,22.75,-43.89,Noise,Right
1708334485768,-0.520696,0.143472,0.739808,22.82,8.82,-72.52,Noise,Right
1708334485768,-0.540704,0.047336,0.770552,22.68,-2.66,-77.49,Noise,Right
1708334485768,-0.58316,-0.025864,0.825696,9.03,-4.9,-54.88,Noise,Right
1708334485769,-0.59536,-0.057096,0.865224,-4.13,1.05,-16.45,Noise,Right
1708334485769,-0.604144,-0.049776,0.92476,-18.48,7.07,20.09,Noise,Right
1708334485769,-0.589016,-0.027816,0.94428,-25.34,3.92,38.5,Noise,Right
1708334485769,-0.545584,0.015128,0.958432,-15.12,-5.46,32.34,Noise,Right
1708334485769,-0.527528,0.027816,0.928664,-6.86,-15.12,8.54,Noise,Right
1708334485869,-0.490928,0.022448,0.925248,4.13,-19.25,-24.71,Noise,Right
1708334485870,-0.48068,-0.039528,0.940864,9.24,-14.77,-51.17,Noise,Right
1708334485870,-0.481656,-0.042456,0.943792,14.42,-6.02,-58.31,Noise,Right
1708334485870,-0.520208,-0.019032,0.984296,14.28,5.74,-50.26,Noise,Right
1708334485870,-0.499224,-0.031232,1.020408,2.73,19.25,-23.03,Noise,Right
1708334485870,-0.49288,-0.035624,1.030168,-4.69,29.05,16.8,Noise,Right
1708334485928,-0.529968,-0.058072,1.01504,-6.02,33.46,47.67,Noise,Right
1708334485928,-0.591456,-0.02196,0.981856,7.63,37.38,53.48,Noise,Right
1708334485928,-0.61732,0.028304,0.9394,20.44,40.18,33.74,Noise,Right
1708334485979,-0.645136,0.02684,0.89792,23.03,41.09,1.82,Noise,Right
1708334485980,-0.650992,-0.068808,0.886208,24.15,49.28,-17.43,Noise,Right
1708334485980,-0.61976,-0.084912,0.90036,31.64,60.13,-12.32,Noise,Right
1708334486028,-0.623176,-0.076128,0.850584,36.68,69.37,11.76,Noise,Right
1708334486028,-0.637816,-0.017568,0.792512,44.24,72.59,39.27,Noise,Right
1708334486029,-0.641232,0.04392,0.772992,52.85,70.84,47.88,Noise,Right
1708334486078,-0.630008,0.141032,0.740296,52.92,73.29,33.95,Noise,Right
1708334486079,-0.710528,0.201544,0.653432,44.73,78.47,-0.35,Noise,Right
1708334486079,-0.779824,0.143472,0.55876,29.12,75.67,-29.96,Noise,Right
1708334486139,-0.825208,0.03904,0.51484,19.6,62.79,-37.59,Noise,Right
1708334486139,-0.812032,0.008784,0.52704,15.47,46.2,-17.71,Noise,Right
1708334486139,-0.731512,0.012688,0.584624,18.9,38.36,33.04,Noise,Right
1708334486139,-0.68564,0.060024,0.643672,25.9,45.57,40.25,Noise,Right
1708334486270,-0.684176,0.06588,0.67344,30.17,64.75,32.13,Noise,Right
1708334486270,-0.77104,0.098576,0.624152,31.71,87.99,-1.4,Noise,Right
1708334486270,-0.938912,0.088816,0.4514,24.92,96.25,-42.7,Noise,Right
1708334486271,-1.018944,0.074176,0.345504,21.56,69.44,-66.15,Noise,Right
1708334486271,-0.90524,0.0732,0.420168,23.66,21.0,-60.55,Noise,Right
1708334486271,-0.76616,0.055632,0.553392,23.38,-13.58,-31.64,Noise,Right
1708334486272,-0.651968,0.045872,0.660264,26.88,-7.42,7.28,Noise,Right
1708334486320,-0.63684,0.042456,0.69052,24.64,39.13,31.01,Noise,Right
1708334486323,-0.745176,0.032696,0.586088,15.61,84.21,29.12,Noise,Right
1708334486323,-1.253672,-0.022448,0.465064,6.02,98.77,10.01,Noise,Right
1708334486366,-0.885232,0.080032,0.227408,44.38,38.29,46.62,Noise,Right
1708334486366,-1.028704,0.259128,0.435784,10.5,0.56,16.03,Noise,Right
1708334486367,-0.944768,0.142008,0.35136,30.59,-6.16,-20.09,Noise,Right
1708334486416,-0.827648,0.17324,0.553392,31.85,-9.45,-33.81,Noise,Right
1708334486417,-0.617808,0.123952,0.601704,12.81,22.89,-11.55,Noise,Right
1708334486417,-0.485072,0.116632,0.708088,16.31,89.81,34.3,Noise,Right
1708334486460,-0.8418,0.00732,0.576328,-24.36,176.33,55.16,Noise,Right
1708334486461,-0.974536,0.172264,0.20008,0.28,157.64,77.07,Noise,Right
1708334486461,-1.293688,0.101992,-0.050264,50.96,38.01,-1.12,Noise,Right
1708334486506,-0.882304,0.40504,0.336232,53.06,15.33,-29.4,Noise,Right
1708334486506,-0.872056,0.27084,0.201544,43.05,20.86,-45.5,Noise,Right
1708334486553,-0.736392,0.198128,0.320128,19.67,13.51,-38.15,Noise,Right
1708334486553,-0.706136,0.192272,0.39528,12.88,35.35,-23.38,Noise,Right
1708334486554,-0.027816,0.216672,0.38308,14.63,43.54,-44.52,Noise,Right
1708334486601,-2.172576,-0.60512,-0.210816,-13.3,95.34,-139.44,Noise,Right
1708334486602,-1.133136,0.178608,0.360144,57.96,24.08,-9.87,Noise,Right
1708334486604,-1.045296,-0.15128,0.118096,-9.03,29.61,-5.11,Noise,Right
1708334486646,-0.950624,0.09272,0.160552,6.44,24.92,1.96,Noise,Right
1708334486647,-0.962824,0.044408,0.12932,-5.39,21.98,1.96,Noise,Right
1708334486647,-0.933056,0.09272,0.099552,5.32,16.87,1.75,Noise,Right
1708334486696,-0.825696,0.096136,0.054656,0.7,10.36,0.91,Noise,Right
1708334486698,-0.64416,0.220576,0.020984,9.59,0.98,-3.08,Noise,Right
1708334486740,-0.711504,0.213256,0.130784,3.08,-8.33,-9.52,Noise,Right
1708334486741,-1.077992,0.070272,0.060512,15.19,-14.14,-18.83,Noise,Right
1708334486741,-0.994544,0.023424,0.138104,14.49,-23.73,-18.48,Noise,Right
1708334486789,-0.76372,-0.087352,0.192272,-5.25,-22.05,-16.94,Noise,Right
1708334486789,-0.360632,-0.728584,-0.47824,26.88,-37.38,-12.88,Noise,Right
1708334486789,-0.89548,-0.094184,0.322568,-30.45,-16.17,-2.03,Noise,Right
1708334486836,-0.904752,0.000488,0.264984,6.23,-18.06,3.08,Noise,Right
1708334486837,-0.948184,-0.027816,0.19276,14.84,-17.64,7.84,Noise,Right
1708334486837,-1.0004,0.079544,0.003416,5.18,-21.7,9.03,Noise,Right
1708334486967,-0.972096,0.091256,0.0854,-5.11,-31.43,8.82,Noise,Right
1708334486967,-0.960872,0.1464,0.030256,-16.03,-43.82,6.72,Noise,Right
1708334486967,-0.945744,0.146888,-0.023912,-37.45,-59.78,2.87,Noise,Right
1708334486968,-1.004792,0.187392,0.02684,-57.19,-77.28,-0.77,Noise,Right
1708334486968,-1.060424,-0.0488,-0.17568,-60.34,-94.92,-3.29,Noise,Right
1708334486968,-1.09556,-0.083936,-0.088816,-49.63,-118.02,6.09,Noise,Right
1708334486968,-0.942328,-0.02928,0.083448,-38.99,-137.69,7.7,Noise,Right
1708334487028,-0.976,0.047336,0.237168,-28.49,-162.47,6.58,Noise,Right
1708334487028,-0.950624,-0.010736,0.223992,-13.51,-215.67,-3.57,Noise,Right
1708334487028,-0.83448,0.056608,0.393816,-10.43,-261.24,-18.69,Noise,Right
1708334487028,-0.720288,0.059536,0.501176,-24.71,-274.26,-33.53,Noise,Right
1708334487101,-0.623176,0.028792,0.581208,-45.08,-262.5,-42.21,Noise,Right
1708334487101,-0.535824,0.008296,0.635376,-64.68,-239.4,-47.53,Noise,Right
1708334487101,-0.460184,-0.003416,0.682224,-77.14,-219.24,-57.4,Noise,Right
1708334487102,-0.379664,-0.025376,0.743712,-76.93,-208.81,-70.98,Noise,Right
1708334487200,-0.298656,-0.02684,0.82228,-75.11,-206.99,-82.74,Noise,Right
1708334487200,-0.282552,-0.018544,0.881328,-60.83,-208.6,-95.55,Noise,Right
1708334487200,-0.272792,-0.045384,0.87596,-51.8,-216.09,-109.9,Noise,Right
1708334487200,-0.251808,-0.089792,0.847656,-45.22,-235.2,-126.14,Noise,Right
1708334487201,-0.16592,-0.153232,0.859856,-39.41,-256.41,-141.33,Noise,Right
1708334487201,-0.016592,-0.291336,0.980392,-34.44,-271.74,-155.54,Noise,Right
1708334487252,0.159088,-0.44652,1.186328,-29.4,-262.29,-150.64,Noise,Right
1708334487253,0.354776,-0.454328,1.32736,-18.06,-221.9,-121.17,Noise,Right
1708334487253,0.465552,-0.36356,1.367376,-10.99,-163.73,-80.85,Noise,Right
1708334487301,0.428952,-0.252784,1.30296,-9.17,-106.68,-51.31,Noise,Right
1708334487301,0.34892,-0.242536,1.1956,-14.28,-67.69,-43.4,Noise,Right
1708334487301,0.303536,-0.318176,1.128744,-18.13,-49.35,-51.1,Noise,Right
1708334487356,0.269864,-0.42456,1.17608,-18.62,-39.34,-56.21,Noise,Right
1708334487356,0.28304,-0.430416,1.255624,3.78,-27.72,-54.88,Noise,Right
1708334487357,0.28548,-0.393816,1.277584,18.13,-14.84,-46.62,Noise,Right
1708334487407,0.235704,-0.374296,1.281488,27.23,1.4,-35.91,Noise,Right
1708334487407,0.188856,-0.346968,1.221464,39.62,18.27,-28.0,Noise,Right
1708334487408,0.148352,-0.289872,1.151192,46.76,28.63,-25.06,Noise,Right
1708334487462,0.134688,-0.193736,1.086776,48.37,27.37,-31.08,Noise,Right
1708334487462,0.120048,-0.172264,1.03212,39.34,14.28,-35.14,Noise,Right
1708334487462,0.13176,-0.136152,1.036024,38.99,0.98,-38.92,Noise,Right
1708334487588,0.162504,-0.101992,1.072624,46.48,-10.78,-45.29,Noise,Right
1708334487588,0.170312,-0.104432,1.07848,49.77,-15.68,-51.59,Noise,Right
1708334487588,0.149328,-0.10492,1.062864,52.29,-11.62,-56.42,Noise,Right
1708334487588,0.1342,-0.11956,1.036512,49.7,-2.87,-57.89,Noise,Right
1708334487589,0.137616,-0.097112,1.014064,43.33,4.34,-56.14,Noise,Right
1708334487589,0.133712,-0.098576,0.995032,18.27,6.09,-52.22,Noise,Right
1708334487589,0.158112,-0.076128,1.016504,36.54,4.9,-50.61,Noise,Right
1708334487650,0.194224,-0.047336,1.016504,39.41,2.03,-54.39,Noise,Right
1708334487650,0.208864,-0.021472,1.030656,41.72,2.17,-62.65,Noise,Right
1708334487653,0.203496,-0.039528,1.037976,34.58,5.81,-73.71,Noise,Right
1708334487654,0.174216,-0.053192,1.043832,28.91,12.04,-83.16,Noise,Right
1708334487712,0.15372,-0.086864,1.037,28.42,18.9,-89.32,Noise,Right
1708334487712,0.12932,-0.101992,1.023824,25.83,23.87,-85.19,Noise,Right
1708334487713,0.11468,-0.077592,1.010648,27.02,25.97,-75.11,Noise,Right
1708334487713,0.088816,-0.042456,1.016992,26.6,25.97,-62.3,Noise,Right
1708334487764,0.0854,-0.020984,0.9882,29.33,24.78,-51.1,Noise,Right
1708334487765,0.071248,-0.01464,0.987712,32.13,22.4,-44.03,Noise,Right
1708334487765,0.06344,-0.001952,0.976488,34.44,21.91,-43.33,Noise,Right
1708334487816,0.049288,0.000976,0.980392,32.06,23.8,-45.99,Noise,Right
1708334487816,0.0366,-0.019032,0.989176,24.64,28.35,-44.73,Noise,Right
1708334487816,0.022448,-0.010736,0.967704,22.19,31.29,-38.29,Noise,Right
1708334487923,-0.040016,0.00976,0.969656,7.77,29.26,-30.1,Noise,Right
1708334487923,-0.033672,0.020496,0.961848,18.69,26.25,-23.94,Noise,Right
1708334487923,-0.011712,0.057584,0.950136,17.5,17.92,-20.86,Noise,Right
1708334487923,-0.006344,0.05368,0.965752,14.0,5.04,-28.77,Noise,Right
1708334487923,0.005856,0.050752,0.990152,19.81,0.56,-39.48,Noise,Right
1708334487924,0.017568,0.042944,0.999912,20.72,0.21,-47.95,Noise,Right
1708334488053,-0.01952,-0.00976,0.99796,17.43,6.3,-46.41,Noise,Right
1708334488053,-0.066368,-0.04148,0.969656,13.37,18.83,-30.38,Noise,Right
1708334488055,-0.123952,-0.035624,0.931104,-14.84,28.91,-1.75,Noise,Right
1708334488055,-0.12444,-0.054656,0.920856,-9.8,38.29,30.87,Noise,Right
1708334488055,-0.104432,0.025376,0.931592,-9.94,40.74,63.07,Noise,Right
1708334488055,-0.093696,0.05368,0.913536,-17.01,32.41,81.13,Noise,Right
1708334488055,-0.098576,0.087352,0.901336,-21.28,17.29,80.29,Noise,Right
1708334488103,-0.08784,0.088816,0.89548,-17.36,-0.56,59.15,Noise,Right
1708334488103,-0.081496,0.090768,0.893528,-8.26,-16.45,24.71,Noise,Right
1708334488103,-0.08052,0.049288,0.902312,-2.24,-25.34,-7.35,Noise,Right
1708334488156,-0.052216,0.03172,0.923296,4.48,-21.84,-22.68,Noise,Right
1708334488157,-0.023424,0.032696,0.945744,-17.43,-3.36,-9.31,Noise,Right
1708334488157,-0.003416,0.000976,0.951112,-52.78,33.6,37.59,Noise,Right
1708334488157,-0.05124,0.022448,0.87352,-94.78,80.78,124.46,Noise,Right
1708334488225,-0.061976,0.030256,0.820816,-91.63,117.25,171.22,Noise,Right
1708334488225,-0.07564,-0.012688,0.845216,-120.75,123.97,198.24,Noise,Right
1708334488225,-0.069784,-0.07808,0.914024,-125.02,105.91,191.03,Noise,Right
1708334488225,0.037576,-0.203008,1.07848,-101.92,78.05,164.22,Noise,Right
1708334488272,0.025864,-0.371368,1.309304,-62.86,64.12,142.66,Noise,Right
1708334488273,0.015128,-0.33428,1.35664,-35.84,81.69,139.23,Noise,Right
1708334488273,-0.060024,-0.211304,1.269776,-29.82,117.25,135.24,Noise,Right
1708334488320,-0.2074,-0.152256,1.16632,-41.93,147.28,124.53,Noise,Right
1708334488320,-0.300608,-0.147376,1.072624,-42.07,160.44,110.88,Noise,Right
1708334488320,-0.366488,-0.22204,1.001864,-42.42,153.86,108.99,Noise,Right
1708334488368,-0.408456,-0.26108,0.9882,-42.07,146.23,134.61,Noise,Right
1708334488369,-0.358192,-0.228872,1.017968,-36.68,144.27,176.89,Noise,Right
1708334488415,-0.41724,-0.176656,1.035048,-40.88,145.6,213.08,Noise,Right
1708334488415,-0.495808,-0.10736,0.991616,-30.66,144.9,218.33,Noise,Right
1708334488416,-0.56852,0.003904,0.928664,-15.61,136.08,187.18,Noise,Right
1708334488460,-0.657336,0.083448,0.84668,3.85,122.92,133.91,Noise,Right
1708334488460,-0.662216,0.067344,0.764208,24.36,110.67,84.14,Noise,Right
1708334488460,-0.645136,0.008784,0.818376,16.17,105.7,70.07,Noise,Right
1708334488505,-0.6588,0.028304,0.82228,5.95,115.57,100.8,Noise,Right
1708334488506,-0.707112,0.181536,0.787632,-13.3,130.62,152.88,Noise,Right
1708334488506,-0.742736,0.246928,0.679296,-0.07,134.96,181.44,Noise,Right
1708334488552,-0.786656,0.31964,0.576816,-11.48,122.71,176.12,Noise,Right
1708334488552,-0.807152,0.419192,0.516304,-4.48,101.57,137.62,Noise,Right
1708334488552,-0.772992,0.415776,0.508496,8.12,78.61,80.99,Noise,Right
1708334488599,-0.76616,0.436272,0.50996,21.49,61.67,28.56,Noise,Right
1708334488599,-0.76372,0.411384,0.520696,19.81,53.41,1.05,Noise,Right
1708334488646,-0.798368,0.431392,0.530456,3.22,52.36,6.09,Noise,Right
1708334488646,-0.774456,0.466528,0.460672,-11.69,54.74,22.75,Noise,Right
1708334488646,-0.762744,0.445544,0.479704,-19.6,52.15,21.21,Noise,Right
1708334488691,-0.740784,0.48556,0.415776,-15.4,46.76,-2.24,Noise,Right
1708334488704,-0.808128,0.398208,0.35868,-14.49,39.69,-37.31,Noise,Right
1708334488705,-0.923784,0.244976,0.29036,-13.65,29.96,-58.17,Noise,Right
1708334488737,-0.99796,0.183,0.305976,-16.66,19.88,-50.61,Noise,Right
1708334488738,-0.97112,0.191296,0.397232,-27.51,10.78,-3.29,Noise,Right
1708334488785,-0.945744,0.215208,0.445056,-34.79,1.33,9.31,Noise,Right
1708334488785,-0.895968,0.226432,0.457256,-36.68,-12.04,10.29,Noise,Right
1708334488785,-0.874496,0.284016,0.481656,-29.19,-22.12,-14.91,Noise,Right
1708334488832,-0.861808,0.240584,0.430904,-19.95,-25.55,-53.62,Noise,Right
1708334488833,-0.918416,0.097112,0.368928,-11.97,-26.04,-71.96,Noise,Right
1708334488833,-0.910608,0.050264,0.407968,-10.85,-22.47,-52.85,Noise,Right
1708334488878,-0.853024,0.068808,0.4758,-19.81,-15.05,-8.4,Noise,Right
1708334488879,-0.83936,0.08052,0.513376,-25.41,-10.57,29.96,Noise,Right
1708334488924,-0.85644,0.160064,0.480192,-23.1,-10.99,35.56,Noise,Right
1708334488924,-0.872056,0.235704,0.434808,-16.87,-13.58,8.68,Noise,Right
1708334488924,-0.846192,0.228872,0.437736,-2.1,-17.36,-27.58,Noise,Right
1708334488978,-0.853512,0.219112,0.442128,5.46,-20.44,-45.08,Noise,Right
1708334488978,-0.8662,0.121024,0.40016,10.57,-28.07,-31.36,Noise,Right
1708334488978,-0.506056,0.30256,0.691496,-4.13,-57.75,23.03,Noise,Right
1708334489043,-0.746152,0.208864,0.613416,-23.38,-6.79,16.94,Noise,Right
1708334489044,-0.72956,0.194224,0.53436,-13.23,-3.57,7.77,Noise,Right
1708334489044,-0.818376,0.138592,0.467992,-12.46,6.65,-3.5,Noise,Right
1708334489044,-1.019432,0.058072,0.377712,-11.55,1.47,-5.46,Noise,Right
1708334489096,-1.14924,-0.000976,0.374296,-5.74,-16.87,8.82,Noise,Right
1708334489096,-1.084336,0.076616,0.477752,-6.86,-34.16,20.58,Noise,Right
1708334489096,-1.857816,0.071736,0.528992,-4.9,-42.7,21.14,Noise,Right
1708334489143,-1.231224,0.030744,0.507032,-3.5,-43.12,-5.11,Noise,Right
1708334489145,-0.940376,0.003416,0.562176,-8.54,-35.98,72.87,Noise,Right
1708334489145,-1.1224,0.205936,0.343064,-16.24,-97.44,153.37,Noise,Right
1708334489201,-0.994056,0.526064,0.476288,5.11,-158.76,114.8,Noise,Right
1708334489201,-0.432856,0.720776,0.554856,14.77,-151.34,2.52,Noise,Right
1708334489201,-0.18056,0.703696,0.54656,23.59,-147.91,-94.5,Noise,Right
1708334489253,-0.160064,0.484584,0.534848,28.28,-153.44,-128.66,Noise,Right
1708334489253,-0.094184,0.181536,0.422608,36.26,-109.34,-72.38,Noise,Right
1708334489254,-0.840336,-0.07564,0.499712,27.65,-140.07,-80.85,Noise,Right
1708334489299,-0.53436,0.029768,0.89548,5.6,-115.85,-31.57,Noise,Right
1708334489299,-0.606584,-0.108336,0.739808,16.8,-103.18,-31.71,Noise,Right
1708334489299,-0.439688,-0.037576,0.884256,15.68,-65.38,3.5,Noise,Right
1708334489427,-0.42212,0.001952,0.8052,-14.0,-6.44,27.3,Noise,Right
1708334489428,-0.46848,0.164456,0.726144,-12.88,-17.78,6.51,Noise,Right
1708334489428,-0.436272,0.270352,0.655384,-9.38,-22.89,-40.74,Noise,Right
1708334489428,-0.415288,0.340136,0.668072,-3.08,-45.5,-94.29,Noise,Right
1708334489428,-0.367952,0.304512,0.691008,-5.25,-62.3,-139.16,Noise,Right
1708334489428,-0.307928,0.142984,0.783728,-7.21,-73.64,-164.85,Noise,Right
1708334489428,-0.251808,-0.019032,0.870592,-15.68,-72.45,-158.69,Noise,Right
1708334489487,-0.227896,-0.138104,0.950624,-23.38,-60.13,-126.56,Noise,Right
1708334489487,-0.208864,-0.176656,1.019432,-25.41,-43.47,-85.19,Noise,Right
1708334489487,-0.232288,-0.016592,1.066768,-22.47,-28.21,-47.39,Noise,Right
1708334489488,-0.284992,-0.0122,1.075552,-23.8,-13.09,-26.11,Noise,Right
1708334489563,-0.364536,0.035136,1.041392,-29.68,-0.49,-21.77,Noise,Right
1708334489563,-0.435296,0.044408,1.04188,-34.09,6.16,-30.73,Noise,Right
1708334489563,-0.45872,-0.018544,1.021384,-34.65,5.32,-45.08,Noise,Right
1708334489564,-0.484096,-0.091256,1.040416,-25.69,2.45,-51.1,Noise,Right
1708334489623,-0.48556,-0.135664,1.060912,-20.72,0.63,-44.52,Noise,Right
1708334489624,-0.467016,-0.135664,1.081408,-16.38,1.26,-27.3,Noise,Right
1708334489624,-0.460672,-0.10004,1.096048,-15.47,6.02,-6.16,Noise,Right
1708334489625,-0.495808,-0.071736,1.104832,-13.72,15.96,9.94,Noise,Right
1708334489669,-0.525088,-0.061488,1.075064,-9.1,26.74,17.43,Noise,Right
1708334489669,-0.537288,-0.050264,1.034072,-5.46,32.69,17.92,Noise,Right
1708334489669,-0.548512,-0.059536,0.998936,-1.68,31.15,16.03,Noise,Right
1708334489717,-0.537288,-0.047824,0.984296,5.6,26.81,15.89,Noise,Right
1708334489717,-0.518744,-0.037576,0.996984,12.11,23.24,13.93,Noise,Right
1708334489718,-0.49776,-0.029768,1.022848,19.46,24.78,10.78,Noise,Right
1708334489770,-0.496784,-0.008296,1.042368,26.18,33.18,6.72,Noise,Right
1708334489773,-0.465552,0.03904,1.023336,17.78,42.84,3.29,Noise,Right
1708334489773,-0.461648,0.020984,1.0126,15.82,51.94,0.63,Noise,Right
1708334489867,-0.473848,-0.005856,0.972096,16.59,61.25,-4.34,Noise,Right
1708334489869,-0.54168,-0.05368,0.901824,21.84,65.17,-12.32,Noise,Right
1708334489869,-0.588528,-0.11224,0.871568,30.66,61.67,-21.0,Noise,Right
1708334489869,-0.604144,-0.151768,0.903288,40.32,59.99,-24.36,Noise,Right
1708334489869,-0.575352,-0.1342,0.926224,46.2,69.79,-19.32,Noise,Right
1708334489870,-0.551928,-0.026352,0.95404,52.01,89.6,-14.7,Noise,Right
1708334489920,-0.523624,0.092232,0.913048,41.93,116.27,-13.79,Noise,Right
1708334489920,-0.6222,0.103944,0.735416,10.85,159.39,-6.16,Noise,Right
1708334489920,-0.716872,0.028304,0.558272,-10.22,151.62,7.28,Noise,Right
1708334489965,-0.833016,-0.028304,0.45384,-7.98,136.78,13.65,Noise,Right
1708334489965,-0.85644,-0.000976,0.408456,7.56,106.4,0.14,Noise,Right
1708334490011,-0.859368,-0.010248,0.429928,14.7,80.78,-15.89,Noise,Right
1708334490011,-0.82716,0.000976,0.476288,19.18,70.07,-24.64,Noise,Right
1708334490011,-0.79788,-0.00244,0.479216,19.95,70.63,-31.22,Noise,Right
1708334490056,-0.760792,-0.033672,0.485072,21.84,73.99,-32.76,Noise,Right
1708334490056,-0.76616,-0.055632,0.455792,15.61,81.62,-26.39,Noise,Right
1708334490057,-0.82472,-0.10248,0.357216,-1.26,86.31,-10.92,Noise,Right
1708334490102,-0.95648,-0.15616,0.255712,-1.54,79.1,10.36,Noise,Right
1708334490102,-0.982832,-0.115168,0.209352,2.59,49.84,22.33,Noise,Right
1708334490150,-0.891576,-0.09028,0.298656,8.05,15.96,18.48,Noise,Right
1708334490150,-0.844728,-0.068808,0.381616,11.62,13.51,6.86,Noise,Right
1708334490152,-0.805688,-0.014152,0.390888,8.33,38.71,0.14,Noise,Right
1708334490196,-0.82716,-0.045872,0.343064,-4.2,64.96,-0.56,Noise,Right
1708334490197,-0.90768,-0.0732,0.250832,-8.19,67.27,5.95,Noise,Right
1708334490197,-0.951112,-0.093208,0.21472,-8.54,45.64,16.8,Noise,Right
1708334490243,-0.9028,-0.065392,0.25132,0.35,22.61,21.21,Noise,Right
1708334490243,-0.857416,-0.01708,0.303536,6.23,18.97,11.13,Noise,Right
1708334490244,-0.79544,-0.02928,0.340624,5.46,34.79,-5.04,Noise,Right
1708334490293,-0.752984,0.008784,0.342576,5.46,64.96,-23.24,Noise,Right
1708334490299,-1.222928,-0.079056,0.252784,-14.07,79.31,-37.87,Noise,Right
1708334490336,-1.1956,-0.457744,-0.27572,54.32,37.17,-17.78,Noise,Right
1708334490336,-0.972584,-0.006344,0.442128,-22.19,6.16,-4.41,Noise,Right
1708334490336,-0.995032,-0.047824,0.347456,-4.13,17.01,-5.25,Noise,Right
1708334490385,-0.896456,-0.018544,0.302072,8.4,20.09,-7.7,Noise,Right
1708334490385,-0.92476,-0.040016,0.320616,16.73,23.31,-9.24,Noise,Right
1708334490385,-0.966728,-0.070272,0.224968,27.02,24.43,-9.1,Noise,Right
1708334490481,-0.947208,-0.0854,0.240584,7.35,19.39,-5.32,Noise,Right
1708334490481,-0.935496,-0.043432,0.249368,2.73,17.15,-2.94,Noise,Right
1708334490481,-0.983808,-0.013176,0.256688,-5.53,15.89,-3.85,Noise,Right
1708334490482,-0.801296,-0.030744,0.28304,-7.63,18.55,-4.62,Noise,Right
1708334490482,-0.97844,0.069784,0.272304,5.74,19.04,-6.65,Noise,Right
1708334490482,-0.74908,0.006344,0.172264,31.92,25.9,-11.27,Noise,Right
1708334490579,-1.201456,-0.10248,-0.06832,41.72,24.08,-17.01,Noise,Right
1708334490580,-1.265872,-0.045384,-0.025864,17.78,9.8,-15.68,Noise,Right
1708334490581,-0.898896,0.019032,0.133712,1.82,0.77,-17.43,Noise,Right
1708334490581,-0.935496,-0.045872,0.152744,2.38,-5.81,-20.65,Noise,Right
1708334490581,-0.625128,0.003416,0.313784,1.05,-6.44,-22.47,Noise,Right
1708334490639,-0.786168,-0.094672,0.308904,0.0,-1.89,-27.65,Noise,Right
1708334490639,-1.074576,-0.035624,0.235216,9.94,-2.87,-25.69,Noise,Right
1708334490639,-1.1712,-0.104432,0.1952,10.71,-2.73,-24.22,Noise,Right
1708334490692,-1.027728,-0.096136,0.157624,11.27,-3.64,-23.31,Noise,Right
1708334490693,-1.020408,-0.139568,0.122488,7.84,-10.64,-22.05,Noise,Right
1708334490693,-0.945744,-0.21716,0.127856,3.22,-16.03,-19.25,Noise,Right
1708334490693,-0.962824,-0.249856,0.079056,7.0,-24.22,-12.95,Noise,Right
1708334490750,-0.945256,-0.274744,0.034648,14.28,-31.08,-6.23,Noise,Right
1708334490750,-0.964776,-0.237656,-0.002928,20.72,-41.37,1.61,Noise,Right
1708334490750,-0.960384,-0.179096,-0.00244,17.01,-54.04,7.56,Noise,Right
1708334490798,-0.967216,-0.091256,0.019032,16.52,-69.65,10.57,Noise,Right
1708334490799,-0.97844,0.011712,-0.03904,28.7,-85.12,6.44,Noise,Right
1708334490799,-1.063352,0.032208,-0.032696,2.45,-104.72,1.26,Noise,Right
1708334490889,-1.004304,-0.072712,0.042456,-19.46,-123.83,0.56,Noise,Right
1708334490890,-0.945256,-0.319152,0.037088,-62.51,-145.32,10.01,Noise,Right
1708334490890,-1.118008,-0.379664,0.330864,-6.3,-152.04,37.1,Noise,Right
1708334490890,-1.077016,-0.355752,0.277672,6.16,-170.38,61.25,Noise,Right
1708334490890,-0.991616,-0.264496,0.31476,12.39,-198.1,43.96,Noise,Right
1708334490890,-0.813496,-0.17812,0.306464,19.74,-219.73,10.57,Noise,Right
1708334490933,-0.663192,-0.070272,0.343552,15.19,-233.73,-20.02,Noise,Right
1708334490933,-0.538264,0.108824,0.462624,-22.12,-243.95,-40.88,Noise,Right
1708334490979,-0.410896,0.045384,0.579744,-50.54,-245.07,-50.4,Noise,Right
1708334490980,-0.343064,-0.018056,0.689544,-73.99,-240.45,-41.02,Noise,Right
1708334490980,-0.236192,-0.055144,0.749568,-58.17,-232.19,-37.03,Noise,Right
1708334491027,-0.230824,-0.069784,0.83448,-65.87,-227.29,-48.72,Noise,Right
1708334491028,-0.26352,-0.071248,0.905728,-61.88,-220.01,-76.79,Noise,Right
1708334491028,-0.220088,-0.047824,0.967216,-47.88,-208.46,-109.06,Noise,Right
1708334491074,-0.171288,-0.037576,0.979904,-36.47,-199.08,-133.84,Noise,Right
1708334491074,-0.13908,-0.12444,0.981856,-27.09,-195.72,-146.09,Noise,Right
1708334491074,-0.105896,-0.210816,0.953064,-27.44,-197.96,-137.48,Noise,Right
1708334491123,0.035136,-0.335744,1.063352,-32.06,-202.79,-114.94,Noise,Right
1708334491123,0.194224,-0.503616,1.2444,-45.08,-192.64,-71.47,Noise,Right
1708334491193,0.320128,-0.48068,1.343952,-25.41,-157.15,-19.67,Noise,Right
1708334491193,0.38552,-0.349896,1.342488,-14.7,-114.87,18.76,Noise,Right
1708334491194,0.347944,-0.359168,1.262456,-21.42,-82.18,29.89,Noise,Right
1708334491194,0.264496,-0.253272,1.204384,-21.91,-64.4,20.58,Noise,Right
1708334491194,0.183488,-0.323056,1.132648,-9.87,-57.19,-6.86,Noise,Right
1708334491242,0.1342,-0.302072,1.072136,5.53,-56.14,-42.7,Noise,Right
1708334491242,0.147864,-0.292312,1.070672,21.49,-56.35,-74.48,Noise,Right
1708334491294,0.168848,-0.335256,1.072624,30.59,-54.32,-90.58,Noise,Right
1708334491295,0.201544,-0.385032,1.109712,32.06,-47.53,-80.22,Noise,Right
1708334491295,0.215208,-0.367952,1.095072,26.81,-36.05,-50.47,Noise,Right
1708334491400,0.225456,-0.288896,1.108736,26.04,-24.5,-21.91,Noise,Right
1708334491401,0.261568,-0.232776,1.095072,23.59,-18.69,-6.79,Noise,Right
1708334491401,0.265472,-0.2074,1.0492,20.44,-17.78,-10.57,Noise,Right
1708334491401,0.257176,-0.192272,1.031144,18.27,-18.27,-33.39,Noise,Right
1708334491402,0.238632,-0.216184,1.028216,23.94,-15.61,-65.17,Noise,Right
1708334491402,0.265472,-0.196176,1.0248,31.64,-11.55,-91.14,Noise,Right
1708334491402,0.294752,-0.17568,1.0614,28.07,-8.82,-106.96,Noise,Right
1708334491446,0.309392,-0.182024,1.038952,14.91,-8.4,-107.8,Noise,Right
1708334491446,0.303536,-0.20008,1.031632,14.42,-7.98,-97.51,Noise,Right
1708334491446,0.335744,-0.186416,1.01748,16.52,-8.61,-81.06,Noise,Right
1708334491497,0.369904,-0.163968,1.023824,13.79,-10.36,-66.85,Noise,Right
1708334491497,0.41236,-0.141032,1.041392,14.28,-11.97,-67.62,Noise,Right
1708334491603,0.40016,-0.169824,1.05408,15.12,-9.87,-84.42,Noise,Right
1708334491604,0.376736,-0.196664,1.055544,19.67,-2.87,-103.81,Noise,Right
1708334491604,0.364536,-0.201056,1.062376,24.99,6.09,-118.09,Noise,Right
1708334491604,0.350384,-0.203496,1.050176,27.09,14.91,-117.88,Noise,Right
1708334491604,0.323544,-0.184952,1.057496,28.77,22.82,-103.74,Noise,Right
1708334491604,0.305,-0.191784,1.02236,28.98,27.93,-81.76,Noise,Right
1708334491604,0.286944,-0.1586,1.012112,27.3,29.54,-59.36,Noise,Right
1708334491653,0.26108,-0.099064,1.011136,28.07,28.56,-48.3,Noise,Right
1708334491653,0.232288,-0.0488,0.87596,29.12,25.27,-53.41,Noise,Right
1708334491774,0.195688,-0.021472,0.980392,33.46,20.37,-72.24,Noise,Right
1708334491774,0.157136,-0.030744,0.955016,37.03,16.87,-91.42,Noise,Right
1708334491775,0.164456,-0.066368,0.945256,38.01,16.87,-96.18,Noise,Right
1708334491775,0.145912,-0.049288,0.960384,35.49,20.3,-85.47,Noise,Right
1708334491775,0.151768,-0.05856,0.957944,24.01,24.92,-59.22,Noise,Right
1708334491775,0.179584,-0.00244,0.960872,20.09,25.9,-33.39,Noise,Right
1708334491775,0.168848,0.038552,0.959408,14.7,19.18,-25.55,Noise,Right
1708334491822,0.16836,0.077592,0.95892,18.48,9.38,-39.69,Noise,Right
1708334491822,0.157624,0.098576,0.9516,22.26,-0.77,-67.62,Noise,Right
1708334491822,0.13664,0.0366,0.940864,20.79,-5.95,-92.26,Noise,Right
1708334491919,0.108336,-0.030744,0.94916,17.99,-3.15,-95.13,Noise,Right
1708334491919,0.113216,-0.064904,0.959896,18.97,4.13,-76.93,Noise,Right
1708334491920,0.132248,-0.045872,0.999424,4.69,11.41,-40.74,Noise,Right
1708334491920,0.132248,-0.003904,0.986248,-4.2,20.51,2.59,Noise,Right
1708334491921,0.087352,0.022448,0.937936,2.38,26.04,31.29,Noise,Right
1708334491921,0.083936,0.061,0.921832,-4.69,20.44,39.62,Noise,Right
1708334491978,0.068808,0.06344,0.92964,-3.92,6.58,25.55,Noise,Right
1708334491978,0.065392,0.07564,0.905728,3.78,-11.76,-2.52,Noise,Right
1708334491978,0.040504,0.044896,0.938912,20.44,-28.35,-31.36,Noise,Right
1708334492103,0.022448,0.038552,0.95404,30.59,-32.97,-40.67,Noise,Right
1708334492103,0.015128,0.027816,0.954528,11.48,-24.64,-15.12,Noise,Right
1708334492103,0.049776,-0.11468,0.905728,-19.04,-4.69,31.64,Noise,Right
1708334492103,0.114192,-0.167872,0.890112,-26.88,20.72,102.62,Noise,Right
1708334492104,0.167384,-0.1098,0.879376,-35.35,35.63,162.19,Noise,Right
1708334492104,0.197152,-0.0732,0.892552,-42.21,37.17,190.12,Noise,Right
1708334492104,0.20496,-0.035624,0.904264,-45.71,33.39,183.68,Noise,Right
1708334492156,0.203984,-0.048312,0.94916,-40.88,35.56,160.16,Noise,Right
1708334492157,0.254248,-0.062464,1.02724,-32.34,56.7,142.8,Noise,Right
1708334492157,0.31964,-0.077104,1.14924,-55.16,103.25,163.38,Noise,Right
1708334492157,0.345504,-0.058072,1.259528,-92.19,167.02,208.04,Noise,Right
1708334492204,0.30744,-0.10492,1.245864,-117.46,220.57,254.66,Noise,Right
1708334492204,0.101504,-0.20984,1.156072,-124.88,244.09,282.52,Noise,Right
1708334492204,-0.141032,-0.205448,1.02968,-115.99,242.27,283.43,Noise,Right
1708334492256,-0.291336,-0.083936,0.924272,-99.75,210.84,252.98,Noise,Right
1708334492256,-0.373808,-0.086376,0.89304,-62.93,161.07,198.38,Noise,Right
1708334492256,-0.349408,-0.274744,1.016504,-41.79,109.48,163.87,Noise,Right
1708334492384,-0.260592,-0.283528,1.153144,-20.72,78.54,156.31,Noise,Right
1708334492384,-0.253272,-0.213744,1.22244,-21.35,77.56,158.9,Noise,Right
1708334492384,-0.275232,-0.111752,1.138504,-18.27,95.69,146.02,Noise,Right
1708334492384,-0.389912,-0.040992,1.030656,-23.38,115.22,112.91,Noise,Right
1708334492384,-0.454328,0.035624,0.90036,-21.91,126.0,67.2,Noise,Right
1708334492385,-0.453352,0.013664,0.813008,-20.23,122.57,28.42,Noise,Right
1708334492385,-0.538752,-0.019032,0.731024,-27.44,108.99,14.14,Noise,Right
1708334492454,-0.611952,-0.131272,0.76616,-38.29,87.78,25.76,Noise,Right
1708334492454,-0.74176,-0.204472,0.794952,-42.42,64.47,51.17,Noise,Right
1708334492454,-0.761768,-0.164944,0.73444,-14.56,42.42,60.41,Noise,Right
1708334492454,-0.777384,-0.133224,0.730536,-13.16,21.35,50.75,Noise,Right
1708334492454,-0.758352,-0.133224,0.763232,-8.05,11.76,29.33,Noise,Right
1708334492508,-0.740296,-0.137616,0.773968,1.05,11.48,10.78,Noise,Right
1708334492508,-0.768112,-0.109312,0.741272,3.78,15.05,3.01,Noise,Right
1708334492508,-0.785192,-0.058072,0.69052,3.92,12.88,0.14,Noise,Right
1708334492627,-0.809104,-0.013176,0.649528,0.7,0.63,-4.55,Noise,Right
1708334492628,-0.777384,-0.017568,0.63196,5.39,-20.72,-17.43,Noise,Right
1708334492628,-0.713456,-0.090768,0.69052,9.59,-42.91,-29.19,Noise,Right
1708334492628,-0.688568,-0.166408,0.777384,15.82,-50.4,-31.08,Noise,Right
1708334492628,-0.69296,-0.196664,0.824232,19.6,-36.68,-17.85,Noise,Right
1708334492628,-0.716384,-0.16836,0.80276,21.84,-15.12,-0.56,Noise,Right
1708334492628,-0.72224,-0.150792,0.715896,18.41,-7.63,31.71,Noise,Right
1708334492672,-0.748104,-0.033184,0.66368,-2.31,-34.16,76.16,Noise,Right
1708334492673,-0.733464,0.059048,0.703208,9.94,-53.62,50.82,Noise,Right
1708334492718,-0.621712,0.099552,0.747128,5.95,-51.45,19.39,Noise,Right
1708334492718,-0.569008,0.08052,0.799832,3.71,-35.21,-13.3,Noise,Right
1708334492718,-0.520208,0.008784,0.812032,3.78,-14.49,-31.57,Noise,Right
1708334492765,-0.522648,-0.050752,0.796904,-2.1,-1.19,-21.63,Noise,Right
1708334492765,-0.597312,-0.07564,0.735416,-5.18,-3.08,-0.98,Noise,Right
1708334492766,-0.433344,-0.105408,0.8418,9.45,-14.84,5.6,Noise,Right
1708334492811,-0.44896,-0.111264,0.851072,-11.41,-10.43,18.83,Noise,Right
1708334492811,-0.397232,-0.089792,0.895968,-6.79,-1.05,21.07,Noise,Right
1708334492811,-0.611464,-0.118096,0.801784,-13.65,17.36,13.16,Noise,Right
1708334492859,-0.688568,-0.091744,0.733464,-2.17,22.54,8.54,Noise,Right
1708334492860,-0.694912,-0.011224,0.711992,12.74,13.58,4.83,Noise,Right
1708334492939,-0.793976,0.040504,0.694912,11.76,-9.03,2.52,Noise,Right
1708334492943,-0.776408,0.095648,0.754448,4.2,-21.14,-1.75,Noise,Right
1708334492944,-0.854488,0.044896,0.835944,-11.13,-9.8,-0.7,Noise,Right
1708334492946,-0.441152,-0.025864,0.713944,-19.46,16.52,16.73,Noise,Right
1708334492946,-0.250344,0.166896,1.053592,-35.14,4.62,12.32,Noise,Right
1708334493043,-0.424072,-0.002928,0.789096,-10.99,17.57,-23.17,Noise,Right
1708334493043,-0.613416,-0.14152,0.692472,0.35,-2.87,-33.81,Noise,Right
1708334493043,-0.73444,-0.215208,0.720288,15.05,-24.01,-33.39,Noise,Right
1708334493043,-0.718824,-0.18544,0.797392,2.45,-26.18,-23.24,Noise,Right
1708334493043,-0.580232,-0.144936,0.906216,-28.35,-4.76,-7.77,Noise,Right
1708334493043,-0.539728,-0.161528,0.913048,-32.2,23.38,10.15,Noise,Right
1708334493091,-0.591456,-0.144936,0.85156,-12.88,25.2,22.26,Noise,Right
1708334493092,-0.665144,-0.15616,0.762256,-3.22,9.94,16.24,Noise,Right
1708334493092,-1.852448,-0.535824,0.624152,10.85,9.94,2.17,Noise,Right
1708334493216,-1.387384,-0.396256,0.657824,26.53,-44.87,35.07,Noise,Right
1708334493216,-1.075064,-0.337208,1.08092,-6.65,-104.44,72.52,Noise,Right
1708334493216,-1.16632,-0.698328,0.64172,13.72,-65.1,106.75,Noise,Right
1708334493216,-0.20008,-0.0366,0.877912,63.35,-133.28,182.21,Noise,Right
1708334493217,0.570472,0.738344,1.140456,73.71,-87.43,169.96,Noise,Right
1708334493217,0.608536,1.021872,0.840824,30.38,8.82,74.2,Noise,Right
1708334493217,0.518256,0.952088,0.674416,-7.21,61.11,-18.34,Noise,Right
1708334493345,-0.103944,0.459208,0.423584,-30.45,57.12,-74.55,Noise,Right
1708334493345,-0.781776,-0.147864,0.359168,-41.86,15.47,-97.79,Noise,Right
1708334493345,-1.056032,-0.793488,0.5856,-7.84,-76.58,-92.12,Noise,Right
1708334493346,-1.015528,-0.792512,0.85644,14.56,-103.39,-44.45,Noise,Right
1708334493346,-0.808128,-0.50752,0.92232,44.03,-85.4,7.63,Noise,Right
1708334493346,-0.614392,-0.180072,0.853024,48.44,-56.77,39.06,Noise,Right
1708334493346,-0.477752,0.10248,0.802272,37.66,-34.09,46.06,Noise,Right
1708334493346,-0.365024,0.276696,0.783728,18.76,-25.13,33.74,Noise,Right
1708334493447,-0.293288,0.342576,0.783728,-3.85,-32.69,11.27,Noise,Right
1708334493448,-0.23424,0.375272,0.821304,-17.57,-46.83,-20.3,Noise,Right
1708334493448,-0.169336,0.292312,0.90768,-26.46,-57.68,-55.58,Noise,Right
1708334493448,-0.154696,0.09272,0.972096,-35.42,-49.56,-73.71,Noise,Right
1708334493448,-0.259616,-0.143472,0.97844,-43.75,-27.3,-64.33,Noise,Right
1708334493448,-0.29524,-0.23668,1.006744,-40.67,-8.82,-38.43,Noise,Right
1708334493507,-0.341112,-0.206912,1.011624,-36.89,-4.55,-11.48,Noise,Right
1708334493507,-0.384056,-0.123952,1.009184,-28.77,-11.34,0.35,Noise,Right
1708334493507,-0.410408,-0.041968,1.008696,-25.9,-24.99,-5.18,Noise,Right
1708334493560,-0.413336,-0.053192,1.057984,-33.74,-38.5,-19.11,Noise,Right
1708334493561,-0.381128,-0.141032,1.10288,-34.44,-43.68,-26.32,Noise,Right
1708334493561,-0.369904,-0.201056,1.155584,-26.88,-43.4,-20.09,Noise,Right
1708334493651,-0.344528,-0.246928,1.153632,-19.53,-39.62,-6.79,Noise,Right
1708334493652,-0.343064,-0.24156,1.14192,-9.66,-34.44,3.43,Noise,Right
1708334493652,-0.3294,-0.215208,1.116544,1.54,-27.72,4.76,Noise,Right
1708334493652,-0.338672,-0.169824,1.079456,6.16,-18.55,-1.75,Noise,Right
1708334493652,-0.348432,-0.131272,1.076528,4.13,-7.56,-11.48,Noise,Right
1708334493652,-0.333304,-0.117608,1.06872,5.95,2.31,-14.91,Noise,Right
1708334493763,-0.347456,-0.117608,1.047248,5.6,7.56,-9.87,Noise,Right
1708334493763,-0.374296,-0.123952,1.020408,4.83,11.9,0.63,Noise,Right
1708334493763,-0.380152,-0.114192,0.998448,3.85,15.61,9.73,Noise,Right
1708334493763,-0.398696,-0.11712,0.986248,1.12,20.09,11.76,Noise,Right
1708334493763,-0.380152,-0.10248,0.98088,5.67,24.92,9.31,Noise,Right
1708334493763,-0.392352,-0.098576,0.940864,-0.84,26.04,3.99,Noise,Right
1708334493820,-0.419192,-0.098576,0.92964,2.87,27.3,-4.69,Noise,Right
1708334493820,-0.39772,-0.081008,0.91744,9.66,24.57,-12.32,Noise,Right
1708334493820,-0.408456,-0.075152,0.915488,11.06,17.08,-17.29,Noise,Right
1708334493943,-0.406992,-0.096624,0.894504,6.09,6.16,-14.49,Noise,Right
1708334493943,-0.3904,-0.093208,0.918904,9.03,-1.89,-6.02,Noise,Right
1708334493943,-0.36112,-0.102968,0.927688,9.45,-7.56,4.69,Noise,Right
1708334493943,-0.34892,-0.07808,0.942816,8.19,-8.89,12.46,Noise,Right
1708334493943,-0.346968,-0.063928,0.935984,2.1,-6.16,14.63,Noise,Right
1708334493943,-0.3416,-0.044408,0.939888,-1.05,0.21,15.68,Noise,Right
1708334493943,-0.346968,-0.022936,0.919392,-2.87,5.46,12.67,Noise,Right
1708334494061,-0.353312,-0.006832,0.913048,-3.57,6.09,4.9,Noise,Right
1708334494061,-0.372832,-0.040016,0.898408,-5.74,4.76,-4.62,Noise,Right
1708334494061,-0.378688,-0.077592,0.894992,-3.85,2.59,-13.58,Noise,Right
1708334494062,-0.408456,-0.147864,0.905728,-4.06,-1.19,-16.45,Noise,Right
1708334494062,-0.411872,-0.17324,0.942328,-1.82,-4.34,-13.16,Noise,Right
1708334494062,-0.402112,-0.161528,0.96868,0.98,-3.36,-8.19,Noise,Right
1708334494062,-0.40016,-0.159576,0.969656,0.49,-2.52,-2.87,Noise,Right
1708334494062,-0.400648,-0.144936,0.963312,4.06,-0.7,0.07,Noise,Right
1708334494110,-0.399184,-0.11224,0.946232,4.06,0.7,-0.56,Noise,Right
1708334494110,-0.396256,-0.085888,0.945256,3.64,3.57,-3.43,Noise,Right
1708334494111,-0.401624,-0.086864,0.94184,-0.56,5.53,-5.81,Noise,Right
1708334494155,-0.404064,-0.083936,0.94672,-0.63,6.23,-7.7,Noise,Right
1708334494156,-0.420656,-0.105896,0.931592,-1.61,4.41,-9.03,Noise,Right
1708334494202,-0.428464,-0.123464,0.931104,1.61,2.31,-10.78,Noise,Right
1708334494202,-0.43432,-0.150304,0.93208,4.48,1.19,-11.69,Noise,Right
1708334494203,-0.437736,-0.15372,0.927688,5.32,0.98,-10.78,Noise,Right
1708334494248,-0.440176,-0.146888,0.916952,6.65,2.38,-7.49,Noise,Right
1708334494248,-0.433344,-0.1342,0.90768,5.25,2.94,-2.94,Noise,Right
1708334494248,-0.430416,-0.116632,0.912072,4.27,2.8,-0.63,Noise,Right
1708334494295,-0.427976,-0.104432,0.910608,2.52,3.01,-1.82,Noise,Right
1708334494295,-0.427976,-0.105408,0.910608,1.19,1.96,-5.39,Noise,Right
1708334494295,-0.425536,-0.108336,0.90768,0.77,1.12,-9.45,Noise,Right
1708334494342,-0.434808,-0.125904,0.915976,1.68,1.33,-10.5,Noise,Right
1708334494342,-0.443104,-0.128832,0.90036,2.31,1.96,-9.52,Noise,Right
1708334494390,-0.447984,-0.134688,0.909632,1.19,2.24,-5.6,Noise,Right
1708334494390,-0.449448,-0.140056,0.910608,0.42,2.24,-1.19,Noise,Right
1708334494391,-0.457744,-0.133712,0.91012,1.19,1.96,2.31,Noise,Right
1708334494438,-0.465064,-0.14884,0.910608,-1.54,1.68,3.92,Noise,Right
1708334494438,-0.452376,-0.140544,0.914024,-0.35,1.19,2.8,Noise,Right
1708334494439,-0.449936,-0.133224,0.914512,-0.63,-0.84,0.91,Noise,Right
1708334494482,-0.430416,-0.118096,0.910608,-0.77,-1.96,-0.49,Noise,Right
1708334494483,-0.430904,-0.101504,0.91988,-1.26,-2.31,-2.87,Noise,Right
1708334494484,-0.42212,-0.101504,0.921344,0.98,-2.45,-5.74,Noise,Right
1708334494531,-0.422608,-0.103456,0.925248,0.84,-3.85,-6.16,Noise,Right
1708334494531,-0.427488,-0.122,0.924272,1.26,-5.18,-5.04,Noise,Right
1708334494575,-0.434808,-0.140544,0.932568,1.47,-6.65,-3.15,Noise,Right
1708334494576,-0.433832,-0.140056,0.93452,2.52,-6.16,-0.91,Noise,Right
1708334494576,-0.423584,-0.134688,0.937448,2.17,-4.69,0.35,Noise,Right
1708334494623,-0.419192,-0.122,0.950136,1.82,-1.89,1.12,Noise,Right
1708334494625,-0.423096,-0.124928,0.94184,0.63,-0.42,1.96,Noise,Right
1708334494625,-0.41968,-0.118584,0.93696,0.14,-0.77,1.61,Noise,Right
1708334494671,-0.429928,-0.116632,0.933544,1.12,-1.33,0.0,Noise,Right
1708334494671,-0.432368,-0.120048,0.925248,2.52,-1.54,-0.63,Noise,Right
1708334494672,-0.425536,-0.121512,0.921832,3.99,-1.82,-0.42,Noise,Right
1708334494718,-0.43432,-0.123464,0.915488,3.57,-2.31,0.98,Noise,Right
1708334494718,-0.428464,-0.115656,0.908656,2.38,-3.29,2.1,Noise,Right
1708334494839,-0.434808,-0.11224,0.909632,1.19,-2.59,0.35,Noise,Right
1708334494839,-0.436272,-0.122488,0.92232,-0.56,-2.73,-2.38,Noise,Right
1708334494839,-0.427976,-0.121024,0.926224,1.82,-2.66,-4.55,Noise,Right
1708334494840,-0.425536,-0.13908,0.91256,1.19,-3.78,-4.27,Noise,Right
1708334494840,-0.429928,-0.14152,0.915488,2.59,-4.48,-2.1,Noise,Right
1708334494840,-0.4148,-0.132248,0.914512,2.59,-3.64,-0.28,Noise,Right
1708334494840,-0.409432,-0.12688,0.906216,0.91,-3.01,0.28,Noise,Right
1708334494885,-0.412848,-0.111752,0.9028,1.4,-1.89,-0.56,Noise,Right
1708334494887,-0.41724,-0.099552,0.900848,-1.05,-1.54,-1.19,Noise,Right
1708334494887,-0.41968,-0.096136,0.905728,-3.01,-2.59,-2.52,Noise,Right
1708334494933,-0.43188,-0.109312,0.9028,-3.01,-4.76,-5.25,Noise,Right
1708334494933,-0.441152,-0.121024,0.909144,-2.8,-7.14,-9.03,Noise,Right
1708334494933,-0.438712,-0.140056,0.916952,-2.8,-9.38,-11.83,Noise,Right
1708334494979,-0.420656,-0.130296,0.92232,-0.63,-10.57,-13.51,Noise,Right
1708334494979,-0.41724,-0.135176,0.942816,-0.28,-12.25,-13.79,Noise,Right
1708334494980,-0.427,-0.127856,0.930616,0.28,-10.99,-11.9,Noise,Right
1708334495023,-0.42456,-0.101504,0.918904,-3.78,-10.99,-8.47,Noise,Right
1708334495023,-0.42212,-0.052704,0.912072,-6.58,-14.42,-4.83,Noise,Right
1708334495023,-0.366488,0.098088,0.89548,-15.05,-26.25,-5.67,Noise,Right
1708334495096,-0.348432,0.240096,0.913536,16.45,-55.37,-33.81,Noise,Right
1708334495097,-0.214232,0.3294,0.823744,4.69,-110.11,-85.68,Noise,Right
1708334495148,-0.013176,0.281088,0.797392,-3.92,-177.52,-162.75,Noise,Right
1708334495148,0.154208,0.246928,0.798856,-14.7,-231.07,-246.89,Noise,Right
1708334495148,0.29768,0.098088,0.80276,-27.3,-260.33,-312.62,Noise,Right
1708334495148,0.29524,-0.160552,0.780312,-57.89,-260.4,-336.91,Noise,Right
1708334495148,0.355752,-0.412848,0.894016,-75.81,-250.04,-320.67,Noise,Right
1708334495193,0.443104,-0.635376,1.162904,-89.18,-231.28,-274.61,Noise,Right
1708334495193,0.36844,-1.0614,1.412272,-77.98,-181.16,-189.42,Noise,Right
1708334495241,0.189832,-1.325896,1.408856,-31.43,-107.38,-73.29,Noise,Right
1708334495241,-0.003904,-1.144848,1.282464,24.01,-31.08,36.33,Noise,Right
1708334495242,-0.069784,-0.80764,1.072136,52.71,23.52,98.7,Noise,Right
1708334495289,0.030256,-0.49776,0.93452,51.45,43.61,112.14,Noise,Right
1708334495289,0.27816,-0.171288,0.816424,30.45,38.08,91.49,Noise,Right
1708334495289,0.515328,-0.042944,0.798368,-5.95,26.53,65.1,Noise,Right
1708334495392,0.569008,0.080032,0.854,-35.14,23.24,39.76,Noise,Right
1708334495393,0.396256,-0.012688,0.886696,-46.41,19.46,15.89,Noise,Right
1708334495393,0.106872,-0.176168,0.92964,-57.12,12.32,-7.07,Noise,Right
1708334495393,-0.176168,-0.308416,0.925248,-61.88,-2.45,-23.1,Noise,Right
1708334495393,-0.298656,-0.416264,0.912072,-38.57,-27.16,-35.49,Noise,Right
1708334495393,-0.25864,-0.482632,0.867176,-16.45,-60.69,-40.32,Noise,Right
1708334495441,-0.025864,-0.575352,0.9028,8.68,-88.27,-33.6,Noise,Right
1708334495441,0.447008,-0.61976,1.068232,44.45,-83.09,-9.03,Noise,Right
1708334495441,1.116056,-0.278648,1.199504,47.95,-29.4,19.81,Noise,Right
1708334495485,1.025776,-0.064904,1.129232,13.23,55.3,22.82,Noise,Right
1708334495485,0.567056,-0.11956,0.9638,-17.36,122.15,0.84,Noise,Right
1708334495485,-0.15128,-0.365512,0.76616,-57.75,128.1,-25.2,Noise,Right
1708334495532,-0.676368,-0.5246,0.67588,-52.92,66.15,-41.23,Noise,Right
1708334495532,-0.599264,-0.452864,0.700768,-2.38,-33.25,-48.65,Noise,Right
1708334495587,-0.428464,-0.404064,0.804224,16.94,-124.95,-40.74,Noise,Right
1708334495591,-0.113704,-0.563152,0.980392,47.39,-136.15,-19.04,Noise,Right
1708334495595,0.388936,-0.543632,1.084336,70.91,-78.96,27.02,Noise,Right
1708334495630,0.739808,-0.375272,1.096536,38.36,13.16,83.79,Noise,Right
1708334495631,0.815448,-0.266936,0.998448,12.11,95.55,123.48,Noise,Right
1708334495631,0.715408,-0.186904,0.96136,-3.64,131.46,119.21,Noise,Right
1708334495700,0.475312,-0.125416,0.942816,-13.23,111.3,62.58,Noise,Right
1708334495700,0.133224,-0.239608,0.87352,-32.13,59.64,-6.3,Noise,Right
1708334495700,-0.0854,-0.415776,0.90036,-4.83,-2.03,-61.32,Noise,Right
1708334495700,-0.1342,-0.430904,0.937936,5.53,-47.88,-75.32,Noise,Right
1708334495753,-0.10736,-0.457744,1.0004,7.77,-64.61,-60.13,Noise,Right
1708334495754,0.030744,-0.474336,1.056032,12.32,-49.35,-23.66,Noise,Right
1708334495754,0.194712,-0.4514,1.112152,13.16,-14.56,26.46,Noise,Right
1708334495876,0.283528,-0.386984,1.081408,6.3,22.19,74.48,Noise,Right
1708334495876,0.250344,-0.338184,1.048712,12.32,42.7,96.46,Noise,Right
1708334495877,0.22448,-0.276208,0.984296,9.03,42.77,92.96,Noise,Right
1708334495877,0.147864,-0.233752,0.959408,1.75,25.83,63.84,Noise,Right
1708334495877,0.06588,-0.235704,0.915,0.21,1.82,22.61,Noise,Right
1708334495878,0.041968,-0.284016,0.910608,3.99,-21.28,-11.13,Noise,Right
1708334495878,0.081008,-0.325984,0.96136,7.49,-36.05,-21.77,Noise,Right
1708334495923,0.137128,-0.371368,1.021384,9.52,-38.85,-12.11,Noise,Right
1708334495923,0.193248,-0.4026,1.075552,24.71,-25.76,10.78,Noise,Right
1708334495924,0.240096,-0.39772,1.091168,33.88,-6.86,36.54,Noise,Right
1708334496007,0.205936,-0.364048,1.030168,52.5,11.13,57.54,Noise,Right
1708334496007,0.160064,-0.300608,0.976488,46.27,17.99,65.87,Noise,Right
1708334496007,0.133712,-0.240096,0.946232,31.29,18.41,61.04,Noise,Right
1708334496007,0.110288,-0.223016,0.89304,20.72,10.57,42.35,Noise,Right
1708334496007,0.072224,-0.297192,0.896944,27.37,-2.38,24.57,Noise,Right
1708334496060,0.098576,-0.325008,0.982832,32.9,-8.82,19.95,Noise,Right
1708334496060,0.150304,-0.403088,1.106784,31.57,-2.52,32.83,Noise,Right
1708334496060,0.196176,-0.381616,1.159,32.9,21.21,58.66,Noise,Right
1708334496120,0.181536,-0.359656,1.15168,35.7,56.91,85.96,Noise,Right
1708334496120,0.498736,-0.198616,1.231712,45.5,83.93,95.62,Noise,Right
1708334496120,0.012688,-0.255224,0.896456,38.36,99.68,104.65,Noise,Right
1708334496213,-0.105896,-0.06832,0.94184,75.39,91.91,91.07,Noise,Right
1708334496213,-0.166408,-0.162992,0.89548,12.53,64.05,72.8,Noise,Right
1708334496213,-0.132248,-0.0854,0.898896,3.43,35.0,37.45,Noise,Right
1708334496214,-0.145912,-0.144936,0.930616,16.31,14.63,6.86,Noise,Right
1708334496214,-0.181536,-0.22936,1.045296,27.37,1.89,-7.49,Noise,Right
1708334496214,-0.076128,-0.157136,1.082384,37.45,0.91,-2.94,Noise,Right
1708334496263,-0.018056,-0.15616,1.092632,7.56,17.08,19.95,Noise,Right
1708334496264,-0.00488,-0.12444,1.027728,21.28,45.57,38.99,Noise,Right
1708334496265,-0.06588,-0.149328,1.053104,-13.51,59.57,52.99,Noise,Right
1708334496311,-0.13908,-0.0244,0.8784,27.93,65.31,32.83,Noise,Right
1708334496311,-0.293776,-0.079056,0.92476,-1.26,48.79,9.59,Noise,Right
1708334496312,-0.272792,-0.150792,0.879864,18.83,20.72,-15.05,Noise,Right
1708334496416,-0.2806,-0.069296,0.941352,0.07,-17.29,-35.56,Noise,Right
1708334496416,-0.211304,-0.163968,1.016504,-31.5,-36.33,-35.0,Noise,Right
1708334496416,-0.07076,-0.160064,1.07848,-70.07,-26.39,-7.56,Noise,Right
1708334496417,0.008784,-0.183976,1.050176,-86.45,-1.26,27.3,Noise,Right
1708334496417,-0.096624,-0.22936,0.977464,-82.32,26.88,65.94,Noise,Right
1708334496417,-0.194712,-0.228384,0.935496,-77.07,35.21,101.15,Noise,Right
1708334496466,-0.132248,-0.160064,0.806664,-51.94,20.3,115.22,Noise,Right
1708334496466,-0.301584,-0.188368,0.959408,-67.83,-8.82,123.76,Noise,Right
1708334496466,-0.244488,-0.215208,0.948672,-9.38,-32.2,98.42,Noise,Right
1708334496588,-0.248392,-0.258152,0.974536,-8.89,-55.3,69.44,Noise,Right
1708334496588,-0.254736,-0.381616,0.959896,14.35,-71.47,30.87,Noise,Right
1708334496589,-0.252784,-0.337208,0.998936,5.53,-84.7,-3.99,Noise,Right
1708334496589,-0.199104,-0.2806,1.02968,43.82,-80.01,-48.02,Noise,Right
1708334496589,-0.035136,-0.1586,1.160464,74.2,-61.67,-75.67,Noise,Right
1708334496589,0.049776,-0.127368,1.035048,164.43,-17.92,-105.7,Noise,Right
1708334496589,-0.05124,-0.196664,1.132648,-38.78,-24.22,-58.45,Noise,Right
1708334496646,-0.33428,0.012688,1.029192,63.07,8.47,-49.42,Noise,Right
1708334496649,-0.079544,-0.357704,0.953064,57.05,16.03,-21.98,Noise,Right
1708334496653,0.44896,-0.10248,1.05164,119.56,29.68,15.12,Noise,Right
1708334496681,0.194712,-0.022448,0.98332,165.83,31.99,10.08,Noise,Right
1708334496681,-0.12932,0.0366,0.973072,329.91,35.77,-25.69,Noise,Right
1708334496682,-0.472872,-0.145424,0.993568,275.73,4.06,-20.44,Noise,Right
1708334496727,-0.35624,0.09028,0.96868,155.89,-23.45,2.1,Noise,Right
1708334496727,-0.21716,0.16348,0.905728,145.88,-46.55,1.96,Noise,Right
1708334496727,-0.15372,0.172264,0.986736,97.09,-63.07,8.19,Noise,Right
1708334496775,-0.130784,0.206912,1.016992,88.27,-65.52,5.11,Noise,Right
1708334496775,-0.079544,0.232776,1.052128,76.02,-57.47,-3.64,Noise,Right
1708334496824,-0.021472,0.261568,1.055056,73.64,-35.0,-14.0,Noise,Right
1708334496825,-0.08052,0.186416,1.016504,60.2,-1.05,-21.35,Noise,Right
1708334496826,0.00732,0.27816,0.979416,0.35,36.96,-4.83,Noise,Right
1708334496874,-0.1342,0.373808,1.013088,-3.29,64.19,3.43,Noise,Right
1708334496875,-0.124928,0.335256,0.952088,-54.25,76.3,13.16,Noise,Right
1708334496875,-0.139568,0.257664,0.931104,-80.43,68.88,21.84,Noise,Right
1708334496931,-0.122976,0.194224,0.948672,-89.95,49.14,28.07,Noise,Right
1708334496931,-0.252296,0.18544,0.851072,-81.62,22.19,28.42,Noise,Right
1708334496931,-0.16348,0.208376,0.953064,-63.7,-14.84,14.98,Noise,Right
1708334496931,-0.198128,0.17812,1.033584,-19.95,-30.38,-13.79,Noise,Right
1708334496977,-0.178608,0.177144,0.992104,-13.65,-30.87,-39.97,Noise,Right
1708334496977,-0.169824,0.16348,1.006744,-16.66,-26.46,-58.59,Noise,Right
1708334497026,-0.147376,0.164456,1.029192,-21.56,-18.13,-61.88,Noise,Right
1708334497027,-0.07564,0.183488,1.048712,-29.54,-7.63,-51.8,Noise,Right
1708334497027,-0.045384,0.169824,1.050664,-28.28,1.26,-34.3,Noise,Right
1708334497139,-0.055144,0.121512,1.023824,-24.71,6.23,-10.29,Noise,Right
1708334497139,-0.054168,0.12932,1.017968,-13.93,7.98,9.31,Noise,Right
1708334497139,-0.090768,0.148352,1.033584,-6.44,7.91,15.61,Noise,Right
1708334497139,-0.125416,0.144448,1.026752,-3.5,1.75,9.38,Noise,Right
1708334497139,-0.140544,0.142008,1.035536,3.43,-7.49,-4.55,Noise,Right
1708334497139,-0.155184,0.15372,1.041392,7.84,-17.99,-15.68,Noise,Right
1708334497139,-0.127856,0.10736,1.047736,2.87,-24.85,-19.11,Noise,Right
1708334497195,-0.152744,0.114192,1.101416,11.55,-24.01,-15.68,Noise,Right
1708334497195,-0.106872,0.093696,1.081896,0.98,-10.85,-3.5,Noise,Right
1708334497195,-0.090768,0.123952,1.070672,-15.89,8.4,12.11,Noise,Right
1708334497238,-0.133712,0.120048,1.040904,-18.55,25.76,20.09,Noise,Right
1708334497239,-0.126392,0.118584,0.970144,-36.75,33.32,22.12,Noise,Right
1708334497239,-0.15616,0.123464,0.994056,-15.96,19.25,5.88,Noise,Right
1708334497287,-0.18056,0.09028,0.977952,-11.9,-6.72,-8.96,Noise,Right
1708334497288,-0.195688,0.101016,1.00528,14.63,-31.15,-23.59,Noise,Right
1708334497288,-0.134688,0.072224,1.03456,13.58,-42.91,-29.75,Noise,Right
1708334497335,-0.103944,0.0732,1.070184,16.66,-30.03,-26.74,Noise,Right
1708334497335,-0.061976,0.137616,1.02724,-16.73,-3.99,-17.08,Noise,Right
1708334497468,-0.08052,0.09516,1.033096,-40.95,22.4,-7.0,Noise,Right
1708334497468,-0.096136,0.092232,1.011624,-50.75,35.0,1.05,Noise,Right
1708334497468,-0.104432,0.066368,0.970632,-35.56,30.87,1.33,Noise,Right
1708334497468,-0.145912,0.074664,1.003328,-12.67,12.88,-3.78,Noise,Right
1708334497469,-0.166896,0.079056,0.99552,3.5,-9.03,-9.17,Noise,Right
1708334497469,-0.157624,0.06344,1.009672,18.76,-26.25,-13.3,Noise,Right
1708334497469,-0.128344,0.04392,1.014552,26.46,-33.95,-14.7,Noise,Right
1708334497529,-0.1464,0.06832,1.047248,40.46,-39.13,-17.22,Noise,Right
1708334497529,-0.126392,0.097112,1.065792,37.17,-35.21,-18.06,Noise,Right
1708334497529,-0.072712,0.098088,1.072624,20.51,-22.61,-15.12,Noise,Right
1708334497530,-0.052216,0.101016,1.061888,10.71,-2.1,-7.42,Noise,Right
1708334497579,-0.08784,0.096624,1.036512,-4.13,13.3,1.12,Noise,Right
1708334497579,-0.137128,0.091256,0.994056,-6.44,17.15,4.97,Noise,Right
1708334497579,-0.132736,0.103456,1.008696,-3.15,14.98,3.99,Noise,Right
1708334497579,-0.147864,0.10736,1.00528,-2.31,3.99,-0.35,Noise,Right
1708334497627,-0.1464,0.096624,1.003328,1.4,-5.11,-2.94,Noise,Right
1708334497628,-0.127368,0.098088,1.020896,1.4,-8.47,-1.68,Noise,Right
1708334497628,-0.104432,0.101504,1.021384,-2.73,-5.25,2.87,Noise,Right
1708334497748,-0.099552,0.10492,1.031144,-5.11,1.12,4.9,Noise,Right
1708334497748,-0.106384,0.086376,1.031632,-2.52,7.28,3.57,Noise,Right
1708334497749,-0.130296,0.09272,1.019432,-3.15,9.03,0.84,Noise,Right
1708334497749,-0.142008,0.083936,1.009672,-0.49,6.58,-1.26,Noise,Right
1708334497749,-0.1586,0.096624,0.992592,2.94,3.08,-1.89,Noise,Right
1708334497749,-0.145424,0.097112,0.99796,-2.24,2.8,0.07,Noise,Right
1708334497750,-0.1464,0.091744,1.0126,-6.3,3.01,1.19,Noise,Right
1708334497798,-0.147864,0.096136,1.021872,-8.96,1.89,1.47,Noise,Right
1708334497798,-0.128344,0.088328,1.018944,-12.95,1.05,1.82,Noise,Right
1708334497798,-0.140544,0.069296,1.024312,-8.89,-0.98,1.26,Noise,Right
1708334497857,-0.147376,0.061976,1.015528,-3.08,-4.9,-2.31,Noise,Right
1708334497857,-0.158112,0.060512,1.026264,4.13,-9.24,-8.75,Noise,Right
1708334497857,-0.166896,0.061976,1.013576,-5.67,-13.65,-12.81,Noise,Right
1708334497909,-0.10736,0.142496,1.04188,-29.82,-20.3,-6.58,Noise,Right
1708334497909,-0.149816,-0.096136,1.09068,-25.48,-26.18,-3.43,Noise,Right
1708334497909,-0.05368,0.16836,1.028704,-58.31,-12.95,-5.6,Noise,Right
1708334498034,-0.12688,0.108824,1.08824,-80.78,-11.55,0.98,Noise,Right
1708334498034,-0.042456,0.050264,0.987224,-43.05,-2.94,3.71,Noise,Right
1708334498034,-0.099064,-0.10736,1.014552,-9.52,-11.62,1.4,Noise,Right
1708334498035,-0.122,-0.069296,1.021384,11.34,-23.8,2.52,Noise,Right
1708334498035,-0.11956,-0.018544,1.056032,27.09,-32.76,-2.45,Noise,Right
1708334498035,-0.096136,-0.001952,1.069696,28.49,-29.75,-11.41,Noise,Right
1708334498035,-0.0976,0.03172,1.053104,14.84,-16.73,-16.73,Noise,Right
1708334498158,-0.072712,0.03172,1.040904,-3.43,0.56,-13.44,Noise,Right
1708334498158,-0.093696,0.007808,1.05652,-12.6,11.34,-2.38,Noise,Right
1708334498158,-0.098088,0.00488,1.053104,-18.34,14.07,9.87,Noise,Right
1708334498158,-0.114192,-0.012688,1.028704,-21.07,7.91,14.63,Noise,Right
1708334498158,-0.111264,-0.019032,1.005768,-14.84,-2.66,10.99,Noise,Right
1708334498158,-0.062952,0.003904,1.103856,-38.22,-8.54,5.95,Noise,Right
1708334498158,-0.069296,0.007808,1.025776,1.96,-5.67,-11.48,Noise,Right
1708334498160,-0.083448,-0.010248,1.041392,10.08,-4.97,-16.03,Noise,Right
1708334498262,-0.093696,-0.017568,1.0248,9.59,-4.34,-14.35,Noise,Right
1708334498262,-0.096624,0.010248,1.057984,3.64,0.14,-11.76,Noise,Right
1708334498262,-0.103944,-0.004392,1.037488,-15.05,4.06,-6.86,Noise,Right
1708334498262,-0.112728,-0.020008,1.0248,-21.84,6.02,0.63,Noise,Right
1708334498263,-0.106384,-0.032696,1.021872,-23.31,4.97,7.07,Noise,Right
1708334498263,-0.089792,-0.041968,1.01016,-13.79,2.45,8.47,Noise,Right
1708334498307,-0.079056,-0.022448,1.01748,-4.83,0.28,6.16,Noise,Right
1708334498307,-0.071248,-0.049288,1.00528,2.17,2.59,1.47,Noise,Right
1708334498307,-0.076616,-0.064416,0.999424,17.36,3.99,-0.49,Noise,Right
1708334498353,-0.103944,-0.020984,1.016992,36.61,2.66,-0.56,Noise,Right
1708334498353,-0.097112,-0.041968,0.997472,55.93,0.49,-1.12,Noise,Right
1708334498402,-0.132248,0.03172,1.086288,77.77,-0.91,-2.52,Noise,Right
1708334498402,-0.215696,0.060024,1.142896,51.66,4.97,-2.17,Noise,Right
1708334498403,-0.255712,0.004392,1.09556,22.89,8.26,0.56,Noise,Right
1708334498529,-0.221552,0.006832,1.073112,15.54,1.12,7.28,Noise,Right
1708334498530,-0.149328,0.02928,1.126304,12.04,-12.39,10.57,Noise,Right
1708334498530,-0.02196,0.041968,1.109712,13.3,-21.42,7.63,Noise,Right
1708334498530,0.008296,0.05368,1.079944,21.0,-19.11,1.33,Noise,Right
1708334498531,0.037576,0.067832,1.0492,13.93,-2.17,-5.32,Noise,Right
1708334498531,-0.01464,0.054168,1.012112,0.7,22.26,-6.93,Noise,Right
1708334498531,-0.0854,0.04636,0.967216,-12.67,39.27,-1.96,Noise,Right
1708334498670,-0.167872,0.016104,0.937936,-19.95,41.93,5.6,Noise,Right
1708334498671,-0.209352,0.037088,0.918904,-13.09,32.2,9.31,Noise,Right
1708334498671,-0.242536,0.050752,0.901824,-5.46,17.64,5.6,Noise,Right
1708334498672,-0.254248,0.03416,0.912072,2.66,4.76,-2.31,Noise,Right
1708334498672,-0.222528,0.03904,0.923296,6.86,-2.17,-8.19,Noise,Right
1708334498672,-0.181048,0.048312,0.92476,8.33,-4.55,-10.78,Noise,Right
1708334498672,-0.145424,0.07076,0.927688,8.61,-2.94,-8.82,Noise,Right
1708334498672,-0.125904,0.106384,0.937936,4.41,1.61,-5.67,Noise,Right
1708334498776,-0.11712,0.120536,0.93452,-0.28,8.4,-3.29,Noise,Right
1708334498780,-0.155672,0.157136,0.947696,-6.79,16.17,-3.57,Noise,Right
1708334498785,-0.20008,0.133224,0.965264,-16.66,14.42,-3.29,Noise,Right
1708334498785,-0.22692,0.122,1.015528,-20.23,6.37,-3.92,Noise,Right
1708334498787,-0.233264,0.080032,1.06628,-18.83,-5.88,-3.5,Noise,Right
1708334498788,-0.220088,0.023424,1.10044,-25.62,-19.39,2.59,Noise,Right
1708334498822,-0.180072,-0.015616,1.139968,-26.39,-31.57,9.38,Noise,Right
1708334498822,-0.125416,-0.033184,1.169736,-28.56,-36.54,13.02,Noise,Right
1708334498822,-0.10492,-0.04636,1.15168,-28.63,-34.72,11.97,Noise,Right
1708334498867,-0.040992,-0.09028,1.147288,-33.74,-26.6,16.87,Noise,Right
1708334498868,-0.08052,-0.10248,1.179984,-24.92,-17.64,19.95,Noise,Right
1708334498868,-0.084424,-0.117608,1.10044,-29.4,-13.37,20.09,Noise,Right
1708334498914,-0.114192,-0.136152,1.078968,-28.28,-10.85,16.31,Noise,Right
1708334498914,-0.09516,-0.030744,1.049688,-21.98,-4.69,20.23,Noise,Right
1708334498914,-0.10736,-0.017568,1.032608,-17.22,5.39,20.51,Noise,Right
1708334498959,-0.141032,-0.054168,1.021872,-35.56,17.85,29.33,Noise,Right
1708334498959,-0.23424,-0.073688,1.183888,-184.24,18.13,66.57,Noise,Right
1708334498959,-0.161528,-0.064904,1.033584,-60.97,29.75,66.36,Noise,Right
1708334499011,-0.215696,-0.313296,1.07604,10.5,36.47,64.4,Noise,Right
1708334499011,-0.222528,-0.2684,1.104832,33.74,39.97,64.4,Noise,Right
1708334499011,-0.201544,-0.215696,1.092632,57.75,46.27,48.72,Noise,Right
1708334499068,-0.18544,-0.074664,1.005768,77.49,47.67,18.83,Noise,Right
1708334499069,-0.16592,0.049288,0.987224,98.7,46.06,-18.13,Noise,Right
1708334499069,-0.121024,0.135664,0.958432,92.12,42.0,-46.41,Noise,Right
1708334499114,-0.086864,0.113216,0.967704,75.25,41.58,-50.54,Noise,Right
1708334499115,-0.213744,0.138104,1.015528,66.5,49.14,-39.06,Noise,Right
1708334499115,-0.274744,0.045384,0.950136,49.56,51.38,-12.74,Noise,Right
1708334499161,-0.335744,0.025864,0.985272,52.71,34.37,9.87,Noise,Right
1708334499162,-0.345992,0.06588,1.014064,58.38,11.76,22.96,Noise,Right
1708334499209,-0.296704,0.125416,1.038952,46.55,-2.17,25.97,Noise,Right
1708334499210,-0.240584,0.088816,1.072136,30.31,-1.05,24.08,Noise,Right
1708334499210,-0.196664,0.057584,1.098,14.0,18.27,22.4,Noise,Right
1708334499254,-0.401624,0.157624,0.894992,10.15,45.99,20.37,Noise,Right
1708334499254,-0.20984,0.223504,1.089216,19.6,79.1,22.61,Noise,Right
1708334499254,-0.2562,0.101992,1.023336,6.09,88.41,13.65,Noise,Right
1708334499308,-0.298168,0.135176,1.01748,23.94,87.64,2.87,Noise,Right
1708334499314,-0.31476,0.114192,0.978928,35.21,72.24,-9.59,Noise,Right
1708334499316,-0.355264,0.13664,1.019432,52.57,56.14,-22.61,Noise,Right
1708334499389,-0.348432,0.113216,1.025776,54.46,54.88,-40.39,Noise,Right
1708334499389,-0.351848,0.177144,1.003816,40.04,77.77,-63.07,Noise,Right
1708334499390,-0.432368,0.225944,0.984784,26.39,113.96,-80.57,Noise,Right
1708334499390,-0.47336,0.20984,0.92964,18.13,140.56,-82.25,Noise,Right
1708334499390,-0.517768,0.1708,0.884256,26.46,141.19,-69.44,Noise,Right
1708334499442,-0.574376,0.156648,0.850096,39.9,118.3,-50.12,Noise,Right
1708334499442,-0.582672,0.113216,0.823256,47.81,91.35,-30.17,Noise,Right
1708334499443,-0.51728,0.170312,0.8174,52.57,82.53,-21.84,Noise,Right
1708334499489,-0.569008,0.201544,0.783728,42.84,97.65,-37.24,Noise,Right
1708334499490,-0.702232,0.17812,0.667584,33.74,120.82,-52.15,Noise,Right
1708334499491,-0.809104,0.128832,0.589016,23.24,119.07,-45.57,Noise,Right
1708334499533,-0.786656,0.108824,0.548024,28.56,94.15,-20.44,Noise,Right
1708334499533,-0.720288,0.132248,0.544608,42.28,67.13,0.7,Noise,Right
1708334499580,-0.687104,0.138104,0.569496,54.18,56.77,-6.09,Noise,Right
1708334499581,-0.630984,0.174216,0.610976,58.59,58.8,-41.3,Noise,Right
1708334499581,-0.598776,0.167872,0.6344,51.45,73.01,-81.76,Noise,Right
1708334499631,-0.690032,0.119072,0.573888,36.89,95.34,-99.05,Noise,Right
1708334499631,-0.839848,-0.006832,0.455304,24.22,114.31,-77.28,Noise,Right
1708334499632,-0.897432,-0.037576,0.369904,17.5,114.94,-24.78,Noise,Right
1708334499758,-0.866688,0.015616,0.360144,18.06,104.16,20.3,Noise,Right
1708334499758,-0.788608,0.079544,0.345504,24.5,103.11,26.88,Noise,Right
1708334499759,-0.773968,0.10736,0.310368,29.19,110.18,-2.17,Noise,Right
1708334499759,-0.84668,0.079056,0.282552,32.2,106.54,-44.38,Noise,Right
1708334499760,-0.894992,0.057584,0.22936,34.79,82.18,-66.85,Noise,Right
1708334499760,-0.897432,0.081008,0.213744,31.99,51.1,-62.16,Noise,Right
1708334499760,-0.842776,0.05368,0.235216,29.05,41.72,-43.05,Noise,Right
1708334499820,-0.755424,-0.00488,0.279624,22.61,61.18,-26.11,Noise,Right
1708334499821,-1.742648,-0.30744,0.020008,29.47,46.13,-25.06,Noise,Right
1708334499821,-1.046272,0.131272,0.213256,19.81,28.28,-12.18,Noise,Right
1708334499821,-0.935984,0.008784,0.20984,12.6,24.01,-12.81,Noise,Right
1708334499901,-0.891576,0.061488,0.160064,20.65,20.93,-11.62,Noise,Right
1708334499901,-0.902312,0.037088,0.240584,8.12,17.08,-12.46,Noise,Right
1708334499901,-0.906704,-0.01952,0.266936,6.23,16.31,-10.78,Noise,Right
1708334499902,-0.842776,0.037576,0.27328,8.19,17.22,-7.84,Noise,Right
1708334499902,-0.997472,-0.032696,0.30012,7.56,20.37,-5.53,Noise,Right
1708334499971,-1.072136,0.020984,0.320616,20.37,24.36,-3.71,Noise,Right
1708334499972,-1.045784,-0.045384,0.306952,12.67,26.32,-0.91,Noise,Right
1708334499972,-0.8784,0.010248,0.290848,13.65,29.54,3.43,Noise,Right
1708334500086,-0.874008,-0.030744,0.235704,13.09,31.22,7.7,Noise,Right
1708334500086,-1.072624,0.015128,0.20252,15.68,35.0,7.35,Noise,Right
1708334500088,-0.7442,0.258152,0.242536,17.43,30.03,7.35,Noise,Right
1708334500088,-0.594384,0.71248,0.190808,37.1,28.42,-2.8,Noise,Right
1708334500088,-1.718736,0.14884,0.806176,54.67,13.65,-21.56,Noise,Right
1708334500088,-1.196088,0.912072,0.047336,28.77,-9.87,-1.05,Noise,Right
1708334500088,-0.995032,-0.022936,0.105896,-19.32,-10.92,-15.47,Noise,Right
1708334500149,-0.999912,0.028792,0.036112,-11.13,-18.62,-15.33,Noise,Right
1708334500149,-0.955992,-0.059536,0.045384,-10.85,-26.53,-11.83,Noise,Right
1708334500150,-0.955992,-0.188368,0.032696,-13.23,-36.19,-2.45,Noise,Right
1708334500150,-0.996984,-0.164944,-0.0854,-13.58,-45.22,9.1,Noise,Right
1708334500269,-1.032608,-0.130296,-0.244,-12.39,-60.55,17.85,Noise,Right
1708334500269,-1.136064,-0.027816,-0.355752,-31.71,-84.63,29.33,Noise,Right
1708334500269,-1.034072,0.033184,-0.260104,-54.46,-115.01,34.44,Noise,Right
1708334500269,-0.908168,-0.00488,-0.111264,-65.03,-139.3,33.88,Noise,Right
1708334500270,-1.22976,-0.08296,-0.02196,-51.59,-153.44,37.03,Noise,Right
1708334500270,-1.095072,-0.032696,0.070272,-54.81,-181.93,47.04,Noise,Right
1708334500271,-0.952576,-0.066368,0.16836,-66.01,-231.98,51.45,Noise,Right
1708334500410,-0.774456,-0.044896,0.268888,-68.18,-279.44,49.49,Noise,Right
1708334500410,-0.58072,0.015128,0.414312,-63.98,-308.63,36.19,Noise,Right
1708334500410,-0.462624,0.094184,0.528992,-58.45,-310.73,11.97,Noise,Right
1708334500411,-0.375272,0.098088,0.636352,-53.76,-297.43,-13.51,Noise,Right
1708334500411,-0.328912,0.051728,0.764696,-58.1,-279.44,-29.19,Noise,Right
1708334500463,-0.284504,0.008296,0.857904,-63.7,-258.16,-29.33,Noise,Right
1708334500463,-0.294752,0.03416,0.924272,-62.44,-235.34,-0.77,Noise,Right
1708334500463,-0.241072,0.061,0.952088,-59.22,-219.03,-2.31,Noise,Right
1708334500463,-0.102968,0.032208,1.1102,-49.98,-211.96,8.4,Noise,Right
1708334500463,0.00732,-0.017568,1.17364,-41.44,-212.8,12.81,Noise,Right
1708334500463,0.069784,-0.08052,1.222928,-34.51,-211.68,12.04,Noise,Right
1708334500463,0.059536,-0.163968,1.226832,-25.41,-196.56,5.81,Noise,Right
1708334500511,0.08784,-0.1586,1.1956,-15.82,-169.05,-3.99,Noise,Right
1708334500512,0.0976,-0.099064,1.199504,-13.72,-135.03,-20.37,Noise,Right
1708334500512,0.11956,-0.036112,1.214144,-19.53,-97.37,-40.39,Noise,Right
1708334500555,0.118584,-0.039528,1.216096,-22.12,-63.91,-54.88,Noise,Right
1708334500555,0.122488,-0.018056,1.24196,-17.5,-36.61,-64.4,Noise,Right
1708334500602,0.123464,0.022936,1.291736,-5.18,-25.83,-77.56,Noise,Right
1708334500602,0.129808,-0.05612,1.291248,8.96,-27.93,-86.59,Noise,Right
1708334500602,0.10248,-0.106384,1.284904,23.24,-37.24,-83.65,Noise,Right
1708334500652,0.130296,-0.08784,1.260504,36.82,-47.46,-71.61,Noise,Right
1708334500653,0.12688,-0.030256,1.286368,42.35,-49.07,-56.98,Noise,Right
1708334500653,0.106872,-0.001464,1.253672,47.46,-37.1,-45.85,Noise,Right
1708334500794,0.121024,0.038064,1.21756,50.61,-20.09,-38.64,Noise,Right
1708334500795,0.115168,0.086864,1.189744,47.74,-6.44,-38.08,Noise,Right
1708334500796,0.131272,0.07808,1.148752,33.53,-5.04,-44.87,Noise,Right
1708334500796,0.122,0.04392,1.102392,28.0,-14.56,-56.35,Noise,Right
1708334500796,0.101504,0.075152,1.060912,38.43,-30.24,-73.08,Noise,Right
1708334500796,0.102968,0.036112,1.049688,48.51,-47.39,-90.23,Noise,Right
1708334500796,0.112728,0.050752,1.091168,65.24,-56.42,-99.05,Noise,Right
1708334500916,0.12688,0.067832,1.074576,61.32,-54.11,-96.25,Noise,Right
1708334500916,0.105408,0.086376,1.056032,58.31,-40.67,-89.67,Noise,Right
1708334500916,0.082472,0.0976,1.028704,54.25,-22.54,-81.55,Noise,Right
1708334500917,0.096624,0.113704,1.008696,42.28,-7.42,-73.5,Noise,Right
1708334500917,0.098576,0.114192,1.004304,34.65,0.98,-68.04,Noise,Right
1708334500917,0.076616,0.112728,0.989664,33.11,2.66,-67.41,Noise,Right
1708334500917,0.05856,0.116144,0.962824,32.76,0.14,-70.14,Noise,Right
1708334500917,0.045384,0.1464,0.934032,33.88,-2.66,-75.88,Noise,Right
1708334500962,0.045384,0.129808,0.965264,30.38,-3.5,-75.6,Noise,Right
1708334500962,0.052704,0.109312,0.971608,27.79,-0.7,-66.92,Noise,Right
1708334500962,0.025864,0.103456,0.979416,26.18,3.64,-53.2,Noise,Right
1708334501014,0.018056,0.101992,0.97112,24.92,6.93,-39.55,Noise,Right
1708334501014,0.030744,0.127856,0.96136,21.49,8.61,-29.82,Noise,Right
1708334501014,0.028792,0.157136,0.946232,16.17,6.58,-27.02,Noise,Right
1708334501130,0.058072,0.173728,0.938912,15.33,2.31,-29.82,Noise,Right
1708334501130,0.06588,0.196664,0.938912,15.33,-0.91,-37.66,Noise,Right
1708334501131,0.066856,0.262056,0.93208,14.0,-0.56,-48.58,Noise,Right
1708334501131,0.032696,0.18788,0.929152,10.64,3.01,-58.24,Noise,Right
1708334501131,-0.013176,0.139568,0.92964,5.53,7.49,-54.32,Noise,Right
1708334501131,-0.059048,0.115168,0.92964,-0.49,9.94,-38.01,Noise,Right
1708334501132,-0.071248,0.125416,0.930128,-0.7,9.38,-17.15,Noise,Right
1708334501181,-0.043432,0.152256,0.94184,-3.36,3.57,1.96,Noise,Right
1708334501181,-0.008784,0.185928,0.930616,-4.13,-0.28,13.65,Noise,Right
1708334501182,0.03172,0.186904,0.933056,-8.89,-3.36,16.38,Noise,Right
1708334501235,0.045872,0.205448,0.966728,-12.88,-3.08,9.24,Noise,Right
1708334501235,0.027328,0.177144,0.983808,-15.4,0.91,-1.12,Noise,Right
1708334501237,-0.040016,0.115168,0.976,-15.12,5.74,-8.96,Noise,Right
1708334501290,-0.117608,0.103456,0.947208,-7.77,5.67,-7.98,Noise,Right
1708334501290,-0.122,0.081984,0.908168,-6.23,1.26,4.41,Noise,Right
1708334501291,-0.060024,0.117608,0.907192,-10.08,-8.12,26.32,Noise,Right
1708334501422,-0.002928,0.158112,0.949648,-15.68,-18.06,44.45,Noise,Right
1708334501427,0.054656,0.153232,0.9882,-17.71,-20.3,46.76,Noise,Right
1708334501450,0.091744,0.139568,1.03212,-17.57,-14.0,39.62,Noise,Right
1708334501450,0.088816,0.115656,1.053104,-17.29,0.84,30.03,Noise,Right
1708334501453,0.074176,0.104432,1.050664,-14.42,22.82,25.27,Noise,Right
1708334501453,0.038552,0.0732,1.018944,-16.8,44.31,31.99,Noise,Right
1708334501453,-0.003904,0.08784,0.984296,-21.77,59.22,51.24,Noise,Right
1708334501459,0.007808,0.111752,1.009672,-30.38,64.26,74.97,Noise,Right
1708334501459,0.007808,0.13176,1.027728,-39.13,64.4,95.34,Noise,Right
1708334501459,0.018056,0.104432,1.06384,-39.13,63.49,108.01,Noise,Right
1708334501506,-0.000976,0.072712,1.10044,-37.45,68.32,112.28,Noise,Right
1708334501508,0.00488,0.043432,1.139968,-40.18,85.68,113.54,Noise,Right
1708334501508,0.00244,0.066368,1.181936,-38.92,116.27,113.68,Noise,Right
1708334501555,-0.005856,0.103944,1.111176,-37.17,144.62,112.21,Noise,Right
1708334501556,-0.079544,0.122976,1.04676,-40.32,154.56,104.72,Noise,Right
1708334501556,-0.138104,0.122976,1.01748,-34.23,147.35,88.83,Noise,Right
1708334501639,-0.212768,0.122,0.9882,-27.79,127.19,69.37,Noise,Right
1708334501639,-0.220576,0.09272,1.00772,-17.92,109.27,51.94,Noise,Right
1708334501640,-0.19276,0.033184,1.102392,-20.23,109.76,51.31,Noise,Right
1708334501640,-0.210328,0.051728,1.101904,-28.77,137.76,68.18,Noise,Right
1708334501641,-0.274744,0.084424,1.057008,-27.09,175.77,87.36,Noise,Right
1708334501691,-0.320616,0.113216,1.002352,-33.25,195.23,95.69,Noise,Right
1708334501692,-0.423584,0.11468,0.949648,-32.34,191.24,86.8,Noise,Right
1708334501692,-0.480192,0.116632,0.906216,-18.2,172.41,65.59,Noise,Right
1708334501743,-0.531432,0.152256,0.87108,-6.16,150.92,40.25,Noise,Right
1708334501744,-0.55632,0.107848,0.89792,11.34,133.63,16.52,Noise,Right
1708334501744,-0.569008,0.123952,0.884256,16.59,127.19,8.05,Noise,Right
1708334501851,-0.571936,0.157136,0.8662,16.59,127.54,10.01,Noise,Right
1708334501852,-0.621224,0.133712,0.81984,2.31,137.62,24.57,Noise,Right
1708334501852,-0.688568,0.12932,0.77348,2.66,157.22,41.51,Noise,Right
1708334501852,-0.76372,0.11956,0.705648,6.93,168.07,50.96,Noise,Right
1708334501853,-0.797392,0.134688,0.637328,12.39,163.1,46.55,Noise,Right
1708334501853,-0.812032,0.233752,0.564128,25.76,145.81,28.14,Noise,Right
1708334501952,-0.800808,0.277184,0.504104,26.67,123.62,8.12,Noise,Right
1708334501952,-0.81008,0.244,0.430416,25.76,107.31,-2.73,Noise,Right
1708334501953,-0.901824,0.250344,0.367464,17.36,95.83,3.71,Noise,Right
1708334501953,-0.90036,0.227896,0.352336,15.89,85.54,15.05,Noise,Right
1708334501953,-0.872056,0.245952,0.345016,18.83,74.06,16.87,Noise,Right
1708334501953,-0.854,0.261568,0.33428,22.68,62.86,2.31,Noise,Right
1708334502003,-0.826184,0.30988,0.306952,23.17,53.13,-24.29,Noise,Right
1708334502003,-0.80276,0.291824,0.321104,17.5,51.03,-52.43,Noise,Right
1708334502004,-0.7686,0.208864,0.306952,3.92,62.16,-60.06,Noise,Right
1708334502050,-0.844728,0.150304,0.308416,2.59,80.29,-49.49,Noise,Right
1708334502050,-1.172176,-0.011712,0.390888,4.27,92.54,-33.32,Noise,Right
1708334502051,-0.77348,-0.08052,0.166896,35.0,33.95,11.83,Noise,Right
1708334502098,-0.982344,0.187392,0.32208,18.69,23.94,7.98,Noise,Right
1708334502099,-1.092144,0.091256,0.17812,23.03,37.52,-7.0,Noise,Right
1708334502099,-0.962336,0.190808,0.138104,14.77,35.07,-8.26,Noise,Right
1708334502226,-0.938424,0.181048,0.089792,-8.82,28.14,-7.77,Noise,Right
1708334502227,-0.949648,0.165432,0.098088,-12.25,18.97,-9.87,Noise,Right
1708334502227,-0.958432,0.122,0.159576,-5.53,11.2,-11.27,Noise,Right
1708334502227,-0.965264,0.085888,0.170312,-4.76,7.14,-9.31,Noise,Right
1708334502227,-0.951112,0.104432,0.154208,-7.35,3.15,-6.86,Noise,Right
1708334502227,-0.960384,0.095648,0.152744,-6.58,-1.26,-5.6,Noise,Right
1708334502228,-0.962336,0.086376,0.17812,-3.92,-5.25,-4.27,Noise,Right
1708334502355,-0.97356,0.10492,0.187392,-6.51,-8.4,-1.47,Noise,Right
1708334502355,-0.96136,0.149816,0.215208,-10.22,-10.99,-1.47,Noise,Right
1708334502357,-0.961848,0.093696,0.228384,-11.97,-12.6,-0.42,Noise,Right
1708334502357,-0.951112,0.133712,0.247904,-17.29,-13.44,0.91,Noise,Right
1708334502357,-0.935496,0.129808,0.272792,-30.94,-13.09,2.66,Noise,Right
1708334502358,-0.928176,0.09028,0.279136,-28.7,-12.6,2.52,Noise,Right
1708334502358,-0.938912,0.037576,0.303048,-20.86,-11.2,4.27,Noise,Right
1708334502359,-0.96624,-0.006832,0.317688,-23.94,-8.19,10.01,Noise,Right
1708334502407,-1.104832,0.01464,0.296704,-28.0,-9.1,6.09,Noise,Right
1708334502408,-1.126792,0.030256,0.2562,-8.82,-19.46,-9.24,Noise,Right
1708334502408,-1.089704,0.062952,0.264496,2.03,-34.44,-15.19,Noise,Right
1708334502457,-1.038952,0.083448,0.264496,-0.77,-49.84,-9.31,Noise,Right
1708334502457,-1.018944,0.120048,0.282552,-3.43,-56.91,5.95,Noise,Right
1708334502457,-0.976488,0.149816,0.288408,-9.38,-55.58,20.37,Noise,Right
1708334502500,-0.900848,0.15372,0.339648,-17.15,-47.88,32.83,Noise,Right
1708334502501,-0.830088,0.163968,0.381128,-20.79,-30.31,38.29,Noise,Right
1708334502501,-0.795928,0.205448,0.366488,-23.31,-14.56,34.86,Noise,Right
1708334502547,-0.839848,0.184952,0.36844,-27.23,-10.08,21.35,Noise,Right
1708334502547,-0.8662,0.223016,0.349896,-27.09,-23.94,2.59,Noise,Right
1708334502594,-0.861808,0.198128,0.378688,-22.19,-51.24,-19.04,Noise,Right
1708334502594,-0.816424,0.161528,0.413824,-19.46,-75.39,-31.22,Noise,Right
1708334502594,-0.801296,0.145912,0.438224,-18.9,-80.78,-35.07,Noise,Right
1708334502641,-0.832528,0.098576,0.44164,-24.71,-66.01,-29.96,Noise,Right
1708334502641,-0.828624,0.066856,0.445056,-24.01,-41.37,-15.26,Noise,Right
1708334502641,-0.836432,0.07808,0.435784,-27.86,-21.7,2.8,Noise,Right
1708334502687,-0.891576,0.085888,0.398208,-28.98,-14.42,15.82,Noise,Right
1708334502688,-0.906216,0.108824,0.359656,-21.21,-21.56,19.67,Noise,Right
1708334502688,-0.918904,0.127856,0.34892,-16.52,-43.26,11.27,Noise,Right
1708334502732,-0.677832,0.16836,0.41968,-35.28,-45.57,-7.0,Noise,Right
1708334502732,-0.772504,0.086864,0.456768,-32.55,35.21,-0.49,Noise,Right
1708334502779,-0.826184,-0.023912,0.438224,-36.82,5.25,-4.69,Noise,Right
1708334502779,-0.78568,0.042944,0.557784,-25.97,-44.03,64.75,Noise,Right
1708334502779,-0.891088,-0.033672,0.59292,-22.89,-34.3,50.89,Noise,Right
1708334502826,-0.947208,0.025376,0.521672,-19.25,-19.11,47.88,Noise,Right
1708334502826,-1.016992,0.0366,0.51484,-14.07,-6.65,33.32,Noise,Right
1708334502826,-1.117032,0.042944,0.44164,-3.15,-8.82,30.1,Noise,Right
1708334502959,-0.922808,0.084912,0.549,0.84,-24.29,37.8,Noise,Right
1708334502959,-0.752984,0.10492,0.652944,-5.46,-27.16,46.83,Noise,Right
1708334502960,-0.674904,0.035624,0.752496,-12.81,-21.84,57.82,Noise,Right
1708334502960,-0.826184,0.018544,0.763232,-8.68,-9.31,62.3,Noise,Right
1708334502960,-1.027728,-0.057096,0.611952,-9.8,-2.73,67.27,Noise,Right
1708334502961,-0.881328,0.08052,0.62464,3.15,-5.74,85.68,Noise,Right
1708334502961,-0.681248,0.360144,0.5734,11.9,8.19,87.57,Noise,Right
1708334503010,-0.682712,0.457256,0.508984,14.84,26.74,70.56,Noise,Right
1708334503010,-2.335568,-0.388936,-0.266448,1.82,24.43,3.22,Noise,Right
1708334503010,-1.4762,0.398208,0.364048,13.09,-73.15,-22.82,Noise,Right
1708334503010,-1.012112,0.555832,0.181536,31.71,-149.87,-31.5,Noise,Right
1708334503057,-0.69052,0.479704,0.367952,17.92,-62.23,18.2,Noise,Right
1708334503057,-0.303048,0.610488,0.357704,-6.51,-53.83,82.04,Noise,Right
1708334503103,0.032208,0.738344,0.465552,-22.82,-19.88,82.6,Noise,Right
1708334503103,0.063928,0.665632,0.500688,-29.54,25.55,19.18,Noise,Right
1708334503104,-0.264008,0.329888,0.43188,-17.99,22.4,-50.05,Noise,Right
1708334503153,-0.648064,0.140544,0.439688,4.34,-26.67,-80.15,Noise,Right
1708334503153,-0.82716,-0.120536,0.571448,22.75,-80.64,-75.88,Noise,Right
1708334503153,-0.894504,-0.155672,0.674416,25.34,-92.19,-34.02,Noise,Right
1708334503198,-0.840336,-0.108824,0.7198,10.71,-62.86,12.18,Noise,Right
1708334503198,-0.733952,0.049288,0.709064,9.45,-24.29,46.2,Noise,Right
1708334503198,-0.633912,0.250344,0.635376,7.7,-3.57,59.08,Noise,Right
1708334503245,-0.568032,0.364048,0.598776,7.56,-5.67,53.62,Noise,Right
1708334503245,-0.520208,0.392352,0.581696,8.82,-23.31,38.99,Noise,Right
1708334503298,-0.533384,0.434808,0.568032,5.67,-46.41,17.57,Noise,Right
1708334503299,-0.547048,0.3782,0.532896,-0.98,-69.86,-8.47,Noise,Right
1708334503299,-0.56364,0.26596,0.601216,-16.8,-89.32,-30.1,Noise,Right
1708334503351,-0.565592,0.228384,0.642208,-19.53,-85.05,-37.8,Noise,Right
1708334503351,-0.523136,0.2318,0.680272,-21.84,-61.53,-32.83,Noise,Right
1708334503352,-0.508984,0.29768,0.726144,-30.1,-33.95,-22.12,Noise,Right
1708334503352,-0.52216,0.294752,0.784216,-38.71,-16.45,-18.06,Noise,Right
1708334503399,-0.569496,0.27328,0.815936,-42.42,-16.59,-18.55,Noise,Right
1708334503399,-0.632448,0.213744,0.880352,-39.76,-26.74,-24.64,Noise,Right
1708334503399,-0.682224,0.119072,0.938424,-38.22,-33.46,-30.17,Noise,Right
1708334503448,-0.684664,0.053192,0.983808,-33.81,-33.6,-29.12,Noise,Right
1708334503448,-0.673928,0.089304,1.022848,-27.09,-29.4,-26.11,Noise,Right
1708334503576,-0.635376,0.15372,1.02968,-16.59,-25.2,-25.83,Noise,Right
1708334503578,-0.630008,0.272304,1.031144,2.59,-24.57,-33.25,Noise,Right
1708334503581,-0.589016,0.311344,0.996984,9.45,-31.36,-36.19,Noise,Right
1708334503581,-0.557296,0.289872,1.016992,9.17,-37.8,-32.34,Noise,Right
1708334503581,-0.582184,0.225456,1.004304,4.06,-26.11,-20.72,Noise,Right
1708334503581,-0.609024,0.15372,0.962336,5.53,-1.75,-7.0,Noise,Right
1708334503582,-0.631472,0.145424,0.931104,6.16,19.74,6.37,Noise,Right
1708334503689,-0.598776,0.137616,0.910608,8.82,29.33,14.98,Noise,Right
1708334503690,-0.576328,0.164944,0.882304,14.49,28.0,17.01,Noise,Right
1708334503690,-0.559736,0.204472,0.857904,22.12,21.56,9.17,Noise,Right
1708334503690,-0.547536,0.235704,0.864736,35.63,17.57,-5.6,Noise,Right
1708334503690,-0.53436,0.265472,0.856928,43.12,20.51,-17.15,Noise,Right
1708334503690,-0.512888,0.264008,0.83936,41.37,31.92,-20.86,Noise,Right
1708334503690,-0.547048,0.216184,0.828624,47.18,48.3,-16.24,Noise,Right
1708334503741,-0.612928,0.205936,0.827648,53.9,61.81,-7.35,Noise,Right
1708334503741,-0.670024,0.197152,0.793,62.86,68.81,-2.52,Noise,Right
1708334503742,-0.675392,0.21472,0.774456,70.14,68.53,-6.16,Noise,Right
1708334503742,-0.675392,0.264008,0.774944,71.47,69.23,-17.08,Noise,Right
1708334503788,-0.688568,0.262056,0.753472,74.9,76.93,-32.76,Noise,Right
1708334503788,-0.731024,0.243512,0.728096,79.31,85.47,-48.44,Noise,Right
1708334503832,-0.801784,0.22936,0.65636,79.8,86.17,-51.66,Noise,Right
1708334503832,-0.813984,0.238632,0.628056,71.61,78.68,-42.07,Noise,Right
1708334503833,-0.76128,0.262056,0.606584,66.99,71.19,-30.38,Noise,Right
1708334503880,-0.697352,0.28792,0.582672,64.47,72.66,-32.27,Noise,Right
1708334503880,-0.738344,0.269864,0.490928,62.09,82.18,-45.71,Noise,Right
1708334503880,-0.780312,0.225944,0.386984,56.14,89.95,-56.21,Noise,Right
1708334503925,-0.874496,0.152744,0.303048,54.88,86.1,-52.85,Noise,Right
1708334503925,-0.887672,0.186904,0.237656,60.13,69.09,-39.06,Noise,Right
1708334503971,-0.83692,0.225944,0.270352,42.63,45.22,-23.87,Noise,Right
1708334503971,-0.755424,0.188368,0.335256,32.41,45.64,-14.56,Noise,Right
1708334503971,-0.736392,0.172264,0.355752,32.76,65.66,-20.93,Noise,Right
1708334504018,-0.826184,0.099064,0.33672,28.77,83.51,-36.12,Noise,Right
1708334504018,-0.914024,0.08296,0.275232,28.28,86.38,-47.81,Noise,Right
1708334504019,-0.989176,0.096136,0.198128,26.81,70.91,-47.25,Noise,Right
1708334504064,-1.034072,0.128832,0.148352,29.89,46.55,-35.98,Noise,Right
1708334504064,-1.014552,0.11712,0.132248,30.03,24.43,-17.5,Noise,Right
1708334504064,-0.929152,0.133712,0.164456,30.1,17.22,-3.99,Noise,Right
1708334504116,-0.832528,0.135664,0.203984,20.02,38.36,-12.67,Noise,Right
1708334504116,-0.836432,0.140544,0.225456,15.12,62.72,-33.95,Noise,Right
1708334504199,-0.86376,0.157136,0.20984,13.02,76.79,-61.04,Noise,Right
1708334504200,-1.034072,0.063928,0.110776,9.73,70.91,-71.54,Noise,Right
1708334504200,-1.06872,0.061488,0.057584,15.33,45.92,-49.49,Noise,Right
1708334504200,-1.014064,0.089304,0.070272,15.89,14.63,-12.67,Noise,Right
1708334504200,-0.89792,0.138104,0.08784,15.54,1.47,17.71,Noise,Right
1708334504249,-0.759328,0.140056,0.14396,15.89,15.12,24.01,Noise,Right
1708334504249,-0.722728,0.118584,0.145912,9.94,48.93,1.05,Noise,Right
1708334504250,-2.17648,-0.18056,0.064416,7.77,81.83,-44.03,Noise,Right
1708334504293,-1.0614,-0.190808,-0.204472,33.11,15.96,-15.4,Noise,Right
1708334504293,-0.932568,0.248392,0.110776,-10.08,-1.05,-16.94,Noise,Right
1708334504293,-0.964776,0.117608,0.020496,1.61,-2.52,-18.97,Noise,Right
1708334504355,-0.945744,0.162504,0.073688,-1.96,-6.79,-20.79,Noise,Right
1708334504355,-0.742248,0.024888,0.126392,-5.39,-7.42,-24.01,Noise,Right
1708334504355,-0.41968,0.147376,0.201056,19.88,-1.05,-23.17,Noise,Right
1708334504403,-0.540216,0.07564,0.2562,22.33,-1.05,-24.5,Noise,Right
1708334504403,-1.903688,-0.25376,0.073688,33.46,1.19,-17.57,Noise,Right
1708334504403,-1.164368,0.028304,0.243024,16.73,4.69,-2.03,Noise,Right
1708334504446,-0.977952,0.077592,0.103944,-2.87,12.67,-5.67,Noise,Right
1708334504448,-0.959408,0.110776,0.040992,8.61,11.34,-7.14,Noise,Right
1708334504448,-0.972096,0.111752,-0.016104,3.92,5.39,-8.4,Noise,Right
1708334504493,-0.943304,0.169824,-0.117608,9.31,-4.27,-12.6,Noise,Right
1708334504493,-0.38796,0.305,0.0,11.2,-18.2,-19.53,Noise,Right
1708334504493,0.055144,0.318664,0.122,3.29,-28.91,-27.79,Noise,Right
1708334504547,-1.962736,-0.244,0.167872,66.92,-34.37,-12.11,Noise,Right
1708334504547,-0.971608,-0.030256,0.149816,-16.45,-25.9,-12.25,Noise,Right
1708334504602,-0.938424,-0.096624,0.135664,-4.83,-29.4,-5.11,Noise,Right
1708334504602,-0.935496,-0.07564,0.076616,-3.92,-31.71,4.41,Noise,Right
1708334504602,-0.994056,-0.195688,-0.010248,-13.86,-38.57,13.72,Noise,Right
1708334504602,-0.991128,-0.14152,-0.098576,-25.27,-45.99,25.55,Noise,Right
1708334504648,-1.014064,-0.016592,-0.183976,-51.38,-61.6,40.04,Noise,Right
1708334504648,-1.023824,0.020984,-0.25132,-59.01,-83.23,46.34,Noise,Right
1708334504648,-1.014552,-0.061976,-0.18544,-67.55,-106.12,50.89,Noise,Right
1708334504693,-0.964776,-0.003904,-0.049288,-74.06,-125.86,54.11,Noise,Right
1708334504693,-0.913536,0.018544,0.096136,-80.64,-143.08,54.74,Noise,Right
1708334504742,-1.126792,-0.0122,0.118584,-74.9,-157.08,33.46,Noise,Right
1708334504742,-1.035048,-0.012688,0.205448,-74.83,-170.87,25.41,Noise,Right
1708334504742,-0.946232,-0.059048,0.31476,-88.13,-190.4,37.73,Noise,Right
1708334504800,-0.837896,-0.066856,0.403088,-82.53,-205.8,54.53,Noise,Right
1708334504800,-0.718824,-0.015616,0.491416,-73.71,-214.06,63.35,Noise,Right
1708334504800,-0.666608,0.058072,0.581208,-64.54,-211.96,55.16,Noise,Right
1708334504800,-0.601216,0.076616,0.62952,-62.58,-205.66,38.43,Noise,Right
1708334504850,-0.562176,0.120048,0.692472,-61.18,-202.65,2.1,Noise,Right
1708334504850,-0.50752,0.131272,0.720776,-60.48,-205.8,1.47,Noise,Right
1708334504893,-0.4514,0.147864,0.687592,-68.95,-215.74,-5.95,Noise,Right
1708334504893,-0.369416,0.150792,0.671,-66.36,-230.09,-12.74,Noise,Right
1708334504893,-0.230824,0.15616,0.743224,-60.48,-245.91,-19.46,Noise,Right
1708334504939,-0.094184,0.14396,0.900848,-60.2,-253.47,-28.56,Noise,Right
1708334504939,0.03904,0.143472,1.096536,-47.25,-243.88,-39.34,Noise,Right
1708334504939,0.100528,0.085888,1.247328,-41.3,-211.75,-43.19,Noise,Right
1708334504985,0.07564,-0.006344,1.23952,-33.74,-169.12,-41.51,Noise,Right
1708334504985,0.061976,-0.106384,1.22488,-26.88,-134.4,-39.83,Noise,Right
1708334505033,0.038064,-0.122488,1.194624,-16.59,-111.09,-44.1,Noise,Right
1708334505034,0.042944,-0.10248,1.18584,-12.81,-96.39,-58.8,Noise,Right
1708334505034,0.086376,-0.07076,1.197552,-7.0,-86.66,-76.44,Noise,Right
1708334505079,0.103944,-0.026352,1.27124,6.58,-75.53,-91.14,Noise,Right
1708334505079,0.096624,-0.00732,1.279536,9.59,-62.86,-97.23,Noise,Right
1708334505079,0.067344,-0.030744,1.291736,12.6,-49.91,-90.51,Noise,Right
1708334505125,0.015616,-0.023912,1.265384,17.43,-37.8,-76.51,Noise,Right
1708334505125,-0.02928,-0.043432,1.237568,21.84,-30.66,-59.43,Noise,Right
1708334505126,-0.031232,-0.008296,1.226344,21.0,-30.03,-43.47,Noise,Right
1708334505172,0.006832,0.02196,1.223416,23.8,-34.44,-36.33,Noise,Right
1708334505177,0.055632,0.059048,1.22732,31.22,-37.8,-38.92,Noise,Right
1708334505219,0.067344,0.053192,1.216096,37.38,-37.31,-49.63,Noise,Right
1708334505219,0.042944,0.04148,1.194624,41.58,-32.34,-62.93,Noise,Right
1708334505220,0.042944,0.027816,1.157048,45.29,-25.06,-73.08,Noise,Right
1708334505266,0.014152,0.01952,1.117032,46.34,-19.95,-74.55,Noise,Right
1708334505266,0.005368,0.018544,1.108248,44.03,-17.85,-68.46,Noise,Right
1708334505266,0.009272,0.069784,1.072624,45.08,-17.57,-59.43,Noise,Right
1708334505310,0.016592,0.083448,1.043832,42.63,-19.95,-52.22,Noise,Right
1708334505311,0.020984,0.083936,1.01748,40.46,-23.59,-52.64,Noise,Right
1708334505311,0.021472,0.105896,1.014064,44.38,-25.06,-58.87,Noise,Right
1708334505360,0.019032,0.10736,1.003816,46.97,-22.05,-68.18,Noise,Right
1708334505360,0.020008,0.099064,1.012112,46.2,-16.8,-76.16,Noise,Right
1708334505481,0.028304,0.08296,0.99796,41.16,-11.69,-76.58,Noise,Right
1708334505481,0.048312,0.093208,1.003328,37.87,-8.75,-70.0,Noise,Right
1708334505481,0.065392,0.10736,0.991616,35.91,-8.05,-61.67,Noise,Right
1708334505482,0.066856,0.11468,1.016992,34.37,-9.38,-36.33,Noise,Right
1708334505482,0.060024,0.118096,0.995032,34.58,-7.07,-48.79,Noise,Right
1708334505482,0.045872,0.10004,0.99064,33.67,-2.31,-47.11,Noise,Right
1708334505482,0.033672,0.126392,0.976976,34.44,3.57,-47.25,Noise,Right
1708334505533,0.038064,0.14152,0.970632,31.43,9.52,-47.25,Noise,Right
1708334505533,0.028304,0.15616,0.955016,27.16,15.19,-46.34,Noise,Right
1708334505533,0.009272,0.167872,0.937448,22.75,18.34,-46.48,Noise,Right
1708334505637,-0.026352,0.158112,0.933544,19.32,19.04,-43.68,Noise,Right
1708334505638,-0.016592,0.174216,0.926224,19.25,16.52,-38.57,Noise,Right
1708334505638,-0.022448,0.194224,0.935496,14.91,9.38,-32.41,Noise,Right
1708334505638,-0.018544,0.194224,0.947696,10.92,1.4,-28.42,Noise,Right
1708334505638,-0.022936,0.200568,0.964288,11.83,-4.27,-30.1,Noise,Right
1708334505638,-0.020496,0.231312,0.96868,11.06,-4.48,-34.58,Noise,Right
1708334505697,-0.039528,0.224968,0.967216,10.29,0.63,-37.87,Noise,Right
1708334505701,-0.081008,0.191296,0.952088,5.74,9.59,-32.55,Noise,Right
1708334505706,-0.141032,0.15128,0.944768,-0.98,19.6,-20.37,Noise,Right
1708334505707,-0.142984,0.164944,0.922808,-2.66,23.45,-4.2,Noise,Right
1708334505823,-0.124928,0.162016,0.928664,-9.8,14.63,9.59,Noise,Right
1708334505823,-0.094672,0.16836,0.938424,-11.27,-0.98,17.08,Noise,Right
1708334505823,-0.0732,0.167384,0.955504,-5.11,-17.78,14.07,Noise,Right
1708334505823,-0.06344,0.192272,0.98332,6.65,-28.98,3.57,Noise,Right
1708334505825,-0.06344,0.196176,0.999424,10.43,-30.52,-5.74,Noise,Right
1708334505825,-0.073688,0.187392,0.994544,2.38,-20.86,-3.92,Noise,Right
1708334505825,-0.10004,0.106872,0.971608,-15.75,-2.87,11.27,Noise,Right
1708334505872,-0.091256,0.063928,0.950624,-22.82,20.79,41.44,Noise,Right
1708334505873,-0.025376,0.151768,0.926712,-24.99,33.81,71.4,Noise,Right
1708334505873,0.014152,0.171288,0.923296,-36.47,27.09,85.4,Noise,Right
1708334505991,0.0122,0.202032,0.944768,-29.05,12.95,78.26,Noise,Right
1708334505991,0.057584,0.203008,0.959408,-18.13,6.86,59.01,Noise,Right
1708334505991,0.049776,0.18544,1.020408,-5.46,14.98,36.82,Noise,Right
1708334505992,0.091256,0.176656,1.077992,-25.06,48.09,36.12,Noise,Right
1708334505992,0.091744,0.151768,1.098976,-56.07,105.49,57.89,Noise,Right
1708334505992,0.070272,0.117608,1.111176,-75.04,170.66,99.12,Noise,Right
1708334505992,0.020496,0.099552,1.140456,-95.41,212.45,161.14,Noise,Right
1708334506040,-0.149816,0.037576,1.150704,-96.53,217.35,165.69,Noise,Right
1708334506041,-0.218136,0.052704,1.127768,-69.37,208.11,162.33,Noise,Right
1708334506041,-0.280112,0.171776,1.02236,-43.12,191.38,133.91,Noise,Right
1708334506041,-0.308416,0.259128,1.016992,-20.65,173.04,90.3,Noise,Right
1708334506091,-0.343552,0.18056,1.079944,-21.49,171.43,54.95,Noise,Right
1708334506091,-0.365024,0.135664,1.079944,-22.12,181.93,36.12,Noise,Right
1708334506215,-0.442128,0.143472,1.047736,-25.69,189.28,28.56,Noise,Right
1708334506215,-0.489464,0.149328,0.962336,-22.68,192.29,25.48,Noise,Right
1708334506215,-0.549488,0.157136,0.758352,-20.51,191.94,22.19,Noise,Right
1708334506215,-0.593896,0.157624,0.752984,-18.55,191.66,22.05,Noise,Right
1708334506216,-0.641232,0.169824,0.655872,-11.34,187.25,23.66,Noise,Right
1708334506216,-0.66856,0.237656,0.583648,-9.8,168.07,21.91,Noise,Right
1708334506216,-0.66612,0.216184,0.608048,-10.08,140.7,16.66,Noise,Right
1708334506346,-0.642696,0.218136,0.65148,-7.0,124.32,14.63,Noise,Right
1708334506346,-0.630008,0.216184,0.63196,-4.2,119.7,7.56,Noise,Right
1708334506346,-0.683688,0.172752,0.581696,-6.44,124.11,-4.76,Noise,Right
1708334506348,-0.774456,0.077592,0.532896,-4.41,130.13,-20.58,Noise,Right
1708334506348,-0.871568,0.05612,0.444568,-2.8,127.54,-30.45,Noise,Right
1708334506348,-0.936472,0.036112,0.387472,-9.03,116.76,-26.04,Noise,Right
1708334506348,-0.947208,0.084912,0.339648,-6.37,99.54,-6.51,Noise,Right
1708334506348,-0.911584,0.046848,0.361608,2.24,73.85,14.0,Noise,Right
1708334506397,-0.896456,0.072712,0.391864,11.55,43.68,20.86,Noise,Right
1708334506398,-0.875472,0.081496,0.406016,20.51,24.08,6.02,Noise,Right
1708334506398,-0.840824,0.085888,0.39772,11.83,23.03,-14.35,Noise,Right
1708334506441,-0.800808,0.07564,0.366976,-1.82,45.64,-23.8,Noise,Right
1708334506442,-0.770064,0.061,0.288896,-17.01,85.12,-13.3,Noise,Right
1708334506442,-0.806664,0.030744,0.308904,-20.79,122.08,4.27,Noise,Right
1708334506514,-1.043832,-0.295728,0.002928,54.95,85.4,40.53,Noise,Right
1708334506514,-1.138504,0.247904,0.241072,17.29,29.96,69.58,Noise,Right
1708334506514,-1.138504,0.083936,0.26108,-13.02,37.45,30.45,Noise,Right
1708334506566,-0.960872,0.163968,0.151768,11.62,41.58,12.88,Noise,Right
1708334506566,-0.955016,0.1586,0.193736,5.04,38.92,11.69,Noise,Right
1708334506566,-0.944768,0.110288,0.183,-14.63,33.53,15.26,Noise,Right
1708334506566,-0.915976,0.153232,0.183488,-11.2,31.85,15.54,Noise,Right
1708334506614,-0.94184,0.11468,0.17812,-0.56,29.96,12.95,Noise,Right
1708334506614,-0.975512,0.09272,0.17568,11.76,29.47,13.3,Noise,Right
1708334506614,-0.989664,0.118584,0.123952,10.64,28.14,15.82,Noise,Right
1708334506659,-0.979904,0.133224,0.095648,5.46,24.85,17.85,Noise,Right
1708334506659,-0.969656,0.144936,0.116144,2.38,21.14,18.41,Noise,Right
1708334506659,-0.949648,0.157136,0.11712,-2.31,18.2,19.39,Noise,Right
1708334506707,-0.959896,0.183976,0.12932,-1.4,15.54,17.92,Noise,Right
1708334506707,-0.962336,0.164456,0.119072,-3.01,13.51,18.41,Noise,Right
1708334506708,-0.955016,0.153232,0.108336,-0.77,11.34,18.9,Noise,Right
1708334506760,-0.958432,0.19764,0.09516,2.45,9.03,18.83,Noise,Right
1708334506761,-0.960384,0.245464,0.062952,4.27,6.02,17.57,Noise,Right
1708334506797,-0.984296,0.25376,0.044896,4.06,1.47,14.28,Noise,Right
1708334506797,-0.956968,0.253272,0.050264,3.57,-4.13,10.92,Noise,Right
1708334506797,-0.958432,0.246928,0.056608,1.82,-9.38,8.12,Noise,Right
1708334506844,-0.952576,0.279624,0.08784,1.54,-13.93,4.55,Noise,Right
1708334506844,-0.959408,0.256688,0.101504,0.84,-17.22,1.33,Noise,Right
1708334506844,-0.953552,0.237656,0.133712,0.63,-19.25,-1.19,Noise,Right
1708334506892,-0.953552,0.221552,0.156648,-1.05,-20.02,-2.94,Noise,Right
1708334506892,-0.954528,0.20252,0.160064,-0.42,-19.74,-4.2,Noise,Right
1708334506893,-0.957456,0.159576,0.1586,-5.39,-19.88,-3.22,Noise,Right
1708334506939,-0.975512,0.172752,0.1464,-13.72,-20.72,0.28,Noise,Right
1708334506939,-0.972584,0.20252,0.148352,-28.42,-22.68,3.01,Noise,Right
1708334506985,-0.96136,0.2318,0.17324,-42.14,-27.23,-0.91,Noise,Right
1708334506985,-0.974048,0.171776,0.20496,-34.86,-39.76,-15.68,Noise,Right
1708334506985,-0.943304,0.1464,0.264496,-29.82,-54.95,-22.47,Noise,Right
1708334507029,-0.915488,0.114192,0.31232,-18.34,-63.49,-27.16,Noise,Right
1708334507029,-0.950136,0.079544,0.340624,-8.12,-61.46,-27.09,Noise,Right
1708334507029,-0.960872,0.04148,0.382104,-7.84,-47.53,-24.01,Noise,Right
1708334507080,-1.078968,0.023912,0.375272,-12.25,-26.46,-16.1,Noise,Right
1708334507080,-1.08092,0.097112,0.373808,-10.36,-6.86,-2.1,Noise,Right
1708334507080,-1.023336,0.14152,0.33184,-16.52,-0.35,17.57,Noise,Right
1708334507175,-0.977464,0.164944,0.282552,-20.37,-9.59,39.76,Noise,Right
1708334507175,-0.930128,0.208376,0.284992,-10.99,-25.69,50.96,Noise,Right
1708334507175,-0.8906,0.273768,0.276208,-1.4,-42.7,25.34,Noise,Right
1708334507176,-0.864248,0.287432,0.287432,-3.85,-44.8,-8.47,Noise,Right
1708334507271,-0.935008,0.20984,0.247904,-10.64,-55.79,-51.31,Noise,Right
1708334507271,-0.870104,0.14152,0.339648,-19.04,-78.26,-3.57,Noise,Right
1708334507271,-0.803736,0.122976,0.42212,-25.97,-68.53,4.62,Noise,Right
1708334507375,-0.765672,0.11956,0.454816,-20.93,-44.66,-1.47,Noise,Right
1708334507376,-0.772016,0.135176,0.462136,-26.74,2.66,1.47,Noise,Right
1708334507376,-1.023824,0.28792,0.42212,33.53,5.88,113.96,Noise,Right
1708334507376,-0.605608,0.253272,0.250832,-36.75,-28.28,76.3,Noise,Right
1708334507377,-0.791048,0.269376,0.27328,-21.42,-43.33,38.5,Noise,Right
1708334507377,-1.002352,0.237168,0.2806,-31.71,-45.36,-6.79,Noise,Right
1708334507477,-1.060424,0.0122,0.387472,-32.13,-47.39,-24.71,Noise,Right
1708334507477,-0.95404,-0.11956,0.677344,-29.96,-45.78,-4.76,Noise,Right
1708334507478,-0.867664,-0.145912,0.815936,-27.23,-29.61,24.92,Noise,Right
1708334507478,-0.80276,-0.040504,0.718336,-24.36,-9.94,37.03,Noise,Right
1708334507478,-0.67344,0.20984,0.630008,-21.07,-13.72,46.69,Noise,Right
1708334507478,-0.87596,0.34404,0.427488,-14.84,-33.39,43.26,Noise,Right
1708334507530,-0.891088,0.350872,0.377224,-16.45,-53.97,37.24,Noise,Right
1708334507530,-0.786168,0.353312,0.506544,-20.51,-59.92,34.58,Noise,Right
1708334507530,-0.868152,0.04636,0.746152,-29.54,-48.72,36.61,Noise,Right
1708334507655,-0.944768,-0.16836,0.850584,-40.46,-26.67,43.61,Noise,Right
1708334507655,-0.849608,0.064416,0.788608,-20.72,-1.54,54.81,Noise,Right
1708334507655,-0.764696,0.227896,0.626592,-8.12,8.05,47.88,Noise,Right
1708334507655,-0.732488,0.413824,0.480192,0.0,8.33,48.44,Noise,Right
1708334507656,-0.406016,0.555832,0.475312,-3.71,7.0,33.18,Noise,Right
1708334507656,-0.406504,0.44652,0.42456,-13.09,16.03,6.02,Noise,Right
1708334507656,-2.867,0.106384,0.208864,7.49,22.61,-42.77,Noise,Right
1708334507783,-0.8052,0.478728,0.33184,-57.4,6.86,2.59,Noise,Right
1708334507783,-0.466528,0.64172,0.54656,-3.15,-109.2,50.54,Noise,Right
1708334507784,-0.473848,0.38064,0.5612,-15.12,-94.08,-11.41,Noise,Right
1708334507784,-0.607072,-0.05124,0.850096,-36.75,-4.34,-37.45,Noise,Right
1708334507784,-0.735904,-0.112728,0.789096,-31.29,50.61,27.58,Noise,Right
1708334507784,-0.745176,0.087352,0.706624,-17.99,42.77,78.33,Noise,Right
1708334507784,-0.687592,0.318664,0.568032,4.69,15.26,66.01,Noise,Right
1708334507784,-0.713456,0.362584,0.420168,15.89,4.27,34.58,Noise,Right
1708334507909,-0.737368,0.4026,0.331352,17.29,-4.2,23.8,Noise,Right
1708334507910,-0.752984,0.366488,0.340624,13.09,-18.76,22.33,Noise,Right
1708334507910,-0.735416,0.312808,0.388448,5.25,-36.4,9.59,Noise,Right
1708334507910,-0.690032,0.275232,0.455792,4.76,-53.97,-20.72,Noise,Right
1708334507910,-0.59536,0.217648,0.530944,7.35,-69.51,-58.17,Noise,Right
1708334507910,-0.525576,0.138592,0.600728,1.26,-72.38,-76.44,Noise,Right
1708334507910,-0.543144,0.179584,0.606096,-1.75,-57.96,-72.94,Noise,Right
1708334507962,-0.583648,0.171776,0.582184,-2.45,-41.72,-53.97,Noise,Right
1708334508009,-0.724192,0.15616,0.5368,-4.41,-38.57,-30.94,Noise,Right
1708334508009,-0.782264,0.111264,0.531432,-1.75,-56.63,-13.09,Noise,Right
1708334508010,-0.764208,0.036112,0.612928,-4.48,-89.18,2.24,Noise,Right
1708334508010,-0.689544,0.02196,0.722728,-7.42,-110.32,17.43,Noise,Right
1708334508011,-0.631472,0.064904,0.801296,-4.06,-114.66,30.38,Noise,Right
1708334537524,0.389912,-0.313296,-0.856928,-7.91,-17.29,31.15,Noise,Right
1708334537524,0.37576,-0.32696,-0.875472,-3.78,-29.12,39.06,Noise,Right
1708334537524,0.389424,-0.315248,-0.865712,-0.42,-41.37,47.39,Noise,Right
1708334537524,0.392352,-0.309392,-0.845216,3.85,-40.74,53.9,Noise,Right
1708334537569,0.406504,-0.293776,-0.793,1.75,-30.52,54.46,Noise,Right
1708334537570,0.369416,-0.303048,-0.806664,-2.38,-14.49,49.91,Noise,Right
1708334537571,0.341112,-0.333304,-0.824232,-5.81,-4.06,45.57,Noise,Right
1708334537616,0.291336,-0.34648,-0.854,-5.11,0.21,42.77,Noise,Right
1708334537617,0.256688,-0.372344,-0.86376,-2.17,-4.41,41.37,Noise,Right
1708334537617,0.252296,-0.386008,-0.859856,3.22,-13.65,42.21,Noise,Right
1708334537662,0.243512,-0.352824,-0.853512,7.98,-20.93,43.82,Noise,Right
1708334537664,0.26352,-0.357216,-0.842776,8.89,-25.48,43.26,Noise,Right
1708334537713,0.237656,-0.330864,-0.81984,6.86,-27.3,45.43,Noise,Right
1708334537713,0.21228,-0.33672,-0.80032,2.52,-23.38,42.56,Noise,Right
1708334537713,0.164944,-0.3416,-0.810568,-1.54,-17.92,34.72,Noise,Right
1708334537785,0.123952,-0.362096,-0.826672,-3.78,-18.13,29.4,Noise,Right
1708334537785,0.103944,-0.356728,-0.853024,-4.48,-26.18,26.67,Noise,Right
1708334537786,0.144448,-0.372344,-0.852048,-5.25,-32.41,26.04,Noise,Right
1708334537786,0.182512,-0.372344,-0.857904,-3.36,-30.59,27.93,Noise,Right
1708334537835,0.203496,-0.374784,-0.8418,-3.71,-21.28,30.1,Noise,Right
1708334537835,0.191296,-0.384056,-0.83692,-4.41,-9.52,29.05,Noise,Right
1708334537836,0.144936,-0.379664,-0.854488,-6.09,-0.42,25.55,Noise,Right
1708334537885,0.108336,-0.396256,-0.88328,-5.32,2.59,20.79,Noise,Right
1708334537885,0.108824,-0.414312,-0.907192,-0.14,-1.47,19.81,Noise,Right
1708334537885,0.121512,-0.3782,-0.882792,3.78,-6.93,19.67,Noise,Right
1708334537931,0.126392,-0.360632,-0.8784,3.71,-6.02,15.19,Noise,Right
1708334537931,0.120048,-0.36112,-0.865224,1.4,-6.72,13.51,Noise,Right
1708334537931,0.108824,-0.345992,-0.869128,-1.26,-8.05,9.66,Noise,Right
1708334537986,0.10248,-0.372344,-0.884744,-3.78,-9.45,5.04,Noise,Right
1708334537992,0.101992,-0.38796,-0.891576,-4.2,-12.18,3.85,Noise,Right
1708334537997,0.107848,-0.397232,-0.89792,-3.5,-15.19,2.59,Noise,Right
1708334538022,0.098088,-0.378688,-0.90036,-3.08,-19.53,1.47,Noise,Right
1708334538022,0.11468,-0.376248,-0.911584,-2.52,-23.52,-0.84,Noise,Right
1708334538068,0.144936,-0.375272,-0.894504,-3.08,-25.83,-1.54,Noise,Right
1708334538068,0.148352,-0.376736,-0.884256,-3.78,-22.05,-1.61,Noise,Right
1708334538069,0.155672,-0.378688,-0.881816,-5.53,-16.66,-0.07,Noise,Right
1708334538118,0.146888,-0.381128,-0.889624,-6.37,-8.82,-0.42,Noise,Right
1708334538119,0.13908,-0.405528,-0.911096,-5.67,-3.99,-0.98,Noise,Right
1708334538119,0.124928,-0.406992,-0.915488,-2.66,-3.71,0.28,Noise,Right
1708334538198,0.11712,-0.393328,-0.906216,0.07,-7.07,1.26,Noise,Right
1708334538198,0.117608,-0.365024,-0.90036,1.4,-11.41,1.33,Noise,Right
1708334538199,0.122488,-0.340136,-0.892064,-0.14,-14.84,2.45,Noise,Right
1708334538199,0.12932,-0.33916,-0.892064,-4.48,-14.49,2.24,Noise,Right
1708334538199,0.133224,-0.36112,-0.894992,-8.12,-11.13,3.5,Noise,Right
1708334538301,0.133712,-0.381616,-0.895968,-10.08,-6.09,4.13,Noise,Right
1708334538301,0.104432,-0.396744,-0.913536,-8.68,0.35,2.52,Noise,Right
1708334538301,0.095648,-0.409432,-0.9272,-5.46,1.12,1.82,Noise,Right
1708334538301,0.069784,-0.384544,-0.92964,-1.96,-1.54,1.82,Noise,Right
1708334538301,0.08052,-0.377712,-0.924272,-1.54,-5.6,-1.89,Noise,Right
1708334538302,0.098088,-0.398696,-0.931592,0.14,-8.61,-1.47,Noise,Right
1708334538347,0.11712,-0.383568,-0.892552,1.96,-10.92,1.82,Noise,Right
1708334538347,0.105408,-0.358192,-0.871568,0.21,-4.2,0.21,Noise,Right
1708334538393,0.107848,-0.369904,-0.894016,-2.8,1.61,-0.7,Noise,Right
1708334538393,0.104432,-0.372832,-0.908656,-4.55,3.57,-2.31,Noise,Right
1708334538395,0.091744,-0.383568,-0.945256,-2.59,3.71,-4.34,Noise,Right
1708334538447,0.093208,-0.384056,-0.952088,0.63,-1.19,-3.71,Noise,Right
1708334538447,0.103944,-0.380152,-0.928176,3.85,-6.58,-3.99,Noise,Right
1708334538447,0.106384,-0.349408,-0.901336,4.55,-9.94,-3.08,Noise,Right
1708334538569,0.113216,-0.337696,-0.879376,0.42,-10.22,-1.89,Noise,Right
1708334538569,0.138104,-0.351848,-0.855464,-4.97,-3.71,1.61,Noise,Right
1708334538569,0.130784,-0.36112,-0.85156,-10.15,8.47,2.24,Noise,Right
1708334538569,0.115656,-0.376736,-0.854488,-12.88,21.0,2.66,Noise,Right
1708334538569,0.081008,-0.39528,-0.864248,-12.67,29.75,1.61,Noise,Right
1708334538569,0.067344,-0.401624,-0.886696,-9.59,30.59,-0.98,Noise,Right
1708334538569,0.040016,-0.369416,-0.890112,-5.67,23.03,-1.75,Noise,Right
1708334538709,0.05368,-0.336232,-0.863272,-4.13,14.14,-5.25,Noise,Right
1708334538709,0.062952,-0.316224,-0.840824,-6.16,8.68,-8.75,Noise,Right
1708334538710,0.10492,-0.316224,-0.815448,-10.29,5.6,-9.03,Noise,Right
1708334538710,0.124928,-0.31964,-0.79056,-16.66,8.89,-7.77,Noise,Right
1708334538711,0.133224,-0.330864,-0.79788,-22.19,17.92,-7.28,Noise,Right
1708334538711,0.123464,-0.352336,-0.813496,-26.18,28.21,-5.32,Noise,Right
1708334538711,0.114192,-0.349896,-0.826672,-25.41,38.43,-7.98,Noise,Right
1708334538711,0.101504,-0.358192,-0.853024,-23.17,45.71,-10.85,Noise,Right
1708334538810,0.105896,-0.367952,-0.864736,-19.18,48.51,-13.3,Noise,Right
1708334538811,0.091256,-0.336232,-0.87596,-15.33,48.44,-17.08,Noise,Right
1708334538811,0.08784,-0.313296,-0.87352,-12.32,45.71,-23.94,Noise,Right
1708334538811,0.10004,-0.2928,-0.880352,-10.92,38.08,-30.24,Noise,Right
1708334538811,0.133712,-0.279136,-0.868152,-11.13,30.94,-33.95,Noise,Right
1708334538811,0.167384,-0.27572,-0.874496,-13.72,28.42,-36.68,Noise,Right
1708334538811,0.215208,-0.296704,-0.886696,-13.16,31.22,-41.58,Noise,Right
1708334538856,0.253272,-0.305488,-0.902312,-10.22,38.01,-44.66,Noise,Right
1708334538856,0.274256,-0.31476,-0.911584,-4.34,44.1,-49.0,Noise,Right
1708334538902,0.29524,-0.321592,-0.901336,4.13,45.85,-49.14,Noise,Right
1708334538903,0.31476,-0.278648,-0.874496,7.56,45.22,-43.89,Noise,Right
1708334538903,0.31232,-0.238632,-0.865224,6.3,47.18,-41.16,Noise,Right
1708334538948,0.325984,-0.231312,-0.857904,3.08,51.52,-45.08,Noise,Right
1708334538948,0.337696,-0.229848,-0.870104,1.26,56.35,-51.73,Noise,Right
1708334538948,0.33916,-0.236192,-0.883768,1.33,55.16,-59.29,Noise,Right
1708334538994,0.344528,-0.244,-0.906704,2.73,47.18,-65.87,Noise,Right
1708334538995,0.383568,-0.26352,-0.920368,4.76,32.62,-68.04,Noise,Right
1708334538996,0.43676,-0.273768,-0.920368,9.45,16.1,-66.08,Noise,Right
1708334539059,0.5002,-0.272792,-0.89548,14.98,4.48,-59.29,Noise,Right
1708334539059,0.533872,-0.260104,-0.880352,19.04,0.77,-51.87,Noise,Right
1708334539104,0.551928,-0.236192,-0.854976,21.07,-1.33,-45.01,Noise,Right
1708334539104,0.555344,-0.1952,-0.822768,18.9,0.42,-34.79,Noise,Right
1708334539105,0.55388,-0.140544,-0.79788,9.38,7.49,-37.1,Noise,Right
1708334539105,0.53436,-0.13664,-0.833016,-0.42,17.15,-48.51,Noise,Right
1708334539151,0.55388,-0.183,-0.87108,-5.04,18.9,-56.84,Noise,Right
1708334539152,0.583648,-0.221552,-0.891576,-4.55,11.55,-49.56,Noise,Right
1708334539152,0.617808,-0.220088,-0.878888,-0.7,3.71,-35.49,Noise,Right
1708334539203,0.616832,-0.177632,-0.852048,0.63,0.42,-25.06,Noise,Right
1708334539204,0.630008,-0.144448,-0.825696,-0.42,6.79,-18.76,Noise,Right
1708334539204,0.593896,-0.116632,-0.8174,-6.02,15.12,-18.55,Noise,Right
1708334539328,0.582184,-0.1342,-0.796416,-13.09,18.2,-20.72,Noise,Right
1708334539329,0.567056,-0.13664,-0.79544,-20.51,16.8,-18.76,Noise,Right
1708334539329,0.583648,-0.15128,-0.807152,-25.83,14.0,-15.89,Noise,Right
1708334539329,0.582184,-0.135664,-0.831552,-26.95,15.89,-14.35,Noise,Right
1708334539329,0.585112,-0.162504,-0.828136,-24.78,17.64,-12.46,Noise,Right
1708334539329,0.560712,-0.150304,-0.839848,-21.07,17.64,-11.48,Noise,Right
1708334539329,0.54412,-0.144936,-0.853512,-19.6,14.49,-12.67,Noise,Right
1708334539427,0.554368,-0.139568,-0.858392,-17.92,7.14,-11.13,Noise,Right
1708334539427,0.579744,-0.123952,-0.856928,-17.78,4.13,-10.01,Noise,Right
1708334539427,0.577304,-0.111752,-0.85156,-17.99,6.37,-12.53,Noise,Right
1708334539429,0.552904,-0.10004,-0.865712,-17.92,9.31,-15.05,Noise,Right
1708334539429,0.547536,-0.125904,-0.87108,-16.94,9.73,-19.95,Noise,Right
1708334539429,-0.473848,-0.070272,0.599752,15.75,41.79,-18.48,Noise,Right
1708334539480,0.749568,-0.054168,-0.680272,14.56,-41.44,-5.39,Noise,Right
1708334539480,0.163968,0.179584,-0.346968,33.25,52.78,-3.36,Noise,Right
1708334539480,0.30744,0.02684,-0.616832,4.06,34.16,-19.81,Noise,Right
1708334539525,0.33428,-0.02928,-0.831552,11.69,-4.34,8.75,Noise,Right
1708334539526,0.433832,-0.162992,-0.630008,5.88,-27.58,17.36,Noise,Right
1708334539526,0.931104,0.211304,-0.904264,11.34,-14.28,23.1,Noise,Right
1708334539570,0.531432,-0.227896,-0.767624,0.14,5.04,-7.63,Noise,Right
1708334539570,0.547536,-0.125416,-0.812032,0.42,-3.29,-3.64,Noise,Right
1708334539615,0.527528,-0.143472,-0.805688,1.12,-0.35,-6.3,Noise,Right
1708334539616,0.550464,-0.152256,-0.805688,0.21,-0.98,-3.92,Noise,Right
1708334539616,0.554368,-0.155672,-0.805688,-0.7,0.0,-2.66,Noise,Right
1708334539665,0.59292,-0.150792,-0.789096,-1.96,0.98,-2.73,Noise,Right
1708334539665,0.544608,-0.15128,-0.787144,-0.91,-1.61,-1.96,Noise,Right
1708334539666,0.568032,-0.142496,-0.804224,-1.19,-0.7,-2.31,Noise,Right
1708334539709,0.56608,-0.150792,-0.816912,-1.05,-0.7,-2.17,Noise,Right
1708334539709,0.561688,-0.171288,-0.825208,-1.19,-0.77,-2.31,Noise,Right
1708334539709,0.559248,-0.146888,-0.797392,-1.19,-0.63,-2.38,Noise,Right
1708334539755,0.560224,-0.144936,-0.803736,-1.12,-0.84,-2.45,Noise,Right
1708334539755,0.567056,-0.146888,-0.804712,-1.05,-0.77,-2.1,Noise,Right
1708334539801,0.564616,-0.148352,-0.808616,-0.98,-0.7,-2.31,Noise,Right
1708334539801,0.560712,-0.15128,-0.804712,-1.61,-1.12,-2.59,Noise,Right
1708334539801,0.560224,-0.148352,-0.804224,-1.12,-0.7,-2.17,Noise,Right
1708334539846,0.556808,-0.149816,-0.806176,-1.12,-0.77,-2.24,Noise,Right
1708334539846,0.567056,-0.143472,-0.80764,-1.33,-0.84,-2.38,Noise,Right
1708334539846,0.562176,-0.144448,-0.792512,-0.98,-0.84,-2.17,Noise,Right
1708334539893,0.560224,-0.151768,-0.803248,-1.12,-0.91,-2.24,Noise,Right
1708334539893,0.560712,-0.151768,-0.809592,-1.19,-0.91,-2.31,Noise,Right
1708334539940,0.564616,-0.153232,-0.808128,-0.91,-0.91,-2.24,Noise,Right
1708334539940,0.564616,-0.14396,-0.807152,-1.26,-0.91,-2.17,Noise,Right
1708334539941,0.566568,-0.144448,-0.800808,-1.05,-0.77,-2.38,Noise,Right
1708334539989,0.557784,-0.149816,-0.806664,-0.91,-0.77,-2.24,Noise,Right
1708334539990,0.559736,-0.147376,-0.799832,-1.26,-0.98,-2.24,Noise,Right
1708334539990,0.561688,-0.153232,-0.809592,-1.19,-0.84,-2.31,Noise,Right
1708334540126,0.559248,-0.147376,-0.81008,-1.12,-0.7,-2.31,Noise,Right
1708334540126,0.5612,-0.145424,-0.806176,-1.05,-1.05,-2.31,Noise,Right
1708334540126,0.564616,-0.147864,-0.804224,-1.12,-0.98,-2.24,Noise,Right
1708334540127,0.5612,-0.150304,-0.801296,-1.05,-0.84,-2.24,Noise,Right
1708334540127,0.563152,-0.152256,-0.812032,-1.33,-0.84,-2.31,Noise,Right
1708334540128,0.560224,-0.150792,-0.807152,-1.05,-0.98,-2.38,Noise,Right
1708334540128,0.567056,-0.144448,-0.801296,-1.05,-0.91,-2.31,Noise,Right
1708334540171,0.559736,-0.1464,-0.801784,-1.12,-0.84,-2.31,Noise,Right
1708334540171,0.568032,-0.147864,-0.802272,-1.19,-0.84,-2.31,Noise,Right
1708334540171,0.562664,-0.14884,-0.804224,-1.05,-0.84,-2.24,Noise,Right
1708334540171,0.5612,-0.15128,-0.807152,-1.33,-0.91,-2.17,Noise,Right
1708334540220,0.560224,-0.149816,-0.81008,-1.05,-0.91,-2.24,Noise,Right
1708334540220,0.567056,-0.15128,-0.804224,-1.05,-0.84,-2.31,Noise,Right
1708334540267,0.565592,-0.148352,-0.807152,-1.12,-0.98,-2.24,Noise,Right
1708334540267,0.564128,-0.144936,-0.796904,-0.98,-0.7,-2.31,Noise,Right
1708334540267,0.562664,-0.147376,-0.80276,-0.84,-0.91,-2.17,Noise,Right
1708334540346,0.557784,-0.149816,-0.811056,-1.05,-0.98,-2.31,Noise,Right
1708334540346,0.561688,-0.148352,-0.801296,-1.05,-0.84,-2.17,Noise,Right
1708334540346,0.563152,-0.147864,-0.801296,-0.98,-0.84,-2.24,Noise,Right
1708334540346,0.567056,-0.148352,-0.80032,-0.84,-0.84,-2.17,Noise,Right
1708334540346,0.5612,-0.151768,-0.806664,-1.05,-0.98,-2.24,Noise,Right
1708334540400,0.560712,-0.15128,-0.810568,-1.12,-0.77,-2.24,Noise,Right
1708334540400,0.559248,-0.152256,-0.8052,-1.12,-0.84,-2.24,Noise,Right
1708334540400,0.560224,-0.151768,-0.801296,-1.12,-0.84,-2.24,Noise,Right
1708334540451,0.56364,-0.145912,-0.803736,-1.26,-0.77,-2.24,Noise,Right
1708334540451,0.565104,-0.144936,-0.805688,-1.12,-0.84,-2.24,Noise,Right
1708334540451,0.562664,-0.147864,-0.804224,-1.12,-0.91,-2.24,Noise,Right
1708334540497,0.564616,-0.14884,-0.804712,-1.19,-0.84,-2.38,Noise,Right
1708334540497,0.564616,-0.145912,-0.803736,-1.19,-0.84,-2.31,Noise,Right
1708334540498,0.570472,-0.145912,-0.799832,-1.19,-0.63,-2.31,Noise,Right
1708334540547,0.563152,-0.145424,-0.801784,-1.05,-0.98,-2.31,Noise,Right
1708334540547,0.5612,-0.148352,-0.803736,-1.05,-0.91,-2.17,Noise,Right
1708334540654,0.5612,-0.147864,-0.805688,-0.98,-0.84,-2.17,Noise,Right
1708334540654,0.564128,-0.146888,-0.79788,-0.84,-0.7,-2.1,Noise,Right
1708334540655,0.563152,-0.151768,-0.810568,-1.12,-0.77,-2.38,Noise,Right
1708334540655,0.561688,-0.149816,-0.808128,-1.12,-0.91,-2.24,Noise,Right
1708334540655,0.557784,-0.14884,-0.806664,-1.12,-1.12,-2.17,Noise,Right
1708334540655,0.560712,-0.148352,-0.80276,-1.12,-0.91,-2.38,Noise,Right
1708334540655,0.5612,-0.152256,-0.812032,-0.91,-0.84,-2.24,Noise,Right
1708334540698,0.561688,-0.148352,-0.806176,-1.19,-0.84,-2.31,Noise,Right
1708334540699,0.571448,-0.145424,-0.799344,-1.12,-0.84,-2.31,Noise,Right
1708334540743,0.567056,-0.147376,-0.799344,-1.05,-0.91,-2.38,Noise,Right
1708334540745,0.565592,-0.145912,-0.799344,-1.05,-1.12,-2.31,Noise,Right
1708334540745,0.545584,-0.150304,-0.811544,-0.98,-3.99,-1.54,Noise,Right
1708334540793,0.584136,-0.16348,-0.813008,-1.19,2.66,-3.08,Noise,Right
1708334540793,0.557296,-0.15128,-0.812032,-1.05,-4.55,-1.61,Noise,Right
1708334540793,0.5612,-0.160552,-0.82228,1.82,1.96,-6.58,Noise,Right
1708334540838,0.55876,-0.142496,-0.798856,-1.12,-1.47,-2.66,Noise,Right
1708334540838,0.565592,-0.145424,-0.80276,-1.05,-0.98,-2.24,Noise,Right
1708334540838,0.560712,-0.145912,-0.803736,-0.56,-0.91,-2.59,Noise,Right
1708334540885,0.570472,-0.144936,-0.812032,1.96,-2.03,-7.28,Noise,Right
1708334540885,0.51484,-0.108336,-0.843264,11.62,-5.04,-23.24,Noise,Right
1708334540929,0.584624,-0.1464,-0.775432,21.91,-7.91,-35.91,Noise,Right
1708334540929,0.686128,-0.170312,-0.73688,11.83,-11.55,-19.04,Noise,Right
1708334540931,0.582672,-0.154208,-0.811056,8.26,-2.8,-16.1,Noise,Right
1708334540982,0.572424,-0.147376,-0.808616,5.74,-12.67,-10.57,Noise,Right
1708334540983,0.561688,-0.098576,-0.786656,4.55,-7.14,-10.78,Noise,Right
1708334540983,0.529968,-0.098576,-0.824232,-0.63,-1.68,-3.08,Noise,Right
1708334541064,0.53436,-0.113216,-0.821304,-0.77,-1.89,-2.59,Noise,Right
1708334541064,0.586088,-0.19764,-0.847656,4.97,-5.81,-8.54,Noise,Right
1708334541064,0.626592,-0.180072,-0.881328,6.37,-22.4,-8.68,Noise,Right
1708334541064,0.626104,-0.18544,-0.911096,7.56,-43.61,2.45,Noise,Right
1708334541064,0.612928,-0.121024,-0.88328,13.23,-54.11,25.9,Noise,Right
1708334541124,0.394304,-0.045872,-0.828136,13.65,-52.15,39.13,Noise,Right
1708334541124,0.584624,-0.066856,-0.854488,0.77,-58.1,25.83,Noise,Right
1708334541125,0.670512,-0.13664,-0.933544,-4.06,-37.8,3.71,Noise,Right
1708334541244,0.68808,-0.20984,-0.98576,-3.36,-22.61,-2.17,Noise,Right
1708334541244,0.701744,-0.223992,-1.008208,2.38,-15.26,6.09,Noise,Right
1708334541244,0.713944,-0.210816,-0.999424,9.1,-9.24,17.64,Noise,Right
1708334541244,0.699304,-0.204472,-0.977464,16.03,0.98,28.84,Noise,Right
1708334541244,0.654896,-0.172264,-0.9272,19.25,12.53,38.92,Noise,Right
1708334541244,0.598288,-0.136152,-0.902312,17.29,18.34,44.31,Noise,Right
1708334541244,0.548024,-0.094184,-0.869616,11.27,22.61,46.13,Noise,Right
1708334541290,0.540704,-0.116144,-0.847656,0.77,28.91,40.46,Noise,Right
1708334541290,0.531432,-0.159088,-0.860344,-8.75,32.69,33.95,Noise,Right
1708334541290,0.540216,-0.244488,-0.882792,-10.36,32.2,28.49,Noise,Right
1708334541336,0.523136,-0.27328,-0.897432,-3.64,21.42,30.59,Noise,Right
1708334541336,0.50508,-0.25132,-0.88328,3.01,3.71,38.29,Noise,Right
1708334541337,0.481656,-0.210328,-0.862296,6.16,-11.06,46.48,Noise,Right
1708334541384,0.459696,-0.187392,-0.82228,4.48,-18.76,48.3,Noise,Right
1708334541384,0.428464,-0.174704,-0.798856,-1.26,-19.25,45.99,Noise,Right
1708334541385,0.418704,-0.23424,-0.80764,-10.15,-15.89,43.05,Noise,Right
1708334541429,0.4148,-0.30012,-0.839848,-12.67,-13.3,44.17,Noise,Right
1708334541430,0.415288,-0.350384,-0.876448,-6.09,-14.77,44.66,Noise,Right
1708334541478,0.383568,-0.371856,-0.90036,5.04,-21.56,48.16,Noise,Right
1708334541478,0.34404,-0.372832,-0.891088,16.94,-33.25,50.75,Noise,Right
1708334541480,0.329888,-0.340624,-0.862784,27.58,-46.34,52.43,Noise,Right
1708334541524,0.30744,-0.289384,-0.826672,32.34,-55.09,51.52,Noise,Right
1708334541524,0.331352,-0.292312,-0.765672,30.52,-58.24,49.14,Noise,Right
1708334541524,0.28304,-0.2806,-0.790072,22.05,-52.01,49.84,Noise,Right
1708334541574,0.288408,-0.332328,-0.776408,17.15,-48.51,46.83,Noise,Right
1708334541575,0.247904,-0.34404,-0.802272,14.91,-46.06,45.71,Noise,Right
1708334541575,0.232776,-0.366976,-0.812032,15.89,-47.53,43.26,Noise,Right
1708334541676,0.198128,-0.366488,-0.811544,17.22,-51.52,40.18,Noise,Right
1708334541676,0.164944,-0.350384,-0.820328,17.43,-55.44,35.49,Noise,Right
1708334541676,0.150792,-0.3538,-0.795928,17.01,-58.59,29.54,Noise,Right
1708334541677,0.141032,-0.361608,-0.772504,12.32,-57.68,24.43,Noise,Right
1708334541677,0.1342,-0.369416,-0.77348,7.98,-51.73,21.0,Noise,Right
1708334541677,0.12444,-0.38796,-0.781288,3.92,-43.54,18.06,Noise,Right
1708334541725,0.1342,-0.407968,-0.775432,2.24,-35.63,16.59,Noise,Right
1708334541726,0.120048,-0.404064,-0.78812,0.91,-25.48,14.84,Noise,Right
1708334541726,0.101016,-0.411384,-0.797392,0.14,-17.43,12.67,Noise,Right
1708334541776,0.081008,-0.405528,-0.805688,0.98,-16.1,10.01,Noise,Right
1708334541776,0.071248,-0.396256,-0.814472,0.77,-20.65,9.03,Noise,Right
1708334541776,0.08784,-0.374784,-0.821304,-0.91,-24.85,7.77,Noise,Right
1708334541821,0.112728,-0.383568,-0.835456,-4.55,-23.66,3.22,Noise,Right
1708334541822,0.1342,-0.4148,-0.841312,-5.81,-19.81,1.61,Noise,Right
1708334541822,0.147864,-0.427488,-0.831552,-5.32,-13.16,2.52,Noise,Right
1708334541867,0.12444,-0.410408,-0.836432,-6.3,-8.33,5.18,Noise,Right
1708334541867,0.09028,-0.418704,-0.864248,-7.77,-5.81,5.04,Noise,Right
1708334541921,0.071736,-0.426024,-0.878888,-6.93,-8.75,2.1,Noise,Right
1708334541921,0.081984,-0.43432,-0.89548,-4.9,-14.84,0.14,Noise,Right
1708334541921,0.116632,-0.41724,-0.871568,-1.61,-18.2,3.43,Noise,Right
1708334542043,0.149816,-0.394792,-0.849608,-2.52,-12.74,3.43,Noise,Right
1708334542044,0.129808,-0.382592,-0.865712,-5.32,-1.54,0.91,Noise,Right
1708334542044,0.104432,-0.406992,-0.898896,-6.51,6.23,0.77,Noise,Right
1708334542044,0.07808,-0.406504,-0.916464,-5.81,5.04,1.82,Noise,Right
1708334542044,0.072224,-0.416752,-0.935496,-3.92,-0.28,1.75,Noise,Right
1708334542044,0.092232,-0.420168,-0.93208,-1.82,-6.65,2.59,Noise,Right
1708334542044,0.110288,-0.41236,-0.919392,1.05,-7.91,1.61,Noise,Right
1708334542189,0.120048,-0.406992,-0.891576,1.68,-7.63,3.01,Noise,Right
1708334542189,0.128344,-0.400648,-0.876936,-0.84,-4.83,5.53,Noise,Right
1708334542189,0.123464,-0.385032,-0.827648,-5.67,-1.19,11.97,Noise,Right
1708334542189,0.082472,-0.344528,-0.847168,-12.11,8.19,9.8,Noise,Right
1708334542190,0.04636,-0.3782,-0.891576,-17.36,12.25,3.08,Noise,Right
1708334542190,0.0488,-0.430416,-0.918904,-16.38,8.96,0.0,Noise,Right
1708334542259,0.052216,-0.442128,-0.91988,-11.2,2.52,-1.54,Noise,Right
1708334542263,0.061976,-0.42212,-0.911584,-5.53,-2.66,-3.71,Noise,Right
1708334542263,0.078568,-0.403088,-0.905728,-2.94,-5.53,-5.81,Noise,Right
1708334542263,0.098576,-0.394304,-0.917928,-2.66,-3.57,-6.37,Noise,Right
1708334542264,0.10736,-0.40016,-0.928664,-1.89,-0.21,-6.93,Noise,Right
1708334542264,0.10248,-0.3904,-0.932568,-0.35,3.36,-5.88,Noise,Right
1708334542285,0.10004,-0.383568,-0.916464,0.56,7.35,-6.16,Noise,Right
1708334542285,0.102968,-0.389912,-0.900848,-0.28,10.5,-6.09,Noise,Right
1708334542285,0.096624,-0.388936,-0.864248,-1.26,14.77,-5.88,Noise,Right
1708334542333,0.090768,-0.387472,-0.845216,-4.2,18.41,-5.25,Noise,Right
1708334542333,0.109312,-0.404064,-0.8296,-6.44,24.5,-9.17,Noise,Right
1708334542333,0.123464,-0.408456,-0.819352,-7.56,31.71,-11.2,Noise,Right
1708334542379,0.133224,-0.427488,-0.810568,-6.02,40.11,-13.23,Noise,Right
1708334542380,0.145424,-0.417728,-0.802272,-2.87,47.67,-14.07,Noise,Right
1708334542425,0.143472,-0.382592,-0.782264,-1.12,55.37,-10.71,Noise,Right
1708334542426,0.150792,-0.357704,-0.626592,-2.66,61.81,-13.37,Noise,Right
1708334542426,0.121512,-0.308416,-0.76616,-6.65,67.48,-15.75,Noise,Right
1708334542482,0.111264,-0.303536,-0.776408,-13.16,66.29,-18.55,Noise,Right
1708334542482,0.115168,-0.30988,-0.80764,-18.2,59.64,-23.1,Noise,Right
1708334542483,0.147864,-0.355264,-0.824232,-20.79,53.97,-29.89,Noise,Right
1708334542534,0.16836,-0.37576,-0.835456,-18.41,48.51,-33.95,Noise,Right
1708334542534,0.207888,-0.397232,-0.824232,-14.35,45.22,-35.84,Noise,Right
1708334542535,0.234728,-0.38308,-0.809104,-10.22,47.74,-39.27,Noise,Right
1708334542579,0.251808,-0.3782,-0.799344,-8.82,54.25,-44.94,Noise,Right
1708334542580,0.249368,-0.378688,-0.828136,-6.58,57.96,-52.08,Noise,Right
1708334542580,0.230824,-0.367464,-0.857904,-1.05,51.73,-57.61,Noise,Right
1708334542633,0.243024,-0.325496,-0.873032,4.48,36.12,-60.06,Noise,Right
1708334542633,0.281088,-0.288408,-0.86864,8.05,18.2,-61.04,Noise,Right
1708334542633,0.333792,-0.2684,-0.854488,9.66,3.85,-61.67,Noise,Right
1708334542700,0.4026,-0.247416,-0.826184,8.26,-2.38,-58.45,Noise,Right
1708334542701,0.45872,-0.230824,-0.798856,1.47,2.45,-57.19,Noise,Right
1708334542701,0.475312,-0.239608,-0.804712,-4.9,14.98,-62.51,Noise,Right
1708334542701,0.492392,-0.27084,-0.82472,-7.07,24.29,-68.04,Noise,Right
1708334542749,0.518256,-0.282064,-0.849608,-4.55,24.43,-68.25,Noise,Right
1708334542749,0.5368,-0.27084,-0.856928,-0.35,14.49,-59.57,Noise,Right
1708334542749,0.579744,-0.226432,-0.850096,2.31,3.57,-48.86,Noise,Right
1708334542795,0.622688,-0.186904,-0.842776,1.96,1.05,-34.79,Noise,Right
1708334542795,0.655872,-0.140056,-0.789584,-3.64,8.82,-22.47,Noise,Right
1708334542926,0.641232,-0.16104,-0.791048,-9.87,-14.42,-15.96,Noise,Right
1708334543159,0.547536,-0.124928,-0.791536,-0.56,2.38,-12.46,Noise,Right
1708334543373,0.526064,-0.123952,-0.832528,2.45,-1.96,-8.68,Noise,Right
1708334543591,0.5612,-0.145912,-0.801784,-1.33,-0.98,-2.52,Noise,Right
1708334543809,0.559248,-0.14884,-0.803248,-0.98,-0.91,-2.31,Noise,Right
1708334544029,0.563152,-0.145424,-0.811056,-1.19,-0.91,-2.31,Noise,Right
1708334544137,0.561688,-0.148352,-0.803248,-0.98,-0.84,-2.1,Noise,Right
1708334544138,0.563152,-0.147376,-0.808616,-1.19,-0.77,-2.17,Noise,Right
1708334544138,0.5612,-0.150792,-0.805688,-1.12,-0.98,-2.38,Noise,Right
1708334544138,0.564616,-0.14884,-0.808128,-1.05,-0.84,-2.45,Noise,Right
1708334544139,0.567544,-0.14396,-0.80276,-1.12,-1.05,-2.31,Noise,Right
1708334544139,0.5612,-0.14884,-0.801296,-1.05,-0.7,-2.38,Noise,Right
1708334544238,0.564616,-0.148352,-0.809592,-1.05,-0.91,-2.24,Noise,Right
1708334544238,0.563152,-0.144448,-0.806176,-1.26,-0.77,-2.17,Noise,Right
1708334544238,0.565104,-0.148352,-0.806176,-1.12,-0.98,-2.31,Noise,Right
1708334544238,0.557296,-0.145424,-0.80276,-1.05,-0.7,-2.17,Noise,Right
1708334544238,0.560712,-0.150792,-0.812032,-1.12,-0.7,-2.31,Noise,Right
1708334544239,0.559248,-0.149816,-0.801296,-1.12,-1.05,-2.24,Noise,Right
1708334544286,0.56364,-0.147376,-0.806176,-1.96,-0.84,-2.17,Noise,Right
1708334544287,0.564128,-0.14884,-0.806664,-0.91,-0.98,-2.24,Noise,Right
1708334544287,0.565104,-0.147376,-0.806664,-1.05,-0.77,-2.38,Noise,Right
1708334544338,0.569008,-0.147376,-0.799832,-1.26,-0.91,-2.45,Noise,Right
1708334544338,0.564616,-0.145912,-0.801784,-0.98,-0.91,-2.24,Noise,Right
1708334544338,0.563152,-0.14396,-0.803736,-1.19,-0.91,-2.31,Noise,Right
1708334544383,0.566568,-0.14884,-0.802272,-1.19,-0.98,-2.31,Noise,Right
1708334544383,0.561688,-0.149816,-0.8052,-1.33,-0.84,-2.31,Noise,Right
1708334544427,0.567056,-0.142496,-0.808128,-0.98,-0.98,-2.38,Noise,Right
1708334544428,0.56852,-0.145912,-0.803248,-1.26,-0.77,-2.24,Noise,Right
1708334544428,0.561688,-0.149816,-0.80764,-1.12,-0.91,-2.24,Noise,Right
1708334544477,0.55876,-0.146888,-0.80276,-1.19,-0.77,-2.31,Noise,Right
1708334544477,0.567056,-0.149328,-0.80276,-1.19,-0.84,-2.31,Noise,Right
1708334544477,0.559736,-0.14884,-0.80764,-1.26,-0.77,-2.31,Noise,Right
1708334544519,0.565104,-0.149328,-0.804224,-1.26,-0.84,-2.17,Noise,Right
1708334544520,0.555832,-0.147376,-0.803736,-0.91,-1.05,-2.45,Noise,Right
1708334544520,0.560712,-0.152256,-0.805688,-1.12,-0.84,-2.17,Noise,Right
1708334544575,0.565592,-0.144448,-0.805688,-1.12,-0.84,-2.17,Noise,Right
1708334544576,0.564616,-0.14396,-0.799344,-1.19,-0.98,-2.24,Noise,Right
1708334544648,0.564128,-0.149816,-0.803736,-1.12,-0.84,-2.1,Noise,Right
1708334544648,0.559248,-0.149816,-0.808128,-1.4,-0.84,-2.38,Noise,Right
1708334544648,0.561688,-0.147864,-0.808128,-1.05,-0.77,-2.17,Noise,Right
1708334544648,0.562664,-0.149328,-0.804712,-1.12,-0.84,-2.24,Noise,Right
1708334544648,0.561688,-0.144936,-0.8052,-1.26,-0.77,-2.24,Noise,Right
1708334544750,0.560224,-0.147864,-0.80764,-0.98,-0.98,-2.24,Noise,Right
1708334544751,0.559736,-0.151768,-0.804224,-1.26,-0.91,-2.31,Noise,Right
1708334544751,0.566568,-0.147376,-0.801296,-1.19,-0.84,-2.24,Noise,Right
1708334544751,0.55876,-0.14884,-0.804712,-1.12,-0.91,-2.17,Noise,Right
1708334544752,0.560712,-0.149816,-0.8052,-1.12,-0.98,-2.31,Noise,Right
1708334544752,0.561688,-0.149328,-0.8052,-1.05,-0.91,-2.1,Noise,Right
1708334544799,0.563152,-0.145912,-0.800808,-0.91,-0.84,-2.38,Noise,Right
1708334544800,0.565104,-0.1464,-0.807152,-1.05,-0.77,-2.38,Noise,Right
1708334544800,0.562176,-0.144936,-0.807152,-0.98,-0.91,-2.03,Noise,Right
1708334544845,0.562664,-0.14884,-0.803248,-1.19,-0.84,-2.1,Noise,Right
1708334544845,0.558272,-0.14884,-0.801296,-1.05,-0.84,-2.24,Noise,Right
1708334544845,0.562664,-0.147864,-0.806664,-1.05,-0.84,-2.03,Noise,Right
1708334544902,0.562664,-0.1464,-0.801784,-1.12,-0.98,-2.24,Noise,Right
1708334544902,0.563152,-0.151768,-0.806176,-1.12,-1.12,-2.31,Noise,Right
1708334544956,0.562176,-0.147864,-0.804712,-0.98,-0.91,-2.17,Noise,Right
1708334544957,0.560712,-0.14884,-0.809104,-1.4,-0.91,-2.24,Noise,Right
1708334544957,0.56608,-0.148352,-0.803736,-1.19,-0.84,-2.24,Noise,Right
1708334544958,0.56608,-0.147376,-0.801296,-1.19,-0.98,-2.38,Noise,Right
1708334545004,0.56608,-0.145912,-0.801784,-1.19,-0.91,-2.17,Noise,Right
1708334545005,0.5612,-0.150304,-0.807152,-1.05,-1.12,-2.24,Noise,Right
1708334545005,0.562176,-0.148352,-0.80032,-0.91,-1.05,-2.03,Noise,Right
1708334545050,0.553392,-0.149328,-0.808128,-0.63,-1.4,-1.89,Noise,Right
1708334545050,0.54656,-0.154696,-0.813984,-1.68,-1.33,-2.24,Noise,Right
1708334545051,0.56852,-0.144448,-0.80032,-1.68,-0.21,-2.38,Noise,Right
1708334545097,0.563152,-0.146888,-0.805688,-1.4,-1.19,-2.45,Noise,Right
1708334545098,0.562664,-0.144448,-0.796416,-1.05,-0.91,-2.17,Noise,Right
1708334545098,0.560712,-0.149328,-0.808616,-0.84,-0.77,-2.31,Noise,Right
1708334545147,0.564616,-0.1464,-0.800808,-1.19,-0.84,-2.31,Noise,Right
1708334545147,0.559736,-0.151768,-0.809104,-1.12,-0.84,-2.17,Noise,Right
1708334545194,0.563152,-0.149328,-0.801784,-0.84,-0.91,-2.17,Noise,Right
1708334545194,0.565104,-0.144936,-0.799832,-1.05,-0.91,-2.1,Noise,Right
1708334545194,0.555832,-0.152256,-0.808616,-1.05,-3.36,-2.17,Noise,Right
1708334545320,0.606584,-0.122488,-0.79544,-1.4,1.47,-3.08,Noise,Right
1708334545320,0.5856,-0.147376,-0.80764,-1.54,-2.03,-1.61,Noise,Right
1708334545320,0.564128,-0.144448,-0.803248,-0.77,-2.38,-2.03,Noise,Right
1708334545320,0.58316,-0.2806,-0.793976,7.0,4.62,-17.85,Noise,Right
1708334545322,0.550952,-0.110288,-0.813984,9.8,-3.01,-18.34,Noise,Right
1708334545322,0.554856,-0.158112,-0.80764,6.37,-3.5,-12.81,Noise,Right
1708334545323,0.552904,-0.142496,-0.809592,1.05,-2.38,-4.83,Noise,Right
1708334545375,0.557784,-0.156648,-0.802272,-0.63,-0.7,-2.1,Noise,Right
1708334545375,0.574864,-0.124928,-0.803736,1.89,-1.47,-6.65,Noise,Right
1708334545375,0.608536,-0.14152,-0.779336,13.02,-5.53,-22.89,Noise,Right
1708334545375,0.562664,-0.139568,-0.801784,16.52,-6.02,-27.51,Noise,Right
1708334545423,0.550464,-0.15616,-0.81008,13.3,-5.11,-22.82,Noise,Right
1708334545424,0.542656,-0.22204,-0.81984,7.14,-2.73,-14.7,Noise,Right
1708334545424,0.557784,-0.148352,-0.810568,-0.49,-1.19,-3.08,Noise,Right
1708334545468,0.559248,-0.150304,-0.811544,2.03,-1.89,-6.3,Noise,Right
1708334545468,0.5612,-0.144448,-0.804224,-0.21,-1.33,-3.57,Noise,Right
1708334545524,0.572424,-0.149328,-0.802272,-0.35,-0.56,-3.99,Noise,Right
1708334545524,0.567056,-0.141032,-0.806176,0.49,-1.12,-4.69,Noise,Right
1708334545525,0.571448,-0.149328,-0.8052,1.89,-2.38,-6.44,Noise,Right
1708334545592,0.548024,-0.139568,-0.855464,0.7,-7.77,-2.52,Noise,Right
1708334545593,0.55388,-0.147864,-0.837896,2.94,-18.41,-9.1,Noise,Right
1708334545593,0.536312,-0.136152,-0.899872,0.7,-19.74,-22.68,Noise,Right
1708334545593,0.544608,-0.169336,-0.81496,3.29,-34.58,-20.02,Noise,Right
1708334545644,0.598288,-0.154696,-0.921832,23.24,-28.91,-4.62,Noise,Right
1708334545644,0.582672,-0.09028,-0.913048,20.72,-21.91,-2.8,Noise,Right
1708334545644,0.639768,-0.113704,-0.898896,0.0,-15.33,-4.13,Noise,Right
1708334545764,0.608536,-0.142496,-0.947696,16.59,-9.24,-0.7,Noise,Right
1708334545764,0.64172,-0.162016,-0.937936,18.06,-10.08,7.07,Noise,Right
1708334545764,0.641232,-0.138592,-0.925248,17.78,-6.37,13.09,Noise,Right
1708334545764,0.66124,-0.167384,-0.906704,16.94,0.56,12.04,Noise,Right
1708334545765,0.648064,-0.181536,-0.916952,18.55,6.02,16.1,Noise,Right
1708334545765,0.633424,-0.181536,-0.914512,21.63,3.71,22.12,Noise,Right
1708334545765,0.62464,-0.156648,-0.88084,20.65,-3.08,28.63,Noise,Right
1708334545810,0.625128,-0.164456,-0.870104,16.52,-5.04,27.37,Noise,Right
1708334545810,0.623176,-0.196664,-0.867176,12.67,-4.69,24.57,Noise,Right
1708334545810,0.587064,-0.217648,-0.867176,11.9,-6.3,28.35,Noise,Right
1708334545858,0.562176,-0.211792,-0.856928,11.34,-12.25,32.9,Noise,Right
1708334545858,0.548024,-0.205448,-0.843264,10.99,-17.01,33.88,Noise,Right
1708334545858,0.562176,-0.221552,-0.818376,10.78,-18.34,35.14,Noise,Right
1708334545909,0.5612,-0.211792,-0.80032,9.1,-17.92,40.53,Noise,Right
1708334545909,0.526064,-0.221064,-0.779336,1.26,-14.14,41.93,Noise,Right
1708334545909,0.49532,-0.238144,-0.78568,-2.73,-12.88,40.46,Noise,Right
1708334545983,0.44408,-0.25376,-0.800808,-5.6,-16.87,38.5,Noise,Right
1708334545984,0.420656,-0.281088,-0.813008,-8.19,-27.65,37.1,Noise,Right
1708334545987,0.469456,-0.313784,-0.807152,-6.65,-36.54,37.8,Noise,Right
1708334545987,0.469944,-0.31964,-0.799344,-4.69,-35.98,43.05,Noise,Right
1708334546030,0.475312,-0.322568,-0.779336,-3.15,-28.28,43.26,Noise,Right
1708334546030,0.438712,-0.30012,-0.802272,-1.96,-18.9,41.23,Noise,Right
1708334546030,0.39528,-0.303536,-0.82228,-1.96,-14.42,38.71,Noise,Right
1708334546081,0.35868,-0.306952,-0.842288,-1.19,-17.36,36.47,Noise,Right
1708334546082,0.34404,-0.331352,-0.850096,0.84,-23.1,36.12,Noise,Right
1708334546082,0.33672,-0.360144,-0.858392,4.76,-31.22,39.2,Noise,Right
1708334546146,0.337208,-0.359656,-0.848632,9.38,-38.43,43.82,Noise,Right
1708334546146,0.329888,-0.355752,-0.836432,10.92,-37.8,47.11,Noise,Right
1708334546147,0.331352,-0.366976,-0.821792,12.04,-31.15,45.15,Noise,Right
1708334546147,0.29768,-0.364048,-0.834968,11.97,-23.52,43.89,Noise,Right
1708334546202,0.271328,-0.37576,-0.830088,12.67,-17.01,40.6,Noise,Right
1708334546202,0.244,-0.384544,-0.831552,13.93,-14.7,39.34,Noise,Right
1708334546202,0.227408,-0.390888,-0.831064,15.26,-17.36,37.8,Noise,Right
1708334546285,0.201544,-0.370392,-0.835944,16.94,-24.71,40.46,Noise,Right
1708334546285,0.209352,-0.342088,-0.823744,15.82,-31.78,41.58,Noise,Right
1708334546285,0.209352,-0.3416,-0.819352,11.83,-32.97,38.15,Noise,Right
1708334546285,0.225456,-0.36356,-0.812032,7.77,-30.1,38.5,Noise,Right
1708334546285,0.215208,-0.385032,-0.82228,4.83,-23.94,35.49,Noise,Right
1708334546342,0.18788,-0.411872,-0.82472,3.43,-17.64,32.2,Noise,Right
1708334546342,0.144448,-0.441152,-0.846192,5.46,-17.01,31.08,Noise,Right
1708334546343,0.107848,-0.4392,-0.846192,9.59,-26.53,33.25,Noise,Right
1708334546343,0.096624,-0.392352,-0.831552,11.76,-37.17,31.01,Noise,Right
1708334546479,0.10004,-0.368928,-0.82472,9.52,-39.55,24.5,Noise,Right
1708334546479,0.121512,-0.37332,-0.82472,4.69,-35.7,20.79,Noise,Right
1708334546479,0.13664,-0.396256,-0.81252,0.42,-26.18,19.04,Noise,Right
1708334546479,0.138592,-0.417728,-0.804224,-3.92,-16.94,17.92,Noise,Right
1708334546479,0.099064,-0.438224,-0.821304,-6.23,-9.52,16.87,Noise,Right
1708334546479,0.052704,-0.442128,-0.84668,-5.67,-10.5,15.33,Noise,Right
1708334546479,0.029768,-0.447008,-0.869616,-3.5,-15.54,11.34,Noise,Right
1708334546592,0.039528,-0.453352,-0.873032,0.07,-23.03,8.26,Noise,Right
1708334546593,0.05856,-0.435296,-0.873032,2.1,-27.02,5.67,Noise,Right
1708334546593,0.10736,-0.441152,-0.859856,1.89,-24.92,3.71,Noise,Right
1708334546593,0.120536,-0.427,-0.850096,1.61,-17.78,4.41,Noise,Right
1708334546594,0.115168,-0.42212,-0.84668,-0.35,-7.91,1.4,Noise,Right
1708334546594,0.077104,-0.44408,-0.871568,-1.82,-2.38,0.0,Noise,Right
1708334546594,0.051728,-0.437736,-0.901336,-0.14,-5.25,0.91,Noise,Right
1708334546646,0.03172,-0.427976,-0.917928,1.61,-14.28,1.26,Noise,Right
1708334546647,0.066856,-0.438224,-0.906216,3.57,-27.3,0.63,Noise,Right
1708334546647,0.088328,-0.435784,-0.889136,3.5,-30.66,-0.14,Noise,Right
1708334546701,0.113704,-0.435784,-0.854488,0.91,-26.67,0.84,Noise,Right
1708334546701,0.123464,-0.425048,-0.828136,-3.29,-14.21,2.94,Noise,Right
1708334546701,0.113216,-0.40504,-0.839848,-7.28,1.61,5.53,Noise,Right
1708334546755,0.095648,-0.430904,-0.856928,-12.32,15.19,4.2,Noise,Right
1708334546755,0.050752,-0.465552,-0.892552,-13.16,21.49,6.3,Noise,Right
1708334546755,0.030256,-0.489464,-0.871568,-9.52,16.52,8.54,Noise,Right
1708334546755,0.005368,-0.44896,-0.872056,-5.74,8.89,6.09,Noise,Right
1708334546799,0.029768,-0.434808,-0.867664,-4.76,4.13,0.91,Noise,Right
1708334546800,0.077104,-0.447496,-0.868152,-4.9,3.01,-1.89,Noise,Right
1708334546846,0.114192,-0.438224,-0.854,-5.46,7.7,-3.01,Noise,Right
1708334546847,0.13664,-0.431392,-0.848144,-6.09,18.06,-1.4,Noise,Right
1708334546847,0.1342,-0.409432,-0.820328,-9.31,29.68,2.45,Noise,Right
1708334546898,0.115168,-0.397232,-0.825696,-13.23,42.21,2.94,Noise,Right
1708334546899,0.081008,-0.403576,-0.83936,-16.94,49.91,3.15,Noise,Right
1708334546899,0.037088,-0.404064,-0.855952,-18.83,51.8,0.7,Noise,Right
1708334547002,-0.123952,-0.427976,-0.855952,-18.9,45.43,-3.99,Noise,Right
1708334547002,0.008296,-0.435784,-0.868152,-15.96,34.44,-7.28,Noise,Right
1708334547002,0.040016,-0.434808,-0.844728,-11.97,25.62,-12.32,Noise,Right
1708334547002,0.084912,-0.426512,-0.813496,-9.66,22.89,-16.8,Noise,Right
1708334547002,0.11956,-0.414312,-0.793976,-7.14,25.9,-18.48,Noise,Right
1708334547002,0.130296,-0.381616,-0.760792,-9.03,32.55,-20.58,Noise,Right
1708334547052,0.130296,-0.366488,-0.772504,-13.16,41.44,-24.64,Noise,Right
1708334547052,0.11956,-0.363072,-0.780312,-17.78,46.55,-28.35,Noise,Right
1708334547052,0.133224,-0.377712,-0.807152,-20.51,46.55,-31.22,Noise,Right
1708334547096,0.169336,-0.39772,-0.820328,-20.79,42.14,-30.52,Noise,Right
1708334547096,0.178608,-0.377712,-0.828136,-18.06,38.5,-29.89,Noise,Right
1708334547096,0.191296,-0.362584,-0.840824,-14.49,36.96,-29.61,Noise,Right
1708334547149,0.220576,-0.328424,-0.83204,-11.76,36.61,-32.41,Noise,Right
1708334547149,0.240584,-0.30744,-0.801296,-12.67,40.18,-36.75,Noise,Right
1708334547149,0.257664,-0.323056,-0.790072,-16.59,49.0,-44.52,Noise,Right
1708334547281,0.26108,-0.315248,-0.77592,-16.87,55.09,-47.74,Noise,Right
1708334547282,0.254736,-0.268888,-0.794464,-18.9,55.65,-47.67,Noise,Right
1708334547282,0.266448,-0.273768,-0.818376,-22.54,47.32,-46.27,Noise,Right
1708334547282,0.332328,-0.314272,-0.83936,-24.29,36.54,-39.69,Noise,Right
1708334547282,0.379176,-0.340136,-0.865712,-19.32,27.37,-29.12,Noise,Right
1708334547282,0.415288,-0.283528,-0.806664,-17.64,21.98,-21.07,Noise,Right
1708334547282,0.427488,-0.288408,-0.81252,-23.66,29.47,-33.04,Noise,Right
1708334547335,0.430416,-0.303536,-0.868152,-20.79,41.3,-49.56,Noise,Right
1708334547335,0.420656,-0.28548,-0.920368,-12.46,38.08,-56.56,Noise,Right
1708334547336,0.418216,-0.259128,-0.954528,-3.64,21.42,-54.32,Noise,Right
1708334547337,0.463112,-0.25864,-0.937936,3.29,1.54,-51.1,Noise,Right
1708334547412,0.529968,-0.235704,-0.904264,9.17,-12.74,-41.16,Noise,Right
1708334547415,0.588528,-0.187392,-0.854488,10.15,-13.09,-31.92,Noise,Right
1708334547415,0.581696,-0.125416,-0.82472,0.56,3.29,-31.64,Noise,Right
1708334547416,0.56852,-0.13176,-0.83692,-7.56,23.31,-44.45,Noise,Right
1708334547483,0.5368,-0.168848,-0.915976,-11.48,31.43,-52.5,Noise,Right
1708334547483,0.562176,-0.21716,-0.939888,-9.94,17.64,-51.45,Noise,Right
1708334547483,0.585112,-0.25132,-0.941352,-4.48,-3.71,-39.48,Noise,Right
1708334547484,0.623176,-0.216672,-0.915488,2.66,-22.75,-20.79,Noise,Right
1708334547558,0.64904,-0.135176,-0.879376,3.99,-27.79,-9.66,Noise,Right
1708334547559,0.663192,-0.080032,-0.83936,-3.15,-14.14,-11.76,Noise,Right
1708334547562,0.64172,-0.075152,-0.869128,-14.63,9.8,-22.26,Noise,Right
1708334547620,0.636352,-0.130296,-0.891088,-23.17,26.74,-28.28,Noise,Right
1708334547621,0.609024,-0.191296,-0.922808,-25.76,32.06,-21.77,Noise,Right
1708334547622,0.560712,-0.18544,-0.914024,-21.21,26.53,-10.5,Noise,Right
1708334547622,0.53436,-0.16836,-0.885232,-17.08,15.33,-4.76,Noise,Right
1708334547622,0.528992,-0.158112,-0.854976,-14.84,4.41,-1.82,Noise,Right
1708334547668,0.533384,-0.000976,-0.825208,-15.47,-1.12,-0.35,Noise,Right
1708334547669,0.525088,-0.098576,-0.810568,-18.06,-0.98,-5.11,Noise,Right
1708334547669,0.662216,0.028792,-1.232688,5.95,90.16,-8.61,Noise,Right
1708334547669,0.638304,-0.346968,-0.720776,-31.57,23.24,-31.85,Noise,Right
1708334547717,0.315736,-0.081496,-0.87108,4.13,27.58,23.45,Noise,Right
1708334547717,0.74176,-0.324032,-0.948184,-15.75,36.19,-0.98,Noise,Right
1708334547763,0.584136,-0.25132,-1.098488,-5.39,6.93,7.35,Noise,Right
1708334547764,0.846192,-0.136152,-0.83204,-1.33,-1.89,2.8,Noise,Right
1708334547764,0.576816,-0.152256,-0.809592,-2.31,-0.7,-0.14,Noise,Right
1708334547811,0.576328,-0.159088,-0.824232,-2.73,-0.56,-0.49,Noise,Right
1708334547811,0.560712,-0.150304,-0.813008,-2.73,-0.63,0.21,Noise,Right
1708334547812,0.564128,-0.144448,-0.808616,-1.68,-0.77,-1.89,Noise,Right
1708334547855,0.562664,-0.15372,-0.813008,-0.84,-0.84,-2.52,Noise,Right
1708334547855,0.562176,-0.145424,-0.799344,-1.05,-0.98,-2.38,Noise,Right
1708334547902,0.562176,-0.123952,-0.792024,1.33,-1.54,-6.58,Noise,Right
1708334547903,0.503128,-0.13908,-0.852048,2.52,-1.96,-8.19,Noise,Right
1708334547903,0.542656,-0.13908,-0.81984,5.04,-2.8,-11.27,Noise,Right
1708334547951,0.515816,-0.086864,-0.838872,5.32,-2.66,-11.83,Noise,Right
1708334547952,0.571448,-0.165432,-0.796904,-0.63,-0.98,-2.17,Noise,Right
1708334547952,0.576328,-0.142008,-0.803736,-1.4,-0.07,-2.52,Noise,Right
1708334548028,0.552416,-0.150792,-0.805688,-1.12,-1.61,-1.89,Noise,Right
1708334548028,0.565592,-0.143472,-0.805688,-1.05,-0.49,-2.45,Noise,Right
1708334548029,0.56608,-0.149328,-0.799832,-1.12,-1.19,-2.24,Noise,Right
1708334548029,0.565592,-0.142984,-0.802272,-1.19,-0.77,-2.45,Noise,Right
1708334548029,0.557296,-0.147864,-0.796904,-1.12,-1.05,-2.24,Noise,Right
1708334548130,0.562176,-0.148352,-0.805688,-0.84,-0.84,-2.31,Noise,Right
1708334548130,0.563152,-0.151768,-0.803736,-1.05,-0.98,-2.31,Noise,Right
1708334548131,0.56364,-0.146888,-0.80032,-0.98,-1.05,-2.38,Noise,Right
1708334548131,0.556808,-0.148352,-0.811056,-1.19,-0.84,-2.17,Noise,Right
1708334548131,0.556808,-0.14884,-0.807152,-0.98,-0.77,-2.1,Noise,Right
1708334548180,0.564616,-0.143472,-0.808128,-1.4,-0.98,-2.31,Noise,Right
1708334548181,0.561688,-0.153232,-0.810568,-1.33,-0.77,-2.31,Noise,Right
1708334548181,0.56364,-0.145424,-0.806664,-1.12,-0.84,-2.31,Noise,Right
1708334548227,0.560224,-0.150792,-0.803248,-1.19,-0.84,-2.24,Noise,Right
1708334548227,0.565104,-0.146888,-0.803736,-1.12,-0.84,-2.31,Noise,Right
1708334548227,0.561688,-0.1464,-0.801784,-1.19,-1.05,-2.31,Noise,Right
1708334548273,0.56364,-0.1464,-0.798368,-1.05,-1.05,-2.24,Noise,Right
1708334548273,0.563152,-0.149328,-0.80764,-1.05,-0.98,-2.1,Noise,Right
1708334548274,0.561688,-0.153232,-0.808128,-0.98,-0.84,-2.24,Noise,Right
1708334548320,0.564128,-0.149816,-0.811544,-1.19,-0.77,-2.1,Noise,Right
1708334548320,0.55876,-0.151768,-0.808616,-1.05,-0.98,-2.17,Noise,Right
1708334548320,0.564128,-0.145424,-0.808128,-1.12,-0.98,-2.38,Noise,Right
1708334548366,0.566568,-0.1464,-0.801784,-0.91,-1.05,-2.1,Noise,Right
1708334548367,0.561688,-0.147864,-0.808616,-0.91,-0.84,-2.17,Noise,Right
1708334548412,0.560712,-0.147864,-0.806664,-1.12,-0.98,-2.17,Noise,Right
1708334548413,0.562176,-0.14884,-0.804224,-1.12,-0.77,-2.38,Noise,Right
1708334548413,0.565104,-0.144936,-0.801784,-1.26,-0.91,-2.38,Noise,Right
1708334548468,0.562176,-0.14884,-0.797392,-1.33,-0.91,-2.1,Noise,Right
1708334548468,0.562664,-0.1464,-0.802272,-1.26,-0.98,-2.24,Noise,Right
1708334548468,0.562176,-0.146888,-0.806664,-0.91,-0.91,-2.24,Noise,Right
1708334548520,0.564616,-0.145912,-0.799832,-1.54,-0.84,-2.59,Noise,Right
1708334548521,0.567056,-0.144936,-0.801296,-1.26,-1.05,-2.31,Noise,Right
1708334548521,0.56852,-0.148352,-0.80032,-1.19,-0.77,-2.31,Noise,Right
1708334548574,0.566568,-0.145424,-0.801296,-1.12,-0.84,-2.24,Noise,Right
1708334548574,0.560224,-0.14884,-0.803736,-0.91,-0.84,-2.24,Noise,Right
1708334548574,0.567056,-0.144936,-0.798856,-1.05,-0.84,-2.38,Noise,Right
1708334548641,0.560224,-0.15128,-0.811056,-1.12,-0.84,-2.52,Noise,Right
1708334548641,0.56608,-0.140544,-0.801784,-1.19,-0.84,-2.24,Noise,Right
1708334548642,0.560712,-0.14884,-0.79788,-1.26,-0.7,-2.24,Noise,Right
1708334548642,0.571448,-0.150304,-0.804224,-1.12,-0.91,-2.24,Noise,Right
1708334548642,0.565104,-0.145912,-0.803248,-1.19,-0.91,-2.24,Noise,Right
1708334548688,0.565104,-0.15128,-0.80276,-1.19,-1.05,-2.31,Noise,Right
1708334548689,0.566568,-0.144448,-0.80276,-1.12,-0.91,-2.31,Noise,Right
1708334548690,0.559248,-0.147864,-0.80276,-0.98,-0.98,-2.31,Noise,Right
1708334548735,0.567056,-0.14884,-0.804224,-1.19,-0.77,-2.17,Noise,Right
1708334548735,0.5612,-0.147864,-0.802272,-1.4,-0.91,-2.31,Noise,Right
1708334548787,0.56608,-0.152256,-0.803248,-1.26,-0.98,-2.38,Noise,Right
1708334548787,0.567056,-0.145424,-0.802272,-1.33,-0.77,-2.31,Noise,Right
1708334548787,0.562664,-0.145424,-0.804224,-1.4,-0.84,-2.31,Noise,Right
1708334548913,0.569008,-0.146888,-0.808128,-1.12,-1.05,-2.24,Noise,Right
1708334548913,0.56364,-0.14396,-0.80276,-0.98,-0.91,-2.31,Noise,Right
1708334548913,0.568032,-0.149816,-0.803248,-1.19,-0.84,-2.38,Noise,Right
1708334548913,0.559736,-0.151768,-0.808128,-1.12,-0.84,-2.24,Noise,Right
1708334548913,0.56364,-0.149816,-0.803248,-1.12,-0.84,-2.17,Noise,Right
1708334548913,0.56608,-0.145912,-0.804224,-1.05,-0.84,-2.17,Noise,Right
1708334548913,0.559248,-0.151768,-0.804712,-1.26,-0.77,-2.31,Noise,Right
1708334548976,0.56852,-0.150304,-0.803736,-1.05,-0.98,-2.17,Noise,Right
1708334548976,0.56852,-0.147864,-0.799832,-1.19,-0.91,-2.31,Noise,Right
1708334548976,0.565104,-0.147376,-0.803736,-1.12,-0.98,-2.31,Noise,Right
1708334548977,0.561688,-0.149328,-0.805688,-1.19,-1.05,-2.38,Noise,Right
1708334549051,0.56364,-0.147376,-0.798856,-1.19,-0.77,-2.24,Noise,Right
1708334549051,0.565592,-0.1464,-0.801296,-1.12,-0.98,-2.31,Noise,Right
1708334549052,0.560712,-0.148352,-0.80764,-0.91,-1.05,-2.17,Noise,Right
1708334549052,0.5612,-0.147864,-0.801784,-1.12,-0.77,-2.24,Noise,Right
1708334549052,0.55876,-0.150792,-0.807152,-1.12,-0.84,-2.24,Noise,Right
1708334549156,0.564616,-0.144936,-0.804224,-0.98,-0.7,-2.17,Noise,Right
1708334549157,0.564128,-0.145424,-0.801296,-1.19,-0.77,-2.17,Noise,Right
1708334549157,0.564128,-0.142008,-0.804712,-1.12,-0.77,-2.17,Noise,Right
1708334549157,0.56364,-0.145912,-0.80032,-1.33,-0.77,-2.38,Noise,Right
1708334549157,0.563152,-0.148352,-0.805688,-0.98,-0.91,-2.52,Noise,Right
1708334549157,0.567544,-0.148352,-0.803736,-1.26,-0.77,-2.24,Noise,Right
1708334549202,0.565104,-0.145912,-0.801296,-1.54,-0.7,-2.38,Noise,Right
1708334549204,0.565104,-0.14884,-0.803248,-1.19,-0.84,-2.31,Noise,Right
1708334549204,0.564128,-0.147864,-0.805688,-1.12,-0.98,-2.38,Noise,Right
1708334549253,0.565104,-0.148352,-0.804224,-1.12,-0.84,-2.24,Noise,Right
1708334549253,0.563152,-0.14884,-0.806664,-1.26,-0.91,-2.31,Noise,Right
1708334549356,0.567544,-0.149816,-0.810568,-0.98,-0.84,-2.17,Noise,Right
1708334549357,0.560224,-0.14396,-0.801784,-0.98,-1.05,-2.31,Noise,Right
1708334549357,0.567544,-0.146888,-0.80032,-1.26,-0.7,-2.31,Noise,Right
1708334549357,0.562176,-0.143472,-0.803248,-1.05,-0.98,-2.17,Noise,Right
1708334549357,0.561688,-0.150304,-0.806664,-1.19,-0.84,-2.24,Noise,Right
1708334549357,0.562664,-0.147376,-0.803248,-0.98,-0.84,-2.17,Noise,Right
1708334549357,0.559248,-0.145912,-0.799832,-1.33,-1.12,-2.31,Noise,Right
1708334549405,0.562176,-0.151768,-0.801784,-0.91,-0.98,-1.96,Noise,Right
1708334549405,0.564616,-0.1464,-0.800808,-1.19,-0.91,-2.38,Noise,Right
1708334549405,0.56608,-0.14884,-0.806176,-1.26,-0.84,-2.1,Noise,Right
1708334549452,0.565592,-0.14396,-0.80032,-1.05,-1.05,-2.17,Noise,Right
1708334549452,0.55876,-0.152744,-0.804712,-0.84,-0.77,-2.1,Noise,Right
1708334549498,0.565592,-0.145912,-0.807152,-1.26,-0.91,-2.24,Noise,Right
1708334549499,0.562176,-0.147376,-0.804224,-1.05,-0.98,-2.1,Noise,Right
1708334549499,0.568032,-0.146888,-0.80032,-1.33,-0.91,-2.31,Noise,Right
1708334549544,0.562664,-0.148352,-0.804224,-1.12,-1.12,-2.31,Noise,Right
1708334549544,0.572424,-0.144448,-0.79788,-1.19,-1.33,-2.17,Noise,Right
1708334549544,0.5612,-0.145424,-0.808128,-1.05,-1.89,-2.24,Noise,Right
1708334549590,0.56364,-0.145424,-0.80276,-0.77,-2.59,-1.68,Noise,Right
1708334549590,0.55876,-0.153232,-0.806664,-1.19,0.56,-2.73,Noise,Right
1708334549591,0.569008,-0.136152,-0.805688,-1.19,-1.47,-2.31,Noise,Right
1708334549637,0.461648,-0.25376,-0.811056,9.24,-0.28,-23.38,Noise,Right
1708334549637,0.55632,-0.12932,-0.823256,12.81,-7.28,-20.37,Noise,Right
1708334549687,0.571448,-0.129808,-0.792024,11.13,-5.39,-21.63,Noise,Right
1708334549688,0.600728,-0.201056,-0.765184,9.73,-5.95,-16.45,Noise,Right
1708334549688,0.582672,-0.21472,-0.806664,1.68,-9.45,-4.2,Noise,Right
1708334549766,0.612928,-0.155184,-0.765672,2.73,-6.16,-7.91,Noise,Right
1708334549766,0.538264,-0.182512,-0.886208,-0.28,-3.29,-1.19,Noise,Right
1708334549766,0.54168,-0.130296,-0.878888,6.23,-15.54,-1.12,Noise,Right
1708334549767,0.601704,-0.153232,-0.87596,14.84,-21.21,0.28,Noise,Right
1708334549767,0.584624,-0.17568,-0.898896,18.41,-34.09,6.3,Noise,Right
1708334549875,0.547048,-0.155184,-0.889136,16.94,-47.39,18.06,Noise,Right
1708334549876,0.423584,-0.091744,-0.791048,16.66,-58.24,27.09,Noise,Right
1708334549876,0.508984,-0.111752,-0.911584,11.97,-63.63,18.06,Noise,Right
1708334549876,0.590968,-0.183976,-0.930616,8.89,-56.28,7.14,Noise,Right
1708334549876,0.649528,-0.260104,-0.955992,11.9,-41.72,3.36,Noise,Right
1708334549876,0.69052,-0.268888,-0.937936,23.03,-23.45,7.7,Noise,Right
1708334549971,0.663192,-0.216672,-0.918904,29.75,-2.87,12.81,Noise,Right
1708334549971,0.618296,-0.1586,-0.916952,30.17,15.61,13.86,Noise,Right
1708334549971,0.5734,-0.142496,-0.914024,25.13,23.45,17.43,Noise,Right
1708334549971,0.530944,-0.157624,-0.908656,18.69,19.39,24.29,Noise,Right
1708334549971,0.507032,-0.16592,-0.884256,10.85,7.21,30.45,Noise,Right
1708334549972,0.517768,-0.181048,-0.881328,2.17,-2.24,33.74,Noise,Right
1708334550073,0.523136,-0.245952,-0.9028,-2.8,-5.6,26.11,Noise,Right
1708334550074,0.543632,-0.293776,-0.919392,0.56,-3.57,20.79,Noise,Right
1708334550074,0.548024,-0.300608,-0.911096,7.42,-3.08,18.34,Noise,Right
1708334550074,0.547048,-0.293288,-0.898408,13.3,-3.64,19.53,Noise,Right
1708334550075,0.522648,-0.27328,-0.889624,18.69,-4.83,23.94,Noise,Right
1708334550075,0.49288,-0.266448,-0.87108,19.95,-10.29,28.7,Noise,Right
1708334550117,0.450912,-0.271816,-0.857904,18.83,-22.61,34.79,Noise,Right
1708334550118,0.438712,-0.274744,-0.842776,16.03,-36.26,42.98,Noise,Right
1708334550118,0.435784,-0.28548,-0.817888,13.86,-42.91,49.84,Noise,Right
1708334550164,0.448472,-0.288408,-0.778848,7.91,-39.62,53.06,Noise,Right
1708334550164,0.423584,-0.328912,-0.782264,2.59,-26.95,47.04,Noise,Right
1708334550215,0.389424,-0.35868,-0.818376,3.43,-18.2,42.63,Noise,Right
1708334550219,0.321592,-0.36356,-0.83448,7.49,-18.97,41.02,Noise,Right
1708334550219,0.242048,-0.371368,-0.860832,11.48,-32.97,37.87,Noise,Right
1708334550256,0.225944,-0.359656,-0.8662,15.68,-59.36,41.09,Noise,Right
1708334550256,0.274744,-0.347944,-0.833504,19.6,-79.24,46.27,Noise,Right
1708334550256,0.327448,-0.299144,-0.754448,15.12,-79.73,51.73,Noise,Right
1708334550303,0.333792,-0.289872,-0.740296,2.59,-59.08,43.19,Noise,Right
1708334550304,0.318176,-0.342088,-0.742736,-7.28,-31.01,33.04,Noise,Right
1708334550350,0.25376,-0.386496,-0.802272,-9.03,-11.2,31.57,Noise,Right
1708334550350,0.200568,-0.403088,-0.828624,-7.77,-10.78,37.8,Noise,Right
1708334550351,0.154208,-0.382592,-0.845216,-5.39,-17.15,39.62,Noise,Right
1708334550397,0.146888,-0.399672,-0.845704,-3.57,-24.85,37.59,Noise,Right
1708334550397,0.125904,-0.38552,-0.847656,-0.56,-32.34,38.57,Noise,Right
1708334550401,0.14152,-0.406504,-0.843752,0.77,-38.22,39.97,Noise,Right
1708334550443,0.147864,-0.378688,-0.820816,0.49,-35.56,39.97,Noise,Right
1708334550443,0.133712,-0.378688,-0.816424,-0.84,-26.11,34.37,Noise,Right
1708334550443,0.100528,-0.395768,-0.82716,-1.05,-17.99,29.89,Noise,Right
1708334550488,0.066368,-0.387472,-0.841312,0.28,-14.49,25.76,Noise,Right
1708334550489,0.050264,-0.416752,-0.86376,1.12,-16.87,22.54,Noise,Right
1708334550538,0.039528,-0.40504,-0.86132,3.92,-24.15,22.61,Noise,Right
1708334550539,0.030256,-0.384056,-0.854976,4.9,-29.33,21.63,Noise,Right
1708334550539,0.050264,-0.356728,-0.835944,3.71,-31.71,22.75,Noise,Right
1708334550585,0.047336,-0.36844,-0.842288,0.14,-30.03,17.57,Noise,Right
1708334550586,0.040504,-0.39772,-0.862784,-2.38,-25.55,12.46,Noise,Right
1708334550586,0.054656,-0.425536,-0.885232,-1.75,-20.58,9.24,Noise,Right
1708334550629,0.0488,-0.45628,-0.909632,2.52,-17.78,7.63,Noise,Right
1708334550630,0.032208,-0.440664,-0.906216,7.7,-19.18,9.52,Noise,Right
1708334550630,0.02684,-0.422608,-0.88816,10.92,-22.47,9.1,Noise,Right
1708334550675,0.01952,-0.394792,-0.893528,13.51,-24.01,9.87,Noise,Right
1708334550675,0.03416,-0.360632,-0.869616,9.87,-25.76,10.08,Noise,Right
1708334550740,0.04636,-0.37576,-0.872056,4.41,-19.39,6.23,Noise,Right
1708334550747,0.057584,-0.431392,-0.900848,0.98,-10.29,0.84,Noise,Right
1708334550750,0.040992,-0.469456,-0.918416,2.87,-7.7,2.87,Noise,Right
1708334550850,0.013664,-0.457256,-0.898896,5.74,-12.88,9.8,Noise,Right
1708334550851,-0.012688,-0.410896,-0.880352,6.86,-21.35,13.3,Noise,Right
1708334550851,-0.028792,-0.374784,-0.874008,3.08,-28.56,10.78,Noise,Right
1708334550851,-0.011224,-0.371368,-0.880352,-1.05,-29.54,5.25,Noise,Right
1708334550851,0.020496,-0.398696,-0.894504,-4.76,-25.27,2.45,Noise,Right
1708334550851,0.052704,-0.437736,-0.887184,-5.67,-14.91,3.36,Noise,Right
1708334550851,0.044408,-0.453352,-0.880352,-5.11,-4.41,6.16,Noise,Right
1708334550985,0.01464,-0.4514,-0.892064,-3.43,0.91,8.89,Noise,Right
1708334550985,-0.03416,-0.428464,-0.886696,-1.82,-0.35,10.99,Noise,Right
1708334550985,-0.060512,-0.40504,-0.901336,-1.61,-4.62,8.33,Noise,Right
1708334550986,-0.051728,-0.413336,-0.909632,-1.82,-10.85,5.18,Noise,Right
1708334550986,-0.018544,-0.41236,-0.908656,-2.1,-13.72,3.5,Noise,Right
1708334550986,0.018056,-0.44164,-0.89792,-1.68,-10.22,3.92,Noise,Right
1708334550987,0.033672,-0.459696,-0.874008,-0.21,-2.24,5.95,Noise,Right
1708334550987,0.005856,-0.423584,-0.84912,0.77,7.0,9.38,Noise,Right
1708334551033,-0.038552,-0.40504,-0.836432,-1.89,16.17,9.17,Noise,Right
1708334551034,-0.094184,-0.382592,-0.843264,-4.9,18.97,6.02,Noise,Right
1708334551034,-0.121512,-0.39528,-0.857904,-8.19,17.15,-0.35,Noise,Right
1708334551076,-0.08784,-0.431392,-0.886208,-7.98,11.27,-5.88,Noise,Right
1708334551076,-0.047336,-0.44652,-0.894016,-5.88,7.0,-7.7,Noise,Right
1708334551076,0.018056,-0.452376,-0.882304,-2.31,9.59,-9.38,Noise,Right
1708334551123,0.055144,-0.43676,-0.869128,0.14,20.72,-10.5,Noise,Right
1708334551125,0.063928,-0.418704,-0.837896,0.28,36.19,-9.38,Noise,Right
1708334551125,0.050752,-0.395768,-0.78568,-2.73,52.22,-7.49,Noise,Right
1708334551170,0.01464,-0.393328,-0.744688,-8.05,68.6,-7.63,Noise,Right
1708334551171,-0.01708,-0.39284,-0.759328,-12.18,80.43,-7.63,Noise,Right
1708334551171,-0.052704,-0.38064,-0.773968,-15.05,83.09,-7.84,Noise,Right
1708334551219,-0.061976,-0.370392,-0.799832,-19.25,78.12,-11.97,Noise,Right
1708334551220,-0.024888,-0.404552,-0.824232,-21.91,69.02,-17.08,Noise,Right
1708334551276,0.018056,-0.428952,-0.830576,-20.79,58.8,-21.63,Noise,Right
1708334551277,0.069296,-0.442616,-0.830088,-16.38,52.64,-25.97,Noise,Right
1708334551279,0.0854,-0.420168,-0.83204,-13.16,49.49,-30.52,Noise,Right
1708334551393,0.084912,-0.382104,-0.841312,-10.36,45.01,-35.42,Noise,Right
1708334551393,0.100528,-0.33428,-0.832528,-9.66,40.53,-39.2,Noise,Right
1708334551394,0.109312,-0.3172,-0.845704,-10.92,36.96,-45.43,Noise,Right
1708334551394,0.160064,-0.344528,-0.834968,-10.5,34.72,-50.54,Noise,Right
1708334551394,0.201056,-0.379176,-0.825208,-7.0,36.96,-55.51,Noise,Right
1708334551395,0.2318,-0.396744,-0.821792,-1.05,39.9,-57.33,Noise,Right
1708334551395,0.221064,-0.354288,-0.82472,0.84,38.5,-56.77,Noise,Right
1708334551512,0.209352,-0.313296,-0.842776,1.47,35.56,-59.71,Noise,Right
1708334551512,0.222528,-0.330376,-0.854488,0.56,28.49,-65.87,Noise,Right
1708334551512,0.273768,-0.348432,-0.84668,1.19,18.9,-68.04,Noise,Right
1708334551513,0.31964,-0.362584,-0.827648,4.13,13.09,-69.44,Noise,Right
1708334551513,0.355752,-0.333792,-0.826184,10.01,11.13,-70.35,Noise,Right
1708334551513,0.381128,-0.269864,-0.837896,13.37,9.1,-68.6,Noise,Right
1708334551513,0.424072,-0.205936,-0.825208,13.23,8.54,-64.82,Noise,Right
1708334551560,0.4392,-0.194712,-0.837408,2.94,12.67,-63.7,Noise,Right
1708334551560,0.460184,-0.220576,-0.854976,-4.2,14.35,-60.97,Noise,Right
1708334551561,0.481656,-0.24644,-0.85156,-10.57,13.02,-52.85,Noise,Right
1708334551609,0.484584,-0.249856,-0.859856,-14.63,15.68,-47.6,Noise,Right
1708334551609,0.488488,-0.276208,-0.903776,-14.49,18.13,-44.52,Noise,Right
1708334551609,0.49044,-0.291336,-0.909632,-9.66,17.22,-37.94,Noise,Right
1708334551659,0.487024,-0.272304,-0.918904,-3.22,13.44,-36.54,Noise,Right
1708334551659,0.50752,-0.230824,-0.886208,-3.36,8.68,-36.89,Noise,Right
1708334551659,0.54168,-0.242536,-0.909144,-8.68,10.08,-44.66,Noise,Right
1708334551797,0.574864,-0.270352,-0.915976,-8.4,14.56,-45.85,Noise,Right
1708334551801,0.593896,-0.284504,-0.921344,-6.72,19.04,-43.12,Noise,Right
1708334551806,0.589504,-0.2684,-0.904264,-1.26,22.4,-35.56,Noise,Right
1708334551806,0.560712,-0.213744,-0.8662,-0.42,22.4,-28.91,Noise,Right
1708334551807,0.532408,-0.184464,-0.846192,-3.57,17.78,-24.71,Noise,Right
1708334551808,0.51484,-0.17324,-0.843264,-8.33,11.55,-20.44,Noise,Right
1708334551808,0.511424,-0.14884,-0.8418,-10.15,7.56,-20.65,Noise,Right
1708334551919,0.524112,-0.185928,-0.842776,-13.51,8.61,-26.53,Noise,Right
1708334551919,0.549,-0.218136,-0.861808,-15.89,9.1,-35.84,Noise,Right
1708334551920,0.581696,-0.259128,-0.891576,-14.91,8.26,-39.2,Noise,Right
1708334551920,0.616344,-0.262056,-0.896456,-6.65,6.65,-32.76,Noise,Right
1708334551920,0.63196,-0.231312,-0.875472,0.98,7.49,-23.17,Noise,Right
1708334551920,0.622688,-0.176168,-0.83936,3.01,13.58,-15.4,Noise,Right
1708334551920,0.604632,-0.147864,-0.82472,-0.14,22.19,-11.76,Noise,Right
1708334551920,0.568032,-0.1342,-0.831064,-5.53,28.56,-9.94,Noise,Right
1708334551967,0.51728,-0.133224,-0.84668,-9.17,28.35,-7.56,Noise,Right
1708334552349,0.558272,-0.151768,-0.814472,-1.05,-0.91,-2.24,Noise,Right
1708334552399,0.560712,-0.151768,-0.808616,-0.91,-0.7,-2.17,Noise,Right
1708334552399,0.564128,-0.149328,-0.803248,-1.26,-0.98,-2.31,Noise,Right
1708334552399,0.56608,-0.145424,-0.798368,-1.26,-0.84,-2.31,Noise,Right
1708334552455,0.565104,-0.147864,-0.801296,-1.12,-0.98,-2.24,Noise,Right
1708334552455,0.561688,-0.145912,-0.802272,-1.33,-0.77,-1.96,Noise,Right
1708334552506,0.562176,-0.145912,-0.8052,-1.05,-1.12,-2.17,Noise,Right
1708334552506,0.560224,-0.14884,-0.79788,-1.05,-0.77,-2.38,Noise,Right
1708334552506,0.565592,-0.141032,-0.808128,-1.26,-0.91,-2.38,Noise,Right
1708334552506,0.561688,-0.148352,-0.806664,-1.12,-0.84,-2.45,Noise,Right
1708334552556,0.555832,-0.144936,-0.794952,-0.98,-0.91,-1.96,Noise,Right
1708334552556,0.562176,-0.152744,-0.799832,-1.05,-0.91,-2.31,Noise,Right
1708334552556,0.560224,-0.151768,-0.801296,-1.12,-0.77,-2.24,Noise,Right
1708334552637,0.570472,-0.148352,-0.799832,-1.05,-0.56,-2.17,Noise,Right
1708334552637,0.56364,-0.144448,-0.798368,-1.33,-0.77,-2.31,Noise,Right
1708334552638,0.561688,-0.147376,-0.806176,-1.12,-0.91,-2.24,Noise,Right
1708334552638,0.55876,-0.150304,-0.811544,-1.19,-0.91,-2.1,Noise,Right
1708334552638,0.558272,-0.15372,-0.806176,-0.98,-0.84,-2.31,Noise,Right
1708334552738,0.564616,-0.1464,-0.799344,-1.33,-0.63,-2.24,Noise,Right
1708334552738,0.571448,-0.144448,-0.799344,-1.05,-0.91,-2.24,Noise,Right
1708334552738,0.563152,-0.148352,-0.804712,-1.12,-1.05,-2.31,Noise,Right
1708334552739,0.558272,-0.147864,-0.804224,-1.05,-0.77,-2.17,Noise,Right
1708334552739,0.557784,-0.150792,-0.809592,-1.05,-0.98,-2.24,Noise,Right
1708334552785,0.560224,-0.150304,-0.80764,-1.05,-0.91,-2.24,Noise,Right
1708334552786,0.570472,-0.15128,-0.80764,-0.98,-1.05,-2.24,Noise,Right
1708334552786,0.566568,-0.145424,-0.80032,-1.05,-1.05,-2.1,Noise,Right
1708334552832,0.567056,-0.148352,-0.801784,-0.98,-0.98,-2.38,Noise,Right
1708334552832,0.561688,-0.147376,-0.80276,-0.91,-0.84,-2.31,Noise,Right
1708334552833,0.557296,-0.153232,-0.812032,-1.12,-0.7,-2.31,Noise,Right
1708334552878,0.562176,-0.147864,-0.806664,-1.19,-0.91,-2.17,Noise,Right
1708334552879,0.567056,-0.147864,-0.801296,-1.12,-0.84,-2.45,Noise,Right
1708334552879,0.56852,-0.147864,-0.804224,-1.26,-0.98,-2.24,Noise,Right
1708334552923,0.560712,-0.149816,-0.806664,-1.05,-0.91,-2.17,Noise,Right
1708334552923,0.558272,-0.145424,-0.798856,-0.98,-0.98,-2.24,Noise,Right
1708334552970,0.563152,-0.144448,-0.808616,-1.05,-0.77,-2.31,Noise,Right
1708334552970,0.568032,-0.145424,-0.799832,-1.26,-0.91,-2.31,Noise,Right
1708334552970,0.565592,-0.147376,-0.806176,-1.33,-1.05,-2.45,Noise,Right
1708334553014,0.567544,-0.147864,-0.796416,-1.19,-0.91,-2.31,Noise,Right
1708334553015,0.565592,-0.145424,-0.806664,-1.12,-0.98,-2.24,Noise,Right
1708334553015,0.56364,-0.149816,-0.807152,-1.26,-0.84,-2.03,Noise,Right
1708334553064,0.567056,-0.149816,-0.806176,-1.4,-0.84,-2.17,Noise,Right
1708334553064,0.565592,-0.144448,-0.798856,-1.05,-0.98,-2.17,Noise,Right
1708334553065,0.567056,-0.145424,-0.799832,-1.4,-0.91,-2.38,Noise,Right
1708334553108,0.564128,-0.152256,-0.80764,-0.91,-0.98,-2.31,Noise,Right
1708334553109,0.563152,-0.144448,-0.799344,-1.19,-0.91,-2.31,Noise,Right
1708334553155,0.5612,-0.150304,-0.809104,-1.12,-0.84,-2.03,Noise,Right
1708334553155,0.55876,-0.15128,-0.810568,-1.05,-0.84,-2.38,Noise,Right
1708334553155,0.562664,-0.147376,-0.800808,-1.05,-0.84,-2.31,Noise,Right
1708334553201,0.567056,-0.138104,-0.804712,-1.05,-0.84,-2.24,Noise,Right
1708334553201,0.564128,-0.146888,-0.800808,-1.05,-0.98,-2.24,Noise,Right
1708334553201,0.56608,-0.144448,-0.80276,-1.05,-1.05,-2.24,Noise,Right
1708334553249,0.560224,-0.15128,-0.811056,-1.33,-0.7,-2.24,Noise,Right
1708334553249,0.560712,-0.15128,-0.80764,-0.98,-0.63,-2.1,Noise,Right
1708334553300,0.565592,-0.1464,-0.80276,-1.12,-0.84,-2.38,Noise,Right
1708334553301,0.564616,-0.144936,-0.801784,-0.98,-0.91,-2.17,Noise,Right
1708334553301,0.5612,-0.149816,-0.802272,-1.05,-0.84,-2.24,Noise,Right
1708334553433,0.562176,-0.1464,-0.806664,-1.12,-0.84,-2.17,Noise,Right
1708334553433,0.559736,-0.149328,-0.8052,-0.98,-0.98,-2.31,Noise,Right
1708334553433,0.562664,-0.14884,-0.798368,-1.12,-0.98,-2.24,Noise,Right
1708334553435,0.566568,-0.14884,-0.80032,-1.12,-0.98,-2.31,Noise,Right
1708334553435,0.565592,-0.144448,-0.803248,-0.98,-0.56,-2.31,Noise,Right
1708334553435,0.56852,-0.14884,-0.806176,-0.98,-1.12,-2.38,Noise,Right
1708334553435,0.56364,-0.15128,-0.806176,-1.19,-0.84,-2.24,Noise,Right
1708334553487,0.564128,-0.14884,-0.807152,-1.19,-1.05,-2.24,Noise,Right
1708334553487,0.56852,-0.145912,-0.805688,-1.05,-0.98,-2.17,Noise,Right
1708334553488,0.565592,-0.145912,-0.801784,-1.19,-0.84,-2.38,Noise,Right
1708334553488,0.562176,-0.14884,-0.808616,-0.77,-0.91,-2.17,Noise,Right
1708334553532,0.563152,-0.147864,-0.805688,-1.19,-0.77,-2.17,Noise,Right
1708334553533,0.564128,-0.145912,-0.806664,-0.98,-0.77,-2.17,Noise,Right
1708334553533,0.56364,-0.149328,-0.804712,-1.12,-1.19,-2.31,Noise,Right
1708334553598,0.567056,-0.146888,-0.803736,-1.26,-0.84,-2.24,Noise,Right
1708334553598,0.562176,-0.1464,-0.804224,-1.19,-1.05,-2.31,Noise,Right
1708334553598,0.567056,-0.144448,-0.803248,-1.12,-0.84,-2.1,Noise,Right
1708334553654,0.567544,-0.144448,-0.801296,-1.05,-0.84,-2.1,Noise,Right
1708334553655,0.559736,-0.147864,-0.804712,-1.12,-0.77,-2.17,Noise,Right
1708334553655,0.566568,-0.145424,-0.804224,-1.12,-0.91,-2.1,Noise,Right
1708334553655,0.566568,-0.144936,-0.799832,-1.12,-0.84,-2.24,Noise,Right
1708334553700,0.56608,-0.145912,-0.803248,-1.19,-0.91,-2.38,Noise,Right
1708334553700,0.560712,-0.148352,-0.80276,-1.12,-0.91,-2.31,Noise,Right
1708334553700,0.562176,-0.150304,-0.808128,-1.26,-0.56,-2.31,Noise,Right
1708334553751,0.565104,-0.140544,-0.813008,-1.33,-0.91,-2.17,Noise,Right
1708334553752,0.567056,-0.140544,-0.793976,-1.12,-0.63,-2.45,Noise,Right
1708334553752,0.563152,-0.144448,-0.800808,-1.05,-1.05,-2.17,Noise,Right
1708334553862,0.569496,-0.147864,-0.807152,-1.05,-1.89,-1.89,Noise,Right
1708334553863,0.572912,-0.152256,-0.804712,-0.42,-7.21,-0.7,Noise,Right
1708334553863,0.583648,-0.140544,-0.807152,7.07,-2.31,-14.84,Noise,Right
1708334553864,0.555344,-0.1464,-0.80276,9.45,-7.7,-17.78,Noise,Right
1708334553864,0.534848,-0.15616,-0.809592,8.47,-3.29,-14.84,Noise,Right
1708334553864,0.54656,-0.232288,-0.816424,4.41,3.36,-13.23,Noise,Right
1708334553865,0.559248,-0.140056,-0.809592,4.2,-3.08,-9.59,Noise,Right
1708334553964,0.585112,-0.167384,-0.813984,4.48,-6.51,-9.8,Noise,Right
1708334553964,0.568032,-0.089792,-0.789584,4.06,-11.97,-10.15,Noise,Right
1708334553964,0.608048,-0.167872,-0.83692,7.77,-5.74,-14.07,Noise,Right
1708334553965,0.582184,-0.160064,-0.865712,5.32,-16.8,0.56,Noise,Right
1708334553965,0.623176,-0.18788,-0.852536,5.74,-29.19,5.6,Noise,Right
1708334553965,0.573888,-0.154696,-0.91012,8.26,-38.15,19.04,Noise,Right
1708334554013,0.542168,-0.152744,-0.932568,26.67,-32.41,39.41,Noise,Right
1708334554013,0.484584,-0.198128,-0.95648,22.68,-54.32,48.09,Noise,Right
1708334554070,0.440664,-0.164944,-0.947696,29.33,-65.17,56.7,Noise,Right
1708334554070,0.348432,-0.173728,-0.869616,23.38,-89.25,43.96,Noise,Right
1708334554070,0.447008,-0.210328,-0.981856,23.1,-88.34,-13.16,Noise,Right
1708334554123,0.549488,-0.313784,-1.015528,29.68,-82.74,-28.84,Noise,Right
1708334554124,0.657336,-0.315736,-1.042368,45.01,-77.63,-18.83,Noise,Right
1708334554124,0.725656,-0.2074,-0.986736,55.3,-64.26,2.17,Noise,Right
1708334554124,0.72224,-0.084424,-0.9028,50.82,-33.39,7.0,Noise,Right
1708334554168,0.69296,-0.083936,-0.875472,34.72,6.23,3.71,Noise,Right
1708334554168,0.617808,-0.113216,-0.890112,19.32,33.81,10.57,Noise,Right
1708334554168,0.537288,-0.144936,-0.894016,4.62,36.96,21.7,Noise,Right
1708334554211,0.504592,-0.203984,-0.908656,-6.3,32.76,26.95,Noise,Right
1708334554211,0.49288,-0.271328,-0.917928,-9.73,25.9,32.2,Noise,Right
1708334554257,0.481168,-0.328424,-0.923784,-7.42,16.8,39.97,Noise,Right
1708334554258,0.461648,-0.34404,-0.92232,-0.56,10.01,51.73,Noise,Right
1708334554258,0.426512,-0.318664,-0.902312,4.9,6.37,57.89,Noise,Right
1708334554303,0.374296,-0.29768,-0.869616,7.84,6.3,53.69,Noise,Right
1708334554303,0.355264,-0.294752,-0.854488,8.82,3.78,44.31,Noise,Right
1708334554303,0.326472,-0.2806,-0.853024,7.07,-5.11,39.76,Noise,Right
1708334554349,0.33672,-0.264496,-0.82228,4.06,-17.15,37.1,Noise,Right
1708334554350,0.368928,-0.290848,-0.832528,-2.24,-22.54,34.02,Noise,Right
1708334554401,0.428464,-0.33916,-0.829112,-2.66,-23.1,35.63,Noise,Right
1708334554402,0.438224,-0.373808,-0.826672,-2.1,-17.5,46.9,Noise,Right
1708334554402,0.409432,-0.382592,-0.825208,0.49,-6.23,56.49,Noise,Right
1708334554476,0.350872,-0.393816,-0.804224,3.22,4.27,60.55,Noise,Right
1708334554477,0.27328,-0.363072,-0.799344,5.25,13.37,58.1,Noise,Right
1708334554477,0.19764,-0.367952,-0.81984,5.32,15.4,47.53,Noise,Right
1708334554477,0.155184,-0.419192,-0.83692,7.7,4.48,41.16,Noise,Right
1708334554478,0.155672,-0.407968,-0.836432,12.46,-16.52,44.24,Noise,Right
1708334554520,0.1708,-0.38308,-0.820816,14.84,-33.74,44.8,Noise,Right
1708334554521,0.195688,-0.377224,-0.800808,13.93,-37.66,38.92,Noise,Right
1708334554568,0.204472,-0.38308,-0.793488,11.34,-34.02,32.06,Noise,Right
1708334554568,0.19764,-0.397232,-0.790072,8.68,-28.49,27.79,Noise,Right
1708334554569,0.191296,-0.41236,-0.781776,6.16,-26.46,27.09,Noise,Right
1708334554621,0.153232,-0.394792,-0.798368,5.18,-26.67,28.07,Noise,Right
1708334554622,0.164456,-0.40016,-0.818376,4.83,-30.59,27.3,Noise,Right
1708334554623,0.166896,-0.421632,-0.821792,6.93,-34.44,29.82,Noise,Right
1708334554743,0.189832,-0.410896,-0.794952,6.02,-36.33,30.59,Noise,Right
1708334554744,0.179584,-0.40748,-0.788608,3.99,-33.53,26.67,Noise,Right
1708334554744,0.181048,-0.416264,-0.797392,0.35,-28.49,27.23,Noise,Right
1708334554744,0.16592,-0.43188,-0.803736,-0.84,-20.93,25.34,Noise,Right
1708334554744,0.162016,-0.436272,-0.813496,-0.91,-12.18,24.08,Noise,Right
1708334554745,0.129808,-0.44408,-0.828136,0.42,-6.16,23.94,Noise,Right
1708334554745,0.081496,-0.43676,-0.847168,1.61,-7.07,26.46,Noise,Right
1708334554884,0.060024,-0.427,-0.839848,1.26,-11.97,26.67,Noise,Right
1708334554884,0.042944,-0.417728,-0.833016,-0.28,-15.96,21.77,Noise,Right
1708334554884,0.067344,-0.430416,-0.8174,-2.59,-14.7,13.51,Noise,Right
1708334554885,0.067344,-0.4514,-0.831064,-2.87,-10.5,7.91,Noise,Right
1708334554885,0.062464,-0.442128,-0.837408,-3.22,-8.4,9.17,Noise,Right
1708334554885,0.057096,-0.434808,-0.844728,-3.5,-6.02,5.32,Noise,Right
1708334554885,0.050264,-0.447008,-0.861808,-3.5,-5.88,1.33,Noise,Right
1708334554885,0.051728,-0.451888,-0.87596,-1.33,-10.08,-1.82,Noise,Right
1708334554991,0.071736,-0.45872,-0.892064,0.91,-17.43,-1.47,Noise,Right
1708334554991,0.096136,-0.450912,-0.880352,2.1,-24.85,0.91,Noise,Right
1708334554991,0.116144,-0.422608,-0.86864,1.4,-26.46,1.75,Noise,Right
1708334554991,0.135176,-0.421632,-0.856928,-2.52,-20.44,-0.63,Noise,Right
1708334554992,0.13908,-0.441152,-0.8662,-6.44,-9.1,-4.48,Noise,Right
1708334554992,0.126392,-0.465064,-0.904752,-5.95,1.82,-7.42,Noise,Right
1708334554992,0.106872,-0.479704,-0.928664,-1.82,4.69,-4.9,Noise,Right
1708334555032,0.091744,-0.461648,-0.916952,4.41,1.4,-3.85,Noise,Right
1708334555034,0.10004,-0.445544,-0.890112,7.42,-2.38,-2.87,Noise,Right
1708334555034,0.116632,-0.41236,-0.82472,6.23,-3.01,-0.42,Noise,Right
1708334555079,0.118584,-0.407968,-0.770064,0.56,6.23,-2.66,Noise,Right
1708334555080,0.104432,-0.40748,-0.731024,-9.24,19.53,-2.8,Noise,Right
1708334555128,0.084424,-0.431392,-0.708088,-19.88,36.33,-4.13,Noise,Right
1708334555128,0.033184,-0.435296,-0.711992,-24.29,49.7,-6.93,Noise,Right
1708334555129,-0.010248,-0.448472,-0.729072,-25.2,54.32,-9.8,Noise,Right
1708334555172,-0.033672,-0.462624,-0.737368,-21.0,50.26,-14.28,Noise,Right
1708334555173,-0.022936,-0.442616,-0.734928,-15.89,41.86,-18.06,Noise,Right
1708334555173,-0.003904,-0.381128,-0.751032,-13.3,31.43,-19.11,Noise,Right
1708334555218,0.05124,-0.325984,-0.725656,-17.01,25.83,-22.05,Noise,Right
1708334555218,0.096136,-0.320616,-0.723704,-27.86,30.38,-30.94,Noise,Right
1708334555265,0.14152,-0.37332,-0.768112,-36.19,41.16,-39.62,Noise,Right
1708334555265,0.168848,-0.416752,-0.82228,-35.56,51.73,-45.85,Noise,Right
1708334555265,0.178608,-0.428464,-0.853024,-27.72,59.08,-49.35,Noise,Right
1708334555312,0.191784,-0.42456,-0.878888,-17.99,62.44,-56.63,Noise,Right
1708334555312,0.212768,-0.42212,-0.899384,-7.0,57.82,-56.42,Noise,Right
1708334555312,0.221064,-0.383568,-0.894016,1.54,47.95,-50.82,Noise,Right
1708334555359,0.22448,-0.325496,-0.850584,4.41,36.33,-44.59,Noise,Right
1708334555359,0.23668,-0.296704,-0.82472,-0.21,29.54,-47.95,Noise,Right
1708334555360,0.266448,-0.330376,-0.830088,-7.14,32.41,-64.19,Noise,Right
1708334555406,0.294752,-0.345016,-0.82716,-3.01,40.25,-84.14,Noise,Right
1708334555407,0.32452,-0.352824,-0.840824,2.03,45.08,-96.88,Noise,Right
1708334555407,0.34404,-0.300608,-0.864736,9.45,41.79,-100.94,Noise,Right
1708334555453,0.374784,-0.254248,-0.860344,13.58,31.78,-101.36,Noise,Right
1708334555455,0.407968,-0.218624,-0.884256,14.63,16.73,-98.49,Noise,Right
1708334555503,0.443104,-0.211792,-0.898896,12.53,-8.05,-87.08,Noise,Right
1708334555504,0.51728,-0.230824,-0.887672,9.59,-34.3,-66.15,Noise,Right
1708334555506,0.608048,-0.202032,-0.8174,-0.77,-45.57,-41.44,Noise,Right
1708334555547,0.691984,-0.20496,-0.743712,-14.42,-24.01,-29.61,Noise,Right
1708334555548,0.642208,-0.162504,-0.762744,-19.88,22.61,-40.74,Noise,Right
1708334555548,0.57828,-0.194712,-0.853024,-21.14,61.95,-69.86,Noise,Right
1708334555595,0.53192,-0.284504,-0.967704,-13.86,66.57,-78.05,Noise,Right
1708334555595,0.549,-0.29768,-0.982832,2.45,33.67,-62.02,Noise,Right
1708334555595,0.58072,-0.190808,-0.917928,14.0,1.19,-44.8,Noise,Right
1708334555645,0.656848,-0.110776,-0.850584,14.77,-10.92,-37.17,Noise,Right
1708334555645,0.665144,-0.054656,-0.811544,0.21,-1.54,-40.25,Noise,Right
1708334555693,0.6832,-0.083936,-0.859368,-13.09,17.78,-50.89,Noise,Right
1708334555693,0.666608,-0.154696,-0.923296,-19.32,32.76,-56.28,Noise,Right
1708334555693,0.659776,-0.222528,-0.960872,-12.67,31.64,-53.2,Noise,Right
1708334555743,0.642696,-0.213744,-0.959896,-1.26,16.03,-33.88,Noise,Right
1708334555745,0.62952,-0.148352,-0.898408,6.23,-1.96,-20.23,Noise,Right
1708334555745,0.653432,-0.114192,-0.835944,6.93,-13.65,-13.79,Noise,Right
1708334555812,0.670512,-0.072224,-0.806664,3.85,-14.42,-10.57,Noise,Right
1708334555813,0.701256,-0.084912,-0.7564,-7.91,-8.75,-9.17,Noise,Right
1708334555813,0.700768,-0.124928,-0.774944,-19.25,5.32,-9.87,Noise,Right
1708334555813,0.680272,-0.16348,-0.80032,-23.38,23.66,-11.34,Noise,Right
1708334555859,0.634888,-0.184952,-0.835456,-19.25,29.4,-10.43,Noise,Right
1708334555860,0.599752,-0.168848,-0.812032,-12.53,24.36,-4.55,Noise,Right
1708334555860,0.561688,-0.128832,-0.786656,-9.73,13.79,-0.84,Noise,Right
1708334555909,0.553392,-0.106384,-0.769576,-13.16,4.27,0.56,Noise,Right
1708334555909,0.821792,-0.913048,-2.147688,-18.34,-1.75,3.08,Noise,Right
1708334555909,0.641232,0.015128,-0.954528,-0.35,-17.85,27.86,Noise,Right
1708334555954,0.712968,-0.165432,-0.83448,-7.7,-5.32,5.53,Noise,Right
1708334555954,0.566568,-0.188856,-0.8296,-7.42,5.32,-4.27,Noise,Right
1708334555954,0.543144,-0.160552,-0.790072,-3.29,7.14,-5.74,Noise,Right
1708334556001,0.541192,-0.167384,-0.781288,-0.14,2.38,-4.97,Noise,Right
1708334556002,0.522648,-0.158112,-0.75152,3.15,-5.18,-0.91,Noise,Right
1708334556047,0.510448,-0.164456,-0.745176,5.18,-15.61,6.02,Noise,Right
1708334556048,0.511912,-0.142008,-0.7442,3.57,-31.92,10.71,Noise,Right
1708334556048,0.44896,-0.256688,-0.75396,-9.8,11.76,-0.63,Noise,Right
1708334556093,0.589992,-0.092232,-0.823256,-6.09,-0.07,4.62,Noise,Right
1708334556093,0.557784,-0.116144,-0.838872,-3.64,0.14,1.12,Noise,Right
1708334556093,0.565592,-0.140544,-0.804712,-0.91,-0.84,-2.17,Noise,Right
1708334556147,0.567544,-0.1464,-0.798368,-1.12,-0.7,-2.24,Noise,Right
1708334556147,0.564128,-0.145912,-0.803248,-0.84,-1.12,-2.24,Noise,Right
1708334556148,0.560712,-0.149328,-0.809104,-1.05,-0.91,-2.17,Noise,Right
1708334556219,0.569496,-0.15128,-0.812032,-0.98,-0.91,-2.31,Noise,Right
1708334556219,0.560712,-0.152744,-0.802272,-0.98,-0.77,-2.24,Noise,Right
1708334556220,0.566568,-0.144448,-0.799832,-1.12,-0.77,-2.17,Noise,Right
1708334556220,0.559248,-0.142984,-0.781288,-1.19,-0.56,-2.45,Noise,Right
1708334556270,0.559736,-0.15372,-0.806176,-1.54,-1.12,-2.17,Noise,Right
1708334556270,0.562664,-0.142984,-0.812032,-1.05,-0.91,-2.38,Noise,Right
1708334556270,0.555344,-0.146888,-0.807152,-0.91,-0.98,-1.96,Noise,Right
1708334556324,0.565104,-0.145912,-0.80764,-1.54,-0.77,-2.45,Noise,Right
1708334556324,0.556808,-0.147376,-0.804224,-0.77,-0.91,-2.38,Noise,Right
1708334556324,0.564128,-0.144448,-0.806664,-0.91,-1.12,-2.17,Noise,Right
1708334556426,0.5612,-0.14884,-0.799832,-1.26,-0.91,-2.31,Noise,Right
1708334556426,0.562664,-0.151768,-0.803248,-0.84,-0.84,-2.24,Noise,Right
1708334556426,0.57096,-0.14884,-0.800808,-1.12,-0.98,-2.1,Noise,Right
1708334556427,0.56608,-0.146888,-0.80276,-1.33,-0.7,-2.38,Noise,Right
1708334556427,0.56364,-0.14396,-0.797392,-1.19,-0.77,-2.31,Noise,Right
1708334556427,0.561688,-0.152256,-0.810568,-1.12,-0.77,-2.38,Noise,Right
1708334556471,0.564128,-0.147376,-0.806664,-1.33,-0.77,-2.31,Noise,Right
1708334556472,0.559248,-0.14884,-0.807152,-1.05,-0.7,-2.17,Noise,Right
1708334556472,0.565592,-0.14884,-0.803248,-1.12,-0.91,-2.24,Noise,Right
1708334556524,0.566568,-0.147376,-0.808128,-1.05,-0.7,-2.31,Noise,Right
1708334556524,0.567544,-0.142984,-0.803736,-1.05,-0.7,-2.24,Noise,Right
1708334556524,0.569008,-0.145424,-0.799832,-1.05,-0.98,-2.24,Noise,Right
1708334556566,0.554368,-0.149328,-0.806664,-1.19,-0.77,-2.24,Noise,Right
1708334556566,0.564616,-0.142984,-0.81008,-1.05,-0.91,-2.38,Noise,Right
1708334556566,0.561688,-0.152256,-0.809592,-1.19,-0.7,-2.38,Noise,Right
1708334556614,0.561688,-0.150792,-0.801784,-1.26,-0.84,-2.31,Noise,Right
1708334556614,0.557784,-0.14884,-0.804712,-1.12,-0.91,-2.31,Noise,Right
1708334556663,0.560712,-0.153232,-0.809592,-1.19,-0.98,-2.31,Noise,Right
1708334556663,0.563152,-0.143472,-0.806176,-1.12,-0.91,-2.17,Noise,Right
1708334556663,0.559736,-0.15128,-0.809592,-1.26,-0.98,-2.31,Noise,Right
1708334556706,0.563152,-0.147864,-0.804224,-1.26,-0.77,-2.31,Noise,Right
1708334556706,0.562176,-0.151768,-0.80032,-1.12,-0.91,-2.38,Noise,Right
1708334556707,0.561688,-0.14884,-0.81252,-1.12,-0.91,-2.17,Noise,Right
1708334556752,0.564616,-0.144936,-0.801296,-1.12,-0.98,-2.31,Noise,Right
1708334556753,0.559248,-0.147376,-0.808128,-1.12,-0.77,-2.1,Noise,Right
1708334556753,0.557784,-0.147376,-0.804712,-0.98,-0.91,-2.17,Noise,Right
1708334556802,0.564616,-0.147376,-0.804712,-0.91,-0.98,-2.1,Noise,Right
1708334556802,0.567056,-0.144936,-0.799832,-1.05,-0.98,-2.31,Noise,Right
1708334556849,0.5612,-0.148352,-0.805688,-1.12,-0.91,-2.31,Noise,Right
1708334556850,0.565592,-0.1464,-0.805688,-1.12,-0.84,-2.31,Noise,Right
1708334556850,0.562664,-0.147376,-0.803736,-1.26,-0.98,-2.17,Noise,Right
1708334556939,0.562176,-0.152256,-0.811544,-1.12,-0.84,-2.38,Noise,Right
1708334556939,0.560712,-0.147864,-0.804712,-1.12,-0.91,-2.31,Noise,Right
1708334556939,0.567544,-0.143472,-0.799344,-1.19,-0.84,-2.24,Noise,Right
1708334556940,0.559736,-0.152256,-0.80764,-1.12,-0.91,-2.38,Noise,Right
1708334556940,0.557784,-0.155672,-0.807152,-1.12,-0.84,-2.24,Noise,Right
1708334556940,0.56608,-0.145424,-0.801296,-1.12,-0.84,-2.24,Noise,Right
1708334556987,0.56608,-0.147376,-0.801296,-1.12,-0.7,-2.17,Noise,Right
1708334556987,0.564616,-0.143472,-0.799344,-1.05,-0.7,-2.24,Noise,Right
1708334556987,0.561688,-0.150304,-0.806176,-1.05,-0.91,-2.1,Noise,Right
1708334557124,0.564616,-0.149816,-0.810568,-1.12,-0.84,-2.24,Noise,Right
1708334557125,0.559736,-0.147864,-0.806664,-1.12,-0.84,-2.31,Noise,Right
1708334557125,0.56364,-0.14396,-0.801296,-1.19,-0.63,-2.38,Noise,Right
1708334557125,0.5612,-0.149816,-0.806176,-0.98,-0.98,-2.24,Noise,Right
1708334557125,0.564616,-0.14396,-0.798368,-1.19,-0.77,-2.24,Noise,Right
1708334557125,0.559248,-0.149816,-0.80276,-1.05,-1.05,-2.31,Noise,Right
1708334557126,0.566568,-0.14396,-0.805688,-1.19,-0.84,-2.17,Noise,Right
1708334557176,0.561688,-0.147376,-0.806664,-1.33,-0.84,-2.24,Noise,Right
1708334557176,0.56608,-0.14152,-0.806664,-1.26,-0.98,-2.17,Noise,Right
1708334557176,0.562664,-0.145912,-0.798856,-1.19,-0.77,-2.24,Noise,Right
1708334557294,0.560712,-0.149816,-0.809592,-1.12,-0.84,-2.17,Noise,Right
1708334557294,0.560224,-0.148352,-0.806176,-1.12,-0.98,-2.24,Noise,Right
1708334557294,0.562176,-0.146888,-0.80276,-1.33,-0.91,-2.24,Noise,Right
1708334557294,0.567544,-0.14396,-0.800808,-1.47,-0.91,-2.24,Noise,Right
1708334557294,0.567544,-0.143472,-0.799832,-1.19,-0.98,-2.31,Noise,Right
1708334557294,0.562176,-0.149816,-0.809104,-0.91,-0.84,-2.24,Noise,Right
1708334557294,0.56364,-0.149816,-0.803736,-1.12,-1.05,-2.45,Noise,Right
1708334557343,0.565104,-0.144448,-0.798856,-1.05,-0.77,-2.17,Noise,Right
1708334557344,0.569496,-0.147864,-0.802272,-0.98,-1.05,-2.31,Noise,Right
1708334557344,0.564616,-0.1464,-0.803736,-0.98,-1.19,-2.24,Noise,Right
1708334557390,0.561688,-0.145424,-0.803736,-1.05,-0.91,-2.24,Noise,Right
1708334557390,0.55632,-0.151768,-0.812032,-0.91,-1.05,-2.31,Noise,Right
1708334557390,0.5612,-0.152256,-0.813008,-1.26,-0.77,-2.31,Noise,Right
1708334557435,0.559248,-0.15128,-0.804224,-1.12,-0.98,-2.17,Noise,Right
1708334557436,0.568032,-0.145424,-0.798368,-0.98,-0.84,-2.31,Noise,Right
1708334557436,0.560224,-0.154208,-0.808616,-1.05,-0.91,-2.31,Noise,Right
1708334557484,0.559248,-0.147864,-0.803736,-1.05,-0.91,-2.31,Noise,Right
1708334557485,0.559248,-0.150304,-0.804712,-0.98,-0.84,-2.03,Noise,Right
1708334557485,0.56364,-0.144448,-0.804712,-0.84,-0.91,-2.31,Noise,Right
1708334557528,0.566568,-0.145424,-0.802272,-0.91,-0.91,-2.24,Noise,Right
1708334557529,0.564616,-0.147864,-0.79788,-1.19,-0.91,-2.31,Noise,Right
1708334557577,0.559736,-0.146888,-0.802272,-1.12,-0.84,-2.24,Noise,Right
1708334557578,0.561688,-0.149328,-0.806176,-1.05,-0.91,-2.1,Noise,Right
1708334557578,0.562176,-0.144448,-0.806176,-1.12,-0.91,-2.38,Noise,Right
1708334557623,0.560712,-0.147864,-0.804224,-0.91,-0.7,-2.24,Noise,Right
1708334557623,0.564128,-0.149816,-0.808128,-1.05,-0.84,-2.24,Noise,Right
1708334557623,0.562176,-0.150792,-0.802272,-1.05,-0.98,-2.38,Noise,Right
1708334557670,0.55876,-0.15128,-0.808128,-1.05,-0.98,-2.24,Noise,Right
1708334557670,0.560224,-0.149816,-0.809104,-1.61,-0.98,-2.45,Noise,Right
1708334557670,0.5612,-0.145424,-0.8052,-0.7,-0.77,-1.96,Noise,Right
1708334557715,0.564128,-0.1464,-0.804712,-1.33,-0.91,-2.38,Noise,Right
1708334557715,0.566568,-0.1464,-0.80032,-1.19,-0.84,-2.45,Noise,Right
1708334557763,0.567056,-0.147864,-0.80032,-0.84,-0.91,-2.1,Noise,Right
1708334557763,0.565104,-0.14396,-0.802272,-1.19,-0.84,-2.1,Noise,Right
1708334557763,0.5612,-0.151768,-0.806664,-1.47,-0.91,-2.31,Noise,Right
1708334557811,0.5612,-0.145424,-0.801784,-1.19,-0.84,-2.17,Noise,Right
1708334557812,0.565592,-0.147864,-0.804224,-1.26,-0.91,-2.31,Noise,Right
1708334557812,0.56608,-0.144448,-0.799832,-1.26,-0.84,-2.17,Noise,Right
1708334557858,0.56364,-0.146888,-0.798856,-0.91,-0.98,-2.24,Noise,Right
1708334557858,0.555832,-0.150792,-0.811056,-1.12,-0.91,-2.31,Noise,Right
1708334557903,0.569496,-0.14884,-0.804712,-1.33,-0.7,-2.38,Noise,Right
1708334557903,0.551928,-0.146888,-0.80032,-0.77,-3.64,-1.47,Noise,Right
1708334557904,0.595848,-0.064904,-0.813496,-1.75,4.41,-3.71,Noise,Right
1708334557948,0.57828,-0.139568,-0.822768,-1.26,0.21,-2.87,Noise,Right
1708334557948,0.564616,-0.140544,-0.804224,-0.56,-3.22,-1.75,Noise,Right
1708334557948,0.467992,-0.04392,-0.899872,15.05,2.87,-29.4,Noise,Right
1708334557996,0.626592,-0.166408,-0.775432,33.53,-10.22,-52.29,Noise,Right
1708334557996,0.545584,-0.182024,-0.813496,16.45,-6.51,-27.72,Noise,Right
1708334558041,0.553392,-0.16592,-0.813008,10.57,-4.2,-19.81,Noise,Right
1708334558041,0.566568,-0.142984,-0.800808,8.4,-3.43,-16.52,Noise,Right
1708334558041,0.560712,-0.142984,-0.805688,8.19,-3.64,-14.84,Noise,Right
1708334558099,0.573888,-0.11956,-0.806176,7.56,-3.5,-14.63,Noise,Right
1708334558099,0.593408,-0.078568,-0.804224,4.48,-4.76,-9.03,Noise,Right
1708334558100,0.613904,-0.040992,-0.799344,-2.66,-0.14,-0.77,Noise,Right
1708334558242,0.620736,-0.071248,-0.778848,-13.09,2.03,15.19,Noise,Right
1708334558242,0.55632,-0.118096,-0.816912,-16.87,1.4,19.11,Noise,Right
1708334558242,0.532896,-0.105896,-0.787144,-11.48,-7.84,11.62,Noise,Right
1708334558242,0.528016,-0.133712,-0.80276,-1.26,-10.36,5.18,Noise,Right
1708334558242,0.576816,-0.19764,-0.863272,-13.02,-59.22,18.9,Noise,Right
1708334558242,0.577304,-0.108336,-0.859368,0.14,-38.29,19.67,Noise,Right
1708334558242,0.632448,-0.167872,-0.884744,1.75,-28.14,5.88,Noise,Right
1708334558307,0.624152,-0.206424,-0.935496,8.89,-19.39,-1.19,Noise,Right
1708334558307,0.604632,-0.19276,-0.9516,17.36,-23.03,7.49,Noise,Right
1708334558308,0.60268,-0.152744,-0.947208,22.19,-30.8,20.44,Noise,Right
1708334558308,0.604144,-0.118096,-0.925248,20.51,-34.02,29.19,Noise,Right
1708334558351,0.607072,-0.139568,-0.903776,15.19,-32.48,32.62,Noise,Right
1708334558352,0.596824,-0.160552,-0.894992,9.31,-27.09,35.07,Noise,Right
1708334558352,0.57096,-0.18788,-0.908168,3.99,-19.46,31.36,Noise,Right
1708334558398,0.567544,-0.235704,-0.935496,4.2,-12.04,29.26,Noise,Right
1708334558398,0.549,-0.26352,-0.942816,10.64,-8.82,32.76,Noise,Right
1708334558398,0.510448,-0.262056,-0.940864,17.64,-12.53,37.1,Noise,Right
1708334558444,0.476288,-0.225944,-0.927688,23.24,-23.17,41.44,Noise,Right
1708334558445,0.461648,-0.20008,-0.887672,23.45,-35.49,48.02,Noise,Right
1708334558445,0.465064,-0.177632,-0.833504,17.5,-39.2,52.71,Noise,Right
1708334558501,0.452376,-0.158112,-0.792512,3.85,-30.17,51.24,Noise,Right
1708334558502,0.433344,-0.193736,-0.818376,-7.84,-13.16,44.17,Noise,Right
1708334558555,0.394304,-0.251808,-0.86132,-13.23,-1.54,41.65,Noise,Right
1708334558557,0.367952,-0.317688,-0.89304,-11.06,-0.98,45.29,Noise,Right
1708334558557,0.352336,-0.341112,-0.905728,-3.78,-9.24,52.01,Noise,Right
1708334558557,0.3416,-0.354776,-0.894016,4.06,-21.63,57.82,Noise,Right
1708334558599,0.326472,-0.325496,-0.856928,10.36,-28.91,61.6,Noise,Right
1708334558599,0.312808,-0.29036,-0.831552,11.69,-27.58,56.91,Noise,Right
1708334558599,0.294752,-0.28304,-0.814472,9.52,-23.03,50.19,Noise,Right
1708334558648,0.257176,-0.268888,-0.815448,5.04,-17.22,48.72,Noise,Right
1708334558648,0.22692,-0.275232,-0.833504,-0.28,-14.0,45.15,Noise,Right
1708334558649,0.207888,-0.295728,-0.842288,-3.36,-13.51,43.54,Noise,Right
1708334558693,0.183488,-0.332328,-0.845704,-4.76,-15.12,38.92,Noise,Right
1708334558693,0.174704,-0.367952,-0.879376,-2.87,-21.49,36.68,Noise,Right
1708334558739,0.177632,-0.384544,-0.88084,1.33,-29.47,35.77,Noise,Right
1708334558740,0.181048,-0.395768,-0.87108,6.58,-33.6,34.37,Noise,Right
1708334558740,0.207888,-0.407968,-0.853024,10.57,-30.52,30.8,Noise,Right
1708334558787,0.21472,-0.419192,-0.856928,15.12,-21.28,28.14,Noise,Right
1708334558788,0.198128,-0.399672,-0.851072,18.27,-11.97,27.79,Noise,Right
1708334558788,0.168848,-0.373808,-0.850584,18.69,-6.86,26.53,Noise,Right
1708334558835,0.126392,-0.364536,-0.867664,17.43,-8.4,25.34,Noise,Right
1708334558835,0.115656,-0.366976,-0.877424,17.57,-16.03,24.36,Noise,Right
1708334558835,0.142496,-0.376248,-0.861808,18.34,-23.87,23.73,Noise,Right
1708334558886,0.164456,-0.356728,-0.845704,17.29,-27.23,23.24,Noise,Right
1708334558886,0.172264,-0.360144,-0.823744,14.14,-24.29,23.03,Noise,Right
1708334558886,0.177632,-0.377712,-0.81252,9.03,-17.71,23.1,Noise,Right
1708334558982,0.148352,-0.386496,-0.816912,4.97,-12.39,23.45,Noise,Right
1708334558983,0.125416,-0.377712,-0.81984,1.19,-9.31,22.54,Noise,Right
1708334558983,0.10248,-0.39772,-0.833016,-1.26,-8.68,18.69,Noise,Right
1708334558983,0.09516,-0.413336,-0.858392,-1.61,-10.01,15.33,Noise,Right
1708334558984,0.100528,-0.430416,-0.856928,0.49,-12.25,12.81,Noise,Right
1708334559085,0.121512,-0.436272,-0.8418,3.99,-13.93,14.28,Noise,Right
1708334559085,0.118096,-0.40504,-0.819352,3.5,-13.02,13.02,Noise,Right
1708334559085,0.115168,-0.393328,-0.817888,0.07,-10.57,11.27,Noise,Right
1708334559085,0.101992,-0.391376,-0.842776,-3.78,-5.46,7.98,Noise,Right
1708334559086,0.11224,-0.423096,-0.872544,-4.97,-1.96,4.48,Noise,Right
1708334559086,0.138104,-0.45628,-0.880352,-2.31,-0.7,6.37,Noise,Right
1708334559128,0.159576,-0.437736,-0.869616,1.61,2.24,9.24,Noise,Right
1708334559129,0.158112,-0.413336,-0.849608,2.17,10.08,9.59,Noise,Right
1708334559129,0.133224,-0.398696,-0.850096,-1.12,16.52,10.43,Noise,Right
1708334559174,0.08784,-0.387472,-0.84424,-5.32,20.44,9.45,Noise,Right
1708334559174,0.069784,-0.394304,-0.845704,-9.24,18.9,5.67,Noise,Right
1708334559175,0.091256,-0.423096,-0.834968,-12.46,15.26,2.24,Noise,Right
1708334559220,0.11712,-0.437248,-0.837408,-13.44,15.47,1.68,Noise,Right
1708334559220,0.119072,-0.433832,-0.840824,-14.56,17.71,1.75,Noise,Right
1708334559270,0.121512,-0.424072,-0.847656,-14.84,20.86,1.82,Noise,Right
1708334559271,0.118096,-0.396256,-0.857904,-15.19,22.68,-1.47,Noise,Right
1708334559271,0.11468,-0.41724,-0.857904,-15.26,22.19,-4.06,Noise,Right
1708334559316,0.127856,-0.402112,-0.836432,-13.72,22.05,-5.04,Noise,Right
1708334559316,0.129808,-0.37576,-0.803248,-15.96,24.64,-6.23,Noise,Right
1708334559317,0.12932,-0.363072,-0.799344,-20.86,29.19,-7.0,Noise,Right
1708334559392,0.14396,-0.375272,-0.816424,-25.69,33.46,-6.09,Noise,Right
1708334559392,0.141032,-0.397232,-0.827648,-28.56,38.92,-6.23,Noise,Right
1708334559392,0.148352,-0.426024,-0.83692,-27.16,43.54,-7.98,Noise,Right
1708334559392,0.158112,-0.435296,-0.859856,-21.35,45.5,-8.05,Noise,Right
1708334559442,0.164456,-0.401624,-0.868152,-14.63,44.8,-9.31,Noise,Right
1708334559443,0.167384,-0.376248,-0.856928,-10.57,44.17,-14.21,Noise,Right
1708334559443,0.177144,-0.345504,-0.854488,-8.54,43.89,-19.39,Noise,Right
1708334559564,0.1952,-0.325496,-0.853024,-8.19,43.26,-26.46,Noise,Right
1708334559564,0.204472,-0.326472,-0.851072,-9.66,40.18,-32.27,Noise,Right
1708334559565,0.223992,-0.335744,-0.856928,-9.94,34.37,-35.63,Noise,Right
1708334559565,0.242048,-0.340624,-0.854488,-9.24,29.12,-36.05,Noise,Right
1708334559565,0.274744,-0.346968,-0.844728,-7.77,28.7,-35.35,Noise,Right
1708334559565,0.30744,-0.34892,-0.828136,-3.99,32.41,-35.42,Noise,Right
1708334559565,0.298656,-0.31476,-0.828624,-4.41,38.92,-37.8,Noise,Right
1708334559609,0.302072,-0.304512,-0.842776,-4.41,45.22,-44.66,Noise,Right
1708334559610,0.29768,-0.311832,-0.865712,-5.88,44.52,-51.03,Noise,Right
1708334559610,0.320128,-0.337696,-0.88328,-2.73,32.41,-54.18,Noise,Right
1708334559656,0.366,-0.345504,-0.872056,3.78,14.28,-47.95,Noise,Right
1708334559656,0.41968,-0.30256,-0.847656,8.68,1.89,-39.76,Noise,Right
1708334559657,0.457256,-0.271328,-0.813496,11.34,-0.42,-31.85,Noise,Right
1708334559706,0.47336,-0.198128,-0.760304,6.09,8.68,-26.81,Noise,Right
1708334559707,0.460672,-0.20252,-0.767624,-7.56,23.59,-39.83,Noise,Right
1708334559707,0.421144,-0.22936,-0.828136,-13.93,29.89,-52.85,Noise,Right
1708334559753,0.430904,-0.276696,-0.86132,-15.12,19.88,-54.25,Noise,Right
1708334559753,0.47824,-0.294264,-0.864248,-12.04,6.16,-46.62,Noise,Right
1708334559753,0.529968,-0.291824,-0.831552,-7.56,-0.07,-38.08,Noise,Right
1708334559803,0.56608,-0.26108,-0.81252,-4.76,7.42,-32.41,Noise,Right
1708334559804,0.559736,-0.215208,-0.81496,-2.38,22.61,-32.48,Noise,Right
1708334559869,0.51484,-0.157624,-0.81008,-4.41,32.83,-34.44,Noise,Right
1708334559869,0.469456,-0.18544,-0.851072,-12.67,32.34,-45.92,Noise,Right
1708334559870,0.488976,-0.216184,-0.879376,-11.27,21.0,-54.74,Noise,Right
1708334559871,0.546072,-0.244976,-0.874008,-7.07,6.3,-53.41,Noise,Right
1708334559939,0.593896,-0.233264,-0.835944,-3.15,-0.42,-45.71,Noise,Right
1708334559939,0.600728,-0.18788,-0.83692,-0.21,2.52,-38.57,Noise,Right
1708334559939,0.56852,-0.136152,-0.867176,2.66,7.07,-38.99,Noise,Right
1708334559939,0.523136,-0.09516,-0.88572,7.77,7.0,-47.25,Noise,Right
1708334559991,0.540704,-0.120048,-0.89304,8.75,-2.66,-57.47,Noise,Right
1708334559992,0.58072,-0.14152,-0.887672,10.29,-19.32,-57.61,Noise,Right
1708334559992,0.62952,-0.132248,-0.879376,9.94,-29.4,-49.21,Noise,Right
1708334560116,0.670512,-0.124928,-0.85644,9.03,-25.41,-41.72,Noise,Right
1708334560116,0.671976,-0.108824,-0.864248,9.03,-9.1,-41.44,Noise,Right
1708334560116,0.666608,-0.107848,-0.864248,11.76,6.58,-45.5,Noise,Right
1708334560116,0.650992,-0.122,-0.87352,13.93,13.79,-44.52,Noise,Right
1708334560116,0.635376,-0.11224,-0.865712,14.98,11.55,-34.16,Noise,Right
1708334560116,0.630984,-0.090768,-0.828624,12.53,5.39,-24.5,Noise,Right
1708334560116,0.610488,-0.055632,-0.804712,4.9,2.8,-18.27,Noise,Right
1708334560213,0.59536,-0.058072,-0.787144,-4.27,2.59,-17.85,Noise,Right
1708334560213,0.579744,-0.074176,-0.780312,-13.09,2.38,-16.94,Noise,Right
1708334560213,0.560224,-0.100528,-0.810568,-17.29,2.8,-17.78,Noise,Right
1708334560213,0.872056,-0.44408,-1.221464,67.27,110.18,26.81,Noise,Right
1708334560213,1.098,-0.243512,-0.998936,-20.37,-45.29,5.67,Noise,Right
1708334560213,0.572912,-0.057096,-0.813984,8.96,27.65,-16.73,Noise,Right
1708334560213,0.452376,-0.092232,-0.703696,-7.42,8.26,-16.8,Noise,Right
1708334560265,0.747616,-0.236192,-0.876448,3.01,-13.86,11.76,Noise,Right
1708334560266,0.622688,-0.16348,-0.776896,-1.68,-4.62,11.62,Noise,Right
1708334560266,0.584624,-0.178608,-0.813496,-4.76,0.91,-0.07,Noise,Right
1708334560315,0.563152,-0.167872,-0.798368,-8.47,2.45,2.66,Noise,Right
1708334560315,0.557784,-0.152256,-0.802272,-7.7,0.42,9.59,Noise,Right
1708334560315,0.56364,-0.110288,-0.801784,-5.74,-1.75,14.56,Noise,Right
1708334560416,0.58316,-0.104432,-0.798856,-3.15,-2.8,14.42,Noise,Right
1708334560416,0.58072,-0.123464,-0.782752,-2.45,-0.63,0.49,Noise,Right
1708334560416,0.55388,-0.149328,-0.800808,-0.77,-1.47,-2.1,Noise,Right
1708334560417,0.56852,-0.149816,-0.8052,-1.12,-1.05,-2.38,Noise,Right
1708334560417,0.554856,-0.1464,-0.800808,-1.12,-0.98,-2.31,Noise,Right
1708334560417,0.549488,-0.159576,-0.808128,-0.07,-0.77,-1.61,Noise,Right
1708334560484,0.570472,-0.14152,-0.803736,-1.19,-0.91,-2.24,Noise,Right
1708334560484,0.569496,-0.145912,-0.807152,-1.19,-0.63,-2.38,Noise,Right
1708334560484,0.5612,-0.150304,-0.808128,-1.05,-0.98,-2.1,Noise,Right
1708334560531,0.5612,-0.150304,-0.799832,-1.12,-0.84,-2.31,Noise,Right
1708334560532,0.563152,-0.145912,-0.798368,-1.33,-0.56,-2.17,Noise,Right
1708334560532,0.564128,-0.142496,-0.797392,-1.12,-0.84,-2.24,Noise,Right
1708334560623,0.565104,-0.143472,-0.81008,-1.47,-0.91,-2.45,Noise,Right
1708334560623,0.54412,-0.16104,-0.79788,-0.7,-1.33,-1.82,Noise,Right
1708334560623,0.561688,-0.144448,-0.803248,-1.47,-0.77,-2.66,Noise,Right
1708334560624,0.553392,-0.150792,-0.8052,-0.98,-1.12,-2.1,Noise,Right
1708334560624,0.559736,-0.149328,-0.81008,-1.4,-0.84,-2.31,Noise,Right
1708334560624,0.565104,-0.144936,-0.803248,-1.4,-1.05,-2.38,Noise,Right
1708334560675,0.569496,-0.147864,-0.802272,-1.19,-0.84,-2.17,Noise,Right
1708334560675,0.569008,-0.150792,-0.807152,-1.05,-0.98,-2.31,Noise,Right
1708334560675,0.558272,-0.149328,-0.806176,-1.12,-0.91,-2.17,Noise,Right
1708334560835,0.565592,-0.144936,-0.803248,-0.91,-0.77,-2.24,Noise,Right
1708334560835,0.562664,-0.144936,-0.799344,-1.12,-1.05,-2.17,Noise,Right
1708334560837,0.563152,-0.147376,-0.795928,-1.12,-0.98,-2.38,Noise,Right
1708334560837,0.567544,-0.147864,-0.801784,-1.12,-0.91,-2.1,Noise,Right
1708334560837,0.556808,-0.149816,-0.808128,-1.26,-0.77,-2.31,Noise,Right
1708334560837,0.5612,-0.147864,-0.8052,-1.05,-0.91,-2.24,Noise,Right
1708334560838,0.561688,-0.1464,-0.808128,-1.19,-0.84,-2.1,Noise,Right
1708334560887,0.565592,-0.14884,-0.807152,-1.33,-0.7,-2.45,Noise,Right
1708334560887,0.566568,-0.147864,-0.800808,-1.05,-1.05,-2.17,Noise,Right
1708334560887,0.570472,-0.145424,-0.799832,-1.26,-0.98,-2.24,Noise,Right
1708334560887,0.56364,-0.146888,-0.805688,-1.4,-0.91,-2.38,Noise,Right
1708334560887,0.555344,-0.147376,-0.808128,-1.12,-0.77,-2.17,Noise,Right
1708334560936,0.560712,-0.14884,-0.812032,-0.98,-0.63,-2.24,Noise,Right
1708334560936,0.562664,-0.145424,-0.803248,-1.4,-0.63,-2.24,Noise,Right
1708334560936,0.565592,-0.147864,-0.803248,-1.26,-0.91,-2.38,Noise,Right
1708334560984,0.561688,-0.14396,-0.801784,-1.19,-0.84,-2.38,Noise,Right
1708334560985,0.562664,-0.144448,-0.804224,-1.19,-0.98,-2.31,Noise,Right
1708334560985,0.559248,-0.148352,-0.809592,-0.98,-1.05,-2.24,Noise,Right
1708334561113,0.5612,-0.145912,-0.804712,-1.4,-0.7,-2.31,Noise,Right
1708334561113,0.564616,-0.14396,-0.803736,-1.05,-0.91,-2.45,Noise,Right
1708334561113,0.565592,-0.145912,-0.802272,-1.33,-0.91,-2.24,Noise,Right
1708334561113,0.564128,-0.1464,-0.799344,-1.19,-0.98,-2.24,Noise,Right
1708334561113,0.562176,-0.148352,-0.80276,-0.91,-1.19,-2.31,Noise,Right
1708334561115,0.557784,-0.152744,-0.809104,-1.05,-0.84,-2.24,Noise,Right
1708334561115,0.55876,-0.15128,-0.809592,-1.19,-0.91,-2.31,Noise,Right
1708334561237,0.5612,-0.148352,-0.80276,-1.33,-0.77,-2.38,Noise,Right
1708334561237,0.56852,-0.14396,-0.803248,-1.19,-0.91,-2.24,Noise,Right
1708334561238,0.560712,-0.147376,-0.808128,-0.91,-0.98,-2.31,Noise,Right
1708334561238,0.560712,-0.14884,-0.807152,-0.91,-0.98,-2.24,Noise,Right
1708334561238,0.566568,-0.149816,-0.807152,-1.26,-0.77,-2.24,Noise,Right
1708334561238,0.562176,-0.146888,-0.806664,-1.12,-0.91,-2.31,Noise,Right
1708334561239,0.560712,-0.144936,-0.80276,-1.05,-0.84,-2.17,Noise,Right
1708334561239,0.570472,-0.142496,-0.801784,-1.4,-0.7,-2.38,Noise,Right
1708334561342,0.560224,-0.145424,-0.803736,-1.19,-0.77,-2.38,Noise,Right
1708334561342,0.5612,-0.146888,-0.811056,-1.05,-0.91,-2.17,Noise,Right
1708334561342,0.561688,-0.146888,-0.805688,-1.19,-0.7,-2.31,Noise,Right
1708334561342,0.568032,-0.1464,-0.803248,-0.91,-0.91,-2.17,Noise,Right
1708334561342,0.568032,-0.147864,-0.803248,-1.26,-0.84,-2.24,Noise,Right
1708334561342,0.565104,-0.150792,-0.803736,-1.19,-0.91,-2.24,Noise,Right
1708334561385,0.555344,-0.147376,-0.80032,-1.4,-0.91,-2.45,Noise,Right
1708334561386,0.569496,-0.147864,-0.799832,-0.98,-0.7,-2.31,Noise,Right
1708334561386,0.561688,-0.153232,-0.808616,-1.26,-1.05,-2.24,Noise,Right
1708334561439,0.566568,-0.144448,-0.801784,-1.05,-1.05,-2.38,Noise,Right
1708334561439,0.56852,-0.143472,-0.799344,-1.12,-0.84,-2.17,Noise,Right
1708334561440,0.569496,-0.148352,-0.802272,-1.26,-0.98,-2.24,Noise,Right
1708334561495,0.560224,-0.146888,-0.805688,-0.84,-0.91,-2.24,Noise,Right
1708334561495,0.5612,-0.148352,-0.803736,-1.05,-0.91,-2.31,Noise,Right
1708334561495,0.565104,-0.147376,-0.807152,-1.33,-0.98,-2.31,Noise,Right
1708334561541,0.56608,-0.145424,-0.799344,-1.54,-0.56,-2.38,Noise,Right
1708334561541,0.565104,-0.142984,-0.804712,-1.12,-0.7,-2.38,Noise,Right
1708334561541,0.564128,-0.144448,-0.804712,-1.26,-0.91,-2.31,Noise,Right
1708334561585,0.559736,-0.149328,-0.806176,-0.91,-1.19,-2.31,Noise,Right
1708334561585,0.564616,-0.147864,-0.80764,-0.91,-0.98,-2.24,Noise,Right
1708334561631,0.560224,-0.155184,-0.809592,-1.12,-1.05,-2.17,Noise,Right
1708334561632,0.56364,-0.146888,-0.806176,-1.33,-0.77,-2.17,Noise,Right
1708334561632,0.569008,-0.142496,-0.80032,-1.26,-0.77,-2.31,Noise,Right
1708334561679,0.565592,-0.14396,-0.801784,-1.33,-1.19,-2.31,Noise,Right
1708334561680,0.560224,-0.14884,-0.806664,-1.05,-0.84,-2.24,Noise,Right
1708334561680,0.560224,-0.149816,-0.80764,-1.05,-0.91,-2.31,Noise,Right
1708334561725,0.565592,-0.147864,-0.801784,-1.26,-0.91,-2.31,Noise,Right
1708334561725,0.566568,-0.14884,-0.8052,-0.84,-0.7,-2.17,Noise,Right
1708334561726,0.564616,-0.145912,-0.799344,-1.12,-0.77,-2.17,Noise,Right
1708334561771,0.563152,-0.144936,-0.8052,-0.91,-0.84,-2.31,Noise,Right
1708334561772,0.55876,-0.146888,-0.807152,-1.26,-0.91,-2.31,Noise,Right
1708334561818,0.561688,-0.152744,-0.808616,-0.98,-0.91,-2.1,Noise,Right
1708334561818,0.559736,-0.152744,-0.811544,-1.4,-0.84,-2.31,Noise,Right
1708334561818,0.562176,-0.144448,-0.794952,-1.26,-0.77,-2.17,Noise,Right
1708334561866,0.564616,-0.145912,-0.796416,-1.19,-0.77,-2.31,Noise,Right
1708334561870,0.558272,-0.154208,-0.807152,-1.12,-0.7,-2.31,Noise,Right
1708334561871,0.55632,-0.158112,-0.8052,-1.12,-0.77,-2.38,Noise,Right
1708334561910,0.560224,-0.150792,-0.81008,-0.98,-0.91,-2.52,Noise,Right
1708334561911,0.567544,-0.14152,-0.798368,-1.12,-0.77,-2.31,Noise,Right
1708334561911,0.5612,-0.143472,-0.796904,-1.12,-0.77,-2.38,Noise,Right
1708334561957,0.556808,-0.144448,-0.796904,-1.12,-0.77,-2.24,Noise,Right
1708334561958,0.562664,-0.15372,-0.804224,-1.26,-0.7,-2.31,Noise,Right
1708334562005,0.559248,-0.152744,-0.81252,-1.26,-0.77,-2.24,Noise,Right
1708334562005,0.567544,-0.145424,-0.80276,-1.19,-0.91,-2.24,Noise,Right
1708334562005,0.565592,-0.143472,-0.801296,-1.12,-0.84,-2.24,Noise,Right
1708334562057,0.562176,-0.14152,-0.799832,-1.12,-0.91,-2.24,Noise,Right
1708334562057,0.561688,-0.145424,-0.804712,-0.91,-1.05,-2.17,Noise,Right
1708334562057,0.562664,-0.149816,-0.81252,-1.26,-1.05,-2.17,Noise,Right
1708334562159,0.559248,-0.15128,-0.807152,-1.19,-0.7,-2.31,Noise,Right
1708334562160,0.565104,-0.1464,-0.798856,-1.33,-0.77,-2.38,Noise,Right
1708334562160,0.56608,-0.147376,-0.803248,-1.19,-0.91,-2.24,Noise,Right
1708334562160,0.566568,-0.1464,-0.806176,-1.19,-0.91,-2.31,Noise,Right
1708334562160,0.556808,-0.15128,-0.811544,-1.19,-0.84,-2.24,Noise,Right
1708334562160,0.561688,-0.154696,-0.805688,-1.19,-0.91,-2.31,Noise,Right
1708334562205,0.5612,-0.149816,-0.809104,-0.98,-0.98,-2.1,Noise,Right
1708334562205,0.564128,-0.142008,-0.797392,-1.33,-0.7,-2.38,Noise,Right
1708334562205,0.562664,-0.144448,-0.804712,-1.26,-0.77,-2.24,Noise,Right
1708334562263,0.539728,-0.112728,-0.7808,-0.14,-7.35,-0.84,Noise,Right
1708334562263,0.506056,-0.03904,-0.821304,10.85,-7.77,-14.91,Noise,Right
1708334562264,0.528992,-0.099064,-0.833016,8.33,-3.29,-15.4,Noise,Right
1708334562315,0.56608,-0.140544,-0.805688,4.27,-2.31,-10.15,Noise,Right
1708334562315,0.569008,-0.144448,-0.799344,4.97,-2.52,-10.78,Noise,Right
1708334562316,0.531432,-0.122,-0.835944,9.38,-4.2,-16.66,Noise,Right
1708334562365,0.504592,-0.12444,-0.848632,23.66,-8.33,-38.29,Noise,Right
1708334562366,0.579744,-0.181536,-0.787632,26.6,-9.66,-42.63,Noise,Right
1708334562366,0.532408,-0.144936,-0.858392,10.85,-5.6,-19.04,Noise,Right
1708334562469,0.59536,-0.16348,-0.796416,15.33,-5.74,-27.37,Noise,Right
1708334562470,0.568032,-0.11956,-0.816424,11.13,-20.23,-20.58,Noise,Right
1708334562471,0.592432,-0.0854,-0.833016,14.14,-8.19,-23.03,Noise,Right
1708334562471,0.545584,-0.121024,-0.928176,14.7,-14.56,-14.63,Noise,Right
1708334562471,0.597312,-0.102968,-0.85644,11.55,-28.35,-2.31,Noise,Right
1708334562472,0.602192,-0.116144,-0.835456,7.35,-38.29,6.3,Noise,Right
1708334562530,0.592432,-0.117608,-0.755424,-0.49,-38.85,9.66,Noise,Right
1708334562530,0.606096,-0.100528,-0.85156,2.1,-44.52,15.12,Noise,Right
1708334562530,0.645624,-0.121024,-0.891088,-1.12,-38.36,16.31,Noise,Right
1708334562577,0.658312,-0.136152,-0.930128,-1.4,-27.37,16.31,Noise,Right
1708334562577,0.650504,-0.190808,-0.950136,-0.98,-19.46,17.85,Noise,Right
1708334562577,0.652944,-0.203496,-0.935008,0.7,-13.65,23.52,Noise,Right
1708334562578,0.616344,-0.220576,-0.9638,4.13,-7.84,24.71,Noise,Right
1708334562625,0.595848,-0.209352,-0.974048,9.94,-8.89,27.86,Noise,Right
1708334562625,0.562176,-0.198616,-0.972584,13.37,-15.47,32.34,Noise,Right
1708334562742,0.549488,-0.196664,-0.971608,15.33,-24.78,38.15,Noise,Right
1708334562742,0.54168,-0.223504,-0.94916,17.29,-32.62,43.54,Noise,Right
1708334562743,0.51972,-0.208376,-0.91988,17.85,-37.1,49.63,Noise,Right
1708334562743,0.479704,-0.199592,-0.901336,15.61,-38.36,52.78,Noise,Right
1708334562743,0.428952,-0.189344,-0.8906,12.39,-39.55,51.03,Noise,Right
1708334562743,0.432368,-0.229848,-0.885232,7.35,-39.48,52.64,Noise,Right
1708334562743,0.425536,-0.262056,-0.892552,6.02,-36.12,49.49,Noise,Right
1708334562796,0.42944,-0.291824,-0.89304,7.84,-29.26,49.28,Noise,Right
1708334562796,0.406504,-0.305488,-0.892552,11.76,-21.91,47.6,Noise,Right
1708334562796,0.366976,-0.30744,-0.879864,16.17,-18.9,50.82,Noise,Right
1708334562797,0.311832,-0.28792,-0.852536,19.04,-23.24,54.67,Noise,Right
1708334562874,0.269376,-0.245952,-0.837896,17.22,-32.55,58.03,Noise,Right
1708334562874,0.250832,-0.220576,-0.813496,10.71,-41.37,57.61,Noise,Right
1708334562874,0.259128,-0.216184,-0.823256,1.96,-45.08,57.61,Noise,Right
1708334562875,0.274744,-0.23424,-0.823744,-7.49,-38.36,52.5,Noise,Right
1708334562977,0.291824,-0.267424,-0.815448,-14.28,-22.89,45.08,Noise,Right
1708334562977,0.294752,-0.323056,-0.8174,-17.29,-4.69,36.89,Noise,Right
1708334562977,0.265472,-0.359168,-0.845216,-16.59,10.5,35.98,Noise,Right
1708334562977,0.230336,-0.380152,-0.870104,-12.81,16.59,40.04,Noise,Right
1708334562977,0.19276,-0.365024,-0.875472,-7.28,16.1,44.03,Noise,Right
1708334562977,0.152744,-0.348432,-0.870104,-3.36,13.23,43.12,Noise,Right
1708334563030,0.140056,-0.350384,-0.85888,-0.28,8.75,38.22,Noise,Right
1708334563030,0.14152,-0.362096,-0.867176,2.1,3.64,33.04,Noise,Right
1708334563031,0.16348,-0.381616,-0.87352,5.04,0.77,30.45,Noise,Right
1708334563160,0.187392,-0.385032,-0.86376,9.73,1.4,29.75,Noise,Right
1708334563160,0.183976,-0.381616,-0.860832,14.21,3.08,30.59,Noise,Right
1708334563160,0.161528,-0.349408,-0.854488,16.03,1.12,33.18,Noise,Right
1708334563160,0.128344,-0.30744,-0.84424,12.18,-3.36,32.62,Noise,Right
1708334563161,0.117608,-0.304024,-0.85156,7.98,-6.37,27.3,Noise,Right
1708334563161,0.121024,-0.335744,-0.877912,4.62,-11.2,21.21,Noise,Right
1708334563162,0.137128,-0.370392,-0.894992,4.55,-18.41,19.18,Noise,Right
1708334563222,0.16592,-0.398208,-0.879864,6.79,-22.82,18.13,Noise,Right
1708334563222,0.173728,-0.398696,-0.868152,9.38,-22.47,19.11,Noise,Right
1708334563222,0.153232,-0.395768,-0.845216,10.64,-18.9,16.24,Noise,Right
1708334563222,0.123464,-0.386008,-0.848144,10.85,-18.06,14.0,Noise,Right
1708334563345,0.104432,-0.371368,-0.853024,8.75,-20.16,10.5,Noise,Right
1708334563347,0.09516,-0.371856,-0.864248,6.65,-23.17,5.39,Noise,Right
1708334563347,0.106872,-0.393328,-0.870104,5.81,-28.14,2.52,Noise,Right
1708334563347,0.14396,-0.404552,-0.875472,5.18,-30.31,1.89,Noise,Right
1708334563348,0.171776,-0.426024,-0.865712,5.88,-29.47,0.98,Noise,Right
1708334563348,0.183976,-0.42944,-0.857416,7.42,-24.92,2.52,Noise,Right
1708334563349,0.153232,-0.396744,-0.868152,7.98,-21.35,4.69,Noise,Right
1708334563397,0.127856,-0.377712,-0.869616,7.0,-20.16,3.92,Noise,Right
1708334563397,0.116144,-0.38308,-0.865224,5.18,-20.09,3.15,Noise,Right
1708334563398,0.121512,-0.38552,-0.866688,1.89,-20.44,3.43,Noise,Right
1708334563398,0.139568,-0.387472,-0.850584,-2.24,-17.22,4.06,Noise,Right
1708334563453,0.161528,-0.404552,-0.847656,-4.83,-9.94,3.36,Noise,Right
1708334563456,0.172264,-0.408456,-0.83204,-8.61,0.84,5.39,Noise,Right
1708334563490,0.138592,-0.417728,-0.847168,-11.41,13.37,5.81,Noise,Right
1708334563490,0.1098,-0.423096,-0.838384,-13.23,19.81,7.21,Noise,Right
1708334563492,0.08052,-0.39772,-0.81984,-13.51,23.59,6.79,Noise,Right
1708334563537,0.061488,-0.388448,-0.832528,-14.49,24.78,0.98,Noise,Right
1708334563537,0.089792,-0.398696,-0.83448,-14.91,22.82,-1.19,Noise,Right
1708334563538,0.130784,-0.401136,-0.8296,-13.3,23.59,-3.5,Noise,Right
1708334563585,0.16592,-0.388448,-0.803736,-12.39,30.31,-5.74,Noise,Right
1708334563585,0.17324,-0.372832,-0.772504,-12.88,42.42,-7.0,Noise,Right
1708334563585,0.145424,-0.349408,-0.748592,-14.77,56.49,-6.44,Noise,Right
1708334563632,0.101504,-0.31476,-0.741272,-20.44,67.9,-5.74,Noise,Right
1708334563632,0.076128,-0.304512,-0.741272,-28.42,74.83,-8.05,Noise,Right
1708334563676,0.056608,-0.337696,-0.770552,-35.7,75.81,-12.81,Noise,Right
1708334563677,0.072712,-0.376248,-0.797392,-38.99,67.06,-15.4,Noise,Right
1708334563677,0.142496,-0.408944,-0.800808,-37.66,59.92,-19.53,Noise,Right
1708334563725,0.186904,-0.430904,-0.8418,-28.49,59.71,-22.47,Noise,Right
1708334563725,0.195688,-0.392352,-0.861808,-20.09,57.05,-28.14,Noise,Right
1708334563725,0.192272,-0.336232,-0.879864,-11.83,56.28,-39.2,Noise,Right
1708334563769,0.211304,-0.302072,-0.890112,-6.16,50.96,-48.86,Noise,Right
1708334563770,0.249856,-0.292312,-0.881328,-3.43,42.56,-51.87,Noise,Right
1708334563770,0.305488,-0.294264,-0.86376,-1.61,36.68,-53.9,Noise,Right
1708334563816,0.318664,-0.26596,-0.854488,-1.19,33.18,-55.51,Noise,Right
1708334563817,0.325008,-0.24888,-0.869616,-3.22,27.23,-54.95,Noise,Right
1708334563863,0.370392,-0.25376,-0.874984,-5.25,18.48,-51.03,Noise,Right
1708334563863,0.41968,-0.261568,-0.872544,-6.58,17.29,-46.48,Noise,Right
1708334563864,0.48556,-0.285968,-0.85156,-6.58,26.46,-47.39,Noise,Right
1708334563907,0.497272,-0.305976,-0.863272,-0.63,40.95,-53.13,Noise,Right
1708334563907,0.481168,-0.301096,-0.872056,7.98,46.34,-55.3,Noise,Right
1708334563908,0.493856,-0.264984,-0.859368,13.65,37.66,-51.45,Noise,Right
1708334563953,0.50996,-0.206912,-0.83936,13.51,27.86,-43.96,Noise,Right
1708334563953,0.51972,-0.16836,-0.838384,10.78,23.59,-38.29,Noise,Right
1708334564001,0.503616,-0.10492,-0.822768,4.34,23.45,-34.93,Noise,Right
1708334564001,0.482144,-0.146888,-0.843752,-5.81,19.67,-47.11,Noise,Right
1708334564001,0.51972,-0.240584,-0.88816,-7.7,5.46,-53.13,Noise,Right
1708334564048,0.601704,-0.285968,-0.874984,-1.12,-13.86,-43.61,Noise,Right
1708334564049,0.659288,-0.255224,-0.874008,5.95,-22.89,-34.65,Noise,Right
1708334564049,0.718336,-0.22204,-0.870592,11.06,-1.68,-26.46,Noise,Right
1708334564093,0.751032,-0.176656,-0.83692,11.27,1.47,-20.37,Noise,Right
1708334564094,0.713944,-0.152256,-0.84668,5.6,24.85,-24.43,Noise,Right
1708334564094,0.65392,-0.176656,-0.856928,-2.17,37.66,-28.77,Noise,Right
1708334564145,0.585112,-0.17568,-0.859856,-6.3,32.27,-25.48,Noise,Right
1708334564145,0.537776,-0.182024,-0.835944,-8.47,13.09,-21.28,Noise,Right
1708334564269,0.538264,-0.145912,-0.860344,-8.54,-8.05,-18.9,Noise,Right
1708334564270,0.59048,-0.162992,-0.835456,-9.45,-23.66,-17.36,Noise,Right
1708334564270,0.654896,-0.171288,-0.8052,-9.59,-27.16,-12.95,Noise,Right
1708334564270,0.70028,-0.153232,-0.760304,-12.74,-15.89,-6.79,Noise,Right
1708334564270,0.686616,-0.120536,-0.73688,-18.06,5.6,-6.79,Noise,Right
1708334564270,0.63684,-0.097112,-0.760304,-25.69,26.74,-9.66,Noise,Right
1708334564271,0.571448,-0.128832,-0.794952,-32.76,39.27,-14.42,Noise,Right
1708334564414,0.512888,-0.188368,-0.829112,-30.87,37.8,-17.15,Noise,Right
1708334564414,0.492392,-0.216184,-0.843752,-23.73,21.0,-10.64,Noise,Right
1708334564677,0.571448,-0.147376,-0.801296,-1.26,-0.77,-2.31,Noise,Right
1708334564814,0.565592,-0.145912,-0.803248,-1.05,-1.05,-2.31,Noise,Right
1708334564815,0.555832,-0.15128,-0.798856,-1.05,-0.84,-2.17,Noise,Right
1708334564815,0.572912,-0.152744,-0.813496,-1.12,-0.77,-2.31,Noise,Right
1708334564816,0.555344,-0.150304,-0.801296,-1.05,-0.84,-2.24,Noise,Right
1708334564816,0.569008,-0.144448,-0.801296,-1.19,-0.84,-2.17,Noise,Right
1708334564816,0.559736,-0.144448,-0.796904,-1.33,-0.77,-2.17,Noise,Right
1708334564816,0.562664,-0.150304,-0.806664,-1.26,-0.98,-2.31,Noise,Right
1708334564927,0.558272,-0.1464,-0.80276,-1.12,-1.05,-2.31,Noise,Right
1708334564927,0.563152,-0.149328,-0.802272,-1.05,-0.98,-2.31,Noise,Right
1708334564927,0.564616,-0.154208,-0.811056,-1.33,-0.91,-2.38,Noise,Right
1708334564927,0.561688,-0.149328,-0.796904,-1.19,-0.91,-2.31,Noise,Right
1708334564927,0.571448,-0.14884,-0.801296,-1.19,-0.84,-2.1,Noise,Right
1708334564927,0.558272,-0.145424,-0.798368,-1.12,-0.91,-2.31,Noise,Right
1708334564927,0.557784,-0.150792,-0.80764,-1.26,-0.84,-2.38,Noise,Right
1708334564981,0.561688,-0.148352,-0.808616,-1.05,-0.98,-2.1,Noise,Right
1708334564981,0.556808,-0.151768,-0.8052,-1.05,-0.98,-2.31,Noise,Right
1708334564981,0.569984,-0.153232,-0.803248,-1.05,-0.77,-2.17,Noise,Right
1708334565035,0.56608,-0.147864,-0.799832,-1.05,-0.84,-2.38,Noise,Right
1708334565036,0.565592,-0.144448,-0.806176,-0.98,-0.84,-2.31,Noise,Right
1708334565039,0.557296,-0.15128,-0.805688,-0.98,-0.98,-2.24,Noise,Right
1708334565088,0.562664,-0.145424,-0.808128,-1.26,-0.84,-2.31,Noise,Right
1708334565088,0.564616,-0.143472,-0.804224,-0.91,-0.98,-2.31,Noise,Right
1708334565088,0.56852,-0.14396,-0.801296,-1.05,-0.77,-2.17,Noise,Right
1708334565133,0.56852,-0.148352,-0.803736,-1.19,-0.98,-2.38,Noise,Right
1708334565133,0.561688,-0.149328,-0.804712,-0.91,-1.05,-2.24,Noise,Right
1708334565133,0.560712,-0.151768,-0.81252,-1.19,-0.91,-2.31,Noise,Right
1708334565133,0.560224,-0.149816,-0.8052,-1.12,-0.77,-2.17,Noise,Right
1708334565185,0.567056,-0.144936,-0.798368,-1.05,-0.77,-2.31,Noise,Right
1708334565185,0.5612,-0.147864,-0.804712,-1.12,-0.91,-2.24,Noise,Right
1708334565305,0.560224,-0.148352,-0.808128,-1.12,-0.84,-2.24,Noise,Right
1708334565305,0.562176,-0.152256,-0.808616,-1.19,-0.7,-2.38,Noise,Right
1708334565306,0.562664,-0.149816,-0.806176,-1.12,-0.91,-2.38,Noise,Right
1708334565306,0.569496,-0.145912,-0.807152,-1.26,-0.84,-2.31,Noise,Right
1708334565306,0.562176,-0.146888,-0.801784,-1.05,-0.91,-2.38,Noise,Right
1708334565306,0.564616,-0.146888,-0.800808,-1.19,-0.77,-2.17,Noise,Right
1708334565306,0.564616,-0.147864,-0.80032,-1.19,-0.77,-2.1,Noise,Right
1708334565355,0.56608,-0.147864,-0.803736,-1.05,-0.98,-2.31,Noise,Right
1708334565355,0.564616,-0.149816,-0.804224,-1.26,-0.98,-2.17,Noise,Right
1708334565355,0.561688,-0.1464,-0.796416,-1.12,-0.98,-2.1,Noise,Right
1708334565356,0.568032,-0.150304,-0.804224,-1.19,-0.98,-2.31,Noise,Right
1708334565411,0.558272,-0.147864,-0.80276,-0.98,-1.05,-2.17,Noise,Right
1708334565412,0.563152,-0.150304,-0.81008,-1.12,-0.84,-2.31,Noise,Right
1708334565412,0.564128,-0.149816,-0.803736,-1.05,-0.91,-2.31,Noise,Right
1708334565458,0.564616,-0.145912,-0.80764,-1.05,-0.98,-2.24,Noise,Right
1708334565458,0.5612,-0.146888,-0.798856,-0.98,-0.91,-2.24,Noise,Right
1708334565458,0.565592,-0.144448,-0.798856,-1.12,-0.98,-2.24,Noise,Right
1708334565505,0.5612,-0.151768,-0.81008,-1.19,-0.84,-2.24,Noise,Right
1708334565506,0.559736,-0.147864,-0.806176,-1.05,-0.91,-2.17,Noise,Right
1708334565574,0.561688,-0.149328,-0.808616,-1.12,-0.77,-2.24,Noise,Right
1708334565574,0.56364,-0.15128,-0.807152,-0.91,-0.98,-2.31,Noise,Right
1708334565574,0.569496,-0.142008,-0.798856,-1.05,-0.91,-2.24,Noise,Right
1708334565641,0.565592,-0.144936,-0.805688,-1.05,-0.91,-2.31,Noise,Right
1708334565641,0.560712,-0.149328,-0.806176,-1.05,-0.84,-2.24,Noise,Right
1708334565641,0.560712,-0.148352,-0.805688,-1.19,-0.98,-2.17,Noise,Right
1708334565641,0.562664,-0.148352,-0.803736,-0.98,-0.91,-2.38,Noise,Right
1708334565641,0.562664,-0.1464,-0.803736,-1.33,-0.91,-2.17,Noise,Right
1708334565693,0.56608,-0.145424,-0.80276,-1.26,-0.84,-2.17,Noise,Right
1708334565693,0.564128,-0.147376,-0.806176,-1.12,-0.84,-2.24,Noise,Right
1708334565695,0.559248,-0.144936,-0.803248,-1.19,-0.77,-2.38,Noise,Right
1708334565823,0.564616,-0.144936,-0.803736,-1.05,-0.7,-2.38,Noise,Right
1708334565823,0.568032,-0.150792,-0.804224,-1.12,-0.98,-2.17,Noise,Right
1708334565824,0.567056,-0.148352,-0.803736,-1.26,-0.84,-2.38,Noise,Right
1708334565824,0.565592,-0.147376,-0.802272,-0.98,-0.91,-2.24,Noise,Right
1708334565824,0.5612,-0.152256,-0.808128,-1.05,-0.91,-2.24,Noise,Right
1708334565824,0.560224,-0.152744,-0.807152,-1.12,-0.84,-2.24,Noise,Right
1708334565824,0.560712,-0.144936,-0.797392,-0.84,-0.98,-2.24,Noise,Right
1708334565874,0.567056,-0.143472,-0.801296,-1.19,-0.91,-2.31,Noise,Right
1708334565874,0.562664,-0.1464,-0.79788,-0.56,-4.06,-1.33,Noise,Right
1708334565875,0.557296,-0.152256,-0.811056,-1.68,1.68,-2.94,Noise,Right
1708334565875,0.567544,-0.144448,-0.803248,-1.12,-0.91,-2.03,Noise,Right
1708334565924,0.552416,-0.146888,-0.8052,-0.77,-3.08,-1.75,Noise,Right
1708334565924,0.57096,-0.144448,-0.80032,-1.26,0.77,-2.45,Noise,Right
1708334565925,0.545584,-0.149816,-0.79056,-0.63,-3.99,-1.47,Noise,Right
1708334566051,0.625128,-0.081008,-0.799832,1.12,-4.27,-3.08,Noise,Right
1708334566052,0.588528,-0.127856,-0.793976,9.03,-5.46,-17.29,Noise,Right
1708334566052,0.558272,-0.145912,-0.787632,14.7,-9.94,-24.92,Noise,Right
1708334566053,0.578768,-0.170312,-0.8174,16.17,-9.03,-25.76,Noise,Right
1708334566053,0.537288,-0.130296,-0.808128,9.38,-13.09,-18.27,Noise,Right
1708334566053,0.56364,-0.198616,-0.820328,5.04,-2.24,-11.27,Noise,Right
1708334566053,0.532896,-0.066856,-0.870592,5.39,-3.57,-11.69,Noise,Right
1708334566153,0.63196,-0.194712,-0.858392,11.69,-11.27,-15.33,Noise,Right
1708334566153,0.591456,-0.145424,-0.901824,10.15,-30.17,-2.59,Noise,Right
1708334566154,0.583648,-0.127368,-0.915976,12.18,-50.82,0.0,Noise,Right
1708334566154,0.549,-0.14884,-0.931592,15.33,-69.72,8.75,Noise,Right
1708334566154,0.511912,-0.066856,-0.894016,19.32,-76.65,23.38,Noise,Right
1708334566154,0.511912,-0.074176,-0.854488,14.63,-74.41,25.97,Noise,Right
1708334566198,0.560712,-0.11712,-0.854976,1.47,-66.29,12.74,Noise,Right
1708334566199,0.604632,-0.17812,-0.920368,-1.47,-40.18,0.7,Noise,Right
1708334566199,0.610488,-0.235704,-0.962336,0.56,-18.55,-4.41,Noise,Right
1708334566246,0.572912,-0.232288,-1.009672,9.52,-7.28,3.01,Noise,Right
1708334566247,0.537288,-0.245464,-1.019432,16.8,-9.17,14.0,Noise,Right
1708334566247,0.489464,-0.214232,-1.000888,23.66,-20.72,23.66,Noise,Right
1708334566294,0.475312,-0.176168,-0.946232,24.64,-33.04,31.22,Noise,Right
1708334566294,0.467016,-0.153232,-0.915488,17.85,-37.45,31.36,Noise,Right
1708334566295,0.476288,-0.178608,-0.906704,8.96,-30.87,27.16,Noise,Right
1708334566340,0.47336,-0.218136,-0.925248,7.35,-17.99,21.77,Noise,Right
1708334566340,0.459696,-0.274744,-0.957456,10.36,-12.95,22.33,Noise,Right
1708334566389,0.416752,-0.284504,-0.981856,17.57,-19.39,27.02,Noise,Right
1708334566390,0.36112,-0.261568,-0.970632,24.57,-35.0,33.25,Noise,Right
1708334566390,0.3294,-0.252296,-0.940376,28.14,-52.85,35.77,Noise,Right
1708334566458,0.339648,-0.25376,-0.908168,29.26,-66.99,34.44,Noise,Right
1708334566458,0.377224,-0.263032,-0.860832,23.52,-68.04,38.78,Noise,Right
1708334566459,0.366976,-0.269376,-0.84912,19.46,-52.92,33.04,Noise,Right
1708334566459,0.369416,-0.316712,-0.872544,17.71,-31.64,27.72,Noise,Right
1708334566560,0.342576,-0.362584,-0.899384,21.49,-15.75,28.35,Noise,Right
1708334566560,0.321592,-0.372832,-0.913048,27.93,-10.08,35.42,Noise,Right
1708334566561,0.264496,-0.344528,-0.89548,33.74,-10.71,41.86,Noise,Right
1708334566561,0.217648,-0.328912,-0.876936,36.05,-16.52,40.74,Noise,Right
1708334566561,0.20252,-0.321592,-0.865224,34.37,-26.11,40.74,Noise,Right
1708334566561,0.206424,-0.321592,-0.840336,29.54,-34.09,40.39,Noise,Right
1708334566617,0.217648,-0.343552,-0.821792,24.85,-33.95,38.15,Noise,Right
1708334566618,0.221064,-0.373808,-0.820816,20.3,-29.61,38.15,Noise,Right
1708334566618,0.183976,-0.400648,-0.837408,19.88,-23.66,38.78,Noise,Right
1708334566651,0.152256,-0.425048,-0.828136,21.14,-18.76,36.61,Noise,Right
1708334566651,0.10736,-0.435784,-0.849608,23.45,-18.41,30.24,Noise,Right
1708334566652,0.081008,-0.430416,-0.852536,26.67,-25.48,29.82,Noise,Right
1708334566697,0.080032,-0.420656,-0.82716,28.35,-32.69,27.44,Noise,Right
1708334566698,0.101504,-0.427,-0.809592,27.58,-34.44,23.87,Noise,Right
1708334566743,0.111752,-0.42456,-0.79056,25.55,-29.82,22.19,Noise,Right
1708334566746,0.11224,-0.428952,-0.784216,23.03,-22.47,20.72,Noise,Right
1708334566746,0.088816,-0.415776,-0.787632,19.74,-16.94,21.28,Noise,Right
1708334566794,0.059536,-0.423096,-0.809104,16.66,-18.48,20.58,Noise,Right
1708334566795,0.0488,-0.445544,-0.82472,14.21,-23.73,21.21,Noise,Right
1708334566795,0.04148,-0.452864,-0.814472,13.86,-27.58,20.37,Noise,Right
1708334566868,0.055144,-0.471408,-0.801296,14.49,-26.39,16.03,Noise,Right
1708334566869,0.062952,-0.48556,-0.793,15.47,-22.26,15.82,Noise,Right
1708334566869,0.068808,-0.456768,-0.764208,14.49,-15.89,17.57,Noise,Right
1708334566869,0.031232,-0.422608,-0.774944,11.06,-8.96,15.47,Noise,Right
1708334566917,0.00244,-0.411384,-0.78568,4.97,-8.33,14.28,Noise,Right
1708334566917,-0.016104,-0.419192,-0.792512,-1.05,-10.5,12.25,Noise,Right
1708334566918,-0.0122,-0.450912,-0.816424,-4.41,-13.16,9.38,Noise,Right
1708334566966,0.016104,-0.480192,-0.82228,-4.27,-16.17,10.36,Noise,Right
1708334566966,0.033184,-0.48556,-0.831064,-3.57,-13.79,10.36,Noise,Right
1708334566967,0.051728,-0.49044,-0.833504,-2.1,-7.63,9.45,Noise,Right
1708334567072,0.027816,-0.49288,-0.838384,-1.4,-1.12,7.42,Noise,Right
1708334567073,-0.006832,-0.484096,-0.840336,-0.63,2.52,5.11,Noise,Right
1708334567073,-0.021472,-0.482144,-0.84912,-0.21,-0.07,3.01,Noise,Right
1708334567073,-0.024888,-0.475312,-0.846192,-0.07,-6.37,1.05,Noise,Right
1708334567073,-0.018056,-0.460184,-0.846192,-0.63,-11.69,-0.63,Noise,Right
1708334567073,0.011224,-0.45384,-0.840336,-3.01,-15.68,0.91,Noise,Right
1708334567116,0.051728,-0.468968,-0.833504,-6.02,-12.88,2.17,Noise,Right
1708334567116,0.092232,-0.475312,-0.81984,-8.54,-0.91,5.74,Noise,Right
1708334567116,0.084912,-0.494344,-0.816424,-10.78,19.53,4.2,Noise,Right
1708334567162,0.052704,-0.518744,-0.818376,-11.34,40.18,3.57,Noise,Right
1708334567163,-0.008784,-0.499712,-0.828624,-9.1,48.58,2.73,Noise,Right
1708334567163,-0.052704,-0.476288,-0.838384,-8.19,46.13,-1.96,Noise,Right
1708334567208,-0.059536,-0.46848,-0.835456,-7.56,35.63,-7.21,Noise,Right
1708334567209,-0.040992,-0.467992,-0.806176,-7.07,23.17,-11.34,Noise,Right
1708334567209,-0.008296,-0.440176,-0.765184,-6.79,18.76,-16.1,Noise,Right
1708334567256,0.028792,-0.422608,-0.733952,-10.15,24.15,-20.86,Noise,Right
1708334567256,0.066856,-0.410408,-0.710528,-18.48,36.61,-20.72,Noise,Right
1708334567304,0.06588,-0.420656,-0.7076,-26.04,52.99,-19.39,Noise,Right
1708334567304,0.048312,-0.447984,-0.735416,-31.5,66.5,-17.22,Noise,Right
1708334567304,0.0244,-0.465064,-0.77836,-31.92,71.82,-18.34,Noise,Right
1708334567351,0.014152,-0.483608,-0.8174,-27.44,69.02,-22.33,Noise,Right
1708334567352,0.032208,-0.471408,-0.845216,-19.11,59.08,-27.09,Noise,Right
1708334567352,0.061976,-0.46116,-0.853512,-9.87,48.09,-33.74,Noise,Right
1708334567411,0.109312,-0.42456,-0.831064,-1.12,38.57,-40.88,Noise,Right
1708334567412,0.160552,-0.3782,-0.79544,-0.63,35.28,-45.99,Noise,Right
1708334567412,0.211304,-0.36112,-0.761768,-4.27,38.78,-50.33,Noise,Right
1708334567459,0.245464,-0.344528,-0.737368,-10.01,47.81,-52.43,Noise,Right
1708334567459,0.260104,-0.340136,-0.754448,-15.26,58.38,-57.82,Noise,Right
1708334567459,0.265472,-0.36112,-0.788608,-16.66,62.79,-62.72,Noise,Right
1708334567502,0.272792,-0.372344,-0.815936,-13.72,55.44,-62.72,Noise,Right
1708334567503,0.31476,-0.376248,-0.845216,-10.15,38.08,-54.11,Noise,Right
1708334567503,0.386984,-0.373808,-0.83692,-7.49,21.0,-40.11,Noise,Right
1708334567551,0.439688,-0.353312,-0.798856,-7.77,16.94,-28.49,Noise,Right
1708334567551,0.450912,-0.32696,-0.752496,-15.61,29.75,-27.23,Noise,Right
1708334567552,0.419192,-0.311344,-0.788608,-21.28,52.01,-42.98,Noise,Right
1708334567600,0.38796,-0.333792,-0.839848,-21.98,55.93,-52.22,Noise,Right
1708334567601,0.40992,-0.344528,-0.867664,-19.88,42.42,-48.86,Noise,Right
1708334567658,0.464088,-0.328912,-0.850584,-17.78,25.41,-41.02,Noise,Right
1708334567658,0.511424,-0.309392,-0.845216,-17.29,17.85,-33.46,Noise,Right
1708334567658,0.517768,-0.261568,-0.843752,-16.1,17.29,-30.87,Noise,Right
1708334567658,0.500688,-0.227896,-0.877424,-17.57,15.82,-34.44,Noise,Right
1708334567711,0.511424,-0.249368,-0.884744,-20.23,5.95,-40.32,Noise,Right
1708334567711,0.579256,-0.286456,-0.859856,-25.34,-1.26,-44.17,Noise,Right
1708334567713,0.642696,-0.309392,-0.852536,-26.53,3.15,-46.69,Noise,Right
1708334567791,0.679296,-0.31964,-0.819352,-24.64,17.22,-40.39,Noise,Right
1708334567791,0.589504,-0.230336,-0.892552,-21.91,31.71,-29.89,Noise,Right
1708334567792,0.51484,-0.201056,-0.903288,-20.72,35.84,-27.58,Noise,Right
1708334567792,0.441152,-0.208864,-0.944768,-17.85,25.27,-32.9,Noise,Right
1708334567792,0.458232,-0.249368,-0.984784,-10.36,-4.76,-34.93,Noise,Right
1708334567847,0.557296,-0.252784,-0.969168,-1.19,-36.12,-29.47,Noise,Right
1708334567847,0.681248,-0.242536,-0.92964,3.71,-51.03,-25.83,Noise,Right
1708334567847,0.775432,-0.201544,-0.883768,3.57,-38.29,-22.12,Noise,Right
1708334567975,0.8052,-0.177632,-0.813984,-2.8,-6.58,-19.46,Noise,Right
1708334567975,0.745176,-0.139568,-0.815936,-9.87,28.35,-13.02,Noise,Right
1708334567976,0.618784,-0.098088,-0.83448,-16.59,48.93,-4.55,Noise,Right
1708334567976,0.488976,-0.088328,-0.835456,-24.5,47.11,2.8,Noise,Right
1708334567977,0.413824,-0.115656,-0.832528,-29.89,28.63,1.26,Noise,Right
1708334567978,0.43188,-0.154208,-0.835456,-30.94,4.62,-0.56,Noise,Right
1708334567978,1.165344,-0.562664,-0.728096,-48.79,37.24,-58.73,Noise,Right
1708334568037,0.2928,-0.093208,-1.188768,-25.48,38.36,-13.86,Noise,Right
1708334568038,0.639768,-0.246928,-0.871568,-13.51,23.66,2.45,Noise,Right
1708334568038,0.61,-0.191296,-0.841312,-7.42,21.07,11.41,Noise,Right
1708334568039,0.50508,-0.125904,-0.884744,-4.69,19.25,12.04,Noise,Right
1708334568093,0.493368,-0.086376,-0.809104,-1.19,7.49,9.59,Noise,Right
1708334568095,0.502152,-0.164456,-0.794464,-4.97,-1.68,3.15,Noise,Right
1708334568095,0.492392,-0.11224,-0.729072,-10.92,-9.87,-2.87,Noise,Right
1708334568202,0.557784,-0.120536,-0.765672,-18.9,-18.27,-6.51,Noise,Right
1708334568203,0.557296,-0.160552,-0.821304,-2.24,-3.78,0.07,Noise,Right
1708334568203,0.552904,-0.154696,-0.804224,-5.18,-2.38,3.99,Noise,Right
1708334568206,0.560224,-0.130784,-0.798368,-4.48,0.21,2.87,Noise,Right
1708334568206,0.587064,-0.199592,-0.835456,-2.45,4.76,-2.73,Noise,Right
1708334568206,0.579256,-0.14884,-0.823256,-1.75,-0.84,-0.42,Noise,Right
1708334568206,0.575352,-0.15128,-0.821792,-0.98,-0.98,-2.31,Noise,Right
1708334568245,0.559248,-0.149328,-0.802272,-0.84,-0.98,-2.31,Noise,Right
1708334568245,0.559248,-0.149816,-0.803248,-1.19,-0.84,-2.17,Noise,Right
1708334568292,0.556808,-0.15128,-0.804224,-1.26,-0.7,-2.1,Noise,Right
1708334568293,0.532896,-0.149816,-0.837896,-0.84,-1.05,-3.01,Noise,Right
1708334568293,0.57096,-0.145912,-0.78568,1.96,-1.82,-6.09,Noise,Right
1708334568336,0.593896,-0.140056,-0.79544,0.35,-1.26,-3.08,Noise,Right
1708334568337,0.554856,-0.149328,-0.79056,-1.33,-1.33,-2.24,Noise,Right
1708334568337,0.57828,-0.152744,-0.810568,-1.12,-0.77,-2.45,Noise,Right
1708334568382,0.555832,-0.15372,-0.814472,-1.19,-1.19,-2.45,Noise,Right
1708334568383,0.566568,-0.14884,-0.80764,-1.47,-1.19,-2.17,Noise,Right
1708334568383,0.564128,-0.1464,-0.80032,-1.05,-0.91,-2.38,Noise,Right
1708334568430,0.558272,-0.145912,-0.804712,-0.91,-1.05,-2.17,Noise,Right
1708334568430,0.563152,-0.142008,-0.793976,-1.12,-0.91,-2.17,Noise,Right
1708334568478,0.559736,-0.148352,-0.803248,-1.12,-1.05,-2.31,Noise,Right
1708334568478,0.567544,-0.149816,-0.806664,-1.12,-1.05,-2.03,Noise,Right
1708334568478,0.566568,-0.149328,-0.803736,-1.19,-0.77,-2.17,Noise,Right
1708334568537,0.566568,-0.148352,-0.794464,-1.19,-0.84,-2.31,Noise,Right
1708334568537,0.561688,-0.148352,-0.805688,-1.05,-1.05,-2.24,Noise,Right
1708334568538,0.557784,-0.1464,-0.798856,-1.12,-0.77,-2.31,Noise,Right
1708334568593,0.566568,-0.152744,-0.811056,-0.98,-0.84,-2.1,Noise,Right
1708334568594,0.558272,-0.151768,-0.807152,-1.12,-0.98,-2.31,Noise,Right
1708334568594,0.56608,-0.147864,-0.805688,-1.12,-0.91,-2.24,Noise,Right
1708334568595,0.564616,-0.145912,-0.801296,-0.98,-0.77,-2.17,Noise,Right
1708334568710,0.564128,-0.147864,-0.8052,-0.91,-1.12,-2.03,Noise,Right
1708334568710,0.560224,-0.150792,-0.80764,-1.12,-0.98,-2.17,Noise,Right
1708334568710,0.560224,-0.152256,-0.801784,-1.19,-0.77,-2.31,Noise,Right
1708334568710,0.569984,-0.15128,-0.809104,-1.05,-0.84,-2.31,Noise,Right
1708334568711,0.564128,-0.1464,-0.803736,-1.05,-0.98,-2.24,Noise,Right
1708334568711,0.563152,-0.147376,-0.804712,-0.98,-1.05,-2.31,Noise,Right
1708334568711,0.567056,-0.148352,-0.80276,-0.77,-1.12,-2.24,Noise,Right
1708334568759,0.561688,-0.147864,-0.804712,-0.98,-0.7,-2.24,Noise,Right
1708334568759,0.562664,-0.146888,-0.806176,-1.19,-1.05,-2.38,Noise,Right
1708334568759,0.56608,-0.149816,-0.799832,-1.05,-0.91,-2.24,Noise,Right
1708334568804,0.571936,-0.150304,-0.806176,-1.05,-0.91,-2.31,Noise,Right
1708334568804,0.567544,-0.150304,-0.80276,-1.19,-1.05,-2.24,Noise,Right
1708334568850,0.567544,-0.146888,-0.801296,-1.05,-1.12,-2.24,Noise,Right
1708334568850,0.562664,-0.145424,-0.805688,-1.19,-0.98,-2.24,Noise,Right
1708334568850,0.562664,-0.1464,-0.804224,-1.05,-0.91,-2.24,Noise,Right
1708334568898,0.563152,-0.15128,-0.804712,-1.26,-0.7,-2.24,Noise,Right
1708334568898,0.564128,-0.14884,-0.799344,-1.19,-0.84,-2.24,Noise,Right
1708334568899,0.561688,-0.149328,-0.806664,-1.12,-0.91,-2.31,Noise,Right
1708334568944,0.567544,-0.150792,-0.810568,-1.19,-1.12,-2.45,Noise,Right
1708334568945,0.562176,-0.146888,-0.804224,-1.05,-0.84,-2.31,Noise,Right
1708334568945,0.560224,-0.147376,-0.801784,-0.98,-0.91,-2.38,Noise,Right
1708334568989,0.563152,-0.1464,-0.801784,-1.26,-0.91,-2.17,Noise,Right
1708334568990,0.565592,-0.147864,-0.80032,-1.12,-1.05,-2.31,Noise,Right
1708334569043,0.563152,-0.147376,-0.80764,-0.98,-0.91,-2.24,Noise,Right
1708334569043,0.560224,-0.150304,-0.807152,-1.05,-0.7,-2.17,Noise,Right
1708334569043,0.560712,-0.150792,-0.806664,-1.12,-0.77,-2.1,Noise,Right
1708334569120,0.563152,-0.15128,-0.804712,-1.33,-0.77,-2.24,Noise,Right
1708334569120,0.565592,-0.147376,-0.797392,-1.12,-0.7,-2.17,Noise,Right
1708334569120,0.564616,-0.146888,-0.803736,-1.26,-0.91,-2.1,Noise,Right
1708334569120,0.565592,-0.141032,-0.804224,-1.19,-0.77,-2.17,Noise,Right
1708334569120,0.56608,-0.145912,-0.8052,-0.77,-0.84,-2.31,Noise,Right
1708334569225,0.562176,-0.147864,-0.8052,-1.26,-0.77,-2.17,Noise,Right
1708334569225,0.565104,-0.145912,-0.80276,-1.12,-0.84,-2.24,Noise,Right
1708334569226,0.562176,-0.14884,-0.808128,-1.12,-0.91,-2.31,Noise,Right
1708334569226,0.566568,-0.145424,-0.794952,-1.12,-0.91,-2.45,Noise,Right
1708334569226,0.565592,-0.144936,-0.806664,-1.26,-0.77,-2.31,Noise,Right
1708334569226,0.565592,-0.146888,-0.802272,-1.19,-0.63,-2.38,Noise,Right
1708334569325,0.565592,-0.145912,-0.80032,-1.4,-0.84,-2.1,Noise,Right
1708334569325,0.56364,-0.147864,-0.808616,-1.05,-0.84,-2.17,Noise,Right
1708334569325,0.562664,-0.15128,-0.806664,-0.98,-0.84,-2.38,Noise,Right
1708334569325,0.563152,-0.1464,-0.803736,-1.12,-0.84,-2.24,Noise,Right
1708334569325,0.56364,-0.1464,-0.80276,-1.05,-0.77,-2.24,Noise,Right
1708334569325,0.564616,-0.147864,-0.801784,-1.12,-0.91,-2.24,Noise,Right
1708334569375,0.564128,-0.142008,-0.798856,-1.33,-0.63,-2.24,Noise,Right
1708334569376,0.561688,-0.146888,-0.802272,-1.4,-0.91,-2.24,Noise,Right
1708334569376,0.56608,-0.149816,-0.803248,-1.19,-0.77,-2.24,Noise,Right
1708334569505,0.561688,-0.148352,-0.802272,-1.12,-1.05,-2.24,Noise,Right
1708334569505,0.561688,-0.14884,-0.809592,-1.12,-0.84,-2.17,Noise,Right
1708334569505,0.565592,-0.145424,-0.798856,-1.05,-0.84,-2.17,Noise,Right
1708334569505,0.567544,-0.146888,-0.798856,-1.12,-0.84,-2.31,Noise,Right
1708334569506,0.563152,-0.149816,-0.804224,-1.05,-0.84,-2.1,Noise,Right
1708334569506,0.564128,-0.147376,-0.803736,-0.98,-0.84,-2.1,Noise,Right
1708334569507,0.56608,-0.152256,-0.801296,-1.05,-1.05,-2.17,Noise,Right
1708334569590,0.565104,-0.146888,-0.798368,-1.33,-0.91,-2.31,Noise,Right
1708334569591,0.563152,-0.144936,-0.8052,-1.26,-0.98,-2.17,Noise,Right
1708334569591,0.567056,-0.147376,-0.800808,-1.26,-0.84,-2.24,Noise,Right
1708334569591,0.563152,-0.14884,-0.803248,-1.26,-0.91,-2.17,Noise,Right
1708334569641,0.5612,-0.145424,-0.803248,-1.19,-0.91,-2.31,Noise,Right
1708334569641,0.565592,-0.14884,-0.803736,-0.98,-0.98,-2.17,Noise,Right
1708334569641,0.562664,-0.148352,-0.8052,-1.19,-0.77,-2.24,Noise,Right
1708334569641,0.562664,-0.145424,-0.804224,-1.12,-0.98,-2.17,Noise,Right
1708334569641,0.562664,-0.146888,-0.799344,-1.19,-0.84,-2.38,Noise,Right
1708334569693,0.561688,-0.145424,-0.805688,-0.98,-0.77,-2.24,Noise,Right
1708334569693,0.564616,-0.147864,-0.806664,-1.05,-0.84,-2.24,Noise,Right
1708334569693,0.560224,-0.147376,-0.800808,-1.12,-0.77,-2.03,Noise,Right
1708334569826,0.56608,-0.146888,-0.803736,-1.05,-1.05,-2.17,Noise,Right
1708334569827,0.561688,-0.142496,-0.801784,-1.05,-1.12,-2.17,Noise,Right
1708334569827,0.563152,-0.150304,-0.806176,-0.98,-0.84,-2.24,Noise,Right
1708334569827,0.567544,-0.149328,-0.80276,-1.33,-0.91,-2.24,Noise,Right
1708334569828,0.56608,-0.145912,-0.80276,-1.26,-0.84,-2.31,Noise,Right
1708334569828,0.562176,-0.150304,-0.806664,-1.12,-0.91,-2.1,Noise,Right
1708334569829,0.561688,-0.154696,-0.80764,-1.19,-0.98,-2.38,Noise,Right
1708334569874,0.56364,-0.1464,-0.80764,-1.19,-0.7,-2.17,Noise,Right
1708334569874,0.569496,-0.144448,-0.797392,-1.05,-0.98,-2.24,Noise,Right
1708334569875,0.560712,-0.14396,-0.803736,-1.05,-0.77,-2.1,Noise,Right
1708334569919,0.56364,-0.144448,-0.799832,-1.33,-0.84,-2.31,Noise,Right
1708334569921,0.563152,-0.148352,-0.802272,-1.12,-0.91,-2.03,Noise,Right
1708334569921,0.561688,-0.146888,-0.806176,-1.05,-0.84,-2.17,Noise,Right
1708334569966,0.563152,-0.147864,-0.8052,-1.26,-0.84,-2.1,Noise,Right
1708334569966,0.561688,-0.149816,-0.809592,-1.19,-0.77,-2.24,Noise,Right
1708334569966,0.563152,-0.147376,-0.803248,-1.19,-0.84,-2.17,Noise,Right
1708334570012,0.56364,-0.145424,-0.8052,-1.12,-0.84,-2.38,Noise,Right
1708334570013,0.568032,-0.142496,-0.8052,-0.98,-0.91,-2.31,Noise,Right
1708334570013,0.564128,-0.150304,-0.80032,-1.19,-0.77,-2.24,Noise,Right
1708334570067,0.567056,-0.145912,-0.801784,-1.19,-1.12,-2.31,Noise,Right
1708334570067,0.566568,-0.14884,-0.807152,-0.91,-2.38,-1.89,Noise,Right
1708334570144,0.537776,-0.154208,-0.800808,-1.19,-1.33,-2.1,Noise,Right
1708334570144,0.56608,-0.154208,-0.79544,-0.98,-0.63,-2.31,Noise,Right
1708334570145,0.6222,-0.116144,-0.789584,-2.52,2.17,-3.71,Noise,Right
1708334570145,0.601704,-0.140056,-0.793,-1.33,-0.35,-2.59,Noise,Right
1708334570145,0.549488,-0.145424,-0.795928,-1.12,-1.96,-2.03,Noise,Right
1708334570246,0.57584,-0.137616,-0.799344,-1.19,-0.07,-2.38,Noise,Right
1708334570246,0.585112,-0.142984,-0.813984,-0.63,-5.32,-1.4,Noise,Right
1708334570246,0.563152,-0.154696,-0.810568,0.63,-0.77,-5.18,Noise,Right
1708334570246,0.560712,-0.129808,-0.80764,2.31,-1.89,-7.98,Noise,Right
1708334570247,0.513864,-0.031232,-0.85156,15.96,-7.28,-26.18,Noise,Right
1708334570247,0.638792,-0.06588,-0.750056,44.17,-15.12,-67.2,Noise,Right
1708334570294,0.522648,-0.20984,-0.82228,34.79,-9.45,-37.45,Noise,Right
1708334570294,0.636352,-0.22448,-0.793,10.92,-16.73,-19.46,Noise,Right
1708334570294,0.570472,-0.262056,-0.771528,23.03,-3.64,-35.0,Noise,Right
1708334570339,0.562176,-0.221552,-0.763232,17.36,-9.1,-33.81,Noise,Right
1708334570339,0.60024,-0.164944,-0.831552,-2.59,-13.51,-12.74,Noise,Right
1708334570386,0.626104,-0.164944,-0.878888,-7.77,-32.34,-31.78,Noise,Right
1708334570386,0.532408,-0.172752,-0.923784,0.42,-44.17,-21.49,Noise,Right
1708334570386,0.511424,-0.21472,-1.000888,17.43,-56.35,1.61,Noise,Right
1708334570435,0.505568,-0.19032,-0.941352,38.5,-66.01,15.47,Noise,Right
1708334570435,0.5002,-0.093696,-0.917928,41.16,-64.4,4.34,Noise,Right
1708334570435,0.61244,-0.083936,-0.886696,36.19,-55.65,-9.45,Noise,Right
1708334570494,0.692472,-0.12688,-0.915976,28.21,-33.46,-17.15,Noise,Right
1708334570494,0.724192,-0.164944,-0.957944,22.68,-5.39,-11.13,Noise,Right
1708334570494,0.7198,-0.20496,-0.993568,22.05,17.36,-0.7,Noise,Right
1708334570545,0.677344,-0.225456,-1.018944,27.16,33.04,10.01,Noise,Right
1708334570545,0.60756,-0.22448,-1.007232,33.32,38.5,15.75,Noise,Right
1708334570545,0.554368,-0.214232,-0.99064,37.73,30.17,22.19,Noise,Right
1708334570593,0.48556,-0.183976,-0.959408,39.48,11.27,31.29,Noise,Right
1708334570593,0.45872,-0.1708,-0.894504,38.01,-12.95,35.49,Noise,Right
1708334570593,0.487024,-0.168848,-0.828136,26.25,-32.48,38.5,Noise,Right
1708334570637,0.498248,-0.221064,-0.838872,13.16,-41.93,39.27,Noise,Right
1708334570638,0.513864,-0.293776,-0.847168,10.64,-44.38,41.16,Noise,Right
1708334570638,0.489464,-0.3172,-0.837896,12.88,-45.64,45.64,Noise,Right
1708334570684,0.443592,-0.307928,-0.850584,17.71,-46.97,48.3,Noise,Right
1708334570684,0.420168,-0.30012,-0.82228,21.84,-49.49,50.89,Noise,Right
1708334570684,0.389912,-0.278648,-0.800808,21.77,-51.94,54.25,Noise,Right
1708334570730,0.33672,-0.248392,-0.776896,15.05,-55.16,56.21,Noise,Right
1708334570730,0.312808,-0.241072,-0.763232,0.7,-59.64,54.6,Noise,Right
1708334570783,0.324032,-0.284504,-0.780312,-10.29,-57.75,47.11,Noise,Right
1708334570783,0.349408,-0.371368,-0.826672,-15.05,-47.46,41.65,Noise,Right
1708334570783,0.337696,-0.432856,-0.860832,-9.17,-37.24,43.26,Noise,Right
1708334570861,0.301584,-0.44652,-0.87352,1.61,-31.92,51.03,Noise,Right
1708334570862,0.2318,-0.413336,-0.861808,11.62,-32.27,53.06,Noise,Right
1708334570862,0.1708,-0.38308,-0.848632,17.5,-40.88,50.47,Noise,Right
1708334570862,0.175192,-0.34404,-0.813984,17.43,-52.43,52.57,Noise,Right
1708334570862,0.177144,-0.325008,-0.796416,7.14,-48.79,44.66,Noise,Right
1708334570965,0.218136,-0.404552,-0.808128,-1.19,-34.09,31.99,Noise,Right
1708334570965,0.204472,-0.457744,-0.834968,1.05,-21.56,26.46,Noise,Right
1708334570966,0.168848,-0.44896,-0.860832,7.28,-19.39,31.64,Noise,Right
1708334570966,0.122488,-0.404064,-0.899384,11.83,-27.86,35.35,Noise,Right
1708334570966,0.113216,-0.40504,-0.881328,14.84,-37.52,39.41,Noise,Right
1708334570966,0.1342,-0.381616,-0.82228,14.0,-39.9,37.17,Noise,Right
1708334571010,0.137128,-0.389424,-0.821792,10.99,-29.26,31.36,Noise,Right
1708334571011,0.131272,-0.416264,-0.828136,9.66,-15.19,27.37,Noise,Right
1708334571011,0.108824,-0.433344,-0.833016,10.99,-3.64,26.74,Noise,Right
1708334571059,0.07076,-0.437248,-0.837896,13.16,2.45,25.06,Noise,Right
1708334571059,0.044408,-0.400648,-0.847656,13.93,-0.42,25.48,Noise,Right
1708334571060,0.032208,-0.393816,-0.848144,12.88,-7.07,23.73,Noise,Right
1708334571105,0.037088,-0.401136,-0.847656,12.11,-14.35,21.14,Noise,Right
1708334571105,0.044896,-0.411384,-0.827648,9.8,-18.83,18.13,Noise,Right
1708334571150,0.064904,-0.413824,-0.808128,7.35,-19.11,16.52,Noise,Right
1708334571151,0.071736,-0.423584,-0.803248,5.53,-13.65,13.58,Noise,Right
1708334571151,0.075152,-0.427,-0.798856,2.87,-5.95,13.3,Noise,Right
1708334571199,0.050264,-0.434808,-0.814472,2.1,1.33,14.0,Noise,Right
1708334571199,0.022936,-0.4148,-0.803248,1.19,3.36,15.47,Noise,Right
1708334571200,-0.006832,-0.381128,-0.814472,-1.96,2.8,13.09,Noise,Right
1708334571243,0.033672,-0.415288,-0.815936,-5.74,2.52,8.82,Noise,Right
1708334571244,0.061,-0.43676,-0.847168,-8.47,5.6,4.48,Noise,Right
1708334571244,0.101504,-0.450424,-0.87108,-7.77,12.25,2.8,Noise,Right
1708334571291,0.132736,-0.453352,-0.863272,-5.81,23.38,2.73,Noise,Right
1708334571291,0.11956,-0.44896,-0.843752,-3.22,35.56,4.97,Noise,Right
1708334571336,0.079056,-0.412848,-0.792512,-4.27,45.5,7.28,Noise,Right
1708334571336,0.02928,-0.381616,-0.768112,-10.43,52.5,6.51,Noise,Right
1708334571336,-0.03416,-0.36844,-0.76372,-18.62,54.46,1.68,Noise,Right
1708334571383,-0.052704,-0.38552,-0.78568,-25.69,50.19,-6.79,Noise,Right
1708334571384,-0.03416,-0.421632,-0.806176,-27.3,42.21,-16.31,Noise,Right
1708334571384,0.028792,-0.461648,-0.82228,-24.78,33.95,-21.0,Noise,Right
1708334571433,0.103456,-0.457744,-0.817888,-20.3,29.47,-21.14,Noise,Right
1708334571433,0.137128,-0.431392,-0.803736,-17.15,32.69,-20.02,Noise,Right
1708334571433,0.146888,-0.406016,-0.793976,-17.36,43.26,-23.03,Noise,Right
1708334571568,0.138104,-0.416264,-0.80764,-17.36,52.43,-27.37,Noise,Right
1708334571568,0.115656,-0.401624,-0.831552,-16.03,55.58,-32.55,Noise,Right
1708334571569,0.116632,-0.405528,-0.852536,-13.51,49.63,-37.1,Noise,Right
1708334571569,0.140056,-0.3782,-0.838872,-10.92,38.5,-35.91,Noise,Right
1708334571570,0.17812,-0.347456,-0.804224,-11.9,31.5,-35.14,Noise,Right
1708334571570,0.22204,-0.330864,-0.77836,-17.64,32.69,-37.66,Noise,Right
1708334571570,0.224968,-0.345504,-0.812032,-22.75,41.02,-45.29,Noise,Right
1708334571616,0.225944,-0.388448,-0.853512,-23.94,48.44,-52.01,Noise,Right
1708334571617,0.217648,-0.423584,-0.89548,-16.87,48.86,-59.99,Noise,Right
1708334571617,0.222528,-0.418216,-0.903288,-4.83,39.06,-62.16,Noise,Right
1708334571618,0.236192,-0.395768,-0.901336,5.81,23.52,-61.88,Noise,Right
1708334571663,0.272792,-0.355264,-0.8784,13.3,8.26,-59.36,Noise,Right
1708334571663,0.320128,-0.318664,-0.840824,16.24,-2.73,-57.54,Noise,Right
1708334571709,0.374784,-0.2806,-0.810568,15.82,-2.59,-58.17,Noise,Right
1708334571709,0.40016,-0.249368,-0.8174,10.01,4.69,-62.79,Noise,Right
1708334571711,0.41236,-0.249856,-0.848632,6.37,6.72,-66.78,Noise,Right
1708334571753,0.419192,-0.271328,-0.900848,4.27,0.21,-67.48,Noise,Right
1708334571755,0.465552,-0.311344,-0.894504,6.16,-12.81,-61.04,Noise,Right
1708334571755,0.523136,-0.286944,-0.857904,8.05,-17.99,-51.17,Noise,Right
1708334571809,0.562664,-0.264984,-0.843752,7.0,-10.43,-46.83,Noise,Right
1708334571809,0.582672,-0.24644,-0.841312,3.78,6.09,-44.1,Noise,Right
1708334571893,0.532408,-0.210328,-0.839848,-0.63,21.98,-40.74,Noise,Right
1708334571902,0.44408,-0.178608,-0.868152,-7.77,25.62,-41.51,Noise,Right
1708334571904,0.425536,-0.184464,-0.877912,-14.21,13.02,-42.84,Noise,Right
1708334571904,0.460672,-0.19032,-0.86376,-17.99,0.91,-44.8,Noise,Right
1708334571904,0.500688,-0.201056,-0.893528,-21.63,-3.43,-50.82,Noise,Right
1708334571944,0.567056,-0.252296,-0.894016,-20.3,-3.15,-50.75,Noise,Right
1708334571944,0.577304,-0.246928,-0.898896,-15.61,0.42,-39.9,Noise,Right
1708334571945,0.555832,-0.192272,-0.910608,-9.8,3.99,-35.42,Noise,Right
1708334571945,0.542656,-0.162016,-0.904264,-6.93,4.83,-33.32,Noise,Right
1708334571995,0.53192,-0.128344,-0.901336,-7.77,3.43,-33.53,Noise,Right
1708334571996,0.5612,-0.141032,-0.88572,-10.92,2.87,-33.88,Noise,Right
1708334571996,0.56608,-0.132248,-0.905728,-14.42,7.84,-33.88,Noise,Right
1708334572090,0.576328,-0.150304,-0.927688,-16.1,14.14,-33.53,Noise,Right
1708334572091,0.549,-0.17324,-0.965264,-15.05,11.06,-29.89,Noise,Right
1708334572091,0.532408,-0.187392,-0.956968,-10.29,0.77,-22.89,Noise,Right
1708334572091,0.538264,-0.177144,-0.903776,-5.53,-9.31,-15.89,Noise,Right
1708334572091,0.538264,-0.151768,-0.865224,-4.34,-10.5,-12.81,Noise,Right
1708334572155,0.549488,-0.140056,-0.845216,-5.46,-2.94,-15.05,Noise,Right
1708334572155,0.346968,-0.077592,-0.8296,-8.19,40.39,-29.05,Noise,Right
1708334572155,0.320616,-0.2318,-0.980392,6.79,54.18,-4.2,Noise,Right
1708334572155,0.427488,-0.108824,-0.894992,-0.84,20.23,0.35,Noise,Right
1708334572210,0.399672,-0.175192,-1.2932,-3.78,8.68,-8.61,Noise,Right
1708334572211,0.529968,-0.155184,-0.919392,0.84,18.13,-14.0,Noise,Right
1708334572211,0.5978,-0.219112,-0.886696,-0.14,-1.54,-7.84,Noise,Right
1708334572295,0.592432,-0.138592,-0.7686,11.06,2.38,9.31,Noise,Right
1708334572296,0.596336,-0.19276,-0.748592,-5.53,-3.85,-2.45,Noise,Right
1708334572296,0.523624,-0.135176,-0.757376,-6.37,12.81,-5.46,Noise,Right
1708334572296,0.515816,-0.137128,-0.754936,-11.41,25.69,-15.26,Noise,Right
1708334572296,0.497272,-0.10004,-0.771528,-7.21,38.92,-22.4,Noise,Right
1708334572344,0.668072,-0.426024,-1.118984,5.18,51.1,-24.22,Noise,Right
1708334572344,0.440664,-0.094672,-0.809104,-2.17,0.35,-3.15,Noise,Right
1708334572345,0.549976,-0.162504,-0.803248,3.64,-2.87,-10.01,Noise,Right
1708334572391,0.555832,-0.137616,-0.781776,1.47,-3.15,-6.23,Noise,Right
1708334572437,0.559736,-0.150304,-0.799344,1.89,-1.4,-6.72,Noise,Right
1708334572442,0.563152,-0.149816,-0.81496,2.17,-1.75,-7.14,Noise,Right
1708334572442,0.552416,-0.137128,-0.799832,2.73,-1.68,-7.77,Noise,Right
1708334572485,0.558272,-0.145912,-0.793976,3.08,-1.89,-8.54,Noise,Right
1708334572485,0.565592,-0.140544,-0.8052,3.78,-2.24,-8.82,Noise,Right
1708334572485,0.567056,-0.140544,-0.803736,5.32,-2.8,-11.69,Noise,Right
1708334572531,0.562176,-0.155184,-0.813496,6.51,-3.01,-12.88,Noise,Right
1708334572531,0.563152,-0.153232,-0.807152,5.6,-2.8,-11.83,Noise,Right
1708334572531,0.552416,-0.152256,-0.802272,3.99,-2.52,-9.17,Noise,Right
1708334572579,0.554368,-0.156648,-0.806176,2.24,-1.82,-6.3,Noise,Right
1708334572579,0.559248,-0.157136,-0.80764,-0.56,-0.84,-2.8,Noise,Right
1708334572625,0.560712,-0.145912,-0.8052,-0.91,-0.91,-2.38,Noise,Right
1708334572625,0.555344,-0.150792,-0.803736,-1.47,-0.7,-2.38,Noise,Right
1708334572626,0.559248,-0.147376,-0.80764,-1.26,-0.84,-2.38,Noise,Right
1708334572669,0.565592,-0.1464,-0.806176,-1.05,-0.7,-2.31,Noise,Right
1708334572669,0.563152,-0.144936,-0.806664,-1.12,-0.84,-2.24,Noise,Right
1708334572669,0.559248,-0.149816,-0.806664,-1.33,-0.84,-2.38,Noise,Right
1708334572715,0.559248,-0.144448,-0.805688,-0.91,-1.12,-2.17,Noise,Right
1708334572715,0.56608,-0.14396,-0.8052,-0.91,-0.91,-2.31,Noise,Right
1708334572715,0.567056,-0.140056,-0.800808,-1.26,-0.98,-2.38,Noise,Right
1708334572766,0.567056,-0.148352,-0.80032,-0.91,-0.91,-2.24,Noise,Right
1708334572766,0.565104,-0.14396,-0.804712,-0.91,-0.91,-2.31,Noise,Right
1708334572813,0.557296,-0.153232,-0.803736,-1.19,-1.05,-2.17,Noise,Right
1708334572813,0.557296,-0.150792,-0.81008,-1.19,-0.98,-2.24,Noise,Right
1708334572813,0.5612,-0.150792,-0.805688,-1.12,-0.91,-2.31,Noise,Right
1708334572857,0.565104,-0.147376,-0.803736,-1.19,-0.84,-2.24,Noise,Right
1708334572858,0.565104,-0.144448,-0.804712,-1.19,-0.91,-2.24,Noise,Right
1708334572858,0.561688,-0.149816,-0.811544,-0.98,-0.98,-2.1,Noise,Right
1708334572910,0.55876,-0.152744,-0.809104,-1.47,-0.7,-2.17,Noise,Right
1708334572910,0.560712,-0.152256,-0.805688,-1.19,-0.7,-2.31,Noise,Right
1708334572910,0.560224,-0.152744,-0.805688,-1.19,-0.77,-2.38,Noise,Right
1708334573016,0.557296,-0.150792,-0.799832,-0.7,-0.84,-2.24,Noise,Right
1708334573017,0.5612,-0.144936,-0.805688,-1.26,-0.91,-2.31,Noise,Right
1708334573017,0.560224,-0.14884,-0.80764,-1.26,-0.98,-2.17,Noise,Right
1708334573017,0.562176,-0.150792,-0.80764,-0.98,-0.91,-2.24,Noise,Right
1708334573018,0.560712,-0.15372,-0.81008,-0.98,-0.98,-2.24,Noise,Right
1708334573018,0.556808,-0.15372,-0.807152,-0.98,-0.84,-2.38,Noise,Right
1708334573113,0.557784,-0.151768,-0.812032,-1.05,-0.77,-2.1,Noise,Right
1708334573114,0.442616,-0.156648,-0.915488,-0.98,-0.91,-3.64,Noise,Right
1708334573114,0.420168,-0.20252,-0.907192,13.93,-5.88,-27.37,Noise,Right
1708334573114,0.538264,-0.150792,-0.81496,24.85,-8.75,-41.44,Noise,Right
1708334573114,0.75396,-0.066856,-0.733464,22.33,-7.28,-33.46,Noise,Right
1708334573114,0.728584,-0.040016,-0.716872,9.87,-7.7,-14.84,Noise,Right
1708334573218,0.58316,-0.155672,-0.82716,0.63,-15.75,-3.15,Noise,Right
1708334573218,0.471408,-0.018056,-0.855952,3.78,-2.31,-9.24,Noise,Right
1708334573219,0.574376,0.027328,-0.896944,-3.78,-6.79,1.4,Noise,Right
1708334573219,0.586576,-0.114192,-0.950624,0.07,-17.36,10.85,Noise,Right
1708334573219,0.549,-0.027328,-0.842288,-3.99,-45.22,4.2,Noise,Right
1708334573220,0.66856,-0.020984,-0.706136,5.74,-34.23,3.99,Noise,Right
1708334573320,0.81984,-0.107848,-0.86132,4.69,-19.95,5.81,Noise,Right
1708334573321,0.783728,-0.154208,-0.930128,8.68,-4.06,10.71,Noise,Right
1708334573321,0.733952,-0.220088,-0.992592,15.75,2.24,18.2,Noise,Right
1708334573321,0.64904,-0.252784,-1.013088,28.7,4.13,25.76,Noise,Right
1708334573321,0.601704,-0.211304,-0.986248,40.53,-1.96,30.31,Noise,Right
1708334573321,0.569008,-0.162992,-0.948672,46.55,-13.51,35.07,Noise,Right
1708334573370,0.595848,-0.106384,-0.900848,45.99,-22.61,34.44,Noise,Right
1708334573370,0.603168,-0.08052,-0.85888,40.88,-26.11,29.61,Noise,Right
1708334573371,0.577304,-0.076616,-0.84424,31.64,-25.62,20.93,Noise,Right
1708334573420,0.536312,-0.13908,-0.822768,21.35,-24.15,11.48,Noise,Right
1708334573420,0.52704,-0.226432,-0.821304,11.69,-20.58,12.53,Noise,Right
1708334573421,0.522648,-0.277672,-0.835456,5.88,-17.57,16.24,Noise,Right
1708334573526,0.510448,-0.324032,-0.853512,6.79,-11.69,25.13,Noise,Right
1708334573526,0.465552,-0.345992,-0.855464,11.9,-10.43,27.93,Noise,Right
1708334573526,0.428952,-0.33672,-0.840824,20.44,-12.95,26.81,Noise,Right
1708334573527,0.418216,-0.354776,-0.842288,27.51,-17.78,27.16,Noise,Right
1708334573527,0.398208,-0.360144,-0.843264,34.37,-24.57,28.63,Noise,Right
1708334573527,0.4148,-0.35868,-0.838384,39.48,-30.03,30.66,Noise,Right
1708334573575,0.442616,-0.350872,-0.801296,41.3,-31.08,35.21,Noise,Right
1708334573576,0.430416,-0.340136,-0.7808,37.59,-26.18,38.99,Noise,Right
1708334573576,0.39284,-0.337208,-0.76372,33.53,-20.3,39.69,Noise,Right
1708334573701,0.352336,-0.364048,-0.764208,29.75,-16.87,39.55,Noise,Right
1708334573701,0.30012,-0.391376,-0.78812,31.15,-18.76,37.73,Noise,Right
1708334573702,0.277672,-0.408944,-0.79056,34.02,-25.06,34.93,Noise,Right
1708334573702,0.291824,-0.419192,-0.791048,37.1,-30.59,31.57,Noise,Right
1708334573702,0.311832,-0.450424,-0.77836,39.48,-32.27,29.54,Noise,Right
1708334573702,0.30744,-0.481168,-0.777872,39.48,-31.08,30.59,Noise,Right
1708334573703,0.290848,-0.516792,-0.766648,37.24,-31.01,33.32,Noise,Right
1708334573832,0.2806,-0.469944,-0.743712,37.45,-29.4,34.3,Noise,Right
1708334573833,0.284504,-0.429928,-0.716872,33.04,-23.94,32.27,Noise,Right
1708334573833,0.24888,-0.437736,-0.72712,25.69,-16.66,28.14,Noise,Right
1708334573833,0.240584,-0.485072,-0.762744,19.95,-13.79,25.83,Noise,Right
1708334573833,0.22936,-0.510448,-0.802272,20.58,-15.05,25.41,Noise,Right
1708334573833,0.243024,-0.530944,-0.799344,23.17,-18.83,25.9,Noise,Right
1708334573833,0.233264,-0.528992,-0.755912,24.22,-21.0,28.14,Noise,Right
1708334573833,0.207888,-0.5368,-0.730536,18.06,-19.11,27.58,Noise,Right
1708334573881,0.167872,-0.532896,-0.739808,14.91,-16.59,24.15,Noise,Right
1708334573881,0.147376,-0.530944,-0.733952,12.32,-16.94,20.23,Noise,Right
1708334573881,0.148352,-0.520696,-0.713944,9.8,-16.73,13.58,Noise,Right
1708334573925,0.170312,-0.50996,-0.730048,6.58,-16.8,9.38,Noise,Right
1708334573925,0.20252,-0.524112,-0.742248,3.36,-14.49,7.21,Noise,Right
1708334573925,0.193248,-0.558272,-0.784704,3.29,-12.25,8.26,Noise,Right
1708334573971,0.191296,-0.589504,-0.803248,7.35,-13.23,10.01,Noise,Right
1708334573972,0.192272,-0.596336,-0.782264,9.8,-14.21,13.09,Noise,Right
1708334574019,0.160552,-0.596824,-0.777384,10.92,-14.77,12.04,Noise,Right
1708334574025,0.13176,-0.55876,-0.76616,13.65,-17.85,7.7,Noise,Right
1708334574025,0.13664,-0.547048,-0.72468,13.37,-20.23,4.06,Noise,Right
1708334574064,0.169824,-0.548024,-0.717848,10.36,-19.53,4.9,Noise,Right
1708334574064,0.205448,-0.568032,-0.762256,7.49,-15.89,4.55,Noise,Right
1708334574064,0.196664,-0.599264,-0.803736,9.17,-12.11,8.05,Noise,Right
1708334574110,0.171288,-0.620736,-0.80276,13.3,-11.06,12.46,Noise,Right
1708334574110,0.126392,-0.592432,-0.769576,15.89,-10.78,15.33,Noise,Right
1708334574110,0.100528,-0.551928,-0.735416,14.49,-11.9,11.97,Noise,Right
1708334574156,0.1098,-0.51728,-0.708088,8.82,-12.88,5.88,Noise,Right
1708334574156,0.132736,-0.537776,-0.712968,2.87,-9.8,-2.45,Noise,Right
1708334574203,0.160064,-0.584624,-0.765184,0.35,-7.28,-3.71,Noise,Right
1708334574203,0.162016,-0.630984,-0.805688,2.73,-6.37,-2.17,Noise,Right
1708334574203,0.139568,-0.644648,-0.79544,7.84,-7.77,2.1,Stab,Right
1708334574250,0.134688,-0.621712,-0.777384,10.36,-9.24,5.25,Stab,Right
1708334574250,0.122976,-0.585112,-0.73932,9.03,-7.35,4.27,Stab,Right
1708334574250,0.098088,-0.570472,-0.700768,4.97,-2.38,0.49,Stab,Right
1708334574296,0.11712,-0.563152,-0.694912,-2.52,2.66,-3.92,Stab,Right
1708334574296,0.133712,-0.559736,-0.725656,-7.07,8.26,-7.56,Stab,Right
1708334574297,0.138592,-0.591456,-0.751032,-9.94,12.39,-8.96,Stab,Right
1708334574344,0.147864,-0.61244,-0.756888,-10.5,14.42,-8.89,Stab,Right
1708334574344,0.121512,-0.62464,-0.750056,-10.08,16.1,-7.42,Stab,Right
1708334574395,0.061976,-0.623176,-0.71248,-6.51,14.21,-5.6,Stab,Right
1708334574395,0.036112,-0.582672,-0.6466,-4.06,10.22,-5.88,Stab,Right
1708334574396,0.069784,-0.532408,-0.606096,-7.77,10.57,-9.87,Stab,Right
1708334574519,0.140056,-0.511912,-0.621712,-17.15,18.97,-17.22,Stab,Right
1708334574519,0.160552,-0.520696,-0.671488,-27.93,31.36,-25.69,Stab,Right
1708334574520,0.14152,-0.551928,-0.721264,-33.88,38.08,-31.15,Stab,Right
1708334574520,0.119072,-0.571936,-0.742736,-36.19,37.03,-34.58,Stab,Right
1708334574520,0.105408,-0.594384,-0.73688,-35.21,32.62,-33.6,Stab,Right
1708334574520,0.081984,-0.594872,-0.71004,-34.58,27.16,-32.48,Stab,Right
1708334574520,0.116632,-0.56364,-0.657336,-33.32,22.12,-31.99,Stab,Right
1708334574651,0.192272,-0.512888,-0.633424,-35.07,22.4,-31.99,Stab,Right
1708334574651,0.24156,-0.487512,-0.641232,-41.72,31.5,-34.86,Stab,Right
1708334574652,0.248392,-0.47336,-0.681248,-47.81,42.77,-39.9,Stab,Right
1708334574652,0.257176,-0.488976,-0.70516,-52.15,50.4,-42.91,Stab,Right
1708334574652,0.254248,-0.50508,-0.720776,-52.5,53.62,-43.05,Stab,Right
1708334574652,0.245952,-0.51972,-0.732,-50.19,55.51,-41.93,Stab,Right
1708334574652,0.238632,-0.485072,-0.735904,-45.78,54.81,-39.9,Stab,Right
1708334574652,0.254248,-0.433832,-0.712968,-43.68,49.98,-36.47,Stab,Right
1708334574705,0.2928,-0.38064,-0.701256,-45.29,47.18,-34.51,Stab,Right
1708334574706,0.348432,-0.337208,-0.71004,-49.42,50.26,-37.45,Stab,Right
1708334574706,0.383568,-0.303048,-0.73688,-53.62,55.79,-41.58,Stab,Right
1708334574824,0.373808,-0.294264,-0.786168,-57.33,57.61,-50.26,Stab,Right
1708334574825,0.401136,-0.301096,-0.796416,-59.99,52.29,-58.73,Stab,Right
1708334574825,0.447008,-0.306464,-0.830576,-59.22,43.75,-60.97,Stab,Right
1708334574825,0.508008,-0.293288,-0.847656,-53.2,33.81,-56.77,Stab,Right
1708334574825,0.569008,-0.264008,-0.873032,-46.13,24.36,-48.3,Stab,Right
1708334574825,0.586576,-0.240584,-0.88572,-40.04,18.9,-42.21,Stab,Right
1708334574825,0.585112,-0.211792,-0.860344,-38.08,18.83,-43.12,Stab,Right
1708334574886,0.558272,-0.19032,-0.81984,-37.66,20.86,-47.53,Stab,Right
1708334574886,0.576816,-0.140056,-0.815936,-38.85,18.13,-46.48,Stab,Right
1708334574886,0.635864,-0.109312,-0.860344,-40.88,12.95,-40.81,Stab,Right
1708334574931,0.715408,-0.11224,-0.8906,-41.09,8.54,-35.28,Stab,Right
1708334574933,0.747128,-0.123952,-0.90036,-37.66,10.64,-28.7,Stab,Right
1708334574933,0.716872,-0.128344,-0.91256,-34.58,17.36,-27.02,Stab,Right
1708334574933,0.677344,-0.1098,-0.911096,-28.98,19.81,-26.25,Stab,Right
1708334574997,0.660264,-0.08296,-0.916464,-24.22,16.24,-25.41,Stab,Right
1708334574998,0.699304,-0.055144,-0.944768,-20.23,7.28,-22.75,Stab,Right
1708334574998,0.720776,-0.037088,-0.957456,-17.71,-1.61,-20.09,Stab,Right
1708334575123,0.7198,-0.06344,-0.922808,-15.54,-4.97,-16.66,Stab,Right
1708334575123,0.699304,-0.091744,-0.86376,-14.77,-2.59,-12.81,Stab,Right
1708334575124,0.645136,-0.104432,-0.833992,-13.58,1.82,-9.03,Stab,Right
1708334575124,0.619272,-0.096136,-0.818376,-12.95,4.2,-7.98,Stab,Right
1708334575124,0.592432,-0.093208,-0.820328,-12.67,3.99,-7.42,Stab,Right
1708334575125,0.555832,-0.071736,-0.809592,-11.2,-0.42,-7.84,Stab,Right
1708334575125,0.554856,-0.061488,-0.796416,-10.85,-6.79,-10.08,Stab,Right
1708334575252,-0.26596,-0.288408,-0.147864,153.37,87.29,54.04,Stab,Right
1708334575252,1.042856,-0.185928,-0.596824,28.56,-36.05,3.92,Stab,Right
1708334575252,0.6344,-0.063928,-0.771528,42.21,16.8,26.74,Stab,Right
1708334575253,0.567544,-0.099064,-0.780312,29.82,-10.57,24.99,Stab,Right
1708334575253,0.599752,-0.11468,-0.805688,18.9,-14.21,12.74,Stab,Right
1708334575253,0.58072,0.074664,-0.848144,13.86,-12.04,4.55,Stab,Right
1708334575253,0.596336,-0.066856,-0.817888,5.53,-4.13,-7.91,Stab,Right
1708334575253,0.61,-0.130296,-0.759328,0.84,-1.68,-4.55,Stab,Right
1708334575306,0.567056,-0.149328,-0.803248,-0.84,-0.91,-2.03,Stab,Right
1708334575306,0.567544,-0.147376,-0.803248,-1.26,-1.26,-2.24,Stab,Right
1708334575307,0.560224,-0.153232,-0.809592,-1.12,-0.91,-2.24,Stab,Right
1708334575307,0.553392,-0.1464,-0.79056,-1.05,-0.98,-2.38,Stab,Right
1708334575443,0.546072,-0.142984,-0.792512,-1.19,-0.7,-2.38,Stab,Right
1708334575443,0.570472,-0.147864,-0.808616,-1.12,-0.91,-2.31,Stab,Right
1708334575443,0.56852,-0.144448,-0.802272,-1.05,-1.12,-2.31,Stab,Right
1708334575443,0.560712,-0.146888,-0.799832,-0.98,-0.84,-2.1,Stab,Right
1708334575443,0.564128,-0.145912,-0.810568,-1.19,-0.84,-2.17,Stab,Right
1708334575443,0.564616,-0.149328,-0.800808,-1.19,-0.84,-2.31,Stab,Right
1708334575443,0.56608,-0.148352,-0.81008,-1.05,-0.77,-2.38,Stab,Right
1708334575503,0.555832,-0.145912,-0.809104,-1.12,-0.98,-2.38,Stab,Right
1708334575503,0.562664,-0.144936,-0.80032,-1.12,-0.84,-2.45,Stab,Right
1708334575503,0.561688,-0.147864,-0.801784,-1.19,-0.98,-2.38,Stab,Right
1708334575504,0.559736,-0.147864,-0.793488,-1.26,-0.77,-2.1,Stab,Right
1708334575553,0.561688,-0.146888,-0.807152,-1.05,-1.12,-2.24,Stab,Right
1708334575553,0.5612,-0.150304,-0.79056,-0.84,-0.84,-2.38,Stab,Right
1708334575553,0.565104,-0.145912,-0.798856,-0.98,-0.91,-2.31,Stab,Right
1708334575610,0.559736,-0.148352,-0.806176,-1.19,-0.84,-2.1,Stab,Right
1708334575615,0.562664,-0.145424,-0.808616,-1.12,-0.98,-2.31,Stab,Right
1708334575615,0.551928,-0.148352,-0.801296,-0.84,-0.91,-2.17,Stab,Right
1708334575663,0.559248,-0.145424,-0.80032,-1.26,-0.7,-2.17,Stab,Right
1708334575663,0.567544,-0.145912,-0.803248,-1.05,-1.12,-2.31,Stab,Right
1708334575663,0.559248,-0.147864,-0.796416,-1.19,-0.98,-2.31,Stab,Right
1708334575663,0.567056,-0.145424,-0.807152,-1.19,-0.7,-2.31,Stab,Right
1708334575720,0.562664,-0.148352,-0.812032,-0.91,-0.91,-2.24,Stab,Right
1708334575720,0.562176,-0.145912,-0.804224,-1.05,-0.91,-2.24,Stab,Right
1708334575773,0.561688,-0.147376,-0.80032,-1.19,-0.91,-2.17,Stab,Right
1708334575773,0.566568,-0.1464,-0.79788,-0.91,-0.91,-2.24,Stab,Right
1708334575774,0.559248,-0.147864,-0.8052,-1.12,-1.05,-2.31,Stab,Right
1708334575774,0.557296,-0.15616,-0.804224,-1.12,-1.12,-2.24,Stab,Right
1708334575879,0.564616,-0.144936,-0.804712,-1.05,-1.05,-2.24,Stab,Right
1708334575879,0.55876,-0.152744,-0.806664,-0.84,-0.84,-2.1,Stab,Right
1708334575879,0.564616,-0.147864,-0.809592,-0.77,-0.7,-2.1,Stab,Right
1708334575880,0.527528,-0.142984,-0.786168,-0.84,16.8,-4.62,Stab,Right
1708334575880,0.531432,-0.162504,-0.803736,-1.89,-0.28,0.84,Stab,Right
1708334575880,0.57096,-0.128344,-0.78812,-9.31,1.33,8.26,Stab,Right
1708334575925,0.600728,-0.116632,-0.762256,-0.77,-3.99,-0.84,Stab,Right
1708334575925,0.65636,-0.000488,-0.750056,-5.04,-1.05,4.06,Stab,Right
1708334575925,0.521672,0.013176,-0.851072,-8.47,-0.35,7.42,Stab,Right
1708334575973,0.479704,-0.010736,-0.903288,-9.38,-8.4,6.65,Stab,Right
1708334575973,0.60268,-0.006832,-0.995032,-30.45,-27.44,-20.23,Stab,Right
1708334575974,0.5856,-0.104432,-0.89548,-22.33,-19.25,-31.29,Stab,Right
1708334576021,0.643184,-0.279136,-0.959408,-15.26,-28.77,-24.36,Stab,Right
1708334576021,0.671976,-0.313784,-0.94184,3.99,-33.53,-4.13,Stab,Right
1708334576138,0.661728,-0.268888,-0.959896,26.88,-36.12,15.96,Stab,Right
1708334576143,0.632936,-0.166408,-0.959408,43.47,-39.55,28.91,Stab,Right
1708334576144,0.63196,-0.11712,-0.94184,44.45,-40.81,30.94,Stab,Right
1708334576146,0.623664,-0.15372,-0.935008,40.67,-35.35,28.84,Stab,Right
1708334576146,0.609512,-0.165432,-0.91988,42.91,-29.82,28.77,Stab,Right
1708334576146,0.56852,-0.18788,-0.912072,44.03,-26.6,30.59,Stab,Right
1708334576146,0.52216,-0.204472,-0.894016,45.5,-25.27,32.62,Stab,Right
1708334576186,0.470432,-0.204472,-0.90036,46.9,-25.76,31.85,Stab,Right
1708334576187,0.47092,-0.220576,-0.879864,46.9,-29.26,28.98,Stab,Right
1708334576187,0.486048,-0.235704,-0.867176,43.75,-30.17,27.72,Stab,Right
1708334576233,0.481656,-0.242536,-0.901824,42.28,-29.61,27.79,Stab,Right
1708334576233,0.477264,-0.237168,-0.900848,40.6,-31.71,25.27,Stab,Right
1708334576233,0.476288,-0.253272,-0.878888,39.2,-31.85,22.82,Stab,Right
1708334576279,0.429928,-0.287432,-0.849608,36.96,-30.45,21.63,Stab,Right
1708334576279,0.38308,-0.349408,-0.852536,37.45,-31.08,22.89,Stab,Right
1708334576280,0.356728,-0.382104,-0.841312,42.07,-35.42,25.13,Stab,Right
1708334576325,0.369416,-0.38308,-0.820328,44.8,-38.15,25.34,Stab,Right
1708334576325,0.361608,-0.394304,-0.801784,45.15,-36.82,26.25,Stab,Right
1708334576325,0.350384,-0.383568,-0.792024,43.75,-35.35,25.76,Stab,Right
1708334576373,0.347944,-0.389424,-0.812032,42.0,-32.76,25.48,Stab,Right
1708334576373,0.323544,-0.39284,-0.797392,40.74,-30.45,25.06,Stab,Right
1708334576423,0.309392,-0.404064,-0.762256,38.78,-26.74,24.92,Stab,Right
1708334576423,0.273768,-0.426512,-0.757864,34.93,-21.84,25.9,Stab,Right
1708334576423,0.243024,-0.454816,-0.765672,32.27,-20.44,27.65,Stab,Right
1708334576466,0.236192,-0.45872,-0.787144,30.59,-20.51,28.21,Stab,Right
1708334576466,0.214232,-0.459696,-0.78324,31.43,-22.12,27.65,Stab,Right
1708334576466,0.22448,-0.452864,-0.772992,30.59,-24.99,25.13,Stab,Right
1708334576514,0.225944,-0.446032,-0.754936,28.49,-25.06,22.54,Stab,Right
1708334576514,0.240584,-0.459696,-0.751032,24.22,-22.75,19.53,Stab,Right
1708334576514,0.219112,-0.473848,-0.748592,20.51,-19.39,17.08,Stab,Right
1708334576560,0.199104,-0.478728,-0.751032,15.68,-15.96,14.77,Stab,Right
1708334576560,0.16836,-0.50752,-0.765184,12.74,-13.79,14.07,Stab,Right
1708334576606,0.183,-0.540704,-0.774944,13.23,-14.28,15.33,Stab,Right
1708334576607,0.16836,-0.555344,-0.797392,15.33,-15.05,17.64,Stab,Right
1708334576607,0.159576,-0.552904,-0.794464,19.04,-16.8,19.11,Stab,Right
1708334576662,0.165432,-0.516792,-0.77104,21.28,-19.04,18.69,Stab,Right
1708334576667,0.172752,-0.49044,-0.761768,19.11,-18.27,16.73,Stab,Right
1708334576667,0.183,-0.48556,-0.750056,14.56,-12.81,12.46,Stab,Right
1708334576697,0.183,-0.50996,-0.769576,10.15,-6.79,9.94,Stab,Right
1708334576698,0.156648,-0.550464,-0.787144,9.38,-5.53,9.87,Stab,Right
1708334576698,0.141032,-0.565104,-0.784704,11.34,-8.05,11.62,Stab,Right
1708334576754,0.134688,-0.574864,-0.782752,12.95,-9.17,13.58,Stab,Right
1708334576755,0.126392,-0.581696,-0.7808,15.75,-10.64,14.21,Stab,Right
1708334576807,0.140056,-0.576328,-0.793488,19.04,-12.53,15.05,Stab,Right
1708334576808,0.12444,-0.563152,-0.79056,20.72,-12.53,13.58,Stab,Right
1708334576808,0.12688,-0.566568,-0.769576,19.95,-14.0,11.34,Stab,Right
1708334576808,0.113216,-0.567544,-0.758352,16.73,-13.86,9.52,Stab,Right
1708334576855,0.132248,-0.56852,-0.760304,11.83,-12.04,8.47,Stab,Right
1708334576855,0.108336,-0.584136,-0.777872,9.59,-10.29,8.4,Stab,Right
1708334576855,0.118584,-0.597312,-0.787144,9.31,-10.99,9.1,Stab,Right
1708334576906,0.103944,-0.61732,-0.792512,11.27,-11.13,10.29,Stab,Right
1708334576906,0.093208,-0.612928,-0.772992,13.51,-13.58,10.57,Stab,Right
1708334576907,0.109312,-0.611952,-0.754448,13.86,-14.98,9.59,Stab,Right
1708334577005,0.096136,-0.61,-0.739808,12.81,-12.95,6.86,Stab,Right
1708334577005,0.097112,-0.618296,-0.739808,10.85,-10.64,4.97,Stab,Right
1708334577005,0.094672,-0.623176,-0.748592,9.45,-8.47,4.13,Stab,Right
1708334577005,0.091744,-0.61976,-0.758352,9.87,-6.79,5.32,Stab,Right
1708334577005,0.099552,-0.613416,-0.75396,10.08,-6.37,7.7,Stab,Right
1708334577055,0.08296,-0.633912,-0.770552,11.41,-5.04,10.15,Stab,Right
1708334577055,0.05124,-0.64416,-0.758352,13.51,-5.46,11.13,Stab,Right
1708334577056,0.02928,-0.635864,-0.732488,15.12,-8.61,10.36,Stab,Right
1708334577056,0.033184,-0.608536,-0.682224,12.6,-9.94,7.91,Stab,Right
1708334577100,0.051728,-0.591456,-0.667096,7.07,-7.49,2.1,Stab,Right
1708334577101,0.069296,-0.595848,-0.67832,2.24,-4.06,-1.75,Stab,Right
1708334577151,0.066368,-0.618296,-0.720288,-0.84,-0.07,-5.25,Stab,Right
1708334577152,0.074664,-0.635864,-0.747616,-1.54,1.54,-5.74,Stab,Right
1708334577152,0.07076,-0.656848,-0.754448,-0.42,2.52,-2.31,Stab,Right
1708334577276,0.062464,-0.6466,-0.75396,1.33,1.82,1.61,Stab,Right
1708334577276,0.05856,-0.629032,-0.731512,1.47,1.61,2.24,Stab,Right
1708334577278,0.06588,-0.619272,-0.706624,-1.12,1.68,0.7,Stab,Right
1708334577278,0.056608,-0.61488,-0.696376,-4.83,3.99,-3.08,Stab,Right
1708334577278,0.047824,-0.599752,-0.672464,-12.11,7.21,-8.68,Stab,Right
1708334577278,0.042456,-0.61244,-0.659776,-17.29,11.83,-14.7,Stab,Right
1708334577279,0.044896,-0.600728,-0.652944,-21.14,17.08,-17.01,Stab,Right
1708334577415,0.07808,-0.598776,-0.675392,-24.99,23.45,-19.18,Stab,Right
1708334577417,0.091744,-0.598776,-0.718824,-26.04,28.42,-18.83,Stab,Right
1708334577417,0.0488,-0.620736,-0.748104,-25.48,26.67,-18.34,Stab,Right
1708334577417,0.062464,-0.609024,-0.720288,-23.66,21.91,-20.16,Stab,Right
1708334577418,0.074664,-0.554856,-0.685152,-26.6,21.21,-26.11,Stab,Right
1708334577418,0.087352,-0.464576,-0.638304,-37.45,24.08,-37.45,Stab,Right
1708334577419,0.16836,-0.421144,-0.626104,-57.19,32.83,-70.14,Stab,Right
1708334577419,0.25132,-0.42456,-0.689544,-73.85,46.06,-63.28,Stab,Right
1708334577495,0.29036,-0.470432,-0.772504,-82.81,57.12,-64.4,Stab,Right
1708334577495,0.301584,-0.533384,-0.855952,-83.23,62.58,-60.27,Stab,Right
1708334577496,0.254248,-0.608048,-0.928176,-72.24,60.27,-50.68,Stab,Right
1708334577496,0.163968,-0.614392,-0.890112,-54.6,48.65,-41.93,Stab,Right
1708334577553,0.142984,-0.549,-0.801296,-43.89,29.54,-42.21,Stab,Right
1708334577554,0.17568,-0.467992,-0.719312,-41.86,23.1,-47.18,Stab,Right
1708334577554,0.237168,-0.421632,-0.708576,-47.88,25.06,-53.76,Stab,Right
1708334577554,0.288896,-0.401136,-0.737856,-57.12,31.92,-57.05,Stab,Right
1708334577554,0.311832,-0.389424,-0.75884,-65.03,38.71,-58.38,Stab,Right
1708334577619,0.298656,-0.380152,-0.792512,-69.72,42.14,-59.5,Stab,Right
1708334577620,0.291336,-0.420656,-0.837408,-65.87,44.52,-58.1,Stab,Right
1708334577620,0.27572,-0.44652,-0.826184,-53.2,36.68,-49.0,Stab,Right
1708334577620,0.318664,-0.418216,-0.791048,-39.9,25.97,-36.47,Stab,Right
1708334577669,0.374296,-0.381616,-0.76372,-35.56,21.63,-23.03,Stab,Right
1708334577669,0.393816,-0.342576,-0.732976,-34.16,24.15,-16.87,Stab,Right
1708334577669,0.338184,-0.283528,-0.737368,-37.03,30.94,-20.65,Stab,Right
1708334577721,0.306464,-0.263032,-0.787144,-44.59,32.2,-34.79,Stab,Right
1708334577725,0.362096,-0.242536,-0.818864,-47.88,30.24,-46.76,Stab,Right
1708334577760,0.443104,-0.25132,-0.820816,-50.75,28.77,-49.77,Stab,Right
1708334577760,0.476288,-0.27084,-0.866688,-48.86,25.83,-40.6,Stab,Right
1708334577760,0.51972,-0.30012,-0.905728,-39.2,18.34,-22.4,Stab,Right
1708334577809,0.506544,-0.289384,-0.901336,-26.11,14.07,-4.2,Stab,Right
1708334577810,0.479216,-0.20984,-0.860344,-16.17,14.56,-5.04,Stab,Right
1708334577811,0.467504,-0.116144,-0.845216,-11.83,15.26,-15.05,Stab,Right
1708334577868,0.520696,-0.012688,-0.80764,-14.35,11.83,-24.78,Stab,Right
1708334577869,0.637816,0.006832,-0.780312,-30.31,13.37,-28.49,Stab,Right
1708334577869,0.691496,-0.084912,-0.849608,-46.2,25.41,-21.63,Stab,Right
1708334577915,0.634888,-0.194712,-0.915976,-47.18,53.34,-12.88,Stab,Right
1708334577916,0.563152,-0.204472,-0.966728,-33.67,31.57,-2.45,Stab,Right
1708334577916,0.56364,-0.118096,-0.964776,-16.94,16.17,3.78,Stab,Right
1708334577961,0.638304,-0.069784,-0.97844,-7.14,1.68,6.79,Stab,Right
1708334577961,0.711504,-0.036112,-0.963312,-1.68,-5.32,1.33,Stab,Right
1708334577961,0.727608,-0.00976,-0.9028,-3.57,-2.52,-6.02,Stab,Right
1708334578006,0.652456,-0.03172,-0.847168,-13.23,8.82,-17.01,Stab,Right
1708334578007,0.576328,-0.1098,-0.793976,-22.4,19.39,-22.47,Stab,Right
1708334578007,0.548512,-0.162992,-0.777872,-24.43,27.86,-18.06,Stab,Right
1708334578066,0.554368,-0.133224,-0.842776,-17.01,27.02,-10.29,Stab,Right
1708334578066,0.591456,-0.064416,-0.913048,-7.07,14.35,1.82,Stab,Right
1708334578118,0.629032,0.018544,-0.918416,1.61,-3.36,6.72,Stab,Right
1708334578118,0.601704,0.064904,-0.841312,0.63,-11.83,0.63,Stab,Right
1708334578118,0.591456,0.030256,-0.759816,-12.39,-11.97,-17.22,Stab,Right
1708334578118,0.731024,-0.668072,-1.040416,142.38,133.42,31.71,Stab,Right
1708334578165,0.806176,-0.124928,-0.615368,-4.34,-66.29,14.84,Stab,Right
1708334578165,0.774944,-0.050264,-0.660752,12.67,10.08,30.31,Stab,Right
1708334578165,0.162992,-0.303048,-1.693848,22.26,41.37,44.24,Stab,Right
1708334578209,0.757864,0.062952,-0.706136,-3.36,-3.99,27.02,Stab,Right
1708334578210,0.481168,0.0488,-0.863272,-5.6,3.99,8.75,Stab,Right
1708334578259,0.510936,-0.119072,-0.833016,-0.21,-0.98,-5.39,Stab,Right
1708334578264,0.530456,-0.177144,-0.826184,5.81,-2.87,-12.95,Stab,Right
1708334578264,0.538752,-0.178608,-0.801784,11.55,-4.69,-21.49,Stab,Right
1708334578305,0.589504,-0.094672,-0.767624,14.14,-5.39,-23.52,Stab,Right
1708334578305,0.61,-0.01708,-0.782752,4.34,-2.45,-6.3,Stab,Right
1708334578305,0.552904,-0.1464,-0.794464,-0.84,-0.63,-2.03,Stab,Right
1708334578357,0.549488,-0.157136,-0.815448,-2.24,-0.63,-1.4,Stab,Right
1708334578357,0.559736,-0.155184,-0.81252,-0.98,-1.26,-2.24,Stab,Right
1708334578357,0.560712,-0.145912,-0.79544,-1.19,-0.77,-2.31,Stab,Right
1708334578438,0.560224,-0.146888,-0.793,-0.98,-0.84,-2.24,Stab,Right
1708334578439,0.566568,-0.147864,-0.81008,-1.05,-0.84,-2.24,Stab,Right
1708334578439,0.562176,-0.14884,-0.804712,-1.12,-0.84,-2.24,Stab,Right
1708334578440,0.556808,-0.145424,-0.803736,-1.05,-0.91,-2.24,Stab,Right
1708334578440,0.569984,-0.148352,-0.79056,-1.05,-0.77,-2.17,Stab,Right
1708334578491,0.564128,-0.145912,-0.803248,-1.33,-0.98,-2.38,Stab,Right
1708334578492,0.563152,-0.15128,-0.81008,-1.19,-0.91,-2.38,Stab,Right
1708334578492,0.560224,-0.155184,-0.81252,-1.33,-0.98,-2.17,Stab,Right
1708334578541,0.557784,-0.149816,-0.803248,-1.12,-0.98,-2.38,Stab,Right
1708334578541,0.565104,-0.142008,-0.804712,-1.4,-0.77,-2.31,Stab,Right
1708334578541,0.566568,-0.144936,-0.807152,-0.98,-0.91,-2.17,Stab,Right
1708334578643,0.56364,-0.14884,-0.808128,-0.91,-0.98,-2.31,Stab,Right
1708334578645,0.56364,-0.145912,-0.800808,-0.98,-0.91,-2.31,Stab,Right
1708334578645,0.561688,-0.152256,-0.809592,-1.12,-0.77,-2.31,Stab,Right
1708334578645,0.561688,-0.150304,-0.809592,-0.98,-0.91,-2.17,Stab,Right
1708334578645,0.55876,-0.149816,-0.803736,-1.05,-0.98,-2.38,Stab,Right
1708334578645,0.565592,-0.142984,-0.803248,-1.26,-0.84,-2.24,Stab,Right
1708334578701,0.565592,-0.144448,-0.803736,-0.98,-0.91,-2.24,Stab,Right
1708334578702,0.559248,-0.148352,-0.8052,-0.98,-0.77,-2.24,Stab,Right
1708334578702,0.559248,-0.150304,-0.804712,-1.12,-0.98,-2.38,Stab,Right
1708334578753,0.559736,-0.154208,-0.80276,-1.12,-0.77,-2.17,Stab,Right
1708334578753,0.571448,-0.145912,-0.804712,-1.33,-0.77,-2.24,Stab,Right
1708334578753,0.563152,-0.145912,-0.799344,-1.05,-0.77,-2.24,Stab,Right
1708334578799,0.559248,-0.152256,-0.81008,-0.91,-0.98,-2.24,Stab,Right
1708334578800,0.565592,-0.144936,-0.8052,-1.19,-0.77,-2.38,Stab,Right
1708334578800,0.561688,-0.1464,-0.808616,-0.98,-0.56,-2.31,Stab,Right
1708334578847,0.563152,-0.144936,-0.804712,-1.26,-0.91,-2.24,Stab,Right
1708334578847,0.55876,-0.1464,-0.798368,-1.05,-0.98,-2.45,Stab,Right
1708334578847,0.567544,-0.149816,-0.8052,-1.33,-0.77,-2.24,Stab,Right
1708334578893,0.564616,-0.147376,-0.799832,-1.05,-1.05,-2.31,Stab,Right
1708334578893,0.5612,-0.147864,-0.806664,-0.91,-1.05,-2.31,Stab,Right
1708334578893,0.565592,-0.159088,-0.808128,-1.12,-0.98,-2.17,Stab,Right
1708334578939,0.596336,-0.12688,-0.805688,-0.56,-2.73,-1.82,Stab,Right
1708334578939,0.54168,-0.144448,-0.804712,-1.33,0.0,-2.52,Stab,Right
1708334578986,0.552904,-0.142496,-0.804224,-1.19,-1.75,-2.24,Stab,Right
1708334578987,0.561688,-0.148352,-0.804224,-1.4,2.03,-2.94,Stab,Right
1708334578987,0.57096,-0.147864,-0.800808,-1.26,0.21,-2.59,Stab,Right
1708334579033,0.5612,-0.143472,-0.794952,-1.47,-0.56,-2.52,Stab,Right
1708334579033,0.55876,-0.150792,-0.804712,-0.63,-1.12,-2.17,Stab,Right
1708334579034,0.56852,-0.144448,-0.801784,-1.12,-0.63,-2.38,Stab,Right
1708334579082,0.562664,-0.155672,-0.809104,-0.63,-1.33,-1.96,Stab,Right
1708334579083,0.561688,-0.149328,-0.8052,-1.05,-0.84,-2.31,Stab,Right
1708334579083,0.557296,-0.051728,-0.831064,-0.28,-1.12,-4.13,Stab,Right
1708334579128,0.569008,-0.030256,-0.821304,2.31,-1.47,-8.68,Stab,Right
1708334579128,0.5856,-0.010248,-0.837896,-0.49,1.19,-19.25,Stab,Right
1708334579189,0.615856,-0.077592,-0.821304,-21.77,-29.12,-26.6,Stab,Right
1708334579189,0.71736,-0.216184,-0.953064,-7.77,-18.76,-14.0,Stab,Right
1708334579189,0.722728,-0.238144,-0.957456,2.52,-19.95,1.68,Stab,Right
1708334579240,0.738344,-0.237656,-0.998448,19.74,-25.34,15.82,Stab,Right
1708334579241,0.723216,-0.19764,-0.99064,34.93,-28.28,28.7,Stab,Right
1708334579241,0.691984,-0.146888,-0.964776,45.43,-29.96,34.44,Stab,Right
1708334579241,0.664168,-0.108336,-0.917928,50.19,-31.08,34.23,Stab,Right
1708334579395,0.63196,-0.105896,-0.872544,47.95,-28.35,31.43,Stab,Right
1708334579395,0.559736,-0.11956,-0.823256,42.91,-24.64,27.3,Stab,Right
1708334579396,0.569984,-0.149328,-0.840824,37.45,-23.1,24.22,Stab,Right
1708334579396,0.558272,-0.167872,-0.922808,35.21,-21.7,25.13,Stab,Right
1708334579396,0.50996,-0.179096,-0.952088,34.51,-26.18,23.17,Stab,Right
1708334579396,0.501176,-0.19276,-0.935496,34.23,-33.32,20.65,Stab,Right
1708334579396,0.523136,-0.203008,-0.879376,34.44,-35.35,20.58,Stab,Right
1708334579470,0.51484,-0.214232,-0.854,30.59,-31.78,19.25,Stab,Right
1708334579470,0.493368,-0.24644,-0.83448,25.9,-26.6,15.4,Stab,Right
1708334579470,0.421144,-0.313784,-0.852048,21.84,-24.15,13.72,Stab,Right
1708334579471,0.38796,-0.35624,-0.854488,24.71,-30.87,15.12,Stab,Right
1708334579471,0.392352,-0.362096,-0.823744,28.63,-37.87,16.8,Stab,Right
1708334579471,0.40504,-0.362096,-0.796416,31.29,-38.29,16.03,Stab,Right
1708334579516,0.432856,-0.362584,-0.792024,32.27,-36.05,17.43,Stab,Right
1708334579517,0.442616,-0.374296,-0.811056,33.25,-30.52,21.49,Stab,Right
1708334579517,0.424072,-0.338184,-0.793,33.53,-25.13,25.9,Stab,Right
1708334579562,0.394792,-0.326472,-0.77836,29.33,-17.64,29.19,Stab,Right
1708334579563,0.34892,-0.33916,-0.786656,23.59,-11.76,28.98,Stab,Right
1708334579563,0.294264,-0.37088,-0.778848,17.43,-9.45,31.57,Stab,Right
1708334579607,0.264008,-0.411384,-0.770064,14.56,-8.33,34.51,Stab,Right
1708334579607,0.241072,-0.435784,-0.771528,14.91,-11.48,35.14,Stab,Right
1708334579607,0.24644,-0.449936,-0.7564,16.24,-15.54,32.69,Stab,Right
1708334579652,0.259616,-0.464576,-0.775432,18.27,-17.85,29.19,Stab,Right
1708334579653,0.27084,-0.465552,-0.796904,21.56,-19.39,25.41,Stab,Right
1708334579703,0.26108,-0.472872,-0.792024,24.64,-21.0,23.87,Stab,Right
1708334579703,0.257664,-0.460672,-0.770552,25.27,-20.65,23.94,Stab,Right
1708334579703,0.238144,-0.470432,-0.755912,23.94,-18.9,24.85,Stab,Right
1708334579749,0.20008,-0.47336,-0.748104,21.84,-19.25,27.02,Stab,Right
1708334579749,0.1952,-0.465552,-0.748592,18.76,-18.27,26.18,Stab,Right
1708334579750,0.186904,-0.477264,-0.763232,17.57,-17.99,24.78,Stab,Right
1708334579795,0.197152,-0.469944,-0.769088,16.87,-17.92,21.56,Stab,Right
1708334579795,0.194224,-0.48556,-0.774456,15.26,-17.78,19.04,Stab,Right
1708334579795,0.185928,-0.499224,-0.78568,13.65,-18.2,15.82,Stab,Right
1708334579850,0.16836,-0.516304,-0.797392,12.67,-19.74,11.9,Stab,Right
1708334579855,0.158112,-0.517768,-0.778848,12.39,-21.28,9.31,Stab,Right
1708334579887,0.145912,-0.532408,-0.74908,11.55,-21.0,8.4,Stab,Right
1708334579887,0.140056,-0.530944,-0.737856,11.62,-20.65,8.61,Stab,Right
1708334579887,0.196176,-0.531432,-0.7442,10.57,-18.41,9.87,Stab,Right
1708334579932,0.203984,-0.520208,-0.772504,9.87,-13.23,9.31,Stab,Right
1708334579932,0.182512,-0.520696,-0.785192,9.38,-9.66,6.93,Stab,Right
1708334579932,0.157136,-0.526552,-0.803248,8.96,-10.43,4.9,Stab,Right
1708334579980,0.144448,-0.515816,-0.792512,8.82,-12.6,2.24,Stab,Right
1708334579980,0.162016,-0.503128,-0.758352,5.74,-10.57,-0.07,Stab,Right
1708334579980,0.164456,-0.508984,-0.762744,1.82,-7.98,0.14,Stab,Right
1708334580025,0.177144,-0.527528,-0.782752,0.49,-5.53,3.71,Stab,Right
1708334580025,0.167384,-0.55144,-0.788608,0.77,-2.8,5.74,Stab,Right
1708334580074,0.151768,-0.549,-0.799344,2.1,-2.87,6.93,Stab,Right
1708334580074,0.137128,-0.5246,-0.793976,3.5,-4.83,4.34,Stab,Right
1708334580074,0.115656,-0.518256,-0.769088,1.47,-5.6,-2.17,Stab,Right
1708334580121,0.138104,-0.5124,-0.75396,-3.01,-5.25,-6.3,Stab,Right
1708334580121,0.162504,-0.519232,-0.752008,-7.77,-0.84,-9.59,Stab,Right
1708334580121,0.16836,-0.502152,-0.75396,-11.97,7.63,-12.46,Stab,Right
1708334580166,0.209352,-0.491416,-0.771528,-16.45,13.51,-12.95,Stab,Right
1708334580166,0.240584,-0.508008,-0.808616,-20.23,18.9,-10.57,Stab,Right
1708334580167,0.209352,-0.538752,-0.83692,-19.74,23.73,-6.86,Stab,Right
1708334580215,0.156648,-0.551928,-0.81496,-17.22,24.43,-4.13,Stab,Right
1708334580215,0.112728,-0.55144,-0.76372,-15.19,21.98,-4.76,Stab,Right
1708334580263,0.096624,-0.519232,-0.720776,-15.96,20.44,-8.4,Stab,Right
1708334580263,0.111752,-0.488488,-0.688568,-22.19,21.98,-16.45,Stab,Right
1708334580263,0.155672,-0.477752,-0.69296,-30.03,27.09,-24.01,Stab,Right
1708334580386,0.170312,-0.499224,-0.727608,-36.68,32.69,-27.58,Stab,Right
1708334580386,0.176168,-0.514352,-0.767624,-39.83,36.26,-28.35,Stab,Right
1708334580386,0.169336,-0.541192,-0.807152,-38.08,36.54,-26.53,Stab,Right
1708334580387,0.140056,-0.540704,-0.799344,-31.64,32.34,-21.35,Stab,Right
1708334580387,0.153232,-0.508496,-0.757864,-27.09,24.57,-18.62,Stab,Right
1708334580387,0.193736,-0.450912,-0.725656,-26.74,22.75,-17.43,Stab,Right
1708334580387,0.23424,-0.420168,-0.7198,-30.31,25.83,-20.51,Stab,Right
1708334580429,0.25376,-0.420168,-0.721752,-35.77,32.2,-23.87,Stab,Right
1708334580429,0.243024,-0.407968,-0.738832,-39.83,37.94,-29.75,Stab,Right
1708334580430,0.261568,-0.392352,-0.783728,-42.0,37.52,-35.14,Stab,Right
1708334580475,0.30988,-0.3782,-0.814472,-42.63,33.32,-37.1,Stab,Right
1708334580476,0.337208,-0.372832,-0.847168,-40.81,28.56,-36.75,Stab,Right
1708334580476,0.333304,-0.384056,-0.852048,-39.55,24.64,-35.42,Stab,Right
1708334580522,0.287432,-0.394792,-0.833992,-37.38,21.49,-35.07,Stab,Right
1708334580523,0.313296,-0.368928,-0.793976,-35.63,18.34,-35.0,Stab,Right
1708334580568,0.357704,-0.311832,-0.803736,-35.14,16.52,-33.81,Stab,Right
1708334580569,0.457256,-0.269376,-0.83448,-35.0,14.98,-30.38,Stab,Right
1708334580569,0.49532,-0.258152,-0.874496,-34.02,16.73,-27.23,Stab,Right
1708334580622,0.50752,-0.264984,-0.8784,-31.36,22.96,-26.25,Stab,Right
1708334580623,0.459208,-0.261568,-0.879864,-29.26,28.56,-26.95,Stab,Right
1708334580623,0.422608,-0.262056,-0.857904,-28.98,27.51,-27.72,Stab,Right
1708334580691,0.403088,-0.274256,-0.841312,-28.21,23.31,-26.46,Stab,Right
1708334580691,0.428952,-0.264984,-0.827648,-24.43,17.64,-23.31,Stab,Right
1708334580692,0.47824,-0.22448,-0.82472,-20.86,13.58,-18.83,Stab,Right
1708334580692,0.532896,-0.20008,-0.83448,-20.23,13.93,-17.57,Stab,Right
1708334580743,0.53192,-0.181536,-0.840824,-20.16,18.48,-19.39,Stab,Right
1708334580743,0.528504,-0.192272,-0.842776,-20.86,21.0,-22.47,Stab,Right
1708334580743,0.554368,-0.19276,-0.831552,-20.44,21.35,-19.04,Stab,Right
1708334580786,0.564128,-0.20252,-0.823256,-20.37,23.45,-12.18,Stab,Right
1708334580786,0.547536,-0.198616,-0.831552,-19.88,26.74,-6.58,Stab,Right
1708334580786,0.521184,-0.183488,-0.847656,-19.67,28.14,-6.16,Stab,Right
1708334580831,0.482144,-0.167872,-0.84912,-19.11,24.5,-11.97,Stab,Right
1708334580833,0.506544,-0.13908,-0.850584,-17.01,15.4,-17.5,Stab,Right
1708334580883,0.579744,-0.110776,-0.854,-14.84,7.28,-19.95,Stab,Right
1708334580883,0.62708,-0.09516,-0.897432,-13.65,2.59,-20.51,Stab,Right
1708334580884,0.660264,-0.080032,-0.900848,-14.49,0.56,-21.84,Stab,Right
1708334580932,0.677344,-0.093208,-0.881816,-17.78,3.92,-22.61,Stab,Right
1708334580933,0.510936,-0.132248,-0.850096,-22.05,10.71,-21.98,Stab,Right
1708334580933,0.61,-0.166408,-0.830576,-21.49,13.86,-16.31,Stab,Right
1708334581003,0.617808,-0.166408,-0.82228,-18.97,16.52,-6.65,Stab,Right
1708334581004,0.616344,-0.150304,-0.865224,-15.05,19.67,0.91,Stab,Right
1708334581004,0.587552,-0.116144,-0.89304,-8.4,18.34,1.89,Stab,Right
1708334581004,0.561688,-0.08296,-0.896456,-5.67,10.85,-2.1,Stab,Right
1708334581053,0.581208,-0.060512,-0.867176,-3.36,0.63,-8.96,Stab,Right
1708334581054,0.615856,-0.052704,-0.830576,-3.99,-5.95,-11.83,Stab,Right
1708334581054,0.620248,-0.057584,-0.81496,-7.21,-4.76,-12.88,Stab,Right
1708334581178,0.49776,-0.350384,-1.147776,93.52,102.06,46.9,Stab,Right
1708334581178,0.69784,-0.078568,-0.676856,9.73,-36.4,9.31,Stab,Right
1708334581178,0.561688,-0.066368,-0.71004,14.14,0.56,17.5,Stab,Right
1708334581178,0.737368,-0.11712,-1.067256,0.28,17.29,-4.27,Stab,Right
1708334581178,0.543144,-0.148352,-0.8174,1.26,16.59,-6.3,Stab,Right
1708334581178,0.50264,-0.172264,-0.806664,3.15,-1.4,-8.54,Stab,Right
1708334581178,0.513864,-0.174216,-0.790072,3.78,-1.68,-10.15,Stab,Right
1708334581306,0.540704,-0.151768,-0.812032,5.18,-2.8,-11.76,Stab,Right
1708334581306,0.576816,-0.118096,-0.814472,8.33,-4.06,-15.89,Stab,Right
1708334581307,0.637328,-0.085888,-0.768112,6.86,-3.22,-12.46,Stab,Right
1708334581307,0.610488,-0.249856,-0.792512,0.91,-1.19,-3.15,Stab,Right
1708334581307,0.548512,-0.139568,-0.79788,-0.98,-1.12,-2.24,Stab,Right
1708334581307,0.57096,-0.145424,-0.805688,-1.33,-0.77,-2.31,Stab,Right
1708334581308,0.566568,-0.157136,-0.819352,-1.05,-0.7,-2.24,Stab,Right
1708334581308,0.557784,-0.15616,-0.81252,-1.4,-0.84,-2.38,Stab,Right
1708334581408,0.560224,-0.147864,-0.803736,-1.05,-0.84,-2.03,Stab,Right
1708334581408,0.563152,-0.143472,-0.794952,-1.33,-0.91,-2.45,Stab,Right
1708334581408,0.562176,-0.150304,-0.807152,-0.98,-0.98,-2.17,Stab,Right
1708334581408,0.557296,-0.15616,-0.80764,-0.84,-0.84,-2.03,Stab,Right
1708334581408,0.562176,-0.145912,-0.804712,-1.12,-0.91,-2.38,Stab,Right
1708334581408,0.553392,-0.144936,-0.792024,-1.05,-0.91,-2.31,Stab,Right
1708334581461,0.55876,-0.1464,-0.80032,-1.33,-0.91,-2.24,Stab,Right
1708334581463,0.567056,-0.147376,-0.804224,-0.98,-1.05,-2.17,Stab,Right
1708334581465,0.562176,-0.1464,-0.799344,-1.12,-0.91,-2.24,Stab,Right
1708334581582,0.563152,-0.1464,-0.806176,-1.05,-0.77,-2.1,Stab,Right
1708334581582,0.565104,-0.147376,-0.802272,-0.91,-0.98,-2.24,Stab,Right
1708334581582,0.564616,-0.143472,-0.805688,-1.33,-0.77,-2.24,Stab,Right
1708334581583,0.564128,-0.144448,-0.804712,-0.91,-1.05,-2.1,Stab,Right
1708334581583,0.564616,-0.146888,-0.808128,-1.19,-0.98,-2.38,Stab,Right
1708334581584,0.564128,-0.144448,-0.806664,-1.05,-0.91,-2.24,Stab,Right
1708334581584,0.55876,-0.150792,-0.803736,-0.91,-0.84,-2.31,Stab,Right
1708334581715,0.559736,-0.148352,-0.81008,-0.98,-0.77,-2.45,Stab,Right
1708334581716,0.565104,-0.143472,-0.806176,-1.05,-0.84,-2.38,Stab,Right
1708334581716,0.562176,-0.149816,-0.807152,-1.19,-0.84,-2.24,Stab,Right
1708334581716,0.5612,-0.14884,-0.800808,-1.05,-0.98,-2.03,Stab,Right
1708334581716,0.556808,-0.155184,-0.808616,-1.33,-0.7,-2.31,Stab,Right
1708334581716,0.56364,-0.14884,-0.800808,-1.12,-0.91,-2.31,Stab,Right
1708334581716,0.559736,-0.153232,-0.811544,-1.05,-0.91,-2.24,Stab,Right
1708334581716,0.561688,-0.145912,-0.80032,-1.12,-0.98,-2.17,Stab,Right
1708334581767,0.567056,-0.144936,-0.80032,-1.19,-0.84,-2.24,Stab,Right
1708334581767,0.565592,-0.14884,-0.809592,-1.05,-0.98,-2.17,Stab,Right
1708334581768,0.555344,-0.150792,-0.808128,-1.12,-0.84,-2.17,Stab,Right
1708334581888,0.562176,-0.149328,-0.807152,-1.12,-0.91,-2.31,Stab,Right
1708334581888,0.562176,-0.145912,-0.806664,-1.26,-0.91,-2.1,Stab,Right
1708334581888,0.56608,-0.147376,-0.801784,-0.91,-0.98,-2.24,Stab,Right
1708334581888,0.569496,-0.1464,-0.799344,-1.19,-0.77,-2.17,Stab,Right
1708334581889,0.559736,-0.151768,-0.808128,-0.91,-0.98,-2.1,Stab,Right
1708334581889,0.565104,-0.144448,-0.80276,-1.05,-0.84,-2.38,Stab,Right
1708334581889,0.561688,-0.146888,-0.80276,-1.4,-0.77,-2.24,Stab,Right
1708334581934,0.565104,-0.144448,-0.79788,-0.91,-0.91,-2.38,Stab,Right
1708334581934,0.562176,-0.146888,-0.80764,-1.19,-0.91,-2.24,Stab,Right
1708334581935,0.564616,-0.146888,-0.803248,-0.98,-1.12,-2.24,Stab,Right
1708334581982,0.561688,-0.146888,-0.806664,-1.26,-1.12,-2.17,Stab,Right
1708334581990,0.558272,-0.15128,-0.807152,-0.98,-0.7,-2.24,Stab,Right
1708334581991,0.562176,-0.149816,-0.809592,-1.12,-0.84,-2.24,Stab,Right
1708334582027,0.565592,-0.144936,-0.799832,-1.47,-0.91,-2.17,Stab,Right
1708334582028,0.562664,-0.144448,-0.803736,-1.19,-0.84,-2.31,Stab,Right
1708334582028,0.563152,-0.1464,-0.802272,-0.98,-0.98,-2.1,Stab,Right
1708334582073,0.559248,-0.150304,-0.809104,-0.84,-0.84,-2.31,Stab,Right
1708334582075,0.562176,-0.149816,-0.80764,-1.19,-0.77,-2.17,Stab,Right
1708334582125,0.567056,-0.149328,-0.800808,-1.05,-0.84,-2.24,Stab,Right
1708334582126,0.567544,-0.148352,-0.801784,-0.98,-0.91,-2.17,Stab,Right
1708334582128,0.561688,-0.147864,-0.803736,-1.26,-0.91,-2.24,Stab,Right
1708334582229,0.562664,-0.149816,-0.809592,-1.05,-0.98,-2.31,Stab,Right
1708334582229,0.55876,-0.145424,-0.80276,-0.98,-0.91,-2.31,Stab,Right
1708334582230,0.563152,-0.149816,-0.80764,-0.98,-1.05,-2.24,Stab,Right
1708334582230,0.56608,-0.147376,-0.803248,-1.26,-0.84,-2.31,Stab,Right
1708334582231,0.56364,-0.147376,-0.800808,-1.19,-0.98,-2.17,Stab,Right
1708334582231,0.56364,-0.147376,-0.803736,-0.98,-0.91,-2.17,Stab,Right
1708334582278,0.564616,-0.149816,-0.809592,-0.98,-1.05,-2.38,Stab,Right
1708334582278,0.564616,-0.145912,-0.808128,-1.12,-0.84,-2.03,Stab,Right
1708334582279,0.568032,-0.144936,-0.799344,-0.98,-0.84,-2.17,Stab,Right
1708334582321,0.565104,-0.146888,-0.806176,-1.19,-0.77,-2.24,Stab,Right
1708334582322,0.564128,-0.148352,-0.801784,-1.05,-0.91,-2.24,Stab,Right
1708334582322,0.568032,-0.146888,-0.80032,-1.12,-0.84,-2.31,Stab,Right
1708334582371,0.56608,-0.147864,-0.799832,-1.12,-0.84,-2.24,Stab,Right
1708334582371,0.559248,-0.153232,-0.808616,-1.12,-0.98,-2.31,Stab,Right
1708334582371,0.563152,-0.15128,-0.809592,-1.19,-0.84,-2.24,Stab,Right
1708334582418,0.558272,-0.1464,-0.801784,-1.33,-1.12,-2.24,Stab,Right
1708334582419,0.565592,-0.1464,-0.799344,-0.91,-0.84,-2.38,Stab,Right
1708334582419,0.561688,-0.147864,-0.80276,-0.98,-1.05,-2.17,Stab,Right
1708334582465,0.557784,-0.151768,-0.806664,-0.98,-0.91,-2.38,Stab,Right
1708334582465,0.559736,-0.146888,-0.806176,-0.98,-0.84,-2.17,Stab,Right
1708334582512,0.564616,-0.14884,-0.801784,-1.12,-0.7,-2.24,Stab,Right
1708334582518,0.558272,-0.1464,-0.804712,-0.98,-0.91,-2.17,Stab,Right
1708334582519,0.560224,-0.146888,-0.804712,-1.12,-1.05,-2.17,Stab,Right
1708334582566,0.560224,-0.15372,-0.81008,-0.98,-0.84,-2.31,Stab,Right
1708334582566,0.5612,-0.148352,-0.805688,-1.26,-0.77,-2.24,Stab,Right
1708334582566,0.565592,-0.145424,-0.801296,-1.12,-0.91,-2.24,Stab,Right
1708334582638,0.568032,-0.143472,-0.804224,-1.12,-0.84,-2.17,Stab,Right
1708334582639,0.562176,-0.14884,-0.802272,-1.12,-0.98,-2.24,Stab,Right
1708334582639,0.561688,-0.149816,-0.808128,-1.19,-0.84,-2.31,Stab,Right
1708334582639,0.557784,-0.152256,-0.808616,-1.12,-0.84,-2.38,Stab,Right
1708334582684,0.565104,-0.1464,-0.804224,-1.19,-0.7,-2.17,Stab,Right
1708334582684,0.560224,-0.152744,-0.808616,-1.19,-0.91,-2.52,Stab,Right
1708334582685,0.55388,-0.156648,-0.805688,-1.12,-0.84,-2.1,Stab,Right
1708334582732,0.56364,-0.15128,-0.808616,-1.47,-1.19,-2.31,Stab,Right
1708334582732,0.560224,-0.149816,-0.810568,-0.91,-0.77,-2.24,Stab,Right
1708334582732,0.56608,-0.142984,-0.807152,-1.12,-0.84,-2.17,Stab,Right
1708334582778,0.56608,-0.147376,-0.801296,-1.12,-1.05,-2.1,Stab,Right
1708334582778,0.564616,-0.14152,-0.805688,-0.98,-0.91,-2.03,Stab,Right
1708334582779,0.516304,-0.089304,-0.847168,0.77,-1.82,-6.44,Stab,Right
1708334582822,0.568032,-0.076128,-0.806664,7.91,-4.13,-16.94,Stab,Right
1708334582823,0.618784,-0.121024,-0.772992,8.54,-3.85,-16.1,Stab,Right
1708334582823,0.61244,-0.127856,-0.744688,4.34,-2.17,-11.13,Stab,Right
1708334582871,0.66368,-0.06344,-0.750544,-7.07,2.87,-0.42,Stab,Right
1708334582872,0.7198,-0.053192,-0.734928,-22.47,7.21,-5.95,Stab,Right
1708334582919,0.694424,0.020496,-0.680272,-31.15,15.33,-5.46,Stab,Right
1708334582919,0.579744,-0.193248,-0.953064,-24.43,17.36,-6.3,Stab,Right
1708334582919,0.560712,-0.219112,-1.022848,-8.4,2.03,-2.1,Stab,Right
1708334582981,0.603168,-0.187392,-0.977952,8.89,-18.69,3.85,Stab,Right
1708334582981,0.669048,-0.128832,-0.889624,18.97,-28.21,7.49,Stab,Right
1708334582982,0.720776,-0.070272,-0.823744,26.88,-24.01,11.76,Stab,Right
1708334583108,0.730048,-0.047336,-0.843264,22.89,-13.23,16.1,Stab,Right
1708334583108,0.71736,-0.051728,-0.865224,16.38,-5.11,14.42,Stab,Right
1708334583108,0.672464,-0.128832,-0.924272,13.65,-1.61,15.75,Stab,Right
1708334583108,0.611464,-0.18788,-0.987712,19.18,-8.54,23.03,Stab,Right
1708334583108,0.547536,-0.237656,-0.989664,29.05,-24.36,29.26,Stab,Right
1708334583108,0.542168,-0.244488,-0.940376,41.37,-40.88,34.16,Stab,Right
1708334583109,0.553392,-0.2074,-0.863272,51.31,-47.46,36.19,Stab,Right
1708334583235,0.574376,-0.177632,-0.80276,51.17,-44.24,32.41,Stab,Right
1708334583236,0.580232,-0.178608,-0.821792,43.82,-35.98,27.3,Stab,Right
1708334583236,0.555344,-0.202032,-0.848144,39.97,-29.68,23.31,Stab,Right
1708334583236,0.508008,-0.225944,-0.865712,34.51,-27.86,20.44,Stab,Right
1708334583238,0.451888,-0.27328,-0.886208,30.17,-32.34,18.97,Stab,Right
1708334583238,0.423584,-0.35624,-0.905728,33.04,-41.3,21.07,Stab,Right
1708334583238,0.417728,-0.399672,-0.892064,41.79,-48.86,26.74,Stab,Right
1708334583238,0.435784,-0.382592,-0.865712,49.49,-53.55,32.97,Stab,Right
1708334583288,0.449448,-0.376248,-0.834968,52.85,-51.8,38.5,Stab,Right
1708334583289,0.4392,-0.343064,-0.79788,53.9,-46.62,40.11,Stab,Right
1708334583289,0.403088,-0.33916,-0.793976,51.1,-40.11,38.78,Stab,Right
1708334583289,0.360632,-0.34404,-0.794464,46.27,-35.98,35.84,Stab,Right
1708334583337,0.297192,-0.367464,-0.784704,42.63,-33.04,32.76,Stab,Right
1708334583338,0.264984,-0.403576,-0.781776,39.06,-34.37,28.35,Stab,Right
1708334583338,0.265472,-0.43676,-0.77104,39.27,-35.56,26.25,Stab,Right
1708334583384,0.274256,-0.455304,-0.770064,40.04,-35.07,25.83,Stab,Right
1708334583384,0.124928,-0.465552,-0.768112,40.04,-34.51,24.85,Stab,Right
1708334583428,0.250344,-0.47092,-0.75396,39.13,-34.44,24.22,Stab,Right
1708334583428,0.235216,-0.4636,-0.765672,36.75,-33.74,24.5,Stab,Right
1708334583428,0.231312,-0.452376,-0.774456,33.46,-32.97,24.01,Stab,Right
1708334583478,0.216184,-0.466528,-0.77592,29.26,-32.55,23.38,Stab,Right
1708334583478,0.198616,-0.489464,-0.762744,26.67,-32.06,23.17,Stab,Right
1708334583478,0.194712,-0.517768,-0.769088,26.25,-31.85,22.89,Stab,Right
1708334583568,0.19032,-0.545584,-0.766648,27.86,-31.29,22.82,Stab,Right
1708334583568,0.165432,-0.554368,-0.750544,29.54,-30.8,23.66,Stab,Right
1708334583568,0.143472,-0.523624,-0.72712,28.7,-31.71,21.42,Stab,Right
1708334583572,0.152256,-0.502152,-0.710528,23.66,-29.4,15.4,Stab,Right
1708334583572,0.13176,-0.511912,-0.7198,16.17,-24.29,7.56,Stab,Right
1708334583661,0.111752,-0.530456,-0.71248,8.33,-20.16,1.68,Stab,Right
1708334583661,0.123952,-0.569496,-0.721264,4.2,-17.08,0.28,Stab,Right
1708334583662,0.136152,-0.599752,-0.74664,3.92,-15.4,4.48,Stab,Right
1708334583662,0.126392,-0.643184,-0.769576,6.65,-14.21,10.78,Stab,Right
1708334583662,0.117608,-0.644648,-0.76616,13.02,-16.24,17.71,Stab,Right
1708334583662,0.110288,-0.59292,-0.74908,18.97,-17.22,19.88,Stab,Right
1708334583707,0.10492,-0.523624,-0.72224,0.49,-16.45,15.68,Stab,Right
1708334583708,0.095648,-0.503616,-0.717848,10.57,-13.65,7.56,Stab,Right
1708334583757,0.089304,-0.534848,-0.730048,1.68,-10.5,-1.47,Stab,Right
1708334583757,0.096136,-0.561688,-0.759816,-3.57,-8.82,-5.74,Stab,Right
1708334583757,0.079544,-0.604144,-0.791536,-3.36,-9.8,-5.53,Stab,Right
1708334583806,0.069296,-0.61976,-0.787144,-0.21,-13.79,-3.85,Stab,Right
1708334583806,0.093208,-0.625128,-0.782752,4.13,-15.12,1.05,Stab,Right
1708334583806,0.1098,-0.60756,-0.763232,7.56,-13.58,4.55,Stab,Right
1708334583932,0.10004,-0.581208,-0.744688,7.7,-9.94,4.97,Stab,Right
1708334583933,0.098576,-0.572912,-0.757376,7.0,-6.72,3.08,Stab,Right
1708334583933,0.0976,-0.58316,-0.767624,6.09,-4.97,1.54,Stab,Right
1708334583934,0.098088,-0.577792,-0.780312,4.13,-3.78,1.12,Stab,Right
1708334583934,0.115656,-0.587552,-0.804224,2.73,-4.83,2.8,Stab,Right
1708334583934,0.090768,-0.613416,-0.81252,5.53,-7.0,5.25,Stab,Right
1708334583934,0.05856,-0.627568,-0.79056,9.8,-9.31,5.81,Stab,Right
1708334583990,0.056608,-0.605608,-0.756888,11.83,-10.92,3.85,Stab,Right
1708334583990,0.050752,-0.579744,-0.728584,10.36,-9.59,-0.14,Stab,Right
1708334583990,0.067344,-0.577304,-0.7198,6.09,-6.93,-5.46,Stab,Right
1708334583990,0.067344,-0.603168,-0.718824,1.89,-3.43,-7.84,Stab,Right
1708334584037,0.083936,-0.604632,-0.716384,-0.84,1.4,-7.98,Stab,Right
1708334584037,0.10736,-0.589016,-0.740784,-3.92,5.74,-6.16,Stab,Right
1708334584037,0.127368,-0.567056,-0.766648,-7.63,10.36,-7.42,Stab,Right
1708334584166,0.106872,-0.600728,-0.811544,-9.87,13.23,-6.65,Stab,Right
1708334584167,0.062464,-0.61244,-0.809592,-6.79,8.68,-6.3,Stab,Right
1708334584167,0.055632,-0.61732,-0.783728,-3.85,2.8,-7.49,Stab,Right
1708334584167,0.079544,-0.587552,-0.755424,-1.61,-0.63,-8.82,Stab,Right
1708334584167,0.116632,-0.550464,-0.707112,-4.97,1.26,-11.41,Stab,Right
1708334584167,0.13908,-0.551928,-0.685152,-13.65,9.03,-15.75,Stab,Right
1708334584167,0.139568,-0.550952,-0.684176,-21.84,18.97,-18.76,Stab,Right
1708334584217,0.146888,-0.555832,-0.689544,-30.66,28.56,-21.91,Stab,Right
1708334584218,0.144936,-0.533872,-0.70272,-34.51,37.52,-25.27,Stab,Right
1708334584218,0.119072,-0.532408,-0.743712,-38.5,44.94,-28.0,Stab,Right
1708334584218,0.094184,-0.557784,-0.791048,-40.46,44.94,-29.89,Stab,Right
1708334584268,0.118096,-0.594384,-0.798368,-38.57,39.76,-28.42,Stab,Right
1708334584268,0.115168,-0.596336,-0.787632,-33.25,35.21,-24.36,Stab,Right
1708334584269,0.118096,-0.569496,-0.76128,-28.91,30.66,-20.51,Stab,Right
1708334584379,0.158112,-0.545584,-0.720776,-28.77,29.68,-19.81,Stab,Right
1708334584379,0.175192,-0.52704,-0.707112,-32.27,33.67,-23.31,Stab,Right
1708334584380,0.167872,-0.508496,-0.711992,-36.12,37.24,-26.88,Stab,Right
1708334584380,0.164944,-0.496784,-0.73932,-40.25,38.85,-30.66,Stab,Right
1708334584381,0.17568,-0.503128,-0.77592,-41.72,36.54,-33.18,Stab,Right
1708334584381,0.198128,-0.510936,-0.787632,-39.62,31.78,-33.32,Stab,Right
1708334584483,0.214232,-0.507032,-0.779824,-37.59,28.42,-31.22,Stab,Right
1708334584483,0.228872,-0.502152,-0.762744,-34.3,25.83,-29.61,Stab,Right
1708334584483,0.24888,-0.4758,-0.750544,-32.13,26.25,-27.93,Stab,Right
1708334584483,0.249856,-0.429928,-0.732,-32.34,28.14,-28.98,Stab,Right
1708334584483,0.269376,-0.390888,-0.734928,-36.82,29.26,-32.62,Stab,Right
1708334584484,0.305976,-0.371368,-0.743224,-41.02,33.11,-37.1,Stab,Right
1708334584527,0.325008,-0.38064,-0.757376,-45.78,38.29,-40.04,Stab,Right
1708334584528,0.321104,-0.401136,-0.767136,-44.8,41.09,-38.01,Stab,Right
1708334584528,0.334768,-0.39284,-0.767136,-42.77,40.39,-32.13,Stab,Right
1708334584580,0.33916,-0.386496,-0.796904,-40.81,38.78,-26.74,Stab,Right
1708334584580,0.346968,-0.354288,-0.82228,-37.59,35.14,-25.27,Stab,Right
1708334584581,0.360144,-0.312808,-0.813984,-35.28,29.47,-26.11,Stab,Right
1708334584689,0.379664,-0.257664,-0.814472,-36.05,24.71,-30.94,Stab,Right
1708334584689,0.43676,-0.226432,-0.835456,-38.15,19.46,-36.12,Stab,Right
1708334584689,0.493856,-0.208376,-0.816912,-41.51,17.43,-39.13,Stab,Right
1708334584689,0.540216,-0.240096,-0.82472,-45.78,20.93,-37.8,Stab,Right
1708334584689,0.547536,-0.28304,-0.831552,-45.71,29.33,-32.13,Stab,Right
1708334584690,0.515816,-0.283528,-0.861808,-40.74,33.88,-25.34,Stab,Right
1708334584794,0.488488,-0.26108,-0.890112,-34.23,31.08,-19.95,Stab,Right
1708334584794,0.487024,-0.226432,-0.904752,-29.33,23.52,-18.27,Stab,Right
1708334584794,0.500688,-0.191784,-0.9028,-25.76,13.44,-17.99,Stab,Right
1708334584795,0.54656,-0.173728,-0.88816,-24.99,4.76,-18.2,Stab,Right
1708334584795,0.59048,-0.157624,-0.896944,-24.29,2.03,-16.87,Stab,Right
1708334584795,0.619272,-0.162016,-0.883768,-22.82,3.99,-15.19,Stab,Right
1708334584850,0.624152,-0.154208,-0.874008,-23.24,7.91,-10.99,Stab,Right
1708334584850,0.618296,-0.147376,-0.873032,-22.05,12.67,-9.1,Stab,Right
1708334584851,0.599264,-0.135176,-0.889624,-21.91,13.72,-7.07,Stab,Right
1708334584921,0.580232,-0.128344,-0.914024,-20.79,10.43,-8.05,Stab,Right
1708334584921,0.590968,-0.122488,-0.933056,-19.39,3.15,-8.68,Stab,Right
1708334584921,0.613904,-0.130784,-0.933056,-15.4,-3.22,-8.26,Stab,Right
1708334584922,0.632448,-0.138592,-0.918904,-11.55,-7.07,-6.16,Stab,Right
1708334584994,0.624152,-0.142496,-0.894016,-5.6,-6.79,-2.38,Stab,Right
1708334584994,0.608536,-0.11712,-0.864736,-2.31,-5.18,1.82,Stab,Right
1708334584995,0.598776,-0.094184,-0.831552,-3.43,-1.33,3.08,Stab,Right
1708334584995,0.56852,-0.057584,-0.799832,-8.05,4.76,-0.28,Stab,Right
1708334584995,0.537288,-0.049288,-0.799344,-14.77,8.96,-6.79,Stab,Right
1708334585038,0.524112,-0.067344,-0.813008,-20.72,10.92,-14.56,Stab,Right
1708334585038,0.521672,-0.092232,-0.845216,-23.8,10.71,-22.4,Stab,Right
1708334585038,0.374296,-0.373808,-1.199016,64.26,108.99,7.07,Stab,Right
1708334585088,0.357704,-0.300608,-0.928176,-16.03,-4.06,-11.83,Stab,Right
1708334585088,0.579256,0.027328,-0.753472,-10.01,-28.0,5.88,Stab,Right
1708334585088,0.518256,-0.054168,-0.764208,-5.39,0.63,5.88,Stab,Right
1708334585136,0.473848,-0.197152,-0.907192,-1.96,15.12,-4.34,Stab,Right
1708334585136,0.50996,-0.193248,-0.837896,10.29,17.29,-2.1,Stab,Right
1708334585136,0.464576,-0.299632,-0.924272,2.24,10.71,-11.48,Stab,Right
1708334585272,0.570472,-0.120048,-0.77348,5.18,-7.49,-10.22,Stab,Right
1708334585272,0.601704,-0.11468,-0.777384,4.2,-2.73,-9.66,Stab,Right
1708334585272,0.596336,-0.05612,-0.781288,2.17,-1.61,-7.21,Stab,Right
1708334585273,0.609512,-0.079544,-0.791048,1.47,-1.96,-4.69,Stab,Right
1708334585273,0.582672,-0.14884,-0.813984,-0.91,-1.4,-2.17,Stab,Right
1708334585273,0.550464,-0.145424,-0.810568,-0.84,-3.99,-1.4,Stab,Right
1708334585274,0.569496,-0.151768,-0.805688,2.87,-0.42,-8.89,Stab,Right
1708334585330,0.555832,-0.128832,-0.813008,3.29,-2.17,-8.19,Stab,Right
1708334585330,0.56608,-0.142008,-0.806664,-1.61,-1.68,-1.96,Stab,Right
1708334585330,0.56608,-0.146888,-0.799832,-0.7,-0.21,-2.24,Stab,Right
1708334585385,0.567056,-0.151768,-0.813984,-1.12,-1.26,-2.17,Stab,Right
1708334585385,0.55388,-0.153232,-0.809592,-1.12,-0.77,-2.17,Stab,Right
1708334585385,0.559248,-0.152744,-0.806664,-1.05,-1.12,-2.31,Stab,Right
1708334585386,0.56852,-0.14884,-0.812032,-1.26,-0.7,-2.31,Stab,Right
1708334585435,0.560224,-0.147376,-0.8052,-1.47,-0.84,-2.38,Stab,Right
1708334585436,0.565104,-0.145912,-0.80032,-1.05,-0.84,-2.31,Stab,Right
1708334585436,0.555832,-0.14884,-0.800808,-1.19,-0.77,-2.31,Stab,Right
1708334585477,0.558272,-0.150792,-0.808128,-2.24,-0.77,-2.52,Stab,Right
1708334585478,0.562176,-0.149328,-0.80032,-1.12,-0.98,-2.24,Stab,Right
1708334585478,0.56364,-0.148352,-0.806664,-1.19,-1.05,-2.45,Stab,Right
1708334585526,0.562176,-0.147864,-0.80032,-0.91,-0.98,-2.17,Stab,Right
1708334585527,0.560224,-0.145424,-0.799832,-1.05,-0.77,-2.24,Stab,Right
1708334585527,0.564128,-0.149328,-0.808616,-1.26,-0.84,-2.31,Stab,Right
1708334585570,0.55876,-0.151768,-0.809104,-1.19,-0.77,-2.31,Stab,Right
1708334585571,0.561688,-0.154208,-0.80764,-1.19,-0.77,-2.17,Stab,Right
1708334585618,0.562664,-0.14884,-0.805688,-1.05,-1.05,-2.24,Stab,Right
1708334585620,0.569008,-0.142984,-0.798856,-1.05,-0.98,-2.24,Stab,Right
1708334585621,0.562664,-0.14884,-0.80764,-1.12,-0.91,-2.31,Stab,Right
1708334585666,0.560224,-0.149328,-0.809104,-0.84,-0.98,-2.24,Stab,Right
1708334585666,0.5612,-0.152744,-0.80764,-1.12,-0.91,-2.31,Stab,Right
1708334585666,0.564616,-0.144936,-0.799832,-1.26,-0.84,-2.24,Stab,Right
1708334585716,0.569984,-0.145424,-0.80032,-0.98,-0.98,-2.24,Stab,Right
1708334585716,0.565104,-0.1464,-0.80276,-1.33,-0.91,-2.24,Stab,Right
1708334585716,0.567056,-0.144936,-0.80276,-1.05,-0.91,-2.31,Stab,Right
1708334585770,0.564128,-0.142496,-0.804224,-1.05,-0.84,-2.24,Stab,Right
1708334585770,0.56364,-0.150792,-0.809592,-0.98,-0.91,-2.31,Stab,Right
1708334585843,0.560712,-0.144936,-0.80032,-1.05,-1.05,-2.24,Stab,Right
1708334585843,0.568032,-0.147864,-0.801784,-1.26,-0.84,-2.38,Stab,Right
1708334585843,0.565592,-0.147864,-0.806664,-1.05,-0.77,-2.45,Stab,Right
1708334585843,0.560224,-0.154208,-0.808128,-1.12,-1.12,-2.38,Stab,Right
1708334585916,0.561688,-0.152744,-0.811544,-1.05,-0.84,-2.24,Stab,Right
1708334585916,0.564128,-0.150304,-0.804712,-1.05,-0.77,-2.38,Stab,Right
1708334585916,0.564128,-0.144936,-0.801784,-1.33,-0.84,-2.45,Stab,Right
1708334585917,0.571936,-0.147376,-0.80032,-1.05,-0.91,-2.31,Stab,Right
1708334585917,0.562664,-0.152256,-0.806176,-1.26,-0.91,-2.31,Stab,Right
1708334585961,0.560224,-0.152256,-0.809592,-1.19,-1.05,-2.1,Stab,Right
1708334585961,0.560712,-0.143472,-0.80276,-0.98,-0.98,-2.38,Stab,Right
1708334585962,0.560712,-0.148352,-0.804224,-0.98,-0.91,-2.31,Stab,Right
1708334586006,0.560224,-0.148352,-0.803248,-1.19,-0.84,-2.38,Stab,Right
1708334586006,0.562664,-0.144936,-0.8052,-1.19,-0.91,-2.31,Stab,Right
1708334586007,0.562664,-0.145424,-0.805688,-0.98,-0.91,-2.17,Stab,Right
1708334586055,0.55876,-0.15128,-0.805688,-1.12,-0.91,-2.17,Stab,Right
1708334586056,0.567544,-0.147376,-0.801784,-1.05,-0.77,-2.31,Stab,Right
1708334586056,0.5612,-0.1464,-0.804712,-1.33,-0.7,-2.1,Stab,Right
1708334586098,0.566568,-0.147376,-0.804224,-1.12,-0.91,-2.24,Stab,Right
1708334586099,0.561688,-0.147864,-0.804712,-1.12,-0.84,-2.38,Stab,Right
1708334586153,0.559248,-0.148352,-0.805688,-1.12,-0.7,-2.31,Stab,Right
1708334586153,0.560224,-0.149328,-0.809104,-1.05,-0.84,-2.24,Stab,Right
1708334586153,0.562664,-0.146888,-0.806664,-1.12,-0.77,-2.31,Stab,Right
1708334586300,0.563152,-0.150304,-0.8052,-1.26,-0.98,-2.31,Stab,Right
1708334586301,0.559736,-0.150792,-0.808616,-1.05,-0.84,-2.24,Stab,Right
1708334586301,0.5612,-0.151768,-0.805688,-1.33,-0.77,-2.31,Stab,Right
1708334586301,0.55876,-0.152744,-0.81008,-0.91,-0.98,-2.31,Stab,Right
1708334586301,0.565592,-0.145912,-0.801784,-1.33,-0.7,-2.31,Stab,Right
1708334586301,0.5612,-0.151768,-0.80764,-1.19,-0.84,-2.31,Stab,Right
1708334586301,0.565592,-0.146888,-0.804224,-1.12,-0.91,-2.24,Stab,Right
1708334586349,0.562176,-0.14884,-0.80764,-1.19,-0.84,-2.38,Stab,Right
1708334586349,0.561688,-0.14884,-0.804224,-1.05,-1.05,-2.38,Stab,Right
1708334586350,0.560712,-0.149816,-0.803736,-1.19,-0.91,-2.24,Stab,Right
1708334586350,0.559736,-0.153232,-0.8052,-1.19,-0.98,-2.31,Stab,Right
1708334586426,0.5612,-0.153232,-0.80764,-1.05,-0.91,-2.24,Stab,Right
1708334586426,0.556808,-0.1464,-0.810568,-1.12,-0.77,-2.17,Stab,Right
1708334586426,0.560224,-0.149816,-0.80764,-1.05,-0.77,-2.38,Stab,Right
1708334586426,0.559736,-0.150304,-0.8052,-1.12,-0.84,-2.17,Stab,Right
1708334586469,0.559736,-0.15128,-0.804712,-0.98,-0.84,-2.24,Stab,Right
1708334586469,0.564128,-0.147864,-0.803736,-0.98,-0.91,-2.17,Stab,Right
1708334586470,0.562176,-0.154208,-0.803248,-1.12,-0.77,-2.31,Stab,Right
1708334586517,0.562176,-0.15128,-0.810568,-1.12,-0.91,-2.31,Stab,Right
1708334586518,0.559736,-0.147864,-0.806176,-1.19,-0.77,-2.31,Stab,Right
1708334586566,0.562664,-0.145424,-0.803248,-1.19,-0.84,-2.38,Stab,Right
1708334586567,0.564128,-0.141032,-0.798856,-0.98,-0.84,-2.24,Stab,Right
1708334586567,0.56364,-0.145912,-0.800808,-0.98,-0.91,-2.24,Stab,Right
1708334586690,0.562176,-0.149816,-0.806664,-0.91,-0.77,-2.17,Stab,Right
1708334586691,0.559736,-0.15372,-0.807152,-0.98,-0.84,-2.31,Stab,Right
1708334586691,0.566568,-0.145912,-0.798368,-1.12,-0.63,-2.24,Stab,Right
1708334586691,0.565104,-0.142496,-0.80276,-1.12,-0.84,-2.17,Stab,Right
1708334586692,0.566568,-0.142496,-0.8052,-1.19,-0.77,-2.38,Stab,Right
1708334586692,0.560712,-0.149328,-0.804224,-1.05,-0.91,-2.31,Stab,Right
1708334586692,0.561688,-0.148352,-0.806664,-1.26,-0.98,-2.31,Stab,Right
1708334586826,0.55876,-0.152256,-0.813984,-1.05,-0.84,-2.24,Stab,Right
1708334586826,0.560224,-0.14884,-0.806664,-1.12,-0.84,-2.45,Stab,Right
1708334586828,0.565104,-0.144936,-0.80032,-1.12,-0.91,-2.17,Stab,Right
1708334586828,0.566568,-0.147376,-0.799344,-1.12,-0.77,-2.38,Stab,Right
1708334586828,0.560224,-0.148352,-0.808616,-1.19,-0.91,-2.31,Stab,Right
1708334586828,0.558272,-0.147864,-0.808616,-1.33,-0.7,-2.24,Stab,Right
1708334586828,0.5612,-0.151768,-0.808128,-1.26,-0.7,-2.24,Stab,Right
1708334586828,0.56364,-0.1464,-0.807152,-0.98,-0.91,-2.24,Stab,Right
1708334586871,0.567056,-0.148352,-0.802272,-1.05,-0.84,-2.38,Stab,Right
1708334586871,0.567056,-0.147376,-0.806176,-1.05,-0.91,-2.1,Stab,Right
1708334586871,0.5612,-0.147864,-0.806176,-1.19,-0.91,-2.24,Stab,Right
1708334586919,0.560712,-0.150304,-0.805688,-1.05,-1.05,-2.38,Stab,Right
1708334586919,0.566568,-0.14884,-0.80032,-1.19,-1.05,-2.38,Stab,Right
1708334586919,0.562176,-0.14396,-0.8052,-1.19,-0.84,-2.31,Stab,Right
1708334586964,0.56852,-0.144936,-0.798856,-0.84,-0.77,-2.17,Stab,Right
1708334586964,0.564616,-0.145424,-0.803736,-1.26,-0.98,-2.24,Stab,Right
1708334586964,0.561688,-0.152256,-0.808616,-0.98,-0.7,-2.31,Stab,Right
1708334587011,0.561688,-0.14884,-0.809104,-1.19,-0.84,-2.38,Stab,Right
1708334587011,0.560224,-0.14884,-0.803248,-1.26,-0.91,-2.24,Stab,Right
1708334587058,0.564128,-0.144936,-0.80276,-1.12,-0.84,-2.17,Stab,Right
1708334587058,0.56852,-0.146888,-0.801784,-1.12,-0.77,-2.1,Stab,Right
1708334587059,0.564616,-0.145424,-0.805688,-0.98,-0.77,-2.24,Stab,Right
1708334587104,0.562176,-0.149328,-0.8174,-1.19,-0.91,-2.24,Stab,Right
1708334587104,0.559736,-0.15128,-0.815936,-1.19,-0.91,-2.45,Stab,Right
1708334587105,0.561688,-0.149328,-0.811056,-1.12,-0.91,-2.31,Stab,Right
1708334587151,0.557784,-0.151768,-0.808616,-1.19,-0.98,-2.31,Stab,Right
1708334587152,0.565592,-0.143472,-0.805688,-1.05,-1.05,-2.38,Stab,Right
1708334587152,0.5612,-0.148352,-0.801296,-1.26,-1.05,-2.31,Stab,Right
1708334587197,0.560712,-0.15128,-0.813008,-1.19,-0.77,-2.31,Stab,Right
1708334587197,0.560224,-0.14884,-0.808128,-1.19,-0.98,-2.31,Stab,Right
1708334587244,0.565104,-0.1464,-0.801784,-1.26,-0.77,-2.38,Stab,Right
1708334587244,0.568032,-0.142984,-0.79788,-1.26,-0.77,-2.31,Stab,Right
1708334587245,0.565592,-0.147864,-0.811056,-1.12,-0.84,-2.17,Stab,Right
1708334587290,0.560712,-0.152744,-0.808616,-0.84,-0.91,-2.1,Stab,Right
1708334587290,0.557296,-0.147376,-0.804712,-0.98,-0.84,-2.38,Stab,Right
1708334587291,0.567544,-0.146888,-0.80276,-1.19,-0.98,-2.31,Stab,Right
1708334587336,0.564616,-0.14396,-0.803736,-1.19,-0.7,-2.24,Stab,Right
1708334587336,0.567544,-0.149328,-0.804712,-1.12,-1.05,-2.17,Stab,Right
1708334587385,0.5612,-0.150792,-0.801296,-1.19,-0.84,-2.31,Stab,Right
1708334587385,0.55632,-0.147864,-0.803248,-1.12,-0.84,-2.38,Stab,Right
1708334587386,0.559736,-0.149816,-0.807152,-0.98,-0.91,-2.38,Stab,Right
1708334587431,0.563152,-0.145424,-0.801784,-1.19,-0.77,-2.31,Stab,Right
1708334587432,0.560224,-0.147864,-0.8052,-0.84,-0.77,-2.24,Stab,Right
1708334587432,0.565104,-0.146888,-0.806664,-1.12,-0.63,-2.38,Stab,Right
1708334587475,0.55632,-0.158112,-0.80764,-1.19,-1.12,-2.17,Stab,Right
1708334587475,0.566568,-0.157624,-0.816912,-1.19,-0.07,-2.73,Stab,Right
1708334587476,0.572424,-0.145424,-0.804224,-1.19,-0.98,-2.31,Stab,Right
1708334587520,0.55876,-0.298656,-0.771528,-0.63,-1.12,-2.66,Stab,Right
1708334587520,0.535336,-0.27328,-0.803736,8.19,-3.78,-16.1,Stab,Right
1708334587573,0.47092,-0.20496,-0.85644,20.72,-7.7,-33.18,Stab,Right
1708334587573,0.466528,-0.218136,-0.894504,31.29,-10.92,-48.79,Stab,Right
1708334587574,0.528504,-0.314272,-0.851072,32.06,-11.41,-49.63,Stab,Right
1708334587656,0.471896,-0.350384,-0.852536,35.28,-11.48,-55.37,Stab,Right
1708334587656,0.455792,-0.33672,-0.837896,40.67,-11.76,-63.7,Stab,Right
1708334587656,0.508984,-0.2928,-0.8174,47.74,-15.54,-71.54,Stab,Right
1708334587656,0.547536,-0.227408,-0.796904,49.77,-16.03,-77.07,Stab,Right
1708334587656,0.594872,-0.230336,-0.799344,51.8,-16.1,-77.14,Stab,Right
1708334587712,0.563152,-0.25132,-0.77104,43.4,-14.98,-64.26,Stab,Right
1708334587713,0.606584,-0.207888,-0.81008,30.1,-9.87,-48.09,Stab,Right
1708334587713,0.599752,-0.254736,-0.745664,20.86,-9.17,-30.66,Stab,Right
1708334587760,0.61244,-0.393816,-0.80764,16.52,-7.0,-27.72,Stab,Right
1708334587760,0.536312,-0.285968,-0.892064,19.25,-5.39,-35.0,Stab,Right
1708334587760,0.55388,-0.32452,-0.882304,29.12,-10.43,-47.04,Stab,Right
1708334587806,0.638792,-0.207888,-0.764208,37.8,-12.95,-61.04,Stab,Right
1708334587806,0.69296,-0.144936,-0.82716,40.88,-15.75,-61.32,Stab,Right
1708334587807,0.492392,-0.023424,-0.767624,42.21,-11.69,-59.92,Stab,Right
1708334587861,0.578768,-0.1098,-0.684176,33.95,-11.41,-54.74,Stab,Right
1708334587861,0.550464,-0.160064,-0.793488,30.24,-10.01,-44.03,Stab,Right
1708334587861,0.480192,-0.124928,-0.767136,26.46,-8.54,-39.83,Stab,Right
1708334587918,0.569984,-0.106872,-0.777872,26.6,-6.86,-42.91,Stab,Right
1708334587918,0.508496,-0.013176,-0.743224,24.78,-6.37,-39.13,Stab,Right
1708334587918,0.516792,-0.138592,-0.791048,19.25,-5.88,-32.06,Stab,Right
1708334588039,0.501176,-0.165432,-0.74908,15.19,-5.6,-25.41,Stab,Right
1708334588040,0.583648,-0.043432,-0.79544,8.54,-3.57,-15.96,Stab,Right
1708334588041,0.524112,-0.136152,-0.87108,6.02,-0.77,-12.18,Stab,Right
1708334588041,0.520208,-0.03172,-0.776408,8.33,-3.57,-15.82,Stab,Right
1708334588041,0.515328,-0.149328,-0.730048,9.87,-5.53,-16.66,Stab,Right
1708334588042,0.533384,-0.19032,-0.74176,8.82,-5.18,-15.33,Stab,Right
1708334588042,0.559248,-0.221064,-0.749568,6.65,-1.82,-15.12,Stab,Right
1708334588102,0.587064,-0.066856,-0.738344,4.9,-1.82,-13.72,Stab,Right
1708334588102,0.548512,-0.123952,-0.75152,5.04,-3.08,-9.31,Stab,Right
1708334588102,0.596336,-0.162992,-0.693936,1.82,-3.22,-8.75,Stab,Right
1708334588103,0.59536,-0.136152,-0.760792,3.5,-2.59,-8.75,Stab,Right
1708334588147,0.609512,-0.164944,-0.838384,5.67,-0.7,-12.95,Stab,Right
1708334588147,0.525576,-0.032696,-0.794464,6.37,-3.08,-12.95,Stab,Right
1708334588147,0.653432,0.022936,-0.833504,6.86,-2.31,-14.84,Stab,Right
1708334588194,0.620736,-0.222528,-0.848144,5.88,-3.22,-12.6,Stab,Right
1708334588194,0.67588,-0.233752,-0.814472,3.57,-0.56,-8.89,Stab,Right
1708334588194,0.405528,-0.05124,-0.753472,6.93,-3.22,-12.46,Stab,Right
1708334588238,0.505568,-0.04636,-0.888648,6.44,-1.68,-14.07,Stab,Right
1708334588239,0.558272,-0.11468,-0.772504,7.07,-2.94,-15.47,Stab,Right
1708334588239,0.53924,-0.140544,-0.845704,12.04,-5.67,-23.24,Stab,Right
1708334588285,0.635864,0.020984,-0.8174,15.33,-7.7,-26.11,Stab,Right
1708334588285,0.534848,-0.109312,-0.816424,13.02,-5.46,-23.52,Stab,Right
1708334588333,0.596824,-0.033184,-0.793488,10.57,-4.48,-18.06,Stab,Right
1708334588338,0.586576,-0.081008,-0.783728,8.4,-4.06,-15.05,Stab,Right
1708334588338,0.589504,-0.067344,-0.869128,6.44,-3.22,-13.3,Stab,Right
1708334588377,0.573888,-0.053192,-0.820816,6.16,-2.8,-13.51,Stab,Right
1708334588378,0.531432,0.108336,-0.803736,6.16,-2.8,-12.39,Stab,Right
1708334588378,0.5368,0.004392,-0.828624,4.48,-1.47,-12.11,Stab,Right
1708334588424,0.53436,-0.057584,-0.840824,3.64,-2.59,-8.68,Stab,Right
1708334588425,0.564616,-0.035624,-0.833016,1.33,-2.17,-6.16,Stab,Right
1708334588425,0.539728,-0.013176,-0.845704,-1.47,-0.49,-2.03,Stab,Right
1708334588472,0.542656,-0.047824,-0.842288,-2.1,-0.7,-0.28,Stab,Right
1708334588473,0.560224,-0.14152,-0.809104,-0.98,-1.05,-2.1,Stab,Right
1708334588519,0.556808,-0.151768,-0.809592,-0.91,-1.12,-2.24,Stab,Right
1708334588519,0.555344,-0.1464,-0.798856,-0.98,-0.84,-2.24,Stab,Right
1708334588519,0.562664,-0.147864,-0.806176,-1.26,-0.77,-2.31,Stab,Right
1708334588564,0.560712,-0.144448,-0.8052,-0.91,-0.98,-2.24,Stab,Right
1708334588564,0.557784,-0.1464,-0.806664,-1.26,-0.91,-2.24,Stab,Right
1708334588565,0.558272,-0.150304,-0.811544,-1.12,-0.98,-2.31,Stab,Right
1708334602988,0.77104,0.43676,0.7442,1.54,-4.06,-44.52,Stab,Right
1708334602989,0.748592,0.671488,0.732976,19.46,10.15,-25.76,Stab,Right
1708334602989,0.455792,0.103456,0.716872,20.02,-39.27,-31.43,Stab,Right
1708334602989,0.525088,-0.035136,0.337208,22.4,-62.65,-26.25,Stab,Right
1708334602989,0.47824,-0.223992,0.207888,31.64,-68.81,-7.28,Stab,Right
1708334602990,0.618784,-0.854488,0.053192,20.79,-28.63,55.09,Stab,Right
1708334602990,0.256688,-1.738744,-0.11956,1.68,-30.87,33.6,Stab,Right
1708334603038,0.461648,-2.141344,0.113704,-4.48,0.14,10.71,Stab,Right
1708334603038,0.61,-1.804136,0.181048,-11.83,10.29,-32.2,Stab,Right
1708334603038,0.569496,-1.2322,0.377224,-54.46,57.05,-38.57,Stab,Right
1708334603082,0.964288,-0.00732,0.537776,-28.14,49.35,-11.55,Stab,Right
1708334603082,0.821304,0.931592,0.776408,-10.29,26.53,-27.09,Stab,Right
1708334603082,0.663192,0.162504,0.8052,-0.28,1.54,-17.43,Stab,Right
1708334603128,0.549,0.152256,0.44164,1.26,-26.18,-25.55,Stab,Right
1708334603129,0.51972,0.060024,0.321592,18.76,-55.02,-12.46,Stab,Right
1708334603129,0.681248,-0.370392,0.449936,21.49,-29.47,52.43,Stab,Right
1708334603176,0.384544,-1.456192,0.116144,14.91,-49.49,41.09,Stab,Right
1708334603177,0.368928,-2.277008,0.130784,18.9,-18.69,29.26,Stab,Right
1708334603293,0.443592,-2.231136,0.020984,-16.87,26.53,-6.3,Stab,Right
1708334603293,0.67344,-2.093032,0.520208,-20.79,30.8,-38.92,Stab,Right
1708334603293,0.927688,-0.742248,0.347944,-38.85,101.64,-23.87,Stab,Right
1708334603293,0.898896,0.137128,0.57584,-17.85,61.6,-17.43,Stab,Right
1708334603293,0.955504,1.130696,0.790072,15.19,14.21,-22.61,Stab,Right
1708334603293,0.579744,0.013664,0.87108,15.61,-17.36,-29.82,Stab,Right
1708334603293,0.51972,-0.030744,0.38308,21.14,-52.71,-32.06,Stab,Right
1708334603355,0.485072,-0.035624,0.369904,20.51,-66.71,-21.21,Stab,Right
1708334603357,0.616832,-0.32696,0.327936,21.84,-38.08,35.21,Stab,Right
1708334603357,0.49288,-1.27368,0.073688,17.22,-58.87,35.77,Stab,Right
1708334603358,0.349896,-2.002264,0.062952,13.23,-34.79,30.24,Stab,Right
1708334603411,0.430904,-1.951512,0.073688,-28.49,15.82,8.12,Stab,Right
1708334603412,0.709064,-1.723128,0.349408,-8.19,14.0,-30.94,Stab,Right
1708334603412,0.703208,-1.257576,0.462136,-40.18,41.79,-38.22,Stab,Right
1708334603528,0.928664,-0.108336,0.529968,-24.36,37.87,-12.04,Stab,Right
1708334603528,0.823256,0.471896,0.663192,-12.11,15.61,-19.18,Stab,Right
1708334603528,0.708576,0.40748,0.711504,9.8,-17.43,-20.09,Stab,Right
1708334603529,0.540216,0.181048,0.441152,17.29,-59.43,-31.29,Stab,Right
1708334603529,0.576328,-0.019032,0.29524,19.53,-71.26,-20.44,Stab,Right
1708334603529,0.610976,-0.527528,0.222528,31.64,-67.83,29.12,Stab,Right
1708334603529,0.294264,-1.55672,-0.059536,11.55,-45.43,41.65,Stab,Right
1708334603578,0.48068,-2.151104,0.025864,11.27,-25.83,24.29,Stab,Right
1708334603578,0.776408,-1.921744,-0.018056,-7.7,16.73,-4.06,Stab,Right
1708334603578,0.837408,-1.696776,0.457256,3.57,-10.99,-40.53,Stab,Right
1708334603627,0.795928,-0.701744,0.397232,-44.8,54.53,-27.02,Stab,Right
1708334603627,0.852536,0.201056,0.386496,-36.89,60.13,-10.08,Stab,Right
1708334603628,0.791536,0.629032,0.631472,-6.3,16.38,-16.59,Stab,Right
1708334603734,0.549488,0.01464,0.69296,4.27,-7.56,-25.69,Stab,Right
1708334603735,0.518256,0.117608,0.338184,35.63,-28.21,-22.26,Stab,Right
1708334603735,0.5612,-0.106872,0.383568,25.76,-57.89,3.01,Stab,Right
1708334603735,0.706624,-0.748592,0.281088,40.53,-34.93,60.41,Stab,Right
1708334603735,0.305976,-1.541104,-0.055144,29.61,-45.5,47.46,Stab,Right
1708334603735,0.421144,-2.24968,0.082472,11.34,-23.66,40.39,Stab,Right
1708334603843,0.581208,-2.133536,-0.057096,-12.11,24.78,-2.24,Stab,Right
1708334603843,0.713456,-1.961272,0.504592,-18.83,16.31,-18.55,Stab,Right
1708334603843,0.804224,-0.747616,0.340624,-51.38,88.41,0.0,Stab,Right
1708334603843,0.850096,-0.07076,0.447008,-47.88,78.96,-1.47,Stab,Right
1708334603843,0.894016,0.813008,0.71492,0.98,25.34,-11.2,Stab,Right
1708334603843,0.787632,0.333304,0.88572,24.5,-18.62,-22.96,Stab,Right
1708334603938,0.516304,0.134688,0.5002,27.44,-36.19,-25.55,Stab,Right
1708334603939,0.5978,-0.042944,0.35624,30.03,-52.99,-22.89,Stab,Right
1708334603939,0.65392,-0.19276,0.262544,42.07,-50.75,9.17,Stab,Right
1708334603939,0.379664,-1.09556,0.128832,25.2,-42.21,57.61,Stab,Right
1708334603941,0.359656,-1.811944,-0.112728,22.4,-41.51,38.85,Stab,Right
1708334603942,0.367464,-2.275056,-0.047336,-7.14,21.14,17.71,Stab,Right
1708334604000,0.617808,-1.794864,-0.057584,-11.06,21.21,-31.15,Stab,Right
1708334604000,0.626104,-1.67384,0.520696,-35.28,57.47,-23.87,Stab,Right
1708334604001,0.815936,0.007808,0.387472,-70.84,98.77,15.19,Stab,Right
1708334604001,1.035536,0.9028,0.598288,-23.31,58.87,-9.24,Stab,Right
1708334604126,0.793976,0.27084,0.990152,-4.55,4.34,-14.7,Stab,Right
1708334604127,0.478728,0.08784,0.684176,7.56,-43.89,-38.15,Stab,Right
1708334604127,0.676856,-0.041968,0.415288,33.67,-55.23,-32.69,Stab,Right
1708334604127,0.44164,-0.03904,0.301584,30.94,-52.71,12.04,Stab,Right
1708334604127,0.418704,-0.830576,0.235216,20.02,-27.72,48.09,Stab,Right
1708334604127,0.398208,-1.64212,0.005856,44.38,-48.16,39.9,Stab,Right
1708334604127,0.342576,-2.192584,0.023424,9.45,-4.27,35.84,Stab,Right
1708334604193,0.532896,-1.947608,-0.04392,-5.6,47.11,-0.56,Stab,Right
1708334604193,0.565592,-1.453752,0.47092,-1.33,31.85,-33.32,Stab,Right
1708334604195,0.738832,-0.653432,0.50264,-41.3,87.57,-19.04,Stab,Right
1708334604195,0.88572,0.032208,0.508008,-47.67,69.44,-12.11,Stab,Right
1708334604240,0.884256,0.347456,0.641232,-14.07,37.31,-13.93,Stab,Right
1708334604241,0.65636,-0.032208,0.735416,4.69,-2.24,-23.73,Stab,Right
1708334604241,0.618296,0.00732,0.54656,21.98,-41.23,-25.41,Stab,Right
1708334604286,0.653432,-0.230336,0.454328,46.41,-80.99,-12.95,Stab,Right
1708334604286,0.43188,-1.07604,0.306952,46.34,-50.61,25.76,Stab,Right
1708334604286,0.26596,-1.997872,0.022448,29.19,-19.81,25.69,Stab,Right
1708334604335,0.45872,-1.992992,-0.150792,20.3,1.47,-8.82,Stab,Right
1708334604335,0.726144,-2.12524,0.47092,-7.14,21.98,-28.21,Stab,Right
1708334604335,0.711016,-0.582184,0.032208,-40.81,71.89,4.48,Stab,Right
1708334604381,1.089704,0.306952,0.38308,-42.77,105.63,12.18,Stab,Right
1708334604381,1.001376,0.694424,0.764208,-5.32,2.66,-20.02,Stab,Right
1708334604426,0.609024,-0.120048,0.820816,-15.26,-10.99,-35.84,Stab,Right
1708334604426,0.554368,-0.08296,0.590968,1.61,-38.36,-38.92,Stab,Right
1708334604426,0.5856,-0.128344,0.466528,28.84,-89.81,-36.68,Stab,Right
1708334604474,0.433344,-0.421144,0.469456,36.33,-76.02,4.48,Stab,Right
1708334604474,0.424072,-1.317112,0.126392,46.27,-53.27,44.31,Stab,Right
1708334604474,0.368928,-1.752408,0.063928,32.83,-65.38,20.51,Stab,Right
1708334604519,0.546072,-1.742648,-0.057096,10.85,-9.17,8.89,Stab,Right
1708334604519,0.74664,-1.311744,0.177144,2.52,-8.96,-24.22,Stab,Right
1708334604519,0.728584,-0.921832,0.239608,-22.75,46.97,-27.44,Stab,Right
1708334604583,0.83936,-0.247416,0.284992,-27.93,57.75,14.49,Stab,Right
1708334604583,0.870592,0.160552,0.533872,-30.1,52.64,7.28,Stab,Right
1708334604631,0.726144,0.123464,0.691496,-13.58,7.42,-11.83,Stab,Right
1708334604631,0.586088,0.084912,0.577792,-0.35,-25.48,-21.77,Stab,Right
1708334604631,0.643184,-0.088816,0.479704,24.99,-55.58,-14.42,Stab,Right
1708334604631,0.589016,-0.233752,0.184464,34.93,-63.07,18.34,Stab,Right
1708334604674,0.503128,-1.055056,0.123952,35.63,-44.94,41.16,Stab,Right
1708334604675,0.40748,-1.769,0.060512,24.29,-57.26,18.69,Stab,Right
1708334604675,0.510448,-2.017392,-0.059536,2.17,-3.78,12.81,Stab,Right
1708334604723,0.64904,-1.668472,-0.00976,-10.71,8.26,-24.5,Stab,Right
1708334604723,0.525088,-1.242936,0.142984,-52.15,66.01,-40.81,Stab,Right
1708334604816,0.83692,-0.405528,0.17568,-58.52,114.24,-11.27,Stab,Right
1708334604817,0.802272,-0.130784,0.487024,-38.99,46.48,-21.49,Stab,Right
1708334604817,0.804224,0.14152,0.662216,-12.74,21.42,-14.7,Stab,Right
1708334604861,0.637816,0.091256,0.70272,4.76,-12.88,-18.27,Stab,Right
1708334604861,0.525088,-0.008296,0.54656,19.6,-45.22,-27.44,Stab,Right
1708334604861,0.613904,-0.125904,0.333304,37.17,-73.01,-20.09,Stab,Right
1708334604861,0.513376,-0.360144,0.341112,36.54,-70.28,10.15,Stab,Right
1708334604861,0.515328,-1.07848,0.111752,26.53,-24.01,53.13,Stab,Right
1708334604861,0.468968,-1.721664,-0.01708,32.9,-35.7,36.4,Stab,Right
1708334604909,0.437248,-1.902712,-0.06832,-1.61,3.99,21.91,Stab,Right
1708334604909,0.667584,-1.710928,-0.083936,-9.94,46.55,-12.53,Stab,Right
1708334604958,0.887672,-1.22,0.484096,-9.94,37.03,-22.89,Stab,Right
1708334604959,0.71004,-0.516792,0.302072,-46.9,95.41,0.49,Stab,Right
1708334604960,0.933056,-0.006832,0.485072,-53.76,92.33,1.26,Stab,Right
1708334605063,0.957944,0.293776,0.77348,-16.31,26.67,-0.91,Stab,Right
1708334605063,0.66856,-0.091256,0.9394,-2.66,-31.64,-32.34,Stab,Right
1708334605063,0.621224,-0.057096,0.691496,24.92,-47.81,-36.33,Stab,Right
1708334605063,0.611464,-0.01708,0.392352,46.69,-69.16,-25.97,Stab,Right
1708334605063,0.553392,-0.515328,0.376248,47.67,-67.13,18.62,Stab,Right
1708334605063,0.299632,-1.211216,0.030744,33.95,-4.34,42.21,Stab,Right
1708334605117,0.444568,-2.033008,-0.044896,38.99,-0.84,37.1,Stab,Right
1708334605117,0.377224,-2.000312,-0.249368,-0.77,47.88,11.34,Stab,Right
1708334605118,0.687104,-1.67872,-0.035136,-7.35,45.01,-28.28,Stab,Right
1708334605176,0.7564,-0.998936,0.199592,-39.41,73.29,-9.03,Stab,Right
1708334605177,0.754936,-0.211792,0.34892,-66.57,120.96,19.25,Stab,Right
1708334605177,1.00528,0.607072,0.503128,-36.68,87.43,17.43,Stab,Right
1708334605177,0.700768,0.171288,0.951112,-12.04,-5.46,-15.47,Stab,Right
1708334605271,0.411384,-0.02684,0.823256,4.48,-31.92,-33.18,Stab,Right
1708334605271,0.648552,-0.057096,0.532408,23.66,-35.21,-28.28,Stab,Right
1708334605272,0.534848,-0.045384,0.432856,37.59,-74.69,-0.77,Stab,Right
1708334605272,0.396256,-0.672952,0.355264,28.84,-15.4,66.5,Stab,Right
1708334605272,0.40748,-1.303448,0.15616,44.87,-44.45,48.3,Stab,Right
1708334605380,0.317688,-1.98372,0.0,25.41,5.32,48.79,Stab,Right
1708334605387,0.282552,-2.135488,-0.049288,1.33,22.4,-26.53,Stab,Right
1708334605389,1.037488,-1.871968,-0.12688,8.82,62.72,-31.01,Stab,Right
1708334605391,0.692472,-1.037976,0.376248,-33.88,-16.45,-43.19,Stab,Right
1708334605392,0.804224,-0.302072,0.208376,-74.13,56.35,-8.75,Stab,Right
1708334605392,0.74176,0.064904,0.565592,-24.99,-14.0,-44.87,Stab,Right
1708334605435,0.616344,0.288896,0.760792,-6.23,-12.53,-19.32,Stab,Right
1708334605435,0.564616,0.072712,0.739808,9.24,-18.55,-25.34,Stab,Right
1708334605436,0.603656,0.09516,0.526552,26.11,-43.61,-15.05,Stab,Right
1708334605482,0.532408,-0.183,0.514352,37.59,-58.24,11.27,Stab,Right
1708334605482,0.356728,-1.3298,0.438712,51.24,-52.22,47.67,Stab,Right
1708334605482,0.237656,-1.852936,0.013176,29.47,-11.83,46.76,Stab,Right
1708334605482,0.447984,-1.946144,-0.06832,15.75,19.32,30.66,Stab,Right
1708334605543,0.731024,-1.850984,0.180072,5.46,17.85,-19.53,Stab,Right
1708334605543,0.698816,-1.020408,0.156648,-13.16,27.58,-37.94,Stab,Right
1708334605543,0.8296,-0.38796,0.25376,-36.26,93.45,-11.06,Stab,Right
1708334605608,0.864736,0.276208,0.543632,-30.38,40.53,-23.66,Stab,Right
1708334605608,0.811056,0.276696,0.69784,-17.71,20.65,-9.31,Stab,Right
1708334605608,0.510936,-0.113704,0.857904,-2.03,-33.39,-33.67,Stab,Right
1708334605679,0.58804,-0.032696,0.598288,25.83,-49.98,-34.86,Stab,Right
1708334605679,0.552416,-0.121024,0.452376,41.58,-75.39,-21.56,Stab,Right
1708334605679,0.407968,-0.5734,0.404552,39.2,-43.19,35.63,Stab,Right
1708334605680,0.35624,-1.340536,0.074664,39.41,-17.01,49.14,Stab,Right
1708334605680,0.460672,-1.848544,0.050752,16.59,-5.53,34.37,Stab,Right
1708334605680,0.556808,-1.767048,-0.024888,1.82,23.73,1.54,Stab,Right
1708334605732,0.633912,-1.539152,0.054656,-4.55,10.36,-35.0,Stab,Right
1708334605732,0.778848,-0.884256,0.443104,-21.28,38.08,-31.08,Stab,Right
1708334605732,0.818864,-0.147864,0.296704,-36.82,62.3,-9.38,Stab,Right
1708334605870,0.82228,-0.017568,0.56608,-39.48,47.67,-17.36,Stab,Right
1708334605871,0.66856,0.117608,0.709552,-1.12,24.08,-17.15,Stab,Right
1708334605871,0.55144,-0.130784,0.6954,-0.42,1.89,-22.96,Stab,Right
1708334605871,0.521672,-0.12444,0.571448,12.88,-25.2,-22.33,Stab,Right
1708334605872,0.481656,-0.290848,0.428464,28.42,-60.83,-10.78,Stab,Right
1708334605872,0.436272,-0.969656,0.276696,33.6,-29.47,44.66,Stab,Right
1708334605872,0.418216,-1.646024,0.166896,21.28,-9.59,50.05,Stab,Right
1708334605925,0.457256,-1.860744,0.01952,3.22,5.04,23.73,Stab,Right
1708334605925,0.640744,-1.695312,0.022448,0.7,15.54,-14.98,Stab,Right
1708334605926,0.696864,-1.56648,0.48556,-15.19,21.7,-19.95,Stab,Right
1708334605926,0.811544,-0.471896,0.367952,-40.04,62.72,5.25,Stab,Right
1708334605976,0.902312,0.418704,0.533872,-29.96,72.66,6.65,Stab,Right
1708334605977,0.840824,0.302072,0.79056,6.3,27.86,-16.03,Stab,Right
1708334605977,0.425048,-0.090768,0.80032,6.65,-27.16,-32.34,Stab,Right
1708334606025,0.550952,-0.08296,0.551928,24.01,-24.5,-30.73,Stab,Right
1708334606025,0.47092,-0.133224,0.453352,36.05,-52.15,-17.71,Stab,Right
1708334606025,0.341112,-0.483608,0.517768,35.56,-28.42,38.15,Stab,Right
1708334606160,0.223992,-1.087264,0.243512,24.01,16.17,58.94,Stab,Right
1708334606161,0.372832,-1.61772,0.160064,22.75,13.93,64.47,Stab,Right
1708334606161,0.42456,-1.773392,0.050264,4.41,49.91,49.0,Stab,Right
1708334606161,0.623664,-1.45668,0.0366,-0.21,57.05,13.79,Stab,Right
1708334606162,0.69296,-1.009672,0.177144,2.59,46.69,-11.34,Stab,Right
1708334606162,0.752984,-0.54656,0.494344,7.56,58.59,-1.82,Stab,Right
1708334606162,0.681736,-0.327448,0.705648,0.98,64.61,8.54,Stab,Right
1708334606214,0.56852,-0.218136,0.799832,0.49,70.84,12.53,Stab,Right
1708334606215,0.405528,-0.213256,0.706624,15.19,40.18,11.34,Stab,Right
1708334606215,0.457744,-0.32696,0.720776,35.77,29.75,23.38,Stab,Right
1708334606215,0.250344,-0.594872,0.580232,48.16,4.48,36.12,Stab,Right
1708334606258,0.249856,-0.859368,0.396256,46.06,27.79,48.65,Stab,Right
1708334606258,0.602192,-1.045296,0.338184,41.51,36.12,45.78,Stab,Right
1708334606308,0.49776,-1.165832,0.32208,37.94,21.21,43.68,Stab,Right
1708334606309,0.404064,-1.217072,0.295728,23.94,20.09,20.09,Stab,Right
1708334606309,0.48312,-1.006744,0.384544,10.99,39.06,8.12,Stab,Right
1708334606395,0.427,-0.738344,0.460672,4.55,54.74,6.72,Stab,Right
1708334606395,0.472872,-0.54168,0.604144,-4.76,75.32,7.7,Stab,Right
1708334606395,0.389424,-0.39528,0.5856,-7.56,66.64,9.8,Stab,Right
1708334606396,0.412848,-0.365024,0.590968,0.7,68.53,15.96,Stab,Right
1708334606396,0.332816,-0.442128,0.598776,-0.56,37.24,19.39,Stab,Right
1708334606445,0.338672,-0.711504,0.549488,-0.56,29.68,20.23,Stab,Right
1708334606449,0.365512,-1.105808,0.493368,-5.6,21.56,9.94,Stab,Right
1708334606449,0.406016,-1.47376,0.397232,3.5,29.05,6.44,Stab,Right
1708334606489,0.348432,-1.775344,0.505568,11.76,10.08,-16.66,Stab,Right
1708334606489,0.322568,-1.48108,0.541192,11.27,16.03,-40.81,Stab,Right
1708334606489,0.344528,-0.93696,0.718336,-17.57,36.54,-52.5,Stab,Right
1708334606535,0.443592,-0.352824,0.835456,-12.95,53.06,-54.67,Stab,Right
1708334606535,0.472384,-0.133712,0.786168,-1.4,42.77,-42.21,Stab,Right
1708334606535,0.314272,-0.174704,0.787632,9.24,27.3,-30.1,Stab,Right
1708334606583,0.331352,0.002928,0.650504,8.33,16.38,-18.55,Stab,Right
1708334606584,0.3294,-0.340136,0.682224,10.64,2.66,-4.55,Stab,Right
1708334606638,0.340624,-0.815936,0.519232,2.31,-6.93,8.33,Stab,Right
1708334606638,0.20496,-1.443992,0.37088,10.71,-21.49,8.47,Stab,Right
1708334606639,0.311344,-1.68848,0.362584,22.19,-2.73,1.82,Stab,Right
1708334606764,0.322568,-1.474248,0.720288,28.35,9.24,-2.38,Stab,Right
1708334606764,0.427488,-0.487024,0.760304,-60.62,106.19,8.82,Stab,Right
1708334606765,0.622688,1.122888,0.621224,-9.03,29.05,13.51,Stab,Right
1708334606765,-0.006832,-0.467016,0.859368,0.98,0.28,3.36,Stab,Right
1708334606765,0.504104,-0.17324,0.538752,-4.34,-20.86,-23.31,Stab,Right
1708334606766,0.36844,-0.251808,0.530944,0.49,-25.48,-12.25,Stab,Right
1708334606766,0.372344,-0.169824,0.629032,-7.7,-44.31,-1.89,Stab,Right
1708334606859,0.325008,-0.706136,0.512888,14.0,-67.83,-3.01,Stab,Right
1708334606860,0.320616,-1.109712,0.6222,19.39,-46.97,52.99,Stab,Right
1708334606860,-0.041968,-1.991528,0.581696,15.47,-38.29,32.76,Stab,Right
1708334606860,0.191296,-1.99592,0.439688,-3.01,7.21,2.52,Stab,Right
1708334606917,0.492392,-1.942728,0.489952,-32.34,28.21,-23.31,Stab,Right
1708334606917,0.141032,0.244976,0.751032,-23.31,6.3,-21.14,Stab,Right
1708334606917,0.379664,-0.624152,1.225368,20.23,10.15,43.82,Stab,Right
1708334606918,0.379176,-0.652456,0.621224,-1.26,-29.33,-28.21,Stab,Right
1708334606918,0.20496,-0.816912,0.611952,11.06,-14.56,-9.1,Stab,Right
1708334606918,0.138592,-0.508496,0.552904,6.16,1.96,-5.46,Stab,Right
1708334606977,0.13664,-0.382592,0.205448,-1.12,20.86,-56.84,Stab,Right
1708334606978,0.433832,-0.398208,0.600728,8.47,19.6,6.65,Stab,Right
1708334606978,0.340136,-0.741272,0.523136,13.72,-13.58,0.84,Stab,Right
1708334607017,0.365512,-0.971608,0.413824,-2.31,8.4,6.3,Stab,Right
1708334607017,0.289872,-1.323944,0.364536,0.0,14.28,1.33,Stab,Right
1708334607018,0.254736,-1.58112,0.411872,-3.92,29.33,-12.53,Stab,Right
1708334607065,0.246928,-1.410808,0.535824,-11.2,44.73,-43.26,Stab,Right
1708334607067,0.32696,-1.014552,0.630984,-15.75,56.07,-62.09,Stab,Right
1708334607067,0.411872,-0.427,0.719312,1.4,48.02,-62.86,Stab,Right
1708334607113,0.351848,-0.055144,0.824232,-1.19,44.52,-46.13,Stab,Right
1708334607113,0.305,0.108824,0.828624,2.73,29.47,-26.32,Stab,Right
1708334607215,0.234728,0.0122,0.762256,-2.31,17.78,-6.37,Stab,Right
1708334607216,0.386984,-0.130296,0.68808,-13.02,8.75,13.09,Stab,Right
1708334607216,0.447496,-0.560712,0.430416,-6.09,-18.9,44.31,Stab,Right
1708334607217,0.16348,-1.566968,0.272304,0.28,-31.29,45.85,Stab,Right
1708334607217,0.23668,-1.93492,0.299632,-22.19,-8.54,12.81,Stab,Right
1708334607217,0.398696,-1.787544,0.428464,-20.93,18.83,-18.34,Stab,Right
1708334607217,0.406992,-1.255136,0.641232,-8.61,30.73,-34.02,Stab,Right
1708334607269,0.345992,-0.558272,0.8662,-10.71,49.42,-48.65,Stab,Right
1708334607269,0.559248,0.554368,0.842776,-50.19,117.04,-5.39,Stab,Right
1708334607269,0.00976,-0.171776,0.835456,9.1,3.43,-26.04,Stab,Right
1708334607403,0.292312,-0.383568,0.494344,13.23,-9.73,-38.71,Stab,Right
1708334607404,0.218136,-0.548024,0.499224,11.55,-18.55,-20.37,Stab,Right
1708334607404,0.303048,-0.349896,0.496784,-7.0,-15.26,2.17,Stab,Right
1708334607404,0.300608,-0.326472,0.41236,-11.69,-26.11,26.81,Stab,Right
1708334607404,0.222528,-0.965264,0.447496,17.29,-56.84,39.06,Stab,Right
1708334607405,0.122976,-1.519632,0.41236,-11.55,-35.42,22.89,Stab,Right
1708334607405,0.29524,-1.750456,0.31964,-12.04,-8.75,4.2,Stab,Right
1708334607454,0.30012,-1.659688,0.61488,-10.36,19.11,-19.67,Stab,Right
1708334607454,0.438224,-1.229272,0.665632,-4.2,24.92,-30.66,Stab,Right
1708334607455,0.508984,-0.62952,0.847656,8.82,14.21,-25.83,Stab,Right
1708334607455,0.235704,-0.386496,0.937448,6.16,7.91,-34.37,Stab,Right
1708334607591,0.309392,0.135664,0.821792,7.07,-7.14,-27.58,Stab,Right
1708334607591,0.237656,0.002928,0.843752,15.82,-31.01,-9.59,Stab,Right
1708334607591,0.233752,0.0244,0.6344,10.92,-55.86,-7.28,Stab,Right
1708334607592,0.315248,-0.144936,0.611952,2.8,-43.75,36.05,Stab,Right
1708334607592,0.267912,-0.733952,0.22204,10.57,-52.08,61.04,Stab,Right
1708334607592,0.131272,-1.623088,0.254248,4.83,-48.09,57.75,Stab,Right
1708334607592,0.198616,-2.123776,0.163968,2.17,-28.84,26.53,Stab,Right
1708334607658,0.252296,-2.033984,0.25132,-10.71,14.35,-30.52,Stab,Right
1708334607658,0.550464,-1.338584,0.647088,-17.78,16.1,-56.84,Stab,Right
1708334607659,0.535336,-0.575352,0.665632,2.94,23.45,-52.36,Stab,Right
1708334607659,0.345016,-0.30988,0.876936,6.65,18.41,-51.1,Stab,Right
1708334607775,0.368928,0.188856,0.996496,13.09,21.35,-31.85,Stab,Right
1708334607775,0.292312,0.105896,0.725656,22.54,11.41,-14.28,Stab,Right
1708334607775,0.196176,-0.18544,0.60024,34.16,-23.87,-20.58,Stab,Right
1708334607776,0.286944,-0.314272,0.564616,25.41,-16.17,5.25,Stab,Right
1708334607776,0.2074,-0.49776,0.380152,3.57,-8.19,33.53,Stab,Right
1708334607776,0.294264,-0.657824,0.306464,12.25,-20.37,43.4,Stab,Right
1708334607776,0.352824,-1.241472,0.328912,-3.99,-4.13,31.15,Stab,Right
1708334607831,0.471408,-1.436184,0.252784,-13.16,6.16,18.62,Stab,Right
1708334607831,0.390888,-1.529392,0.418704,-21.63,10.15,-14.14,Stab,Right
1708334607832,0.378688,-1.310768,0.4636,-23.8,30.66,-42.98,Stab,Right
1708334607832,0.459696,-0.892552,0.723216,-9.45,42.49,-45.71,Stab,Right
1708334607877,0.299632,-0.520208,0.90524,-12.25,43.82,-40.67,Stab,Right
1708334607878,0.227896,-0.127856,0.879864,-6.51,28.63,-38.36,Stab,Right
1708334607998,0.232288,-0.076128,0.804712,5.18,17.85,-15.61,Stab,Right
1708334607998,0.229848,-0.149328,0.679784,7.0,-0.84,-8.12,Stab,Right
1708334607998,0.33916,-0.239608,0.525088,6.02,-11.55,20.02,Stab,Right
1708334607999,0.2196,-0.760792,0.403576,2.66,-33.11,32.2,Stab,Right
1708334607999,0.244488,-1.135088,0.300608,-16.31,-23.38,29.54,Stab,Right
1708334607999,0.39284,-1.560624,0.307928,-14.49,-9.73,24.29,Stab,Right
1708334607999,0.312808,-1.882704,0.409432,-18.13,3.22,-7.77,Stab,Right
1708334608043,0.408944,-1.75924,0.499224,-6.72,9.03,-42.7,Stab,Right
1708334608043,0.5368,-0.943792,0.633912,8.26,30.45,-44.17,Stab,Right
1708334608043,0.382104,-0.60024,0.903776,12.81,35.42,-51.8,Stab,Right
1708334608090,0.364048,0.277672,1.052616,-11.55,51.59,-42.07,Stab,Right
1708334608090,0.28792,0.064904,0.884256,17.85,3.01,-34.86,Stab,Right
1708334608091,0.223992,-0.126392,0.623176,22.47,-33.81,-34.37,Stab,Right
1708334608135,0.29036,-0.269864,0.577792,20.3,-40.46,-11.34,Stab,Right
1708334608136,0.257176,-0.228384,0.508496,-1.75,-37.73,14.14,Stab,Right
1708334608136,0.430416,-0.2074,0.198128,1.89,-53.41,62.09,Stab,Right
1708334608182,0.182512,-1.179496,0.523136,13.44,-59.85,46.48,Stab,Right
1708334608182,0.511912,-1.377136,0.231312,-24.36,-21.14,33.74,Stab,Right
1708334608228,0.388936,-1.816824,0.238632,-7.91,-6.44,22.75,Stab,Right
1708334608228,0.297192,-1.736304,0.427976,-22.33,24.29,-18.06,Stab,Right
1708334608229,0.420656,-1.337608,0.571448,-21.91,40.6,-35.49,Stab,Right
1708334608275,0.555832,-0.64416,0.69296,2.87,33.25,-38.78,Stab,Right
1708334608276,0.192272,-0.226432,0.905728,-2.38,24.43,-52.92,Stab,Right
1708334608276,0.30256,0.177632,0.839848,3.43,6.86,-33.25,Stab,Right
1708334608322,0.306464,0.072712,0.858392,18.41,-13.65,-4.97,Stab,Right
1708334608322,0.249368,0.044408,0.677832,21.21,-37.38,5.81,Stab,Right
1708334608322,0.366976,-0.17324,0.572424,18.83,-34.44,45.43,Stab,Right
1708334608448,0.18788,-0.869616,0.38064,-11.41,-46.41,57.19,Stab,Right
1708334608448,0.493856,-1.419104,0.043432,2.45,-27.72,73.78,Stab,Right
1708334608448,0.171776,-2.268224,0.18788,14.28,-34.58,24.5,Stab,Right
1708334608448,0.4392,-1.974448,0.186904,-17.43,41.3,-3.22,Stab,Right
1708334608448,0.518744,-1.502064,0.50752,8.75,9.52,-54.81,Stab,Right
1708334608449,0.415776,-0.80276,0.532408,-5.67,43.4,-69.72,Stab,Right
1708334608449,0.47336,-0.197152,0.797392,17.15,22.75,-70.14,Stab,Right
1708334608548,0.355752,0.168848,0.987224,6.02,32.34,-44.87,Stab,Right
1708334608548,0.32696,0.232776,0.853024,5.81,12.11,-25.13,Stab,Right
1708334608548,0.223016,-0.063928,0.728584,21.0,-19.39,-22.82,Stab,Right
1708334608561,0.299144,-0.22448,0.609512,10.29,-15.05,-0.42,Stab,Right
1708334608562,0.291336,-0.459208,0.424072,6.16,-28.07,27.3,Stab,Right
1708334608564,0.281576,-0.89304,0.24888,11.69,-31.85,55.37,Stab,Right
1708334608649,0.342088,-1.274656,0.321104,-14.14,-23.38,38.85,Stab,Right
1708334608649,0.488488,-1.532808,0.281576,-10.08,-9.24,24.43,Stab,Right
1708334608650,0.443104,-1.530368,0.426512,-15.61,8.33,-4.41,Stab,Right
1708334608650,0.501176,-1.255624,0.539728,-10.22,16.38,-33.95,Stab,Right
1708334608650,0.535336,-0.904752,0.672464,11.83,15.68,-37.59,Stab,Right
1708334608651,0.445056,-0.666608,0.915488,16.94,10.29,-31.36,Stab,Right
1708334608751,0.342576,-0.31232,0.894016,11.69,10.78,-27.72,Stab,Right
1708334608751,0.293288,-0.135664,0.853024,20.3,-3.36,-17.36,Stab,Right
1708334608752,0.249856,-0.17812,0.74908,24.85,-15.89,-4.34,Stab,Right
1708334608752,0.205448,-0.33428,0.612928,13.93,-27.3,0.77,Stab,Right
1708334608752,0.33184,-0.352336,0.49044,-0.07,-19.81,20.3,Stab,Right
1708334608752,0.364048,-0.325496,0.42944,-13.3,-27.58,46.9,Stab,Right
1708334608796,0.36844,-0.5734,0.17324,3.92,-30.52,59.01,Stab,Right
1708334608796,0.308904,-1.112152,0.206912,10.22,-31.29,50.19,Stab,Right
1708334608797,0.381616,-1.718736,0.202032,-17.29,-3.43,42.7,Stab,Right
1708334608844,0.368928,-1.9154,0.267424,-15.68,10.08,5.18,Stab,Right
1708334608844,0.5246,-1.588928,0.442616,-7.7,31.08,-31.99,Stab,Right
1708334608889,0.522648,-1.126304,0.676368,-5.81,38.29,-41.16,Stab,Right
1708334608889,0.452376,-0.625616,0.850584,3.29,33.95,-65.24,Stab,Right
1708334608889,0.342576,-0.182512,0.964288,-10.22,44.38,-43.96,Stab,Right
1708334608939,0.284504,0.190808,0.932568,-14.0,40.32,-17.08,Stab,Right
1708334608939,0.154208,-0.052704,0.835456,16.87,-6.79,-16.94,Stab,Right
1708334608940,0.260104,-0.1464,0.508496,18.83,-18.41,-3.01,Stab,Right
1708334608986,0.307928,-0.257176,0.579744,14.0,-37.1,14.21,Stab,Right
1708334608986,0.371856,-0.305976,0.379664,-1.47,-41.23,41.72,Stab,Right
1708334608987,0.371856,-0.777384,0.177632,27.3,-49.07,63.28,Stab,Right
1708334609039,0.238144,-1.57868,0.29768,2.03,-33.04,55.09,Stab,Right
1708334609040,0.42944,-1.928088,0.169336,-17.71,4.34,26.39,Stab,Right
1708334609040,0.386008,-1.951024,0.299144,-14.91,22.89,-13.72,Stab,Right
1708334609162,0.520696,-1.36152,0.460672,-21.07,45.99,-33.11,Stab,Right
1708334609162,0.449936,-0.825208,0.793488,-12.46,41.44,-42.98,Stab,Right
1708334609162,0.32452,-0.305976,0.898896,-20.16,49.49,-49.42,Stab,Right
1708334609162,0.33916,0.428464,0.988688,-30.1,72.1,-11.2,Stab,Right
1708334609162,0.199104,-0.09272,0.948672,17.92,-15.19,-18.97,Stab,Right
1708334609162,0.299632,-0.23668,0.68076,28.91,-30.59,-5.39,Stab,Right
1708334609162,0.184464,-0.454816,0.594872,30.8,-48.58,15.61,Stab,Right
1708334609269,0.176168,-0.435296,0.409432,3.64,-35.91,43.82,Stab,Right
1708334609269,0.25132,-0.709552,0.172752,29.89,-34.51,65.94,Stab,Right
1708334609270,0.155672,-1.335168,0.413824,19.04,-44.73,49.98,Stab,Right
1708334609270,0.508496,-1.457656,0.248392,-9.24,-7.0,43.54,Stab,Right
1708334609270,0.2684,-1.738256,0.360144,-4.06,-18.06,9.66,Stab,Right
1708334609270,0.4514,-1.511824,0.487024,-5.25,5.18,-20.72,Stab,Right
1708334609365,0.470432,-0.97112,0.701744,1.96,12.04,-20.72,Stab,Right
1708334609366,0.299632,-0.451888,0.809592,-11.76,29.96,-27.02,Stab,Right
1708334609366,0.3782,0.14152,0.909144,0.0,19.11,-17.01,Stab,Right
1708334609366,0.321104,-0.010248,0.833016,21.56,-2.8,-1.12,Stab,Right
1708334609366,0.227896,-0.071736,0.724192,32.9,-39.06,-6.02,Stab,Right
1708334609367,0.242048,-0.277184,0.667096,26.81,-30.24,27.65,Stab,Right
1708334609419,0.196176,-0.683688,0.427976,12.88,-40.39,69.23,Stab,Right
1708334609420,0.208864,-1.044808,0.223016,17.29,-34.16,60.62,Stab,Right
1708334609420,0.25132,-1.321016,0.22448,3.92,-27.79,36.4,Stab,Right
1708334609468,0.418704,-1.359568,0.237656,-7.49,-3.43,15.61,Stab,Right
1708334609468,0.459696,-1.34444,0.409432,-15.47,8.82,-6.44,Stab,Right
1708334609468,0.524112,-1.063352,0.534848,-22.75,28.07,-25.34,Stab,Right
1708334609512,0.493856,-0.891088,0.745664,-16.94,30.59,-34.23,Stab,Right
1708334609513,0.29524,-0.887184,0.806664,-11.48,24.01,-40.11,Stab,Right
1708334609513,0.219112,-0.876448,0.760792,-1.26,23.8,-39.76,Stab,Right
1708334609559,0.143472,-0.820816,0.708576,15.26,7.28,-40.6,Stab,Right
1708334609560,0.140056,-0.58316,0.655384,12.88,6.86,-33.46,Stab,Right
1708334609604,0.246928,-0.303048,0.609512,12.81,-1.89,-20.72,Stab,Right
1708334609604,0.320128,-0.225456,0.594872,13.02,-13.16,-1.82,Stab,Right
1708334609604,0.298656,-0.292312,0.471896,7.7,-19.46,1.68,Stab,Right
1708334609650,0.443592,-0.25864,0.467016,0.77,-15.26,10.15,Stab,Right
1708334609650,0.520696,-0.601704,0.494832,-5.25,-18.97,20.37,Stab,Right
1708334609650,0.41236,-1.022848,0.41724,-26.04,-8.61,19.32,Stab,Right
1708334609698,0.403088,-1.382016,0.32208,-16.24,-2.87,18.76,Stab,Right
1708334609698,0.26108,-1.858792,0.395768,-2.73,0.63,-3.43,Stab,Right
1708334609698,0.345992,-1.767048,0.428952,-5.32,26.53,-35.49,Stab,Right
1708334609748,0.470432,-1.29076,0.598288,2.38,36.4,-35.21,Stab,Right
1708334609748,0.27816,-0.894016,0.759328,11.27,32.13,-57.33,Stab,Right
1708334609865,0.250344,-0.333792,0.75152,7.7,27.58,-65.94,Stab,Right
1708334609866,0.273768,0.144936,0.840336,2.8,38.08,-37.73,Stab,Right
1708334609866,0.315248,0.032696,0.798856,14.7,-2.45,-27.23,Stab,Right
1708334609866,0.289384,-0.086864,0.661728,21.0,-25.76,-20.02,Stab,Right
1708334609866,0.334768,-0.185928,0.60024,11.27,-27.51,2.38,Stab,Right
1708334609867,0.414312,-0.362096,0.512888,-5.11,-28.98,31.57,Stab,Right
1708334609867,0.313784,-0.767136,0.24644,12.25,-36.75,37.31,Stab,Right
1708334609916,0.261568,-1.375184,0.272792,-7.35,-15.82,56.42,Stab,Right
1708334609917,0.366488,-1.794864,0.170312,-3.5,-3.64,19.18,Stab,Right
1708334609917,0.276696,-1.875872,0.361608,-4.34,18.97,-14.28,Stab,Right
1708334609962,0.453352,-1.464,0.547048,-0.28,27.44,-42.28,Stab,Right
1708334609963,0.465552,-0.803248,0.698328,8.19,31.43,-43.4,Stab,Right
1708334609963,0.317688,-0.329888,0.870104,11.62,21.28,-52.85,Stab,Right
1708334610011,0.291336,0.040504,0.874008,8.68,24.15,-38.08,Stab,Right
1708334610012,0.313784,0.1464,0.863272,18.48,-0.07,-13.86,Stab,Right
1708334610012,0.190808,-0.091256,0.759328,20.93,-22.33,-6.72,Stab,Right
1708334610083,0.2684,-0.133712,0.630496,6.16,-18.2,15.33,Stab,Right
1708334610083,0.424072,-0.20496,0.529968,-9.03,-26.53,51.03,Stab,Right
1708334610083,0.347456,-0.669536,0.266936,7.7,-53.69,63.63,Stab,Right
1708334610084,0.271816,-1.19316,0.186904,-18.48,-27.58,59.01,Stab,Right
1708334610132,0.328424,-1.70312,0.103456,-28.07,-5.81,42.35,Stab,Right
1708334610132,0.354776,-1.90564,0.267912,-18.55,16.24,7.91,Stab,Right
1708334610133,0.42944,-1.572824,0.4148,-22.19,36.82,-32.34,Stab,Right
1708334610180,0.479704,-1.040416,0.637816,-8.61,42.28,-39.69,Stab,Right
1708334610180,0.29768,-0.814472,0.89548,-8.75,46.27,-48.09,Stab,Right
1708334610181,0.308416,-0.42456,0.906216,12.39,31.36,-37.87,Stab,Right
1708334610287,0.24156,-0.196664,0.9394,23.38,23.45,-25.62,Stab,Right
1708334610287,0.172752,-0.074664,0.852048,29.05,1.26,-12.25,Stab,Right
1708334610287,0.15372,-0.165432,0.696864,35.28,-21.7,0.7,Stab,Right
1708334610288,0.140056,-0.189344,0.54168,18.34,-25.34,9.03,Stab,Right
1708334610288,0.307928,-0.164944,0.473848,-4.27,-20.51,36.12,Stab,Right
1708334610288,0.423096,-0.271328,0.288408,-18.13,-19.53,61.53,Stab,Right
1708334610332,0.467504,-0.806664,0.380152,4.62,-55.09,58.38,Stab,Right
1708334610332,0.346968,-1.516704,0.140544,-32.2,-12.25,65.8,Stab,Right
1708334610333,0.261568,-2.157936,0.111752,-19.11,-5.04,38.57,Stab,Right
1708334610380,0.232776,-2.026176,0.257664,-35.63,35.63,-24.01,Stab,Right
1708334610380,0.44408,-1.498648,0.61488,-13.02,36.68,-49.0,Stab,Right
1708334610380,0.299144,-1.035048,0.894992,-4.69,37.17,-66.22,Stab,Right
1708334610428,0.235704,-0.53436,0.934032,4.55,28.63,-73.36,Stab,Right
1708334610428,0.254248,-0.297192,1.04676,30.52,14.84,-43.96,Stab,Right
1708334610545,0.146888,-0.126392,0.881328,34.93,-3.01,-26.95,Stab,Right
1708334610546,0.176168,0.010736,0.713944,37.17,-18.69,-6.37,Stab,Right
1708334610547,0.164944,-0.169336,0.613904,27.58,-30.1,2.59,Stab,Right
1708334610547,0.35868,-0.17568,0.489952,2.24,-14.42,22.12,Stab,Right
1708334610547,0.549488,-0.227408,0.427,-12.46,-31.85,49.35,Stab,Right
1708334610548,0.491904,-0.960384,0.218624,20.86,-55.02,61.25,Stab,Right
1708334610548,0.254736,-1.60552,0.179584,-14.98,-26.95,40.39,Stab,Right
1708334610593,0.260592,-2.083272,0.081496,-11.76,-5.32,13.02,Stab,Right
1708334610594,0.244488,-2.008608,0.313784,-12.74,34.65,-32.48,Stab,Right
1708334610594,0.43432,-1.409344,0.669048,0.0,36.05,-47.04,Stab,Right
1708334610643,0.314272,-0.854488,0.793976,10.57,38.29,-60.48,Stab,Right
1708334610644,0.259616,-0.24888,1.009184,9.1,31.99,-43.89,Stab,Right
1708334610644,0.244976,0.291336,1.02968,2.52,38.43,-17.5,Stab,Right
1708334610767,0.169824,0.158112,0.836432,20.58,-12.95,-6.16,Stab,Right
1708334610767,0.201544,0.022448,0.66612,32.13,-32.9,2.45,Stab,Right
1708334610767,0.303536,-0.156648,0.624152,16.24,-34.23,25.9,Stab,Right
1708334610767,0.46116,-0.28548,0.352336,-7.91,-27.65,61.6,Stab,Right
1708334610768,0.243024,-1.258552,0.313784,30.66,-75.46,61.39,Stab,Right
1708334610768,0.244976,-1.83488,0.135176,-15.33,-9.1,55.02,Stab,Right
1708334610768,0.336232,-2.040328,0.182512,-12.67,-11.41,5.25,Stab,Right
1708334610902,0.341112,-1.755824,0.366488,-13.86,18.76,-40.18,Stab,Right
1708334610902,0.433832,-1.160952,0.384056,-9.52,52.43,-55.65,Stab,Right
1708334610902,0.481656,-0.492392,0.840336,14.49,18.97,-49.84,Stab,Right
1708334610903,0.19764,-0.00244,0.97356,3.64,20.37,-52.15,Stab,Right
1708334610903,0.254248,0.261568,0.914024,6.3,18.06,-28.14,Stab,Right
1708334610903,0.169336,0.021472,0.878888,18.83,-14.35,-9.59,Stab,Right
1708334610903,0.238632,-0.078568,0.749568,11.27,-18.2,3.5,Stab,Right
1708334610903,0.406016,-0.13664,0.625128,1.05,-29.12,35.07,Stab,Right
1708334610949,0.326472,-0.64904,0.357216,9.52,-55.79,77.28,Stab,Right
1708334610950,0.105896,-1.51036,0.319152,-2.73,-69.23,57.19,Stab,Right
1708334610950,0.371856,-1.929064,0.069296,-9.1,-13.37,43.4,Stab,Right
1708334611001,0.165432,-2.164768,0.24644,-4.34,-8.89,-15.05,Stab,Right
1708334611002,0.473848,-1.604056,0.358192,-8.12,26.32,-48.23,Stab,Right
1708334611003,0.541192,-0.788608,0.653432,7.56,24.57,-44.31,Stab,Right
1708334611106,0.330864,-0.357216,0.888648,11.76,18.48,-70.14,Stab,Right
1708334611106,0.372832,0.19032,0.891576,3.92,39.55,-41.51,Stab,Right
1708334611106,0.273768,0.22204,0.959896,11.13,9.59,-13.65,Stab,Right
1708334611106,0.18056,-0.03416,0.825208,21.07,-31.78,-11.9,Stab,Right
1708334611106,0.246928,-0.15372,0.700768,13.93,-42.28,7.0,Stab,Right
1708334611107,0.292312,-0.296704,0.621712,0.42,-57.96,36.89,Stab,Right
1708334611157,0.29768,-0.786656,0.3416,2.45,-87.08,58.59,Stab,Right
1708334611158,0.230824,-1.311256,0.406016,-22.33,-98.35,39.13,Stab,Right
1708334611158,0.492392,-1.264408,0.174704,-38.85,-82.81,35.91,Stab,Right
1708334611288,0.29036,-1.140456,0.1098,-29.82,-65.73,19.46,Stab,Right
1708334611288,0.366488,-0.916952,0.261568,-37.17,-58.03,1.96,Stab,Right
1708334611289,0.472872,-0.628544,0.465552,-34.3,-35.28,4.83,Stab,Right
1708334611289,0.534848,-0.349896,0.649528,-34.51,-48.09,10.85,Stab,Right
1708334611290,0.499712,-0.205936,0.658312,-16.1,-57.4,38.29,Stab,Right
1708334611290,0.583648,-0.30988,0.792512,-3.71,-67.83,62.72,Stab,Right
1708334611290,0.401624,-0.647088,0.75396,-9.66,-100.66,104.16,Stab,Right
1708334611350,0.085888,-1.024312,0.470432,-39.48,-62.3,142.03,Stab,Right
1708334611350,-0.027328,-1.321016,0.115656,-66.85,-37.52,147.84,Stab,Right
1708334611350,-0.064904,-1.528416,-0.044408,-57.47,-38.43,105.98,Stab,Right
1708334611350,-0.000488,-1.395192,0.167872,-29.82,3.99,111.44,Stab,Right
1708334611405,0.033672,-1.186328,0.323544,-51.31,32.55,107.87,Stab,Right
1708334611406,0.218624,-0.860344,0.44164,-45.99,33.25,84.7,Stab,Right
1708334611406,0.318664,-0.699792,0.55632,-17.57,-11.62,67.55,Stab,Right
1708334611516,0.167384,-0.660752,0.41968,23.52,-49.49,50.61,Stab,Right
1708334611516,0.4758,-0.969168,0.45384,66.43,-73.43,47.88,Stab,Right
1708334611517,0.134688,-1.020896,0.525088,105.14,-82.67,89.32,Stab,Right
1708334611517,0.079544,-1.281488,0.482144,92.68,-44.73,136.99,Stab,Right
1708334611517,-0.0976,-1.29564,0.480192,54.46,-29.19,169.05,Stab,Right
1708334611518,-0.109312,-1.187304,0.529968,3.01,-2.87,172.97,Stab,Right
1708334611518,-0.113704,-1.16632,0.465064,-36.4,-5.25,135.73,Stab,Right
1708334611573,-0.17568,-1.012112,0.37576,-57.82,-34.44,92.12,Stab,Right
1708334611574,-0.151768,-0.775432,0.299144,-58.1,1.26,36.33,Stab,Right
1708334611574,-0.787632,-0.951112,0.540216,-19.04,112.28,2.52,Stab,Right
1708334611691,0.359656,-0.827648,0.313296,-13.86,283.22,54.53,Stab,Right
1708334611691,-0.047824,-0.841312,0.502152,-10.22,27.44,61.67,Stab,Right
1708334611691,-0.038064,-0.8174,0.506056,5.67,16.17,50.05,Stab,Right
1708334611692,-0.149816,-0.798856,0.12688,12.04,24.57,27.79,Stab,Right
1708334611692,-0.427976,-0.808616,0.47092,30.03,54.95,21.84,Stab,Right
1708334611692,0.442128,-0.93208,0.254736,-29.4,237.37,33.25,Stab,Right
1708334611692,0.325008,-1.043344,0.383568,-56.42,-88.69,-83.37,Stab,Right
1708334611745,0.412848,-0.986248,-0.15616,-1.33,46.48,-211.75,Stab,Right
1708334611745,-0.097112,-0.449448,0.023424,92.4,127.68,-314.09,Stab,Right
1708334611745,-0.393328,-0.940864,0.786656,91.0,16.45,-251.44,Stab,Right
1708334611788,-1.123864,-1.64944,0.093696,88.69,-118.72,-0.28,Stab,Right
1708334611788,-0.13908,-0.98332,0.310368,7.21,142.66,227.08,Stab,Right
1708334611788,-0.129808,-0.96136,0.292312,-119.84,186.34,246.68,Stab,Right
1708334611841,0.030256,-0.707112,0.478728,-206.29,203.91,222.32,Stab,Right
1708334611841,-0.271328,-0.756888,0.833992,-194.32,-17.36,211.61,Stab,Right
1708334611841,-0.306464,-0.853024,0.159088,-102.41,111.51,268.24,Stab,Right
1708334611923,-0.566568,-1.028704,-0.009272,-18.83,98.77,255.15,Stab,Right
1708334611925,-0.702232,-1.030168,0.083936,25.55,257.74,239.75,Stab,Right
1708334611925,-0.612928,-0.968192,0.088816,35.35,300.09,216.79,Stab,Right
1708334611926,-0.142984,-0.721752,-0.030744,29.47,216.09,158.27,Stab,Right
1708334611926,-0.270352,-0.571448,0.179096,-9.73,86.8,5.88,Stab,Right
1708334611975,-0.54656,-0.706136,0.055632,-78.05,105.98,-62.51,Stab,Right
1708334611975,-0.900848,-0.758352,-0.267424,-150.78,174.93,-2.59,Stab,Right
1708334611975,-0.88816,-0.789584,-0.536312,-213.01,334.11,76.72,Stab,Right
1708334612025,-0.611952,-0.595848,-0.472384,-160.58,379.82,116.55,Stab,Right
1708334612025,-0.018056,-0.706624,-0.63684,34.09,179.41,43.75,Stab,Right
1708334612027,-0.382592,-0.767136,-0.47824,141.26,-219.87,24.29,Stab,Right
1708334612130,-0.79056,-0.6222,-0.094184,135.94,-351.19,-10.64,Stab,Right
1708334612130,-1.088728,-0.947208,-0.244,131.04,-8.75,-13.65,Stab,Right
1708334612131,-0.877424,-1.206336,-0.003416,101.92,-21.07,-69.86,Stab,Right
1708334612131,-0.636352,-0.821792,0.02684,94.15,-36.47,-113.54,Stab,Right
1708334612131,-0.437248,-0.897432,0.096624,57.82,51.17,-117.25,Stab,Right
1708334612132,-0.199592,-0.630984,0.176656,34.93,75.67,-57.68,Stab,Right
1708334612179,-0.393328,-0.792512,0.113704,19.32,76.79,11.13,Stab,Right
1708334612179,-0.657336,-0.58316,-0.265472,-1.19,90.58,24.22,Stab,Right
1708334612180,-0.650992,-0.823256,-0.034648,82.11,42.91,-3.29,Stab,Right
1708334612223,-0.608536,-0.904752,-0.005368,31.15,45.64,-30.52,Stab,Right
1708334612223,-0.25376,-0.788608,-0.10248,-10.22,150.01,0.42,Stab,Right
1708334612225,-0.249368,-0.708576,-0.103456,30.03,36.12,57.26,Stab,Right
1708334612271,-0.433832,-0.779336,-0.042456,69.23,73.15,106.4,Stab,Right
1708334612271,-0.440176,-0.650016,-0.225944,86.1,43.96,164.99,Stab,Right
1708334612272,-0.611952,-0.76128,-0.130296,96.6,54.74,218.26,Stab,Right
1708334612317,-1.229272,-0.952088,0.448472,105.42,113.33,228.34,Stab,Right
1708334612318,-0.921832,-0.625616,-0.078568,97.58,237.3,151.2,Stab,Right
1708334612369,-1.003816,-0.70028,-0.228872,108.08,192.29,63.49,Stab,Right
1708334612369,-0.853024,-0.62464,-0.299144,93.24,137.97,6.16,Stab,Right
1708334612369,-0.647088,-0.548512,-0.33672,40.39,-36.54,-20.3,Stab,Right
1708334612510,-0.443104,-0.503616,-0.234728,2.52,16.73,3.15,Stab,Right
1708334612510,-0.485072,-0.654408,-0.244976,17.22,8.96,46.55,Stab,Right
1708334612510,-0.50508,-0.56608,-0.244488,43.4,58.94,80.85,Stab,Right
1708334612510,-1.02236,-0.764696,-0.130296,15.54,-42.84,56.07,Stab,Right
1708334612510,-0.91012,-0.677344,-0.182512,-13.86,-4.76,2.1,Stab,Right
1708334612510,-0.62708,-0.621224,-0.357704,11.06,5.04,-23.45,Stab,Right
1708334612510,-0.64904,-0.65392,-0.296216,37.38,29.4,-2.24,Stab,Right
1708334612611,-0.769088,-0.665632,-0.233264,36.19,70.14,-0.07,Stab,Right
1708334612611,-0.90524,-0.637328,-0.184464,30.66,85.54,-13.23,Stab,Right
1708334612611,-0.889624,-0.555344,-0.137616,28.14,96.04,-30.8,Stab,Right
1708334612611,-0.638792,-0.438224,-0.0732,-25.41,113.54,-26.6,Stab,Right
1708334612612,-0.504104,-0.455792,0.018544,-19.53,50.54,-7.77,Stab,Right
1708334612612,-0.548024,-0.508496,-0.076616,-0.56,-0.84,16.45,Stab,Right
1708334612612,-0.55388,-0.567544,-0.347944,-11.34,38.57,27.37,Stab,Right
1708334612664,-0.77104,-0.701744,-0.310368,0.21,32.9,22.61,Stab,Right
1708334612665,-0.83936,-0.648064,-0.293288,4.69,38.78,-1.61,Stab,Right
1708334612665,-0.821792,-0.65392,-0.191784,14.7,38.71,-8.96,Stab,Right
1708334612746,-0.700768,-0.538752,-0.16836,20.58,13.86,-5.95,Stab,Right
1708334612747,-0.551928,-0.684176,-0.198128,33.74,-5.32,7.77,Stab,Right
1708334612747,-0.83692,-0.821304,-0.169824,3.43,65.38,5.88,Stab,Right
1708334612747,-0.650504,-0.769576,-0.273768,-20.37,141.33,23.1,Stab,Right
1708334612747,-0.702232,-0.686616,-0.428464,-25.2,157.71,34.86,Stab,Right
1708334612802,-0.813984,-0.61732,-0.457256,-12.25,199.5,23.8,Stab,Right
1708334612803,-0.782752,-0.624152,-0.44896,12.11,232.12,5.18,Stab,Right
1708334612803,-0.83692,-0.496784,-0.430904,21.98,241.99,9.24,Stab,Right
1708334612803,-0.453352,-0.694424,-0.536312,61.18,148.89,33.95,Stab,Right
1708334612855,-0.471896,-0.460672,-0.615856,9.03,96.67,36.54,Stab,Right
1708334612855,-0.508496,-0.608536,-0.69296,5.74,23.03,42.35,Stab,Right
1708334612855,-0.457256,-0.657824,-0.631472,-6.44,36.4,27.65,Stab,Right
1708334612953,-0.443104,-0.534848,-0.545584,-21.42,45.22,37.66,Stab,Right
1708334612953,-0.54168,-0.512888,-0.530944,-14.63,72.87,23.1,Stab,Right
1708334612953,-0.55876,-0.455792,-0.630984,-17.92,96.53,11.97,Stab,Right
1708334612955,-0.471896,-0.438224,-0.668072,-34.79,134.54,15.05,Stab,Right
1708334612955,-0.618296,-0.413336,-0.6588,-56.07,175.7,-0.91,Stab,Right
1708334613008,-0.70516,-0.518744,-0.827648,-35.84,164.15,-25.83,Stab,Right
1708334613009,-0.602192,-0.538264,-0.745176,-12.04,181.93,-34.23,Stab,Right
1708334613009,-0.437248,-0.668072,-0.763232,37.31,131.18,-13.58,Stab,Right
1708334613009,-0.381616,-0.711992,-0.511424,52.15,90.37,22.61,Stab,Right
1708334613138,-0.306464,-0.58072,-0.532896,-3.85,102.2,40.25,Stab,Right
1708334613139,-0.396744,-0.550464,-0.659288,-0.91,40.74,39.48,Stab,Right
1708334613139,-0.284504,-0.473848,-0.718824,-5.46,51.38,36.12,Stab,Right
1708334613139,-0.260592,-0.560712,-0.674416,-4.41,76.44,35.42,Stab,Right
1708334613139,-0.197152,-0.560224,-0.721264,-16.59,103.04,34.44,Stab,Right
1708334613140,-0.04148,-0.525576,-0.673928,-23.31,90.72,63.21,Stab,Right
1708334613140,-0.006344,-0.554856,-0.772016,-46.48,31.78,132.51,Stab,Right
1708334613190,-0.769576,-0.521672,-1.230736,-18.97,112.7,49.56,Stab,Right
1708334613190,-0.513376,-0.464088,-0.956968,16.38,79.31,12.04,Stab,Right
1708334613192,-0.486536,-0.474824,-0.979416,17.57,-38.22,17.71,Stab,Right
1708334613192,-0.182024,-0.444568,-0.6222,4.06,-24.01,18.41,Stab,Right
1708334613238,-0.370392,-0.479216,-0.665144,-10.78,-57.47,17.5,Stab,Right
1708334613238,-0.34404,-0.4148,-0.965752,0.21,54.67,-27.51,Stab,Right
1708334613358,-0.099552,-0.42456,-0.603656,-6.93,40.6,36.4,Stab,Right
1708334613359,-0.218136,-0.42456,-0.857904,3.99,40.04,37.38,Stab,Right
1708334613359,-0.33428,-0.349408,-0.783728,11.83,17.57,31.85,Stab,Right
1708334613359,-0.274256,-0.30012,-0.926224,14.35,52.99,24.22,Stab,Right
1708334613360,-0.281576,-0.476288,-0.879376,16.24,10.36,12.6,Stab,Right
1708334613360,-0.34648,-0.635376,-0.974536,30.66,-3.78,11.27,Stab,Right
1708334613361,-0.149816,-0.748104,-0.806176,53.83,17.15,14.35,Stab,Right
1708334613407,-0.315248,-0.697352,-0.515816,26.11,15.54,27.44,Stab,Right
1708334613407,-0.223504,-0.711504,-0.720776,29.05,27.58,31.64,Stab,Right
1708334613407,-0.169336,-0.61976,-0.784216,33.25,34.16,39.9,Stab,Right
1708334613457,-0.087352,-0.560712,-0.799344,35.0,51.17,48.65,Stab,Right
1708334613457,-0.099552,-0.46116,-0.806176,28.21,74.34,48.79,Stab,Right
1708334613457,-0.094184,-0.467992,-0.86376,22.54,98.49,45.92,Stab,Right
1708334613501,-0.065392,-0.515816,-0.88816,10.78,117.39,41.65,Stab,Right
1708334613501,0.061,-0.455792,-1.038464,8.68,245.14,47.46,Stab,Right
1708334613501,-0.294264,-0.33672,-0.87596,24.08,115.85,31.08,Stab,Right
1708334613550,-0.286456,-0.203496,-0.7808,28.7,40.88,14.56,Stab,Right
1708334613550,-0.210816,-0.031232,-0.5368,39.69,37.1,17.85,Stab,Right
1708334613551,-0.130784,-0.121024,-0.696376,39.62,82.32,23.59,Stab,Right
1708334613596,-0.093696,-0.090768,-0.850096,39.83,101.22,15.19,Stab,Right
1708334613597,-0.211792,-0.356728,-1.226344,38.92,85.4,1.75,Stab,Right
1708334613642,0.12688,-0.66124,-1.0858,55.16,33.81,-14.35,Stab,Right
1708334613642,0.372344,-1.193648,-0.996008,50.96,11.69,-2.52,Stab,Right
1708334613642,0.451888,-1.624064,-0.717848,34.65,15.19,-4.55,Stab,Right
1708334613690,0.232288,-1.699216,-0.80276,4.34,40.67,-13.79,Stab,Right
1708334613690,0.183,-1.16144,-0.607072,-3.5,84.35,0.56,Stab,Right
1708334613690,-0.338672,-0.155184,-0.599752,-18.62,128.66,9.24,Stab,Right
1708334613773,-0.387472,0.422608,-0.807152,-9.38,140.56,12.74,Stab,Right
1708334613773,-0.295728,0.430416,-0.946232,3.01,102.83,7.77,Stab,Right
1708334613773,-0.101016,0.305488,-0.777872,-0.7,47.46,-1.89,Stab,Right
1708334613774,0.216184,-0.048312,-0.855952,9.24,18.76,2.73,Stab,Right
1708334613774,0.408944,-0.645624,-0.82228,22.61,-3.36,28.28,Stab,Right
1708334613840,0.439688,-1.290272,-0.604144,1.68,-19.95,7.28,Stab,Right
1708334613840,0.630496,-1.640168,-0.674904,7.84,-2.45,8.75,Stab,Right
1708334613841,0.28548,-1.438136,-0.726632,-4.55,45.78,-4.48,Stab,Right
1708334613956,0.193248,-1.07116,-1.006256,-29.54,22.33,3.71,Stab,Right
1708334613957,-0.0854,-0.550464,-1.103856,-3.29,47.18,-6.72,Stab,Right
1708334613957,-0.140056,-0.27572,-1.052616,-5.11,8.26,-17.15,Stab,Right
1708334613957,0.071248,-0.138104,-0.952576,-21.49,-21.98,-16.73,Stab,Right
1708334613958,0.145424,-0.091256,-0.872544,-17.01,-23.8,-7.21,Stab,Right
1708334613958,0.055144,-0.025864,-0.711016,-12.95,-17.85,-2.1,Stab,Right
1708334613958,-0.007808,-0.081008,-0.605608,-7.84,-12.04,-3.5,Stab,Right
1708334614077,0.05124,-0.132248,-0.587064,4.2,-10.01,0.21,Stab,Right
1708334614077,0.174216,-0.485072,-0.71004,20.51,-2.59,20.02,Stab,Right
1708334614078,0.13176,-0.924272,-0.690032,40.25,-7.91,20.44,Stab,Right
1708334614078,0.19276,-1.21268,-0.732488,23.31,-23.31,2.66,Stab,Right
1708334614078,0.318664,-1.383968,-0.943792,17.43,-5.39,11.76,Stab,Right
1708334614079,0.19764,-1.334192,-0.957944,-6.44,-4.13,-0.98,Stab,Right
1708334614079,0.223504,-0.938424,-0.935984,-17.92,-11.55,16.45,Stab,Right
1708334614124,-0.055632,-0.529968,-1.043344,-4.27,25.76,2.73,Stab,Right
1708334614125,0.031232,-0.114192,-0.874496,-19.6,-17.99,4.76,Stab,Right
1708334614125,-0.091256,0.209352,-0.825696,-14.84,-6.09,5.46,Stab,Right
1708334614173,-0.1098,0.020496,-0.82228,-21.21,-28.21,2.03,Stab,Right
1708334614173,-0.05612,-0.116632,-0.532896,-20.79,-28.63,-1.05,Stab,Right
1708334614173,0.06832,-0.21716,-0.545096,-9.87,-18.55,1.54,Stab,Right
1708334614280,0.237656,-0.343552,-0.665632,10.71,4.48,16.03,Stab,Right
1708334614280,0.2074,-0.732976,-0.730536,46.62,29.96,22.61,Stab,Right
1708334614281,0.1098,-0.9638,-0.699304,27.93,20.3,0.84,Stab,Right
1708334614281,0.394304,-1.330288,-1.119472,19.25,-5.11,3.01,Stab,Right
1708334614281,0.235216,-1.129232,-0.72712,16.03,10.85,-5.88,Stab,Right
1708334614282,0.272304,-1.030656,-1.075064,-18.76,-7.21,-5.95,Stab,Right
1708334614282,0.066856,-0.711504,-1.01748,-20.37,-5.46,-5.6,Stab,Right
1708334614325,-0.028792,-0.368928,-1.037488,-13.72,-4.2,-12.6,Stab,Right
1708334614325,-0.086864,0.03172,-0.808616,-8.12,-16.66,-16.59,Stab,Right
1708334614377,-0.095648,0.128832,-0.760304,-14.63,-30.1,-20.37,Stab,Right
1708334614381,-0.112728,0.049776,-0.642208,-12.88,-28.77,-20.79,Stab,Right
1708334614381,0.0244,-0.01708,-0.667584,-5.88,-25.62,-10.5,Stab,Right
1708334614421,0.172752,-0.345992,-0.833992,20.02,-18.41,7.35,Stab,Right
1708334614421,0.00976,-0.62952,-0.440664,35.56,-2.45,-2.66,Stab,Right
1708334614421,0.325496,-1.313208,-0.748104,18.76,2.59,-12.46,Stab,Right
1708334614466,0.405528,-1.758752,-0.884256,24.15,14.21,8.05,Stab,Right
1708334614466,0.173728,-1.618696,-0.827648,1.75,20.16,-6.72,Stab,Right
1708334614466,0.069784,-1.026264,-0.9394,-25.55,7.63,14.84,Stab,Right
1708334614514,-0.081008,-0.620736,-1.106296,4.62,65.73,-5.88,Stab,Right
1708334614514,-0.193736,-0.132736,-1.088728,-30.94,-29.47,-1.33,Stab,Right
1708334614559,0.103944,0.011224,-1.004304,-20.09,-39.13,-0.14,Stab,Right
1708334614559,0.04148,0.260592,-0.835456,-15.96,-51.1,1.47,Stab,Right
1708334614559,-0.052704,-0.024888,-0.799344,-31.99,-50.61,0.0,Stab,Right
1708334614608,-0.10248,0.006344,-0.452864,-26.6,-38.08,-5.39,Stab,Right
1708334614608,-0.02928,-0.016592,-0.488488,-5.39,-0.28,-9.17,Stab,Right
1708334614608,0.20252,-0.269376,-0.677344,17.36,17.99,15.82,Stab,Right
1708334614652,-0.022936,-0.382104,-0.538264,41.58,50.61,13.23,Stab,Right
1708334614652,0.113704,-0.926712,-0.840336,41.02,26.67,-7.21,Stab,Right
1708334614652,0.426512,-1.44204,-0.982832,43.96,-14.28,-3.15,Stab,Right
1708334614790,0.350384,-1.581608,-0.846192,36.12,-4.97,-0.98,Stab,Right
1708334614791,0.293776,-1.475712,-0.94428,3.85,5.32,-13.02,Stab,Right
1708334614791,0.09028,-1.03944,-0.961848,-21.98,-14.7,10.71,Stab,Right
1708334614791,-0.129808,-0.678808,-1.135088,-18.34,36.96,-18.55,Stab,Right
1708334614791,-0.074664,-0.44652,-1.06872,-24.78,-12.39,-12.32,Stab,Right
1708334614792,-0.079544,-0.154696,-1.042368,-33.95,-23.87,-9.94,Stab,Right
1708334614792,-0.005368,0.137128,-0.80276,-31.78,-52.43,4.9,Stab,Right
1708334614838,-0.163968,0.16348,-0.587064,-29.82,-28.91,13.23,Stab,Right
1708334614838,-0.26596,0.024888,-0.447008,-16.94,-0.14,11.69,Stab,Right
1708334614838,-0.140056,-0.068808,-0.488976,0.84,11.55,14.42,Stab,Right
1708334614838,0.152744,-0.310856,-0.655384,28.98,21.42,20.23,Stab,Right
1708334614885,0.234728,-0.704672,-0.62464,62.23,14.56,28.98,Stab,Right
1708334614885,0.244,-1.12484,-0.692472,50.82,17.15,8.61,Stab,Right
1708334614933,0.51484,-1.458144,-1.079456,39.62,5.53,6.51,Stab,Right
1708334614933,0.166408,-1.236592,-0.983808,22.82,7.0,-11.41,Stab,Right
1708334614933,0.227896,-1.093608,-1.148264,-9.8,-26.18,-4.69,Stab,Right
1708334614981,0.060512,-0.691984,-1.072624,-30.24,-26.04,-6.51,Stab,Right
1708334614982,-0.074664,-0.491416,-1.124352,-33.74,-17.85,-6.02,Stab,Right
1708334614982,-0.071736,-0.342576,-1.079456,-52.57,-47.11,-8.33,Stab,Right
1708334615104,0.015128,-0.194224,-0.916464,-54.39,-67.06,-3.36,Stab,Right
1708334615104,-0.104432,0.089304,-0.666608,-38.57,-55.37,3.08,Stab,Right
1708334615104,-0.179584,-0.089792,-0.596336,-33.74,-38.29,1.61,Stab,Right
1708334615105,-0.18788,-0.157136,-0.449448,-15.96,-14.63,1.33,Stab,Right
1708334615105,-0.174704,-0.121512,-0.398696,3.08,17.22,5.53,Stab,Right
1708334615105,0.045872,-0.091256,-0.633424,19.04,39.13,17.43,Stab,Right
1708334615106,0.06588,-0.4758,-0.90524,56.14,45.78,33.11,Stab,Right
1708334615156,0.141032,-0.844728,-0.80032,47.74,-2.03,-5.39,Stab,Right
1708334615156,0.374296,-1.208288,-0.944768,47.04,-6.37,-2.24,Stab,Right
1708334615200,0.233752,-1.053592,-1.016504,-14.0,-8.26,-18.06,Stab,Right
1708334615246,-0.122488,-0.383568,-1.120448,-21.7,-2.24,-24.36,Stab,Right
1708334615246,-0.1952,-0.218136,-0.94672,-39.69,-50.19,-26.6,Stab,Right
1708334615293,-0.040016,-0.175192,-0.816424,-38.01,-59.78,-22.96,Stab,Right
1708334615294,-0.137616,-0.0732,-0.576816,-24.5,-44.03,-9.52,Stab,Right
1708334615343,-0.220576,-0.110776,-0.544608,-9.38,-5.18,-7.56,Stab,Right
1708334615343,-0.219112,-0.064416,-0.4392,8.05,15.82,-9.1,Stab,Right
1708334615343,-0.113216,-0.082472,-0.577792,24.85,32.34,2.66,Stab,Right
1708334615388,0.05856,-0.27572,-0.874496,51.59,35.98,19.18,Stab,Right
1708334615389,0.006832,-0.671,-0.842288,74.83,33.39,23.66,Stab,Right
1708334615389,0.069296,-1.038952,-0.916464,56.7,2.45,6.58,Stab,Right
1708334615439,0.399672,-1.475224,-1.02968,37.1,-16.87,6.23,Stab,Right
1708334615440,0.205936,-1.397144,-0.909632,14.07,3.71,-10.85,Stab,Right
1708334615440,0.189344,-1.243912,-1.001376,-15.89,-4.48,-11.69,Stab,Right
1708334615489,0.009272,-0.81008,-1.035536,-42.0,-13.72,0.14,Stab,Right
1708334615489,-0.058072,-0.557296,-1.036512,-28.98,6.51,-3.01,Stab,Right
1708334615490,-0.121024,-0.06588,-0.996984,-37.45,-17.01,-9.24,Stab,Right
1708334615612,-0.18544,0.374784,-0.78324,-15.47,-28.49,8.61,Stab,Right
1708334615612,-0.418216,0.36112,-0.662216,-21.77,-16.66,8.89,Stab,Right
1708334615612,-0.31476,-0.015616,-0.486536,-13.51,1.19,12.18,Stab,Right
1708334615613,-0.252296,-0.057584,-0.479216,-2.1,-2.87,9.87,Stab,Right
1708334615613,0.137616,-0.347944,-0.726144,32.06,9.03,18.48,Stab,Right
1708334615613,0.38308,-0.702232,-0.72956,64.05,-0.98,25.48,Stab,Right
1708334615613,0.311344,-0.92232,-0.617808,54.04,20.09,6.79,Stab,Right
1708334615717,0.374784,-1.272216,-1.012112,40.04,36.82,-2.59,Stab,Right
1708334615718,0.123464,-1.138504,-1.044808,29.05,18.13,-14.91,Stab,Right
1708334615718,0.113704,-1.018944,-1.10532,5.46,3.43,-20.58,Stab,Right
1708334615719,0.034648,-0.78568,-1.035048,-6.37,-7.28,-24.78,Stab,Right
1708334615719,-0.011712,-0.530456,-1.042368,-25.83,-29.19,-17.92,Stab,Right
1708334615719,-0.0732,-0.33184,-1.003816,-31.99,-31.92,-14.42,Stab,Right
1708334615822,-0.136152,-0.12932,-0.85644,-29.89,-44.1,-20.02,Stab,Right
1708334615822,-0.10004,-0.088816,-0.73688,-29.05,-49.77,-16.87,Stab,Right
1708334615822,-0.141032,-0.234728,-0.659776,-17.92,-27.51,-8.96,Stab,Right
1708334615822,-0.183976,-0.258152,-0.537776,-3.29,-4.97,-11.83,Stab,Right
1708334615822,-0.055632,-0.323056,-0.554856,14.42,10.08,1.75,Stab,Right
1708334615823,-0.029768,-0.305976,-0.59048,30.31,29.54,11.48,Stab,Right
1708334615876,0.008784,-0.445544,-0.851072,43.4,16.31,15.82,Stab,Right
1708334615876,0.016104,-0.662216,-0.893528,51.59,-4.62,-0.91,Stab,Right
1708334615877,0.220576,-1.11264,-1.013576,43.96,-23.17,-12.67,Stab,Right
1708334615877,0.280112,-1.207312,-0.984296,29.26,-27.86,-5.53,Stab,Right
1708334616019,0.066856,-1.136552,-0.842288,4.48,-13.3,-14.77,Stab,Right
1708334616020,0.126392,-1.118008,-0.92232,-23.24,-14.42,-17.29,Stab,Right
1708334616020,0.152744,-1.040416,-0.987712,-45.43,-19.25,-0.35,Stab,Right
1708334616020,-0.163968,-0.785192,-1.100928,-36.82,3.71,5.18,Stab,Right
1708334616020,-0.281088,-0.408944,-0.913048,-39.13,-17.85,-8.82,Stab,Right
1708334616021,-0.055632,-0.177632,-0.77348,-31.22,-27.16,-5.46,Stab,Right
1708334616021,-0.171288,0.27572,-0.5368,-8.68,-20.09,18.41,Stab,Right
1708334616072,-0.397232,0.113216,-0.686128,-6.79,22.47,10.78,Stab,Right
1708334616073,-0.244488,0.062464,-0.49044,1.12,17.29,9.66,Stab,Right
1708334616073,-0.166896,-0.018544,-0.62464,12.25,21.28,6.44,Stab,Right
1708334616073,0.172264,-0.30256,-0.753472,33.39,8.47,10.71,Stab,Right
1708334616120,0.315736,-0.635864,-0.77836,52.78,0.42,21.63,Stab,Right
1708334616121,0.193736,-1.147776,-0.960872,41.51,26.67,-5.32,Stab,Right
1708334616121,0.16836,-1.202432,-1.02724,30.73,0.91,-10.5,Stab,Right
1708334616165,0.115656,-1.082384,-0.940864,12.74,-4.62,-14.28,Stab,Right
1708334616166,0.077104,-0.970144,-0.99308,-11.06,-0.35,-19.11,Stab,Right
1708334616166,-0.08296,-0.706624,-1.038952,-17.08,12.39,-14.14,Stab,Right
1708334616215,-0.161528,-0.450912,-1.004792,-24.36,4.9,-15.12,Stab,Right
1708334616215,-0.153232,-0.208376,-1.00772,-31.99,-19.11,-18.41,Stab,Right
1708334616215,-0.060512,-0.033672,-0.772504,-27.93,-38.64,-11.55,Stab,Right
1708334616328,-0.083448,-0.092232,-0.618784,-18.06,-4.62,-3.57,Stab,Right
1708334616329,-0.122,-0.078568,-0.472872,-0.56,13.09,-0.7,Stab,Right
1708334616329,-0.030744,-0.231312,-0.595848,19.11,33.32,4.06,Stab,Right
1708334616329,-0.08784,-0.301584,-0.630984,34.72,51.31,-11.9,Stab,Right
1708334616330,0.101992,-0.596824,-0.855952,44.38,18.55,-9.38,Stab,Right
1708334616330,0.254736,-0.91256,-0.879376,60.83,12.67,-6.72,Stab,Right
1708334616433,0.238632,-1.196576,-0.893528,59.36,13.51,-1.12,Stab,Right
1708334616435,0.086864,-1.220488,-0.906216,27.23,2.31,-9.87,Stab,Right
1708334616435,0.020984,-1.087752,-0.993568,3.43,3.43,-17.99,Stab,Right
1708334616435,0.035136,-0.960872,-1.104832,-15.12,-13.44,-10.15,Stab,Right
1708334616436,0.01952,-0.796904,-1.04676,-26.11,-25.27,-0.91,Stab,Right
1708334616436,-0.091256,-0.635376,-1.032608,-50.47,-42.91,3.99,Stab,Right
1708334616535,-0.035624,-0.526064,-0.9394,-60.97,-56.42,-0.14,Stab,Right
1708334616535,0.06588,-0.308904,-0.715896,-54.11,-61.25,0.42,Stab,Right
1708334616536,-0.10736,-0.110288,-0.469456,-37.45,-26.32,1.05,Stab,Right
1708334616536,-0.189832,0.027328,-0.527528,-18.2,9.1,8.75,Stab,Right
1708334616536,-0.218136,-0.061,-0.585112,3.43,37.17,10.5,Stab,Right
1708334616537,-0.164944,-0.016104,-0.57828,14.56,38.36,2.73,Stab,Right
1708334616585,-0.01464,-0.050264,-0.683688,27.02,29.82,4.83,Stab,Right
1708334616585,0.138592,-0.157136,-0.839848,52.15,25.83,14.28,Stab,Right
1708334616585,0.078568,-0.384544,-0.8418,66.5,-2.1,12.6,Stab,Right
1708334616716,0.125904,-0.855952,-0.858392,74.76,-3.43,-9.52,Stab,Right
1708334616717,0.266448,-1.386896,-0.914512,76.79,-3.78,-10.71,Stab,Right
1708334616717,0.242048,-1.595272,-0.758352,54.53,-2.17,-3.78,Stab,Right
1708334616717,0.138592,-1.557696,-0.806664,11.55,14.07,-12.46,Stab,Right
1708334616717,0.203984,-1.255136,-0.972584,-23.87,19.6,4.83,Stab,Right
1708334616717,-0.20496,-0.704672,-0.938424,-27.51,65.03,-4.48,Stab,Right
1708334616718,0.042944,-0.343064,-1.012112,-77.0,-24.85,-16.8,Stab,Right
1708334616771,0.06832,-0.118096,-0.9394,-66.85,-11.34,-10.99,Stab,Right
1708334616771,-0.051728,-0.067832,-0.892064,-38.15,-9.45,3.99,Stab,Right
1708334616772,-0.20252,0.101016,-0.716872,-21.56,-10.64,1.19,Stab,Right
1708334616772,-0.163968,-0.01464,-0.662704,-4.83,-27.44,5.04,Stab,Right
1708334616906,-0.169336,0.09516,-0.482144,16.73,-10.08,4.2,Stab,Right
1708334616906,-0.00732,0.030256,-0.630984,37.59,1.05,12.04,Stab,Right
1708334616906,0.099552,-0.445056,-0.806176,56.21,-8.47,27.72,Stab,Right
1708334616907,0.052704,-0.983808,-0.817888,57.82,-3.36,4.97,Stab,Right
1708334616907,0.282064,-1.445944,-0.926712,58.24,-9.66,8.12,Stab,Right
1708334616907,0.395768,-1.701168,-0.786168,44.59,-5.11,12.25,Stab,Right
1708334616907,0.189832,-1.600152,-0.817888,12.11,27.65,-0.56,Stab,Right
1708334616952,0.192272,-1.154608,-0.862784,-15.33,41.65,4.27,Stab,Right
1708334616952,-0.188368,-0.792512,-0.877424,-37.59,59.22,-0.49,Stab,Right
1708334616952,0.112728,-0.325496,-0.979904,-70.07,-3.92,-0.35,Stab,Right
1708334617001,-0.061,0.169824,-0.84912,-5.74,33.32,8.54,Stab,Right
1708334617002,-0.211304,0.426024,-0.812032,-6.65,-9.52,3.36,Stab,Right
1708334617002,-0.056608,0.088328,-0.819352,-8.61,-23.87,-2.1,Stab,Right
1708334617126,-0.078568,0.189832,-0.533384,-4.55,-32.2,-13.58,Stab,Right
1708334617126,0.084912,-0.094672,-0.657336,13.51,-24.57,-10.5,Stab,Right
1708334617126,0.150304,-0.523624,-0.755912,45.22,-27.51,8.4,Stab,Right
1708334617127,0.122,-0.904264,-0.60024,55.23,-3.64,-12.81,Stab,Right
1708334617127,0.25864,-1.302472,-0.788608,43.96,-8.54,-7.77,Stab,Right
1708334617127,0.345504,-1.558184,-0.964776,34.3,0.7,-0.14,Stab,Right
1708334617127,0.14152,-1.475712,-0.989176,10.08,14.7,-16.45,Stab,Right
1708334617249,0.166896,-1.042856,-0.995032,-31.85,-20.65,11.13,Stab,Right
1708334617249,-0.058072,-0.767136,-1.170712,-28.84,38.57,-21.98,Stab,Right
1708334617249,-0.043432,-0.489952,-1.170224,-42.63,-27.86,-19.95,Stab,Right
1708334617249,-0.074176,-0.289384,-1.07848,-60.13,-63.77,-26.95,Stab,Right
1708334617249,0.040504,0.015128,-0.872544,-50.89,-80.99,-18.76,Stab,Right
1708334617250,-0.085888,0.279136,-0.522648,-37.38,-89.53,-12.39,Stab,Right
1708334617251,-0.220088,-0.0122,-0.499224,-34.09,-44.73,-12.25,Stab,Right
1708334617351,-0.33672,0.08784,-0.312808,-11.06,-7.56,-13.65,Stab,Right
1708334617352,-0.33184,-0.036112,-0.483608,18.83,22.96,-12.88,Stab,Right
1708334617352,0.014152,-0.581696,-0.704184,70.42,-2.73,20.3,Stab,Right
1708334617352,-0.101504,-0.768112,-0.510448,72.87,21.91,21.0,Stab,Right
1708334617353,0.199592,-1.348832,-0.79056,64.33,44.59,10.36,Stab,Right
1708334617353,0.427488,-1.619672,-1.024312,47.39,16.8,20.44,Stab,Right
1708334617353,0.26596,-1.419104,-0.983808,24.71,38.99,-0.7,Stab,Right
1708334617400,0.233752,-1.13948,-1.026752,-11.13,24.36,5.46,Stab,Right
1708334617400,-0.081984,-0.603168,-1.157536,-18.06,31.01,3.99,Stab,Right
1708334617401,-0.271328,-0.215208,-1.21756,-42.28,6.23,-8.33,Stab,Right
1708334617447,-0.0366,-0.041968,-1.0004,-35.35,-41.16,-6.44,Stab,Right
1708334617447,-0.186904,0.266936,-0.664656,-21.07,-50.89,0.7,Stab,Right
1708334617495,-0.174704,-0.045384,-0.715408,-23.52,-30.38,0.91,Stab,Right
1708334617497,-0.223992,-0.018544,-0.40992,-7.77,-9.59,-3.08,Stab,Right
1708334617497,-0.133224,-0.06832,-0.47824,9.52,16.52,-7.35,Stab,Right
1708334617540,0.103456,-0.440176,-0.720288,39.62,17.85,15.26,Stab,Right
1708334617540,0.03416,-0.698816,-0.611464,60.55,22.19,16.38,Stab,Right
1708334617540,0.170312,-1.20048,-0.867664,50.33,14.0,3.99,Stab,Right
1708334617586,0.365024,-1.522072,-1.002352,35.77,-6.02,6.09,Stab,Right
1708334617587,0.160064,-1.384456,-0.931592,15.47,4.83,-11.55,Stab,Right
1708334617587,0.163968,-1.22,-0.995032,-19.25,-19.25,-2.52,Stab,Right
1708334617632,0.010248,-0.796416,-1.044808,-35.35,-6.37,-0.84,Stab,Right
1708334617633,-0.137616,-0.518744,-1.115568,-36.54,-6.65,-5.25,Stab,Right
1708334617680,-0.067832,0.077592,-0.998448,-46.69,-66.71,-12.67,Stab,Right
1708334617680,-0.123464,0.341112,-0.737368,-24.36,-63.21,-8.96,Stab,Right
1708334617680,-0.157624,0.054656,-0.814472,-44.24,-74.9,-15.75,Stab,Right
1708334617726,-0.207888,-0.212768,-0.462624,-35.77,-63.63,-22.47,Stab,Right
1708334617727,-0.091256,-0.292312,-0.308904,-19.25,-60.41,-22.75,Stab,Right
1708334617727,0.081008,-0.607072,-0.55144,9.38,-40.67,-12.32,Stab,Right
1708334617773,-0.015128,-0.771528,-0.67832,37.87,-58.1,-8.12,Stab,Right
1708334617773,-0.101504,-0.923784,-0.651968,55.23,-89.32,-10.57,Stab,Right
1708334617773,-0.11468,-0.910608,-0.687104,54.81,-92.61,-15.47,Stab,Right
1708334617820,0.269376,-0.591456,-0.909632,61.25,-109.48,-27.58,Stab,Right
1708334617821,-0.402112,-0.61244,-0.7686,50.96,-156.17,-40.39,Stab,Right
1708334617867,0.012688,-0.483608,-1.033584,44.87,-71.05,-31.85,Stab,Right
1708334617867,-0.088328,-0.31232,-0.981368,30.8,-30.87,-39.76,Stab,Right
1708334617867,-0.208864,-0.165432,-0.963312,9.1,-6.58,-49.7,Stab,Right
1708334617921,-0.113704,-0.203008,-0.982344,-25.41,-62.3,-42.28,Stab,Right
1708334617921,-0.340624,-0.494832,-1.322968,-30.31,-162.47,-15.33,Stab,Right
1708334617922,-0.44408,-0.71248,-1.121424,-17.08,-179.97,-45.15,Stab,Right
1708334617974,-0.494832,-0.929152,-0.861808,-21.7,-185.57,-41.58,Stab,Right
1708334617974,-0.320128,-0.995032,-0.60756,-10.64,-206.5,-28.7,Stab,Right
1708334617974,-0.445544,-0.795928,-0.524112,6.93,-299.6,-24.71,Stab,Right
1708334618022,-0.345504,-0.525576,-0.26596,-28.91,-228.48,-20.02,Stab,Right
1708334618023,-0.534848,-0.572424,-0.359656,-9.31,-196.63,-17.99,Stab,Right
1708334618023,-0.597312,-0.610976,-0.3904,12.11,-185.36,-0.77,Stab,Right
1708334618083,-0.675392,-0.512888,-0.43432,41.44,-159.95,18.13,Stab,Right
1708334618087,-0.566568,-0.691008,-0.81008,37.66,-178.71,17.29,Stab,Right
1708334618087,-0.421632,-0.8296,-0.920368,7.49,-104.72,-5.88,Stab,Right
1708334618179,-0.489464,-0.762744,-0.667584,-6.86,-53.34,-11.97,Stab,Right
1708334618180,-0.547536,-0.67832,-0.474336,11.06,-55.44,-9.73,Stab,Right
1708334618180,-0.589992,-0.582184,-0.308416,-13.51,-72.87,4.76,Stab,Right
1708334618180,-0.6832,-0.5978,-0.150304,13.09,-86.59,-0.63,Stab,Right
1708334618180,-0.569496,-0.740784,-0.473848,13.86,-100.73,11.2,Stab,Right
1708334618180,-0.472872,-0.842288,-0.628056,6.02,-66.71,15.12,Stab,Right
1708334618277,-0.594384,-0.759816,-0.535824,0.56,-17.78,11.41,Stab,Right
1708334618277,-0.572424,-0.66124,-0.529968,-2.94,-11.55,12.88,Stab,Right
1708334618277,-0.676368,-0.612928,-0.45872,-8.05,-13.51,21.21,Stab,Right
1708334618277,-0.654408,-0.699792,-0.472384,-8.75,2.94,14.98,Stab,Right
1708334618278,-0.70516,-0.57828,-0.386984,7.35,35.7,7.0,Stab,Right
1708334618278,-0.650992,-0.428952,-0.284504,7.63,30.52,5.81,Stab,Right
1708334618328,-0.69296,-0.291824,-0.214232,15.4,44.17,-7.14,Stab,Right
1708334618328,-0.648064,-0.096136,-0.168848,31.36,59.01,-10.36,Stab,Right
1708334618329,-0.68564,-0.149816,-0.230336,44.66,80.5,-17.29,Stab,Right
1708334618378,-0.770064,-0.29768,-0.496296,57.54,69.44,-21.63,Stab,Right
1708334618378,-0.715896,-0.61,-0.74908,67.13,49.98,-15.75,Stab,Right
1708334618378,-0.681248,-1.086288,-1.03944,61.25,35.84,-5.32,Stab,Right
1708334618422,-0.552416,-1.415688,-1.000888,44.31,31.08,7.63,Stab,Right
1708334618423,-0.4392,-1.335168,-0.772504,15.33,47.53,19.39,Stab,Right
1708334618423,-0.276696,-0.894504,-0.887184,-36.96,7.07,-6.51,Stab,Right
1708334618469,-0.425048,-0.195688,-0.32452,-7.14,42.77,-25.06,Stab,Right
1708334618469,-0.957944,0.096136,0.10492,15.96,12.81,-24.15,Stab,Right
1708334618469,-0.772992,-0.061,-0.010736,-3.29,-22.61,-3.22,Stab,Right
1708334618515,-0.454816,-0.10492,-0.205936,0.49,-25.06,-14.7,Stab,Right
1708334618515,-0.364536,-0.27572,-0.404552,14.84,-38.57,-15.68,Stab,Right
1708334618577,-0.332328,-0.56364,-0.621224,28.14,-52.15,-17.22,Stab,Right
1708334618577,-0.379176,-0.903288,-0.594872,22.47,5.6,-38.29,Stab,Right
1708334618577,-0.264496,-1.236104,-0.644648,15.89,0.28,-27.23,Stab,Right
1708334618630,-0.349408,-1.440088,-0.712968,3.43,11.62,-27.37,Stab,Right
1708334618632,-0.499224,-1.273192,-0.630008,-10.15,56.0,-25.62,Stab,Right
1708334618632,-0.623176,-1.011136,-0.691008,-21.63,47.53,-12.81,Stab,Right
1708334618632,-0.780312,-0.711504,-0.612928,-38.36,28.7,-2.31,Stab,Right
1708334618764,-0.79544,-0.521184,-0.605608,-47.11,-4.55,16.8,Stab,Right
1708334618765,-0.735904,-0.357216,-0.63684,-49.28,-33.74,21.21,Stab,Right
1708334618766,-0.618296,0.01708,-0.289872,-33.53,-29.61,12.95,Stab,Right
1708334618767,-0.574376,0.008784,-0.230824,-20.3,-43.61,-1.82,Stab,Right
1708334618767,-0.430904,-0.13664,-0.189832,-1.68,-53.76,-9.52,Stab,Right
1708334618767,-0.371368,-0.595848,-0.17812,10.36,-9.24,-20.3,Stab,Right
1708334618768,-0.435296,-1.068232,-0.531432,38.99,7.28,-40.6,Stab,Right
1708334618815,-0.14396,-1.569408,-0.559248,45.15,22.05,-33.67,Stab,Right
1708334618816,-0.327936,-1.538176,-0.601216,24.22,35.35,-20.51,Stab,Right
1708334618816,-0.449936,-1.34444,-0.737856,0.35,32.76,8.33,Stab,Right
1708334618816,-0.637328,-0.914024,-0.320128,-44.94,70.35,33.25,Stab,Right
1708334618890,-0.889624,-0.674904,-0.913536,-2.1,-0.21,21.77,Stab,Right
1708334618891,-0.960384,-0.50264,-0.791048,-16.8,-15.05,24.99,Stab,Right
1708334618891,-0.8052,-0.520696,-0.689056,-38.85,-52.43,40.39,Stab,Right
1708334618891,-0.70272,-0.246928,-0.394792,-19.6,-55.16,40.88,Stab,Right
1708334618935,-0.650504,-0.101016,-0.462624,-23.03,-66.57,39.41,Stab,Right
1708334618935,-0.411384,-0.206424,-0.12688,-4.27,-33.25,29.05,Stab,Right
1708334618935,-0.431392,-0.313784,-0.059048,0.28,-2.8,11.2,Stab,Right
1708334618980,-0.277184,-0.287432,-0.326472,18.9,3.29,-14.77,Stab,Right
1708334618980,-0.281088,-0.30988,-0.432368,31.22,18.27,-24.92,Stab,Right
1708334618980,-0.359656,-0.377712,-0.396256,37.59,27.44,-29.26,Stab,Right
1708334619029,-0.327448,-0.758352,-0.743712,22.68,51.1,-29.12,Stab,Right
1708334619029,-0.535336,-1.210728,-0.65636,33.04,53.34,-39.41,Stab,Right
1708334619074,-0.548512,-1.60552,-0.701744,22.75,30.38,-25.83,Stab,Right
1708334619074,-0.505568,-1.589904,-0.84912,0.42,29.68,-12.39,Stab,Right
1708334619074,-0.526552,-1.120936,-0.600728,-32.13,31.22,27.86,Stab,Right
1708334619121,-0.738832,-0.699304,-0.587552,-37.31,15.26,39.13,Stab,Right
1708334619122,-0.794952,-0.245952,-0.809592,-37.73,7.84,22.19,Stab,Right
1708334619122,-0.860344,0.250344,-0.443592,-25.97,-28.28,18.55,Stab,Right
1708334619168,-0.8052,0.202032,-0.340624,-24.92,-44.94,20.37,Stab,Right
1708334619168,-0.533384,0.022448,-0.180072,-16.87,-29.12,5.18,Stab,Right
1708334619168,-0.421144,-0.170312,-0.282552,-2.17,-21.77,-10.85,Stab,Right
1708334619220,-0.21228,-0.372344,-0.488,3.64,-8.19,-15.82,Stab,Right
1708334619220,-0.29524,-0.671,-0.605608,23.52,0.77,-24.08,Stab,Right
1708334619221,-0.303536,-1.057008,-0.637328,27.58,15.54,-31.22,Stab,Right
1708334619314,-0.345504,-1.427888,-0.691984,26.46,32.69,-36.96,Stab,Right
1708334619315,-0.571936,-1.508408,-0.703208,9.8,38.08,-26.53,Stab,Right
1708334619315,-0.510448,-1.375184,-0.781776,-3.85,20.65,-3.15,Stab,Right
1708334619315,-0.779336,-1.03944,-0.868152,-36.61,8.12,18.34,Stab,Right
1708334619315,-0.803736,-0.650504,-0.500688,-44.24,-11.97,41.65,Stab,Right
1708334619402,-0.735904,-0.479216,-0.831064,-46.76,-16.52,32.2,Stab,Right
1708334619402,-0.803736,0.578768,-0.510936,-29.75,-47.53,30.31,Stab,Right
1708334619402,-0.754448,0.205936,-0.396744,-24.85,-66.15,30.24,Stab,Right
1708334619403,-0.355264,-0.30988,-0.18788,-32.41,-40.95,18.27,Stab,Right
1708334619403,-0.260592,-0.543144,-0.347456,-16.52,-15.47,0.98,Stab,Right
1708334619451,-0.197152,-0.490928,-0.33916,-2.1,18.9,-11.9,Stab,Right
1708334619451,-0.320128,-0.465552,-0.443104,5.39,40.46,-20.79,Stab,Right
1708334619451,-0.454816,-0.436272,-0.48068,14.77,44.66,-26.74,Stab,Right
1708334619574,-0.487024,-0.535824,-0.53924,21.07,35.7,-31.5,Stab,Right
1708334619575,-0.608048,-0.648064,-0.62464,30.94,39.34,-37.45,Stab,Right
1708334619575,-0.631472,-0.88084,-0.799832,34.79,31.36,-26.6,Stab,Right
1708334619575,-0.591456,-1.152168,-0.864248,29.82,15.61,-17.57,Stab,Right
1708334619575,-0.541192,-1.29564,-0.926712,6.72,0.77,-8.61,Stab,Right
1708334619575,-0.523136,-1.231712,-0.974048,-10.57,-19.67,4.41,Stab,Right
1708334619575,-0.592432,-0.911096,-0.764696,-28.28,-40.25,25.9,Stab,Right
1708334619693,-0.770064,-0.626104,-0.763232,-55.93,-70.35,42.07,Stab,Right
1708334619694,-0.708576,-0.139568,-0.61,-38.92,-63.28,29.89,Stab,Right
1708334619694,-0.773968,0.386984,-0.226432,-17.78,-69.02,20.51,Stab,Right
1708334619694,-0.578768,-0.052216,-0.186904,-23.59,-44.45,14.84,Stab,Right
1708334619694,-0.432368,-0.178608,-0.020984,1.33,0.63,-3.22,Stab,Right
1708334619694,-0.353312,-0.262544,-0.25376,10.92,27.02,-17.08,Stab,Right
1708334619695,-0.120536,-0.464576,-0.41724,44.38,56.56,-21.56,Stab,Right
1708334619740,-0.266936,-0.62464,-0.535336,57.54,69.3,-30.66,Stab,Right
1708334619740,-0.311344,-0.85644,-0.762744,52.71,69.23,-39.13,Stab,Right
1708334619740,-0.47824,-1.10288,-0.895968,41.23,54.04,-38.22,Stab,Right
1708334619786,-0.672952,-1.24196,-0.89304,27.23,37.94,-30.66,Stab,Right
1708334619787,-0.69052,-1.15168,-0.998448,9.38,7.98,-16.66,Stab,Right
1708334619787,-0.669048,-0.948672,-0.900848,-1.68,-19.32,4.55,Stab,Right
1708334619841,-0.794952,-0.785192,-1.058472,-34.58,-51.17,26.53,Stab,Right
1708334619842,-0.70028,-0.576328,-0.647576,-43.47,-67.13,43.68,Stab,Right
1708334619842,-0.677344,-0.482632,-0.656848,-50.75,-60.06,38.57,Stab,Right
1708334619895,-0.553392,-0.063928,-0.409432,-42.84,-56.91,34.23,Stab,Right
1708334619895,-0.50508,0.026352,-0.254736,-35.0,-36.89,28.77,Stab,Right
1708334619895,-0.461648,-0.114192,-0.220576,-15.26,-1.12,12.6,Stab,Right
1708334619948,-0.453352,-0.157624,-0.131272,5.53,21.0,-6.65,Stab,Right
1708334619949,-0.33672,-0.213256,-0.316712,19.04,31.57,-18.83,Stab,Right
1708334619949,-0.191296,-0.4392,-0.52704,35.35,34.86,-22.61,Stab,Right
1708334620020,-0.32452,-0.664656,-0.691008,42.28,54.25,-40.95,Stab,Right
1708334620020,-0.482632,-1.053592,-0.886696,42.84,46.62,-42.63,Stab,Right
1708334620021,-0.48068,-1.321992,-0.854,38.08,28.84,-33.11,Stab,Right
1708334620021,-0.532408,-1.362496,-0.8174,20.23,13.09,-26.88,Stab,Right
1708334620021,-0.491904,-1.140944,-0.74664,1.61,-4.76,-0.63,Stab,Right
1708334620119,-0.553392,-0.794464,-0.48312,-13.09,1.68,13.3,Stab,Right
1708334620120,-0.703696,-0.550952,-0.693936,-35.35,-31.01,30.94,Stab,Right
1708334620120,-0.650504,-0.493368,-0.810568,-26.81,-47.04,33.46,Stab,Right
1708334620120,-0.615856,-0.141032,-0.426024,-16.17,-35.56,30.17,Stab,Right
1708334620120,-0.525088,-0.110776,-0.41968,-16.38,-33.39,24.78,Stab,Right
1708334620220,-0.481168,-0.249368,-0.336232,-4.83,-0.49,14.14,Stab,Right
1708334620225,-0.417728,-0.264496,-0.225944,11.06,5.04,-2.17,Stab,Right
1708334620228,-0.41724,-0.196664,-0.277184,21.91,27.86,-14.07,Stab,Right
1708334620228,-0.489952,-0.13908,-0.499712,26.04,30.03,-24.15,Stab,Right
1708334620228,-0.465064,-0.393328,-0.679784,25.41,24.08,-24.43,Stab,Right
1708334620228,-0.520208,-0.782752,-0.859368,34.65,8.75,-20.3,Stab,Right
1708334620272,-0.34892,-1.12484,-0.8052,34.09,11.62,-27.37,Stab,Right
1708334620273,-0.325984,-1.503528,-0.832528,25.62,14.63,-13.72,Stab,Right
1708334620273,-0.410896,-1.58844,-0.869128,13.09,29.89,-3.22,Stab,Right
1708334620273,-0.582672,-1.29076,-0.804224,7.63,19.39,18.2,Stab,Right
1708334620405,-0.893528,-0.987712,-0.620248,-34.23,-11.83,35.98,Stab,Right
1708334620405,-0.705648,-0.457256,-0.713944,-16.94,-8.47,20.44,Stab,Right
1708334620405,-0.9394,0.575352,-0.299632,-6.65,-35.21,16.73,Stab,Right
1708334620405,-0.853024,0.069296,-0.468968,-20.16,-40.74,14.98,Stab,Right
1708334620405,-0.468968,-0.135176,-0.128344,-9.52,-14.42,9.94,Stab,Right
1708334620405,-0.403576,-0.203984,-0.384544,-1.19,-3.71,-1.47,Stab,Right
1708334620406,-0.176656,-0.274256,-0.612928,10.64,11.41,-10.22,Stab,Right
1708334620455,-0.145912,-0.567544,-0.712968,23.59,16.17,-13.09,Stab,Right
1708334620455,-0.362096,-0.723704,-0.696376,23.38,25.76,-38.15,Stab,Right
1708334620456,-0.406504,-1.064816,-0.779336,21.98,16.24,-28.56,Stab,Right
1708334620503,-0.528504,-1.323456,-0.67344,18.41,16.31,-28.21,Stab,Right
1708334620503,-0.579744,-1.135088,-0.73688,4.27,9.52,-20.79,Stab,Right
1708334620505,-0.582672,-1.084824,-0.776896,0.98,3.08,0.63,Stab,Right
1708334620628,-0.6954,-0.733464,-0.52948,-21.14,-3.78,18.48,Stab,Right
1708334620628,-0.639768,-0.620248,-0.92964,-37.45,-35.63,31.5,Stab,Right
1708334620629,-0.718336,-0.217648,-0.64172,-8.26,-21.42,27.37,Stab,Right
1708334620629,-0.701256,0.202032,-0.427976,-7.0,-38.01,23.38,Stab,Right
1708334620630,-0.54656,-0.088328,-0.469456,-7.7,-29.54,16.73,Stab,Right
1708334620630,-0.42212,-0.20008,-0.206912,5.74,-3.01,-0.07,Stab,Right
1708334620630,-0.351848,-0.26596,-0.311832,12.88,3.36,-14.91,Stab,Right
1708334620682,-0.263032,-0.286456,-0.45628,20.58,20.58,-25.55,Stab,Right
1708334620682,-0.251808,-0.428464,-0.562664,28.84,21.35,-31.29,Stab,Right
1708334620682,-0.403088,-0.6466,-0.736392,35.07,41.02,-51.8,Stab,Right
1708334620759,-0.471896,-0.920368,-0.780312,38.29,22.33,-45.15,Stab,Right
1708334620776,-0.482144,-1.297592,-0.836432,42.91,18.2,-35.14,Stab,Right
1708334620777,-0.493856,-1.403,-0.72712,28.63,9.52,-24.15,Stab,Right
1708334620779,-0.432856,-1.38836,-0.903288,7.07,4.62,-2.24,Stab,Right
1708334620847,-0.571936,-0.955504,-0.352824,-12.25,3.08,21.49,Stab,Right
1708334620847,-0.61488,-0.737368,-0.791536,-39.9,-32.06,28.84,Stab,Right
1708334620847,-0.760304,-0.421144,-0.721264,-54.81,-48.02,27.93,Stab,Right
1708334620848,-0.66612,-0.19032,-0.508496,-33.11,-65.1,29.33,Stab,Right
1708334620848,-0.608536,0.018056,-0.341112,-34.79,-64.96,28.42,Stab,Right
1708334620848,-0.475312,-0.140544,-0.215208,-17.01,-32.97,24.01,Stab,Right
1708334620942,-0.409432,-0.281576,-0.094184,0.21,-0.63,5.95,Stab,Right
1708334620943,-0.313784,-0.342576,-0.132248,13.86,29.75,-5.18,Stab,Right
1708334620943,-0.324032,-0.305488,-0.257176,29.19,57.61,-17.99,Stab,Right
1708334620943,-0.36112,-0.321592,-0.49532,39.83,62.79,-24.22,Stab,Right
1708334620943,-0.415776,-0.480192,-0.811056,43.33,57.89,-38.71,Stab,Right
1708334620943,-0.39772,-0.782264,-1.0248,41.3,32.34,-40.6,Stab,Right
1708334621041,-0.440664,-1.162416,-1.0736,35.07,20.44,-40.25,Stab,Right
1708334621041,-0.383568,-1.5006,-1.025776,27.86,16.8,-30.59,Stab,Right
1708334621041,-0.359656,-1.506944,-0.83204,8.47,17.29,-12.88,Stab,Right
1708334621042,-0.562176,-1.096048,-0.73444,-28.21,7.0,5.04,Stab,Right
1708334621042,-0.613904,-0.839848,-0.740296,-66.08,-23.03,19.95,Stab,Right
1708334621042,-0.698816,-0.495808,-0.777872,-56.49,-42.7,27.44,Stab,Right
1708334621089,-0.69784,-0.042944,-0.491416,-50.12,-46.48,18.27,Stab,Right
1708334621089,-0.69052,0.172264,-0.254248,-39.76,-39.69,14.0,Stab,Right
1708334621089,-0.678808,-0.081496,-0.264496,-27.3,-29.19,7.77,Stab,Right
1708334621137,-0.457256,-0.176168,-0.118584,-3.29,-8.82,-0.49,Stab,Right
1708334621138,-0.340624,-0.306464,-0.252784,17.85,27.23,-7.63,Stab,Right
1708334621184,-0.228872,-0.377712,-0.47824,37.24,43.96,-15.26,Stab,Right
1708334621184,-0.229848,-0.617808,-0.779336,45.64,43.4,-18.06,Stab,Right
1708334621185,-0.379664,-0.911096,-0.968192,43.54,43.33,-33.04,Stab,Right
1708334621232,-0.345016,-1.220488,-1.028704,38.36,16.52,-30.31,Stab,Right
1708334621232,-0.389424,-1.397144,-0.87108,22.05,-0.28,-23.38,Stab,Right
1708334621232,-0.386008,-1.392264,-0.84668,5.39,-7.07,-11.06,Stab,Right
1708334621346,-0.520696,-1.004304,-0.469456,-10.99,-5.74,5.74,Stab,Right
1708334621347,-0.591944,-0.826184,-0.616344,-44.73,-26.39,26.25,Stab,Right
1708334621348,-0.740296,-0.455304,-0.660264,-19.6,-19.74,28.28,Stab,Right
1708334621348,-0.730048,-0.00488,-0.408456,-5.18,-13.58,20.44,Stab,Right
1708334621348,-0.772992,0.37576,-0.311344,3.85,-15.68,11.2,Stab,Right
1708334621348,-0.598288,-0.03172,-0.403088,7.56,-1.96,9.73,Stab,Right
1708334621349,-0.494832,-0.0732,-0.315736,21.42,16.24,-2.03,Stab,Right
1708334621403,-0.408944,-0.12688,-0.524112,29.33,15.12,-12.81,Stab,Right
1708334621403,-0.201544,-0.49288,-0.649528,45.78,14.21,-5.6,Stab,Right
1708334621403,-0.364048,-0.76372,-0.679784,53.27,34.58,-24.5,Stab,Right
1708334621530,-0.241072,-1.262944,-0.852048,57.19,15.33,-23.59,Stab,Right
1708334621530,-0.170312,-1.643096,-0.848632,54.95,21.35,-15.61,Stab,Right
1708334621530,-0.21472,-1.683112,-0.894016,37.31,32.27,-8.89,Stab,Right
1708334621530,-0.526064,-1.194624,-0.851072,-27.09,12.04,12.11,Stab,Right
1708334621530,-0.56852,-0.802272,-0.653432,-17.22,13.58,12.88,Stab,Right
1708334621530,-0.787632,-0.210816,-0.702232,-26.95,-3.92,10.64,Stab,Right
1708334621530,-0.8296,0.48312,-0.556808,-14.0,-14.7,0.77,Stab,Right
1708334621586,-0.838872,0.231312,-0.316712,-14.14,-34.02,13.79,Stab,Right
1708334621586,-0.547048,0.016592,-0.17324,-13.09,-16.17,6.58,Stab,Right
1708334621586,-0.500688,-0.08784,-0.35868,-0.63,-3.64,2.66,Stab,Right
1708334621586,-0.25376,-0.402112,-0.667584,14.98,-21.07,9.31,Stab,Right
1708334621637,-0.08052,-0.750056,-0.77348,31.15,12.18,-33.74,Stab,Right
1708334621637,-0.102968,-1.136064,-0.879376,33.95,-0.14,-38.22,Stab,Right
1708334621637,-0.074176,-1.563552,-0.908168,34.79,6.93,-31.99,Stab,Right
1708334621758,-0.208864,-1.734352,-0.811056,29.4,17.22,-25.27,Stab,Right
1708334621758,-0.345992,-1.277584,-0.406016,-32.83,0.28,3.15,Stab,Right
1708334621758,-0.473848,-0.827648,-0.335256,-56.35,13.86,33.39,Stab,Right
1708334621759,-0.593896,-0.643184,-0.611952,-28.63,7.77,15.33,Stab,Right
1708334621759,-0.786656,-0.299144,-0.71736,-34.79,7.56,7.49,Stab,Right
1708334621759,-0.787632,0.093208,-0.474336,-21.49,-20.37,16.1,Stab,Right
1708334621759,-0.665144,0.201056,-0.494344,-18.62,-28.42,14.21,Stab,Right
1708334621802,-0.523136,0.017568,-0.312808,-5.81,-14.42,2.17,Stab,Right
1708334621803,-0.448472,-0.186904,-0.44164,-1.75,-16.24,-6.79,Stab,Right
1708334621803,-0.247416,-0.427976,-0.533872,1.54,-16.31,-11.41,Stab,Right
1708334621849,-0.17812,-0.88328,-0.694424,7.84,-0.84,-25.76,Stab,Right
1708334621849,-0.171288,-1.34932,-0.887672,13.65,2.73,-26.74,Stab,Right
1708334621911,-0.249856,-1.604056,-0.881328,23.94,21.14,-20.51,Stab,Right
1708334621912,-0.282064,-1.605032,-0.821792,19.46,13.23,13.58,Stab,Right
1708334621912,-0.547048,-0.988688,-0.534848,4.97,26.81,6.72,Stab,Right
1708334621960,-0.918904,-0.53192,-0.750544,-44.24,-5.74,11.41,Stab,Right
1708334621961,-0.704184,-0.130784,-0.77836,-30.59,-23.8,19.95,Stab,Right
1708334621961,-0.971608,0.208376,-0.660264,-18.62,-44.1,3.64,Stab,Right
1708334621961,-0.672464,-0.215696,-0.717848,-40.46,-70.0,21.21,Stab,Right
1708334622063,-0.369904,-0.444568,-0.359168,-28.14,-51.52,17.85,Stab,Right
1708334622065,-0.245464,-0.523624,-0.412848,-12.67,-14.91,8.75,Stab,Right
1708334622065,-0.254248,-0.470432,-0.376248,3.15,24.36,-1.82,Stab,Right
1708334622065,-0.347944,-0.443592,-0.531432,18.62,37.31,-12.88,Stab,Right
1708334622065,-0.327936,-0.456768,-0.626592,26.46,26.39,-19.11,Stab,Right
1708334622065,-0.471896,-0.62464,-0.760792,29.33,18.76,-20.09,Stab,Right
1708334622113,-0.489952,-0.921832,-0.77836,35.07,12.18,-21.28,Stab,Right
1708334622113,-0.377712,-1.278072,-0.732976,30.59,9.31,-11.76,Stab,Right
1708334622113,-0.357704,-1.396656,-0.787144,16.45,11.62,-5.18,Stab,Right
1708334622161,-0.35868,-1.26148,-0.802272,3.57,4.97,11.34,Stab,Right
1708334622162,-0.474824,-0.784216,-0.725656,-20.72,-10.01,26.39,Stab,Right
1708334622270,-0.645136,0.111752,-0.723704,-20.86,-15.75,15.82,Stab,Right
1708334622270,-0.869616,0.49776,-0.510936,4.83,-29.05,7.63,Stab,Right
1708334622271,-0.565592,-0.093208,-0.354288,-12.18,-33.88,-0.21,Stab,Right
1708334622271,-0.532408,-0.19032,-0.215696,-5.6,-16.94,-3.57,Stab,Right
1708334622271,-0.413824,-0.121512,-0.35624,13.65,-5.18,-7.14,Stab,Right
1708334622272,-0.225944,-0.41968,-0.607072,28.14,1.19,-0.77,Stab,Right
1708334622272,-0.248392,-0.545096,-0.628544,42.35,40.6,-40.95,Stab,Right
1708334622373,-0.263032,-0.947696,-0.809592,39.97,31.78,-37.66,Stab,Right
1708334622375,-0.303536,-1.349808,-0.869616,39.97,28.07,-39.13,Stab,Right
1708334622375,-0.30256,-1.565504,-0.894016,26.11,8.54,-26.25,Stab,Right
1708334622375,-0.2684,-1.464,-0.89304,10.36,7.77,-10.85,Stab,Right
1708334622375,-0.613416,-0.986248,-0.694912,-43.12,-10.22,17.99,Stab,Right
1708334622425,-0.593896,-0.670512,-0.664168,-38.92,-19.81,25.62,Stab,Right
1708334622426,-0.699792,-0.294752,-0.66124,-50.68,-31.15,26.88,Stab,Right
1708334622426,-0.761768,0.199104,-0.435784,-28.35,-30.8,16.52,Stab,Right
1708334622427,-0.739808,0.221552,-0.370392,-17.15,-29.89,11.76,Stab,Right
1708334622561,-0.571448,0.085888,-0.211304,0.21,-20.16,-2.45,Stab,Right
1708334622562,-0.477264,-0.249856,-0.355752,8.61,-17.99,-7.63,Stab,Right
1708334622562,-0.252296,-0.567056,-0.47824,24.5,0.49,-32.34,Stab,Right
1708334622562,-0.10736,-1.104832,-0.698816,20.79,22.05,-41.09,Stab,Right
1708334622562,-0.069784,-1.602104,-0.985272,26.11,27.51,-33.67,Stab,Right
1708334622563,-0.110776,-1.77632,-0.99308,36.75,34.86,-12.46,Stab,Right
1708334622563,-0.40992,-1.485472,-0.762256,20.93,27.86,5.11,Stab,Right
1708334622609,-0.6466,-0.825696,-0.549488,-13.86,25.55,18.69,Stab,Right
1708334622609,-0.794464,-0.481656,-0.745176,-59.92,-10.92,25.27,Stab,Right
1708334622610,-0.846192,-0.20984,-0.658312,-36.89,-8.61,20.93,Stab,Right
1708334622610,-0.828136,0.008296,-0.662704,-32.34,-35.0,20.93,Stab,Right
1708334622658,-0.647576,-0.018544,-0.577304,-22.33,-37.17,25.27,Stab,Right
1708334622658,-0.386008,-0.305,-0.47336,-8.19,-20.51,18.76,Stab,Right
1708334622778,-0.222528,-0.424072,-0.386008,1.12,-9.66,9.38,Stab,Right
1708334622778,-0.191296,-0.427,-0.325008,9.1,14.14,-3.08,Stab,Right
1708334622778,-0.262056,-0.340136,-0.447984,11.06,34.37,-18.13,Stab,Right
1708334622778,-0.341112,-0.376736,-0.687104,19.39,48.86,-23.24,Stab,Right
1708334622780,-0.492392,-0.63196,-0.857416,36.47,38.36,-33.11,Stab,Right
1708334622780,-0.46604,-1.042856,-0.864736,42.42,10.01,-25.27,Stab,Right
1708334622780,-0.292312,-1.416176,-0.740296,40.95,-5.39,-16.73,Stab,Right
1708334622827,-0.303048,-1.469856,-0.732976,14.56,10.64,-12.95,Stab,Right
1708334622827,-0.289384,-1.292224,-0.82472,1.19,16.31,0.56,Stab,Right
1708334622828,-0.517768,-0.88328,-0.633424,-30.1,10.22,19.81,Stab,Right
1708334622875,-0.683688,-0.567544,-0.941352,-54.67,-22.68,41.58,Stab,Right
1708334622886,-0.632936,-0.313784,-0.778848,-34.16,7.0,20.37,Stab,Right
1708334622887,-0.759328,0.203496,-0.50752,-36.89,-24.64,21.49,Stab,Right
1708334622919,-0.757864,0.372832,-0.485072,-24.57,-38.36,16.73,Stab,Right
1708334622920,-0.554368,0.119072,-0.239608,-6.3,-23.24,9.1,Stab,Right
1708334622920,-0.466528,0.011712,-0.258152,15.96,1.4,-5.39,Stab,Right
1708334622974,-0.354776,-0.05368,-0.468968,39.62,21.35,-17.64,Stab,Right
1708334622974,-0.2196,-0.526552,-0.715896,54.32,4.76,-11.97,Stab,Right
1708334622975,-0.129808,-0.967704,-0.823744,58.24,12.46,-41.37,Stab,Right
1708334623089,-0.034648,-1.570384,-0.972584,51.87,12.11,-41.23,Stab,Right
1708334623089,-0.152256,-1.848056,-0.849608,37.38,12.39,-27.58,Stab,Right
1708334623089,-0.249368,-1.562088,-0.732,-10.85,4.41,-2.59,Stab,Right
1708334623090,-0.293776,-0.92964,-0.365512,-34.09,14.98,33.6,Stab,Right
1708334623090,-0.567056,-0.546072,-0.63196,-48.44,-8.61,32.13,Stab,Right
1708334623090,-0.874984,-0.264496,-0.713944,-36.47,6.3,22.75,Stab,Right
1708334623090,-0.721264,0.038064,-0.693936,-26.39,-20.86,29.05,Stab,Right
1708334623142,-0.775432,0.279624,-0.464576,-24.64,-30.24,25.62,Stab,Right
1708334623142,-0.590968,0.034648,-0.439688,-4.55,-28.14,19.46,Stab,Right
1708334623142,-0.434808,-0.05368,-0.221552,6.44,-13.86,5.67,Stab,Right
1708334623189,-0.205448,-0.261568,-0.4514,10.92,-11.76,-7.07,Stab,Right
1708334623189,-0.106384,-0.521184,-0.595848,23.59,15.68,-25.34,Stab,Right
1708334623190,-0.188368,-0.81252,-0.731024,28.91,17.5,-30.24,Stab,Right
1708334623294,-0.198616,-1.197552,-0.977952,35.35,29.47,-35.77,Stab,Right
1708334623295,-0.297192,-1.485472,-1.021384,46.97,28.21,-24.78,Stab,Right
1708334623295,-0.207888,-1.569408,-0.874496,48.65,18.13,-0.56,Stab,Right
1708334623296,-0.480192,-1.062376,-0.581696,4.69,22.89,3.78,Stab,Right
1708334623296,-0.564616,-0.862784,-0.850096,-53.9,-14.77,20.65,Stab,Right
1708334623296,-0.69296,-0.505568,-0.813984,-45.15,-24.36,29.12,Stab,Right
1708334623343,-0.748104,-0.080032,-0.66856,-45.5,-32.48,22.26,Stab,Right
1708334623345,-0.747616,0.26596,-0.524112,-44.1,-50.26,23.73,Stab,Right
1708334623345,-0.661728,0.104432,-0.55388,-30.38,-46.83,19.67,Stab,Right
1708334623474,-0.532408,-0.050264,-0.367464,-6.93,-32.55,5.88,Stab,Right
1708334623474,-0.4148,-0.205448,-0.447496,12.46,-16.17,-5.81,Stab,Right
1708334623474,-0.169824,-0.380152,-0.4392,33.53,3.78,-11.62,Stab,Right
1708334623474,-0.198128,-0.72224,-0.569984,41.02,27.44,-22.05,Stab,Right
1708334623474,-0.208376,-1.094584,-0.72956,47.6,44.03,-38.99,Stab,Right
1708334623475,-0.193736,-1.428864,-0.81008,46.27,40.25,-22.26,Stab,Right
1708334623475,-0.357216,-1.370792,-0.923296,28.35,39.34,-19.18,Stab,Right
1708334623525,-0.40992,-1.179984,-0.946232,6.79,28.77,-1.33,Stab,Right
1708334623525,-0.772504,-0.750056,-0.970144,-22.68,-6.58,6.79,Stab,Right
1708334623525,-0.750056,-0.39772,-0.723216,-38.29,-23.24,21.56,Stab,Right
1708334623570,-0.6954,-0.116632,-0.776408,-30.24,-27.65,16.73,Stab,Right
1708334623571,-0.716872,0.137616,-0.498248,-26.04,-41.23,14.49,Stab,Right
1708334623571,-0.545584,-0.0854,-0.460672,-14.84,-45.15,11.34,Stab,Right
1708334623621,-0.434808,-0.174704,-0.274256,-1.47,-21.14,-5.6,Stab,Right
1708334623622,-0.264984,-0.30744,-0.372344,6.09,-0.28,-11.9,Stab,Right
1708334623622,-0.157624,-0.501664,-0.567544,19.46,26.39,-19.6,Stab,Right
1708334623703,-0.302072,-0.721752,-0.835456,27.51,35.56,-31.78,Stab,Right
1708334623703,-0.284016,-1.008696,-0.9638,31.71,21.49,-31.15,Stab,Right
1708334623704,-0.340136,-1.233664,-0.935496,35.28,11.69,-25.9,Stab,Right
1708334623704,-0.404552,-1.190232,-0.810568,25.83,7.14,-19.32,Stab,Right
1708334623705,-0.477752,-0.999424,-0.762256,6.65,-5.04,-2.87,Stab,Right
1708334623756,-0.560712,-0.760792,-0.730536,-17.64,-15.05,8.26,Stab,Right
1708334623756,-0.66368,-0.61244,-0.76372,-42.28,-32.13,19.46,Stab,Right
1708334623756,-0.652456,-0.51484,-0.764696,-48.23,-47.67,23.1,Stab,Right
1708334623808,-0.645136,-0.300608,-0.659288,-47.46,-53.2,19.53,Stab,Right
1708334623808,-0.463112,-0.169824,-0.561688,-42.7,-47.46,12.95,Stab,Right
1708334623808,-0.4636,-0.1586,-0.463112,-28.77,-24.78,6.72,Stab,Right
1708334623910,-0.45384,-0.255712,-0.321104,-7.63,1.68,-7.35,Stab,Right
1708334623910,-0.433344,-0.284504,-0.221064,10.78,22.12,-15.68,Stab,Right
1708334623910,-0.420656,-0.366976,-0.287432,30.03,43.05,-17.78,Stab,Right
1708334623910,-0.315736,-0.589992,-0.481656,56.07,63.07,-16.52,Stab,Right
1708334623911,-0.328424,-0.813496,-0.737368,65.24,66.85,-22.54,Stab,Right
1708334623911,-0.28548,-1.162416,-1.196576,52.5,48.37,-16.17,Stab,Right
1708334623962,-0.33184,-1.23464,-1.279048,26.88,24.85,-10.78,Stab,Right
1708334623962,-0.332816,-1.134112,-1.31028,-18.13,-17.92,-9.87,Stab,Right
1708334623962,-0.391864,-0.865224,-1.133136,-52.99,-50.75,-1.26,Stab,Right
1708334624092,-0.560224,-0.481168,-0.706136,-84.35,-65.87,4.97,Stab,Right
1708334624092,-0.606584,-0.349408,-0.508008,-103.18,-70.84,10.71,Stab,Right
1708334624092,-0.589504,-0.064904,-0.244,-87.99,-39.97,8.05,Stab,Right
1708334624093,-0.521672,-0.062952,-0.216672,-60.41,13.51,4.41,Stab,Right
1708334624093,-0.499224,-0.051728,-0.280112,-27.51,50.12,-9.24,Stab,Right
1708334624093,-0.297192,-0.083936,-0.531432,-8.61,47.95,-15.89,Stab,Right
1708334624093,-0.179096,-0.209352,-0.890112,0.98,55.23,-29.68,Stab,Right
1708334624145,-0.26108,-0.264984,-1.030168,1.4,51.17,-53.06,Stab,Right
1708334624145,-0.186904,-0.46116,-1.017968,-7.91,32.2,-61.88,Stab,Right
1708334624146,-0.153232,-0.71736,-0.970632,-7.84,18.62,-58.24,Stab,Right
1708334624146,-0.189832,-0.865712,-0.792512,1.61,8.54,-56.07,Stab,Right
1708334624199,-0.17568,-0.802272,-0.76616,-6.51,13.86,-42.14,Stab,Right
1708334624200,-0.463112,-0.989176,-0.481656,-13.93,16.45,-27.72,Stab,Right
1708334624200,-0.580232,-1.010648,-0.627568,-55.72,-3.92,-42.0,Stab,Right
1708334624257,-0.528992,-0.864736,-0.728584,-51.03,5.04,-54.46,Stab,Right
1708334624257,-0.667584,-0.825208,-0.394304,-46.55,-11.9,-44.31,Stab,Right
1708334624257,-0.489464,-0.606584,-0.779824,-28.35,9.45,-23.03,Stab,Right
1708334624386,-0.545584,-0.384056,-0.635864,-5.95,24.99,-2.52,Stab,Right
1708334624386,-0.481656,-0.249856,-0.735904,4.41,38.99,9.73,Stab,Right
1708334624387,-0.333304,-0.262544,-0.897432,11.13,34.72,15.75,Stab,Right
1708334624387,-0.16104,-0.318176,-1.049688,4.62,19.95,12.32,Stab,Right
1708334624387,-0.065392,-0.363072,-1.152168,-11.83,3.15,3.71,Stab,Right
1708334624388,0.013176,-0.42212,-1.078968,-25.69,-4.55,-0.7,Stab,Right
1708334624388,-0.184952,-0.43188,-0.993568,-43.4,-14.84,-8.96,Stab,Right
1708334624442,-0.250832,-0.491904,-0.84668,-53.06,-30.94,-21.98,Stab,Right
1708334624443,-0.352336,-0.557784,-0.64172,-54.11,-29.26,-24.22,Stab,Right
1708334624443,-0.470432,-0.67344,-0.633424,-47.88,-5.88,-19.6,Stab,Right
1708334624443,-0.532896,-0.804712,-0.684664,-30.1,-15.89,-6.09,Stab,Right
1708334624523,-0.490928,-0.899384,-0.55876,-11.06,-27.65,2.45,Stab,Right
1708334624523,-0.341112,-0.764696,-0.404064,-3.92,-15.75,19.95,Stab,Right
1708334624523,-0.316224,-0.465064,-0.60268,-4.97,23.8,40.46,Stab,Right
1708334624523,-0.264008,-0.262056,-0.891576,9.03,40.53,51.03,Stab,Right
1708334624524,-0.253272,0.098088,-1.055056,23.73,40.74,54.04,Stab,Right
1708334624578,-0.415288,0.370392,-0.979416,16.1,26.46,40.11,Stab,Right
1708334624578,-0.313296,0.22936,-1.042368,10.85,-1.75,11.55,Stab,Right
1708334624578,-0.158112,0.032208,-1.000888,11.48,-13.3,-8.33,Stab,Right
1708334624632,-0.001464,-0.302072,-0.859368,7.35,-32.62,-10.08,Stab,Right
1708334624632,-0.181536,-0.397232,-0.625616,-1.75,-3.85,-51.31,Stab,Right
1708334624632,-0.008784,-0.696864,-0.81984,-20.09,-8.61,-47.25,Stab,Right
1708334624688,-0.083448,-0.83936,-0.750056,-10.15,34.65,-35.35,Stab,Right
1708334624688,-0.297192,-0.884256,-0.783728,-11.97,46.69,-27.37,Stab,Right
1708334624688,-0.365512,-0.866688,-0.862296,-7.28,52.08,-25.2,Stab,Right
1708334624688,-0.496784,-0.798368,-0.881328,-3.99,47.39,-20.09,Stab,Right
1708334624732,-0.517768,-0.711016,-0.908656,3.71,22.4,-5.81,Stab,Right
1708334624732,-0.446032,-0.598776,-0.809104,10.15,0.35,12.25,Stab,Right
1708334624779,-0.447984,-0.461648,-0.808616,5.88,-0.35,26.11,Stab,Right
1708334624780,-0.374784,-0.270352,-0.94916,-2.59,-2.45,35.07,Stab,Right
1708334624780,-0.223504,-0.074176,-1.107272,3.01,-13.72,35.98,Stab,Right
1708334624829,-0.213744,0.175192,-1.052616,9.38,-24.36,30.94,Stab,Right
1708334624829,-0.193736,0.10736,-1.004792,5.81,-37.73,14.42,Stab,Right
1708334624829,-0.061976,-0.077592,-0.893528,11.34,-35.7,-3.5,Stab,Right
1708334624879,-0.051728,-0.281576,-0.770552,6.23,-31.57,-11.13,Stab,Right
1708334624880,-0.164456,-0.519232,-0.73444,11.55,-13.72,-30.66,Stab,Right
1708334624880,-0.159088,-0.81984,-0.660264,5.18,-6.51,-28.28,Stab,Right
1708334625005,-0.242048,-1.17608,-0.677832,3.78,6.72,-13.16,Stab,Right
1708334625005,-0.449448,-1.2932,-0.67832,1.05,19.32,-14.28,Stab,Right
1708334625006,-0.364536,-1.140944,-0.68076,0.28,29.4,6.16,Stab,Right
1708334625006,-0.406016,-0.78324,-0.834968,-2.94,48.44,29.26,Stab,Right
1708334625006,-0.657336,-0.391864,-0.930128,-14.14,53.62,32.83,Stab,Right
1708334625006,-0.31476,-0.220576,-1.28832,-2.8,12.67,49.56,Stab,Right
1708334625006,-0.337208,-0.044896,-1.127768,-3.43,-17.15,59.99,Stab,Right
1708334625055,-0.457744,0.150792,-1.008696,14.91,-29.47,55.37,Stab,Right
1708334625055,-0.401136,0.264008,-0.85888,15.82,-35.21,32.2,Stab,Right
1708334625056,-0.334768,0.132736,-0.862784,10.36,-34.3,13.02,Stab,Right
1708334625105,-0.272304,0.01952,-0.859368,19.18,-48.16,-5.46,Stab,Right
1708334625106,-0.11224,-0.176656,-0.854,26.04,-58.59,-20.23,Stab,Right
1708334625106,-0.189832,-0.445544,-0.687104,53.69,-13.86,-49.63,Stab,Right
1708334625150,-0.095648,-1.026752,-0.727608,36.12,-11.2,-33.39,Stab,Right
1708334625150,-0.354288,-1.223904,-0.567056,19.53,-13.02,-1.19,Stab,Right
1708334625151,-0.28548,-1.411784,-0.793488,11.06,13.79,4.83,Stab,Right
1708334625198,-0.243024,-1.06384,-0.616344,29.05,18.48,42.77,Stab,Right
1708334625199,-0.213256,-0.852536,-0.963312,16.87,44.17,52.99,Stab,Right
1708334625199,-0.38308,-0.394792,-1.223416,45.08,42.07,69.79,Stab,Right
1708334625245,-0.47336,0.101016,-0.762744,37.17,14.98,64.75,Stab,Right
1708334625245,-0.474336,0.459696,-0.874984,4.27,-21.56,48.72,Stab,Right
1708334625344,-0.469456,0.399184,-0.63196,2.52,-21.21,37.17,Stab,Right
1708334625344,-0.460184,0.086864,-0.51484,2.31,-25.69,20.02,Stab,Right
1708334625345,-0.244,-0.112728,-0.428952,13.79,-35.14,1.68,Stab,Right
1708334625345,-0.001464,-0.25376,-0.53436,25.48,-4.34,-14.63,Stab,Right
1708334625345,-0.062952,-0.523624,-0.84424,36.19,36.4,-23.24,Stab,Right
1708334625346,-0.198616,-0.945744,-1.214144,47.6,33.88,-26.53,Stab,Right
1708334625397,-0.253272,-1.284416,-1.211704,49.63,-16.03,-19.32,Stab,Right
1708334625397,-0.279624,-1.207312,-1.012112,27.44,-45.99,-23.24,Stab,Right
1708334625397,-0.297192,-1.025776,-0.88084,6.72,-49.91,-7.14,Stab,Right
1708334625444,-0.403088,-0.73688,-0.760792,-7.21,-31.22,17.5,Stab,Right
1708334625444,-0.569984,-0.586088,-0.713456,-19.74,-28.77,32.06,Stab,Right
1708334625444,-0.64904,-0.329888,-0.86864,-21.56,-48.93,31.08,Stab,Right
1708334625491,-0.685152,0.099552,-0.755424,-3.08,-52.78,20.23,Stab,Right
1708334625492,-0.533872,0.328424,-0.654408,-9.94,-45.01,11.27,Stab,Right
1708334625492,-0.35624,0.052704,-0.685152,-1.12,-41.58,8.26,Stab,Right
1708334625537,-0.381128,-0.022936,-0.56364,12.74,-24.01,-3.71,Stab,Right
1708334625537,-0.315248,-0.125416,-0.674416,14.28,-27.23,-13.23,Stab,Right
1708334625537,-0.267424,-0.255224,-0.691496,24.01,-16.87,-27.93,Stab,Right
1708334625583,-0.218624,-0.397232,-0.728584,21.56,8.68,-52.08,Stab,Right
1708334625583,-0.305,-0.927688,-0.943304,22.61,15.54,-39.55,Stab,Right
1708334625635,-0.309392,-1.27612,-0.913048,25.06,0.42,-32.48,Stab,Right
1708334625635,-0.340624,-1.323456,-0.779336,12.74,-15.61,-19.18,Stab,Right
1708334625636,-0.385032,-1.244888,-0.873032,0.42,-1.19,-11.34,Stab,Right
1708334625749,-0.44652,-0.8052,-0.73688,-22.4,-13.86,0.84,Stab,Right
1708334626538,-0.242048,-0.707112,-0.56364,13.16,0.56,-9.8,Stab,Right
1708334626590,-0.247416,-0.714432,-0.572424,-3.15,-9.8,-8.61,Stab,Right
1708334626590,-0.249856,-0.723704,-0.626104,-10.36,-9.1,-9.52,Stab,Right
1708334626635,-0.226432,-0.733952,-0.66368,-10.08,-3.15,-9.03,Stab,Right
1708334626635,-0.235704,-0.723216,-0.691496,-3.01,-0.21,-6.09,Stab,Right
1708334626635,-0.249856,-0.709552,-0.69052,4.55,3.5,-6.58,Stab,Right
1708334626683,-0.260104,-0.701256,-0.677344,8.82,0.21,-9.17,Stab,Right
1708334626684,-0.250344,-0.691984,-0.66368,9.73,-2.03,-14.07,Stab,Right
1708334626684,-0.207888,-0.6954,-0.640744,6.79,0.7,-15.82,Stab,Right
1708334626731,-0.193736,-0.708088,-0.639768,3.85,-1.33,-13.37,Stab,Right
1708334626731,-0.171288,-0.733952,-0.62708,3.08,0.98,-12.11,Stab,Right
1708334626774,-0.164944,-0.7442,-0.647088,4.76,-1.75,-7.14,Stab,Right
1708334626774,-0.180072,-0.737368,-0.64904,5.53,0.91,-5.95,Stab,Right
1708334626774,-0.205448,-0.725168,-0.637328,5.39,3.15,-6.37,Stab,Right
1708334626823,-0.233264,-0.736392,-0.675392,5.81,-1.68,-8.47,Stab,Right
1708334626823,-0.223504,-0.720776,-0.680272,7.42,0.14,-13.72,Stab,Right
1708334626823,-0.2074,-0.710528,-0.659288,7.14,4.13,-15.26,Stab,Right
1708334626876,-0.195688,-0.708088,-0.644648,3.29,0.98,-14.98,Stab,Right
1708334626876,-0.195688,-0.706136,-0.650504,-0.28,1.05,-15.61,Stab,Right
1708334626877,-0.192272,-0.711504,-0.65392,17.85,0.0,-15.26,Stab,Right
1708334626984,-0.19032,-0.735904,-0.655384,3.92,-4.41,-12.6,Stab,Right
1708334626984,-0.183,-0.750056,-0.645624,8.19,-2.87,-11.13,Stab,Right
1708334626985,-0.168848,-0.758352,-0.632936,10.08,1.82,-10.85,Stab,Right
1708334626986,-0.171776,-0.763232,-0.621224,7.77,2.8,-9.52,Stab,Right
1708334626986,-0.186904,-0.764208,-0.628056,4.13,2.52,-10.15,Stab,Right
1708334626986,-0.189832,-0.753472,-0.647088,2.94,1.12,-12.6,Stab,Right
1708334627083,-0.192272,-0.747616,-0.652456,4.62,3.57,-15.19,Stab,Right
1708334627083,-0.205936,-0.732488,-0.635864,8.82,10.57,-20.16,Stab,Right
1708334627083,-0.228872,-0.732488,-0.630496,10.71,8.12,-25.83,Stab,Right
1708334627083,-0.327448,-0.77104,-0.676368,15.19,3.43,-42.35,Stab,Right
1708334627085,-0.465064,-0.777384,-0.755912,29.33,-25.27,-70.98,Stab,Right
1708334627085,-0.421632,-0.676856,-0.795928,43.54,-55.72,-95.27,Stab,Right
1708334627164,-0.218136,-0.745664,-0.71004,48.09,-55.44,-94.85,Stab,Right
1708334627165,-0.155672,-0.939888,-0.659288,38.78,-62.3,-85.12,Stab,Right
1708334627165,-0.365024,-0.797392,-0.746152,18.97,-86.1,-105.42,Stab,Right
1708334627222,-0.346968,-0.795928,-0.770064,72.52,-109.2,-113.89,Stab,Right
1708334627223,-0.447496,-1.29808,-0.589992,131.74,-137.69,-108.5,Stab,Right
1708334627223,-0.272304,-0.98332,-0.366,131.67,-113.54,-118.79,Stab,Right
1708334627223,-0.318664,-1.010648,-0.203496,129.01,-133.56,-147.84,Stab,Right
1708334627223,-0.106872,-0.992104,-0.113704,115.15,-100.17,-128.52,Stab,Right
1708334627341,-0.105408,-1.191208,0.001952,110.6,-259.0,-99.12,Stab,Right
1708334627341,-0.134688,-1.092632,-0.10004,111.23,-388.64,-48.23,Stab,Right
1708334627342,-0.13664,-1.0004,-0.125904,127.89,-461.3,-14.42,Stab,Right
1708334627342,-0.187392,-0.80276,-0.054656,141.4,-144.27,60.13,Stab,Right
1708334627342,0.248392,-0.857416,-0.132736,138.39,134.19,67.97,Stab,Right
1708334627342,-0.204472,-1.004792,0.221552,98.56,98.35,17.99,Stab,Right
1708334627343,-0.258152,-0.647088,0.155184,72.1,22.96,-31.64,Stab,Right
1708334627460,0.008784,-0.945256,0.328912,48.16,-44.17,-55.79,Stab,Right
1708334627461,-0.336232,-0.771528,0.060024,26.39,-181.23,-46.83,Stab,Right
1708334627462,-0.577792,-0.891576,-0.140056,47.6,-193.62,-5.6,Stab,Right
1708334627462,-0.299632,-0.802272,-0.421144,93.45,-186.2,32.34,Stab,Right
1708334627463,0.306952,-1.009672,-0.0732,103.6,-43.75,39.69,Stab,Right
1708334627463,-0.486536,-0.75396,0.280112,69.86,313.11,-8.33,Stab,Right
1708334627463,-0.404064,-0.406992,0.015616,48.23,476.63,-71.61,Stab,Right
1708334627542,0.081984,-0.36356,-0.283528,83.3,206.29,-131.74,Stab,Right
1708334627543,-0.254248,-0.895968,-0.225944,126.28,-122.85,-145.67,Stab,Right
1708334627543,0.263032,-1.102392,-0.404552,147.56,-117.39,-117.46,Stab,Right
1708334627654,0.0488,-1.066768,-0.134688,133.07,-52.99,-100.03,Stab,Right
1708334627654,-0.026352,-0.891088,-0.1586,113.19,-77.14,-94.57,Stab,Right
1708334627654,-0.100528,-0.813008,-0.156648,78.33,-55.51,-95.41,Stab,Right
1708334627655,0.102968,-0.935008,-0.244976,39.83,-56.56,-80.22,Stab,Right
1708334627655,0.320616,-1.088728,-0.195688,2.17,-89.11,-42.49,Stab,Right
1708334627655,0.450912,-0.962336,-0.032208,-6.23,-45.29,-3.71,Stab,Right
1708334627656,0.528504,-0.933544,0.080032,25.55,-8.4,7.49,Stab,Right
1708334627755,0.474336,-0.89792,0.05368,71.33,-11.48,2.17,Stab,Right
1708334627756,0.404552,-0.967704,-0.036112,97.3,-49.63,4.69,Stab,Right
1708334627756,0.122976,-0.998936,-0.073688,54.18,-54.53,31.36,Noise,Unknown
1708334627756,0.110776,-1.005768,-0.16836,7.91,-58.17,83.3,Noise,Unknown
1708334627757,0.10492,-1.10044,-0.21228,-73.85,-53.69,127.96,Noise,Unknown
1708334627757,0.26108,-1.138992,-0.041968,-112.63,-27.58,122.43,Noise,Unknown
1708334627757,0.367952,-1.201944,-0.003904,-50.68,-36.19,61.46,Noise,Unknown
1708334627801,0.345504,-1.157536,-0.061488,14.07,-48.16,-21.0,Noise,Unknown
1708334627801,0.269376,-0.937448,-0.19032,26.11,-66.22,-71.4,Noise,Unknown
1708334627802,0.300608,-0.835456,-0.184952,-30.94,-57.47,-59.01,Noise,Unknown
1708334627846,0.15616,-0.632448,-0.203496,-132.86,-69.58,3.64,Noise,Unknown
