timestamp,acc_x,acc_y,acc_z,gyro_x,gyro_y,gyro_z,Motion,Hand
1707209285889,0.82472,0.453352,0.329888,19.81,-35.98,28.77,Noise,Unknown
1707209285889,0.835456,0.44408,0.277672,15.47,-17.99,32.2,Noise,Unknown
1707209285890,0.847656,0.432368,0.255224,9.66,0.84,31.29,Noise,Unknown
1707209285890,0.849608,0.448472,0.222528,5.04,8.54,24.64,Noise,Unknown
1707209285937,0.816912,0.452864,0.193736,3.99,9.03,14.07,Noise,Unknown
1707209285938,0.789096,0.423096,0.181536,5.18,1.89,3.29,Noise,Unknown
1707209285938,0.818376,0.301096,0.130296,56.14,26.25,-16.45,Noise,Unknown
1707209285988,0.843752,0.54656,0.07564,21.35,27.3,4.41,Noise,Unknown
1707209285988,0.85888,0.450424,0.145424,-15.4,68.6,1.26,Noise,Unknown
1707209285988,1.052128,0.489952,0.105896,-14.07,82.88,8.33,Noise,Unknown
1707209286075,0.932568,0.381128,0.020008,-29.54,74.34,7.28,Noise,Right
1707209286075,0.711992,0.43188,0.146888,-57.47,86.1,7.28,Noise,Right
1707209286075,0.91256,0.382104,0.26352,-57.4,97.93,14.28,Noise,Right
1707209286075,0.532408,0.24888,0.432856,28.14,114.1,4.62,Noise,Right
1707209286075,0.650504,0.390888,0.467504,-13.3,123.55,-6.79,Noise,Right
1707209286122,0.637816,0.336232,0.568032,-7.49,125.79,-9.17,Noise,Right
1707209286122,0.516792,0.366976,0.577304,11.83,136.57,-14.7,Noise,Right
1707209286122,0.5734,0.382104,0.534848,-7.77,140.63,-16.31,Noise,Right
1707209286171,0.626592,0.365024,0.636352,7.0,147.49,-12.25,Noise,Right
1707209286171,0.557784,0.343064,0.786168,-2.24,151.48,-13.58,Noise,Right
1707209286171,0.534848,0.407968,0.982832,-18.9,147.56,-13.23,Noise,Right
1707209286215,0.500688,0.395768,1.084336,14.91,125.93,-11.34,Noise,Right
1707209286215,0.517768,0.381616,1.060912,36.82,97.16,-19.11,Noise,Right
1707209286263,0.671976,0.4026,1.149728,42.0,64.4,-26.11,Noise,Right
1707209286263,0.822768,0.435296,1.21512,47.74,27.44,-22.82,Noise,Right
1707209286263,0.840824,0.504104,1.112152,-16.38,-8.54,-34.09,Noise,Right
1707209286308,0.79544,0.613416,1.083848,50.05,-36.54,-16.31,Noise,Right
1707209286308,0.654896,0.62952,0.962336,60.06,-65.24,-6.3,Noise,Right
1707209286308,0.533872,0.606096,0.769576,84.07,-92.33,-12.25,Noise,Right
1707209286356,0.430904,0.58804,0.70028,100.59,-116.97,-24.57,Noise,Right
1707209286356,0.30012,0.547048,0.561688,119.42,-122.5,-31.29,Noise,Right
1707209286403,0.367464,0.616344,0.456768,93.03,-100.52,-23.94,Noise,Right
1707209286403,0.508984,0.614392,0.309392,57.68,-61.95,2.31,Noise,Right
1707209286403,0.50752,0.605608,0.194712,18.2,-38.71,12.88,Noise,Right
1707209286452,0.480192,0.614392,0.104432,-50.05,2.73,26.95,Noise,Right
1707209286457,0.55388,0.623176,0.153232,-132.79,46.9,47.53,Noise,Right
1707209286457,0.526064,0.550464,0.258152,-181.79,81.34,70.21,Noise,Right
1707209286495,0.511424,0.445056,0.465064,-236.95,96.25,82.18,Noise,Right
1707209286495,0.567056,0.394304,0.528992,-286.3,56.63,32.97,Noise,Right
1707209286496,0.413336,0.142496,0.80032,-145.04,88.27,-4.41,Noise,Right
1707209286552,0.58804,0.220576,0.853512,-129.64,65.8,-17.43,Noise,Right
1707209286552,0.436272,0.207888,0.938424,-84.7,67.76,-21.21,Noise,Right
1707209286553,0.378688,0.245952,0.958432,-27.86,63.14,-15.75,Noise,Right
1707209286605,0.408944,0.254248,0.882304,-1.54,64.05,-7.49,Noise,Right
1707209286605,0.520696,0.295728,0.861808,8.82,65.59,-0.42,Noise,Right
1707209286606,0.690032,0.28792,0.950624,18.13,59.01,5.67,Noise,Right
1707209286653,0.707112,0.259128,0.9516,-12.18,45.64,-4.55,Noise,Right
1707209286653,0.60268,0.264008,0.918416,-23.87,22.89,-25.76,Noise,Right
1707209286653,0.513376,0.191296,1.014552,-11.41,10.85,-38.08,Noise,Right
1707209286700,0.453352,0.189832,1.037,7.56,2.66,-42.56,Noise,Right
1707209286700,0.543632,0.239608,1.272216,30.38,-15.68,-41.58,Noise,Right
1707209286700,0.601704,0.356728,1.25416,67.41,-38.15,-37.1,Noise,Right
1707209286758,0.45628,0.384544,1.10044,27.16,-67.27,-35.0,Noise,Right
1707209286758,0.396744,0.330376,0.869128,65.59,-75.67,-35.07,Noise,Right
1707209286809,0.4392,0.395768,0.660752,142.73,-63.42,-50.47,Noise,Right
1707209286809,0.454816,0.510936,0.67344,139.86,-23.03,-72.03,Noise,Right
1707209286810,0.52216,0.557296,0.664656,138.53,-17.71,-61.88,Noise,Right
1707209286810,0.432368,0.503616,0.64416,113.19,-17.99,-44.24,Noise,Right
1707209286859,0.449936,0.541192,0.65636,102.55,-12.53,-27.09,Noise,Right
1707209286860,0.501176,0.58804,0.641232,88.62,-4.9,-8.19,Noise,Right
1707209286860,0.528016,0.612928,0.571448,64.61,-2.17,6.58,Noise,Right
1707209286995,0.50752,0.63196,0.567056,59.08,-12.18,13.16,Noise,Right
1707209286995,0.521184,0.658312,0.529968,17.85,-24.64,22.68,Noise,Right
1707209286995,0.469944,0.700768,0.591456,17.43,-39.9,16.17,Noise,Right
1707209286995,0.411384,0.59536,0.610488,27.02,-48.02,22.26,Noise,Right
1707209286995,0.423096,0.621224,0.59048,29.54,-48.02,19.88,Noise,Right
1707209286995,0.523136,0.576816,0.65392,35.42,-38.64,22.05,Noise,Right
1707209286995,0.590968,0.594384,0.60756,20.86,-27.09,13.16,Noise,Right
1707209287045,0.549,0.565104,0.52216,13.79,-17.99,11.34,Noise,Right
1707209287045,0.510936,0.589504,0.464088,-6.23,-16.45,8.75,Noise,Right
1707209287045,0.526552,0.58072,0.499712,-30.03,-21.07,10.92,Noise,Right
1707209287045,0.427976,0.671,0.571936,-111.23,37.87,-10.22,Noise,Right
1707209287093,0.5734,0.526064,0.565104,-43.05,17.01,0.42,Noise,Right
1707209287093,0.589016,0.52948,0.586576,-25.97,32.13,0.0,Noise,Right
1707209287093,0.454328,0.410408,0.520208,-57.75,48.58,0.49,Noise,Right
1707209287137,0.498736,0.483608,0.626104,-100.73,59.01,6.16,Noise,Right
1707209287137,0.704672,0.412848,0.60756,-159.81,63.35,15.26,Noise,Right
1707209287183,0.635864,0.367952,0.770552,-189.56,62.09,22.4,Noise,Right
1707209287184,0.441152,0.315248,0.774456,-74.62,70.14,23.17,Noise,Right
1707209287184,0.419192,0.326472,0.751032,-56.91,78.47,17.43,Noise,Right
1707209287230,0.371368,0.260592,0.769576,-56.77,84.14,14.28,Noise,Right
1707209287231,0.392352,0.237168,0.808616,-58.38,94.71,18.06,Noise,Right
1707209287231,0.520696,0.325008,0.940864,-76.02,100.03,31.85,Noise,Right
1707209287276,0.562176,0.300608,1.162904,-95.27,95.55,53.34,Noise,Right
1707209287277,0.499224,0.32208,1.26636,-30.52,53.41,23.17,Noise,Right
1707209287277,0.388448,0.301584,1.09312,16.66,21.35,-1.68,Noise,Right
1707209287323,0.345016,0.293776,1.003816,20.65,9.59,-3.08,Noise,Right
1707209287323,0.362096,0.26352,0.891088,-18.48,7.56,-10.29,Noise,Right
1707209287371,0.382104,0.321592,0.839848,6.3,7.91,-7.49,Noise,Right
1707209287371,0.34648,0.27572,0.876936,2.38,10.29,-4.41,Noise,Right
1707209287371,0.315248,0.247416,0.830576,11.27,12.18,-6.86,Noise,Right
1707209287416,0.469456,0.316712,0.77348,-17.64,19.39,-9.73,Noise,Right
1707209287416,0.465064,0.352824,0.711992,-52.36,28.77,-9.24,Noise,Right
1707209287416,0.395768,0.238144,0.890112,-87.85,41.51,-7.21,Noise,Right
1707209287460,0.264008,0.248392,0.989664,-99.19,43.68,-6.23,Noise,Right
1707209287461,0.246928,0.205936,0.998448,-55.79,40.25,5.46,Noise,Right
1707209287508,0.247904,0.192272,1.024312,-51.24,39.48,15.19,Noise,Right
1707209287518,0.3416,0.182024,1.022848,-40.11,29.26,0.07,Noise,Right
1707209287522,0.355264,0.172264,0.960872,-33.39,21.35,-2.87,Noise,Right
1707209287556,0.246928,0.154208,1.04676,-46.2,19.74,-2.66,Noise,Right
1707209287556,0.172264,0.115168,1.294176,-8.47,6.58,-1.96,Noise,Right
1707209287556,0.211304,0.138592,1.391776,54.18,-22.82,-0.84,Noise,Right
1707209287601,0.133224,0.14396,1.248792,122.78,-52.5,-0.77,Noise,Right
1707209287601,0.27572,0.17812,1.10288,148.54,-70.84,0.77,Noise,Right
1707209287601,0.291336,0.267912,0.981856,160.58,-77.49,6.51,Noise,Right
1707209287648,0.381128,0.344528,0.932568,152.25,-76.65,9.24,Noise,Right
1707209287648,0.408944,0.365512,0.971608,127.96,-69.3,7.49,Noise,Right
1707209287694,0.395768,0.437248,1.065304,124.95,-79.59,11.9,Noise,Right
1707209287695,0.384544,0.498736,1.099952,120.4,-95.69,18.13,Noise,Right
1707209287695,0.319152,0.508496,1.122888,36.33,-102.69,11.48,Noise,Right
1707209287742,0.30744,0.435296,1.0126,142.66,-110.25,20.93,Noise,Right
1707209287742,0.362584,0.504592,0.724192,194.39,-108.08,28.42,Noise,Right
1707209287742,0.381128,0.504592,0.477264,188.93,-92.82,37.1,Noise,Right
1707209287789,0.472872,0.564128,0.235704,133.21,-74.48,40.95,Noise,Right
1707209287789,0.56852,0.573888,0.132736,52.22,-50.89,44.87,Noise,Right
1707209287789,0.528016,0.520208,0.142984,-38.08,-27.02,43.61,Noise,Right
1707209287835,0.457744,0.44164,0.274256,-90.3,-4.06,40.88,Noise,Right
1707209287836,0.35624,0.364048,0.424072,-107.45,21.07,34.79,Noise,Right
1707209287885,0.233264,0.327936,0.462624,-108.08,69.86,26.04,Noise,Right
1707209287885,0.271328,0.28792,0.494344,-110.74,79.52,23.1,Noise,Right
1707209287885,0.409432,0.16104,0.734928,-73.5,121.1,20.23,Noise,Right
1707209287929,0.580232,0.29036,0.980392,-29.61,124.11,23.38,Noise,Right
1707209287930,0.682224,0.326472,1.112152,-14.14,91.28,11.06,Noise,Right
1707209287930,0.574864,0.34892,1.207312,35.21,58.03,-0.14,Noise,Right
1707209287988,0.503128,0.38064,1.140456,39.41,33.74,-5.6,Noise,Right
1707209287988,0.57096,0.379176,1.062376,70.35,13.3,-4.62,Noise,Right
1707209287988,0.601704,0.409432,0.957456,20.93,-0.98,-11.27,Noise,Right
1707209288041,0.54656,0.450912,0.959896,65.8,-6.79,-6.3,Noise,Right
1707209288042,0.457744,0.429928,0.954528,94.01,-17.29,-3.15,Noise,Right
1707209288042,0.477752,0.397232,0.864736,86.87,-25.13,-1.96,Noise,Right
1707209288087,0.435296,0.43432,0.831064,89.81,-29.89,-0.56,Noise,Right
1707209288088,0.386008,0.504104,0.801784,90.93,-32.97,-1.54,Noise,Right
1707209288088,0.399672,0.47824,0.781288,77.42,-34.58,-0.77,Noise,Right
1707209288139,0.430416,0.501176,0.696376,61.18,-29.12,4.62,Noise,Right
1707209288139,0.437736,0.484096,0.705648,61.11,-29.54,0.91,Noise,Right
1707209288139,0.444568,0.493856,0.655872,49.0,-24.22,3.43,Noise,Right
1707209288221,0.447984,0.5124,0.6466,29.61,-15.4,7.56,Noise,Right
1707209288221,0.488,0.52948,0.605608,10.71,-6.09,11.13,Noise,Right
1707209288221,0.49532,0.542656,0.575352,-12.74,0.14,10.29,Noise,Right
1707209288221,0.582672,0.57096,0.59292,-34.72,0.28,5.46,Noise,Right
1707209288222,0.657824,0.577792,0.547536,-37.8,-2.94,-2.31,Noise,Right
1707209288322,0.583648,0.565592,0.608048,-40.11,-8.75,-10.71,Noise,Right
1707209288322,0.554368,0.511912,0.625616,-49.07,-9.52,-12.32,Noise,Right
1707209288322,0.484096,0.48556,0.665632,-44.38,-3.92,-12.04,Noise,Right
1707209288322,0.563152,0.457744,0.615856,-47.74,1.54,-9.73,Noise,Right
1707209288322,0.610976,0.489952,0.58316,-66.64,3.92,-10.15,Noise,Right
1707209288323,0.445544,0.457256,0.55876,-93.45,5.67,-12.32,Noise,Right
1707209288369,0.4514,0.462624,0.600728,-148.75,15.47,-10.01,Noise,Right
1707209288369,0.401136,0.4392,0.609024,-151.83,33.11,-4.76,Noise,Right
1707209288369,0.278648,0.24644,0.72712,-107.8,56.56,-11.76,Noise,Right
1707209288417,0.449936,0.353312,0.815448,-98.56,59.71,-14.49,Noise,Right
1707209288417,0.488488,0.311832,0.857904,-98.49,63.84,-9.03,Noise,Right
1707209288463,0.55632,0.327448,0.837408,-102.62,60.62,-4.34,Noise,Right
1707209288463,0.445056,0.326472,0.921832,-122.78,55.02,-9.59,Noise,Right
1707209288463,0.411384,0.216184,1.024312,-122.15,49.7,-4.9,Noise,Right
1707209288510,0.357704,0.228872,1.040416,-99.4,45.22,6.16,Noise,Right
1707209288510,0.385032,0.2074,1.043344,-64.82,37.17,11.41,Noise,Right
1707209288511,0.4392,0.217648,1.04676,-33.74,44.73,-2.73,Noise,Right
1707209288555,0.42456,0.184464,1.057008,-21.21,63.91,-21.14,Noise,Right
1707209288556,0.380152,0.220576,1.072136,-18.69,83.79,-22.05,Noise,Right
1707209288556,0.32696,0.18544,1.089704,-15.47,92.54,-16.1,Noise,Right
1707209288605,0.302072,0.180072,1.113128,-7.77,87.22,-6.58,Noise,Right
1707209288605,0.292312,0.172752,1.06628,5.25,64.26,1.26,Noise,Right
1707209288649,0.33184,0.183976,1.060912,20.79,21.91,-2.59,Noise,Right
1707209288649,0.343552,0.208376,1.08092,45.85,-12.04,-17.29,Noise,Right
1707209288649,0.341112,0.237168,1.081896,65.31,-32.34,-37.38,Noise,Right
1707209288703,0.325984,0.244976,1.128744,73.99,-36.82,-53.69,Noise,Right
1707209288704,0.33916,0.2684,1.139968,77.21,-25.76,-60.97,Noise,Right
1707209288704,0.342576,0.30744,1.081896,62.93,1.89,-57.05,Noise,Right
1707209288757,0.369416,0.324032,1.034072,41.72,25.9,-49.0,Noise,Right
1707209288757,0.387472,0.338672,1.052128,18.9,37.52,-41.79,Noise,Right
1707209288758,0.344528,0.304512,1.062864,13.65,37.03,-35.42,Noise,Right
1707209288803,0.301584,0.297192,1.047736,9.52,28.21,-34.3,Noise,Right
1707209288803,0.244,0.278648,1.038464,14.56,14.28,-33.46,Noise,Right
1707209288803,0.212768,0.28548,1.007232,19.39,-0.98,-30.94,Noise,Right
1707209288849,0.211792,0.308416,0.982344,16.87,-9.24,-25.06,Noise,Right
1707209288849,0.203984,0.308904,0.993568,-0.77,-14.84,-17.22,Noise,Right
1707209288849,0.128832,0.314272,0.981368,4.41,-16.73,-8.47,Noise,Right
1707209288897,0.068808,0.298656,1.01504,29.19,-17.85,-2.59,Noise,Right
1707209288897,0.050752,0.311344,0.987224,41.51,-26.04,-6.65,Noise,Right
1707209288897,0.055144,0.31964,0.943304,45.71,-34.79,-13.72,Noise,Right
1707209289028,0.063928,0.357704,0.900848,42.7,-38.85,-22.4,Noise,Right
1707209289028,0.116632,0.374296,0.874008,34.58,-34.09,-26.74,Noise,Right
1707209289028,0.121024,0.379664,0.859856,28.28,-25.48,-27.44,Noise,Right
1707209289029,0.116632,0.368928,0.82716,22.96,-12.74,-24.71,Noise,Right
1707209289029,0.110288,0.379664,0.81252,13.93,0.21,-19.88,Noise,Right
1707209289029,0.083448,0.371856,0.820816,9.1,11.69,-12.32,Noise,Right
1707209289029,0.116144,0.3538,0.849608,-1.61,18.06,-3.71,Noise,Right
1707209289080,0.128344,0.356728,0.876936,-6.86,20.23,5.04,Noise,Right
1707209289080,0.098088,0.355264,0.893528,-7.28,19.95,9.73,Noise,Right
1707209289080,0.081008,0.3782,0.897432,-7.07,16.52,10.57,Noise,Right
1707209289081,0.061488,0.366,0.881816,-6.37,12.32,8.61,Noise,Right
1707209289139,0.0854,0.357704,0.883768,-14.56,11.27,4.2,Noise,Right
1707209289139,0.10004,0.353312,0.906704,-7.63,11.2,2.73,Noise,Right
1707209289243,0.101992,0.330376,0.9272,-2.94,9.66,2.66,Noise,Right
1707209289243,0.111264,0.333304,0.921344,3.99,5.95,3.64,Noise,Right
1707209289243,0.106384,0.345992,0.900848,10.43,4.13,5.88,Noise,Right
1707209289243,0.095648,0.352824,0.882792,13.16,4.27,8.61,Noise,Right
1707209289243,0.099552,0.347456,0.88328,15.12,4.62,10.43,Noise,Right
1707209289243,0.111264,0.340624,0.87596,16.45,1.4,8.12,Noise,Right
1707209289243,0.094184,0.335744,0.859856,16.59,-8.26,3.29,Noise,Right
1707209289298,0.107848,0.343064,0.830088,14.07,-13.79,-1.61,Noise,Right
1707209289299,0.121512,0.357216,0.8174,8.82,-11.76,-3.29,Noise,Right
1707209289299,0.11468,0.369904,0.820816,-0.42,-3.64,-1.68,Noise,Right
1707209289346,0.116632,0.358192,0.833992,-3.36,9.8,3.92,Noise,Right
1707209289346,0.132248,0.359656,0.86376,-5.32,23.24,10.01,Noise,Right
1707209289346,0.1464,0.367464,0.881816,-9.45,28.35,14.28,Noise,Right
1707209289449,0.132736,0.369904,0.911096,-8.54,25.97,14.7,Noise,Right
1707209289449,0.115168,0.374784,0.930616,-4.06,14.07,11.48,Noise,Right
1707209289449,0.10736,0.399184,0.93208,0.98,-3.5,4.83,Noise,Right
1707209289449,0.1342,0.397232,0.911584,4.69,-18.62,-2.17,Noise,Right
1707209289449,0.171288,0.39284,0.89304,3.71,-26.25,-9.45,Noise,Right
1707209289450,0.178608,0.384056,0.87108,-4.76,-22.4,-13.86,Noise,Right
1707209289503,0.163968,0.3782,0.894992,-5.11,-11.76,-13.23,Noise,Right
1707209289503,0.147376,0.372832,0.932568,-5.88,-0.56,-8.33,Noise,Right
1707209289503,0.142008,0.371856,0.964288,-6.44,6.51,0.35,Noise,Right
1707209289623,0.149816,0.364536,0.968192,-4.69,7.56,7.35,Noise,Right
1707209289623,0.129808,0.376248,0.947696,-2.1,3.43,9.31,Noise,Right
1707209289623,0.136152,0.366,0.940376,0.07,-2.94,6.51,Noise,Right
1707209289623,0.14884,0.374296,0.92964,2.38,-9.1,0.84,Noise,Right
1707209289623,0.176168,0.37088,0.939888,2.94,-12.11,-4.97,Noise,Right
1707209289623,0.173728,0.372832,0.941352,3.78,-10.43,-7.91,Noise,Right
1707209289625,0.180072,0.357704,0.947696,0.63,-6.86,-8.75,Noise,Right
1707209289671,0.164944,0.379176,0.9394,-0.98,-2.24,-7.0,Noise,Right
1707209289672,0.152744,0.369416,0.94916,1.19,-0.98,-4.69,Noise,Right
1707209289672,0.147376,0.364048,0.955504,1.4,-4.13,-2.31,Noise,Right
1707209289726,0.142496,0.352824,0.9638,0.28,-8.96,-1.75,Noise,Right
1707209289727,0.15372,0.355264,0.96624,-0.35,-12.88,-3.29,Noise,Right
1707209289727,0.149328,0.342576,0.955504,1.54,-13.93,-6.58,Noise,Right
1707209289780,0.151768,0.35624,0.953064,1.68,-11.2,-9.73,Noise,Right
1707209289780,0.140056,0.346968,0.952088,0.56,-6.44,-11.06,Noise,Right
1707209289780,0.141032,0.352824,0.948672,2.45,-0.42,-9.52,Noise,Right
1707209289780,0.1342,0.350872,0.94916,4.48,3.99,-4.97,Noise,Right
1707209289830,0.142008,0.36844,0.93452,3.29,2.8,1.75,Noise,Right
1707209289830,0.135176,0.36356,0.932568,-1.19,-0.77,7.49,Noise,Right
1707209289876,0.141032,0.35868,0.937448,-1.68,-5.6,8.19,Noise,Right
1707209289876,0.151768,0.352824,0.926224,-1.05,-10.22,3.08,Noise,Right
1707209289876,0.149328,0.34648,0.940376,0.7,-12.04,-4.55,Noise,Right
1707209289931,0.14884,0.348432,0.939888,3.71,-11.55,-10.36,Noise,Right
1707209289931,0.148352,0.360632,0.947696,5.18,-10.64,-12.04,Noise,Right
1707209289931,0.154696,0.365512,0.945256,4.97,-9.8,-9.03,Noise,Right
1707209289983,0.155184,0.36356,0.945744,3.92,-9.8,-2.52,Noise,Right
1707209289983,0.168848,0.36356,0.943304,0.98,-10.08,2.24,Noise,Right
1707209289983,0.176656,0.364048,0.945256,-1.54,-8.12,4.41,Noise,Right
1707209289983,0.178608,0.356728,0.959408,-2.8,-6.44,2.87,Noise,Right
1707209290033,0.17812,0.357216,0.95892,-1.12,-4.76,-1.47,Noise,Right
1707209290033,0.169824,0.355264,0.958432,1.4,-3.85,-5.95,Noise,Right
1707209290156,0.170312,0.365512,0.959896,2.38,-3.15,-8.82,Noise,Right
1707209290156,0.169336,0.360632,0.94672,2.03,-2.87,-8.61,Noise,Right
1707209290156,0.167872,0.362584,0.95648,0.14,-3.22,-7.0,Noise,Right
1707209290156,0.159088,0.359656,0.959896,1.47,-5.25,-5.11,Noise,Right
1707209290157,0.157624,0.355752,0.939888,1.4,-9.8,-3.57,Noise,Right
1707209290157,0.159576,0.34648,0.942816,2.1,-12.53,-3.15,Noise,Right
1707209290157,0.152256,0.338672,0.93208,3.29,-13.16,-3.99,Noise,Right
1707209290267,0.15128,0.332328,0.930128,4.9,-11.9,-4.97,Noise,Right
1707209290268,0.150792,0.324032,0.90768,8.75,-11.2,-4.55,Noise,Right
1707209290268,0.15616,0.318176,0.899872,10.01,-12.6,-3.5,Noise,Right
1707209290268,0.17324,0.303536,0.875472,11.55,-16.52,-3.15,Noise,Right
1707209290268,0.18544,0.305,0.835944,12.18,-21.91,-4.48,Noise,Right
1707209290268,0.181048,0.305,0.817888,14.91,-27.23,-7.84,Noise,Right
1707209290268,0.165432,0.321592,0.806176,16.38,-34.65,-12.39,Noise,Right
1707209290325,0.18544,0.31964,0.798856,12.74,-41.3,-16.17,Noise,Right
1707209290325,0.184952,0.32452,0.794464,6.44,-44.1,-18.27,Noise,Right
1707209290325,0.192272,0.325496,0.803248,2.87,-43.61,-16.8,Noise,Right
1707209290325,0.189832,0.327936,0.81496,0.28,-42.0,-12.46,Noise,Right
1707209290371,0.208376,0.342088,0.811056,-5.04,-42.63,-7.14,Noise,Right
1707209290371,0.242048,0.333792,0.80276,-11.62,-43.19,-3.92,Noise,Right
1707209290413,0.255712,0.33916,0.793,-15.96,-39.69,-5.25,Noise,Right
1707209290413,0.264008,0.328424,0.794952,-17.57,-30.52,-12.11,Noise,Right
1707209290415,0.273768,0.337208,0.820816,-15.68,-18.55,-19.67,Noise,Right
1707209290462,0.272792,0.354776,0.847168,-12.25,-12.39,-25.55,Noise,Right
1707209290462,0.265472,0.33916,0.930128,-12.39,-13.02,-28.35,Noise,Right
1707209290462,0.284992,0.353312,0.962824,-21.56,-22.12,-27.79,Noise,Right
1707209290508,0.281088,0.364048,0.991616,-19.39,-34.51,-21.42,Noise,Right
1707209290508,0.264984,0.374296,0.979904,-19.53,-46.9,-13.51,Noise,Right
1707209290553,0.295728,0.366976,0.99064,-18.48,-50.47,-6.09,Noise,Right
1707209290555,0.330864,0.37332,0.988688,-23.24,-46.13,0.07,Noise,Right
1707209290555,0.364536,0.364048,0.9882,-27.86,-32.41,5.11,Noise,Right
1707209290599,0.3782,0.366976,0.991616,-31.57,-12.74,7.49,Noise,Right
1707209290599,0.37332,0.348432,0.989176,-29.47,7.35,6.23,Noise,Right
1707209290599,0.353312,0.345504,0.996008,-27.02,19.88,2.59,Noise,Right
1707209290648,0.33428,0.342088,1.007232,-23.94,19.25,-2.31,Noise,Right
1707209290648,0.312808,0.33916,1.012112,-18.41,11.41,-7.35,Noise,Right
1707209290648,0.305,0.322568,1.009184,-13.86,-0.84,-12.67,Noise,Right
1707209290692,0.291336,0.309392,1.013088,-8.33,-12.04,-17.43,Noise,Right
1707209290692,0.2806,0.300608,1.011624,-3.15,-19.25,-19.46,Noise,Right
1707209290750,0.27328,0.29768,1.00528,0.35,-20.09,-17.08,Noise,Right
1707209290753,0.267424,0.298656,0.997472,0.84,-19.32,-10.92,Noise,Right
1707209290755,0.30256,0.293776,0.991128,-1.12,-17.36,-2.94,Noise,Right
1707209290785,0.337696,0.296216,0.98576,-0.98,-17.43,3.15,Noise,Right
1707209290786,0.350384,0.299632,0.968192,1.33,-21.84,1.96,Noise,Right
1707209290786,0.32696,0.293288,0.96624,4.55,-25.76,-6.16,Noise,Right
1707209290833,0.338672,0.314272,0.972584,12.74,-27.65,-16.17,Noise,Right
1707209290833,0.321104,0.29036,0.946232,16.31,-25.83,-23.66,Noise,Right
1707209290833,0.330376,0.297192,0.943304,19.88,-21.07,-25.41,Noise,Right
1707209290882,0.312808,0.305976,0.94672,20.58,-18.9,-19.74,Noise,Right
1707209290882,0.30988,0.306952,0.935008,16.03,-22.26,-12.6,Noise,Right
1707209290929,0.323056,0.314272,0.9394,15.75,-28.21,-6.79,Noise,Right
1707209290929,0.33672,0.292312,0.926224,12.88,-37.66,-6.65,Noise,Right
1707209290929,0.345016,0.30988,0.941352,18.69,-46.55,-9.8,Noise,Right
1707209290973,0.323056,0.288896,0.972584,28.84,-55.58,-14.28,Noise,Right
1707209290973,0.313296,0.289384,0.984784,48.02,-66.29,-15.26,Noise,Right
1707209290973,0.36112,0.309392,1.013088,61.04,-73.78,-11.9,Noise,Right
1707209291019,0.435296,0.349408,0.962336,71.68,-77.07,-5.32,Noise,Right
1707209291019,0.46604,0.34648,0.940376,79.45,-75.74,-1.96,Noise,Right
1707209291020,0.455792,0.367464,0.943792,89.25,-86.73,-3.71,Noise,Right
1707209291069,0.453352,0.404552,0.99064,106.61,-114.17,-5.81,Noise,Right
1707209291069,0.45872,0.44652,0.868152,126.21,-130.62,-10.29,Noise,Right
1707209291194,0.481168,0.442616,0.804224,164.01,-126.28,-14.91,Noise,Right
1707209291194,0.525088,0.475312,0.735416,193.48,-100.38,-7.98,Noise,Right
1707209291194,0.579256,0.53192,0.701744,182.56,-87.36,-3.99,Noise,Right
1707209291194,0.672952,0.582672,0.718824,182.35,-121.73,17.22,Noise,Right
1707209291194,0.568032,0.91256,0.75396,-26.32,-63.91,-31.22,Noise,Right
1707209291194,0.770552,0.6222,0.657824,215.46,-116.48,10.64,Noise,Right
1707209291195,0.68564,0.68564,0.528016,203.49,-123.06,6.44,Noise,Right
1707209291292,0.699792,0.657824,0.418704,211.61,-138.81,14.07,Noise,Right
1707209291292,0.699304,0.657824,0.252784,208.25,-146.51,27.02,Noise,Right
1707209291292,0.742736,0.641232,0.061976,192.85,-147.0,41.93,Noise,Right
1707209291292,0.800808,0.608048,-0.083448,156.1,-147.21,57.75,Noise,Right
1707209291292,0.810568,0.69052,-0.025864,113.96,-158.13,64.12,Noise,Right
1707209291295,0.881816,0.61732,-0.216184,62.86,-148.47,59.36,Noise,Right
1707209291296,0.849608,0.61488,-0.190808,46.69,-126.42,43.82,Noise,Right
1707209291343,0.901824,0.650992,-0.2562,20.58,-109.34,33.74,Noise,Right
1707209291343,0.903776,0.588528,-0.249368,-11.97,-87.15,14.7,Noise,Right
1707209291343,0.887184,0.571936,-0.223992,-31.22,-63.35,-9.45,Noise,Right
1707209291394,0.823256,0.549976,-0.194712,-42.42,-42.98,-34.09,Noise,Right
1707209291394,0.75884,0.562176,-0.1708,-52.92,-29.05,-53.76,Noise,Right
1707209291394,0.717848,0.56608,-0.144448,-64.96,-17.57,-59.99,Noise,Right
1707209291496,0.67344,0.56364,-0.11956,-77.35,3.22,-59.43,Noise,Right
1707209291497,0.60512,0.574376,-0.057584,-88.97,30.1,-54.74,Noise,Right
1707209291497,0.50996,0.60756,0.015616,-98.28,62.23,-43.68,Noise,Right
1707209291497,0.432856,0.63196,0.091256,-103.39,97.23,-24.22,Noise,Right
1707209291497,0.38308,0.636352,0.096136,-103.74,129.15,8.54,Noise,Right
1707209291497,0.382592,0.705648,0.081008,-127.19,152.46,52.43,Noise,Right
1707209291544,0.404064,0.658312,0.128344,-140.63,152.39,105.14,Noise,Right
1707209291545,0.482144,0.661728,0.21716,-138.18,132.93,146.16,Noise,Right
1707209291595,0.634888,0.655384,0.308416,-130.76,104.72,160.51,Noise,Right
1707209291595,0.638304,0.537288,0.34648,-57.05,83.44,137.34,Noise,Right
1707209291595,0.642696,0.49532,0.398696,-10.08,67.2,82.6,Noise,Right
1707209291703,0.68564,0.608536,0.484584,39.69,40.39,39.9,Noise,Right
1707209291703,0.694424,0.609024,0.489952,59.15,21.14,27.37,Noise,Right
1707209291703,0.772016,0.573888,0.537288,49.77,10.29,25.27,Noise,Right
1707209291703,0.852536,0.548024,0.559248,40.46,10.22,19.39,Noise,Right
1707209291703,0.815448,0.552904,0.442616,37.8,22.61,5.25,Noise,Right
1707209291703,0.792024,0.570472,0.347944,22.47,36.54,-3.08,Noise,Right
1707209291703,0.77592,0.549,0.36112,-8.19,49.91,-1.05,Noise,Right
1707209291812,0.734928,0.547048,0.488,-22.4,56.0,8.12,Noise,Right
1707209291813,0.742736,0.531432,0.535824,-13.58,49.14,18.06,Noise,Right
1707209291813,0.737856,0.540704,0.542168,12.67,39.41,15.33,Noise,Right
1707209291816,0.757376,0.564128,0.467504,32.9,26.46,4.06,Noise,Right
1707209291817,0.742736,0.537288,0.365512,46.55,22.89,-13.37,Noise,Right
1707209291817,0.700768,0.530944,0.354776,45.64,23.17,-22.75,Noise,Right
1707209291858,0.68808,0.542168,0.409432,41.51,17.22,-13.79,Noise,Right
1707209291858,0.707112,0.489464,0.503616,37.66,8.26,7.63,Noise,Right
1707209291858,0.767624,0.489952,0.559736,35.14,1.89,16.87,Noise,Right
1707209291905,0.79544,0.499712,0.479704,54.95,12.46,12.46,Noise,Right
1707209291905,0.784704,0.510936,0.32208,51.24,41.65,0.91,Noise,Right
1707209291906,0.709552,0.483608,0.328424,29.47,55.16,-3.01,Noise,Right
1707209291951,1.399096,0.138104,-0.122488,14.14,44.52,14.63,Noise,Right
1707209291951,0.704672,0.481656,0.494344,21.7,92.26,-17.15,Noise,Right
1707209292000,0.783728,0.526064,0.577792,16.45,78.26,-0.56,Noise,Right
1707209292000,0.707112,0.491904,0.605608,3.43,75.46,1.19,Noise,Right
1707209292000,0.625128,0.468968,0.700768,11.13,69.16,0.91,Noise,Right
1707209292046,0.586088,0.4636,0.6832,8.19,70.91,7.84,Noise,Right
1707209292046,0.55632,0.466528,0.667096,-4.06,79.94,20.65,Noise,Right
1707209292047,0.559248,0.467504,0.662216,-24.57,102.83,45.01,Noise,Right
1707209292091,0.579744,0.428464,0.686128,-46.9,122.78,71.89,Noise,Right
1707209292091,0.628544,0.523624,0.765672,9.8,84.28,21.0,Noise,Right
1707209292091,0.659776,0.537288,0.684176,-43.12,52.43,11.27,Noise,Right
1707209292140,0.70028,0.511424,0.718336,-30.52,38.92,9.17,Noise,Right
1707209292140,0.655872,0.489464,0.681248,-46.97,24.99,-0.7,Noise,Right
1707209292187,0.53436,0.437736,0.755424,-40.25,15.61,-13.93,Noise,Right
1707209292187,0.534848,0.407968,0.7442,-29.05,13.93,-16.87,Noise,Right
1707209292188,0.550952,0.42456,0.708088,-32.76,15.33,-18.06,Noise,Right
1707209292233,0.55876,0.42944,0.679296,-42.35,15.89,-14.91,Noise,Right
1707209292233,0.653432,0.438712,0.691008,-59.01,24.15,0.14,Noise,Right
1707209292233,0.72712,0.39284,0.73932,-79.94,24.29,10.64,Noise,Right
1707209292287,0.764696,0.435296,0.863272,-95.48,16.1,11.9,Noise,Right
1707209292287,0.554368,0.3538,0.948184,-49.28,8.82,-11.34,Noise,Right
1707209292287,0.434808,0.40016,1.01992,1.4,-13.02,-10.01,Noise,Right
1707209292414,0.406992,0.397232,0.967704,35.28,-19.74,-6.86,Noise,Right
1707209292414,0.422608,0.426024,0.799832,36.89,-22.12,-6.23,Noise,Right
1707209292415,0.496784,0.45628,0.723216,20.93,-18.48,-5.81,Noise,Right
1707209292415,0.562176,0.421144,0.687104,10.5,-11.62,-4.69,Noise,Right
1707209292415,0.477752,0.423584,0.677344,-21.49,-13.44,-2.1,Noise,Right
1707209292415,0.637816,0.405528,0.652456,-40.95,-6.51,4.41,Noise,Right
1707209292415,0.680272,0.354288,0.696864,-54.67,1.4,5.67,Noise,Right
1707209292468,0.677832,0.355752,0.677832,-77.63,0.84,4.55,Noise,Right
1707209292469,0.674904,0.362584,0.687104,-78.89,5.11,-13.37,Noise,Right
1707209292469,0.5734,0.304512,0.774456,-53.62,45.99,-36.96,Noise,Right
1707209292469,0.450912,0.305,0.928176,-5.81,100.03,-60.97,Noise,Right
1707209292513,0.463112,0.321104,0.928176,11.2,128.45,-50.61,Noise,Right
1707209292513,0.450912,0.311344,0.93696,-1.05,127.05,-29.75,Noise,Right
1707209292559,0.389912,0.325008,0.86132,-5.67,96.18,-14.14,Noise,Right
1707209292559,0.357704,0.33916,0.864736,3.08,62.37,-14.0,Noise,Right
1707209292559,0.301584,0.359656,0.894504,-0.14,15.61,-19.11,Noise,Right
1707209292606,0.271816,0.330864,0.969656,8.26,-46.2,-19.39,Noise,Right
1707209292606,0.267424,0.305488,0.960872,39.55,-92.33,-15.54,Noise,Right
1707209292607,0.320616,0.30744,0.855952,54.39,-111.16,-4.9,Noise,Right
1707209292652,0.491904,0.41968,0.886208,81.76,-55.72,-19.6,Noise,Right
1707209292652,0.554368,0.511912,0.714432,2.66,-23.24,-0.49,Noise,Right
1707209292652,0.62464,0.410408,0.738832,11.48,-15.19,5.95,Noise,Right
1707209292697,0.665632,0.42456,0.775432,-11.06,-24.43,15.05,Noise,Right
1707209292697,0.795928,0.413824,0.836432,-19.18,-30.31,3.5,Noise,Right
1707209292746,0.6832,0.39284,0.831552,-0.07,-55.16,-15.4,Noise,Right
1707209292746,0.630496,0.36112,0.813008,33.11,-81.97,-36.54,Noise,Right
1707209292746,0.506056,0.375272,0.78324,68.53,-98.21,-49.14,Noise,Right
1707209292798,0.410896,0.384056,0.679296,87.22,-85.47,-45.92,Noise,Right
1707209292798,0.34892,0.394792,0.638792,68.04,-73.22,-23.31,Noise,Right
1707209292798,0.36112,0.417728,0.6344,31.92,-79.1,17.43,Noise,Right
1707209292922,0.381128,0.435784,0.62952,10.43,-86.73,48.16,Noise,Right
1707209292922,0.445056,0.451888,0.632448,-7.77,-87.36,53.83,Noise,Right
1707209292923,0.540704,0.41236,0.586088,-9.45,-83.65,43.19,Noise,Right
1707209292923,0.701256,0.498736,0.635376,-16.73,-77.14,25.06,Noise,Right
1707209292923,0.490928,0.39528,0.5978,30.73,26.6,-13.65,Noise,Right
1707209292923,0.801296,0.483608,0.692472,-24.71,-21.77,3.85,Noise,Right
1707209292923,0.676368,0.357216,0.815936,-11.13,2.66,-0.63,Noise,Right
1707209292979,0.65636,0.421632,0.81008,24.85,-6.58,3.85,Noise,Right
1707209292980,0.66368,0.427,0.752008,27.09,-4.9,15.33,Noise,Right
1707209292980,0.696864,0.430904,0.689056,21.7,11.34,10.43,Noise,Right
1707209292980,0.706624,0.438712,0.637816,22.12,21.63,-5.6,Noise,Right
1707209293028,0.67588,0.41724,0.669048,12.46,11.34,-15.4,Noise,Right
1707209293028,0.607072,0.411872,0.70516,9.1,-11.27,-10.01,Noise,Right
1707209293029,0.592432,0.452376,0.705648,9.03,-29.82,8.89,Noise,Right
1707209293071,0.618296,0.467504,0.677344,12.81,-33.46,32.2,Noise,Right
1707209293071,0.618784,0.49044,0.630008,15.75,-31.15,46.41,Noise,Right
1707209293117,0.590968,0.480192,0.571448,20.02,-30.66,47.67,Noise,Right
1707209293117,0.556808,0.49288,0.509472,24.01,-34.09,38.99,Noise,Right
1707209293118,0.550464,0.449936,-0.01952,21.98,-53.55,33.67,Noise,Right
1707209293163,0.86864,0.286944,0.743712,72.8,-14.49,16.8,Noise,Right
1707209293163,0.617808,0.38552,0.554368,-4.97,3.43,1.68,Noise,Right
1707209293163,0.77592,0.33916,0.621712,6.09,-2.94,9.31,Noise,Right
1707209293215,0.735416,0.365512,0.55388,18.97,-5.95,5.74,Noise,Right
1707209293215,0.5734,0.377712,0.40016,15.47,-1.33,3.01,Noise,Right
1707209293333,0.585112,0.385032,0.450424,6.02,11.83,-1.33,Noise,Right
1707209293334,0.50508,0.397232,0.397232,-9.45,31.92,-4.2,Noise,Right
1707209293334,0.526552,0.374784,0.36356,-33.11,59.71,-1.96,Noise,Right
1707209293334,0.5124,0.387472,0.40748,-60.34,84.91,4.27,Noise,Right
1707209293334,0.54168,0.305488,0.586576,-81.2,106.26,16.73,Noise,Right
1707209293334,1.23464,0.343552,0.77104,-62.23,119.28,15.33,Noise,Right
1707209293334,0.603168,0.295728,0.693936,-76.02,118.09,4.48,Noise,Right
1707209293381,0.75152,0.28548,0.723704,-74.62,108.29,7.28,Noise,Right
1707209293381,0.69052,0.264008,0.669536,-82.11,105.56,1.12,Noise,Right
1707209293381,0.476288,0.245952,0.81496,-93.59,95.97,-17.57,Noise,Right
1707209293427,0.482144,0.21228,0.955504,-78.19,86.66,-22.61,Noise,Right
1707209293427,0.562176,0.20252,1.026752,-44.87,77.98,-27.3,Noise,Right
1707209293427,0.624152,0.155184,1.041392,-20.3,64.33,-21.63,Noise,Right
1707209293474,0.66124,0.185928,1.004792,-15.61,49.63,-21.35,Noise,Right
1707209293474,0.606584,0.2196,0.945256,-8.12,39.34,-19.53,Noise,Right
1707209293474,0.562664,0.219112,0.9272,-19.46,31.64,-22.47,Noise,Right
1707209293518,0.596824,0.22936,0.977952,-4.48,21.49,-35.21,Noise,Right
1707209293518,0.540216,0.247416,1.0248,19.11,6.3,-46.27,Noise,Right
1707209293566,0.47092,0.334768,1.0004,43.75,-7.77,-52.22,Noise,Right
1707209293566,0.365024,0.324032,0.959896,43.89,-16.38,-56.14,Noise,Right
1707209293566,0.284016,0.345992,0.90524,42.14,-20.93,-61.25,Noise,Right
1707209293619,0.205936,0.318664,0.853024,31.08,-6.79,-59.85,Noise,Right
1707209293619,0.177144,0.321592,0.75396,16.59,10.08,-34.09,Noise,Right
1707209293619,0.233264,0.293288,0.813984,-18.48,23.87,-7.98,Noise,Right
1707209293742,0.289872,0.282064,0.899384,-39.13,33.39,10.43,Noise,Right
1707209293742,0.306464,0.257176,0.947208,-44.87,37.8,20.02,Noise,Right
1707209293743,0.347944,0.282552,0.926712,-36.75,37.73,17.43,Noise,Right
1707209293743,0.361608,0.260592,0.954528,-29.96,38.08,3.99,Noise,Right
1707209293743,0.381128,0.262544,0.990152,-16.94,32.69,-4.83,Noise,Right
1707209293743,0.413336,0.261568,0.960872,-10.85,28.07,-9.52,Noise,Right
1707209293743,0.411384,0.247416,0.94916,-14.91,30.1,-11.55,Noise,Right
1707209293800,0.413336,0.268888,1.030168,-25.97,27.93,-8.54,Noise,Right
1707209293800,0.380152,0.238144,1.035536,-25.34,18.2,-0.77,Noise,Right
1707209293800,0.296216,0.227408,0.983808,-14.98,6.65,-1.61,Noise,Right
1707209293801,0.187392,0.228384,0.90768,-11.62,5.88,-1.96,Noise,Right
1707209293850,0.136152,0.208864,0.943304,-8.54,6.16,-2.87,Noise,Right
1707209293850,0.323544,0.212768,0.96136,-11.83,4.13,-4.2,Noise,Right
1707209293850,0.390888,0.205448,0.989176,-14.56,5.04,-8.26,Noise,Right
1707209293893,0.346968,0.19032,0.994544,-19.74,3.22,-6.58,Noise,Right
1707209293893,0.43432,0.29036,1.090192,-9.66,-3.5,-4.69,Noise,Right
1707209293946,0.305,0.177632,0.974048,-5.53,0.56,-4.69,Noise,Right
1707209293947,0.321104,0.193736,1.004304,-19.81,-0.56,-6.09,Noise,Right
1707209293947,0.27572,0.200568,1.00772,-24.92,-3.08,-5.74,Noise,Right
1707209293988,0.272792,0.177144,1.0248,-13.23,-7.42,-6.02,Noise,Right
1707209293989,0.265472,0.20496,0.955016,-0.07,-11.55,-9.31,Noise,Right
1707209293989,0.28792,0.191784,0.896944,-0.77,-8.89,-14.42,Noise,Right
1707209294035,0.319152,0.173728,0.8784,-12.25,0.56,-13.51,Noise,Right
1707209294035,0.301096,0.167872,0.874496,-26.46,10.36,-10.22,Noise,Right
1707209294036,0.293288,0.161528,0.900848,-27.86,20.09,-14.56,Noise,Right
1707209294081,0.276208,0.19764,0.953552,-24.15,35.84,-18.48,Noise,Right
1707209294081,0.266448,0.174704,1.016992,-16.38,62.86,-18.27,Noise,Right
1707209294128,0.241072,0.176656,1.037976,-22.19,62.72,-12.6,Noise,Right
1707209294128,0.218136,0.161528,1.032608,-9.45,49.98,-3.92,Noise,Right
1707209294128,0.202032,0.14396,1.042856,-5.46,25.27,-1.19,Noise,Right
1707209294173,0.19032,0.15372,1.040416,3.01,-2.73,-1.19,Noise,Right
1707209294175,0.15128,0.133712,1.050664,10.15,-31.64,-2.52,Noise,Right
1707209294175,0.137616,0.118584,1.03456,22.19,-56.63,-7.84,Noise,Right
1707209294219,0.181048,0.142496,0.987712,28.0,-68.95,-9.45,Noise,Right
1707209294220,0.22692,0.15128,0.983808,21.77,-66.57,-8.4,Noise,Right
1707209294220,0.273768,0.188368,1.008208,32.55,-51.73,-1.89,Noise,Right
1707209294269,0.306952,0.167872,0.996008,22.4,-9.52,6.51,Noise,Right
1707209294269,0.284504,0.174704,0.987712,25.2,-1.47,12.53,Noise,Right
1707209294311,0.352824,0.194224,0.955992,25.41,-3.64,21.21,Noise,Right
1707209294311,0.339648,0.191784,0.949648,20.16,-3.57,27.86,Noise,Right
1707209294312,0.342576,0.178608,0.942816,36.89,-16.87,10.08,Noise,Right
1707209294359,0.32696,0.245464,1.008696,32.83,-23.45,5.18,Noise,Right
1707209294360,0.31476,0.179584,0.951112,47.88,-25.55,4.06,Noise,Right
1707209294360,0.300608,0.243512,0.91256,45.22,-28.28,2.87,Noise,Right
1707209294404,0.25864,0.221064,0.897432,40.39,-28.63,3.92,Noise,Right
1707209294452,0.245952,0.266936,0.88328,11.62,-9.24,-3.22,Noise,Right
1707209294452,0.250832,0.266936,0.876448,3.85,-1.12,3.15,Noise,Right
1707209294452,0.244,0.233264,0.8784,-9.59,12.6,15.47,Noise,Right
1707209294499,0.277672,0.273768,0.879376,-19.53,21.42,20.02,Noise,Right
1707209294499,0.243024,0.257664,0.889136,-23.73,25.55,6.72,Noise,Right
1707209294499,0.230336,0.247904,0.93452,-21.49,22.61,-8.68,Noise,Right
1707209294546,0.25864,0.29768,0.924272,-16.8,15.05,-21.28,Noise,Right
1707209294546,0.303536,0.204472,0.935984,-21.28,10.99,-17.36,Noise,Right
1707209294592,0.322568,0.191784,1.018944,-19.25,10.01,-18.2,Noise,Right
1707209294592,0.371856,0.21228,1.05164,-4.48,4.34,-14.35,Noise,Right
1707209294592,0.347456,0.210328,1.016992,2.24,1.19,-3.71,Noise,Right
1707209294641,0.307928,0.23424,0.972584,3.43,-0.77,-0.28,Noise,Right
1707209294641,0.250832,0.2196,0.954528,6.44,2.66,-1.33,Noise,Right
1707209294641,0.252296,0.230336,0.928664,9.03,14.21,-8.19,Noise,Right
1707209294769,0.224968,0.252296,0.932568,1.89,25.97,-14.21,Noise,Right
1707209294770,0.183976,0.209352,0.934032,-3.57,24.57,-8.89,Noise,Right
1707209294770,0.203984,0.219112,0.93696,-0.56,19.46,-7.7,Noise,Right
1707209294770,0.194224,0.190808,0.958432,-4.34,14.91,-5.04,Noise,Right
1707209294770,0.242048,0.171776,1.016504,-8.54,11.83,-3.57,Noise,Right
1707209294770,0.273768,0.189832,1.040416,-4.97,12.46,0.21,Noise,Right
1707209294770,0.26596,0.206424,1.026752,0.77,15.4,-3.01,Noise,Right
1707209294825,0.31232,0.226432,0.999424,8.05,17.08,-7.91,Noise,Right
1707209294825,0.321104,0.221064,0.987712,5.25,20.16,-15.54,Noise,Right
1707209294825,0.258152,0.247904,0.978928,1.4,20.37,-20.16,Noise,Right
1707209294825,0.182512,0.20008,0.983808,0.42,16.1,-18.48,Noise,Right
1707209294872,0.137616,0.193736,0.979904,-2.94,9.52,-10.43,Noise,Right
1707209294872,0.113704,0.181048,0.983808,-2.38,0.35,-3.92,Noise,Right
1707209294872,0.140056,0.174216,0.978928,0.0,-1.19,-0.98,Noise,Right
1707209294917,0.183,0.188368,0.975512,3.29,-0.98,-1.75,Noise,Right
1707209294917,0.186416,0.201544,0.98088,3.99,3.57,-4.83,Noise,Right
1707209294964,0.216184,0.21228,1.006256,4.55,8.05,-6.51,Noise,Right
1707209294964,0.224968,0.218624,1.033096,4.27,11.41,-7.63,Noise,Right
1707209294964,0.223504,0.223016,1.06872,5.81,13.37,-7.28,Noise,Right
1707209295015,0.225944,0.232288,1.069208,8.19,13.02,-8.54,Noise,Right
1707209295042,0.216184,0.228872,1.064328,10.43,9.24,-9.24,Noise,Right
1707209295043,0.183488,0.232288,1.05408,13.09,3.15,-10.22,Noise,Right
1707209295059,0.183976,0.22936,1.038464,17.36,-2.1,-10.22,Noise,Right
1707209295059,0.17812,0.22692,1.045784,17.64,-2.94,-10.64,Noise,Right
1707209295059,0.184464,0.239608,1.068232,17.92,2.03,-13.09,Noise,Right
1707209295104,0.1586,0.260592,1.055056,23.24,7.7,-13.65,Noise,Right
1707209295104,0.144448,0.271328,1.058472,24.78,12.95,-11.76,Noise,Right
1707209295153,0.154208,0.275232,1.0492,23.87,13.51,-6.37,Noise,Right
1707209295153,0.141032,0.292312,1.047248,18.34,8.96,-0.77,Noise,Right
1707209295155,0.118096,0.306952,1.048712,14.7,2.03,4.41,Noise,Right
1707209295277,0.108336,0.30988,1.038952,12.46,-6.23,7.28,Noise,Right
1707209295277,0.106384,0.323544,1.03456,12.04,-13.37,8.4,Noise,Right
1707209295278,0.132248,0.303536,1.033096,11.83,-19.04,7.42,Noise,Right
1707209295278,0.1464,0.302072,1.026752,13.3,-22.05,5.18,Noise,Right
1707209295278,0.166408,0.305,1.01504,12.32,-21.07,4.2,Noise,Right
1707209295278,0.132736,0.316712,0.982344,13.16,-16.66,5.11,Noise,Right
1707209295278,0.13176,0.296216,0.966728,17.85,-11.2,6.65,Noise,Right
1707209295321,0.139568,0.301096,0.980392,19.39,-8.33,8.82,Noise,Right
1707209295321,0.154696,0.284016,0.969168,20.72,-9.31,10.99,Noise,Right
1707209295321,0.169824,0.266448,0.94916,19.39,-12.81,10.5,Noise,Right
1707209295368,0.149328,0.24888,0.94672,13.93,-15.33,6.51,Noise,Right
1707209295369,0.16348,0.289384,0.964776,1.26,-12.95,3.43,Noise,Right
1707209295369,0.166408,0.27816,0.995032,10.43,-5.53,7.56,Noise,Right
1707209295415,0.16348,0.278648,0.993568,7.91,3.36,16.03,Noise,Right
1707209295416,0.16104,0.28792,0.992104,9.31,12.46,25.2,Noise,Right
1707209295416,0.16104,0.2684,0.98088,0.07,16.52,31.78,Noise,Right
1707209295464,0.137616,0.262544,0.998448,7.98,17.99,33.74,Noise,Right
1707209295464,0.122,0.24644,1.011136,19.25,13.44,31.22,Noise,Right
1707209295509,0.120048,0.25132,1.012112,23.94,6.65,24.22,Noise,Right
1707209295509,0.142008,0.26596,1.01016,26.81,0.98,19.39,Noise,Right
1707209295509,0.138104,0.269864,0.976,25.9,-0.21,16.94,Noise,Right
1707209295556,0.0976,0.266936,0.965752,20.93,3.71,17.36,Noise,Right
1707209295556,0.069296,0.283528,0.97844,17.92,7.56,22.75,Noise,Right
1707209295556,0.098576,0.297192,0.955016,16.38,10.36,33.04,Noise,Right
1707209295602,0.150304,0.296216,0.945744,10.29,12.46,40.11,Noise,Right
1707209295602,0.166408,0.294264,0.951112,6.65,14.21,42.84,Noise,Right
1707209295603,0.144448,0.282064,0.967216,11.48,17.64,41.37,Noise,Right
1707209295648,0.15128,0.299632,0.96624,13.93,21.63,36.96,Noise,Right
1707209295649,0.171288,0.295728,0.94916,15.19,24.78,31.64,Noise,Right
1707209295695,0.159088,0.289384,0.937448,13.51,27.02,26.32,Noise,Right
1707209295695,0.138592,0.304512,0.894504,15.47,31.15,23.59,Noise,Right
1707209295696,0.103944,0.289384,0.948184,39.69,34.37,28.7,Noise,Right
1707209295742,0.028792,0.308904,0.916952,-1.47,35.63,30.59,Noise,Right
1707209295742,0.044408,0.314272,0.9516,8.75,37.24,35.91,Noise,Right
1707209295743,0.066368,0.302072,0.95404,7.56,36.33,39.41,Noise,Right
1707209295786,0.05612,0.311344,0.937936,15.61,37.94,40.67,Noise,Right
1707209295787,0.065392,0.300608,0.914512,28.7,35.77,39.2,Noise,Right
1707209295787,0.059048,0.330376,0.90036,30.94,28.14,34.37,Noise,Right
1707209295832,0.054656,0.329888,0.878888,24.01,19.81,27.79,Noise,Right
1707209295833,0.05368,0.333304,0.89304,24.71,13.16,24.22,Noise,Right
1707209295885,0.05612,0.334768,0.885232,19.04,8.96,25.83,Noise,Right
1707209295885,0.022936,0.35136,0.891576,14.14,13.02,29.96,Noise,Right
1707209295886,0.023912,0.359168,0.884744,11.9,18.9,35.63,Noise,Right
1707209296003,0.044896,0.355264,0.89304,7.56,22.61,41.37,Noise,Right
1707209296003,0.06588,0.336232,0.914024,10.85,24.15,44.59,Noise,Right
1707209296003,0.058072,0.345992,0.933544,12.95,24.01,44.73,Noise,Right
1707209296003,0.071736,0.352336,0.923296,14.21,22.89,41.3,Noise,Right
1707209296003,0.028792,0.354776,0.93208,18.83,23.17,35.7,Noise,Right
1707209296003,0.008296,0.369416,0.974048,23.31,25.06,29.89,Noise,Right
1707209296004,-0.008784,0.375272,0.991616,31.29,24.08,29.89,Noise,Right
1707209296052,0.003416,0.3904,0.97112,28.35,20.58,36.54,Noise,Right
1707209296052,0.027816,0.39772,0.987224,24.85,13.3,46.9,Noise,Right
1707209296052,0.053192,0.400648,0.987712,17.57,2.8,54.67,Noise,Right
1707209296109,0.097112,0.40016,0.97112,20.23,-6.44,55.93,Noise,Right
1707209296113,0.130784,0.407968,0.942328,22.05,-13.93,49.21,Noise,Right
1707209296113,0.163968,0.419192,0.937936,29.82,-15.12,39.9,Noise,Right
1707209296146,0.200568,0.45384,0.918416,32.69,-14.07,35.84,Noise,Right
1707209296147,0.189832,0.450912,0.927688,30.1,-11.2,33.67,Noise,Right
1707209296147,0.177632,0.452376,0.920856,34.44,-7.35,31.01,Noise,Right
1707209296195,0.177144,0.466528,0.915,36.96,-4.34,31.08,Noise,Right
1707209296195,0.182024,0.477752,0.8906,36.12,-8.96,32.2,Noise,Right
1707209296240,0.203496,0.478728,0.864248,29.4,-18.83,30.45,Noise,Right
1707209296240,0.204472,0.487024,0.879864,18.76,-20.09,31.85,Noise,Right
1707209296240,0.194712,0.49044,0.894504,17.01,-14.14,28.91,Noise,Right
1707209296287,0.172752,0.484096,0.91988,21.21,-14.14,18.48,Noise,Right
1707209296287,0.176168,0.511424,0.931104,22.82,-12.11,11.83,Noise,Right
1707209296287,0.186416,0.490928,0.942328,24.43,-11.62,8.54,Noise,Right
1707209296331,0.190808,0.466528,0.912072,33.46,-7.98,6.65,Noise,Right
1707209296331,0.176168,0.475312,0.87108,42.35,-12.32,6.79,Noise,Right
1707209296331,0.2196,0.40992,0.70272,-23.38,-71.19,49.21,Noise,Right
1707209296383,0.383568,0.42456,0.764208,-20.79,-61.11,35.84,Noise,Right
1707209296383,0.572424,0.422608,0.660752,-45.5,-50.05,30.94,Noise,Right
1707209296505,0.67344,0.36112,0.588528,83.51,-34.02,-11.41,Noise,Right
1707209296505,0.628056,0.438224,0.493856,119.56,1.19,-48.3,Noise,Right
1707209296506,0.50996,0.483608,0.310368,-4.2,-19.74,-5.53,Noise,Right
1707209296506,0.655384,0.496296,0.380152,-17.71,7.07,14.07,Noise,Right
1707209296507,0.44164,0.435784,0.425048,-13.79,8.47,16.17,Noise,Right
1707209296507,0.347944,0.366976,0.613904,-33.11,5.53,5.74,Noise,Right
1707209296507,0.344528,0.338672,0.581696,-41.23,12.18,-16.94,Noise,Right
1707209296617,0.408456,0.367464,0.668072,-27.93,18.48,-46.69,Noise,Right
1707209296617,0.231312,0.39528,0.708088,-33.04,11.83,-70.84,Noise,Right
1707209296617,0.16836,0.369904,0.729072,-43.47,-1.12,-99.05,Noise,Right
1707209296617,0.214232,0.294752,0.765184,-33.32,-21.07,-136.85,Noise,Right
1707209296618,0.143472,0.30012,0.75396,-27.79,-40.46,-174.23,Noise,Right
1707209296618,0.000488,0.321592,0.73688,-3.5,-40.32,-204.19,Noise,Right
1707209296618,-0.037088,0.344528,0.782752,18.97,-35.77,-223.23,Noise,Right
1707209296720,0.016592,0.276208,0.802272,44.73,-37.94,-228.27,Noise,Right
1707209296720,-0.034648,0.41968,0.836432,19.6,-51.8,-216.23,Noise,Right
1707209296720,-0.13176,0.341112,0.845216,11.13,-55.93,-195.16,Noise,Right
1707209296721,-0.180072,0.399184,0.905728,-47.46,-49.49,-173.11,Noise,Right
1707209296721,-0.18544,0.375272,1.019432,-84.7,-48.02,-141.4,Noise,Right
1707209296721,-0.176168,0.363072,1.124352,-106.33,-60.97,-110.25,Noise,Right
1707209296768,-0.110776,0.393816,1.213168,-121.52,-81.83,-88.2,Noise,Right
1707209296768,-0.037088,0.240096,1.184864,-146.09,-99.33,-91.28,Noise,Right
1707209296769,0.025376,0.32208,1.218048,-102.27,-77.35,-101.36,Noise,Right
1707209296812,0.064904,0.255712,1.1956,-101.15,-35.28,-120.61,Noise,Right
1707209296812,-0.030256,0.249368,1.225368,-83.51,9.24,-138.81,Noise,Right
1707209296812,-0.13176,0.271816,1.255624,-55.23,49.14,-148.75,Noise,Right
1707209296858,-0.054168,0.2562,1.270264,-20.44,72.17,-147.07,Noise,Right
1707209296858,-0.134688,0.324032,1.299056,9.66,72.94,-133.42,Noise,Right
1707209296858,-0.227896,0.311344,1.272216,-3.36,43.26,-106.4,Noise,Right
1707209296908,-0.227408,0.262544,1.212192,-1.4,2.59,-74.41,Noise,Right
1707209296909,-0.18056,0.281576,1.168272,13.72,-27.58,-50.19,Noise,Right
1707209296953,-0.125904,0.273768,1.113128,25.48,-44.66,-34.02,Noise,Right
1707209296953,-0.104432,0.276696,1.039928,37.94,-50.75,-27.09,Noise,Right
1707209296955,-0.062464,0.30744,1.014552,38.99,-50.68,-24.5,Noise,Right
1707209296999,-0.01952,0.323544,0.986248,48.16,-49.21,-22.47,Noise,Right
1707209297000,-0.016592,0.354776,0.985272,45.71,-46.55,-21.63,Noise,Right
1707209297000,-0.020008,0.37576,0.984296,50.12,-41.79,-17.71,Noise,Right
1707209297045,-0.044408,0.394792,0.966728,52.92,-37.1,-9.73,Noise,Right
1707209297045,-0.044408,0.425048,0.938912,49.07,-34.09,1.89,Noise,Right
1707209297099,-0.020008,0.421144,0.923784,29.96,-34.37,13.72,Noise,Right
1707209297099,-0.018544,0.39772,0.894992,14.14,-34.65,22.89,Noise,Right
1707209297099,0.001464,0.381616,0.875472,5.6,-33.81,28.07,Noise,Right
1707209297215,-0.023424,0.383568,0.877424,12.04,-30.52,31.57,Noise,Right
1707209297215,-0.060512,0.414312,0.88816,38.99,-27.93,33.39,Noise,Right
1707209297215,-0.050264,0.409432,0.920856,49.42,-41.44,30.66,Noise,Right
1707209297215,-0.079056,0.396256,0.886696,50.4,-75.6,24.78,Noise,Right
1707209297215,-0.061,0.428952,0.870592,54.81,-123.83,16.24,Noise,Right
1707209297215,0.015128,0.410896,0.815448,58.94,-175.49,4.41,Noise,Right
1707209297215,-0.044408,0.457256,0.81008,80.5,-202.02,-1.75,Noise,Right
1707209297265,-0.035136,0.569008,0.846192,98.49,-204.61,7.49,Noise,Right
1707209297265,0.123464,0.606584,0.808128,108.01,-203.42,23.45,Noise,Right
1707209297265,0.089304,0.59536,0.754936,98.84,-200.97,34.86,Noise,Right
1707209297311,0.248392,0.56608,0.740296,79.38,-194.04,34.93,Noise,Right
1707209297311,0.337208,0.564128,0.708088,89.32,-172.41,30.66,Noise,Right
1707209297311,0.469456,0.609024,0.674416,71.89,-147.91,23.17,Noise,Right
1707209297359,0.55144,0.650992,0.661728,73.64,-128.31,20.93,Noise,Right
1707209297360,0.654408,0.593408,0.633424,50.96,-122.78,20.93,Noise,Right
1707209297360,0.786656,0.572424,0.537776,53.83,-119.21,26.6,Noise,Right
1707209297406,0.823744,0.561688,0.477264,89.67,-108.22,31.29,Noise,Right
1707209297407,0.86864,0.565104,0.438224,51.87,-93.24,31.99,Noise,Right
1707209297407,0.889624,0.57584,0.384056,47.88,-78.4,33.67,Noise,Right
1707209297452,0.841312,0.560224,0.399184,41.3,-67.41,32.27,Noise,Right
1707209297453,0.782752,0.572424,0.425536,44.17,-59.78,32.06,Noise,Right
1707209297508,0.802272,0.555344,0.444568,48.16,-51.17,33.04,Noise,Right
1707209297508,0.834968,0.58316,0.426024,41.09,-49.42,31.57,Noise,Right
1707209297508,0.779824,0.546072,0.4392,49.35,-61.32,22.96,Noise,Right
1707209297561,0.705648,0.564616,0.376736,62.93,-74.62,6.65,Noise,Right
1707209297561,0.692472,0.618784,0.286944,70.28,-71.75,-7.21,Noise,Right
1707209297561,0.719312,0.62464,0.26108,66.99,-55.51,-11.41,Noise,Right
1707209297562,0.75152,0.60512,0.26596,58.03,-39.41,-5.11,Noise,Right
1707209297612,0.801784,0.608048,0.263032,42.28,-32.9,5.18,Noise,Right
1707209297612,0.799344,0.604144,0.25132,23.8,-32.13,11.9,Noise,Right
1707209297613,0.792024,0.640256,0.214232,15.47,-30.66,11.83,Noise,Right
1707209297656,0.754936,0.626592,0.234728,9.45,-29.05,6.3,Noise,Right
1707209297656,0.76128,0.63928,0.23424,7.49,-32.2,0.91,Noise,Right
1707209297708,0.772504,0.626592,0.189344,6.86,-16.94,-7.35,Noise,Right
1707209297709,0.802272,0.618296,0.225456,6.3,-18.83,0.91,Noise,Right
1707209297709,0.798368,0.618784,0.21716,-2.17,-13.79,7.49,Noise,Right
1707209297827,0.774456,0.629032,0.216672,-11.69,-8.82,10.43,Noise,Right
1707209297827,0.757864,0.604144,0.233264,-11.06,-16.66,6.16,Noise,Right
1707209297827,0.732,0.612928,0.24888,-7.49,-34.09,-3.85,Noise,Right
1707209297827,0.74176,0.620248,0.232288,-1.12,-40.88,-14.98,Noise,Right
1707209297828,0.70516,0.622688,0.249368,2.31,-33.39,-19.6,Noise,Right
1707209297828,0.689544,0.624152,0.27084,-1.68,-18.62,-16.31,Noise,Right
1707209297828,0.806664,0.613904,0.244488,-20.65,1.75,-14.28,Noise,Right
1707209297873,0.776408,0.6344,0.257664,-2.45,27.72,-11.83,Noise,Right
1707209297875,0.913048,0.732488,0.276696,-24.85,29.19,-2.03,Noise,Right
1707209297875,0.95892,0.628544,0.325984,-36.05,24.99,0.14,Noise,Right
1707209297921,0.938424,0.613904,0.351848,-42.42,29.47,0.0,Noise,Right
1707209297921,0.924272,0.611952,0.364048,-38.29,31.64,-12.46,Noise,Right
1707209297921,0.900848,0.600728,0.369904,-31.78,29.12,-25.41,Noise,Right
1707209297967,0.860832,0.582672,0.369416,-25.55,22.61,-35.21,Noise,Right
1707209297967,0.784704,0.562176,0.35136,-21.98,17.01,-41.44,Noise,Right
1707209297967,0.741272,0.554856,0.33672,-23.24,11.48,-43.26,Noise,Right
1707209298023,0.715408,0.572912,0.323056,-27.93,8.26,-41.58,Noise,Right
1707209298023,0.682224,0.58316,0.301096,-34.65,8.68,-41.09,Noise,Right
1707209298076,0.624152,0.5978,0.233752,-38.5,16.1,-43.19,Noise,Right
1707209298076,0.596824,0.620248,0.203008,-52.15,34.09,-46.55,Noise,Right
1707209298076,0.582184,0.614392,0.215208,-60.83,58.03,-46.69,Noise,Right
1707209298077,0.576328,0.633912,0.223504,-67.27,82.95,-44.38,Noise,Right
1707209298126,0.591944,0.623176,0.235216,-79.31,108.08,-39.55,Noise,Right
1707209298126,0.560224,0.616344,0.295728,-86.52,134.05,-33.11,Noise,Right
1707209298126,0.477264,0.669536,0.3782,-93.17,149.17,-23.52,Noise,Right
1707209298189,0.431392,0.596336,0.393816,-109.83,156.1,-12.95,Noise,Right
1707209298189,0.39772,0.550464,0.526552,-118.86,153.23,-9.73,Noise,Right
1707209298189,0.36112,0.523136,0.647576,-126.28,143.36,-13.3,Noise,Right
1707209298312,0.333792,0.508496,0.763232,-120.96,138.46,-18.69,Noise,Right
1707209298312,0.321592,0.53192,0.793976,-107.31,143.57,-20.86,Noise,Right
1707209298312,0.267912,0.515816,0.765672,-88.62,150.01,-19.39,Noise,Right
1707209298312,0.229848,0.539728,0.751032,-63.7,151.97,-11.97,Noise,Right
1707209298313,0.21228,0.497272,0.779336,-46.06,137.9,-0.77,Noise,Right
1707209298313,0.186416,0.447496,0.745664,-38.43,113.4,5.81,Noise,Right
1707209298313,0.230824,0.36112,0.891088,-44.17,94.01,6.23,Noise,Right
1707209298440,0.235216,0.354288,0.98576,-36.33,90.16,3.92,Noise,Right
1707209298440,0.135664,0.350384,0.989176,-11.69,92.68,1.12,Noise,Right
1707209298440,0.04392,0.360632,1.021872,15.47,85.96,0.07,Noise,Right
1707209298440,0.048312,0.360632,1.032608,4.55,53.62,0.0,Noise,Right
1707209298440,0.084912,0.34892,1.089704,-8.82,6.16,-1.05,Noise,Right
1707209298441,0.149328,0.362584,1.159,-12.18,-15.75,-9.73,Noise,Right
1707209298441,0.167384,0.392352,1.219512,-10.5,-11.41,-23.24,Noise,Right
1707209298441,0.14152,0.454328,1.236592,5.53,5.67,-33.95,Noise,Right
1707209298495,0.14152,0.50264,1.238544,13.02,22.82,-37.24,Noise,Right
1707209298496,0.137128,0.504592,1.211704,19.74,29.05,-29.61,Noise,Right
1707209298496,0.058072,0.46848,1.043832,26.6,23.87,-19.6,Noise,Right
1707209298496,-0.011712,0.433832,0.9028,31.71,9.38,-13.09,Noise,Right
1707209298541,-0.021472,0.438712,0.818376,25.62,-12.32,-10.08,Noise,Right
1707209298541,-0.00244,0.402112,0.813984,20.3,-33.6,-9.87,Noise,Right
1707209298587,0.017568,0.388448,0.84424,24.15,-44.73,-13.16,Noise,Right
1707209298587,0.021472,0.413824,0.861808,25.62,-41.44,-13.65,Noise,Right
1707209298588,0.072224,0.449448,0.883768,21.98,-30.52,-6.86,Noise,Right
1707209298639,0.122488,0.503616,0.887184,11.41,-19.6,5.88,Noise,Right
1707209298640,0.172752,0.504104,0.884256,-4.13,-10.85,19.04,Noise,Right
1707209298640,0.209352,0.49776,0.892552,-13.16,-6.72,24.99,Noise,Right
1707209298766,0.220088,0.493856,0.89304,-14.0,-5.95,18.9,Noise,Right
1707209298766,0.228872,0.474336,0.918904,-8.05,-5.81,5.32,Noise,Right
1707209298767,0.220576,0.5002,0.908656,2.52,-5.6,-8.68,Noise,Right
1707209298767,0.211304,0.488,0.91988,4.55,-6.58,-17.5,Noise,Right
1707209298767,0.175192,0.472872,0.935008,4.83,-5.67,-20.16,Noise,Right
1707209298767,0.147376,0.486536,0.91012,2.87,-2.87,-15.05,Noise,Right
1707209298768,0.154208,0.483608,0.915,-5.6,-2.45,-6.02,Noise,Right
1707209298820,0.142984,0.465552,0.91744,-18.13,-2.87,1.68,Noise,Right
1707209298820,0.138104,0.45384,0.920856,-23.94,-4.9,4.13,Noise,Right
1707209298820,0.1464,0.418216,0.948184,-17.5,-9.1,2.59,Noise,Right
1707209298820,0.152744,0.426512,0.947696,-2.1,-10.36,-1.96,Noise,Right
1707209298868,0.163968,0.433344,0.921344,7.35,-6.58,-6.37,Noise,Right
1707209298868,0.16592,0.440664,0.899872,10.36,-4.13,-7.77,Noise,Right
1707209298868,0.15616,0.438712,0.88816,8.82,-4.48,-6.72,Noise,Right
1707209298913,0.14152,0.4392,0.881328,6.79,-6.09,-4.83,Noise,Right
1707209298913,0.142984,0.436272,0.876936,6.93,-6.93,-3.85,Noise,Right
1707209298960,0.156648,0.44164,0.865224,5.88,-5.81,-4.2,Noise,Right
1707209298960,0.147864,0.43676,0.854,8.19,-5.39,-5.39,Noise,Right
1707209298960,0.138104,0.44652,0.84424,10.71,-5.25,-7.21,Noise,Right
1707209299013,0.142496,0.454816,0.850096,16.73,-5.67,-8.54,Noise,Right
1707209299013,0.145424,0.472872,0.854488,20.37,-6.58,-10.08,Noise,Right
1707209299013,0.1342,0.481656,0.85888,10.5,-9.24,-14.63,Noise,Right
1707209299149,0.225944,0.443104,0.899872,-3.01,-15.19,-24.43,Noise,Right
1707209299149,0.146888,0.470432,0.854976,11.13,-10.99,-30.24,Noise,Right
1707209299149,0.050264,0.415288,0.88572,25.48,-4.9,-33.88,Noise,Right
1707209299149,0.10248,0.448472,0.894016,36.54,-3.22,-33.04,Noise,Right
1707209299149,0.143472,0.487512,0.900848,39.41,-2.8,-26.6,Noise,Right
1707209299149,0.124928,0.521184,0.89304,21.63,-2.94,-16.94,Noise,Right
1707209299149,0.090768,0.523136,0.860344,12.95,0.98,-10.01,Noise,Right
1707209299193,0.1098,0.534848,0.867176,6.51,4.41,-4.62,Noise,Right
1707209299193,0.113216,0.543144,0.908168,3.08,1.4,-1.05,Noise,Right
1707209299193,0.130784,0.526552,0.9272,-3.99,-6.79,1.26,Noise,Right
1707209299195,0.133712,0.495808,0.95404,-2.38,-14.49,3.64,Noise,Right
1707209299247,0.157136,0.472872,0.925736,0.35,-21.56,4.97,Noise,Right
1707209299248,0.159576,0.472384,0.87596,7.98,-25.41,6.02,Noise,Right
1707209299303,0.155672,0.481656,0.858392,9.94,-26.39,6.09,Noise,Right
1707209299303,0.17324,0.499712,0.855952,-1.33,-27.09,4.76,Noise,Right
1707209299303,0.156648,0.530944,0.854976,-28.77,-25.13,1.61,Noise,Right
1707209299303,0.162016,0.51484,0.83204,-69.86,-18.9,-2.87,Noise,Right
1707209299355,0.17812,0.44652,0.800808,-92.19,-4.69,-2.87,Noise,Right
1707209299355,0.196176,0.474336,0.800808,-118.65,11.76,0.21,Noise,Right
1707209299355,0.527528,0.555832,0.835944,-116.2,24.22,8.89,Noise,Right
1707209299483,0.31476,0.320128,1.088728,-13.79,12.6,27.3,Noise,Right
1707209299483,0.139568,0.282552,1.01504,-57.82,-9.59,37.45,Noise,Right
1707209299483,0.20252,0.355264,0.991128,-57.47,-10.99,49.56,Noise,Right
1707209299483,0.160064,0.328424,0.928176,-41.72,1.12,59.43,Noise,Right
1707209299483,0.115168,0.345992,0.900848,-36.54,14.98,56.14,Noise,Right
1707209299485,0.096136,0.34648,0.889136,-29.96,29.47,42.0,Noise,Right
1707209299485,0.038064,0.328424,0.92964,-13.86,37.03,17.08,Noise,Right
1707209299536,0.103456,0.314272,0.994544,13.72,29.68,-0.07,Noise,Right
1707209299536,0.1098,0.298656,1.01504,39.97,14.07,2.24,Noise,Right
1707209299536,0.117608,0.306952,0.989176,49.42,0.77,13.79,Noise,Right
1707209299536,0.184952,0.354776,0.98088,49.14,-8.26,19.81,Noise,Right
1707209299591,0.189344,0.387472,0.974536,25.69,-15.61,10.99,Noise,Right
1707209299592,0.14396,0.338184,0.944768,31.29,-17.64,-6.86,Noise,Right
1707209299592,0.118584,0.32452,0.937448,48.23,-11.55,-24.71,Noise,Right
1707209299689,0.127856,0.366488,0.942816,50.47,-6.93,-36.19,Noise,Right
1707209299689,0.162016,0.396744,0.968192,62.23,-6.44,-36.54,Noise,Right
1707209299689,0.15128,0.45872,0.981368,68.11,-6.09,-31.22,Noise,Right
1707209299689,0.130296,0.3782,0.9394,77.84,0.28,-27.58,Noise,Right
1707209299689,0.135176,0.451888,0.903776,51.73,2.24,-23.45,Noise,Right
1707209299690,0.116632,0.443592,0.89548,35.28,0.91,-15.12,Noise,Right
1707209299747,0.1342,0.485072,0.878888,16.94,-3.99,-4.9,Noise,Right
1707209299747,0.132736,0.501176,0.88816,-12.95,-11.55,4.83,Noise,Right
1707209299747,0.16104,0.4758,0.894992,-12.04,-18.83,14.28,Noise,Right
1707209299875,0.138104,0.476288,0.891576,-10.71,-22.54,14.35,Noise,Right
1707209299875,0.149328,0.441152,0.90524,-3.92,-22.61,7.63,Noise,Right
1707209299876,0.189832,0.436272,0.926712,-1.68,-21.84,-2.73,Noise,Right
1707209299876,0.19032,0.44164,0.9394,2.31,-20.79,-12.18,Noise,Right
1707209299876,0.164456,0.453352,0.928176,3.64,-18.9,-17.36,Noise,Right
1707209299876,0.176168,0.445056,0.95892,1.75,-21.42,-16.24,Noise,Right
1707209299876,-0.093208,0.421144,0.955016,2.1,-31.78,-9.8,Noise,Right
1707209299926,0.055632,0.404552,0.8662,-26.53,-31.29,-11.55,Noise,Right
1707209299926,0.190808,0.394304,0.898896,-12.04,-26.81,-10.43,Noise,Right
1707209299926,0.245952,0.387472,0.88084,14.28,-24.64,-8.47,Noise,Right
1707209299926,0.240584,0.430416,0.920856,63.63,-22.96,-6.51,Noise,Right
1707209299976,0.224968,0.435296,0.935008,103.46,-23.31,-2.1,Noise,Right
1707209299977,0.21228,0.566568,0.925248,85.75,-21.0,2.59,Noise,Right
1707209299977,0.2684,0.589992,0.866688,66.64,-16.73,13.02,Noise,Right
1707209300022,0.250832,0.586088,0.818864,52.57,-8.75,24.29,Noise,Right
1707209300022,0.245464,0.594872,0.837896,40.11,2.24,33.39,Noise,Right
1707209300073,0.242048,0.634888,0.93208,29.96,15.68,40.46,Noise,Right
1707209300073,0.220576,0.67588,0.994056,28.21,22.75,51.87,Noise,Right
1707209300073,0.06588,0.546072,1.021872,34.16,18.2,68.11,Noise,Right
1707209300195,0.24888,0.628544,1.006744,14.28,-1.75,80.22,Noise,Right
1707209300195,0.343064,0.650992,0.943792,-23.45,-28.49,91.35,Noise,Right
1707209300195,0.264008,0.540216,0.963312,-65.59,-58.17,88.06,Noise,Right
1707209300195,0.24888,0.451888,0.90524,-46.62,-91.14,75.6,Noise,Right
1707209300195,0.212768,0.44896,0.786656,-19.95,-110.25,56.0,Noise,Right
1707209300195,0.233752,0.446032,0.721752,12.6,-121.52,36.26,Noise,Right
1707209300195,0.318176,0.43676,0.657336,22.82,-124.53,25.34,Noise,Right
1707209300253,0.406504,0.38796,0.648064,20.93,-115.01,20.51,Noise,Right
1707209300253,0.379176,0.40504,0.684664,0.77,-88.69,16.24,Noise,Right
1707209300253,0.652944,0.350384,0.752008,17.01,-54.39,20.58,Noise,Right
1707209300253,0.654408,0.41236,0.75396,4.06,-24.15,30.94,Noise,Right
1707209300304,0.560712,0.457256,0.71736,-18.69,-2.31,43.12,Noise,Right
1707209300304,0.517768,0.386496,0.707112,-26.53,6.37,51.1,Noise,Right
1707209300304,0.536312,0.393816,0.722728,-52.99,-2.03,44.52,Noise,Right
1707209300416,0.539728,0.367952,0.742736,-64.68,-19.46,31.36,Noise,Right
1707209300417,0.596824,0.313784,0.766648,-74.55,-37.87,11.69,Noise,Right
1707209300417,0.586576,0.248392,0.732,-52.85,-50.47,-7.56,Noise,Right
1707209300417,0.56852,0.340624,0.69784,-23.1,-48.16,-21.84,Noise,Right
1707209300417,0.64172,0.322568,0.67344,-2.24,-19.53,-26.74,Noise,Right
1707209300418,0.645624,0.327936,0.659288,14.35,-24.78,-28.91,Noise,Right
1707209300509,0.566568,0.352824,0.621712,31.5,-12.25,-31.29,Noise,Right
1707209300509,0.534848,0.377224,0.584136,34.86,0.63,-36.19,Noise,Right
1707209300509,0.53924,0.424072,0.583648,33.32,12.25,-40.53,Noise,Right
1707209300510,0.530944,0.450424,0.61,24.08,21.35,-44.94,Noise,Right
1707209300510,0.519232,0.465064,0.642696,13.86,26.88,-47.11,Noise,Right
1707209300510,0.484096,0.486536,0.645624,5.39,29.05,-48.16,Noise,Right
1707209300610,0.437248,0.488976,0.683688,0.0,28.77,-47.67,Noise,Right
1707209300610,0.435296,0.498736,0.73688,-2.8,26.39,-45.29,Noise,Right
1707209300610,0.428464,0.492392,0.791048,0.28,22.54,-38.43,Noise,Right
1707209300610,0.401136,0.494344,0.8418,-17.78,17.57,-34.65,Noise,Right
1707209300610,0.384544,0.533872,0.82716,0.7,17.85,-25.34,Noise,Right
1707209300610,0.426512,0.527528,0.809104,-1.19,20.65,-16.59,Noise,Right
1707209300661,0.435296,0.50752,0.82228,-13.79,22.12,-9.87,Noise,Right
1707209300661,0.427976,0.519232,0.828624,-21.21,19.95,-7.0,Noise,Right
1707209300661,0.404064,0.494344,0.859856,-26.67,11.76,-8.68,Noise,Right
1707209300709,0.398696,0.452864,0.869128,-28.98,-5.67,-12.04,Noise,Right
1707209300710,0.41968,0.484584,0.848144,-21.42,-15.61,-12.6,Noise,Right
1707209300710,0.45628,0.453352,0.857904,-17.57,-19.6,-10.92,Noise,Right
1707209300754,0.48068,0.428464,0.88084,-21.28,-20.23,-9.1,Noise,Right
1707209300754,0.460672,0.430416,0.884744,-16.52,-17.15,-6.93,Noise,Right
1707209300799,0.460184,0.438712,0.878888,-8.54,-11.83,-4.69,Noise,Right
1707209300799,0.46604,0.457744,0.842776,-2.17,-9.03,-2.94,Noise,Right
1707209300799,0.450912,0.45384,0.830576,2.38,-6.37,-1.75,Noise,Right
1707209300846,0.445544,0.452376,0.813008,6.16,-3.5,-2.17,Noise,Right
1707209300846,0.460184,0.438224,0.81496,8.54,-1.68,-2.17,Noise,Right
1707209300846,0.483608,0.450424,0.80764,6.79,-1.96,-2.1,Noise,Right
1707209300892,0.474824,0.452376,0.804712,2.17,-1.96,-2.8,Noise,Right
1707209300892,0.474336,0.430416,0.824232,2.66,-2.52,-5.53,Noise,Right
1707209300892,0.454328,0.43188,0.813008,5.04,-2.59,-10.15,Noise,Right
1707209300938,0.433344,0.433832,0.797392,9.66,-2.66,-14.63,Noise,Right
1707209300938,0.426024,0.427488,0.80276,10.99,-3.15,-16.03,Noise,Right
1707209300991,0.411384,0.427488,0.806664,12.95,-2.94,-13.37,Noise,Right
1707209300991,0.41236,0.432368,0.802272,16.03,-1.05,-8.68,Noise,Right
1707209300991,0.43432,0.410896,0.813984,19.46,1.82,-4.76,Noise,Right
1707209301112,0.43432,0.416752,0.828624,26.67,5.88,-2.45,Noise,Right
1707209301112,0.416264,0.40748,0.83448,45.08,11.27,-4.83,Noise,Right
1707209301112,0.387472,0.465552,0.813496,65.45,18.34,-11.9,Noise,Right
1707209301112,0.345016,0.580232,0.740296,-17.71,17.85,-28.42,Noise,Right
1707209301112,0.347944,0.4758,0.759816,-28.42,10.99,-27.44,Noise,Right
1707209301113,0.345992,0.445544,0.806176,-33.74,1.82,-24.36,Noise,Right
1707209301113,0.411872,0.41968,0.886208,-40.53,-6.37,-17.64,Noise,Right
1707209301224,0.462136,0.389912,0.893528,-33.25,-12.81,-10.71,Noise,Right
1707209301225,0.43676,0.364048,0.834968,-19.88,-15.19,-8.33,Noise,Right
1707209301225,0.357216,0.429928,0.717848,3.01,-12.46,-7.35,Noise,Right
1707209301225,0.327936,0.45872,0.772016,-2.8,-10.57,-10.43,Noise,Right
1707209301225,0.342088,0.446032,0.821792,-22.05,-14.14,-11.2,Noise,Right
1707209301225,0.332816,0.391376,0.860832,-15.19,-17.29,-6.37,Noise,Right
1707209301225,0.371856,0.495808,0.831064,0.91,-14.42,1.12,Noise,Right
1707209301327,0.419192,0.476288,0.815448,-28.63,-14.0,7.91,Noise,Right
1707209301327,0.406504,0.469456,0.81008,-64.96,-20.65,15.54,Noise,Right
1707209301327,0.367952,0.425048,0.789096,-97.09,-29.75,20.58,Noise,Right
1707209301327,0.386008,0.367952,0.742736,-95.69,-53.76,23.45,Noise,Right
1707209301327,0.416264,0.37576,0.709552,-76.79,-38.99,25.41,Noise,Right
1707209301327,0.427976,0.34648,0.753472,-61.11,-39.27,24.22,Noise,Right
1707209301373,0.471408,0.32696,0.827648,-60.34,-38.01,20.37,Noise,Right
1707209301373,0.540216,0.311344,0.88572,-48.16,-36.75,17.29,Noise,Right
1707209301373,0.596824,0.31232,0.872544,-52.36,-32.83,14.14,Noise,Right
1707209301427,0.5978,0.279136,0.850584,-62.79,-23.24,15.12,Noise,Right
1707209301427,0.59048,0.226432,0.86864,-80.43,-17.22,17.29,Noise,Right
1707209301427,0.567056,0.223016,0.876936,-118.79,-16.8,13.02,Noise,Right
1707209301533,0.48312,0.059048,0.886208,-182.07,-15.61,0.35,Noise,Right
1707209301533,0.549976,0.143472,0.868152,-157.43,-4.13,-14.21,Noise,Right
1707209301533,0.501176,0.069296,0.89548,-85.75,9.31,-18.69,Noise,Right
1707209301533,0.394304,-0.015128,0.90036,-36.96,14.14,-19.18,Noise,Right
1707209301533,0.354776,-0.047824,0.917928,-44.94,11.2,-12.88,Noise,Right
1707209301533,0.428952,-0.016592,0.947696,-39.9,2.87,0.98,Noise,Right
1707209301635,0.488976,0.002928,0.950624,-38.85,-7.77,18.27,Noise,Right
1707209301636,0.5246,0.065392,0.921832,-47.46,-35.42,31.15,Noise,Right
1707209301636,0.526064,0.115656,0.891576,-41.09,-23.38,40.39,Noise,Right
1707209301636,0.541192,0.119072,0.846192,-23.52,-23.73,41.02,Noise,Right
1707209301636,0.564616,0.05124,0.85156,15.33,-20.02,33.11,Noise,Right
1707209301637,0.593896,0.03416,0.855464,31.29,-12.81,16.1,Noise,Right
1707209301685,0.610488,0.0366,0.857904,44.31,-4.41,-3.22,Noise,Right
1707209301686,0.606096,0.02684,0.866688,51.66,1.4,-15.47,Noise,Right
1707209301686,0.606584,0.060024,0.888648,48.65,0.84,-19.67,Noise,Right
1707209301734,0.579256,0.101016,0.923784,34.93,-3.22,-17.01,Noise,Right
1707209301735,0.511424,0.099552,0.91744,17.08,-11.76,-10.71,Noise,Right
1707209301735,0.487024,0.0976,0.890112,2.38,-21.07,-3.64,Noise,Right
1707209301778,0.460672,0.06588,0.856928,1.33,-22.12,2.03,Noise,Right
1707209301779,0.449936,0.064416,0.862784,2.1,-16.17,6.93,Noise,Right
1707209301779,0.434808,0.04148,0.853024,4.27,-10.85,11.06,Noise,Right
1707209301825,0.496784,0.015128,0.884256,1.68,-10.99,13.65,Noise,Right
1707209301825,0.504104,0.013176,0.879376,-3.22,-15.4,14.49,Noise,Right
1707209301872,0.53436,0.03172,0.877912,-7.0,-19.88,12.88,Noise,Right
1707209301872,0.50508,0.01708,0.868152,-5.18,-19.46,10.43,Noise,Right
1707209301872,0.499712,0.036112,0.859368,-2.73,-17.08,8.54,Noise,Right
1707209301929,0.507032,0.045872,0.854,-4.34,-17.71,8.05,Noise,Right
1707209301929,0.499224,0.045384,0.830088,-9.87,-16.1,10.99,Noise,Right
1707209301930,0.53436,0.055632,0.838872,-15.75,-11.48,17.43,Noise,Right
1707209301967,0.611952,0.036112,0.793488,-10.08,12.11,11.62,Noise,Right
1707209301967,0.559736,0.059536,0.836432,-18.2,18.9,3.43,Noise,Right
1707209301967,0.54412,0.04148,0.874496,-20.51,9.03,-0.28,Noise,Right
1707209302013,0.554368,0.000488,0.887184,-20.3,-13.72,-5.88,Noise,Right
1707209302015,0.645624,-0.025376,0.856928,-20.02,-21.77,-3.85,Noise,Right
1707209302059,0.683688,-0.027816,0.918416,1.89,9.8,-1.33,Noise,Right
1707209302059,0.602192,-0.025864,0.909144,3.92,15.61,-3.36,Noise,Right
1707209302059,0.56608,-0.038064,0.86864,-0.42,10.85,-3.01,Noise,Right
1707209302119,0.533872,-0.009272,0.852536,-5.6,9.31,-3.92,Noise,Right
1707209302120,0.57096,-0.023912,0.889136,4.41,8.89,-5.95,Noise,Right
1707209302120,0.596336,-0.09028,0.918904,8.47,4.62,-13.72,Noise,Right
1707209302169,0.60024,-0.130296,0.98088,12.46,-4.13,-24.64,Noise,Right
1707209302169,0.584624,-0.105408,0.95648,35.91,-10.15,-53.62,Noise,Right
1707209302170,0.655872,-0.111264,0.940376,51.38,-20.3,-61.81,Noise,Right
1707209302170,0.574376,-0.0366,0.848144,46.97,-28.0,-65.24,Noise,Right
1707209302223,0.508496,0.043432,0.86864,58.45,-33.67,-73.78,Noise,Right
1707209302223,0.474824,0.055144,0.826184,67.83,-34.09,-77.07,Noise,Right
1707209302336,0.50752,0.150304,0.81008,62.3,-30.66,-68.39,Noise,Right
1707209302337,0.551928,0.147864,0.791048,52.5,-28.56,-62.44,Noise,Right
1707209302337,0.51972,0.15372,0.790072,48.37,-26.18,-66.36,Noise,Right
1707209302337,0.5124,0.188856,0.830088,51.87,-26.11,-69.86,Noise,Right
1707209302337,0.516304,0.251808,0.797392,53.34,-26.32,-65.94,Noise,Right
1707209302338,0.55632,0.24644,0.806664,59.22,-25.62,-59.43,Noise,Right
1707209302338,0.569984,0.246928,0.799832,59.08,-27.44,-56.07,Noise,Right
1707209302389,0.504592,0.302072,0.794464,59.99,-28.14,-56.49,Noise,Right
1707209302389,0.449936,0.346968,0.752008,60.69,-24.64,-53.55,Noise,Right
1707209302389,0.43432,0.425048,0.70028,54.25,-11.76,-38.78,Noise,Right
1707209302434,0.411384,0.463112,0.709552,49.77,3.29,-23.17,Noise,Right
1707209302435,0.460672,0.437736,0.730048,50.33,11.9,-15.96,Noise,Right
1707209302435,0.681736,0.438712,0.755912,57.82,13.23,-14.91,Noise,Right
1707209302481,0.666608,0.463112,0.754936,13.72,6.3,-20.86,Noise,Right
1707209302481,0.680272,0.424072,0.793,36.19,3.78,-15.26,Noise,Right
1707209302481,0.5856,0.432856,0.73688,13.93,3.99,-2.73,Noise,Right
1707209302527,0.517768,0.4514,0.704184,13.79,7.0,1.82,Noise,Right
1707209302527,0.455304,0.42944,0.627568,10.5,12.88,3.92,Noise,Right
1707209302527,0.41968,0.489952,0.648064,7.63,22.82,5.81,Noise,Right
1707209302573,0.35136,0.489952,0.646112,17.01,36.54,9.31,Noise,Right
1707209302574,0.429928,0.434808,0.676368,39.2,51.24,11.27,Noise,Right
1707209302630,0.533384,0.360144,0.735416,33.46,54.88,7.49,Noise,Right
1707209302630,0.506544,0.291336,0.799832,-4.9,51.66,0.77,Noise,Right
1707209302631,0.560224,0.366,0.908656,-42.0,46.48,-3.15,Noise,Right
1707209302682,0.387472,0.221552,0.986736,-7.7,38.08,-16.38,Noise,Right
1707209302682,0.345504,0.305,0.958432,-35.42,31.85,-27.44,Noise,Right
1707209302682,0.45872,0.351848,1.00284,37.38,25.2,-23.8,Noise,Right
1707209302682,0.43188,0.471896,0.825696,-15.12,21.49,-25.41,Noise,Right
1707209302728,0.468968,0.491416,0.806176,11.06,27.23,-10.78,Noise,Right
1707209302728,0.410896,0.512888,0.78812,28.49,31.01,-5.04,Noise,Right
1707209302773,0.457744,0.598288,0.793976,2.87,29.33,2.66,Noise,Right
1707209302773,0.426024,0.496296,0.803736,7.07,33.04,14.07,Noise,Right
1707209302775,0.406016,0.459696,0.822768,-12.95,34.51,18.9,Noise,Right
1707209302821,0.358192,0.408456,0.908656,4.97,36.47,21.91,Noise,Right
1707209302821,0.340624,0.364536,0.938912,17.29,36.75,23.24,Noise,Right
1707209302822,0.327448,0.439688,0.930128,43.12,33.95,20.02,Noise,Right
1707209302868,0.33184,0.40748,0.907192,2.17,23.59,14.91,Noise,Right
1707209302868,0.564616,0.376736,0.848144,-59.57,20.09,6.93,Noise,Right
1707209302869,0.46116,0.430416,0.743712,-89.18,19.6,9.38,Noise,Right
1707209302915,0.38064,0.400648,0.786656,-124.67,27.65,9.94,Noise,Right
1707209302915,0.37332,0.337696,0.904752,-172.83,32.9,9.59,Noise,Right
1707209302915,0.39772,0.03172,1.047736,-147.63,30.73,12.74,Noise,Right
1707209302971,0.27328,0.08052,1.11508,-4.69,15.61,13.3,Noise,Right
1707209302971,0.241072,0.106872,1.109712,59.57,1.61,9.52,Noise,Right
1707209303023,0.316712,0.18056,1.028216,54.67,-7.84,-2.45,Noise,Right
1707209303023,0.347456,0.264496,0.93696,47.6,-14.63,-10.22,Noise,Right
1707209303023,0.41724,0.333304,0.814472,21.91,-13.09,-13.86,Noise,Right
1707209303023,0.44164,0.366976,0.756888,-2.03,2.17,-14.21,Noise,Right
1707209303070,0.39528,0.293776,0.826672,-46.83,20.37,-15.05,Noise,Right
1707209303070,0.444568,0.18788,0.951112,-34.16,28.0,-9.94,Noise,Right
1707209303070,0.360144,0.291336,0.913536,24.08,34.3,-7.28,Noise,Right
1707209303115,0.35624,0.272792,0.93452,8.96,38.85,-7.56,Noise,Right
1707209303115,0.330864,0.259128,0.964776,15.89,37.31,-9.66,Noise,Right
1707209303161,0.35136,0.281576,1.00528,20.44,27.09,-11.76,Noise,Right
1707209303161,0.351848,0.30012,1.01748,33.46,18.34,-17.36,Noise,Right
1707209303161,0.328424,0.30744,1.014064,38.43,13.16,-23.94,Noise,Right
1707209303207,0.345016,0.3416,1.026752,42.0,10.85,-27.3,Noise,Right
1707209303207,0.323544,0.394792,1.038952,46.97,5.04,-24.85,Noise,Right
1707209303207,0.382592,0.431392,1.045296,37.24,4.9,-24.57,Noise,Right
1707209303255,0.365512,0.470432,1.06384,23.59,9.8,-26.11,Noise,Right
1707209303255,0.335256,0.465552,1.084824,14.49,14.0,-26.46,Noise,Right
1707209303302,0.299632,0.424072,1.120448,13.02,13.79,-23.03,Noise,Right
1707209303302,0.315736,0.431392,1.12728,10.43,9.03,-15.54,Noise,Right
1707209303302,0.3294,0.44896,1.077504,5.18,4.76,-4.34,Noise,Right
1707209303349,0.34648,0.441152,1.022848,-8.47,4.62,9.73,Noise,Right
1707209303349,0.332816,0.422608,1.011136,3.01,3.92,23.87,Noise,Right
1707209303349,0.307928,0.373808,1.020896,17.29,-2.1,36.47,Noise,Right
1707209303398,0.251808,0.386008,1.016016,49.35,-10.92,41.44,Noise,Right
1707209303398,0.23424,0.42456,0.987712,39.55,-12.74,36.33,Noise,Right
1707209303398,0.233752,0.417728,0.934032,5.11,-6.79,27.23,Noise,Right
1707209303448,0.22692,0.394304,0.886208,12.88,4.34,20.02,Noise,Right
1707209303448,0.253272,0.381128,0.87108,-6.65,15.68,14.28,Noise,Right
1707209303449,0.241072,0.371368,0.84424,-26.6,22.12,14.07,Noise,Right
1707209303578,0.228872,0.371368,0.838872,-41.09,23.17,19.11,Noise,Right
1707209303578,0.198616,0.355264,0.85644,-54.39,18.9,27.58,Noise,Right
1707209303578,0.162016,0.3172,0.86132,-54.11,11.27,36.47,Noise,Right
1707209303578,0.150304,0.29036,0.874008,-38.43,5.6,43.68,Noise,Right
1707209303578,0.164944,0.244976,0.931592,-28.49,3.36,48.23,Noise,Right
1707209303578,0.155184,0.241072,0.913536,-14.77,5.11,50.68,Noise,Right
1707209303579,0.127856,0.223992,0.882792,35.0,10.71,53.48,Noise,Right
1707209303629,0.111264,0.235704,0.855464,40.39,18.27,53.34,Noise,Right
1707209303630,0.100528,0.245464,0.866688,37.24,24.78,50.19,Noise,Right
1707209303630,0.108824,0.269376,0.886208,28.91,28.21,44.73,Noise,Right
1707209303630,0.139568,0.295728,0.923296,14.49,26.88,38.5,Noise,Right
1707209303679,0.140544,0.30988,0.880352,-14.07,20.16,30.87,Noise,Right
1707209303679,0.130296,0.279624,0.87108,-10.01,16.1,24.43,Noise,Right
1707209303723,0.148352,0.269376,0.888648,7.91,14.98,18.62,Noise,Right
1707209303723,0.154208,0.27816,0.896944,22.82,16.52,12.67,Noise,Right
1707209303723,0.162992,0.270352,0.942328,28.42,19.67,7.42,Noise,Right
1707209303771,0.1708,0.272304,0.928176,42.42,25.48,4.9,Noise,Right
1707209303772,0.146888,0.303536,0.890112,49.28,31.22,4.48,Noise,Right
1707209303772,0.11712,0.327936,0.870592,49.35,35.91,5.67,Noise,Right
1707209303816,0.125416,0.340136,0.890112,38.5,36.75,7.21,Noise,Right
1707209303816,0.12932,0.354288,0.920368,27.51,31.92,9.31,Noise,Right
1707209303816,0.11468,0.373808,0.906704,8.75,22.75,10.08,Noise,Right
1707209303863,0.103944,0.349408,0.903288,-14.98,15.05,9.45,Noise,Right
1707209303863,0.093696,0.32208,0.892064,-8.19,10.57,7.7,Noise,Right
1707209303910,0.072712,0.304512,0.891088,-4.62,7.21,4.83,Noise,Right
1707209303910,0.086864,0.316224,0.877424,-2.03,3.78,3.29,Noise,Right
1707209303910,0.110776,0.314272,0.88328,4.2,0.84,6.23,Noise,Right
1707209303970,0.096624,0.330376,0.889136,25.13,1.75,12.6,Noise,Right
1707209303970,0.165432,0.348432,0.892552,-15.26,3.29,17.5,Noise,Right
1707209303970,0.157136,0.32452,0.877424,-1.96,7.28,24.64,Noise,Right
1707209304021,0.137616,0.33428,0.90036,-0.42,9.03,26.6,Noise,Right
1707209304021,0.118096,0.34404,0.91988,0.63,6.16,24.08,Noise,Right
1707209304022,0.098088,0.369904,0.918416,0.42,0.91,20.37,Noise,Right
1707209304022,0.079544,0.362096,0.93452,2.52,-2.73,16.66,Noise,Right
1707209304070,0.117608,0.338184,0.950136,-1.33,-5.95,11.9,Noise,Right
1707209304075,0.15616,0.34404,0.969168,1.61,-8.26,8.19,Noise,Right
1707209304112,0.176656,0.345992,0.965264,3.22,-10.08,5.25,Noise,Right
1707209304112,0.184464,0.3416,0.936472,3.36,-9.73,2.52,Noise,Right
1707209304112,0.171776,0.332328,0.937936,7.14,-7.21,-0.63,Noise,Right
1707209304165,0.162016,0.3416,0.942328,4.06,-4.83,-3.99,Noise,Right
1707209304165,0.160064,0.346968,0.955992,0.91,-3.99,-6.65,Noise,Right
1707209304165,0.152744,0.346968,0.955992,-3.22,-5.53,-8.19,Noise,Right
1707209304295,0.154208,0.329888,0.960384,-3.43,-7.91,-9.1,Noise,Right
1707209304296,0.13908,0.332816,0.945744,-0.56,-9.24,-9.73,Noise,Right
1707209304296,0.125904,0.333792,0.92232,0.21,-8.54,-10.64,Noise,Right
1707209304296,0.128832,0.332816,0.92964,-1.54,-6.02,-10.85,Noise,Right
1707209304296,0.128344,0.3294,0.9394,-3.5,-4.34,-10.92,Noise,Right
1707209304296,0.120536,0.31964,0.943304,-3.29,-3.99,-10.43,Noise,Right
1707209304297,0.126392,0.318176,0.952576,0.63,-5.81,-9.1,Noise,Right
1707209304348,0.133224,0.3172,0.965264,-1.19,-8.75,-7.49,Noise,Right
1707209304348,0.119072,0.322568,0.971608,-2.38,-10.57,-6.51,Noise,Right
1707209304348,0.121512,0.321592,0.98088,-1.26,-10.01,-5.67,Noise,Right
1707209304348,0.14396,0.314272,0.981368,-2.52,-8.61,-5.53,Noise,Right
1707209304391,0.138592,0.324032,0.972584,-3.36,-5.53,-5.74,Noise,Right
1707209304391,0.138104,0.327448,0.972096,-2.66,-3.29,-5.25,Noise,Right
1707209304439,0.140544,0.331352,0.969168,-2.59,-2.94,-5.04,Noise,Right
1707209304439,0.15616,0.32452,0.949648,-2.94,-4.69,-5.53,Noise,Right
1707209304439,0.160064,0.323056,0.92476,-3.43,-7.0,-6.58,Noise,Right
1707209304485,0.143472,0.316712,0.893528,-2.45,-10.01,-8.96,Noise,Right
1707209304485,0.12444,0.30012,0.860832,0.35,-16.38,-13.16,Noise,Right
1707209304485,0.113216,0.282552,0.823744,3.5,-24.92,-15.54,Noise,Right
1707209304530,0.115168,0.267912,0.806664,3.99,-38.08,-16.38,Noise,Right
1707209304530,0.142496,0.24888,0.799344,3.71,-55.09,-17.08,Noise,Right
1707209304580,0.135176,0.249856,0.820816,0.35,-76.09,-19.6,Noise,Right
1707209304580,0.135176,0.259128,0.850096,0.14,-91.35,-23.17,Noise,Right
1707209304580,0.156648,0.284992,0.8418,2.24,-101.57,-28.21,Noise,Right
1707209304707,0.225944,0.306464,0.82228,1.89,-102.41,-31.92,Noise,Right
1707209304707,0.26352,0.313296,0.820816,-0.77,-96.39,-34.44,Noise,Right
1707209304707,0.276696,0.316224,0.8418,-8.82,-90.02,-35.42,Noise,Right
1707209304707,0.283528,0.300608,0.887184,-13.44,-90.09,-34.58,Noise,Right
1707209304707,0.308904,0.294752,0.911096,-18.41,-95.34,-32.55,Noise,Right
1707209304707,0.328912,0.303048,0.91988,-17.85,-95.62,-28.42,Noise,Right
1707209304707,0.371856,0.316224,0.9272,-19.81,-87.5,-23.1,Noise,Right
1707209304812,0.393816,0.291824,0.95648,-20.93,-75.81,-17.78,Noise,Right
1707209304812,0.4148,0.310856,0.961848,-16.52,-68.18,-14.98,Noise,Right
1707209304812,0.427976,0.31232,0.977464,-10.99,-67.27,-15.4,Noise,Right
1707209304812,0.450424,0.31964,0.961848,-1.4,-70.42,-17.36,Noise,Right
1707209304813,0.485072,0.312808,0.952576,5.32,-76.3,-21.28,Noise,Right
1707209304813,0.521184,0.335744,0.931104,7.49,-77.21,-24.43,Noise,Right
1707209304813,0.534848,0.332328,0.943304,8.61,-68.39,-24.5,Noise,Right
1707209304915,0.553392,0.340624,0.932568,12.95,-56.84,-21.35,Noise,Right
1707209304916,0.576328,0.33428,0.998936,19.88,-50.96,-14.98,Noise,Right
1707209304916,0.562664,0.344528,0.996984,23.73,-60.27,-6.86,Noise,Right
1707209304916,0.565104,0.381128,0.916952,34.09,-75.95,0.14,Noise,Right
1707209304916,0.610976,0.393816,0.853024,41.23,-81.97,0.14,Noise,Right
1707209304916,0.6222,0.41236,0.82472,43.68,-74.9,-4.34,Noise,Right
1707209304963,0.617808,0.389912,0.8052,49.21,-60.83,-10.29,Noise,Right
1707209304963,0.606584,0.403088,0.823744,58.59,-51.03,-14.98,Noise,Right
1707209304963,0.615368,0.419192,0.815448,68.18,-53.48,-15.4,Noise,Right
1707209305012,0.626592,0.443592,0.746152,77.7,-62.3,-12.11,Noise,Right
1707209305012,0.667584,0.444568,0.69784,81.13,-70.14,-9.8,Noise,Right
1707209305013,0.6954,0.45384,0.70028,81.41,-74.34,-9.94,Noise,Right
1707209305063,0.702232,0.45872,0.684176,90.16,-79.45,-11.27,Noise,Right
1707209305063,0.593408,0.520696,0.431392,-37.59,-6.37,-52.29,Noise,Right
1707209305120,0.71248,0.45872,0.67832,156.1,-37.94,-24.99,Noise,Right
1707209305121,0.862784,0.532408,0.574864,108.22,-63.98,-21.98,Noise,Right
1707209305121,0.761768,0.549488,0.5734,100.17,-59.43,-22.12,Noise,Right
1707209305121,0.743712,0.538264,0.585112,95.34,-77.0,-20.37,Noise,Right
1707209305166,0.728584,0.57584,0.545096,108.78,-94.01,-26.46,Noise,Right
1707209305166,0.730048,0.609024,0.416264,136.43,-112.7,-32.83,Noise,Right
1707209305166,0.724192,0.640256,0.30988,146.16,-126.35,-28.42,Noise,Right
1707209305210,0.76128,0.655384,0.220576,122.36,-123.9,-24.43,Noise,Right
1707209305211,0.750056,0.60268,0.210328,108.08,-112.0,-25.13,Noise,Right
1707209305258,0.738832,0.630008,0.2074,91.35,-111.86,-29.12,Noise,Right
1707209305258,0.72224,0.677344,0.157136,87.29,-118.3,-30.17,Noise,Right
1707209305259,0.715408,0.687104,0.066368,85.61,-106.33,-30.8,Noise,Right
1707209305306,0.72956,0.711504,0.018056,72.45,-68.95,-33.11,Noise,Right
1707209305307,0.684176,0.687104,0.034648,59.29,-31.08,-34.58,Noise,Right
1707209305307,0.630008,0.687104,0.077104,51.1,-7.63,-32.13,Noise,Right
1707209305353,0.610976,0.7076,0.101016,41.09,-9.66,-22.33,Noise,Right
1707209305353,0.576816,0.718336,-0.005368,38.22,-19.95,-3.78,Noise,Right
1707209305353,0.584624,0.729072,-0.09028,21.98,-8.82,11.69,Noise,Right
1707209305399,0.581208,0.717848,-0.110288,0.42,19.95,22.33,Noise,Right
1707209305400,0.60512,0.722728,-0.130784,-26.11,63.7,29.54,Noise,Right
1707209305446,0.662704,0.699304,-0.073688,-63.84,111.44,35.14,Noise,Right
1707209305446,0.70028,0.676856,0.05612,-108.08,139.58,44.1,Noise,Right
1707209305446,0.674416,0.640256,0.142984,-135.66,134.68,54.81,Noise,Right
1707209305498,0.614392,0.5856,0.2196,-141.68,104.44,61.18,Noise,Right
1707209305498,0.648552,0.586088,0.290848,-135.8,62.58,60.06,Noise,Right
1707209305498,0.715408,0.551928,0.382592,-111.3,23.73,49.42,Noise,Right
1707209305543,0.77592,0.518744,0.423096,-75.04,-3.36,26.04,Noise,Right
1707209305543,0.826184,0.520696,0.453352,-49.63,-14.21,2.24,Noise,Right
1707209305543,0.826184,0.535336,0.453352,-32.13,-8.33,-16.31,Noise,Right
1707209305599,0.81008,0.540216,0.440664,-20.02,10.64,-25.55,Noise,Right
1707209305599,0.80032,0.572424,0.453352,-20.44,29.68,-21.35,Noise,Right
1707209305599,0.786168,0.574864,0.483608,-19.46,40.25,-2.87,Noise,Right
1707209305652,0.726632,0.54412,0.516792,-18.55,40.25,10.85,Noise,Right
1707209305652,0.717848,0.542656,0.523624,-15.82,29.19,17.85,Noise,Right
1707209305652,0.72712,0.535824,0.528504,-5.95,16.45,19.46,Noise,Right
1707209305701,0.749568,0.548024,0.490928,1.96,7.28,14.98,Noise,Right
1707209305701,0.893528,0.570472,0.520208,2.73,4.34,7.07,Noise,Right
1707209305701,0.750056,0.575352,0.439688,18.97,5.53,-5.67,Noise,Right
1707209305749,0.730536,0.548512,0.487024,6.72,-1.47,-4.34,Noise,Right
1707209305750,0.69296,0.52704,0.43676,21.21,-9.73,1.12,Noise,Right
1707209305750,0.69052,0.58072,0.494344,43.82,-7.0,-8.68,Noise,Right
1707209305833,0.708088,0.56364,0.488,64.82,-8.82,-5.46,Noise,Right
1707209305834,0.757864,0.574376,0.510936,74.34,-5.39,-0.91,Noise,Right
1707209305834,0.766648,0.593408,0.481656,88.62,-6.23,3.57,Noise,Right
1707209305834,0.899384,0.592432,0.520208,81.62,-30.52,-0.98,Noise,Right
1707209305834,0.893528,0.586576,0.537288,104.09,-63.7,-7.56,Noise,Right
1707209305883,0.769576,0.581696,0.56364,162.89,-120.75,-25.13,Noise,Right
1707209305883,0.633912,0.585112,0.3294,241.57,-177.03,-33.74,Noise,Right
1707209305883,0.681248,0.596336,0.17568,273.91,-197.05,-36.82,Noise,Right
1707209305935,0.670024,0.623664,-0.130784,273.91,-157.71,-45.15,Noise,Right
1707209305935,0.578768,0.570472,-0.241072,220.15,-93.52,-56.35,Noise,Right
1707209305935,0.71736,0.736392,-0.211792,137.83,-30.38,-60.9,Noise,Right
1707209306039,0.706136,0.81496,-0.18788,59.57,19.95,-43.26,Noise,Right
1707209306040,0.600728,0.734928,-0.203984,-17.92,49.98,-5.6,Noise,Right
1707209306040,0.584136,0.662216,-0.166896,-54.74,51.59,22.96,Noise,Right
1707209306040,0.615368,0.662704,-0.133712,-49.49,20.72,41.79,Noise,Right
1707209306040,0.6832,0.625128,-0.125904,-16.1,-26.46,45.15,Noise,Right
1707209306041,0.797392,0.655872,-0.14152,4.06,-59.92,28.7,Noise,Right
1707209306087,0.824232,0.693936,-0.183976,27.44,-56.21,2.94,Noise,Right
1707209306087,0.799832,0.650992,-0.168848,11.41,-19.32,-2.31,Noise,Right
1707209306087,0.813984,0.672464,-0.179096,-38.78,17.71,8.89,Noise,Right
1707209306137,1.067256,0.69296,-0.269864,-143.08,30.38,11.06,Noise,Right
1707209306137,0.8662,0.6222,-0.122976,-91.56,29.05,11.76,Noise,Right
1707209306137,0.955992,0.642208,0.062952,-108.64,26.88,20.51,Noise,Right
1707209306243,0.887184,0.688568,0.083936,-86.17,30.66,35.49,Noise,Right
1707209306243,0.887184,0.6344,0.147376,-85.26,41.09,35.84,Noise,Right
1707209306244,0.831552,0.654408,0.121024,-76.65,36.68,7.0,Noise,Right
1707209306244,0.724192,0.606584,0.172264,-38.22,11.2,-34.58,Noise,Right
1707209306244,0.635376,0.62952,0.2196,6.72,-28.63,-69.09,Noise,Right
1707209306245,0.637328,0.620248,0.16592,49.84,-68.74,-71.68,Noise,Right
1707209306298,0.701744,0.681736,0.102968,47.88,-86.31,-54.11,Noise,Right
1707209306299,0.776896,0.703208,0.076128,22.47,-73.5,-30.73,Noise,Right
1707209306299,0.853024,0.682712,0.081496,1.4,-44.31,-16.94,Noise,Right
1707209306356,0.83692,0.676368,0.09028,-23.59,-20.16,-18.76,Noise,Right
1707209306357,0.8418,0.704184,0.09028,-35.49,-13.93,-26.95,Noise,Right
1707209306357,0.823744,0.699304,0.063928,-40.67,-24.85,-36.26,Noise,Right
1707209306425,0.806176,0.700768,0.03416,-37.24,-37.87,-47.32,Noise,Right
1707209306425,0.771528,0.707112,0.001952,-32.2,-43.26,-58.94,Noise,Right
1707209306425,0.77104,0.732976,-0.032696,-20.58,-31.92,-70.14,Noise,Right
1707209306425,0.739808,0.732,-0.015616,-16.24,-8.61,-83.02,Noise,Right
1707209306475,0.679296,0.74908,-0.006344,-36.82,20.09,-89.88,Noise,Right
1707209306475,0.60756,0.782264,0.057584,-47.18,49.07,-82.74,Noise,Right
1707209306475,0.599752,0.766648,0.08052,-61.39,64.05,-67.27,Noise,Right
1707209306475,0.584136,0.760304,0.121024,-79.03,73.5,-52.5,Noise,Right
1707209306536,0.508984,0.777872,0.19764,-118.79,77.14,-45.01,Noise,Right
1707209306537,0.4636,0.803248,0.161528,-100.59,78.75,-34.44,Noise,Right
1707209306588,0.463112,0.78812,0.172752,-97.86,80.08,-34.23,Noise,Right
1707209306589,0.42456,0.783728,0.20496,-94.92,74.13,-38.15,Noise,Right
1707209306589,0.399184,0.768112,0.2806,-84.21,60.83,-44.52,Noise,Right
1707209306589,0.367464,0.772992,0.362096,-88.2,43.68,-51.73,Noise,Right
1707209306710,0.369416,0.767624,0.428464,-87.15,29.82,-55.09,Noise,Right
1707209306710,0.385032,0.773968,0.464576,-72.1,21.63,-50.61,Noise,Right
1707209306710,0.38796,0.815936,0.498248,-49.77,24.78,-35.63,Noise,Right
1707209306711,0.3904,0.787144,0.510448,-46.2,29.61,-17.08,Noise,Right
1707209306711,0.38308,0.78812,0.513864,-52.78,30.94,0.0,Noise,Right
1707209306711,0.386984,0.783728,0.504104,-49.35,29.68,13.79,Noise,Right
1707209306711,0.3782,0.772504,0.508008,-51.03,23.03,16.17,Noise,Right
1707209306761,0.406016,0.76128,0.519232,-48.79,7.42,12.88,Noise,Right
1707209306762,0.317688,0.727608,0.523136,-38.99,-7.7,6.79,Noise,Right
1707209306762,0.40016,0.736392,0.488976,-43.33,-15.54,-4.27,Noise,Right
1707209306827,0.447496,0.7686,0.545096,-33.67,-18.76,-16.87,Noise,Right
1707209306827,0.62952,0.744688,0.500688,33.25,-17.64,-19.04,Noise,Right
1707209306827,0.515328,0.80764,0.508008,90.51,-11.83,-19.11,Noise,Right
1707209306827,0.469456,0.788608,0.47092,62.65,-8.47,-21.91,Noise,Right
1707209306880,0.423584,0.829112,0.466528,32.2,-9.45,-20.79,Noise,Right
1707209306880,0.45628,0.798856,0.45872,6.02,-15.75,-15.05,Noise,Right
1707209306880,0.450912,0.759328,0.458232,15.47,-17.92,-8.33,Noise,Right
1707209306929,0.433832,0.78568,0.441152,11.13,-16.59,-6.23,Noise,Right
1707209306930,0.450424,0.780312,0.45628,22.96,-14.56,-2.45,Noise,Right
1707209306930,0.469944,0.78324,0.46116,19.04,-14.21,-0.49,Noise,Right
1707209307050,0.483608,0.782752,0.448472,8.89,-12.88,-1.05,Noise,Right
1707209307050,0.476776,0.791536,0.433344,3.64,-9.45,-2.38,Noise,Right
1707209307050,0.464576,0.793976,0.41968,-0.98,-1.96,-3.57,Noise,Right
1707209307050,0.457256,0.796416,0.426024,-5.04,7.42,-3.5,Noise,Right
1707209307051,0.460184,0.780312,0.4636,-10.22,14.49,-2.17,Noise,Right
1707209307051,0.433832,0.785192,0.479216,-17.78,14.56,1.96,Noise,Right
1707209307051,0.413336,0.764696,0.473848,-19.46,9.73,8.75,Noise,Right
1707209307101,0.411872,0.75396,0.487512,-18.76,3.99,11.41,Noise,Right
1707209307101,0.421144,0.747616,0.488488,-10.15,-1.19,10.5,Noise,Right
1707209307101,0.420656,0.73444,0.489464,-2.38,-3.64,6.58,Noise,Right
1707209307223,0.417728,0.754936,0.482632,2.73,-6.09,2.1,Noise,Right
1707209307223,0.421144,0.7686,0.479704,6.72,-8.33,-1.19,Noise,Right
1707209307223,0.435784,0.77836,0.46848,5.25,-8.75,-3.01,Noise,Right
1707209307223,0.46848,0.767624,0.479216,4.48,-7.0,-3.22,Noise,Right
1707209307223,0.460672,0.775432,0.477264,-1.19,-3.64,-0.49,Noise,Right
1707209307223,0.468968,0.774944,0.486048,-4.76,-1.96,2.94,Noise,Right
1707209307223,0.485072,0.77348,0.486536,-5.39,-3.08,5.18,Noise,Right
1707209307368,0.491416,0.777384,0.49532,-3.57,-5.6,4.2,Noise,Right
1707209307369,0.485072,0.767624,0.494344,3.01,-8.19,0.84,Noise,Right
1707209307369,0.501664,0.774944,0.481656,4.83,-7.98,-2.94,Noise,Right
1707209307369,0.51728,0.789584,0.48312,4.41,-6.72,-4.55,Noise,Right
1707209307369,0.498736,0.78568,0.472872,2.73,-5.6,-5.67,Noise,Right
1707209307370,0.472384,0.77592,0.458232,4.48,-4.55,-8.68,Noise,Right
1707209307370,0.458232,0.781288,0.45872,3.78,-3.92,-8.75,Noise,Right
1707209307370,0.446032,0.77104,0.458232,1.33,-3.64,-5.53,Noise,Right
1707209307421,0.430416,0.757376,0.467504,-2.59,-4.62,-0.49,Noise,Right
1707209307422,0.428952,0.752984,0.4758,-5.81,-6.37,4.76,Noise,Right
1707209307422,0.462136,0.755424,0.475312,-14.0,-5.46,8.33,Noise,Right
1707209307422,0.471408,0.778848,0.483608,-44.38,-1.96,14.7,Noise,Right
1707209307477,0.4636,0.760304,0.515328,-67.48,2.94,32.48,Noise,Right
1707209307477,0.428952,0.872056,0.52948,-122.01,5.25,61.11,Noise,Right
1707209307477,0.460184,0.817888,0.615368,-141.26,-1.33,101.92,Noise,Right
1707209307545,0.447984,0.766648,0.709064,-148.75,-19.25,138.74,Noise,Right
1707209307545,0.528992,0.679784,0.719312,-104.02,-45.43,165.76,Noise,Right
1707209307545,0.49532,0.612928,0.77592,-96.88,-77.49,163.87,Noise,Right
1707209307545,0.552904,0.486048,0.686128,-53.48,-84.35,144.69,Noise,Right
1707209307593,0.617808,0.47824,0.630008,-19.18,-70.0,114.45,Noise,Right
1707209307593,0.62708,0.479704,0.574376,8.33,-44.52,85.26,Noise,Right
1707209307593,0.645624,0.401136,0.519232,15.19,-23.66,44.24,Noise,Right
1707209307651,0.623176,0.435296,0.523136,20.72,-21.77,18.06,Noise,Right
1707209307652,0.62952,0.424072,0.525576,16.24,-45.15,13.65,Noise,Right
1707209307652,0.649528,0.40748,0.516304,23.17,-68.11,24.64,Noise,Right
1707209307701,0.77348,0.348432,0.524112,20.02,-80.71,30.94,Noise,Right
1707209307702,0.835456,0.27572,0.462624,16.59,-72.66,27.93,Noise,Right
1707209307702,0.838872,0.274256,0.421144,31.85,-52.08,16.38,Noise,Right
1707209307702,0.789096,0.28304,0.34648,51.59,-33.6,0.91,Noise,Right
1707209307755,0.750056,0.28792,0.314272,78.47,-28.42,-10.99,Noise,Right
1707209307755,0.722728,0.333304,0.266936,118.65,-25.2,-12.11,Noise,Right
1707209307867,0.712968,0.397232,0.235216,149.31,-18.27,-6.16,Noise,Right
1707209307867,0.715896,0.515328,0.229848,137.06,-11.06,-0.49,Noise,Right
1707209307867,0.727608,0.647088,0.203496,100.73,-4.62,5.04,Noise,Right
1707209307868,0.708576,0.665144,0.174216,9.66,-3.22,10.85,Noise,Right
1707209307868,0.715408,0.602192,0.19032,-16.38,-4.34,13.3,Noise,Right
1707209307868,0.750544,0.621224,0.26352,-19.67,-11.55,8.96,Noise,Right
1707209307868,0.703208,0.558272,0.369904,12.46,-16.8,-2.45,Noise,Right
1707209307919,0.642208,0.558272,0.486536,86.03,-17.64,-13.72,Noise,Right
1707209307920,0.65148,0.549,0.491416,140.56,-17.85,-21.7,Noise,Right
1707209307920,0.683688,0.510448,0.478728,243.74,-8.61,-23.03,Noise,Right
1707209307920,0.98088,0.5002,0.509472,234.85,7.21,-32.69,Noise,Right
1707209307965,1.008208,0.548512,0.345504,175.49,6.72,-27.3,Noise,Right
1707209307966,0.864736,0.56364,0.130784,107.03,-10.85,4.97,Noise,Right
1707209308013,0.815448,0.586088,0.13664,35.63,-48.51,49.28,Noise,Right
1707209308013,0.869128,0.575352,0.237168,11.97,-78.75,83.23,Noise,Right
1707209308013,0.831064,0.550952,0.752496,234.64,84.91,20.51,Noise,Right
1707209308058,0.882792,0.841312,0.417728,-6.58,51.66,23.94,Noise,Right
1707209308059,0.919392,0.53192,0.408944,-12.6,62.16,51.94,Noise,Right
1707209308059,0.796904,0.620248,0.267424,-33.6,50.05,59.5,Noise,Right
1707209308105,0.779336,0.569984,0.173728,-46.55,57.12,71.05,Noise,Right
1707209308105,0.71736,0.567056,0.138104,-88.48,65.87,80.43,Noise,Right
1707209308159,0.662704,0.49776,0.086864,-133.28,69.3,72.8,Noise,Right
1707209308160,0.664168,0.427,0.23668,-174.58,66.29,51.8,Noise,Right
1707209308160,0.644648,0.397232,0.301584,-167.23,59.36,19.53,Noise,Right
1707209308215,0.574864,0.313296,0.440176,-150.15,71.47,5.74,Noise,Right
1707209308215,0.601704,0.281576,0.528016,-124.11,95.69,0.7,Noise,Right
1707209308215,0.574376,0.22204,0.632448,-106.61,110.88,3.29,Noise,Right
1707209308215,0.754448,0.250344,0.64416,-79.87,121.73,5.25,Noise,Right
1707209308265,0.64416,0.188368,0.573888,-41.16,122.01,-15.19,Noise,Right
1707209308265,0.743224,0.277184,0.650016,-63.21,116.55,-35.7,Noise,Right
1707209308266,0.630496,0.25864,0.686616,-63.14,116.34,-47.46,Noise,Right
1707209308392,0.4514,0.214232,0.842776,-38.15,86.24,-77.07,Noise,Right
1707209308518,0.293288,0.537776,0.733952,43.68,14.91,-30.45,Noise,Right
1707209308748,0.289384,0.537776,0.664168,175.84,-64.19,-68.11,Noise,Right
1707209309084,0.740296,0.11224,0.850584,-85.89,46.2,-9.8,Noise,Right
1707209309315,0.604144,0.4758,0.767624,-32.69,45.15,13.65,Noise,Right
1707209309458,0.5368,0.263032,0.950624,-73.01,44.94,9.45,Noise,Right
1707209309505,0.555344,0.127856,1.009672,-71.89,39.2,12.81,Noise,Right
1707209309507,0.511912,0.18056,1.06384,7.21,23.52,15.47,Noise,Right
1707209309551,0.511424,0.157624,1.015528,2.1,13.86,14.56,Noise,Right
1707209309551,0.4758,0.189832,0.992104,10.78,7.7,16.31,Noise,Right
1707209309551,0.463112,0.151768,1.002352,16.94,3.92,22.82,Noise,Right
1707209309598,0.430904,0.171288,1.011624,34.23,6.16,27.44,Noise,Right
1707209309598,0.38552,0.198616,0.948184,48.86,12.81,24.71,Noise,Right
1707209309598,0.33428,0.240584,0.933544,38.15,17.85,19.25,Noise,Right
1707209309644,0.360632,0.194224,0.920856,25.41,17.57,7.35,Noise,Right
1707209309645,0.394304,0.218136,0.93696,26.25,14.56,-1.54,Noise,Right
1707209309645,0.403576,0.228384,0.95648,30.66,13.3,-7.98,Noise,Right
1707209309696,0.376736,0.230824,0.981856,52.43,15.68,-9.59,Noise,Right
1707209309696,0.379176,0.371368,0.94672,71.12,20.93,-8.19,Noise,Right
1707209309697,0.396744,0.299144,0.9516,57.96,29.05,-8.26,Noise,Right
1707209309827,0.380152,0.306464,0.952088,38.57,36.4,-6.44,Noise,Right
1707209309827,0.353312,0.336232,0.9638,28.42,38.64,-5.39,Noise,Right
1707209309827,0.30744,0.320616,1.010648,20.72,32.06,-2.31,Noise,Right
1707209309827,0.304512,0.34404,1.064816,28.07,19.25,1.54,Noise,Right
1707209309827,0.281576,0.355752,1.056032,52.92,7.7,6.09,Noise,Right
1707209309827,0.298168,0.384544,1.045784,58.1,3.71,9.87,Noise,Right
1707209309827,0.323544,0.410408,1.021384,55.51,9.24,17.15,Noise,Right
1707209309882,0.342576,0.462136,0.977464,28.14,21.14,32.97,Noise,Right
1707209309882,0.393816,0.441152,0.985272,-0.42,35.35,51.45,Noise,Right
1707209309882,0.387472,0.449448,0.988688,-14.49,43.12,66.15,Noise,Right
1707209310007,0.35136,0.406504,1.021872,-2.24,48.16,75.67,Noise,Right
1707209310007,0.305976,0.390888,1.039928,6.65,50.05,75.11,Noise,Right
1707209310007,0.286456,0.33672,1.077992,13.02,48.72,68.74,Noise,Right
1707209310007,0.274256,0.32696,1.082384,17.36,48.23,62.65,Noise,Right
1707209310007,0.265472,0.324032,1.114592,21.7,49.7,63.21,Noise,Right
1707209310007,0.25376,0.31476,1.106296,19.67,53.13,72.87,Noise,Right
1707209310007,0.244488,0.30012,1.097024,10.08,60.76,88.62,Noise,Right
1707209310135,0.225456,0.308416,1.080432,-6.86,71.26,108.64,Noise,Right
1707209310135,0.165432,0.310856,1.039928,-6.44,86.66,124.25,Noise,Right
1707209310135,0.109312,0.27328,1.043344,-0.35,100.31,132.3,Noise,Right
1707209310135,0.0732,0.22204,1.047248,-0.35,98.42,130.69,Noise,Right
1707209310135,0.040504,0.236192,1.045784,-10.15,92.26,126.28,Noise,Right
1707209310135,0.021472,0.204472,1.03944,1.19,88.48,125.72,Noise,Right
1707209310135,0.018056,0.199592,1.021384,23.66,83.93,127.61,Noise,Right
1707209310135,0.002928,0.174704,0.998448,26.88,81.34,129.29,Noise,Right
1707209310188,-0.015128,0.203984,0.94672,32.69,79.17,130.41,Noise,Right
1707209310188,-0.016104,0.225944,0.913048,34.44,73.36,130.76,Noise,Right
1707209310189,0.0244,0.221552,0.877424,34.16,63.84,128.8,Noise,Right
1707209310189,0.01464,0.242048,0.848632,33.46,54.11,122.71,Noise,Right
1707209310235,0.011712,0.225456,0.837896,31.57,41.09,113.19,Noise,Right
1707209310236,0.017568,0.23912,0.854,44.66,28.77,102.48,Noise,Right
1707209310282,0.073688,0.272792,0.823256,49.77,18.76,94.29,Noise,Right
1707209310282,0.079056,0.276696,0.805688,47.95,16.1,90.37,Noise,Right
1707209310282,0.108336,0.344528,0.784216,50.12,16.59,88.34,Noise,Right
1707209310329,0.140056,0.353312,0.76372,47.67,14.77,86.17,Noise,Right
1707209310329,0.195688,0.34404,0.793,42.63,8.54,79.8,Noise,Right
1707209310329,0.227896,0.356728,0.793,39.55,2.38,70.63,Noise,Right
1707209310377,0.238144,0.377224,0.780312,44.94,1.12,59.29,Noise,Right
1707209310377,0.215208,0.396744,0.7808,43.82,5.67,49.35,Noise,Right
1707209310377,0.226432,0.429928,0.791048,39.9,9.94,40.67,Noise,Right
1707209310423,0.225944,0.430904,0.79544,36.33,10.01,35.98,Noise,Right
1707209310423,0.199592,0.425536,0.807152,24.99,8.68,31.85,Noise,Right
1707209310469,0.2196,0.42212,0.823256,17.92,8.26,27.72,Noise,Right
1707209310470,0.173728,0.41968,0.816912,13.23,10.85,22.47,Noise,Right
1707209310470,0.12688,0.426512,0.820816,15.26,17.01,19.53,Noise,Right
1707209310516,0.116632,0.411872,0.852048,17.22,20.3,21.14,Noise,Right
1707209310517,0.09516,0.42212,0.874984,12.81,18.97,26.39,Noise,Right
1707209310517,0.076128,0.411872,0.896944,7.91,15.05,32.27,Noise,Right
1707209310561,0.095648,0.408456,0.931592,1.89,7.84,35.14,Noise,Right
1707209310561,0.1098,0.410408,0.92964,0.0,-5.04,31.78,Noise,Right
1707209310616,0.12444,0.411384,0.944768,1.68,-17.78,23.03,Noise,Right
1707209310616,0.127368,0.391864,0.962336,2.8,-17.85,12.39,Noise,Right
1707209310616,0.105408,0.381128,0.955016,15.54,-7.35,5.11,Noise,Right
1707209310732,0.075152,0.427488,0.9516,19.04,6.3,6.58,Noise,Right
1707209310732,0.07808,0.42944,0.955016,23.73,12.04,19.6,Noise,Right
1707209310733,0.069784,0.435296,0.945256,15.96,9.87,34.72,Noise,Right
1707209310733,0.07076,0.4148,0.943304,10.99,3.64,47.11,Noise,Right
1707209310733,0.141032,0.423584,0.9394,7.98,-1.82,50.61,Noise,Right
1707209310733,0.181536,0.433832,0.908656,2.31,-7.98,43.4,Noise,Right
1707209310733,0.238632,0.420656,0.878888,0.91,-14.84,28.63,Noise,Right
1707209310783,0.34648,0.425048,0.86376,7.56,-22.61,4.55,Noise,Right
1707209310783,0.398696,0.469944,0.854,-8.4,-33.04,-2.45,Noise,Right
1707209310783,0.425536,0.382104,0.818864,-6.58,-18.34,1.54,Noise,Right
1707209310904,0.22204,0.37332,0.787144,-21.14,-13.16,18.2,Noise,Right
1707209310904,0.193248,0.30744,0.746152,-65.38,-19.11,18.41,Noise,Right
1707209310904,0.220576,0.28792,0.812032,-7.07,-10.29,10.01,Noise,Right
1707209310904,0.325008,0.340624,0.79056,17.5,-0.91,3.01,Noise,Right
1707209310904,0.36844,0.399184,0.73688,35.91,5.11,0.07,Noise,Right
1707209310904,0.467992,0.43188,0.721264,24.5,14.14,2.38,Noise,Right
1707209310905,0.506056,0.35136,0.677832,3.5,21.77,4.48,Noise,Right
1707209310953,0.44652,0.356728,0.714432,-27.86,15.89,-2.38,Noise,Right
1707209310953,0.298656,0.339648,0.744688,-41.79,-7.84,-11.13,Noise,Right
1707209310955,0.177144,0.2928,0.756888,-50.82,-7.42,-39.06,Noise,Right
1707209311056,0.11468,0.22936,0.748104,-36.89,16.03,-79.52,Noise,Right
1707209311057,0.095648,0.22204,0.769088,-21.77,33.32,-123.2,Noise,Right
1707209311057,0.04392,0.231312,0.774944,-11.62,30.24,-159.6,Noise,Right
1707209311057,-0.01952,0.235216,0.794464,-8.54,3.85,-189.07,Noise,Right
1707209311057,-0.091744,0.203496,0.851072,-6.51,-44.17,-207.9,Noise,Right
1707209311057,-0.122488,0.254736,0.87596,-7.21,-84.0,-219.03,Noise,Right
1707209311107,-0.105896,0.301096,0.913048,-12.88,-104.58,-223.09,Noise,Right
1707209311108,0.040992,0.280112,0.916952,-25.2,-102.97,-223.23,Noise,Right
1707209311108,0.106872,0.272304,0.947696,-83.65,-92.05,-227.64,Noise,Right
1707209311157,0.067344,0.211792,0.964288,-100.73,-86.03,-229.25,Noise,Right
1707209311157,-0.020008,0.159088,1.041392,-116.48,-83.23,-241.78,Noise,Right
1707209311158,-0.028304,0.178608,1.084824,-106.96,-76.16,-247.73,Noise,Right
1707209311200,0.145424,0.159576,1.17364,-74.83,-59.57,-243.04,Noise,Right
1707209311200,0.172264,0.178608,1.290272,-49.77,-36.75,-232.47,Noise,Right
1707209311200,0.138104,0.20252,1.240984,-11.06,-13.16,-220.08,Noise,Right
1707209311251,0.066368,0.230824,1.177544,16.59,6.3,-210.21,Noise,Right
1707209311251,-0.010248,0.282552,1.143384,8.75,19.18,-199.08,Noise,Right
1707209311251,-0.0732,0.264008,1.142408,-9.45,26.25,-182.28,Noise,Right
1707209311295,-0.141032,0.223504,1.177056,-18.62,33.88,-159.81,Noise,Right
1707209311295,-0.23424,0.1586,1.193648,-20.51,43.96,-141.96,Noise,Right
1707209311341,-0.338672,0.1342,1.179496,-10.57,44.52,-126.14,Noise,Right
1707209311341,-0.403088,0.138592,1.152168,13.65,34.16,-107.45,Noise,Right
1707209311341,-0.415776,0.177144,1.099464,28.56,15.47,-82.04,Noise,Right
1707209311386,-0.393816,0.182024,1.078968,31.85,-7.49,-41.3,Noise,Right
1707209311386,-0.330376,0.123952,1.074576,28.35,-29.82,-1.68,Noise,Right
1707209311387,-0.257176,0.1464,1.059936,34.58,-35.84,31.57,Noise,Right
1707209311436,-0.17324,0.20252,1.036024,26.18,-26.81,53.48,Noise,Right
1707209311436,-0.049288,0.257664,1.01504,23.8,-15.75,64.68,Noise,Right
1707209311485,-0.050752,0.296216,1.010648,40.6,-9.87,69.02,Noise,Right
1707209311485,-0.018544,0.315736,0.955016,41.16,-18.06,61.04,Noise,Right
1707209311486,0.035136,0.357216,0.923784,36.19,-37.03,48.58,Noise,Right
1707209311549,0.069296,0.410896,0.921344,31.01,-51.03,35.42,Noise,Right
1707209311551,0.048312,0.391864,0.915488,29.4,-60.13,24.5,Noise,Right
1707209311553,0.021472,0.372344,0.926712,14.56,-68.46,15.68,Noise,Right
1707209311590,0.01708,0.352336,0.914512,-17.5,-77.56,11.13,Noise,Right
1707209311590,0.043432,0.32452,0.93452,-17.5,-82.81,17.57,Noise,Right
1707209311590,0.11712,0.296704,0.977464,-25.27,-81.83,25.41,Noise,Right
1707209311590,0.135176,0.27572,0.96136,-23.87,-72.31,35.21,Noise,Right
1707209311639,0.121512,0.235704,0.912072,7.77,-54.32,43.89,Noise,Right
1707209311640,0.130784,0.264984,0.834968,43.4,-33.11,45.01,Noise,Right
1707209311640,0.14884,0.290848,0.81496,77.42,-17.43,37.1,Noise,Right
1707209311686,0.090768,0.329888,0.847656,109.06,-17.36,24.85,Noise,Right
1707209311686,0.005368,0.345016,0.821304,116.41,-20.44,17.15,Noise,Right
1707209311743,0.083448,0.460184,0.90524,56.42,-8.68,17.43,Noise,Right
1707209311743,0.13176,0.41724,0.930128,47.11,-0.7,52.71,Noise,Right
1707209311743,0.111264,0.411384,0.952088,37.03,2.52,49.84,Noise,Right
1707209311796,0.092232,0.40504,0.998936,12.39,-9.31,48.09,Noise,Right
1707209311796,0.150304,0.43188,0.999424,39.27,-33.6,32.34,Noise,Right
1707209311796,0.146888,0.399184,1.032608,47.04,-64.61,-2.24,Noise,Right
1707209311796,0.211304,0.429928,1.021384,70.56,-97.58,-38.57,Noise,Right
1707209311846,0.19032,0.490928,0.96624,86.03,-121.52,-69.44,Noise,Right
1707209311846,0.183976,0.474824,0.889624,102.55,-139.51,-90.86,Noise,Right
1707209311890,0.275232,0.595848,0.628056,166.25,-134.05,-96.74,Noise,Right
1707209311890,0.363072,0.659288,0.726632,209.23,-101.36,-89.32,Noise,Right
1707209311890,0.421144,0.737368,0.804712,164.92,-77.98,-81.41,Noise,Right
1707209311947,0.354776,0.753472,0.77348,136.99,-69.93,-56.84,Noise,Right
1707209311947,0.28792,0.757864,0.660264,111.09,-66.71,-36.82,Noise,Right
1707209311948,0.278648,0.760792,0.60024,79.52,-59.64,-25.34,Noise,Right
1707209312001,0.312808,0.687592,0.550952,73.71,-48.23,-20.51,Noise,Right
1707209312001,0.316224,0.637816,0.468968,69.02,-33.95,-23.66,Noise,Right
1707209312001,0.37088,0.72956,0.457744,41.09,-16.38,-26.6,Noise,Right
1707209312002,0.388448,0.78324,0.443592,9.03,-12.74,-12.74,Noise,Right
1707209312050,0.416752,0.774456,0.612928,-65.03,-15.89,-2.87,Noise,Right
1707209312050,0.373808,0.76616,0.727608,-122.29,-14.14,-2.17,Noise,Right
1707209312093,0.2806,0.703208,0.754936,-120.75,-6.23,-7.7,Noise,Right
1707209312093,0.262056,0.675392,0.768112,-125.23,-11.76,-17.99,Noise,Right
1707209312094,0.40748,0.58804,0.747128,5.6,-43.61,-22.26,Noise,Right
1707209312153,0.326472,0.560224,0.717848,85.33,-114.31,-44.45,Noise,Right
1707209312153,0.317688,0.62464,0.6588,155.68,-160.3,-58.8,Noise,Right
1707209312153,0.296704,0.77836,0.581696,178.78,-167.3,-58.31,Noise,Right
1707209312205,0.325984,0.955504,0.542168,157.01,-131.81,-49.42,Noise,Right
1707209312205,0.475312,1.082384,0.584136,100.73,-65.8,-28.35,Noise,Right
1707209312205,0.650016,1.059448,0.632936,26.39,22.68,-0.91,Noise,Right
1707209312205,0.420168,0.79788,0.598776,-4.9,59.22,15.26,Noise,Right
1707209312254,0.161528,0.691984,0.492392,16.52,53.34,12.67,Noise,Right
1707209312254,0.038552,0.669536,0.432368,49.56,23.59,2.17,Noise,Right
1707209312369,0.150304,0.76372,0.342088,78.12,-6.23,-7.07,Noise,Right
1707209312369,0.293776,0.863272,0.338184,99.68,-31.92,-13.44,Noise,Right
1707209312369,0.474336,0.89792,0.367952,95.48,-44.52,-18.13,Noise,Right
1707209312370,0.514352,0.959408,0.376248,64.75,-31.92,-22.4,Noise,Right
1707209312370,0.548512,0.972096,0.37576,50.96,-6.65,-23.03,Noise,Right
1707209312370,0.438712,0.8784,0.30988,27.86,20.37,-26.18,Noise,Right
1707209312370,0.39528,0.791536,0.260592,30.87,45.36,-27.3,Noise,Right
1707209312423,0.340136,0.802272,0.240584,107.87,72.52,-20.16,Noise,Right
1707209312423,0.203008,0.996496,0.278648,79.24,74.55,-9.03,Noise,Right
1707209312423,0.369904,0.98088,0.188856,5.04,47.18,16.52,Noise,Right
1707209312469,0.3538,0.93452,0.240584,-34.65,27.3,33.88,Noise,Right
1707209312470,0.332816,0.9272,0.264496,-45.57,20.93,35.42,Noise,Right
1707209312470,0.2928,0.898408,0.296704,-59.08,24.01,27.72,Noise,Right
1707209312532,0.337696,0.860344,0.338672,-69.93,33.74,25.27,Noise,Right
1707209312533,0.310856,0.855952,0.305976,-90.86,48.09,27.65,Noise,Right
1707209312533,0.30988,0.811056,0.386984,-145.67,57.54,25.13,Noise,Right
1707209312642,0.345504,0.914024,0.458232,-115.5,66.29,27.79,Noise,Right
1707209312642,0.487024,0.899872,0.650504,-58.38,72.45,26.32,Noise,Right
1707209312642,0.352824,0.840336,0.676856,-50.4,64.47,14.0,Noise,Right
1707209312642,0.293776,0.650016,0.665144,-24.92,47.67,-2.73,Noise,Right
1707209312642,0.183488,0.66124,0.611464,-21.56,27.09,-25.27,Noise,Right
1707209312643,0.174216,0.789096,0.603656,0.49,6.37,-33.32,Noise,Right
1707209312643,0.238144,0.791536,0.589992,12.04,-10.36,-18.41,Noise,Right
1707209312686,0.258152,0.815448,0.60024,5.46,-19.67,0.56,Noise,Right
1707209312686,0.274256,0.790072,0.637816,5.46,-20.37,10.85,Noise,Right
1707209312686,0.321104,0.776408,0.66856,24.78,-21.7,6.44,Noise,Right
1707209312735,0.321592,0.794464,0.661728,45.78,-27.3,-8.82,Noise,Right
1707209312735,0.320616,0.80032,0.60024,75.88,-34.58,-26.67,Noise,Right
1707209312735,0.330376,0.848632,0.535824,88.62,-39.48,-35.35,Noise,Right
1707209312881,0.343552,0.913048,0.480192,92.26,-42.35,-35.07,Noise,Right
1707209312881,0.36844,0.879376,0.433344,89.18,-44.73,-28.21,Noise,Right
1707209312881,0.348432,0.91988,0.305976,70.14,-42.07,-25.06,Noise,Right
1707209312881,0.298168,0.78568,0.306464,39.48,-39.13,-22.4,Noise,Right
1707209312881,0.34404,0.864248,0.315248,38.01,-32.62,-23.24,Noise,Right
1707209312881,0.285968,0.852536,0.39528,33.39,-47.53,-14.7,Noise,Right
1707209312881,0.2318,0.872056,0.452864,37.31,-58.52,-8.12,Noise,Right
1707209312934,0.21716,0.864736,0.479216,44.31,-52.85,-4.69,Noise,Right
1707209312934,0.24644,0.876448,0.386496,39.41,-29.19,-7.56,Noise,Right
1707209312935,0.272792,0.85888,0.403088,25.83,-5.39,-11.76,Noise,Right
1707209312935,0.267912,0.897432,0.399184,3.29,25.34,-6.16,Noise,Right
1707209312935,0.276696,0.87108,0.415776,-14.21,44.24,6.3,Noise,Right
1707209312980,0.267912,0.87352,0.435296,-27.09,51.38,16.52,Noise,Right
1707209312981,0.277184,0.853512,0.45628,54.18,49.91,23.87,Noise,Right
1707209313027,0.241072,0.857904,0.415776,135.73,33.88,16.31,Noise,Right
1707209313027,0.245952,0.908168,0.38308,169.82,-1.96,10.08,Noise,Right
1707209313027,0.3294,0.960384,0.321592,205.38,-28.77,9.87,Noise,Right
1707209313073,0.404552,0.982832,0.215696,226.59,-41.65,4.34,Noise,Right
1707209313075,0.406992,0.981856,0.10736,208.6,-38.15,-10.5,Noise,Right
1707209313075,0.39772,0.959896,0.003416,177.1,-23.38,-28.84,Noise,Right
1707209313118,0.341112,0.968192,-0.120048,145.46,-4.76,-35.7,Noise,Right
1707209313118,0.313296,0.951112,-0.177144,109.06,11.48,-32.06,Noise,Right
1707209313118,0.233752,0.912072,-0.20008,42.28,15.05,-21.28,Noise,Right
1707209313178,0.205448,0.950624,-0.160552,10.29,16.45,-7.28,Noise,Right
1707209313178,0.218624,0.98088,-0.099064,8.61,16.73,2.87,Noise,Right
1707209313229,0.240096,0.97112,-0.055144,27.16,17.08,3.78,Noise,Right
1707209313229,0.247904,0.97844,-0.021472,34.09,14.63,1.54,Noise,Right
1707209313229,0.235704,0.9882,-0.0122,49.07,9.17,1.12,Noise,Right
1707209313229,0.203008,0.923296,-0.032208,2.94,2.45,-4.34,Noise,Right
1707209313278,0.31964,0.986736,-0.083936,60.34,4.41,0.07,Noise,Right
1707209313279,0.273768,0.964776,-0.089792,47.53,-8.89,18.2,Noise,Right
1707209313279,0.25864,1.050176,-0.162016,67.62,-7.42,29.82,Noise,Right
1707209313408,0.263032,0.99552,-0.227896,150.85,10.57,45.29,Noise,Right
1707209313409,0.3416,0.913536,-0.230824,104.79,25.76,50.61,Noise,Right
1707209313409,0.3538,0.899384,-0.199104,53.2,35.7,53.06,Noise,Right
1707209313409,0.3904,0.890112,-0.16592,30.52,39.06,51.1,Noise,Right
1707209313409,0.429928,0.842288,-0.108824,-3.08,31.64,42.84,Noise,Right
1707209313409,0.424072,0.88572,-0.144936,-39.2,17.5,32.06,Noise,Right
1707209313409,0.439688,0.929152,-0.17812,-25.97,7.28,23.66,Noise,Right
1707209313461,0.426024,0.892552,-0.183488,-14.35,2.59,13.37,Noise,Right
1707209313461,0.399672,0.857416,-0.183976,-5.88,1.82,2.31,Noise,Right
1707209313461,0.416752,0.86132,-0.21228,-1.26,2.8,-6.93,Noise,Right
1707209313461,0.41724,0.89548,-0.1952,2.66,5.74,-14.63,Noise,Right
1707209313514,0.433832,0.903776,-0.154208,1.47,5.46,-20.51,Noise,Right
1707209313514,0.404552,0.91988,-0.131272,-1.68,1.4,-23.66,Noise,Right
1707209313514,0.366488,0.91012,-0.121512,4.9,-4.83,-22.82,Noise,Right
1707209313617,0.351848,0.910608,-0.123464,6.51,-9.52,-18.69,Noise,Right
1707209313617,0.359168,0.938912,-0.123464,3.43,-10.15,-13.16,Noise,Right
1707209313617,0.361608,0.943792,-0.115656,7.84,-7.84,-7.77,Noise,Right
1707209313617,0.363072,0.928176,-0.12444,6.93,-5.18,-4.76,Noise,Right
1707209313617,0.36112,0.91256,-0.133712,6.37,-3.08,-4.27,Noise,Right
1707209313617,0.36112,0.920368,-0.147864,5.04,-2.8,-6.93,Noise,Right
1707209313666,0.376736,0.928664,-0.169824,7.84,-3.29,-9.17,Noise,Right
1707209313668,0.372832,0.926224,-0.1708,12.95,-6.51,-9.87,Noise,Right
1707209313669,0.374784,0.89792,-0.189832,16.66,-11.27,-9.45,Noise,Right
1707209313713,0.375272,0.891088,-0.196176,11.06,-14.91,-9.1,Noise,Right
1707209313713,0.381616,0.906216,-0.191296,8.47,-14.91,-8.05,Noise,Right
1707209313759,0.379176,0.923784,-0.203984,1.68,-11.55,-9.24,Noise,Right
1707209313759,0.362096,0.915976,-0.198616,-3.01,-5.25,-11.27,Noise,Right
1707209313759,0.35868,0.910608,-0.170312,-8.75,0.07,-13.16,Noise,Right
1707209313806,0.350384,0.928176,-0.152256,-14.98,3.57,-13.51,Noise,Right
1707209313807,0.342088,0.93696,-0.127856,-14.0,4.69,-11.34,Noise,Right
1707209313807,0.327448,0.939888,-0.095648,-10.15,2.87,-7.21,Noise,Right
1707209313852,0.33916,0.945256,-0.113216,-3.78,-0.7,-3.57,Noise,Right
1707209313852,0.350384,0.936472,-0.134688,1.19,-3.57,-2.24,Noise,Right
1707209313852,0.34892,0.925248,-0.146888,5.46,-4.34,-2.8,Noise,Right
1707209313900,0.33916,0.924272,-0.170312,4.76,-3.78,-4.13,Noise,Right
1707209313900,0.333304,0.921832,-0.18056,3.01,-2.45,-3.85,Noise,Right
1707209313947,0.339648,0.927688,-0.181536,-0.7,-0.84,-2.45,Noise,Right
1707209313947,0.361608,0.931592,-0.154208,-3.29,-0.98,0.14,Noise,Right
1707209313947,0.371856,0.939888,-0.133224,-3.99,-2.1,1.68,Noise,Right
1707209313996,0.374296,0.92964,-0.143472,-0.91,-3.71,0.07,Noise,Right
1707209313996,0.363072,0.911584,-0.140544,1.54,-5.6,-5.11,Noise,Right
1707209313996,0.348432,0.918904,-0.143472,3.15,-6.37,-7.84,Noise,Right
1707209314123,0.33672,0.93696,-0.137128,1.96,-6.23,-7.0,Noise,Right
1707209314123,0.32452,0.941352,-0.135664,0.63,-4.69,-3.01,Noise,Right
1707209314123,0.327936,0.93696,-0.148352,-1.75,-2.31,0.42,Noise,Right
1707209314123,0.350872,0.934032,-0.14396,-3.57,0.7,2.31,Noise,Right
1707209314123,0.361608,0.93696,-0.125904,-2.24,1.26,2.45,Noise,Right
1707209314123,0.35868,0.926224,-0.130296,1.4,-0.49,0.84,Noise,Right
1707209314123,0.35624,0.913048,-0.150304,5.81,-3.43,-1.82,Noise,Right
1707209314180,0.369904,0.918904,-0.169336,4.62,-5.74,-3.92,Noise,Right
1707209314180,0.374296,0.918416,-0.183488,-4.83,-5.95,-5.74,Noise,Right
1707209314180,0.354288,0.906216,-0.172752,-9.73,-2.8,-5.39,Noise,Right
1707209314180,0.368928,0.865224,-0.169824,-12.88,4.41,-3.15,Noise,Right
1707209314228,0.34892,0.865224,-0.20252,-44.24,9.87,-1.4,Noise,Right
1707209314229,0.398696,0.901824,-0.210816,-112.7,11.97,0.63,Noise,Right
1707209314229,0.372832,0.976976,-0.13176,-168.21,14.0,4.62,Noise,Right
1707209314273,0.352824,0.99796,-0.005856,-208.39,17.71,13.23,Noise,Right
1707209314273,0.377712,0.981368,0.146888,-221.69,30.59,24.78,Noise,Right
1707209314319,0.425536,0.955016,0.188856,-208.32,53.76,33.11,Noise,Right
1707209314319,0.472872,0.937448,0.22692,-180.11,82.32,34.65,Noise,Right
1707209314319,0.525576,0.935984,0.348432,-174.02,104.58,30.8,Noise,Right
1707209314365,0.402112,0.927688,0.417728,-130.06,111.44,29.54,Noise,Right
1707209314365,0.365512,0.874496,0.478728,-102.83,98.56,28.28,Noise,Right
1707209314365,0.369416,0.84424,0.43676,-96.74,72.03,17.71,Noise,Right
1707209314415,0.381128,0.877912,0.437736,-62.02,39.55,12.04,Noise,Right
1707209314416,0.42944,0.891576,0.400648,-14.28,-0.14,11.34,Noise,Right
1707209314416,0.3782,0.816912,0.425536,20.37,-41.65,7.07,Noise,Right
1707209314459,0.35136,0.813984,0.394792,32.34,-66.64,-9.45,Noise,Right
1707209314459,0.338184,0.833504,0.378688,48.86,-73.01,-20.23,Noise,Right
1707209314508,0.329888,0.835456,0.31964,52.36,-66.57,-24.29,Noise,Right
1707209314508,0.333792,0.834968,0.283528,39.34,-52.64,-23.17,Noise,Right
1707209314508,0.34892,0.835944,0.266936,21.91,-33.81,-17.71,Noise,Right
1707209314630,0.367464,0.84424,0.276696,4.34,-14.49,-6.23,Noise,Right
1707209314630,0.373808,0.856928,0.262056,-12.46,2.8,4.06,Noise,Right
1707209314630,0.384544,0.857904,0.289384,-31.22,11.97,7.63,Noise,Right
1707209314630,0.403576,0.857416,0.350872,-41.65,14.91,5.46,Noise,Right
1707209314630,0.425048,0.859368,0.447008,-36.47,12.88,1.05,Noise,Right
1707209314630,0.393816,0.863272,0.493856,-19.74,9.8,-7.07,Noise,Right
1707209314631,0.362096,0.866688,0.495808,-0.07,3.29,-10.92,Noise,Right
1707209314675,0.360144,0.87108,0.473848,14.21,-10.92,-6.02,Noise,Right
1707209314677,0.356728,0.862296,0.44408,26.74,-22.19,2.73,Noise,Right
1707209314677,0.347456,0.862296,0.410896,33.11,-28.84,10.36,Noise,Right
1707209314727,0.354776,0.873032,0.37332,35.0,-33.39,18.27,Noise,Right
1707209314731,0.393328,0.868152,0.34892,32.41,-34.79,23.66,Noise,Right
1707209314756,0.438224,0.860344,0.301584,33.11,-29.54,21.91,Noise,Right
1707209314778,0.4392,0.84912,0.272792,30.45,-21.91,12.81,Noise,Right
1707209314778,0.419192,0.859856,0.252296,26.74,-16.38,4.41,Noise,Right
1707209314778,0.4148,0.844728,0.214232,21.84,-15.54,1.75,Noise,Right
1707209314843,0.430416,0.844728,0.198616,13.09,-13.02,-1.26,Noise,Right
1707209314843,0.450424,0.854,0.223016,-7.28,-6.93,-5.25,Noise,Right
1707209314843,0.623664,0.816912,0.30256,-0.77,-5.11,-10.15,Noise,Right
1707209314843,0.479216,0.838872,0.298656,16.03,0.91,-21.14,Noise,Right
1707209314897,0.434808,0.845704,0.347944,-9.03,-1.12,-33.74,Noise,Right
1707209314897,0.420656,0.864736,0.350872,1.68,-7.77,-29.4,Noise,Right
1707209314897,0.396744,0.881816,0.342088,-1.05,-12.6,-20.16,Noise,Right
1707209315026,0.381128,0.869128,0.340136,-6.58,-14.7,-9.24,Noise,Right
1707209315027,0.371856,0.867176,0.330864,-2.73,-12.25,-1.26,Noise,Right
1707209315027,0.374296,0.867664,0.32208,2.24,-8.82,5.46,Noise,Right
1707209315027,0.404552,0.863272,0.30744,1.82,-6.37,10.22,Noise,Right
1707209315027,0.422608,0.860832,0.308416,1.26,-3.36,13.09,Noise,Right
1707209315027,0.432856,0.858392,0.289872,2.1,-0.35,13.16,Noise,Right
1707209315028,0.439688,0.85888,0.290848,5.95,1.47,11.48,Noise,Right
1707209315083,0.464576,0.869128,0.289384,7.35,1.75,9.03,Noise,Right
1707209315084,0.460672,0.877424,0.286456,-2.1,0.49,5.81,Noise,Right
1707209315084,0.469456,0.855952,0.299632,-7.28,-0.84,1.68,Noise,Right
1707209315084,0.475312,0.858392,0.300608,-5.88,-0.56,-0.56,Noise,Right
1707209315153,0.455792,0.852048,0.30012,-5.74,1.82,-3.01,Noise,Right
1707209315155,0.42944,0.832528,0.301096,-2.03,4.27,-4.48,Noise,Right
1707209315155,0.40748,0.828624,0.296704,-0.49,5.88,-4.2,Noise,Right
1707209315155,0.403576,0.830576,0.305,-2.94,6.37,-1.89,Noise,Right
1707209315205,0.410896,0.82472,0.309392,-4.76,4.76,1.82,Noise,Right
1707209315205,0.401136,0.831064,0.313784,-2.17,0.63,4.97,Noise,Right
1707209315205,0.39284,0.827648,0.286944,1.89,-3.08,5.88,Noise,Right
1707209315253,0.427488,0.82472,0.28792,4.41,-6.23,4.76,Noise,Right
1707209315253,0.450912,0.843752,0.301584,2.52,-8.05,4.06,Noise,Right
1707209315253,0.460672,0.854488,0.321104,-2.59,-6.86,2.45,Noise,Right
1707209315299,0.479216,0.86132,0.34892,-5.25,-2.94,1.26,Noise,Right
1707209315299,0.477264,0.87352,0.359168,-7.98,2.1,0.7,Noise,Right
1707209315299,0.466528,0.873032,0.37332,-8.33,6.51,1.47,Noise,Right
1707209315346,0.452376,0.867664,0.367464,-7.28,7.35,2.73,Noise,Right
1707209315346,0.444568,0.857416,0.364048,-4.69,4.69,2.8,Noise,Right
1707209315346,0.441152,0.842288,0.354776,0.42,0.14,1.4,Noise,Right
1707209315393,0.430904,0.8296,0.332328,4.69,-2.73,-0.63,Noise,Right
1707209315393,0.41724,0.811056,0.321104,5.39,-3.85,-1.05,Noise,Right
1707209315440,0.407968,0.813984,0.298168,3.01,0.35,1.82,Noise,Right
1707209315441,0.40016,0.787632,0.284504,-2.03,10.08,7.98,Noise,Right
1707209315441,0.353312,0.793976,0.2318,-16.8,29.47,15.33,Noise,Right
1707209315486,0.286944,0.79544,0.222528,-31.36,50.61,27.93,Noise,Right
1707209315486,0.393816,0.831064,0.32452,-69.16,69.37,42.14,Noise,Right
1707209315486,0.556808,0.855464,0.394792,-34.37,88.41,60.97,Noise,Right
1707209315533,0.565592,0.790072,0.440176,-56.7,97.02,68.81,Noise,Right
1707209315533,0.530456,0.833504,0.489952,-100.24,93.66,64.26,Noise,Right
1707209315534,0.4758,0.77348,0.535824,-65.59,76.37,57.96,Noise,Right
1707209315578,0.476288,0.725168,0.542168,-30.87,53.41,41.3,Noise,Right
1707209315578,0.486536,0.712968,0.554856,-7.49,26.74,22.05,Noise,Right
1707209315633,0.49288,0.709064,0.589992,8.54,0.63,4.97,Noise,Right
1707209315633,0.529968,0.691496,0.628056,2.59,-18.62,-7.28,Noise,Right
1707209315633,0.523624,0.740296,0.60756,-0.98,-24.57,-7.14,Noise,Right
1707209315688,0.511912,0.7442,0.554856,1.61,-18.69,-1.68,Noise,Right
1707209315688,0.51484,0.742248,0.555832,-2.45,-8.19,1.54,Noise,Right
1707209315688,0.498736,0.7442,0.580232,-8.26,-0.28,1.4,Noise,Right
1707209315688,0.479216,0.740784,0.59292,-2.59,2.52,-0.49,Noise,Right
1707209315740,0.49776,0.741272,0.578768,3.5,-0.91,-3.01,Noise,Right
1707209315740,0.489464,0.733952,0.582672,7.77,-7.07,-6.02,Noise,Right
1707209315740,0.482632,0.736392,0.560712,15.05,-14.77,-7.98,Noise,Right
1707209315868,0.48556,0.73688,0.532896,18.69,-19.88,-8.82,Noise,Right
1707209315868,0.47824,0.728584,0.503128,15.54,-20.86,-8.82,Noise,Right
1707209315868,0.469456,0.72468,0.482632,12.74,-18.34,-7.56,Noise,Right
1707209315868,0.475312,0.726632,0.50264,7.14,-13.51,-4.76,Noise,Right
1707209315868,0.481168,0.728096,0.503128,3.29,-8.68,-1.19,Noise,Right
1707209315868,0.47336,0.72224,0.508496,2.66,-4.83,0.7,Noise,Right
1707209315868,0.489952,0.72224,0.514352,3.71,-1.54,-0.35,Noise,Right
1707209315924,0.498248,0.73444,0.51484,3.43,1.26,-1.68,Noise,Right
1707209315924,0.491416,0.733464,0.513376,3.15,1.05,-2.17,Noise,Right
1707209315925,0.491416,0.733464,0.50752,6.09,-3.36,-2.59,Noise,Right
1707209316043,0.484096,0.73444,0.501664,7.77,-8.82,-4.48,Noise,Right
1707209316044,0.477752,0.738344,0.49044,10.71,-13.16,-5.88,Noise,Right
1707209316044,0.489464,0.738344,0.504104,11.48,-15.47,-5.46,Noise,Right
1707209316044,0.491416,0.74664,0.511912,10.78,-16.8,-2.59,Noise,Right
1707209316044,0.501664,0.747128,0.508496,12.11,-16.52,0.14,Noise,Right
1707209316045,0.506544,0.7442,0.490928,11.55,-14.21,-0.7,Noise,Right
1707209316045,0.51728,0.745176,0.488976,10.43,-9.45,-3.43,Noise,Right
1707209316092,0.509472,0.74908,0.492392,7.0,-5.25,-5.88,Noise,Right
1707209316093,0.501176,0.7442,0.491904,3.92,-3.43,-6.3,Noise,Right
1707209316093,0.49044,0.743224,0.494344,1.75,-2.38,-5.88,Noise,Right
1707209316147,0.484096,0.739808,0.488976,3.43,-3.01,-5.88,Noise,Right
1707209316148,0.477264,0.737368,0.488488,3.57,-4.41,-6.65,Noise,Right
1707209316148,0.475312,0.733464,0.486536,6.02,-6.58,-6.93,Noise,Right
1707209316200,0.478728,0.73688,0.482632,7.98,-8.19,-6.37,Noise,Right
1707209316200,0.464576,0.74176,0.466528,8.54,-8.68,-4.97,Noise,Right
1707209316200,0.455304,0.751032,0.457744,6.93,-7.63,-2.8,Noise,Right
1707209316201,0.469944,0.759816,0.464088,3.57,-6.79,0.21,Noise,Right
1707209316248,0.48556,0.750544,0.481168,1.4,-6.23,2.52,Noise,Right
1707209316248,0.488976,0.754448,0.484584,-0.14,-4.41,0.77,Noise,Right
1707209316293,0.458232,0.767136,0.485072,-0.91,-3.71,-0.56,Noise,Right
1707209316293,0.542656,0.703208,0.546072,-43.96,-9.17,-4.41,Noise,Right
1707209316293,0.501664,0.824232,0.51972,-26.04,-18.97,-1.26,Noise,Right
1707209316339,0.515816,0.862296,0.530944,-3.71,-24.22,-1.61,Noise,Right
1707209316339,0.519232,0.899384,0.608048,0.21,-32.2,-6.23,Noise,Right
1707209316339,0.522648,1.05408,0.701256,-6.16,-68.81,-4.13,Noise,Right
1707209316385,0.622688,1.23708,0.748104,38.64,-76.51,19.53,Noise,Right
1707209316385,0.755912,1.365912,0.731024,53.55,-97.23,63.91,Noise,Right
1707209316385,0.919392,1.304912,0.768112,91.07,-102.55,106.4,Noise,Right
1707209316431,1.086288,1.341024,0.675392,94.78,-84.0,122.85,Noise,Right
1707209316432,1.152168,1.278072,0.610488,101.78,-53.83,118.37,Noise,Right
1707209316481,1.090192,1.108248,0.702232,112.91,-38.01,103.67,Noise,Right
1707209316481,0.877424,0.82472,0.755424,58.94,-60.62,94.71,Noise,Right
1707209316481,0.78568,0.972096,0.587552,45.85,-105.21,111.16,Noise,Right
1707209316591,0.611464,0.79544,0.464576,110.04,-154.56,149.38,Noise,Right
1707209316591,0.474824,0.654896,0.319152,141.96,-183.75,164.43,Noise,Right
1707209316592,0.310368,0.591456,0.226432,156.31,-181.93,144.55,Noise,Right
1707209316592,0.250344,0.447008,0.166408,211.68,-167.44,102.83,Noise,Right
1707209316592,0.322568,0.40504,0.105896,223.44,-142.8,67.97,Noise,Right
1707209316593,0.433344,0.365512,0.015128,227.22,-126.21,68.32,Noise,Right
1707209316593,0.550952,0.310856,-0.128832,209.79,-117.25,95.9,Noise,Right
1707209316687,0.717848,0.001952,-0.276696,174.65,-112.35,106.68,Noise,Right
1707209316688,0.73932,0.070272,-0.396256,147.7,-103.46,92.82,Noise,Right
1707209316688,0.732,-0.01952,-0.409432,124.11,-76.51,64.82,Noise,Right
1707209316688,0.660264,-0.070272,-0.3782,100.8,-44.94,36.4,Noise,Right
1707209316688,0.468968,-0.101016,-0.322568,75.32,-6.16,14.7,Noise,Right
1707209316790,0.225456,-0.052704,-0.14152,49.14,24.22,25.69,Noise,Right
1707209316790,-0.119072,0.055144,-0.054656,29.61,37.52,59.15,Noise,Right
1707209316790,-0.4514,0.069784,-0.000976,44.45,38.57,86.24,Noise,Right
1707209316790,-0.542656,0.034648,-0.01708,73.15,40.95,90.16,Noise,Right
1707209316791,-0.347944,-0.006344,-0.15372,95.55,49.07,85.47,Noise,Right
1707209316791,-0.040016,-0.044408,-0.498736,94.71,62.02,98.63,Noise,Right
1707209316836,0.327448,-0.112728,-0.49044,66.29,77.0,116.97,Noise,Right
1707209316836,0.747128,-0.220088,-0.49044,34.02,77.56,123.83,Noise,Right
1707209316836,1.28588,-0.303048,-0.433344,11.76,61.95,115.78,Noise,Right
1707209316887,1.649928,-0.349408,-0.277672,-11.9,31.22,98.42,Noise,Right
1707209316888,1.89344,-0.30988,-0.191296,-17.64,-1.05,84.21,Noise,Right
1707209316888,2.0008,-0.283528,-0.24888,-19.74,-1.33,59.43,Noise,Right
1707209316997,1.965664,-0.185928,-0.230336,-24.99,20.37,21.42,Noise,Right
1707209316997,1.669448,-0.091744,-0.223992,-20.44,49.56,-17.36,Noise,Right
1707209316997,1.410808,-0.040016,-0.18544,-16.87,69.79,-39.76,Noise,Right
1707209316997,1.196088,0.007808,-0.18544,-21.49,80.85,-38.29,Noise,Right
1707209316997,1.04676,0.021472,-0.17568,-25.69,73.92,-27.16,Noise,Right
1707209316997,0.982832,0.016592,-0.182024,-30.1,50.12,-18.13,Noise,Right
1707209317097,0.938424,0.016104,-0.25132,-29.75,10.22,-12.32,Noise,Right
1707209317098,0.9394,0.016592,-0.271328,-30.52,-16.94,-13.23,Noise,Right
1707209317098,0.969656,0.003904,-0.206424,-24.01,-19.53,-6.09,Noise,Right
1707209317098,0.981368,0.017568,-0.171776,-16.24,7.14,7.56,Noise,Right
1707209317098,1.04432,0.006344,-0.128832,-14.77,29.89,22.19,Noise,Right
1707209317098,1.06872,-0.027328,-0.05124,-14.21,35.42,25.34,Noise,Right
1707209317150,1.042368,-0.006832,-0.03416,-10.29,19.81,17.43,Noise,Right
1707209317150,1.026752,-0.017568,-0.044408,-4.48,-8.26,6.79,Noise,Right
1707209317150,1.008208,-0.015616,-0.0732,-0.63,-28.14,3.01,Noise,Right
1707209317283,1.041392,-0.023912,-0.0854,5.74,-30.31,3.71,Noise,Right
1707209317285,1.081408,-0.047336,-0.11468,8.26,-10.92,-0.14,Noise,Right
1707209317286,1.081408,-0.025376,-0.105408,8.96,14.7,-6.37,Noise,Right
1707209317287,1.046272,-0.019032,-0.1098,7.56,32.27,-5.04,Noise,Right
1707209317287,1.04432,-0.018056,-0.088816,3.36,33.11,-1.75,Noise,Right
1707209317287,1.012112,-0.020008,-0.089304,0.77,15.54,-2.17,Noise,Right
1707209317288,0.987224,-0.008296,-0.094672,1.26,-4.13,-3.85,Noise,Right
1707209317336,1.001376,-0.011712,-0.122488,3.64,-14.98,-0.98,Noise,Right
1707209317336,0.990152,-0.023424,-0.12688,4.9,-9.1,-0.49,Noise,Right
1707209317336,0.998936,-0.02196,-0.103456,4.48,9.59,-0.77,Noise,Right
1707209317336,1.007232,-0.012688,-0.069296,1.96,32.9,2.52,Noise,Right
1707209317380,1.118984,-0.106384,-0.190808,8.96,5.95,9.24,Noise,Right
1707209317388,0.991128,-0.05612,-0.084424,-19.11,12.04,6.86,Noise,Right
1707209317389,0.984296,-0.056608,-0.027328,-13.37,9.31,5.25,Noise,Right
1707209317428,0.982832,-0.03904,0.019032,-5.6,6.44,3.71,Noise,Right
1707209317428,1.003816,-0.031232,0.035624,9.31,1.82,3.57,Noise,Right
1707209317428,1.0126,-0.029768,-0.028792,19.18,-3.36,3.78,Noise,Right
1707209317483,1.005768,-0.046848,-0.093208,14.42,-4.2,3.36,Noise,Right
1707209317483,1.040904,-0.034648,-0.101992,6.65,-3.85,3.01,Noise,Right
1707209317541,1.006744,-0.05612,-0.105896,2.59,-1.4,2.59,Noise,Right
1707209317541,0.925736,-0.0366,-0.11468,1.19,0.28,2.52,Noise,Right
1707209317541,1.011136,-0.0488,-0.10248,1.54,2.03,1.96,Noise,Right
1707209317541,0.88328,-0.076616,-0.06588,-1.26,3.78,-0.84,Noise,Right
1707209317609,1.113616,-0.040016,0.008784,-6.72,3.71,-3.78,Noise,Right
1707209317609,0.865224,-0.039528,-0.006832,-4.13,2.03,-3.57,Noise,Right
1707209317609,0.843264,0.002928,0.0366,-0.42,3.64,-3.78,Noise,Right
1707209317609,1.097512,-0.020496,0.085888,4.13,-2.87,-6.58,Noise,Right
1707209317660,1.102392,-0.023912,0.084424,-17.71,-13.86,-5.04,Noise,Right
1707209317660,1.02236,-0.089792,-0.01464,4.34,-22.12,-6.23,Noise,Right
1707209317660,0.994544,-0.061,-0.020008,2.73,-25.34,-6.86,Noise,Right
1707209317709,0.972096,-0.032208,-0.034648,-2.45,-27.16,-7.77,Noise,Right
1707209317709,1.003816,-0.022448,-0.116144,0.07,-29.47,-8.33,Noise,Right
1707209317709,1.051152,-0.043432,-0.168848,16.94,-30.1,-6.72,Noise,Right
1707209317752,0.540704,-0.093696,-0.19032,5.18,-20.72,-8.96,Noise,Right
1707209317752,0.936472,-0.081008,-0.169336,-1.89,-12.53,-12.67,Noise,Right
1707209317752,1.21756,-0.119072,-0.046848,-3.15,-9.87,-14.07,Noise,Right
1707209317800,1.213168,-0.097112,-0.037576,10.71,-21.35,-16.52,Noise,Right
1707209317800,1.030168,0.063928,-0.087352,7.84,-28.35,-14.35,Noise,Right
1707209317800,0.992592,0.055144,-0.194712,12.53,-27.44,-9.66,Noise,Right
1707209317846,0.996496,-0.000976,-0.312808,10.22,-22.19,-6.37,Noise,Right
1707209317846,1.013576,-0.100528,-0.37332,4.97,-11.62,-6.44,Noise,Right
1707209317911,1.01748,-0.179096,-0.419192,-3.85,2.59,-14.0,Noise,Right
1707209317911,0.956968,-0.336232,-0.41724,-19.53,24.99,-29.19,Noise,Right
1707209317911,1.133624,-0.369416,-0.238632,-28.42,40.53,-49.84,Noise,Right
1707209318018,1.767048,-0.241072,-0.198616,-62.79,43.75,-78.33,Noise,Right
1707209318018,1.743624,-0.301096,-0.221552,-52.08,52.78,-104.02,Noise,Right
1707209318019,1.602104,-0.177144,-0.22204,-84.21,83.93,-135.59,Noise,Right
1707209318019,1.372256,-0.13176,-0.113216,-107.03,115.57,-164.01,Noise,Right
1707209318019,1.138992,-0.105896,-0.010736,-124.67,134.19,-197.54,Noise,Right
1707209318019,0.909144,-0.118096,0.03416,-129.64,134.4,-228.48,Noise,Right
1707209318019,0.660752,-0.07564,0.099552,-106.33,130.06,-248.85,Noise,Right
1707209318065,0.521184,-0.034648,0.124928,-102.62,132.3,-255.43,Noise,Right
1707209318065,0.435296,0.013176,0.194712,-99.47,142.03,-248.92,Noise,Right
1707209318065,0.390888,0.103944,0.191296,-108.15,158.76,-236.6,Noise,Right
1707209318112,0.313784,0.198616,0.145424,-126.56,180.81,-227.15,Noise,Right
1707209318112,0.250832,0.283528,0.096624,-151.69,204.82,-223.02,Noise,Right
1707209318112,0.22936,0.205448,0.147864,-176.68,222.95,-223.93,Noise,Right
1707209318159,0.168848,0.347944,0.238144,-228.27,228.9,-219.87,Noise,Right
1707209318159,0.069784,0.336232,0.44164,-247.52,237.37,-217.35,Noise,Right
1707209318159,0.036112,0.335744,0.620248,-244.93,235.41,-212.24,Noise,Right
1707209318203,-0.035624,0.294752,0.74908,-217.7,227.85,-203.49,Noise,Right
1707209318203,-0.0976,0.366,0.864736,-174.93,225.33,-187.6,Noise,Right
1707209318250,-0.154208,0.367464,0.93208,-152.67,228.69,-160.93,Noise,Right
1707209318250,-0.260592,0.35868,0.949648,-137.13,236.67,-137.76,Noise,Right
1707209318250,-0.333792,0.372344,0.971608,-123.55,244.09,-118.3,Noise,Right
1707209318297,-0.36112,0.389424,0.984296,-104.65,245.21,-101.36,Noise,Right
1707209318298,-0.415288,0.404064,0.946232,-96.67,237.72,-89.74,Noise,Right
1707209318298,-0.433832,0.393328,1.019432,-88.06,219.87,-82.18,Noise,Right
1707209318345,-0.552904,0.491904,1.042856,-59.08,192.22,-73.99,Noise,Right
1707209318345,-0.59292,0.463112,1.097024,-27.3,156.1,-61.39,Noise,Right
1707209318345,-0.61488,0.50996,1.04188,3.36,124.32,-48.02,Noise,Right
1707209318397,-0.59292,0.503616,1.012112,23.1,93.24,-31.29,Noise,Right
1707209318397,-0.54168,0.526064,0.992104,30.66,62.3,-17.92,Noise,Right
1707209318443,-0.494344,0.511424,0.970632,43.4,32.62,-5.11,Noise,Right
1707209318443,-0.504592,0.480192,0.943304,55.3,8.96,-2.87,Noise,Right
1707209318443,-0.528504,0.50752,0.861808,46.55,8.05,-8.75,Noise,Right
1707209318489,-0.51484,0.501664,0.872056,34.09,19.53,-13.02,Noise,Right
1707209318489,-0.476288,0.44164,0.908656,22.4,25.83,-11.9,Noise,Right
1707209318489,-0.508984,0.412848,0.95648,12.46,21.91,-9.17,Noise,Right
1707209318538,-0.589016,0.378688,1.026264,15.33,2.1,-8.33,Noise,Right
1707209318538,-0.611952,0.388448,1.016504,25.13,-18.97,-7.49,Noise,Right
1707209318538,-0.55876,0.382104,0.96136,30.73,-32.83,-1.75,Noise,Right
1707209318633,-0.485072,0.349408,0.920856,24.01,-39.9,3.64,Noise,Right
1707209318633,-0.5612,0.418216,0.959896,-2.87,-30.8,-7.35,Noise,Right
1707209318633,-0.734928,0.3294,1.12728,10.15,3.22,-28.07,Noise,Right
1707209318633,-0.667584,0.4148,1.000888,49.07,35.98,-32.13,Noise,Right
1707209318633,-0.611464,0.38552,0.860344,54.74,35.35,-6.23,Noise,Right
1707209318633,-0.49776,0.34648,0.763232,38.78,16.31,25.2,Noise,Right
1707209318737,-0.447008,0.347944,0.689544,18.62,-7.14,39.69,Noise,Right
1707209318737,-0.408456,0.353312,0.663192,11.41,-21.21,31.01,Noise,Right
1707209318737,-0.399184,0.369416,0.696864,7.07,-19.88,9.24,Noise,Right
1707209318737,-0.430416,0.38308,0.720288,-4.27,-1.89,-14.28,Noise,Right
1707209318737,-0.433832,0.375272,0.780312,-4.48,23.8,-26.39,Noise,Right
1707209318737,-0.40504,0.393328,0.834968,-9.1,42.49,-23.24,Noise,Right
1707209318783,-0.45628,0.371368,0.843752,-10.92,44.1,-5.46,Noise,Right
1707209318783,-0.486048,0.365512,0.830576,-27.44,30.1,9.66,Noise,Right
1707209318829,-0.499224,0.330376,0.83692,-23.24,11.69,16.94,Noise,Right
1707209318830,-0.537776,0.360144,0.821304,-16.03,-4.34,12.95,Noise,Right
1707209318830,-0.539728,0.38308,0.812032,-1.33,-12.39,4.69,Noise,Right
1707209318875,-0.528016,0.38796,0.798368,10.78,-14.49,-2.24,Noise,Right
1707209318875,-0.496296,0.393328,0.789584,15.33,-13.72,-1.33,Noise,Right
1707209318875,-0.45872,0.396744,0.80276,11.34,-11.41,3.01,Noise,Right
1707209318921,-0.461648,0.387472,0.796904,7.0,-10.57,5.67,Noise,Right
1707209318922,-0.465552,0.393328,0.781776,3.64,-7.63,4.55,Noise,Right
1707209318922,-0.488488,0.380152,0.797392,5.46,-3.43,-17.5,Noise,Right
1707209318975,-0.494832,0.379176,0.816424,6.02,-0.98,-2.38,Noise,Right
1707209318975,-0.498248,0.381128,0.8174,3.71,-2.94,-0.35,Noise,Right
1707209319019,-0.511912,0.385032,0.803736,1.61,-9.73,2.24,Noise,Right
1707209319019,-0.5124,0.40748,0.78568,-0.56,-18.27,2.66,Noise,Right
1707209319019,-0.537288,0.418216,0.791048,0.98,-25.34,1.47,Noise,Right
1707209319065,-0.521184,0.389424,0.816424,0.35,-26.46,-0.28,Noise,Right
1707209319065,-0.55144,0.325984,0.90768,-1.26,-21.21,0.07,Noise,Right
1707209319065,-0.659288,0.381128,1.008208,-8.33,-9.31,1.12,Noise,Right
1707209319119,-0.759328,0.410408,1.136552,-20.02,10.43,6.3,Noise,Right
1707209319119,-0.906704,0.374296,1.348344,-22.61,33.25,16.8,Noise,Right
1707209319119,-1.018944,0.380152,1.433256,-15.19,55.37,34.86,Noise,Right
1707209319245,-1.001376,0.398696,1.486936,11.2,76.58,59.85,Noise,Right
1707209319245,-0.977464,0.446032,1.336144,34.02,94.43,84.35,Noise,Right
1707209319245,-0.914512,0.433344,1.131672,57.47,102.62,102.34,Noise,Right
1707209319245,-0.742248,0.413824,0.96624,66.15,97.72,115.15,Noise,Right
1707209319245,-0.647088,0.391376,0.838384,65.87,78.82,121.1,Noise,Right
1707209319245,-0.565104,0.376736,0.681736,61.67,52.85,115.85,Noise,Right
1707209319245,-0.5124,0.399672,0.554368,53.55,22.75,108.85,Noise,Right
1707209319300,-0.453352,0.344528,0.51728,55.09,2.24,103.04,Noise,Right
1707209319300,-0.366976,0.346968,0.521672,47.46,-1.61,99.75,Noise,Right
1707209319300,-0.394792,0.375272,0.529968,41.23,19.39,94.64,Noise,Right
1707209319301,-0.346968,0.441152,0.499224,50.19,53.55,92.12,Noise,Right
1707209319345,-0.338184,0.490928,0.462624,45.99,82.67,95.13,Noise,Right
1707209319345,-0.29768,0.517768,0.45384,32.06,86.59,100.31,Noise,Right
1707209319346,-0.255712,0.529968,0.471896,15.75,72.45,102.34,Noise,Right
1707209319391,-0.227408,0.547536,0.508496,18.83,48.65,98.63,Noise,Right
1707209319392,-0.213744,0.537776,0.512888,36.05,27.23,86.45,Noise,Right
1707209319436,-0.197152,0.637328,0.462624,53.69,17.08,76.72,Noise,Right
1707209319437,-0.123952,0.701256,0.395768,58.1,11.62,75.25,Noise,Right
1707209319437,-0.069296,0.752008,0.344528,43.33,8.26,76.65,Noise,Right
1707209319483,-0.05124,0.755912,0.325496,29.4,8.12,71.68,Noise,Right
1707209319483,-0.0488,0.775432,0.331352,23.03,12.53,53.97,Noise,Right
1707209319483,-0.04636,0.781776,0.369904,28.42,17.85,36.89,Noise,Right
1707209319530,-0.077104,0.800808,0.367464,32.69,23.45,23.87,Noise,Right
1707209319530,-0.130784,0.818864,0.361608,27.02,28.49,16.52,Noise,Right
1707209319576,-0.185928,0.827648,0.391864,19.46,32.27,14.84,Noise,Right
1707209319576,-0.203496,0.840824,0.4026,12.95,29.47,19.39,Noise,Right
1707209319576,-0.221064,0.833992,0.402112,5.46,22.61,23.45,Noise,Right
1707209319628,-0.22692,0.842776,0.421144,1.75,17.92,21.56,Noise,Right
1707209319629,-0.223504,0.854976,0.443104,2.8,15.19,15.89,Noise,Right
1707209319629,-0.221064,0.887184,0.433832,5.32,11.48,10.71,Noise,Right
1707209319755,-0.231312,0.858392,0.444568,6.3,6.37,8.12,Noise,Right
1707209319757,-0.247904,0.886696,0.447984,7.49,4.13,6.51,Noise,Right
1707209319757,-0.232288,0.881328,0.419192,9.87,2.52,9.17,Noise,Right
1707209319757,-0.218136,0.882792,0.404552,5.88,1.61,12.46,Noise,Right
1707209319757,-0.202032,0.874984,0.391864,3.08,0.0,12.25,Noise,Right
1707209319757,-0.161528,0.86376,0.394304,-0.98,-2.87,7.0,Noise,Right
1707209319757,-0.183976,0.855464,0.389912,-4.83,-6.23,-6.09,Noise,Right
1707209319810,-0.249856,0.854976,0.404552,-3.64,-5.39,-18.83,Noise,Right
1707209319810,-0.28548,0.836432,0.449448,3.57,0.28,-23.8,Noise,Right
1707209319810,-0.362584,0.841312,0.447496,6.3,6.3,-19.04,Noise,Right
1707209319810,-0.385032,0.847656,0.450912,2.87,14.35,-7.7,Noise,Right
1707209319855,-0.377224,0.862296,0.466528,-2.59,17.5,5.11,Noise,Right
1707209319855,-0.345504,0.868152,0.458232,-3.29,11.97,13.79,Noise,Right
1707209319906,-0.276696,0.861808,0.435296,-0.91,-3.36,12.32,Noise,Right
1707209319906,-0.238144,0.844728,0.410896,0.14,-17.43,2.73,Noise,Right
1707209319906,-0.372344,0.85888,0.390888,2.66,-23.52,-9.66,Noise,Right
1707209320036,-0.255712,0.84912,0.393816,3.08,-19.81,-17.64,Noise,Right
1707209320036,-0.305976,0.850096,0.41724,1.05,-7.98,-18.69,Noise,Right
1707209320036,-0.321592,0.842776,0.459696,1.12,7.07,-13.37,Noise,Right
1707209320036,-0.309392,0.862296,0.482144,-2.66,13.79,-5.67,Noise,Right
1707209320037,-0.271328,0.869128,0.517768,-4.62,10.78,1.33,Noise,Right
1707209320037,-0.199104,0.863272,0.542656,-3.22,-3.36,1.82,Noise,Right
1707209320037,-0.137616,0.871568,0.535336,3.92,-24.57,-5.67,Noise,Right
1707209320088,-0.083448,0.8784,0.513864,13.72,-48.02,-15.89,Noise,Right
1707209320088,-0.046848,0.882304,0.45628,22.75,-75.88,-23.8,Noise,Right
1707209320088,0.008296,0.90036,0.384544,28.0,-101.15,-27.23,Noise,Right
1707209320088,0.057584,0.88816,0.330376,22.68,-127.26,-27.58,Noise,Right
1707209320140,0.056608,0.837408,0.293288,9.03,-150.43,-31.78,Noise,Right
1707209320140,-0.019032,0.789584,0.322568,-10.78,-167.09,-42.56,Noise,Right
1707209320140,-0.11468,0.770064,0.382592,-27.23,-181.86,-54.53,Noise,Right
1707209320197,-0.183,0.730536,0.480192,-45.43,-204.89,-61.95,Noise,Right
1707209320197,-0.240584,0.720288,0.551928,-54.18,-244.72,-63.14,Noise,Right
1707209320198,-0.303048,0.703208,0.553392,-58.1,-299.95,-60.97,Noise,Right
1707209320198,-0.31964,0.701256,0.476288,-45.78,-360.5,-57.4,Noise,Right
1707209320251,-0.284992,0.69052,0.31476,-44.52,-407.89,-57.12,Noise,Right
1707209320251,-0.240584,0.676368,0.250344,-49.91,-412.3,-54.32,Noise,Right
1707209320365,-0.130784,0.624152,0.205936,-84.35,-383.25,-40.18,Noise,Right
1707209320365,-0.014152,0.549,0.312808,-141.96,-334.32,-19.25,Noise,Right
1707209320367,0.086376,0.51972,0.525576,-132.02,-281.19,18.55,Noise,Right
1707209320367,0.246928,0.484096,0.764208,-142.45,-218.12,52.36,Noise,Right
1707209320367,0.329888,0.386984,0.845704,-131.95,-181.93,76.65,Noise,Right
1707209320367,0.402112,0.262056,0.952576,-152.95,-128.45,77.7,Noise,Right
1707209320367,0.525088,0.04392,1.016504,-167.93,-85.54,48.86,Noise,Right
1707209320415,0.464088,0.640256,0.826672,-138.04,-49.77,-1.82,Noise,Right
1707209320415,0.498736,0.534848,0.894992,-55.3,-13.3,-35.49,Noise,Right
1707209320415,0.596336,0.594872,0.989664,-34.3,5.81,-56.28,Noise,Right
1707209320462,0.601216,0.61,0.993568,-79.17,0.98,-64.47,Noise,Right
1707209320462,0.433832,0.36844,1.140456,-76.65,-4.97,-60.41,Noise,Right
1707209320462,0.416264,0.463112,1.181448,-68.04,-9.73,-38.22,Noise,Right
1707209320510,0.395768,0.432368,1.10044,-52.43,-8.96,7.0,Noise,Right
1707209320510,0.370392,0.427,0.967216,-56.07,3.15,28.56,Noise,Right
1707209320510,0.354288,0.371856,0.937448,-55.79,23.31,26.32,Noise,Right
1707209320558,0.340136,0.345016,0.973072,-58.1,46.2,10.92,Noise,Right
1707209320559,0.299632,0.351848,1.003328,-59.64,58.59,2.1,Noise,Right
1707209320559,0.232776,0.381128,0.991128,-60.27,56.07,7.07,Noise,Right
1707209320603,0.183,0.353312,0.947696,-57.47,39.55,16.52,Noise,Right
1707209320603,0.204472,0.2684,0.979904,-54.95,19.95,20.79,Noise,Right
1707209320655,0.249856,0.262056,0.931104,-43.54,5.67,19.11,Noise,Right
1707209320655,0.262056,0.233752,0.936472,-38.43,2.66,12.18,Noise,Right
1707209320656,0.249856,0.26352,0.892064,-34.79,12.39,4.76,Noise,Right
1707209320772,0.2318,0.32452,0.856928,-41.72,32.06,6.79,Noise,Right
1707209320772,0.2196,0.300608,0.869128,-52.08,50.75,15.82,Noise,Right
1707209320773,0.235216,0.209352,0.960872,-63.28,59.29,24.01,Noise,Right
1707209320773,0.305488,0.154208,1.063352,-67.06,66.29,26.04,Noise,Right
1707209320773,0.304512,0.137616,1.147288,-64.33,73.64,19.74,Noise,Right
1707209320773,0.24888,0.154208,1.132648,-54.67,74.27,11.34,Noise,Right
1707209320773,0.214232,0.166408,1.115568,-45.29,57.4,7.98,Noise,Right
1707209320821,0.16592,0.136152,1.1224,-33.25,25.76,1.61,Noise,Right
1707209320821,0.135176,0.107848,1.113616,-13.37,-11.62,-12.88,Noise,Right
1707209320822,0.229848,0.04148,1.155096,5.11,-37.31,-27.72,Noise,Right
1707209320868,0.254248,0.07564,1.161928,17.5,-45.01,-39.06,Noise,Right
1707209320869,0.214232,0.10248,1.138992,19.46,-42.21,-29.54,Noise,Right
1707209320869,0.186416,0.134688,1.0492,19.53,-37.87,-7.21,Noise,Right
1707209320915,0.3172,0.154696,1.002352,1.54,9.52,11.69,Noise,Right
1707209320916,0.181536,0.145424,0.899872,-3.64,13.44,17.43,Noise,Right
1707209320916,0.260104,0.1464,0.995032,-10.08,13.23,10.15,Noise,Right
1707209320961,0.300608,0.13908,1.063352,-12.88,10.64,4.97,Noise,Right
1707209320962,0.218136,0.129808,1.1468,-17.29,2.59,5.46,Noise,Right
1707209320962,0.211304,0.089792,1.098976,0.35,-6.93,0.56,Noise,Right
1707209321009,0.220088,0.103944,1.097024,11.76,-15.61,-1.61,Noise,Right
1707209321009,0.240096,0.08052,1.204872,30.87,-24.78,9.24,Noise,Right
1707209321061,0.342576,0.138592,1.114592,44.8,-36.68,21.28,Noise,Right
1707209321062,0.361608,0.140544,0.902312,32.76,-38.22,25.69,Noise,Right
1707209321062,0.33916,0.140544,0.821792,9.66,-28.98,24.57,Noise,Right
1707209321115,0.289872,0.17812,0.853024,-13.72,-21.28,18.2,Noise,Right
1707209321115,0.165432,0.186416,0.897432,-16.38,-17.29,12.81,Noise,Right
1707209321115,0.13908,0.16348,0.9272,-9.45,-12.88,10.92,Noise,Right
1707209321115,0.178608,0.120536,0.965264,-14.7,-7.14,10.99,Noise,Right
1707209321163,0.169824,0.099552,1.037976,-12.74,-6.23,10.36,Noise,Right
1707209321163,0.175192,0.10492,1.036512,-9.52,-10.36,6.65,Noise,Right
1707209321209,0.200568,0.131272,0.991616,-7.98,-12.11,6.02,Noise,Right
1707209321210,0.189344,0.13664,0.925736,-1.19,-10.22,3.29,Noise,Right
1707209321210,0.198616,0.150792,0.962824,-1.75,-4.69,2.52,Noise,Right
1707209321265,0.17568,0.138104,0.851072,0.35,7.35,-0.42,Noise,Right
1707209321265,0.159088,0.11468,0.909632,1.96,15.82,-1.47,Noise,Right
1707209321266,0.169824,0.059536,1.12972,5.74,21.35,-4.48,Noise,Right
1707209321385,0.161528,-0.000976,1.394216,23.66,10.85,-8.26,Noise,Right
1707209321385,0.015616,0.028304,1.430816,63.0,-11.9,-27.3,Noise,Right
1707209321385,0.205448,0.056608,1.269776,107.17,-41.02,-62.58,Noise,Right
1707209321385,0.295728,0.255712,0.981368,92.26,-6.51,-68.32,Noise,Right
1707209321385,0.295728,0.332328,0.870104,48.09,34.3,-32.69,Noise,Right
1707209321386,0.296704,0.333304,0.86864,21.0,52.57,3.43,Noise,Right
1707209321386,0.321104,0.298656,0.81008,11.06,47.11,8.05,Noise,Right
1707209321429,0.272792,0.306464,0.685152,5.95,27.09,-12.11,Noise,Right
1707209321430,0.183,0.33428,0.607072,-8.54,15.26,-33.18,Noise,Right
1707209321430,0.130296,0.304512,0.58316,-29.68,10.43,-38.15,Noise,Right
1707209321476,0.059048,0.275232,0.651968,-52.71,8.89,-26.11,Noise,Right
1707209321476,-0.005856,0.254248,0.791048,-68.6,4.2,1.82,Noise,Right
1707209321476,-0.030256,0.154208,0.958432,-56.84,-4.34,22.12,Noise,Right
1707209321523,0.057096,0.10248,1.042856,-32.06,-14.35,27.02,Noise,Right
1707209321525,0.182024,0.130296,1.020896,3.36,-11.34,11.9,Noise,Right
1707209321525,0.186904,0.128832,0.992592,14.77,-4.62,-7.49,Noise,Right
1707209321576,0.174216,0.159576,1.016992,13.72,-3.5,-20.93,Noise,Right
1707209321576,0.153232,0.17812,1.057496,8.33,-6.72,-21.91,Noise,Right
1707209321693,0.208376,0.189344,1.027728,11.06,0.7,-14.7,Noise,Right
1707209321693,0.200568,0.190808,1.01992,2.03,23.52,-8.33,Noise,Right
1707209321693,0.203496,0.155672,1.001864,-7.56,50.75,-0.07,Noise,Right
1707209321693,0.17812,0.114192,1.075552,-26.11,77.63,3.08,Noise,Right
1707209321693,0.064416,0.10736,1.197552,-30.1,89.04,5.25,Noise,Right
1707209321693,-0.004392,0.157136,1.22488,-15.61,73.57,10.29,Noise,Right
1707209321693,-0.016104,0.153232,1.197552,6.37,49.35,6.93,Noise,Right
1707209321739,0.003904,0.179584,1.114104,28.28,21.35,1.33,Noise,Right
1707209321739,0.009272,0.17568,1.02724,37.52,-1.89,-5.6,Noise,Right
1707209321739,-0.005856,0.199104,0.962336,43.82,-20.79,-12.32,Noise,Right
1707209321786,0.013176,0.166896,0.950624,42.91,-36.47,-16.24,Noise,Right
1707209321786,0.059048,0.188856,0.931592,40.39,-44.17,-7.28,Noise,Right
1707209321786,0.0732,0.172752,0.87108,25.9,-46.27,5.53,Noise,Right
1707209321833,0.120536,0.1708,0.892552,11.83,-47.25,12.32,Noise,Right
1707209321833,0.166896,0.16348,0.9272,10.15,-61.53,13.37,Noise,Right
1707209321834,0.47824,0.27572,1.194136,67.41,-78.26,-1.26,Noise,Right
1707209321881,0.15616,0.137128,1.001376,24.92,19.04,-8.75,Noise,Right
1707209321881,0.425048,0.23668,1.136552,-17.43,2.59,-7.56,Noise,Right
1707209321881,0.250832,0.186416,1.088728,-20.23,-4.83,-5.81,Noise,Right
1707209321927,0.164944,0.133712,1.098976,-9.87,-14.14,-4.06,Noise,Right
1707209321927,0.220576,0.184952,1.04432,19.74,-22.47,-4.69,Noise,Right
1707209321983,0.24888,0.167872,0.793976,24.36,-20.93,-4.48,Noise,Right
1707209321983,0.196176,0.127368,0.68564,9.8,-11.2,-8.33,Noise,Right
1707209321983,0.242048,0.197152,0.80032,-14.14,1.54,-8.96,Noise,Right
1707209322036,0.213256,0.17324,0.860344,-33.11,11.97,-6.51,Noise,Right
1707209322036,0.196664,0.155184,1.16144,-63.77,21.49,-4.48,Noise,Right
1707209322036,0.094672,0.156648,1.354688,-60.55,2.66,4.27,Noise,Right
1707209322037,0.032696,0.179584,1.069208,-40.74,-16.45,7.28,Noise,Right
1707209322083,0.059536,0.155184,0.90768,-31.15,-18.48,2.8,Noise,Right
1707209322083,0.140544,0.157136,0.77348,-39.48,-8.89,0.14,Noise,Right
1707209322129,0.162016,0.09272,1.019432,-63.91,10.43,-3.78,Noise,Right
1707209322129,-0.05856,0.160552,1.095072,-45.78,9.24,-3.01,Noise,Right
1707209322130,-0.084424,0.082472,1.099464,-17.85,0.56,-0.21,Noise,Right
1707209322192,0.219112,-0.050752,1.008208,-6.93,-1.19,0.28,Noise,Right
1707209322193,-0.0976,0.105408,1.139968,2.38,1.68,-1.47,Noise,Right
1707209322193,0.032696,0.05612,1.1346,4.69,1.4,-4.27,Noise,Right
1707209322237,-0.070272,0.128832,1.213656,29.05,-3.99,-7.0,Noise,Right
1707209322238,0.0976,-0.113704,1.146312,39.41,-11.62,-10.29,Noise,Right
1707209322238,0.137128,0.003416,1.187792,19.67,-23.52,-17.5,Noise,Right
1707209322293,0.193248,0.012688,1.188768,33.53,-40.53,-16.38,Noise,Right
1707209322293,0.210816,0.09272,1.304912,72.31,-50.96,-17.71,Noise,Right
1707209322293,0.27084,0.136152,1.290272,100.38,-46.9,-17.78,Noise,Right
1707209322347,0.316712,0.145912,1.10288,108.08,-37.73,-21.28,Noise,Right
1707209322347,0.336232,0.182024,1.077016,108.78,-36.68,-27.44,Noise,Right
1707209322347,0.178608,0.226432,0.860832,100.94,-35.77,-29.75,Noise,Right
1707209322347,0.25864,0.296704,0.819352,70.28,-17.36,-30.45,Noise,Right
1707209322395,0.281088,0.318176,0.929152,40.6,-5.25,-10.15,Noise,Right
1707209322395,0.198128,0.325496,0.91012,18.41,-12.88,4.41,Noise,Right
1707209322395,0.225944,0.310856,0.912072,6.09,-7.07,2.87,Noise,Right
1707209322442,0.405528,0.272304,1.00284,1.61,2.87,-3.85,Noise,Right
1707209322442,0.439688,0.24888,1.192184,7.0,-7.77,-5.04,Noise,Right
1707209322496,0.312808,0.274744,1.209264,49.91,-44.87,-9.24,Noise,Right
1707209322497,0.219112,0.27084,1.221952,93.24,-105.35,-18.48,Noise,Right
1707209322497,-0.001952,0.199104,1.239032,155.75,-181.3,-27.23,Noise,Right
1707209322549,-0.15372,0.232288,1.04188,219.31,-256.9,-29.68,Noise,Right
1707209322549,-0.161528,0.247416,0.837408,288.4,-306.88,-20.86,Noise,Right
1707209322550,-0.003904,0.289384,0.738832,296.52,-319.69,-7.21,Noise,Right
1707209322550,0.179584,0.397232,0.488488,222.39,-298.62,-8.4,Noise,Right
1707209322599,0.28792,0.473848,0.20496,157.92,-248.85,-16.73,Noise,Right
1707209322599,0.292312,0.445056,0.2684,140.91,-198.73,-28.63,Noise,Right
1707209322599,0.366976,0.55144,0.248392,104.58,-158.2,-45.78,Noise,Right
1707209322645,0.388448,0.645624,0.246928,118.65,-119.56,-55.65,Noise,Right
1707209322645,0.531432,0.683688,0.299144,194.88,-81.2,-60.27,Noise,Right
1707209322699,0.60756,0.660752,0.316712,194.46,-42.28,-74.34,Noise,Right
1707209322699,0.552904,0.64416,0.210328,155.89,-10.71,-96.32,Noise,Right
1707209322699,0.530456,0.758352,0.229848,132.09,17.08,-114.31,Noise,Right
1707209322820,0.70272,1.020408,0.289384,153.58,3.36,-78.68,Noise,Right
1707209322820,0.41724,0.8296,0.122488,145.04,-22.33,9.45,Noise,Right
1707209322820,0.630008,0.78568,0.154696,68.11,-35.56,74.27,Noise,Right
1707209322820,0.25132,1.22488,0.028304,-79.31,-60.9,114.1,Noise,Right
1707209322820,0.207888,0.9882,-0.03172,-51.87,-89.39,132.44,Noise,Right
1707209322820,0.432856,0.73688,-0.013664,52.22,-98.49,103.67,Noise,Right
1707209322820,0.60268,0.682224,-0.135176,11.48,-85.54,13.51,Noise,Right
1707209322933,0.591456,0.690032,-0.163968,33.88,-59.92,-59.99,Noise,Right
1707209322933,0.437248,0.737856,-0.045872,47.6,-33.74,-104.93,Noise,Right
1707209322933,0.432856,0.848632,0.038064,80.29,-37.03,-112.84,Noise,Right
1707209322933,0.567544,0.911096,0.0366,137.97,-54.25,-69.65,Noise,Right
1707209322933,0.691984,0.889624,0.002928,128.87,-74.76,-17.15,Noise,Right
1707209322935,0.828136,0.804712,-0.122488,140.49,-80.71,17.57,Noise,Right
1707209322935,0.692472,0.729072,-0.183488,170.45,-45.29,18.34,Noise,Right
1707209322987,0.595848,0.848144,-0.235704,64.12,-18.76,11.2,Noise,Right
1707209322987,0.642696,0.756888,-0.217648,77.77,-2.24,19.88,Noise,Right
1707209322987,0.611464,0.820328,-0.124928,71.26,0.0,34.65,Noise,Right
1707209323035,1.353224,0.980392,-0.142008,83.93,-12.95,26.95,Noise,Right
1707209323035,0.466528,0.641232,-0.103456,208.74,-57.4,-14.28,Noise,Right
1707209323035,0.623664,0.794464,-0.15128,134.61,-59.64,11.27,Noise,Right
1707209323082,0.459208,0.709064,-0.267912,189.49,-73.64,-4.34,Noise,Right
1707209323083,0.56608,0.3904,-0.376736,85.26,-82.25,-27.44,Noise,Right
1707209323083,0.586088,0.58316,-0.426512,3.99,-68.88,-41.86,Noise,Right
1707209323128,0.563152,1.325896,-0.970632,34.3,-47.67,-40.67,Noise,Right
1707209323128,0.738344,0.854488,-0.944768,151.76,-18.97,-4.83,Noise,Right
1707209323128,0.709552,0.839848,-0.903288,-41.44,8.89,15.4,Noise,Right
1707209323173,0.672464,0.80764,-0.813008,-132.44,36.19,28.7,Noise,Right
1707209323174,0.722728,0.809592,-0.6588,-236.46,64.61,29.75,Noise,Right
1707209323221,0.365024,0.646112,-0.503128,-341.25,71.12,10.85,Noise,Right
1707209323221,0.279136,0.757376,-0.123464,-556.64,50.4,-3.99,Noise,Right
1707209323221,0.316224,0.705648,0.205936,-573.37,31.78,1.61,Noise,Right
1707209323268,0.51972,0.70516,-0.118096,-313.88,20.51,10.15,Noise,Right
1707209323268,0.370392,0.979416,-0.029768,-35.21,25.9,10.5,Noise,Right
1707209323399,0.291824,0.416752,0.367952,-206.22,185.71,10.22,Noise,Right
1707209323647,0.149328,0.223016,0.972584,66.36,-1.82,-83.51,Noise,Right
1707209323753,0.10004,0.3538,0.959408,76.16,-14.84,-83.02,Noise,Right
1707209323753,0.056608,0.390888,0.907192,96.53,-24.36,-60.76,Noise,Right
1707209323753,-0.244,0.406992,0.88572,86.59,-33.25,-30.1,Noise,Right
1707209323753,-0.203008,0.3538,0.872056,36.89,26.39,5.39,Noise,Right
1707209323755,-0.084912,0.448472,0.939888,24.36,28.84,11.13,Noise,Right
1707209323755,0.04636,0.430416,0.898896,-2.31,30.24,17.78,Noise,Right
1707209323855,0.102968,0.487024,0.886696,-73.99,34.72,31.92,Noise,Right
1707209323856,0.13176,0.39284,0.969656,-89.46,36.19,40.88,Noise,Right
1707209323856,0.242048,0.367952,0.992592,-84.63,32.97,29.26,Noise,Right
1707209323856,0.190808,0.33184,0.976488,-52.36,24.64,3.22,Noise,Right
1707209323856,0.277672,0.374784,1.001864,-32.48,19.53,-14.98,Noise,Right
1707209323856,0.376736,0.377224,1.183888,-47.6,12.04,-18.55,Noise,Right
1707209323906,0.162504,0.22692,1.103856,-28.56,-2.94,-14.63,Noise,Right
1707209323906,0.055144,0.043432,1.037488,-14.56,-7.56,-23.24,Noise,Right
1707209323906,0.02684,0.11468,1.082872,14.7,-13.79,-27.58,Noise,Right
1707209323958,0.088328,0.163968,1.035048,41.79,-22.54,-34.86,Noise,Right
1707209323958,0.175192,0.216672,0.89548,60.76,-28.0,-39.48,Noise,Right
1707209323958,0.234728,0.334768,0.792024,54.11,-21.91,-46.76,Noise,Right
1707209324062,0.212768,0.46604,0.859368,32.69,-13.86,-48.23,Noise,Right
1707209324062,0.252784,0.547536,1.03456,24.71,-12.95,-39.62,Noise,Right
1707209324062,0.186904,0.420656,0.725168,-0.63,-8.05,-30.66,Noise,Right
1707209324062,0.138104,0.29768,0.692472,-39.48,7.0,-29.33,Noise,Right
1707209324062,0.074664,0.355752,0.937448,-49.35,18.2,-27.3,Noise,Right
1707209324063,0.093208,0.382104,1.013576,-29.33,11.76,-24.64,Noise,Right
1707209324107,0.069296,0.299144,0.679296,-15.33,10.01,-35.14,Noise,Right
1707209324108,0.1342,0.264984,0.838872,-30.87,23.45,-40.6,Noise,Right
1707209324108,0.194712,0.361608,1.550376,-29.26,24.01,-42.0,Noise,Right
1707209324155,-0.179096,0.255224,0.971608,48.23,-14.63,-35.56,Noise,Right
1707209324155,0.047336,0.281576,0.853024,-4.34,1.82,-43.4,Noise,Right
1707209324202,-0.084424,0.30256,1.07848,13.72,-2.94,-37.87,Noise,Right
1707209324202,0.033184,0.354288,0.964776,8.82,-4.48,-43.82,Noise,Right
1707209324202,-0.04392,0.324032,0.816912,2.8,-4.76,-43.61,Noise,Right
1707209324249,0.121512,0.493856,1.149728,0.77,-2.1,-40.18,Noise,Right
1707209324249,0.033672,0.431392,0.960872,30.24,-11.27,-34.86,Noise,Right
1707209324250,0.106384,0.415288,1.037,37.24,-12.81,-28.14,Noise,Right
1707209324295,0.09028,0.357704,1.021872,42.42,-15.12,-27.3,Noise,Right
1707209324295,-0.013176,0.378688,1.0248,35.14,-15.89,-28.56,Noise,Right
1707209324296,-0.006344,0.418704,1.0004,45.36,-24.57,-24.01,Noise,Right
1707209324340,-0.014152,0.44408,0.889136,44.17,-31.29,-10.71,Noise,Right
1707209324340,0.081984,0.489952,0.885232,24.78,-30.1,-7.14,Noise,Right
1707209324387,0.088328,0.439688,0.885232,3.43,-34.23,-22.75,Noise,Right
1707209324387,0.074664,0.288896,0.776896,17.29,-31.92,-30.17,Noise,Right
1707209324387,-0.028304,0.10492,0.82716,44.66,-22.05,-34.65,Noise,Right
1707209324441,-0.066368,0.25376,0.773968,72.73,-9.87,-28.28,Noise,Right
1707209324441,0.14152,0.440664,0.816424,9.8,25.41,-27.02,Noise,Right
1707209324441,0.499224,0.569984,0.948184,-10.71,31.08,4.55,Noise,Right
1707209324495,0.58316,0.6222,0.880352,-58.03,4.41,-3.5,Noise,Right
1707209324495,0.380152,0.614392,0.864248,-57.54,-17.99,-36.33,Noise,Right
1707209324495,0.32208,0.794952,0.911584,-77.21,-21.42,-28.77,Noise,Right
1707209324542,0.125416,0.517768,0.835456,-26.81,-35.21,-47.81,Noise,Right
1707209324542,-0.160552,0.336232,0.86376,57.68,-21.84,-52.29,Noise,Right
1707209324542,-0.106384,0.187392,1.03944,45.85,-10.15,-54.95,Noise,Right
1707209324586,-0.13176,0.18788,1.248792,15.54,-4.62,-21.35,Noise,Right
1707209324587,0.027328,0.381616,1.358592,52.85,-22.61,-32.76,Noise,Right
1707209324587,0.028304,0.5734,1.2078,67.76,-39.97,-31.22,Noise,Right
1707209324648,0.148352,0.686128,1.07604,81.97,-55.02,-13.86,Noise,Right
1707209324648,0.035136,0.65392,0.941352,99.26,-62.58,14.91,Noise,Right
1707209324648,0.08296,0.642208,0.886208,73.99,-61.46,27.02,Noise,Right
1707209324693,0.138104,0.6954,0.884256,44.24,-65.1,25.62,Noise,Right
1707209324695,0.197152,0.764208,0.91012,38.43,-72.31,27.16,Noise,Right
1707209324695,0.219112,0.696376,0.91988,11.13,-59.92,55.09,Noise,Right
1707209324750,0.110776,0.623664,0.95404,10.57,-70.21,53.27,Noise,Right
1707209324750,0.001464,0.560712,0.884744,30.87,-77.7,52.22,Noise,Right
1707209324750,0.001464,0.571448,0.835944,49.56,-84.28,49.63,Noise,Right
1707209324870,0.155672,0.586088,0.741272,47.95,-78.89,51.66,Noise,Right
1707209324870,0.357216,0.549976,0.96136,52.08,-79.52,53.69,Noise,Right
1707209324870,0.367952,0.44164,0.919392,70.49,-87.64,54.11,Noise,Right
1707209324870,0.318664,0.33672,0.84912,91.0,-96.81,48.37,Noise,Right
1707209324870,0.373808,0.426512,0.43188,92.47,-88.2,40.04,Noise,Right
1707209324870,0.526064,0.459208,0.269864,48.16,-71.47,30.03,Noise,Right
1707209324870,0.311832,0.426512,0.27084,16.17,-46.06,19.18,Noise,Right
1707209324985,0.503616,0.446032,0.325984,-7.21,-25.76,6.86,Noise,Right
1707209324985,0.490928,0.481168,0.503616,-30.45,-7.56,-5.88,Noise,Right
1707209324985,0.50996,0.520696,0.50752,-32.62,8.96,-13.65,Noise,Right
1707209324985,0.376248,0.571936,0.464576,-35.91,26.11,-18.34,Noise,Right
1707209324986,0.333304,0.623176,0.575352,-33.74,47.32,-22.19,Noise,Right
1707209324986,0.266936,0.568032,0.865712,-38.01,49.56,-20.86,Noise,Right
1707209324986,0.306952,0.571936,1.220488,-6.09,34.3,-16.1,Noise,Right
1707209325036,0.284992,0.600728,1.287344,37.17,-3.15,-18.06,Noise,Right
1707209325036,0.369904,0.709552,1.129232,79.1,-39.69,-31.43,Noise,Right
1707209325036,0.396256,0.72956,0.854488,85.47,-40.81,-0.07,Noise,Right
1707209325083,0.444568,0.721752,0.777872,64.75,-4.34,30.24,Noise,Right
1707209325085,0.541192,0.777384,0.655384,30.24,59.36,30.31,Noise,Right
1707209325085,0.526552,0.708088,0.70516,13.3,85.05,22.26,Noise,Right
1707209325131,0.432856,0.587064,0.754448,51.17,62.65,12.32,Noise,Right
1707209325131,0.401624,0.498248,0.689056,102.27,14.0,-7.49,Noise,Right
1707209325131,0.3294,0.443104,0.672464,158.2,-53.83,-28.91,Noise,Right
1707209325176,0.29524,0.511424,0.562176,208.04,-115.22,-38.99,Noise,Right
1707209325176,0.350384,0.572424,0.365024,203.77,-141.05,-32.9,Noise,Right
1707209325223,0.30988,0.668072,0.181048,134.54,-106.68,-21.7,Noise,Right
1707209325223,0.36356,0.775432,0.087352,30.73,-54.88,-0.63,Noise,Right
1707209325223,0.416752,0.82472,0.177632,-34.23,-9.03,38.29,Noise,Right
1707209325271,0.464088,0.776408,0.292312,-55.58,7.7,79.87,Noise,Right
1707209325271,0.514352,0.709064,0.442128,-47.95,-3.08,109.34,Noise,Right
1707209325271,0.569984,0.66612,0.545096,-25.2,-35.49,96.95,Noise,Right
1707209325318,0.908656,0.611464,0.571448,-18.83,10.71,13.86,Noise,Right
1707209325318,0.390888,0.833504,0.501664,-14.07,13.79,-20.65,Noise,Right
1707209325318,0.696864,0.709552,0.613904,-25.27,6.72,0.77,Noise,Right
1707209325366,0.481656,0.709064,0.510936,-14.56,15.75,2.94,Noise,Right
1707209325366,0.495808,0.729072,0.485072,-20.16,27.65,10.08,Noise,Right
1707209325366,0.410896,0.670512,0.450424,-28.21,50.19,17.71,Noise,Right
1707209325412,0.426512,0.652456,0.442128,-38.78,73.08,14.49,Noise,Right
1707209325412,0.467504,0.642696,0.45384,-44.73,91.77,6.3,Noise,Right
1707209325465,0.379176,0.630496,0.422608,-56.42,110.04,-5.74,Noise,Right
1707209325466,0.359656,0.65392,0.482144,-99.89,120.89,-16.1,Noise,Right
1707209325466,0.386008,0.624152,0.563152,-129.5,120.12,-15.82,Noise,Right
1707209325583,0.426024,0.606584,0.682712,-201.11,125.02,-10.78,Noise,Right
1707209325583,0.340624,0.479704,0.794952,-246.4,131.53,1.89,Noise,Right
1707209325585,0.16592,0.415288,0.894992,-249.48,132.02,29.61,Noise,Right
1707209325585,0.052704,0.331352,0.874984,-231.14,103.53,79.66,Noise,Right
1707209325585,0.236192,0.39772,0.883768,-155.19,45.85,115.15,Noise,Right
1707209325585,0.334768,0.191784,0.94672,-118.93,-11.69,96.81,Noise,Right
1707209325585,0.142008,0.199104,0.972584,-46.06,-56.07,17.99,Noise,Right
1707209325631,0.357704,0.456768,0.792512,-59.5,52.43,-111.79,Noise,Right
1707209325631,0.109312,0.24888,0.947208,181.09,25.48,-154.49,Noise,Right
1707209325631,0.240096,0.423096,0.88328,211.05,-20.93,-159.04,Noise,Right
1707209325678,0.364048,0.486048,0.853024,194.11,-18.97,-129.99,Noise,Right
1707209325678,0.523136,0.48556,0.836432,61.32,18.62,-50.96,Noise,Right
1707209325678,0.496784,0.403576,0.758352,-19.88,58.03,31.99,Noise,Right
1707209325725,0.74908,0.711992,1.158512,-74.55,41.72,23.24,Noise,Right
1707209325725,0.799832,0.516304,1.075064,-111.09,9.94,25.9,Noise,Right
1707209325725,0.202032,0.332328,0.770552,-144.97,14.77,51.17,Noise,Right
1707209325771,0.210328,0.280112,0.90036,-138.18,10.01,13.72,Noise,Right
1707209325771,-0.121512,0.171288,1.471808,-99.12,-3.29,-3.78,Noise,Right
1707209325816,0.016592,0.107848,1.29808,-18.9,-29.47,-8.61,Noise,Right
1707209325816,0.01708,0.057584,0.969168,9.52,-43.05,-8.05,Noise,Right
1707209325817,0.206912,0.29768,0.904264,7.28,-43.26,-16.8,Noise,Right
1707209325875,0.321592,0.983808,1.411296,7.0,-45.22,-21.84,Noise,Right
1707209325875,0.33184,0.288896,0.856928,56.28,-32.83,-27.09,Noise,Right
1707209325875,0.325008,0.01952,1.006744,62.93,-19.25,-38.15,Noise,Right
1707209325928,0.51484,0.09028,0.916952,55.79,-25.55,-38.08,Noise,Right
1707209325928,0.18788,0.47336,1.120448,24.57,-22.89,-33.74,Noise,Right
1707209325929,0.294752,0.370392,1.1468,37.94,-34.65,-29.96,Noise,Right
1707209325929,0.436272,0.576328,0.872056,28.77,-44.1,-19.18,Noise,Right
1707209325976,0.462136,0.60512,0.97844,30.52,-47.6,-5.11,Noise,Right
1707209325976,0.465552,0.511912,1.031632,41.58,-56.84,4.97,Noise,Right
1707209326095,0.532408,0.44408,0.997472,22.12,-69.44,6.16,Noise,Right
1707209326095,0.160064,0.347944,1.064816,20.09,-83.44,7.14,Noise,Right
1707209326096,0.250832,0.342088,1.152656,89.32,-91.14,-1.54,Noise,Right
1707209326096,0.501176,0.549488,0.91744,110.95,-100.59,-5.39,Noise,Right
1707209326096,0.254248,0.701256,1.025776,100.87,-109.06,8.61,Noise,Right
1707209326096,0.372344,0.685152,0.894504,115.99,-122.99,23.17,Noise,Right
1707209326096,0.335744,0.555344,1.08336,128.87,-143.01,29.19,Noise,Right
1707209326143,0.27084,0.437248,0.699304,157.36,-154.84,35.63,Noise,Right
1707209326143,0.267912,0.50996,0.680272,152.6,-155.89,51.45,Noise,Right
1707209326143,1.145336,0.235704,0.04148,150.5,-158.62,56.91,Noise,Right
1707209326219,0.626104,0.677344,0.415288,71.47,-110.32,25.34,Noise,Right
1707209326220,0.393816,0.43676,0.601216,130.27,-95.27,38.5,Noise,Right
1707209326220,0.662704,0.592432,0.347944,120.47,-89.11,33.11,Noise,Right
1707209326220,0.568032,0.688568,0.172752,107.45,-73.5,32.13,Noise,Right
1707209326220,0.523136,0.675392,0.09272,75.46,-46.48,51.31,Noise,Right
1707209326265,0.410896,0.611464,0.12932,46.76,5.95,60.27,Noise,Right
1707209326265,0.411872,0.50264,0.32208,58.24,11.41,25.55,Noise,Right
1707209326265,0.49044,0.447008,0.426512,118.23,-63.77,-9.94,Noise,Right
1707209326311,0.91988,0.729072,0.487024,88.41,-98.28,-47.46,Noise,Right
1707209326311,1.01504,0.582184,0.56364,168.63,-92.47,-31.29,Noise,Right
1707209326357,0.963312,0.716872,0.512888,183.61,-75.04,0.0,Noise,Right
1707209326357,0.671,0.626104,0.4636,233.38,-82.25,15.19,Noise,Right
1707209326357,0.688568,0.65392,0.157136,251.79,-81.69,-0.49,Noise,Right
1707209326404,0.599264,0.637328,-0.130784,234.85,-54.95,-37.73,Noise,Right
1707209326405,0.550952,0.706624,-0.264984,207.62,-44.52,-42.42,Noise,Right
1707209326405,0.41236,0.496784,-0.183976,212.45,-78.82,-34.58,Noise,Right
1707209326454,0.276208,0.303048,-0.23668,298.9,-174.93,-15.12,Noise,Right
1707209326458,0.388448,0.374296,-0.58804,351.96,-199.57,22.82,Noise,Right
1707209326495,0.723704,0.52948,-0.804712,304.08,-85.68,59.85,Noise,Right
1707209326495,1.14436,0.930616,0.894992,118.86,58.1,63.56,Noise,Right
1707209326495,1.287832,0.456768,-0.767624,93.17,64.96,-22.33,Noise,Right
1707209326543,0.813984,0.507032,-0.413336,8.12,-25.06,7.98,Noise,Right
1707209326543,0.630008,0.532896,-0.45384,70.91,-136.36,13.23,Noise,Right
1707209326544,0.758352,0.664656,-0.569496,111.58,-151.69,-28.98,Noise,Right
1707209326591,0.819352,0.647576,-0.64416,59.5,-65.59,-81.13,Noise,Right
1707209326591,0.821792,0.64904,-0.710528,-27.58,21.56,-97.65,Noise,Right
1707209326592,0.743712,0.600728,-0.6954,-120.12,63.84,-71.26,Noise,Right
1707209326637,0.695888,0.606584,-0.613904,-170.38,59.64,-42.14,Noise,Right
1707209326637,0.663192,0.628544,-0.469456,-196.91,34.72,-33.11,Noise,Right
1707209326693,0.658312,0.65392,-0.364048,-209.16,15.4,-27.09,Noise,Right
1707209326693,0.614392,0.604632,-0.23668,-197.82,1.82,-24.29,Noise,Right
1707209326693,0.55632,0.67832,-0.17812,-190.33,3.36,-24.64,Noise,Right
1707209326747,0.515816,0.716384,-0.12444,-193.48,35.7,-27.86,Noise,Right
1707209326747,0.434808,0.737368,-0.03172,-207.48,88.34,-26.18,Noise,Right
1707209326747,0.364536,0.75884,0.039528,-222.11,128.73,-10.43,Noise,Right
1707209326747,0.305976,0.72712,0.127856,-215.88,157.36,17.71,Noise,Right
1707209326796,0.237656,0.716872,0.190808,-195.86,175.28,45.08,Noise,Right
1707209326796,0.179584,0.699792,0.237168,-171.29,176.96,68.39,Noise,Right
1707209326796,0.140056,0.622688,0.3294,-117.53,162.96,71.96,Noise,Right
1707209326839,0.2684,0.6222,0.429928,-68.88,141.47,66.29,Noise,Right
1707209326840,0.444568,0.731024,0.39772,-28.42,112.42,68.32,Noise,Right
1707209326900,0.625128,0.720288,0.313296,-0.14,69.79,60.69,Noise,Right
1707209326901,0.61488,0.735904,0.266936,9.38,11.97,28.98,Noise,Right
1707209326901,0.608536,0.72956,0.36356,40.67,-38.92,-4.55,Noise,Right
1707209326949,0.691984,0.713944,0.393816,80.5,-74.06,-18.48,Noise,Right
1707209326949,0.739808,0.772016,0.315736,100.31,-81.62,-19.74,Noise,Right
1707209326949,0.975024,0.846192,0.332328,85.61,-66.15,-17.29,Noise,Right
1707209326949,0.63684,0.848144,0.154208,46.69,-22.68,-23.52,Noise,Right
1707209327000,0.509472,1.2078,0.31232,-68.04,-1.47,-70.84,Noise,Right
1707209327001,0.632448,0.818376,0.14152,32.55,-42.14,-54.6,Noise,Right
1707209327001,0.711992,0.929152,0.164456,41.79,-67.97,-50.54,Noise,Right
1707209327046,0.724192,0.865712,0.18056,57.68,-75.46,-41.44,Noise,Right
1707209327046,0.865224,0.906704,0.190808,40.74,-53.76,-22.68,Noise,Right
1707209327103,0.96136,0.854976,0.271328,-9.59,-5.04,2.38,Noise,Right
1707209327103,1.0126,0.8784,0.337696,-69.3,54.18,-8.19,Noise,Right
1707209327103,0.89548,0.878888,0.360632,-91.42,85.96,-28.14,Noise,Right
1707209327152,0.715896,0.8784,0.330376,-94.22,71.33,-45.29,Noise,Right
1707209327153,0.545096,0.899872,0.25864,-89.46,42.77,-63.49,Noise,Right
1707209327153,0.425048,0.879376,0.211304,-88.06,16.1,-85.12,Noise,Right
1707209327153,0.336232,0.823256,0.22936,-49.91,4.9,-104.44,Noise,Right
1707209327205,0.41724,0.657336,0.279136,29.82,12.39,-104.79,Noise,Right
1707209327205,0.275232,0.845216,0.113216,-35.91,24.92,-89.95,Noise,Right
1707209327206,0.218624,0.986736,0.268888,-20.65,45.71,-43.68,Noise,Right
1707209327336,0.439688,0.982344,0.274744,-55.02,69.79,-1.12,Noise,Right
1707209327336,0.467016,1.016504,0.324032,-162.47,96.18,30.66,Noise,Right
1707209327336,0.435296,0.938912,0.092232,-314.3,134.33,37.38,Noise,Right
1707209327336,0.243512,0.87108,0.603168,-135.38,170.24,84.7,Noise,Right
1707209327336,0.245952,1.079456,0.767624,-124.81,176.4,114.03,Noise,Right
1707209327336,0.300608,0.8418,0.764208,-197.05,147.98,106.89,Noise,Right
1707209327336,0.215208,0.438712,0.916464,-316.33,104.93,64.12,Noise,Right
1707209327385,0.243024,0.455304,1.030168,-410.34,80.99,82.25,Noise,Right
1707209327385,0.12444,0.138592,1.050176,-480.62,14.07,115.36,Noise,Right
1707209327386,0.098576,0.237168,1.067256,-342.79,-65.52,141.12,Noise,Right
1707209327431,0.397232,0.023424,1.032608,-199.85,-127.68,129.5,Noise,Right
1707209327431,0.410408,-0.062464,0.999912,-86.73,-156.31,97.79,Noise,Right
1707209327431,0.489952,-0.07808,0.77104,-26.18,-159.88,62.79,Noise,Right
1707209327478,0.437248,-0.06344,0.73688,67.55,-144.69,42.0,Noise,Right
1707209327478,0.4514,0.070272,0.732488,85.75,-140.14,32.41,Noise,Right
1707209327479,0.538264,0.215208,0.857416,54.74,-168.91,44.94,Noise,Right
1707209327532,0.4636,0.327936,0.9516,17.15,-216.3,68.81,Noise,Right
1707209327532,0.464576,0.004392,0.767136,-16.8,-248.01,67.06,Noise,Right
1707209327532,0.54412,-0.059048,0.5978,-11.9,-249.27,48.79,Noise,Right
1707209327645,0.696376,-0.060024,0.403576,23.17,-227.5,35.0,Noise,Right
1707209327645,0.675392,-0.037576,0.360632,116.55,-183.89,21.91,Noise,Right
1707209327645,0.7442,0.105896,0.33428,126.49,-150.5,11.13,Noise,Right
1707209327645,0.87352,0.282064,0.345016,92.54,-156.31,28.77,Noise,Right
1707209327645,0.630008,0.348432,0.251808,27.02,-185.78,57.05,Noise,Right
1707209327645,0.835456,0.125416,0.136152,-12.32,-169.47,53.62,Noise,Right
1707209327645,0.901336,0.101992,0.088328,-31.78,-145.46,26.81,Noise,Right
1707209327707,0.9516,0.032696,0.115168,-29.96,-147.07,13.09,Noise,Right
1707209327707,0.905728,0.005856,0.064904,-24.15,-154.28,14.49,Noise,Right
1707209327707,1.098488,-0.022936,0.00488,-24.57,-151.13,24.08,Noise,Right
1707209327764,1.056032,-0.0854,-0.059536,-11.97,-115.08,26.88,Noise,Right
1707209327765,1.12728,-0.041968,-0.057096,-5.04,-80.71,24.99,Noise,Right
1707209327765,1.0736,-0.011712,-0.042456,-11.41,-61.53,13.79,Noise,Right
1707209327849,1.078968,-0.040504,-0.077592,-23.73,-53.06,1.05,Noise,Right
1707209327849,1.07116,-0.0366,-0.0732,-27.3,-45.36,-4.13,Noise,Right
1707209327849,1.036512,-0.040992,-0.031232,-23.52,-43.82,1.89,Noise,Right
1707209327849,1.138504,-0.072224,-0.068808,-23.1,-47.6,9.38,Noise,Right
1707209327849,1.114592,0.028792,-0.115168,-22.05,-32.13,10.36,Noise,Right
1707209327849,1.108736,0.053192,-0.087352,-26.53,-15.61,5.32,Noise,Right
1707209327897,1.014064,0.07808,-0.05124,-24.92,-5.11,-5.46,Noise,Right
1707209327897,0.957456,0.113216,-0.020984,-23.59,-2.45,-10.22,Noise,Right
1707209327941,0.931104,0.061,0.014152,-22.19,-2.31,-8.96,Noise,Right
1707209327942,0.980392,0.027816,0.010248,-14.35,-6.23,3.57,Noise,Right
1707209327942,0.979904,0.014152,-0.010248,-11.41,-2.03,8.19,Noise,Right
1707209327990,0.986248,-0.016104,0.019032,-11.27,3.15,2.94,Noise,Right
1707209327991,0.980392,0.00244,0.040016,-12.81,-2.52,-4.62,Noise,Right
1707209327991,0.979416,-0.018056,0.022448,-14.91,-10.57,-11.9,Noise,Right
1707209328040,1.011624,-0.005368,0.036112,-14.7,-12.67,-11.83,Noise,Right
1707209328041,1.030168,-0.015616,0.013664,-11.76,-9.73,-3.43,Noise,Right
1707209328083,1.048224,-0.04636,0.033184,-0.35,-2.59,5.74,Noise,Right
1707209328083,1.033096,-0.018056,0.013664,7.91,5.11,14.56,Noise,Right
1707209328083,1.034072,-0.027328,0.033672,7.63,6.37,19.81,Noise,Right
1707209328132,1.028216,-0.027816,0.023424,-1.89,2.94,16.45,Noise,Right
1707209328132,1.030656,-0.04148,0.033672,-5.32,-0.56,3.85,Noise,Right
1707209328133,1.009672,-0.006832,0.04392,-5.39,-2.1,-10.71,Noise,Right
1707209328178,0.981856,0.000488,0.043432,-7.56,-5.04,-13.65,Noise,Right
1707209328178,0.996496,-0.013176,0.0366,-8.4,-11.27,-6.51,Noise,Right
1707209328178,1.022848,-0.006832,0.020008,-10.01,-7.84,7.98,Noise,Right
1707209328230,1.038464,-0.050264,0.038064,-8.61,-2.24,15.75,Noise,Right
1707209328231,1.024312,-0.052216,0.041968,-1.33,-1.4,10.64,Noise,Right
1707209328231,1.039928,-0.023424,0.030256,1.75,-2.8,1.05,Noise,Right
1707209328362,1.020408,0.0122,0.038064,-1.12,-3.43,-5.81,Noise,Right
1707209328362,0.9882,0.015616,0.040016,-2.17,-5.46,-9.8,Noise,Right
1707209328362,1.018944,0.036112,0.025376,-1.61,-7.14,-9.1,Noise,Right
1707209328362,0.998448,0.00732,0.018544,-1.26,-2.17,-6.65,Noise,Right
1707209328362,0.999912,-0.013664,0.02684,0.91,0.98,-0.28,Noise,Right
1707209328363,0.981856,-0.022448,0.036112,3.01,0.07,5.18,Noise,Right
1707209328363,1.004792,-0.018544,0.016104,3.01,-2.03,8.82,Noise,Right
1707209328410,0.995032,-0.036112,0.032696,-2.24,-4.34,8.54,Noise,Right
1707209328410,1.013088,-0.021472,0.026352,-3.5,-7.56,2.52,Noise,Right
1707209328411,1.024312,-0.026352,0.03172,-2.87,-7.07,-6.51,Noise,Right
1707209328455,1.01748,-0.0122,0.027328,-2.87,-4.06,-9.38,Noise,Right
1707209328455,1.001864,-0.020984,0.0488,-3.5,-3.85,-6.51,Noise,Right
1707209328455,0.995032,-0.02684,0.04636,-0.35,-4.97,-0.28,Noise,Right
1707209328503,0.985272,-0.048312,0.059536,2.94,-6.23,4.62,Noise,Right
1707209328503,0.986736,-0.040016,0.046848,3.29,-9.31,8.75,Noise,Right
1707209328503,0.989664,-0.044408,0.049776,0.84,-11.2,10.99,Noise,Right
1707209328549,0.99308,-0.024888,0.030744,-1.54,-13.3,6.65,Noise,Right
1707209328550,0.990152,-0.022936,0.027328,-5.46,-13.37,-3.64,Noise,Right
1707209328550,1.007232,-0.020008,0.018056,-6.16,-15.19,-15.54,Noise,Right
1707209328597,1.025776,-0.01952,0.003416,-5.39,-14.35,-22.4,Noise,Right
1707209328597,1.024312,-0.016592,0.010736,2.38,-9.03,-20.16,Noise,Right
1707209328643,1.023824,-0.008784,0.016592,7.77,-2.38,-3.78,Noise,Right
1707209328645,1.004792,-0.02928,0.021472,8.19,-2.17,12.39,Noise,Right
1707209328645,0.989176,-0.017568,0.018544,3.85,-5.18,14.35,Noise,Right
1707209328689,0.98576,-0.022448,0.01708,-0.56,-10.5,1.26,Noise,Right
1707209328690,0.980392,-0.008784,0.007808,-1.61,-12.6,-16.59,Noise,Right
1707209328690,0.971608,0.012688,0.019032,-5.6,-14.91,-25.62,Noise,Right
1707209328741,0.960384,0.00488,0.0122,-7.28,-20.09,-29.19,Noise,Right
1707209328741,0.962336,0.0,0.016592,-0.56,-17.85,-22.75,Noise,Right
1707209328741,0.97844,-0.016104,0.003416,1.89,-15.26,-8.26,Noise,Right
1707209328783,1.1834,-0.049288,-0.020984,0.0,-5.25,-14.0,Noise,Right
1707209328783,1.01992,0.021472,-0.020008,-0.14,-7.42,2.1,Noise,Right
1707209328831,1.128744,-0.035136,-0.01464,-1.82,-3.71,-0.7,Noise,Right
1707209328831,1.021872,0.011712,-0.016592,-9.17,-7.98,-6.51,Noise,Right
1707209328831,0.971608,0.01464,0.006344,-4.13,-6.23,-5.95,Noise,Right
1707209328878,1.014064,0.00976,-0.009272,-7.7,-7.28,-4.69,Noise,Right
1707209328878,0.998448,-0.044896,0.021472,-5.74,-7.7,-4.55,Noise,Right
1707209328878,0.99552,-0.015616,0.011712,-1.54,-9.45,-6.58,Noise,Right
1707209328930,1.026752,-0.025376,0.015616,-2.94,-10.43,-7.84,Noise,Right
1707209328930,0.947696,-0.011712,0.011712,2.38,-11.41,-9.59,Noise,Right
1707209328931,1.0248,-0.000976,-0.020496,0.77,-11.9,-10.22,Noise,Right
1707209329063,0.951112,-0.049776,0.01708,-2.1,-12.74,-13.16,Noise,Right
1707209329063,1.132648,-0.018544,0.041968,-0.28,-13.09,-15.75,Noise,Right
1707209329063,0.988688,-0.075152,0.028304,4.34,-12.53,-21.77,Noise,Right
1707209329063,1.00528,0.02196,0.025864,14.0,-10.5,-24.92,Noise,Right
1707209329063,0.895968,-0.000976,-0.07808,12.95,-12.74,-25.55,Noise,Right
1707209329063,1.1956,0.084424,-0.13664,8.05,-15.89,-24.43,Noise,Right
1707209329065,0.992104,0.132248,-0.10004,-7.7,-12.81,-18.76,Noise,Right
1707209329113,1.004304,0.147864,-0.101504,-1.19,-7.0,-13.79,Noise,Right
1707209329113,0.912072,-0.025864,0.028304,-5.11,-2.03,-13.3,Noise,Right
1707209329113,0.889136,-0.005856,0.235704,31.85,3.64,-27.44,Noise,Right
1707209329113,0.733952,0.042456,-0.16592,5.81,0.56,-32.97,Noise,Right
1707209329157,1.589416,0.00732,-0.020008,27.16,4.13,-31.01,Noise,Right
1707209329157,1.153632,-0.026352,-0.044896,8.96,2.73,-33.39,Noise,Right
1707209329204,0.874984,0.155672,-0.145912,5.46,0.35,-31.57,Noise,Right
1707209329205,0.993568,0.207888,-0.07564,11.55,3.36,-26.95,Noise,Right
1707209329205,0.986248,0.303536,-0.111752,3.43,6.09,-18.62,Noise,Right
1707209329266,0.977464,0.432856,-0.228384,-6.72,11.9,-1.33,Noise,Right
1707209329266,1.014064,0.47092,-0.408944,-14.56,28.7,19.74,Noise,Right
1707209329266,1.024312,0.471408,-0.476288,-18.97,51.8,43.26,Noise,Right
1707209329312,1.22488,0.395768,-0.494832,-17.15,78.75,62.58,Noise,Right
1707209329312,1.516704,0.238144,-0.577792,-22.54,193.55,34.86,Noise,Right
1707209329312,1.590392,0.217648,-0.149816,-15.89,245.56,-11.34,Noise,Right
1707209329359,1.367376,0.110288,-0.033672,-49.98,231.77,-16.52,Noise,Right
1707209329359,1.340048,-0.05856,0.045384,-69.72,226.17,11.06,Noise,Right
1707209329359,1.040904,-0.140544,0.162992,-73.57,245.98,59.85,Noise,Right
1707209329405,0.810568,-0.1586,0.227896,-63.21,273.35,120.12,Noise,Right
1707209329406,0.588528,-0.160552,0.27816,-56.21,293.02,170.38,Noise,Right
1707209329406,0.391864,-0.209352,0.369904,-46.97,298.55,206.43,Noise,Right
1707209329458,0.3416,-0.230824,0.474824,-35.49,287.63,218.82,Noise,Right
1707209329459,0.284504,-0.26596,0.491904,-32.34,276.08,220.5,Noise,Right
1707209329459,0.216672,-0.325008,0.56364,-33.32,270.76,211.96,Noise,Right
1707209329590,0.149328,-0.337696,0.65636,-53.48,266.35,195.93,Noise,Right
1707209329590,0.06588,-0.390888,0.713456,-58.52,259.28,178.64,Noise,Right
1707209329590,0.048312,-0.437736,0.8174,-66.01,244.51,167.86,Noise,Right
1707209329591,-0.023912,-0.471896,0.833504,-62.3,228.62,167.3,Noise,Right
1707209329591,-0.118584,-0.564128,0.869128,-60.9,215.74,177.73,Noise,Right
1707209329591,-0.193248,-0.619272,0.953552,-39.97,201.67,193.83,Noise,Right
1707209329591,-0.247416,-0.620736,1.02236,-27.16,179.83,203.56,Noise,Right
1707209329639,-0.297192,-0.642696,1.029192,-19.95,152.18,201.81,Noise,Right
1707209329641,-0.307928,-0.658312,1.009672,-17.92,122.64,188.37,Noise,Right
1707209329641,-0.349408,-0.677344,1.004792,-7.63,103.88,165.2,Noise,Right
1707209329642,-0.445544,-0.600728,1.021872,11.76,88.69,138.74,Noise,Right
1707209329692,-0.450912,-0.571936,1.029192,21.49,70.35,112.84,Noise,Right
1707209329692,-0.41968,-0.562664,1.016992,32.76,48.79,87.08,Noise,Right
1707209329692,-0.43676,-0.51972,1.0004,39.69,29.26,71.54,Noise,Right
1707209329793,-0.432368,-0.50508,0.96624,68.04,17.01,62.72,Noise,Right
1707209329795,-0.429928,-0.432368,0.945744,67.83,7.98,58.94,Noise,Right
1707209329795,-0.482144,-0.377224,0.949648,62.93,5.25,64.89,Noise,Right
1707209329795,-0.476776,-0.355264,0.976,62.58,1.75,76.51,Noise,Right
1707209329795,-0.465064,-0.313784,0.970144,53.83,-9.03,82.04,Noise,Right
1707209329795,-0.455304,-0.315736,0.938912,71.61,-16.52,82.95,Noise,Right
1707209329849,-0.433344,-0.26352,0.931592,57.05,-21.35,79.38,Noise,Right
1707209329849,-0.408944,-0.235216,0.881328,57.47,-27.3,71.75,Noise,Right
1707209329849,-0.400648,-0.195688,0.896944,52.01,-31.78,63.84,Noise,Right
1707209329901,-0.379664,-0.187392,0.8906,58.73,-37.45,60.27,Noise,Right
1707209329901,-0.343552,-0.157136,0.952088,62.86,-43.19,60.62,Noise,Right
1707209329901,-0.33428,-0.164944,0.904264,61.11,-46.06,63.77,Noise,Right
1707209329952,-0.314272,-0.142496,0.884744,58.8,-43.75,69.3,Noise,Right
1707209329952,-0.30988,-0.126392,0.899872,51.87,-36.89,79.94,Noise,Right
1707209329952,-0.29036,-0.101016,0.948184,46.97,-33.74,89.67,Noise,Right
1707209330077,-0.263032,-0.11712,0.943304,35.07,-38.64,87.36,Noise,Right
1707209330078,-0.243512,-0.123952,0.950136,39.83,-44.59,75.67,Noise,Right
1707209330078,-0.22692,-0.11712,0.975024,56.35,-49.14,59.36,Noise,Right
1707209330078,-0.200568,-0.080032,0.979904,66.36,-50.54,46.69,Noise,Right
1707209330078,-0.172752,-0.024888,0.988688,67.9,-50.89,43.26,Noise,Right
1707209330078,-0.167384,-0.001464,0.979904,73.71,-51.87,47.74,Noise,Right
1707209330078,-0.124928,0.037088,0.96868,53.9,-52.57,51.59,Noise,Right
1707209330205,-0.124928,0.07076,0.968192,56.42,-46.83,50.05,Noise,Right
1707209330206,-0.129808,0.082472,0.964288,47.39,-38.22,40.25,Noise,Right
1707209330206,-0.11468,0.082472,0.967216,46.48,-30.87,25.76,Noise,Right
1707209330206,-0.099064,0.076128,0.947696,50.68,-26.39,18.41,Noise,Right
1707209330206,-0.116632,0.101016,0.931104,63.49,-27.86,18.13,Noise,Right
1707209330206,-0.116632,0.13908,0.938424,58.59,-27.79,23.66,Noise,Right
1707209330206,-0.1342,0.133712,0.94672,58.17,-24.57,31.64,Noise,Right
1707209330206,-0.128344,0.169824,0.955992,51.8,-18.06,38.22,Noise,Right
1707209330259,-0.114192,0.177632,0.955504,46.83,-11.55,39.97,Noise,Right
1707209330259,-0.073688,0.17812,0.954528,35.49,-12.18,29.05,Noise,Right
1707209330260,-0.045872,0.203008,0.926224,28.77,-13.16,12.04,Noise,Right
1707209330305,-0.03172,0.221552,0.934032,26.88,-16.1,-2.87,Noise,Right
1707209330306,-0.032208,0.243512,0.923784,20.44,-24.71,-13.3,Noise,Right
1707209330306,-0.056608,0.249368,0.918416,18.62,-30.03,-18.13,Noise,Right
1707209330351,-0.034648,0.2562,0.903776,19.74,-25.48,-13.51,Noise,Right
1707209330351,-0.068808,0.270352,0.911584,15.47,-11.48,-2.03,Noise,Right
1707209330351,-0.09516,0.249856,0.926224,8.4,4.69,12.95,Noise,Right
1707209330402,-0.143472,0.235216,0.970144,1.4,14.42,23.31,Noise,Right
1707209330402,-0.165432,0.228872,0.987224,-0.63,14.56,24.43,Noise,Right
1707209330512,-0.167384,0.201056,1.005768,-2.1,9.17,14.77,Noise,Right
1707209330512,-0.150304,0.197152,1.020408,5.11,0.07,-0.77,Noise,Right
1707209330512,-0.13176,0.22692,0.99308,9.66,-10.92,-14.84,Noise,Right
1707209330512,-0.106872,0.240096,0.973072,9.73,-15.82,-19.95,Noise,Right
1707209330512,-0.1342,0.258152,0.963312,7.07,-14.35,-14.63,Noise,Right
1707209330512,-0.14152,0.282552,0.953064,3.78,-7.14,-3.22,Noise,Right
1707209330512,-0.143472,0.260592,0.96136,0.14,1.05,9.03,Noise,Right
1707209330590,-0.144936,0.232776,0.982832,-4.83,1.96,15.12,Noise,Right
1707209330590,-0.145912,0.203984,0.994544,-5.18,-1.19,13.93,Noise,Right
1707209330590,-0.146888,0.184952,0.99064,-3.22,-2.52,7.42,Noise,Right
1707209330590,-0.14396,0.17812,1.005768,0.35,-2.59,0.07,Noise,Right
1707209330590,-0.142008,0.202032,1.008696,2.87,-3.01,-2.94,Noise,Right
1707209330718,-0.125416,0.22936,0.996984,3.43,-5.88,-2.24,Noise,Right
1707209330718,-0.121512,0.236192,0.991128,2.52,-7.98,-0.49,Noise,Right
1707209330718,-0.111752,0.2318,0.976,1.4,-7.21,-0.35,Noise,Right
1707209330718,-0.116632,0.23668,0.989664,3.08,-4.69,-0.7,Noise,Right
1707209330718,-0.110288,0.23424,0.982344,4.62,-4.34,-2.03,Noise,Right
1707209330718,-0.099064,0.251808,0.972096,2.38,-4.83,-3.64,Noise,Right
1707209330718,-0.111752,0.239608,0.97112,0.28,-4.13,-6.3,Noise,Right
1707209330819,-0.137128,0.230824,0.977952,1.33,-2.03,-7.98,Noise,Right
1707209330819,-0.147864,0.239608,0.98088,2.17,-1.89,-6.79,Noise,Right
1707209330819,-0.1586,0.228872,0.983808,-0.28,-3.08,-3.92,Noise,Right
1707209330819,-0.1708,0.221064,0.99552,-1.05,-3.99,-0.56,Noise,Right
1707209330819,-0.173728,0.221552,0.994056,0.07,-4.13,1.82,Noise,Right
1707209330819,-0.162504,0.227896,0.99308,0.84,-3.99,2.38,Noise,Right
1707209330865,-0.143472,0.227408,0.991616,1.54,-6.02,1.68,Noise,Right
1707209330865,-0.125904,0.22448,0.98332,2.17,-7.7,-1.96,Noise,Right
1707209330865,-0.120536,0.220088,0.975024,2.1,-7.28,-5.67,Noise,Right
1707209330912,-0.113704,0.238632,0.987712,2.8,-3.71,-5.88,Noise,Right
1707209330912,-0.246928,0.227896,0.99308,1.26,-1.19,-2.87,Noise,Right
1707209330912,-0.132248,0.219112,0.998936,-1.26,-1.26,0.56,Noise,Right
1707209330959,-0.139568,0.206912,0.99796,-1.61,-2.73,0.84,Noise,Right
1707209330959,-0.138104,0.210328,0.989664,-0.14,-5.11,-1.54,Noise,Right
1707209331007,-0.132248,0.211304,0.985272,0.07,-5.46,-4.62,Noise,Right
1707209331007,-0.140056,0.20984,0.99552,2.17,-2.87,-5.46,Noise,Right
1707209331007,-0.149816,0.213744,0.99552,3.71,-1.12,-3.64,Noise,Right
1707209331054,-0.14396,0.21472,1.0004,2.73,-2.45,-1.19,Noise,Right
1707209331055,-0.140544,0.20496,0.876936,1.4,-4.34,-0.49,Noise,Right
1707209331055,-0.14884,0.205448,0.996496,2.45,-5.46,-1.19,Noise,Right
1707209331101,-0.145912,0.21228,0.990152,4.62,-5.95,-1.54,Noise,Right
1707209331101,-0.130784,0.228384,0.982344,3.29,-6.44,-0.63,Noise,Right
1707209331101,-0.127368,0.228384,0.9882,1.05,-5.95,0.49,Noise,Right
1707209331148,-0.123952,0.20496,0.9882,0.56,-4.62,0.14,Noise,Right
1707209331148,-0.141032,0.210328,0.993568,1.47,-3.99,-0.49,Noise,Right
1707209331148,-0.1342,0.214232,0.992592,2.24,-5.39,-0.84,Noise,Right
1707209331195,-0.1098,0.210816,0.98088,0.28,-7.84,-1.33,Noise,Right
1707209331195,-0.120048,0.21228,0.975024,0.42,-6.51,-2.45,Noise,Right
1707209331245,-0.117608,0.220576,0.975024,1.47,-2.87,-3.01,Noise,Right
1707209331245,-0.131272,0.2196,0.989664,3.08,-0.28,-2.52,Noise,Right
1707209331245,-0.129808,0.216672,0.98088,3.15,-3.01,-1.89,Noise,Right
1707209331302,-0.13908,0.220576,0.980392,1.96,-4.83,-2.45,Noise,Right
1707209331302,-0.137128,0.213256,0.967216,2.03,-4.55,-4.41,Noise,Right
1707209331302,-0.145424,0.207888,0.979904,3.01,-2.87,-5.53,Noise,Right
1707209331351,-0.140056,0.206424,0.993568,3.43,-3.08,-3.15,Noise,Right
1707209331351,-0.137128,0.210816,0.989664,2.38,-3.92,0.0,Noise,Right
1707209331351,-0.125904,0.216184,0.981368,2.1,-4.62,0.56,Noise,Right
1707209331403,-0.112728,0.218624,0.977464,2.8,-3.92,-1.33,Noise,Right
1707209331404,-0.118096,0.211304,0.977464,2.94,-1.82,-5.32,Noise,Right
1707209331404,-0.122488,0.215208,0.979416,4.9,0.91,-8.96,Noise,Right
1707209331521,-0.128344,0.221064,0.99308,5.6,1.12,-7.91,Noise,Right
1707209331522,-0.144448,0.212768,0.989664,3.15,-1.05,-4.2,Noise,Right
1707209331522,-0.162504,0.209352,0.994544,1.96,-3.99,-1.19,Noise,Right
1707209331522,-0.150792,0.202032,0.993568,0.7,-4.76,0.42,Noise,Right
1707209331522,-0.139568,0.20252,1.0004,0.98,-4.34,-1.05,Noise,Right
1707209331522,-0.143472,0.210816,0.993568,2.24,-3.99,-4.9,Noise,Right
1707209331522,-0.133712,0.222528,0.992592,4.2,-3.92,-7.98,Noise,Right
1707209331571,-0.14152,0.237168,0.99552,4.34,-2.59,-7.56,Noise,Right
1707209331572,-0.14884,0.223992,0.996008,3.5,-2.03,-4.34,Noise,Right
1707209331572,-0.159576,0.224968,0.996008,3.5,-2.73,0.0,Noise,Right
1707209331617,-0.144448,0.220576,0.984296,2.94,-5.81,2.17,Noise,Right
1707209331618,-0.14396,0.213256,0.986736,0.7,-6.58,1.4,Noise,Right
1707209331618,-0.149328,0.198616,0.983808,3.71,-4.06,-1.89,Noise,Right
1707209331664,-0.140056,0.218136,0.992592,6.51,-2.1,-3.64,Noise,Right
1707209331665,-0.13664,0.225456,0.995032,5.81,-3.78,-2.8,Noise,Right
1707209331665,-0.121024,0.228384,0.982832,3.92,-6.86,-1.96,Noise,Right
1707209331711,-0.107848,0.2196,0.975512,3.71,-6.51,-1.89,Noise,Right
1707209331711,-0.098576,0.233264,0.969168,4.27,-4.34,-1.82,Noise,Right
1707209331711,-0.107848,0.2318,0.971608,2.38,-3.92,-1.54,Noise,Right
1707209331756,-0.132248,0.22448,0.979416,0.63,-3.43,-1.33,Noise,Right
1707209331757,-0.133712,0.225456,0.985272,0.14,-1.68,-1.82,Noise,Right
1707209331803,-0.130784,0.22448,0.983808,0.77,-0.21,-2.1,Noise,Right
1707209331803,-0.140056,0.21716,0.99308,1.96,0.77,-3.64,Noise,Right
1707209331803,-0.154208,0.21228,0.993568,3.36,1.26,-4.62,Noise,Right
1707209331851,-0.1586,0.219112,0.994056,3.5,0.84,-4.2,Noise,Right
1707209331851,-0.157624,0.221552,1.003816,2.66,-2.03,-2.17,Noise,Right
1707209331851,-0.155672,0.216184,0.994544,0.84,-6.23,-1.61,Noise,Right
1707209331897,-0.154696,0.216672,0.985272,0.77,-6.72,-1.96,Noise,Right
1707209331898,-0.135664,0.221064,0.987712,2.59,-4.83,-2.66,Noise,Right
1707209331898,-0.123464,0.220576,0.994056,2.38,-3.92,-2.24,Noise,Right
1707209331943,-0.081496,0.209352,0.987224,1.4,-4.69,-3.64,Noise,Right
1707209331944,-0.035136,0.185928,0.999424,2.31,-5.46,-8.4,Noise,Right
1707209331991,0.028792,0.164456,1.003816,5.25,-5.53,-16.8,Noise,Right
1707209331991,0.077592,0.164456,1.004792,8.75,-6.02,-28.28,Noise,Right
1707209331991,0.135664,0.163968,1.014064,12.81,-8.54,-41.65,Noise,Right
1707209332036,0.144936,0.203984,0.995032,16.66,-12.67,-56.42,Noise,Right
1707209332036,0.164944,0.26352,0.94672,20.51,-21.21,-76.16,Noise,Right
1707209332037,0.161528,0.311832,0.865224,20.79,-32.83,-94.5,Noise,Right
1707209332081,0.134688,0.321104,0.78812,11.48,-39.76,-111.86,Noise,Right
1707209332081,0.030744,0.257176,0.813008,-0.21,-37.38,-125.44,Noise,Right
1707209332128,-0.071248,0.198128,0.865712,-7.42,-28.84,-132.02,Noise,Right
1707209332128,-0.132248,0.132736,0.915976,-7.63,-27.44,-140.07,Noise,Right
1707209332128,-0.183,0.110776,0.94184,-2.52,-45.08,-154.42,Noise,Right
1707209332176,-0.222528,0.11712,0.948672,5.95,-75.46,-175.77,Noise,Right
1707209332176,-0.2196,0.154696,0.915976,15.75,-117.39,-200.62,Noise,Right
1707209332176,-0.19276,0.20008,0.819352,23.94,-162.4,-226.03,Noise,Right
1707209332223,-0.16104,0.245464,0.741272,21.0,-192.99,-245.7,Noise,Right
1707209332224,-0.154208,0.204472,0.717848,27.09,-200.76,-248.29,Noise,Right
1707209332224,-0.105896,0.206912,0.740296,31.92,-191.59,-238.56,Noise,Right
1707209332268,-0.03904,0.210816,0.79788,39.27,-174.44,-216.02,Noise,Right
1707209332268,0.01708,0.152744,0.857904,29.61,-166.39,-190.61,Noise,Right
1707209332325,0.049776,0.160552,0.883768,15.19,-173.88,-165.41,Noise,Right
1707209332325,0.094672,0.19276,0.853512,-6.09,-188.37,-145.25,Noise,Right
1707209332325,0.137128,0.250344,0.83936,-13.16,-195.3,-134.96,Noise,Right
1707209332378,0.21472,0.292312,0.798856,-5.46,-184.52,-126.98,Noise,Right
1707209332378,0.254736,0.319152,0.776408,28.35,-155.26,-119.14,Noise,Right
1707209332378,0.275232,0.32452,0.69052,83.23,-121.45,-114.66,Noise,Right
1707209332378,0.274744,0.325984,0.774456,110.32,-87.43,-117.32,Noise,Right
1707209332427,0.250344,0.370392,0.839848,93.03,-58.45,-120.89,Noise,Right
1707209332427,0.282552,0.318176,0.927688,71.05,-36.33,-114.45,Noise,Right
1707209332427,0.372832,0.402112,1.017968,55.86,-10.5,-86.52,Noise,Right
1707209332473,0.445544,0.538264,1.047248,7.07,13.65,-44.52,Noise,Right
1707209332473,0.339648,0.558272,0.950624,-29.05,18.41,13.51,Noise,Right
1707209332533,0.278648,0.33916,0.934032,-68.6,5.18,44.45,Noise,Right
1707209332533,0.420656,0.476288,0.99064,-104.79,9.52,51.31,Noise,Right
1707209332533,0.510448,0.303536,1.065792,-123.97,33.25,38.08,Noise,Right
1707209332582,0.493368,0.338184,1.17608,-136.01,65.8,23.73,Noise,Right
1707209332583,0.41724,0.25132,1.148264,-153.86,81.34,23.94,Noise,Right
1707209332583,0.314272,0.235216,1.145824,-134.96,76.37,27.51,Noise,Right
1707209332583,0.265472,0.176656,1.112152,-117.46,59.5,27.02,Noise,Right
1707209332637,0.272304,0.142984,1.118984,-112.0,53.76,24.71,Noise,Right
1707209332638,0.255712,0.159088,1.111664,-105.84,56.42,32.13,Noise,Right
1707209332638,0.275232,0.057584,1.097024,-102.55,65.87,38.78,Noise,Right
1707209332691,0.22692,-0.01952,1.11508,-107.24,75.18,35.07,Noise,Right
1707209332691,0.17324,-0.031232,1.140456,-105.07,73.78,33.53,Noise,Right
1707209332691,0.196176,-0.076616,1.150216,-95.9,38.43,39.97,Noise,Right
1707209332738,0.242048,-0.099552,1.128256,-59.57,-13.16,31.99,Noise,Right
1707209332739,0.285968,-0.069296,1.04432,-23.45,-59.5,4.41,Noise,Right
1707209332739,0.31476,-0.053192,0.965752,7.98,-78.05,-30.38,Noise,Right
1707209332786,0.215208,-0.174216,1.01748,18.06,-74.27,-40.25,Noise,Right
1707209332786,0.235704,-0.020496,0.811544,-93.17,36.68,12.81,Noise,Right
1707209332786,0.27572,-0.130784,1.28588,-65.31,20.72,59.08,Noise,Right
1707209332842,0.409432,-0.14884,1.157536,-35.21,10.92,63.63,Noise,Right
1707209332842,0.488976,-0.061488,0.94672,-9.94,-1.47,25.55,Noise,Right
1707209332842,0.431392,0.020984,0.754936,-22.89,2.03,17.22,Noise,Right
1707209332971,0.42456,0.015616,0.737856,-62.37,19.18,24.71,Noise,Right
1707209332971,0.22936,-0.023912,0.855464,-87.36,31.01,23.66,Noise,Right
1707209332971,0.21716,-0.10492,0.891576,-88.2,41.58,23.17,Noise,Right
1707209332972,0.184464,-0.513376,2.342888,-91.56,44.66,15.47,Noise,Right
1707209332972,0.34892,-0.26108,1.293688,20.37,-28.14,-10.22,Noise,Right
1707209332972,-0.130784,-0.216184,0.94672,-8.75,-26.39,-8.47,Noise,Right
1707209332972,0.044896,-0.162992,0.909144,6.51,-22.12,-10.92,Noise,Right
1707209333021,0.15616,-0.114192,0.821304,-11.06,-14.28,-13.09,Noise,Right
1707209333021,0.107848,-0.096136,0.830576,-22.96,-0.63,-13.79,Noise,Right
1707209333021,0.060024,-0.112728,0.844728,-29.75,12.25,-10.92,Noise,Right
1707209333021,-0.089792,-0.301096,1.257576,-30.87,23.73,-8.61,Noise,Right
1707209333063,-0.19764,-0.556808,1.568432,4.13,0.63,-9.8,Noise,Right
1707209333063,-0.050752,-0.489464,1.421056,96.81,-29.4,-12.04,Noise,Right
1707209333112,0.1098,-0.422608,1.430328,141.61,-51.73,-22.05,Noise,Right
1707209333113,0.26352,-0.28304,1.236104,158.2,-73.36,6.44,Noise,Right
1707209333113,0.318664,-0.228872,1.131672,136.22,-14.91,10.57,Noise,Right
1707209333160,0.362096,-0.141032,1.310768,94.85,39.34,-2.17,Noise,Right
1707209333160,0.221064,-0.16836,1.450824,132.58,5.67,-10.22,Noise,Right
1707209333160,0.076616,-0.22936,1.472296,188.02,-59.29,-38.08,Noise,Right
1707209333206,-0.043432,-0.160552,1.3664,262.15,-128.94,-84.63,Noise,Right
1707209333206,-0.086864,-0.047336,1.171688,323.33,-186.62,-120.12,Noise,Right
1707209333206,-0.061976,-0.018544,1.050664,368.83,-240.59,-120.19,Noise,Right
1707209333252,-0.057096,-0.00488,0.853024,397.67,-268.1,-106.75,Noise,Right
1707209333253,0.017568,0.195688,0.65636,407.89,-267.12,-77.91,Noise,Right
1707209333298,0.086376,0.154208,0.500688,437.08,-255.99,-47.18,Noise,Right
1707209333298,0.121512,0.211304,0.299144,460.88,-255.71,-19.46,Noise,Right
1707209333299,0.124928,0.18056,0.094672,492.8,-261.03,-7.7,Noise,Right
1707209333353,0.118584,0.27084,-0.060024,521.36,-285.18,-2.45,Noise,Right
1707209333353,0.638792,0.174216,-0.311832,609.35,-315.0,3.57,Noise,Right
1707209333353,0.090768,0.378688,-0.595848,640.01,-314.72,11.48,Noise,Right
1707209333481,0.452376,0.227896,-0.840824,524.37,-282.1,-10.15,Noise,Right
1707209333482,0.50996,0.336232,-1.104832,535.36,-181.3,-43.82,Noise,Right
1707209333482,0.557296,0.264984,-1.256112,433.72,-88.97,-87.85,Noise,Right
1707209333483,0.682224,0.792024,-1.086288,213.29,3.57,-96.6,Noise,Right
1707209333483,0.293776,0.415776,-1.008696,131.88,17.29,-2.17,Noise,Right
1707209333483,0.28304,0.0854,-0.641232,48.37,-11.9,75.53,Noise,Right
1707209333483,0.190808,0.262544,-0.702232,121.38,-64.54,91.0,Noise,Right
1707209333561,0.380152,0.215208,-0.811056,233.17,-109.9,57.19,Noise,Right
1707209333561,0.5246,0.005368,-1.017968,298.97,-138.25,17.15,Noise,Right
1707209333561,0.422608,0.369904,-0.940864,237.93,-175.35,-13.79,Noise,Right
1707209333610,0.478728,0.274256,-0.968192,223.02,-166.18,-10.15,Noise,Right
1707209333610,0.41724,0.310856,-1.130696,140.63,-105.21,12.46,Noise,Right
1707209333610,0.291336,0.218624,-1.082872,31.15,-46.48,16.59,Noise,Right
1707209333610,0.295728,0.308416,-0.948672,-3.71,-48.93,25.9,Noise,Right
1707209333610,-0.052704,0.233264,-0.947208,52.57,-70.98,35.7,Noise,Right
1707209333657,0.011712,0.277672,-0.933544,105.0,-89.11,44.66,Noise,Right
1707209333657,-0.10004,0.212768,-1.045296,162.19,-70.84,40.81,Noise,Right
1707209333657,0.045384,0.116144,-1.141432,114.38,-5.6,15.75,Noise,Right
1707209333706,0.471408,0.173728,-1.321504,16.52,82.95,-18.55,Noise,Right
1707209333707,0.130784,0.220576,-1.323944,-108.78,163.66,-26.6,Noise,Right
1707209333797,0.212768,0.28792,-1.249768,-253.82,197.82,-22.47,Noise,Right
1707209333797,0.160552,0.284504,-1.026752,-400.75,203.28,-19.88,Noise,Right
1707209333797,0.293776,0.317688,-0.6832,-574.56,181.16,-0.77,Noise,Right
1707209333797,-0.444568,0.703208,-0.232288,-620.9,-93.94,-16.73,Noise,Right
1707209333798,0.808616,0.559248,-0.600728,-344.26,-15.75,21.42,Noise,Right
1707209333798,0.603656,0.926712,-0.670024,-189.56,-32.41,37.03,Noise,Right
1707209333845,0.50264,0.864248,-0.888648,-89.04,-16.24,33.18,Noise,Right
1707209333845,0.423096,0.76128,-0.78324,-82.67,31.29,32.83,Noise,Right
1707209333845,0.316224,0.600728,-0.54412,-110.81,56.49,16.24,Noise,Right
1707209333890,0.38064,0.280112,-0.356728,-45.29,90.72,-9.31,Noise,Right
1707209333890,0.24888,0.226432,-0.09272,-219.94,116.34,-83.51,Noise,Right
1707209333935,0.445056,0.593408,-0.410896,-115.15,105.21,-119.14,Noise,Right
1707209333935,0.310856,0.736392,-0.347944,10.43,90.02,-160.65,Noise,Right
1707209333935,0.528016,1.477664,-0.325496,-49.07,77.14,-153.3,Noise,Right
1707209333988,0.508984,1.42496,-0.528992,-37.66,85.33,-37.94,Noise,Right
1707209333989,0.393328,1.244888,-0.711016,-95.83,98.56,101.36,Noise,Right
1707209333989,0.343064,0.979904,-0.372832,-281.19,114.52,222.46,Noise,Right
1707209334043,1.009672,-0.425048,0.152744,-278.18,21.7,15.33,Noise,Right
1707209334043,0.619272,0.853024,0.413824,-424.62,-53.9,142.1,Noise,Right
1707209334043,0.327936,-0.145424,-0.16104,-353.85,-136.57,6.37,Noise,Right
1707209334092,0.508008,0.999912,0.1708,-44.73,-156.38,-88.06,Noise,Right
1707209334092,0.560712,0.123464,-0.023424,108.22,-161.14,-198.52,Noise,Right
1707209334093,0.456768,0.605608,0.066368,111.37,-164.64,-299.39,Noise,Right
1707209334198,0.069784,0.52704,-0.182512,147.35,-170.87,-356.51,Noise,Right
1707209334198,-0.128344,0.60512,-0.2684,144.34,-179.34,-385.0,Noise,Right
1707209334198,-0.200568,0.70272,-0.342088,143.43,-180.18,-378.91,Noise,Right
1707209334198,-0.286456,0.945256,-0.322568,147.49,-168.42,-346.15,Noise,Right
1707209334198,-0.169824,1.040904,-0.465064,141.05,-147.42,-271.6,Noise,Right
1707209334198,-0.221064,0.9028,-0.523136,98.21,-116.97,-205.87,Noise,Right
1707209334198,-0.372832,1.36396,-0.584624,39.41,-65.31,-114.87,Noise,Right
1707209334258,-0.401624,1.109712,-0.770064,77.63,-17.92,1.54,Noise,Right
1707209334258,-0.451888,0.967704,-0.673928,27.65,16.45,84.21,Noise,Right
1707209334308,-0.005368,0.917928,-0.639768,25.2,48.79,134.12,Noise,Right
1707209334309,-0.506056,-0.130784,0.628544,168.21,78.12,146.58,Noise,Right
1707209334309,-0.397232,0.816912,-0.479216,-128.87,58.1,36.75,Noise,Right
1707209334309,-0.006832,0.959896,-0.537776,-219.59,27.79,-67.41,Noise,Right
1707209334355,0.120048,0.760792,-0.591456,-102.83,33.88,-147.77,Noise,Right
1707209334355,0.027816,0.703696,-0.988688,28.63,98.42,-198.31,Noise,Right
1707209334355,-0.261568,0.965752,-0.902312,189.14,206.71,-234.15,Noise,Right
1707209334402,-0.476288,1.034072,-0.82472,318.85,337.12,-266.35,Noise,Right
1707209334402,-0.308416,1.196088,-0.340624,459.2,406.21,-297.29,Noise,Right
1707209334402,0.111264,1.106296,-0.298656,580.65,355.6,-237.3,Noise,Right
1707209334458,-0.077592,0.45872,-0.85156,549.01,258.02,-74.06,Noise,Right
1707209334462,-0.145912,0.268888,-0.974048,142.31,193.76,118.51,Noise,Right
1707209334583,0.136152,0.16836,-0.767624,10.78,109.83,213.64,Noise,Right
1707209334583,-0.034648,0.265472,-0.860344,34.44,15.12,198.24,Noise,Right
1707209334583,-0.000488,0.585112,-0.834968,209.44,-2.1,146.16,Noise,Right
1707209334583,-0.042944,0.539728,-0.755424,301.35,14.49,51.66,Noise,Right
1707209334583,-0.017568,0.58072,-0.669536,302.82,24.36,-25.62,Noise,Right
1707209334583,-0.089792,0.164456,-0.745664,352.94,46.2,-41.58,Noise,Right
1707209334583,-0.085888,0.059048,-0.820328,166.88,42.42,-55.23,Noise,Right
1707209334634,0.081008,0.018544,-1.091168,142.73,20.23,-27.65,Noise,Right
1707209334634,0.057584,0.011224,-1.1224,168.56,-3.29,-19.04,Noise,Right
1707209334634,-0.000976,0.103456,-1.02236,173.46,-8.05,-20.02,Noise,Right
1707209334634,0.104432,-0.07564,-0.899384,178.22,-2.03,-34.23,Noise,Right
1707209334680,0.188368,-0.245464,-0.552904,209.51,26.18,-32.83,Noise,Right
1707209334680,-0.520696,0.0,-1.696288,-10.08,-97.23,-0.49,Noise,Right
1707209334680,0.194712,-0.505568,-1.18828,168.35,-39.06,36.82,Noise,Right
1707209334725,0.482144,-0.27816,-1.120936,125.09,-0.07,13.79,Noise,Right
1707209334725,0.275232,-0.094672,-0.965264,17.78,14.42,42.56,Noise,Right
1707209334725,0.153232,-0.331352,-0.950136,-85.96,18.69,55.79,Noise,Right
1707209334784,0.075152,-0.270352,-0.915488,74.69,5.95,14.7,Noise,Right
1707209334784,0.144448,0.007808,-0.840824,67.69,-2.1,6.09,Noise,Right
1707209334835,-0.273768,-0.083448,-0.995032,44.24,-12.18,32.27,Noise,Right
1707209334835,-0.380152,-0.054656,-0.936472,12.11,-28.49,16.03,Noise,Right
1707209334835,-0.27328,-0.34648,-0.867176,92.61,-34.72,6.58,Noise,Right
1707209334835,-0.162504,-0.431392,-0.846192,127.33,-26.95,15.12,Noise,Right
1707209334886,-0.15128,-0.670024,-0.979416,116.62,-16.87,29.12,Noise,Right
1707209334887,0.032208,-0.657824,-0.840336,23.8,-9.94,24.29,Noise,Right
1707209334887,0.086864,-0.471408,-0.854,56.91,-13.44,12.88,Noise,Right
1707209335015,0.066368,-0.432368,-0.8906,-21.0,-14.84,14.42,Noise,Right
1707209335015,0.050264,-0.549488,-0.853024,28.49,-17.29,9.66,Noise,Right
1707209335015,0.01708,-0.314272,-0.486048,27.44,-17.71,6.37,Noise,Right
1707209335015,0.097112,-0.41968,-0.826184,-115.22,-16.1,21.35,Noise,Right
1707209335015,-0.077104,-0.611952,-1.036512,-75.39,-14.56,14.84,Noise,Right
1707209335015,-0.13176,-0.521184,-0.992104,-68.88,-9.17,5.95,Noise,Right
1707209335016,-0.147864,-0.5368,-0.95648,-86.52,-8.19,4.69,Noise,Right
1707209335072,-0.073688,-0.439688,-0.919392,-143.01,-3.36,3.15,Noise,Right
1707209335072,-0.132248,-0.186904,-0.901336,-114.24,6.65,11.06,Noise,Right
1707209335072,-0.044896,-0.211792,-0.915488,-82.88,9.1,37.52,Noise,Right
1707209335073,-0.086376,-0.23668,-1.024312,-73.22,9.66,4.2,Noise,Right
1707209335205,-0.101992,-0.16592,-1.059448,-18.2,-4.13,-41.93,Noise,Right
1707209335206,-0.065392,-0.105896,-1.04432,-5.95,-2.1,-70.42,Noise,Right
1707209335206,-0.121512,-0.176168,-1.049688,-20.16,-2.94,-61.46,Noise,Right
1707209335206,-0.107848,-0.253272,-1.084336,-3.5,-19.67,-55.09,Noise,Right
1707209335206,-0.260592,-0.128344,-0.976,-37.1,-43.54,-63.21,Noise,Right
1707209335206,-0.138104,-0.357216,-1.089704,-96.25,-46.76,-22.89,Noise,Right
1707209335206,0.693448,-0.268888,-0.730536,-388.08,-34.72,25.2,Noise,Right
1707209335252,0.142496,-0.03416,-0.979904,-498.96,-63.77,72.31,Noise,Right
1707209335252,0.072712,0.15128,-1.011136,-475.37,-83.09,76.09,Noise,Right
1707209335252,0.152744,0.172752,-0.87596,-429.52,-103.88,39.83,Noise,Right
1707209335252,0.077592,0.21472,-0.813496,-503.86,-127.89,-1.47,Noise,Right
1707209335298,-0.1952,0.659288,-0.579256,-654.08,-134.82,-41.44,Noise,Right
1707209335299,0.006832,0.621712,-0.668072,-336.35,-86.03,-67.41,Noise,Right
1707209335345,-0.059536,0.160552,-1.02724,-66.5,-28.91,-105.14,Noise,Right
1707209335346,-0.355264,0.509472,-1.016992,-201.6,4.69,-155.75,Noise,Right
1707209335346,-0.238632,0.81496,-1.062376,-233.87,37.24,-160.72,Noise,Right
1707209335398,-0.654408,0.82472,-0.813984,-202.86,61.04,-87.08,Noise,Right
1707209335398,-0.35624,0.766648,-0.337696,-393.96,58.94,-21.07,Noise,Right
1707209335398,-0.336232,0.81008,0.001952,-483.35,26.39,17.92,Noise,Right
1707209335529,-0.568032,1.158024,-0.193736,-311.08,-4.06,18.55,Noise,Right
1707209335529,0.040504,1.38104,-0.098576,-164.01,1.19,10.36,Noise,Right
1707209335530,0.179096,1.096048,-0.306464,-205.45,54.25,-5.6,Noise,Right
1707209335530,-0.275232,0.988688,-0.118584,-119.42,101.57,-0.49,Noise,Right
1707209335530,-0.81252,1.151192,-0.096624,35.35,127.33,21.49,Noise,Right
1707209335530,-0.653432,0.98332,-0.103456,73.22,139.93,37.24,Noise,Right
1707209335530,-0.11468,0.8174,-0.03416,80.36,125.79,48.3,Noise,Right
1707209335574,0.123464,0.759328,-0.00976,-31.22,80.01,43.89,Noise,Right
1707209335575,0.031232,0.906216,0.01464,-109.76,46.34,28.21,Noise,Right
1707209335575,-0.018544,0.843264,-0.150792,-50.4,41.65,0.77,Noise,Right
1707209335575,0.226432,0.879864,-0.056608,21.98,42.56,-27.23,Noise,Right
1707209335620,-0.4026,0.859856,-0.033672,341.6,25.9,-1.05,Noise,Right
1707209335621,0.544608,0.544608,-0.433344,443.8,7.21,0.56,Noise,Right
1707209335667,-0.325984,0.94428,-0.315248,382.13,-28.49,-49.42,Noise,Right
1707209335667,-0.470432,0.7442,-0.474824,352.87,-40.67,-90.16,Noise,Right
1707209335667,-0.56608,0.696376,-0.574864,12.25,-51.17,-115.71,Noise,Right
1707209335715,-0.800808,1.025288,-0.728096,-135.45,-9.94,-97.09,Noise,Right
1707209335715,-0.286944,1.24684,-0.831064,-149.94,73.22,-48.3,Noise,Right
1707209335715,-0.377224,1.426912,-0.837896,-148.82,147.77,8.4,Noise,Right
1707209335760,0.061,1.729472,-0.251808,-342.86,190.05,67.62,Noise,Right
1707209335760,0.207888,0.925736,0.247416,-248.57,153.44,155.47,Noise,Right
1707209335814,-0.179584,0.28792,-0.276208,-160.51,83.58,144.27,Noise,Right
1707209335814,-0.00244,0.463112,-0.05856,-31.36,33.18,92.82,Noise,Right
1707209335814,0.172264,0.474336,-0.266448,7.77,34.65,85.33,Noise,Right
1707209335931,-0.154208,0.671,-0.403576,35.77,51.03,94.01,Noise,Right
1707209335931,0.056608,0.710528,-0.235704,95.06,48.02,60.2,Noise,Right
1707209335931,-0.057584,0.75152,-0.203496,24.36,84.42,14.14,Noise,Right
1707209335931,0.213744,1.033096,-0.361608,-54.25,125.23,-31.92,Noise,Right
1707209335931,0.072224,1.053592,-0.04392,-67.27,163.17,-48.79,Noise,Right
1707209335931,-0.424072,1.114104,0.082472,-168.63,133.35,-90.37,Noise,Right
1707209335931,-0.062952,1.02236,0.07076,-231.77,84.42,-126.35,Noise,Right
1707209335977,0.108336,1.352736,1.1956,-74.55,-64.96,-64.47,Noise,Right
1707209335977,0.330864,1.350296,-0.032208,-61.53,-120.19,41.02,Noise,Right
1707209335977,0.080032,0.9882,-0.665144,102.34,-76.23,96.46,Noise,Right
1707209336034,-0.025376,0.87352,-0.415776,179.76,-4.62,89.53,Noise,Right
1707209336034,0.173728,0.932568,-0.19276,294.91,33.88,81.55,Noise,Right
1707209336034,0.16836,0.874984,-0.035136,212.59,22.96,45.71,Noise,Right
1707209336072,0.5612,0.861808,0.026352,268.31,-12.46,23.1,Noise,Right
1707209336072,-0.406992,0.8174,-0.297192,569.1,-28.28,38.43,Noise,Right
1707209336073,0.050752,0.51972,-0.5734,317.8,-26.18,3.92,Noise,Right
1707209336117,0.075152,0.770064,-0.785192,27.79,0.0,-11.83,Noise,Right
1707209336117,0.0244,0.93696,-0.923296,-21.21,29.89,-15.19,Noise,Right
1707209336117,-0.08052,1.152656,-1.111664,-24.29,63.42,-1.33,Noise,Right
1707209336162,0.03904,1.018944,-1.194624,-47.81,119.42,21.07,Noise,Right
1707209336162,0.459696,0.871568,-0.753472,-125.23,172.13,40.04,Noise,Right
1707209336216,0.56364,1.178032,-0.1708,-75.67,178.5,73.99,Noise,Right
1707209336216,0.12932,0.959896,-0.153232,150.78,134.05,107.1,Noise,Right
1707209336216,0.496784,0.51728,-0.139568,194.6,69.3,93.31,Noise,Right
1707209336344,-0.020984,0.942328,-0.200568,-105.91,37.66,77.14,Noise,Right
1707209336345,0.352824,0.706624,-0.380152,-148.89,12.53,69.02,Noise,Right
1707209336345,0.005856,0.750544,-0.692472,-194.18,6.93,19.04,Noise,Right
1707209336345,0.68808,0.552904,-0.418216,-186.69,49.56,69.86,Noise,Right
1707209336345,0.283528,0.71004,-0.272304,-113.26,40.32,77.28,Noise,Right
1707209336345,-0.241072,0.979416,-0.647576,-177.87,89.95,7.56,Noise,Right
1707209336345,0.274256,0.599264,-0.023424,-46.69,44.24,14.7,Noise,Right
1707209336397,0.410408,0.572424,-0.553392,-13.02,32.41,-18.06,Noise,Right
1707209336397,0.443592,0.823744,-0.211792,37.59,50.89,-42.91,Noise,Right
1707209336398,0.528992,1.114592,-0.061976,2.66,38.15,-30.17,Noise,Right
1707209336398,0.476776,1.076528,-0.185928,-16.52,19.46,8.26,Noise,Right
1707209336447,0.433832,0.939888,-0.34648,-0.7,11.48,36.96,Noise,Right
1707209336447,0.450912,0.75152,-0.16592,7.77,5.81,44.45,Noise,Right
1707209336448,0.515816,0.606584,-0.192272,-20.02,-14.42,31.71,Noise,Right
1707209336561,0.447984,0.669536,-0.529968,-32.76,-7.07,9.17,Noise,Right
1707209336563,0.494344,0.758352,-0.276696,-0.21,12.18,-3.85,Noise,Right
1707209336563,0.545096,0.948184,-0.304024,1.96,12.18,6.93,Noise,Right
1707209336565,0.535336,0.915976,-0.219112,8.12,15.61,25.27,Noise,Right
1707209336565,0.521184,0.7564,-0.226432,0.91,11.48,40.46,Noise,Right
1707209336565,0.448472,0.606096,-0.218624,-10.36,5.32,30.94,Noise,Right
1707209336597,0.621224,0.609512,-0.311832,-24.15,5.25,13.86,Noise,Right
1707209336597,-0.41968,1.22488,0.102968,-39.83,54.74,-0.14,Noise,Right
1707209336597,0.40016,0.749568,-0.027328,-54.25,-5.81,1.89,Noise,Right
1707209336643,0.510448,0.858392,-0.429928,-52.64,-9.8,7.49,Noise,Right
1707209336643,0.545096,0.896944,-0.119072,-17.85,-1.82,11.34,Noise,Right
1707209336692,0.528016,0.796904,-0.336232,-12.81,-10.5,10.64,Noise,Right
1707209336692,0.538264,0.868152,-0.245464,9.87,6.23,4.41,Noise,Right
1707209336693,0.566568,0.899872,-0.271816,11.55,5.88,9.45,Noise,Right
1707209336740,0.595848,0.87352,-0.17324,14.98,11.13,18.34,Noise,Right
1707209336740,0.618296,0.76128,-0.0854,-4.83,-17.92,17.64,Noise,Right
1707209336740,0.628056,0.533872,-0.020984,-44.45,-16.52,-12.39,Noise,Right
1707209336783,0.6222,0.846192,0.284016,-20.23,-59.71,-12.25,Noise,Right
1707209336784,0.57584,0.833016,0.127368,-75.6,-134.19,-25.55,Noise,Right
1707209336784,0.572912,0.840824,-0.234728,-76.3,-168.07,-55.86,Noise,Right
1707209336830,0.531432,0.87108,-0.332328,-46.41,-153.16,-83.23,Noise,Right
1707209336831,0.484096,0.833016,-0.16104,17.22,-139.23,-112.56,Noise,Right
1707209336878,0.501176,0.91256,-0.025864,24.36,-143.78,-141.4,Noise,Right
1707209336878,0.311344,1.034072,-0.08296,-4.55,-149.03,-165.13,Noise,Right
1707209336878,0.278648,1.056032,-0.101992,-11.55,-146.3,-185.78,Noise,Right
1707209336921,0.23912,1.057496,-0.149328,31.57,-151.62,-195.86,Noise,Right
1707209336921,0.07808,0.968192,-0.007808,129.5,-179.06,-194.95,Noise,Right
1707209336921,0.09516,0.821304,0.042456,70.21,-206.5,-206.5,Noise,Right
1707209336968,-0.22448,0.689056,0.074176,-18.83,-230.72,-211.47,Noise,Right
1707209336968,-0.418216,0.6588,0.008784,-129.64,-256.2,-230.93,Noise,Right
1707209336968,-0.665144,0.686128,-0.034648,-178.78,-285.18,-265.86,Noise,Right
1707209337016,-0.751032,0.80276,-0.00976,-326.41,-291.06,-320.6,Noise,Right
1707209337016,0.24156,0.89548,-0.286456,-404.46,-272.09,-383.32,Noise,Right
1707209337065,-0.953064,0.570472,-0.175192,-433.37,-243.53,-447.23,Noise,Right
1707209337065,-1.255136,1.175104,-0.140544,-557.9,-181.3,-439.81,Noise,Right
1707209337066,-1.009184,1.586976,-0.033184,-334.53,-125.37,-328.79,Noise,Right
1707209337169,-0.674416,1.636264,0.3294,-36.96,-144.13,-165.55,Noise,Right
1707209337170,-0.7442,1.072136,0.377224,-59.29,-157.71,-63.84,Noise,Right
1707209337170,-0.893528,0.365024,0.424072,-46.9,-161.14,-36.75,Noise,Right
1707209337170,-1.254648,0.054656,0.32696,-143.57,-126.77,-77.28,Noise,Right
1707209337170,-1.031144,-0.125416,0.400648,-138.46,-67.13,-158.27,Noise,Right
1707209337170,-0.987712,0.262544,0.533872,-275.45,2.45,-280.7,Noise,Right
1707209337216,-1.336632,0.703208,0.697352,-322.0,48.44,-308.7,Noise,Right
1707209337216,-0.98088,0.455792,0.260592,-104.3,71.12,-284.97,Noise,Right
1707209337216,-0.674416,0.43432,0.066368,-55.86,106.54,-259.7,Noise,Right
1707209337262,-0.60024,0.425536,0.23668,34.72,158.41,-199.57,Noise,Right
1707209337262,-0.6954,0.43432,0.33428,58.45,201.88,-104.37,Noise,Right
1707209337263,-0.762256,0.05856,0.6832,112.07,207.41,-36.82,Noise,Right
1707209337310,-0.833016,-0.045384,0.843752,101.92,174.72,7.28,Noise,Right
1707209337310,-0.697352,-0.361608,0.693448,20.93,129.22,-1.33,Noise,Right
1707209337310,-0.596824,-0.440176,0.547536,1.75,92.26,-25.34,Noise,Right
1707209337356,-0.713944,-0.332816,0.582672,-17.71,51.1,-78.54,Noise,Right
1707209337356,-0.8052,-0.179096,0.489952,-25.9,6.44,-112.07,Noise,Right
1707209337402,-0.842776,0.003904,0.34648,-14.21,-34.23,-117.53,Noise,Right
1707209337403,-0.930128,0.174704,0.242048,20.02,-31.85,-78.96,Noise,Right
1707209337403,-0.83204,0.24156,0.030256,-28.63,12.88,-27.23,Noise,Right
1707209337449,-0.923296,0.201544,0.110776,-8.82,47.32,32.27,Noise,Right
1707209337449,-1.043832,0.138592,0.177632,6.72,66.15,48.93,Noise,Right
1707209337450,-1.0736,-0.046848,0.268888,11.2,76.37,55.44,Noise,Right
1707209337503,-1.136064,-0.12932,0.33672,16.73,77.35,50.68,Noise,Right
1707209337620,-1.028216,-0.028792,0.067344,1.33,19.25,0.63,Noise,Right
1707209337841,-1.000888,0.0,-0.079056,460.53,2.45,38.78,Noise,Right
1707209337987,-1.010648,0.024888,-0.035136,-105.21,12.6,-13.09,Noise,Right
1707209337987,-0.934032,0.401136,-0.274744,-65.31,13.51,-4.76,Noise,Right
1707209337987,-0.886208,0.026352,-0.159576,84.7,5.6,34.86,Noise,Right
1707209338041,-1.02724,0.268888,-0.154208,158.55,31.01,143.78,Noise,Right
1707209338041,-1.368352,-0.16348,0.16592,7.07,51.24,229.6,Noise,Right
1707209338041,-1.45424,0.39284,0.028792,-154.35,-9.03,223.09,Noise,Right
1707209338041,-1.400072,0.5246,-0.230824,-96.04,-59.64,263.55,Noise,Right
1707209338091,-1.081896,0.706136,-0.188856,-143.43,-81.48,330.33,Noise,Right
1707209338091,-1.086288,1.018944,0.191784,-305.83,-157.92,369.39,Noise,Right
1707209338148,-0.54168,0.877912,0.391864,-335.02,-247.24,380.1,Noise,Right
1707209338148,-0.866688,0.451888,0.1586,-310.59,-256.69,327.67,Noise,Right
1707209338152,-0.835944,0.594384,0.020496,-243.46,-137.76,199.71,Noise,Right
1707209338182,-0.66368,0.672952,0.307928,-34.51,48.3,61.88,Noise,Right
1707209338183,-0.695888,0.854,0.4148,-43.19,98.91,34.23,Noise,Right
1707209338183,-0.567544,0.654408,0.506544,-81.48,64.82,55.16,Noise,Right
1707209338228,-0.472384,0.808128,0.649528,-217.91,-29.68,79.45,Noise,Right
1707209338228,-0.657336,0.855952,0.647088,-372.26,-122.01,131.39,Noise,Right
1707209338229,0.486048,1.50792,1.636264,-480.76,-181.16,185.92,Noise,Right
1707209338275,-0.274256,0.835456,0.501664,-389.83,-264.88,215.95,Noise,Right
1707209338275,-0.636352,0.963312,0.73688,-380.17,-255.01,201.11,Noise,Right
1707209338322,-0.66856,0.72468,0.786168,-67.13,-245.63,233.52,Noise,Right
1707209338322,-0.576816,0.723704,1.148752,-178.15,-242.06,221.76,Noise,Right
1707209338322,-0.008296,0.465552,1.091656,-245.07,-252.35,235.34,Noise,Right
1707209338369,0.064904,0.486536,1.08092,-368.97,-250.67,195.16,Noise,Right
1707209338370,0.00488,0.445544,0.843264,-351.19,-219.31,144.34,Noise,Right
1707209338370,0.1586,0.294752,0.57096,-295.12,-168.56,101.64,Noise,Right
1707209338415,0.066368,0.229848,0.557784,-218.47,-98.21,73.43,Noise,Right
1707209338415,-0.015128,0.225944,0.452864,-207.55,-14.77,45.78,Noise,Right
1707209338415,-0.127856,0.054168,0.36112,-185.71,54.25,29.47,Noise,Right
1707209338469,-0.342576,-0.015616,0.488976,-168.21,81.83,39.41,Noise,Right
1707209338470,0.12688,-0.215696,0.803736,-212.66,58.59,-4.9,Noise,Right
1707209338582,0.10004,-0.488,1.1834,-15.19,-0.21,-133.0,Noise,Right
1707209338582,-0.570472,-0.094184,1.042856,95.69,-45.57,-262.5,Noise,Right
1707209338582,-0.400648,0.508008,1.021872,278.67,-108.92,-282.87,Noise,Right
1707209338582,0.30988,-0.1098,1.148264,227.36,-176.19,-221.48,Noise,Right
1707209338582,0.55632,0.199104,1.046272,144.41,-211.47,-164.15,Noise,Right
1707209338583,0.369416,0.33916,0.952576,112.07,-225.26,-124.46,Noise,Right
1707209338583,-0.210328,0.306952,0.849608,128.24,-235.48,-79.66,Noise,Right
1707209338633,-0.184952,0.401624,0.769088,88.83,-250.95,-40.46,Noise,Right
1707209338633,0.193248,0.415776,0.743712,121.94,-257.88,-12.53,Noise,Right
1707209338633,0.562664,0.327448,0.709064,146.93,-238.07,-2.45,Noise,Right
1707209338683,0.555344,0.296216,0.54656,162.12,-214.69,7.42,Noise,Right
1707209338685,0.47092,0.344528,0.597312,168.84,-188.37,18.76,Noise,Right
1707209338685,0.419192,0.388448,0.682712,128.59,-169.96,24.71,Noise,Right
1707209338726,0.66368,0.54656,0.606584,88.48,-166.95,32.13,Noise,Right
1707209338727,1.120936,0.625128,0.452376,81.13,-154.91,28.28,Noise,Right
1707209338727,1.1346,0.555832,0.31232,128.03,-115.08,21.77,Noise,Right
1707209338777,0.767136,0.64416,0.286456,27.72,-59.64,16.1,Noise,Right
1707209338777,0.542656,0.628544,0.175192,9.52,0.21,21.7,Noise,Right
1707209338777,0.695888,0.469944,0.22448,11.76,52.43,29.33,Noise,Right
1707209338823,0.773968,0.38308,0.45872,60.76,96.53,25.34,Noise,Right
1707209338824,0.605608,0.425536,0.671976,-25.48,125.44,2.52,Noise,Right
1707209338909,0.589016,0.609024,0.828136,-129.22,99.19,-6.93,Noise,Right
1707209338909,0.851072,0.670024,0.923296,-55.44,27.72,11.48,Noise,Right
1707209338909,0.977464,0.589016,0.743712,36.4,-54.67,71.19,Noise,Right
1707209338909,0.90768,0.600728,0.616344,98.84,-107.1,126.0,Noise,Right
1707209338909,0.971608,0.40016,0.4148,133.84,-117.6,185.92,Noise,Right
1707209338909,1.057984,0.230336,0.119072,181.09,-97.3,220.29,Noise,Right
1707209338961,0.430416,0.171776,0.22692,79.38,-57.26,223.16,Noise,Right
1707209338961,0.493368,0.069784,0.244488,-37.24,-22.4,210.98,Noise,Right
1707209338961,0.900848,0.09028,0.28792,-169.26,-13.58,188.93,Noise,Right
1707209339012,1.015528,0.548024,0.577304,-154.7,-16.24,191.52,Noise,Right
1707209339013,0.976976,0.25864,0.523136,36.26,-11.83,211.61,Noise,Right
1707209339013,0.708088,0.021472,0.339648,68.32,-2.1,238.21,Noise,Right
1707209339115,0.776408,-0.067832,0.293776,119.84,23.17,260.61,Noise,Right
1707209339115,0.868152,-0.228872,0.305,189.98,57.4,255.43,Noise,Right
1707209339115,1.016504,-0.510448,0.411384,242.27,78.05,210.0,Noise,Right
1707209339115,0.951112,-0.422608,0.466528,271.53,65.52,134.4,Noise,Right
1707209339115,0.898896,-0.198616,0.485072,357.42,30.73,71.47,Noise,Right
1707209339116,0.854,-0.08784,0.54656,493.64,11.2,58.17,Noise,Right
1707209339163,0.775432,-0.150304,0.879376,369.25,14.77,51.59,Noise,Right
1707209339163,0.63684,-0.020496,0.736392,111.3,-4.27,19.67,Noise,Right
1707209339163,0.862784,-0.061,0.800808,113.05,-77.56,-19.81,Noise,Right
1707209339216,0.618784,-0.03172,0.615368,128.03,-143.01,-69.02,Noise,Right
1707209339216,0.696376,0.097112,0.408456,170.87,-161.56,-100.87,Noise,Right
1707209339258,0.891088,0.105896,0.296704,220.78,-120.12,-102.27,Noise,Right
1707209339259,0.930616,0.217648,0.164456,114.24,-65.1,-84.28,Noise,Right
1707209339259,0.943304,0.333304,0.172752,30.17,-11.27,-52.36,Noise,Right
1707209339305,1.028704,0.508984,0.3538,104.37,22.26,-11.27,Noise,Right
1707209339305,1.091656,0.420656,0.57096,139.86,13.65,27.09,Noise,Right
1707209339305,0.975512,0.369416,0.519232,74.27,-34.02,70.63,Noise,Right
1707209339350,0.945256,0.253272,0.366488,27.09,-55.3,55.93,Noise,Right
1707209339350,0.950624,0.16836,0.232288,28.77,-58.94,34.93,Noise,Right
1707209339395,0.976976,0.110776,0.337208,85.33,-62.23,13.86,Noise,Right
1707209339395,1.036512,0.232776,0.230336,72.52,-59.85,-0.21,Noise,Right
1707209339395,1.053104,0.33916,0.176656,44.8,-46.76,6.16,Noise,Right
1707209339441,0.981856,0.33672,0.223016,45.36,-28.77,29.4,Noise,Right
1707209339441,0.954528,0.284992,0.254248,40.88,-17.99,40.74,Noise,Right
1707209339442,0.906216,0.24156,0.272792,18.48,-17.29,38.85,Noise,Right
1707209339501,0.904752,0.231312,0.206912,21.84,-20.65,30.1,Noise,Right
1707209339501,0.915488,0.19764,0.210328,42.56,-27.09,17.15,Noise,Right
1707209339501,0.95892,0.162504,0.19276,57.68,-32.41,-2.38,Noise,Right
1707209339553,0.947208,0.180072,0.149328,66.78,-33.39,-14.84,Noise,Right
1707209339553,0.91256,0.19764,0.16836,77.84,-33.32,-15.61,Noise,Right
1707209339553,0.92232,0.217648,0.177144,65.17,-35.35,-5.67,Noise,Right
1707209339602,0.982344,0.227896,0.195688,44.52,-38.29,16.45,Noise,Right
1707209339603,1.02968,0.192272,0.157624,33.88,-35.07,38.15,Noise,Right
1707209339603,1.064328,0.115168,0.135176,14.35,-22.68,44.45,Noise,Right
1707209339731,1.047248,0.088328,0.12932,21.91,-13.37,36.82,Noise,Right
1707209339735,1.055544,0.0976,0.12688,28.42,-11.9,19.67,Noise,Right
1707209339739,1.018456,0.128832,0.156648,22.96,-16.66,3.08,Noise,Right
1707209339739,1.040904,0.185928,0.127368,16.87,-24.5,-3.64,Noise,Right
1707209339743,1.118008,0.205936,0.082472,14.98,-14.49,0.14,Noise,Right
1707209339743,0.996984,0.189832,0.09516,4.76,-14.21,5.25,Noise,Right
1707209339743,1.00528,0.18788,0.09516,5.74,-10.78,2.8,Noise,Right
1707209339797,0.954528,0.154696,0.10004,18.9,-0.35,-0.84,Noise,Right
1707209339797,0.954528,0.2074,0.143472,12.95,-2.17,-2.73,Noise,Right
1707209339797,0.907192,0.183,0.127856,8.47,-13.93,0.35,Noise,Right
1707209339798,1.007232,0.189344,0.099552,9.8,-24.15,3.43,Noise,Right
1707209339848,1.042856,0.152256,0.074664,15.61,-9.45,6.3,Noise,Right
1707209339848,0.989664,0.176168,0.110776,4.34,-12.6,6.79,Noise,Right
1707209339849,0.987712,0.101016,0.077592,14.42,-14.35,6.3,Noise,Right
1707209339849,1.014064,0.225944,0.129808,18.76,-14.07,6.37,Noise,Right
1707209339894,0.966728,0.151768,0.06344,11.48,-14.77,8.33,Noise,Right
1707209339895,1.00528,0.152744,0.05368,20.51,-12.88,8.68,Noise,Right
1707209339939,0.970144,0.250832,0.085888,2.17,-11.62,9.59,Noise,Right
1707209339940,0.995032,0.1342,0.138104,16.66,-10.29,14.07,Noise,Right
1707209339940,1.042856,0.086376,0.199104,18.83,-16.8,11.97,Noise,Right
1707209339987,0.985272,0.155672,0.164944,19.88,-22.54,9.31,Noise,Right
1707209339987,0.962824,0.201544,0.122488,29.19,-26.74,11.41,Noise,Right
1707209339987,0.909632,0.25132,0.133712,33.32,-30.31,14.77,Noise,Right
1707209340035,0.68808,0.099552,0.057584,35.35,-31.71,17.57,Noise,Right
1707209340035,1.1224,0.14152,0.035136,27.3,-28.0,11.06,Noise,Right
1707209340035,0.816912,0.019032,-0.036112,20.93,-24.36,13.02,Noise,Right
1707209340080,1.106296,-0.008296,0.06588,3.22,-21.84,5.53,Noise,Right
1707209340080,1.025776,0.0366,0.060512,15.89,-27.09,4.62,Noise,Right
1707209340125,1.200968,0.10004,-0.013664,1.19,-27.58,-1.75,Noise,Right
1707209340125,1.008208,0.142984,-0.094184,-3.92,-26.18,-2.1,Noise,Right
1707209340125,1.01016,0.194224,-0.222528,-9.52,-18.83,1.12,Noise,Right
1707209340173,1.010648,0.214232,-0.404064,-16.59,-3.29,6.58,Noise,Right
1707209340173,0.981368,0.072712,-0.476288,-25.27,24.78,10.85,Noise,Right
1707209340173,1.013576,0.08052,-0.472872,-10.15,53.13,6.02,Noise,Right
1707209340218,1.342488,0.089304,-0.473848,-35.21,67.9,-0.49,Noise,Right
1707209340218,1.501576,-0.011224,-0.550464,-10.78,62.79,-42.21,Noise,Right
1707209340267,1.557208,0.038552,-0.464576,-14.56,100.87,-66.15,Noise,Right
1707209340267,1.404464,0.042944,-0.31964,-46.27,175.77,-59.22,Noise,Right
1707209340268,1.206336,0.0,-0.149328,-110.18,242.48,-41.02,Noise,Right
1707209340316,0.889136,-0.054168,-0.066368,-142.03,301.63,-30.52,Noise,Right
1707209340316,0.654408,-0.105896,-0.01464,-148.47,348.39,-34.23,Noise,Right
1707209340316,0.36356,-0.128832,0.068808,-74.9,376.88,-42.77,Noise,Right
1707209340446,0.20496,-0.003904,0.3294,-31.99,384.44,-59.15,Noise,Right
1707209340446,0.177632,0.030256,0.455792,-60.83,359.52,-71.12,Noise,Right
1707209340446,0.18544,0.113216,0.643672,-110.6,306.39,-69.58,Noise,Right
1707209340447,0.101992,0.115656,0.732976,-162.68,248.92,-59.5,Noise,Right
1707209340447,0.069784,0.084912,0.799344,-212.73,204.05,-47.88,Noise,Right
1707209340447,0.174216,-0.099552,0.382104,-112.91,174.58,-28.7,Noise,Right
1707209340447,0.088816,-0.052704,0.745176,144.27,172.13,-25.48,Noise,Right
1707209340495,0.095648,0.020008,0.928176,111.72,190.75,-52.22,Noise,Right
1707209340495,0.142984,0.067832,0.998936,-41.86,217.0,-75.25,Noise,Right
1707209340496,0.085888,0.073688,0.96136,-79.73,241.36,-69.09,Noise,Right
1707209340496,-0.105896,0.225456,0.842776,-66.85,257.53,-44.03,Noise,Right
1707209340547,-0.186904,0.323056,1.164368,48.37,246.89,-13.23,Noise,Right
1707209340547,-0.221064,-0.020496,1.228296,-21.49,198.94,2.03,Noise,Right
1707209340649,-0.379664,0.086864,1.05408,13.93,179.83,30.03,Noise,Right
1707209340649,-0.13176,0.042456,1.301984,-31.71,168.56,49.21,Noise,Right
1707209340649,-0.299144,0.061976,1.14924,-53.06,159.53,60.97,Noise,Right
1707209340649,-0.51484,0.00976,1.268312,-108.85,161.35,55.51,Noise,Right
1707209340649,-0.544608,-0.04148,1.335168,-135.03,158.34,44.66,Noise,Right
1707209340649,-0.561688,-0.159576,1.3298,-154.21,140.14,27.23,Noise,Right
1707209340650,-0.620736,-0.32452,1.421544,-87.57,122.5,16.31,Noise,Right
1707209340751,-0.72224,-0.389912,1.440088,-49.7,109.76,12.46,Noise,Right
1707209340751,-0.830088,-0.394304,1.474248,37.66,95.83,27.3,Noise,Right
1707209340752,-0.82472,-0.285968,1.467416,45.99,70.21,57.12,Noise,Right
1707209340752,-0.754936,-0.186416,1.351272,48.09,43.33,96.04,Noise,Right
1707209340753,-0.67588,-0.14396,1.246352,55.65,21.0,129.29,Noise,Right
1707209340753,-0.5734,-0.101992,1.136552,72.24,6.16,146.93,Noise,Right
1707209340853,-0.650016,-0.03416,1.037976,57.19,1.4,145.88,Noise,Right
1707209340853,-0.494832,-0.017568,0.946232,30.24,12.11,130.2,Noise,Right
1707209340855,-0.437248,-0.00976,0.945256,26.95,17.71,113.4,Noise,Right
1707209340855,-0.414312,0.03416,0.942816,26.46,21.0,102.55,Noise,Right
1707209340855,-0.39284,0.083448,0.931104,31.36,19.46,102.06,Noise,Right
1707209340855,-0.363072,0.102968,0.91744,50.61,13.65,110.81,Noise,Right
1707209340903,-0.354288,0.109312,0.906216,62.16,4.97,118.79,Noise,Right
1707209340903,-0.333792,0.182512,0.877912,69.02,-2.1,123.34,Noise,Right
1707209340903,-0.296216,0.240096,0.852536,60.06,-10.01,121.17,Noise,Right
1707209340952,-0.23668,0.264496,0.801296,45.43,-19.81,111.86,Noise,Right
1707209340952,-0.2196,0.30012,0.774456,22.12,-24.57,94.85,Noise,Right
1707209340954,-0.184952,0.350872,0.760304,9.45,-25.41,81.41,Noise,Right
1707209340997,-0.1464,0.354776,0.76372,13.93,-28.7,71.68,Noise,Right
1707209340997,-0.160552,0.337208,0.745176,22.75,-30.24,64.26,Noise,Right
1707209341048,-0.159088,0.366488,0.770064,36.61,-22.96,60.62,Noise,Right
1707209341049,-0.159088,0.398696,0.79056,50.96,-14.98,63.14,Noise,Right
1707209341049,-0.147864,0.417728,0.776408,50.47,-14.0,67.76,Noise,Right
1707209341162,-0.13664,0.41724,0.773968,39.69,-17.15,65.59,Noise,Right
1707209341162,-0.133224,0.406504,0.772992,25.62,-16.66,55.79,Noise,Right
1707209341162,-0.127856,0.4148,0.761768,23.8,-14.63,43.05,Noise,Right
1707209341162,-0.149816,0.423096,0.765672,20.86,-11.55,32.76,Noise,Right
1707209341162,-0.16348,0.428464,0.78324,19.67,-8.47,29.61,Noise,Right
1707209341162,-0.190808,0.44652,0.803248,24.15,-4.34,33.74,Noise,Right
1707209341162,-0.19032,0.445544,0.805688,27.51,-2.38,40.74,Noise,Right
1707209341219,-0.196664,0.456768,0.805688,27.58,0.98,49.14,Noise,Right
1707209341219,-0.196176,0.472872,0.803736,24.5,3.5,54.25,Noise,Right
1707209341219,-0.204472,0.47824,0.803248,18.83,3.78,53.41,Noise,Right
1707209341342,-0.198128,0.481168,0.823256,15.19,3.36,49.28,Noise,Right
1707209341343,-0.20008,0.46848,0.83448,16.45,1.4,43.19,Noise,Right
1707209341343,-0.177632,0.474824,0.843752,20.44,-2.31,35.63,Noise,Right
1707209341343,-0.16592,0.485072,0.831552,25.62,-6.09,27.23,Noise,Right
1707209341343,-0.138104,0.493856,0.826672,24.01,-7.14,18.48,Noise,Right
1707209341343,-0.110288,0.5368,0.8296,24.08,-6.65,15.75,Noise,Right
1707209341343,-0.103944,0.555832,0.820328,21.91,-6.58,16.52,Noise,Right
1707209341468,-0.081984,0.564616,0.814472,15.96,-6.72,16.94,Noise,Right
1707209341469,-0.064904,0.557784,0.82472,10.99,-6.16,14.0,Noise,Right
1707209341469,-0.072224,0.528016,0.818864,14.0,-6.93,7.56,Noise,Right
1707209341469,-0.078568,0.55144,0.818864,18.27,-6.16,1.05,Noise,Right
1707209341469,-0.095648,0.57584,0.808128,17.92,-4.34,0.28,Noise,Right
1707209341469,-0.1098,0.603168,0.80276,12.25,-2.73,2.17,Noise,Right
1707209341469,-0.125904,0.582184,0.786168,8.75,-1.82,2.24,Noise,Right
1707209341469,-0.149328,0.57828,0.788608,5.95,-0.49,-0.77,Noise,Right
1707209341522,-0.178608,0.58072,0.79056,4.69,-0.49,-4.9,Noise,Right
1707209341522,-0.181536,0.591456,0.793976,3.36,-2.87,-6.58,Noise,Right
1707209341522,-0.168848,0.588528,0.784216,1.96,-5.88,-5.81,Noise,Right
1707209341569,-0.173728,0.581696,0.796904,0.98,-7.28,-5.04,Noise,Right
1707209341570,-0.176168,0.58316,0.803736,-0.14,-5.81,-4.34,Noise,Right
1707209341570,-0.179584,0.56364,0.822768,0.07,-2.59,-4.13,Noise,Right
1707209341613,-0.17568,0.5612,0.831552,0.0,-0.63,-2.31,Noise,Right
1707209341613,-0.170312,0.566568,0.842288,0.14,-3.22,0.21,Noise,Right
1707209341614,-0.1586,0.543144,0.82228,-0.91,-4.97,0.77,Noise,Right
1707209341660,-0.177144,0.540216,0.833504,-2.31,-2.24,-1.54,Noise,Right
1707209341660,-0.182512,0.535824,0.860344,-0.63,0.91,-3.01,Noise,Right
1707209341710,-0.176656,0.54168,0.862784,0.84,-0.35,-1.47,Noise,Right
1707209341711,-0.167872,0.548512,0.854976,2.24,-6.23,0.77,Noise,Right
1707209341712,-0.155184,0.54656,0.83936,2.59,-9.59,0.35,Noise,Right
1707209341753,-0.143472,0.55388,0.825696,4.13,-9.59,-2.73,Noise,Right
1707209341753,-0.150792,0.555832,0.828136,4.55,-8.68,-6.86,Noise,Right
1707209341755,-0.167384,0.564128,0.833992,5.11,-8.33,-9.38,Noise,Right
1707209341800,-0.176168,0.57828,0.838384,4.06,-6.02,-9.1,Noise,Right
1707209341801,-0.164944,0.565592,0.84424,2.03,-4.76,-6.58,Noise,Right
1707209341801,-0.182024,0.556808,0.837896,0.63,-4.55,-3.78,Noise,Right
1707209341860,-0.19032,0.557784,0.83692,-0.28,-5.46,-3.36,Noise,Right
1707209341860,-0.197152,0.545584,0.84424,-0.14,-5.88,-4.27,Noise,Right
1707209341909,-0.199592,0.548024,0.860832,0.84,-5.46,-3.71,Noise,Right
1707209341910,-0.194224,0.560224,0.85644,2.52,-5.95,-1.75,Noise,Right
1707209341910,-0.179584,0.555832,0.843264,3.29,-8.33,1.12,Noise,Right
1707209341910,-0.169336,0.552904,0.83936,2.87,-9.87,3.22,Noise,Right
1707209341957,-0.146888,0.560224,0.828624,2.52,-8.82,2.94,Noise,Right
1707209341957,-0.147864,0.560224,0.828624,1.89,-6.37,0.07,Noise,Right
1707209341957,-0.148352,0.55388,0.834968,1.4,-3.36,-2.59,Noise,Right
1707209342003,-0.16348,0.559736,0.84912,2.52,-3.08,-3.64,Noise,Right
1707209342003,-0.1586,0.56608,0.852536,2.38,-3.5,-3.22,Noise,Right
1707209342058,-0.159576,0.572424,0.842776,2.1,-4.06,-2.66,Noise,Right
1707209342059,-0.16348,0.565592,0.839848,1.19,-3.22,-3.01,Noise,Right
1707209342059,-0.161528,0.562176,0.845704,0.14,-1.47,-3.92,Noise,Right
1707209342118,-0.171288,0.550952,0.854,1.33,-1.47,-4.55,Noise,Right
1707209342118,-0.166896,0.543632,0.847656,3.01,-2.94,-5.46,Noise,Right
1707209342118,-0.168848,0.551928,0.844728,4.34,-4.55,-5.04,Noise,Right
1707209342119,-0.174704,0.555344,0.831552,3.36,-4.69,-4.27,Noise,Right
1707209342242,-0.17812,0.560712,0.838872,3.08,-3.5,-1.96,Noise,Right
1707209342243,-0.172264,0.549,0.844728,3.85,-3.01,0.56,Noise,Right
1707209342243,-0.161528,0.548024,0.834968,1.68,-3.36,2.45,Noise,Right
1707209342243,-0.157136,0.552416,0.83204,0.21,-3.78,1.54,Noise,Right
1707209342243,-0.169336,0.547536,0.842776,1.54,-3.43,-1.4,Noise,Right
1707209342243,-0.162016,0.55388,0.848144,3.64,-3.85,-4.34,Noise,Right
1707209342243,-0.172264,0.553392,0.842288,4.2,-6.16,-4.69,Noise,Right
1707209342301,-0.166408,0.558272,0.835456,4.34,-7.49,-3.5,Noise,Right
1707209342301,-0.150792,0.555832,0.828624,5.25,-6.65,-0.77,Noise,Right
1707209342303,-0.146888,0.569008,0.82472,3.85,-5.46,1.05,Noise,Right
1707209342303,-0.14396,0.56364,0.82472,3.15,-5.67,-0.49,Noise,Right
1707209342393,-0.136152,0.552416,0.830088,1.89,-5.46,-3.57,Noise,Right
1707209342393,-0.1586,0.55388,0.842288,1.82,-3.08,-6.65,Noise,Right
1707209342393,-0.157624,0.557296,0.8418,3.57,-1.75,-7.0,Noise,Right
1707209342393,-0.167384,0.559248,0.838872,3.22,-3.29,-5.39,Noise,Right
1707209342393,-0.172264,0.555344,0.834968,2.87,-5.6,-3.71,Noise,Right
1707209342492,-0.156648,0.561688,0.823744,3.43,-6.44,-3.43,Noise,Right
1707209342492,-0.160064,0.559248,0.818864,3.64,-5.46,-3.43,Noise,Right
1707209342492,-0.15372,0.564616,0.820816,4.2,-4.62,-3.15,Noise,Right
1707209342492,-0.153232,0.559736,0.815448,2.8,-4.48,-2.66,Noise,Right
1707209342492,-0.16348,0.554856,0.821304,1.26,-3.71,-2.52,Noise,Right
1707209342493,-0.165432,0.548024,0.83692,2.73,-2.59,-3.29,Noise,Right
1707209342548,-0.170312,0.555344,0.833992,3.64,-2.73,-3.5,Noise,Right
1707209342549,-0.17568,0.56852,0.84424,3.29,-2.59,-2.66,Noise,Right
1707209342549,-0.166408,0.559736,0.842776,4.06,-2.73,-1.54,Noise,Right
1707209342669,-0.161528,0.569984,0.841312,3.64,-3.22,-0.56,Noise,Right
1707209342669,-0.155184,0.562176,0.835456,2.24,-4.83,-0.98,Noise,Right
1707209342669,-0.142008,0.542656,0.825208,1.19,-4.2,-3.5,Noise,Right
1707209342669,-0.144448,0.544608,0.827648,1.54,-2.03,-6.3,Noise,Right
1707209342670,-0.155184,0.543632,0.834968,0.7,-0.91,-7.7,Noise,Right
1707209342670,-0.163968,0.555344,0.856928,3.15,-1.96,-6.65,Noise,Right
1707209342670,-0.165432,0.562664,0.853512,3.36,-3.85,-3.57,Noise,Right
1707209342717,-0.151768,0.549976,0.840824,2.87,-5.88,-1.54,Noise,Right
1707209342717,-0.149328,0.552416,0.83448,1.89,-5.25,-2.1,Noise,Right
1707209342718,-0.135664,0.542168,0.837896,1.75,-4.97,-5.6,Noise,Right
1707209342780,-0.101016,0.547048,0.848144,3.36,-5.81,-10.92,Noise,Right
1707209342780,-0.069296,0.540704,0.861808,3.78,-8.47,-18.27,Noise,Right
1707209342780,-0.031232,0.538264,0.884256,4.34,-13.37,-26.88,Noise,Right
1707209342826,0.024888,0.508496,0.90524,6.09,-22.4,-38.22,Noise,Right
1707209342826,0.04392,0.494344,0.891576,12.95,-32.55,-52.92,Noise,Right
1707209342826,0.056608,0.513376,0.878888,20.51,-47.25,-73.01,Noise,Right
1707209342827,0.044408,0.511424,0.801784,21.7,-77.14,-99.54,Noise,Right
1707209342873,0.005856,0.523136,0.754936,11.62,-112.7,-137.48,Noise,Right
1707209342873,-0.083936,0.489464,0.703696,0.42,-149.59,-172.9,Noise,Right
1707209342873,-0.194712,0.501664,0.7442,-28.56,-176.47,-202.37,Noise,Right
1707209342919,-0.48068,0.552904,0.779824,-86.1,-210.91,-227.99,Noise,Right
1707209342919,-0.41968,0.498736,0.879376,-63.84,-234.29,-236.74,Noise,Right
1707209342975,-0.450912,0.428464,0.930128,-80.08,-250.25,-248.99,Noise,Right
1707209342975,-0.359656,0.339648,0.906704,-110.39,-261.45,-268.1,Noise,Right
1707209342975,-0.290848,0.310856,0.820816,-122.5,-258.93,-290.78,Noise,Right
1707209343028,-0.296216,0.247904,0.77104,-77.63,-250.25,-308.91,Noise,Right
1707209343028,-0.2928,0.27816,0.777384,-21.49,-245.0,-321.79,Noise,Right
1707209343030,-0.291824,0.301096,0.776896,40.39,-247.52,-328.44,Noise,Right
1707209343030,-0.223504,0.295728,0.71736,77.21,-251.93,-326.13,Noise,Right
1707209343078,-0.064904,0.419192,0.63684,173.95,-243.6,-289.8,Noise,Right
1707209343079,-0.01464,0.427,0.647576,250.6,-225.54,-238.56,Noise,Right
1707209343193,0.146888,0.540216,0.584624,153.16,-202.3,-199.01,Noise,Right
1707209343195,0.292312,0.632448,0.536312,156.03,-173.6,-154.49,Noise,Right
1707209343195,0.28548,0.730536,0.465064,132.02,-143.01,-103.32,Noise,Right
1707209343195,0.268888,0.720288,0.476776,137.55,-101.15,-63.0,Noise,Right
1707209343195,0.309392,0.695888,0.518744,158.62,-57.4,-31.78,Noise,Right
1707209343195,0.355752,0.687104,0.579744,171.99,-9.17,-11.13,Noise,Right
1707209343195,0.301584,0.736392,0.682712,99.4,34.44,-14.98,Noise,Right
1707209343246,0.453352,0.80032,0.73688,-138.88,57.54,-46.41,Noise,Right
1707209343246,0.543144,0.85888,0.752496,-201.39,65.03,-60.83,Noise,Right
1707209343246,0.317688,0.8174,0.907192,-136.29,59.85,-63.84,Noise,Right
1707209343246,0.318664,1.068232,1.162416,-45.43,43.82,-52.99,Noise,Right
1707209343293,0.354776,0.830088,1.105808,92.33,14.35,-9.52,Noise,Right
1707209343295,0.52948,1.0736,0.981368,55.23,-4.48,4.55,Noise,Right
1707209343340,0.279624,1.230248,1.05896,-38.29,-9.17,21.07,Noise,Right
1707209343340,0.32452,0.972096,0.894992,-88.76,3.71,51.03,Noise,Right
1707209343340,0.307928,0.703696,0.791536,-194.67,13.86,59.92,Noise,Right
1707209343385,0.207888,0.486048,0.585112,-274.19,16.03,60.13,Noise,Right
1707209343385,0.20008,0.569496,0.540704,-282.73,12.67,58.59,Noise,Right
1707209343385,0.282064,0.525088,0.805688,-92.89,16.87,60.69,Noise,Right
1707209343438,0.411384,0.443592,1.177544,12.81,16.24,50.05,Noise,Right
1707209343442,0.276696,0.455304,1.160464,-16.38,6.58,24.64,Noise,Right
1707209343488,0.216672,0.576328,1.083848,-62.3,-6.65,12.25,Noise,Right
1707209343488,0.176656,0.60268,1.01748,-62.51,-27.65,22.68,Noise,Right
1707209343488,0.10248,0.591944,1.079944,-55.23,-65.87,45.36,Noise,Right
1707209343542,0.075152,0.451888,1.042368,-117.74,-122.57,57.26,Noise,Right
1707209343543,0.098088,0.345992,0.86132,-114.03,-161.35,62.58,Noise,Right
1707209343543,0.057096,0.40748,0.733952,-136.57,-157.22,45.36,Noise,Right
1707209343543,0.403088,0.459696,0.8052,-79.31,-110.67,26.46,Noise,Right
1707209343590,0.37088,0.394792,0.645624,-48.58,-65.38,10.22,Noise,Right
1707209343590,0.581696,0.410896,1.345904,-12.81,-28.14,8.05,Noise,Right
1707209343590,0.709552,0.03172,0.953552,100.59,-70.0,-1.26,Noise,Right
1707209343636,0.352336,0.2074,0.701256,-6.72,-106.61,-41.44,Noise,Right
1707209343636,0.049776,0.123952,0.57096,39.62,-105.84,-74.69,Noise,Right
1707209343692,0.16836,0.11468,0.556808,17.36,-72.03,-72.17,Noise,Right
1707209343693,0.568032,0.223016,0.59292,108.5,-24.43,-83.02,Noise,Right
1707209343693,0.492392,0.413824,0.569984,96.11,27.37,-95.27,Noise,Right
1707209343745,0.25376,0.36112,0.492392,49.0,67.9,-111.09,Noise,Right
1707209343745,0.16836,0.412848,0.430416,19.39,99.54,-113.47,Noise,Right
1707209343746,0.162504,0.537776,0.642208,5.88,127.47,-104.65,Noise,Right
1707209343746,0.127368,0.549,0.7442,7.14,154.56,-92.54,Noise,Right
1707209343795,0.127856,0.523624,0.78324,-21.49,179.34,-82.04,Noise,Right
1707209343795,0.076616,0.328912,0.839848,-20.86,197.05,-68.74,Noise,Right
1707209343795,0.142496,0.458232,0.650992,75.6,208.74,-95.27,Noise,Right
1707209343926,-0.29036,0.368928,0.552904,1.26,216.3,-122.78,Noise,Right
1707209343926,-0.533384,0.590968,0.375272,102.34,233.45,-140.42,Noise,Right
1707209343926,-0.229848,1.02236,1.03212,19.18,220.99,-159.74,Noise,Right
1707209343926,-0.221064,0.787632,1.299544,-17.5,165.27,-127.54,Noise,Right
1707209343927,0.066368,0.809592,1.148752,111.16,82.53,-103.67,Noise,Right
1707209343927,0.012688,0.556808,1.065304,126.35,50.89,-95.06,Noise,Right
1707209343927,-0.237656,0.66124,0.5978,149.87,79.38,-71.61,Noise,Right
1707209343979,-0.254736,0.977464,0.547536,4.27,109.62,-31.5,Noise,Right
1707209343979,-0.187392,1.060912,0.5246,66.57,150.15,30.03,Noise,Right
1707209343979,-0.630984,1.074088,0.591944,209.51,165.27,79.73,Noise,Right
1707209343979,-0.413824,1.159,0.577304,287.91,160.09,119.77,Noise,Right
1707209344025,-0.43676,1.157536,0.7564,330.12,148.96,135.38,Noise,Right
1707209344025,-0.656848,0.937936,1.026752,343.7,113.12,124.6,Noise,Right
1707209344068,-0.521672,0.856928,0.974048,280.14,51.24,101.92,Noise,Right
1707209344068,-0.309392,0.934032,0.906704,-6.86,-7.35,84.14,Noise,Right
1707209344068,-0.549488,0.88328,0.7564,-152.6,-69.72,100.31,Noise,Right
1707209344115,-0.420168,0.823744,0.725656,-177.94,-120.19,123.34,Noise,Right
1707209344115,-0.335256,0.72468,0.64172,-300.37,-137.9,103.88,Noise,Right
1707209344115,-0.662704,0.688568,0.39284,-260.61,-99.26,95.83,Noise,Right
1707209344160,-0.091744,0.741272,0.550464,-54.6,-36.96,101.71,Noise,Right
1707209344161,-0.137616,0.77104,0.657336,86.8,13.09,99.61,Noise,Right
1707209344209,-0.368928,0.73932,0.55144,91.56,29.54,107.45,Noise,Right
1707209344209,-0.33428,0.75152,0.40992,117.95,29.05,121.59,Noise,Right
1707209344210,-0.115168,0.86376,0.413336,104.16,2.1,101.71,Noise,Right
1707209344253,-0.047336,0.621224,0.481656,85.26,-22.68,76.44,Noise,Right
1707209344255,0.018056,0.886208,0.371856,51.45,-31.01,114.52,Noise,Right
1707209344255,0.149328,0.53924,0.36844,-168.42,-44.59,108.78,Noise,Right
1707209344307,-0.394304,1.143872,0.681248,-385.14,-66.29,49.28,Noise,Right
1707209344307,0.023912,0.791048,0.498736,31.71,-39.97,26.04,Noise,Right
1707209344307,0.006344,0.736392,0.539728,71.26,5.6,-0.77,Noise,Right
1707209344448,0.000488,0.82472,0.69784,-20.72,7.42,-14.91,Noise,Right
1707209344448,0.034648,0.786656,0.616832,-70.49,-12.11,-10.43,Noise,Right
1707209344448,0.199104,0.89304,0.658312,-76.86,-31.57,22.33,Noise,Right
1707209344448,0.155184,0.61732,0.650016,-12.67,-27.72,51.31,Noise,Right
1707209344448,0.19032,0.571936,0.97844,-84.77,-8.89,31.85,Noise,Right
1707209344448,0.191784,0.530456,0.813008,-321.65,-5.46,-7.42,Noise,Right
1707209344449,0.155184,0.755912,0.698328,-286.79,13.58,-19.39,Noise,Right
1707209344541,0.204472,0.789584,0.676368,-143.36,27.44,20.51,Noise,Right
1707209344541,0.218624,0.585112,0.766648,-63.14,11.27,31.85,Noise,Right
1707209344541,0.16592,0.450912,0.822768,-5.95,-8.75,17.36,Noise,Right
1707209344542,0.176656,0.438712,0.870592,-9.17,-0.28,7.0,Noise,Right
1707209344542,0.174704,0.480192,0.877424,-52.15,16.17,12.6,Noise,Right
1707209344542,0.21228,0.508984,0.821304,-61.32,19.81,27.44,Noise,Right
1707209344542,0.168848,0.538264,0.740296,-41.09,7.7,57.61,Noise,Right
1707209344643,0.22448,0.483608,0.757376,11.55,-11.55,82.95,Noise,Right
1707209344643,-0.196176,0.828624,1.12728,-17.99,30.24,-11.62,Noise,Right
1707209344644,0.355264,0.784704,1.092632,-3.99,22.12,-1.26,Noise,Right
1707209344644,0.314272,0.532896,0.955016,-14.7,8.68,8.96,Noise,Right
1707209344644,0.174704,0.394304,0.979904,-13.44,-4.9,14.21,Noise,Right
1707209344644,0.158112,0.445056,0.85156,-15.12,-10.15,10.5,Noise,Right
1707209344688,0.146888,0.543144,0.796416,1.54,-5.18,10.57,Noise,Right
1707209344688,0.381128,0.728584,0.837408,25.62,-11.06,21.0,Noise,Right
1707209344736,-0.343064,0.70272,1.01016,37.03,-154.14,13.37,Noise,Right
1707209344737,-0.132248,0.00732,1.09312,-313.67,-28.07,-15.47,Noise,Right
1707209344737,0.293776,0.43676,1.100928,-6.09,8.26,1.12,Noise,Right
1707209344782,0.05612,0.415288,1.186816,2.1,-1.12,8.68,Noise,Right
1707209344782,0.194712,0.367952,1.057984,4.97,-13.51,9.24,Noise,Right
1707209344782,-0.082472,0.276208,1.08092,6.51,-24.5,5.18,Noise,Right
1707209344828,0.152256,0.366976,1.117032,0.0,-35.49,-5.11,Noise,Right
1707209344829,0.198616,0.5734,1.026264,2.17,-46.62,2.87,Noise,Right
1707209344876,0.16104,0.545096,0.913536,3.64,-54.81,16.03,Noise,Right
1707209344876,0.188856,0.525088,0.84424,-15.05,-54.25,23.87,Noise,Right
1707209344876,0.170312,0.43676,0.935496,8.96,-49.84,30.38,Noise,Right
1707209344925,0.267912,0.509472,0.95892,7.42,-48.37,33.67,Noise,Right
1707209344925,0.342088,0.415288,1.083848,11.34,-56.35,42.7,Noise,Right
1707209344925,0.451888,0.433344,0.999912,10.43,-73.01,43.33,Noise,Right
1707209344970,0.477752,0.479704,1.098976,11.55,-94.71,46.76,Noise,Right
1707209344970,0.32696,0.625128,1.145824,98.28,-100.66,56.77,Noise,Right
1707209344970,0.355752,0.478728,0.97844,40.11,-99.96,57.68,Noise,Right
1707209345058,0.339648,0.448472,0.818376,53.41,-101.15,60.62,Noise,Right
1707209345058,0.284992,0.335744,0.673928,60.9,-94.22,63.56,Noise,Right
1707209345058,0.227896,0.253272,0.70028,114.8,-77.98,56.98,Noise,Right
1707209345059,0.393816,0.26352,0.711016,171.15,-62.86,51.38,Noise,Right
1707209345059,0.547048,0.223992,0.777384,185.99,-56.42,43.61,Noise,Right
1707209345158,0.756888,0.207888,0.793,149.59,-57.19,41.16,Noise,Right
1707209345159,0.760304,0.327936,0.743224,109.9,-65.59,39.62,Noise,Right
1707209345159,0.697352,0.48068,0.637328,112.84,-77.07,31.99,Noise,Right
1707209345159,0.603168,0.528016,0.50996,157.99,-84.56,23.94,Noise,Right
1707209345159,0.464576,0.4758,0.444568,119.98,-69.93,-5.25,Noise,Right
1707209345258,0.427976,0.477752,0.389424,61.11,-38.22,-51.24,Noise,Right
1707209345258,0.602192,0.24644,-0.086376,23.59,-4.13,-92.61,Noise,Right
1707209345258,0.503616,0.549,0.493856,-0.84,21.21,-124.32,Noise,Right
1707209345258,0.6588,0.611464,0.432368,-12.11,37.66,-142.66,Noise,Right
1707209345258,0.687592,0.498248,0.444568,-16.94,39.69,-143.92,Noise,Right
1707209345258,0.61488,0.471896,0.43188,-35.63,29.68,-123.62,Noise,Right
1707209345309,0.503616,0.550464,0.455792,-15.68,22.33,-100.38,Noise,Right
1707209345309,0.410896,0.54656,0.497272,-10.85,19.11,-84.7,Noise,Right
1707209345309,0.3782,0.579256,0.55144,-27.79,21.35,-33.88,Noise,Right
1707209345309,0.262056,0.716872,0.532896,-33.95,25.83,-11.06,Noise,Right
1707209345356,0.217648,0.793976,0.557784,-22.54,41.3,-22.68,Noise,Right
1707209345356,0.30012,0.837896,0.567544,-20.3,58.66,-55.09,Noise,Right
1707209345402,0.303048,0.816912,0.590968,-24.15,69.16,-102.83,Noise,Right
1707209345402,0.271816,0.803248,0.60512,-10.36,70.98,-134.61,Noise,Right
1707209345402,0.26352,0.828136,0.562664,22.89,68.88,-144.9,Noise,Right
1707209345450,0.042944,0.814472,0.527528,73.43,58.66,-138.25,Noise,Right
1707209345451,0.144448,0.727608,0.546072,96.88,33.95,-137.55,Noise,Right
1707209345451,-0.101016,0.764208,0.488976,122.78,11.13,-135.59,Noise,Right
1707209345497,0.047336,0.823744,0.747128,121.8,-12.81,-119.0,Noise,Right
1707209345497,0.213256,0.88328,0.697352,282.17,-9.73,-69.02,Noise,Right
1707209345497,0.079056,1.038464,0.633912,293.09,-3.36,-40.32,Noise,Right
1707209345553,-0.01708,1.069208,0.479704,253.47,9.17,-22.75,Noise,Right
1707209345557,0.147864,0.998936,0.15372,154.14,18.62,-33.81,Noise,Right
1707209345589,0.116144,0.888648,0.330864,101.99,17.5,-60.34,Noise,Right
1707209345590,-0.018544,0.961848,0.388936,99.26,0.35,-90.02,Noise,Right
1707209345590,-0.038064,0.994056,0.374784,68.04,-20.72,-112.07,Noise,Right
1707209345638,-0.111752,1.050176,0.4148,59.85,-35.77,-123.62,Noise,Right
1707209345638,-0.079544,0.977952,0.30256,82.81,-50.89,-128.1,Noise,Right
1707209345638,-0.062464,0.964776,0.220088,63.0,-62.16,-137.9,Noise,Right
1707209345682,-0.07076,0.926712,0.179584,16.24,-62.79,-146.02,Noise,Right
1707209345683,-0.17568,0.925736,0.21472,-9.8,-52.36,-147.56,Noise,Right
1707209345683,-0.325496,0.935984,0.210328,-9.24,-38.92,-148.68,Noise,Right
1707209345736,-0.364048,0.925248,0.188368,-27.65,-28.0,-152.46,Noise,Right
1707209345736,-0.381128,1.099464,-0.038064,13.79,-3.92,-150.71,Noise,Right
1707209345858,-0.342088,0.793,0.266936,-19.11,33.39,-149.1,Noise,Right
1707209345858,-0.30988,0.889136,0.130784,-45.64,52.15,-137.62,Noise,Right
1707209345859,-0.434808,0.775432,0.226432,-21.49,56.56,-131.04,Noise,Right
1707209345859,-0.493368,0.829112,0.279136,-53.41,43.82,-123.97,Noise,Right
1707209345859,-0.610976,0.915,0.320128,-46.9,16.52,-112.14,Noise,Right
1707209345859,-0.587552,0.92964,0.271816,-33.32,-33.18,-101.64,Noise,Right
1707209345859,-0.56364,0.916952,0.2074,-35.07,-46.34,-87.57,Noise,Right
1707209345974,-0.541192,0.912072,0.19764,-11.69,-64.61,-64.61,Noise,Right
1707209345974,-0.538752,0.863272,0.191784,13.86,-75.95,-34.23,Noise,Right
1707209345974,-0.591944,0.870104,0.102968,22.96,-79.17,16.24,Noise,Right
1707209345974,-0.620248,0.828136,0.087352,15.05,-65.66,25.48,Noise,Right
1707209345974,-0.601216,0.786168,0.078568,29.19,-33.88,35.98,Noise,Right
1707209345975,-0.532896,0.720776,0.156648,15.05,-4.06,31.78,Noise,Right
1707209345975,-0.54168,0.747128,0.169824,18.62,13.37,26.74,Noise,Right
1707209345975,-0.501664,0.78568,0.206424,23.45,23.87,24.5,Noise,Right
1707209346023,-0.491904,0.845704,0.243024,29.96,28.91,25.48,Noise,Right
1707209346023,-0.489952,0.896944,0.258152,56.77,29.47,28.07,Noise,Right
1707209346023,-0.472872,0.932568,0.270352,51.59,21.63,27.86,Noise,Right
1707209346082,-0.460184,0.939888,0.24156,58.31,9.1,27.86,Noise,Right
1707209346083,-0.464088,0.90524,0.185928,49.49,-2.59,21.7,Noise,Right
1707209346118,-0.467504,0.89304,0.147864,44.03,-10.01,7.98,Noise,Right
1707209346118,-0.464088,0.918416,0.111752,65.59,-13.02,-6.09,Noise,Right
1707209346118,-0.47092,0.882304,0.160064,55.44,-18.27,-20.3,Noise,Right
1707209346164,-0.472384,0.870104,0.205448,33.95,-19.81,-24.08,Noise,Right
1707209346165,-0.460184,0.857416,0.192272,21.7,-16.52,-18.69,Noise,Right
1707209346165,-0.480192,0.841312,0.21228,7.49,-10.43,-12.53,Noise,Right
1707209346211,-0.469944,0.83692,0.202032,-9.03,-5.04,-3.5,Noise,Right
1707209346211,-0.459696,0.824232,0.20252,-23.17,-1.54,7.35,Noise,Right
1707209346211,-0.455792,0.796416,0.16592,-25.27,-0.56,19.18,Noise,Right
1707209346257,-0.448472,0.8418,0.12932,-21.42,-4.34,26.6,Noise,Right
1707209346258,-0.488976,0.855952,0.155672,-30.03,-10.57,24.22,Noise,Right
1707209346305,-0.482632,0.862296,0.20252,-34.3,-15.89,16.03,Noise,Right
1707209346305,-0.486536,0.865224,0.203008,-38.92,-18.55,8.33,Noise,Right
1707209346305,-0.490928,0.884744,0.1952,-38.57,-16.59,3.01,Noise,Right
1707209346358,-0.48068,0.877424,0.1952,-29.26,-13.09,-1.54,Noise,Right
1707209346358,-0.46848,0.8784,0.207888,-19.18,-10.29,-4.06,Noise,Right
1707209346358,-0.460184,0.88084,0.229848,-12.18,-8.54,-3.92,Noise,Right
1707209346485,-0.462624,0.879376,0.247416,-8.96,-6.65,-1.26,Noise,Right
1707209346485,-0.457744,0.879376,0.251808,-5.39,-4.83,3.08,Noise,Right
1707209346486,-0.469456,0.88328,0.254736,-5.46,-2.17,4.48,Noise,Right
1707209346486,-0.482144,0.886696,0.246928,-3.36,-0.07,2.31,Noise,Right
1707209346486,-0.463112,0.899872,0.236192,1.82,1.12,-2.52,Noise,Right
1707209346486,-0.453352,0.901336,0.238632,-0.91,0.91,-6.51,Noise,Right
1707209346486,-0.438224,0.899384,0.237168,-1.68,-1.96,-5.32,Noise,Right
1707209346539,-0.435296,0.89304,0.230824,-6.37,-3.08,-1.82,Noise,Right
1707209346539,-0.444568,0.868152,0.221552,-7.49,-1.96,-0.28,Noise,Right
1707209346540,-0.447496,0.856928,0.215696,-6.58,-0.77,-1.54,Noise,Right
1707209346540,-0.450912,0.855952,0.211792,1.05,-0.49,-1.96,Noise,Right
1707209346585,-0.446032,0.852048,0.227896,0.56,-1.47,-2.38,Noise,Right
1707209346585,-0.440176,0.85644,0.223992,0.42,-2.66,-1.75,Noise,Right
1707209346585,-0.443592,0.874008,0.233264,-0.91,-3.71,-0.56,Noise,Right
1707209346631,-0.446032,0.8784,0.235216,-1.96,-4.83,-0.28,Noise,Right
1707209346631,-0.442128,0.879864,0.23912,-0.14,-4.97,-2.59,Noise,Right
1707209346677,-0.438712,0.882304,0.257176,1.61,-6.58,-5.32,Noise,Right
1707209346677,-0.438224,0.876936,0.266936,-0.07,-8.05,-5.74,Noise,Right
1707209346677,-0.439688,0.870104,0.267424,-1.19,-8.05,-5.04,Noise,Right
1707209346723,-0.441152,0.864248,0.267424,0.91,-6.72,-4.41,Noise,Right
1707209346723,-0.450424,0.867176,0.279624,6.23,-3.71,-2.73,Noise,Right
1707209346723,-0.459696,0.853512,0.278648,4.69,-1.54,-1.19,Noise,Right
1707209346769,-0.462136,0.852048,0.272304,2.45,-1.47,-0.98,Noise,Right
1707209346769,-0.485072,0.833016,0.257664,-0.77,-2.52,-3.99,Noise,Right
1707209346816,-0.51972,0.82228,0.259128,-3.71,-6.23,-14.14,Noise,Right
1707209346817,-0.450424,0.798856,0.299632,-2.59,-8.12,-31.85,Noise,Right
1707209346817,-0.484584,0.731024,0.328424,-20.72,-3.22,-54.39,Noise,Right
1707209346871,-0.732488,0.72956,0.357704,-28.07,1.89,-60.34,Noise,Right
1707209346871,-0.666608,0.801296,0.341112,33.46,-32.76,-59.36,Noise,Right
1707209346871,-0.603168,0.730048,0.708088,-61.6,-84.42,-92.89,Noise,Right
1707209346923,-0.55876,0.91012,0.722728,-39.06,-139.72,-114.24,Noise,Right
1707209346923,-0.53436,0.955992,0.828136,-154.28,-189.63,-127.33,Noise,Right
1707209346923,-0.52216,0.930616,0.904752,-322.49,-251.02,-117.67,Noise,Right
1707209346923,-0.673928,0.821304,0.989664,-445.97,-301.49,-87.36,Noise,Right
1707209346974,-0.860832,0.91256,1.135088,-366.24,-323.33,-43.61,Noise,Right
1707209346975,-0.549976,0.80276,0.985272,-280.0,-291.55,-2.31,Noise,Right
1707209346975,-0.479704,0.75884,1.062864,-297.71,-202.51,13.44,Noise,Right
1707209347119,-0.413824,0.77836,1.164368,-370.72,-108.64,28.7,Noise,Right
1707209347119,-0.338184,0.672952,1.05896,-290.08,-48.16,60.9,Noise,Right
1707209347119,0.488,0.464576,0.56852,-85.96,-63.07,117.11,Noise,Right
1707209347119,0.209352,0.529968,1.105808,-126.42,-107.1,120.61,Noise,Right
1707209347119,-0.399184,0.305488,1.1468,-107.87,-156.66,115.57,Noise,Right
1707209347119,-0.727608,0.2684,1.2932,2.45,-232.68,147.28,Noise,Right
1707209347119,-0.2928,0.159088,1.00284,-17.08,-302.4,168.28,Noise,Right
1707209347176,-0.110288,-0.15372,0.992104,-69.79,-313.88,174.93,Noise,Right
1707209347176,0.210816,0.210816,0.838872,-185.5,-309.96,151.27,Noise,Right
1707209347176,0.162016,0.258152,0.847168,-102.83,-293.51,132.65,Noise,Right
1707209347177,0.133712,0.231312,0.8418,-109.13,-265.02,109.13,Noise,Right
1707209347296,0.132248,0.160064,0.684664,-141.47,-229.67,90.93,Noise,Right
1707209347296,0.124928,0.109312,0.542168,-168.07,-204.54,82.11,Noise,Right
1707209347296,0.109312,0.0122,0.479216,-136.64,-177.52,84.49,Noise,Right
1707209347296,0.08296,-0.051728,0.398208,-108.99,-151.83,94.01,Noise,Right
1707209347296,0.076616,-0.0976,0.388936,-66.57,-128.87,113.89,Noise,Right
1707209347297,0.097112,-0.083936,0.505568,-41.65,-107.31,132.09,Noise,Right
1707209347297,0.264984,-0.049776,0.655384,-33.32,-77.21,145.11,Noise,Right
1707209347343,0.417728,-0.105896,0.638792,-35.77,-51.59,153.58,Noise,Right
1707209347343,0.29768,-0.28548,0.585112,-12.04,-31.08,169.05,Noise,Right
1707209347345,0.187392,-0.391864,0.48068,29.82,-19.25,214.76,Noise,Right
1707209347390,0.101504,-0.411872,0.61244,104.16,-7.07,230.23,Noise,Right
1707209347391,0.118584,-0.486048,0.628544,109.34,19.88,248.92,Noise,Right
1707209347391,0.38064,-0.58316,0.602192,132.37,57.05,264.6,Noise,Right
1707209347441,0.439688,-0.852048,0.733464,158.27,100.73,256.76,Noise,Right
1707209347441,0.315736,-0.86132,0.982832,430.57,114.24,218.26,Noise,Right
1707209347442,-0.257176,-0.49288,2.019344,360.71,80.5,109.9,Noise,Right
1707209347485,0.303048,-0.241072,1.42496,-358.82,-139.23,-41.16,Noise,Right
1707209347485,0.288896,-0.229848,1.3908,-89.39,-349.16,-71.75,Noise,Right
1707209347485,0.185928,-0.216184,0.976,-31.43,-451.85,-107.94,Noise,Right
1707209347530,0.347456,-0.415776,0.6222,162.12,-442.19,-108.08,Noise,Right
1707209347531,0.224968,-0.111752,0.19032,134.82,-350.42,-51.52,Noise,Right
1707209347579,0.6588,0.030744,0.259128,65.1,-220.08,18.48,Noise,Right
1707209347579,0.96624,-0.267912,0.508984,210.56,-137.9,67.55,Noise,Right
1707209347579,0.976488,-0.435784,0.816912,244.65,-111.3,63.07,Noise,Right
1707209347632,0.837896,-0.513376,0.796904,181.44,-138.81,4.48,Noise,Right
1707209347632,0.67588,-0.318176,0.688568,138.39,-181.23,-61.95,Noise,Right
1707209347632,0.679784,-0.259128,0.5124,111.02,-204.05,-126.84,Noise,Right
1707209347685,0.835456,-0.075152,0.31964,35.14,-200.62,-150.15,Noise,Right
1707209347686,0.958432,0.094672,0.215696,36.82,-166.53,-103.25,Noise,Right
1707209347686,1.08824,0.222528,0.158112,32.97,-121.03,-30.45,Noise,Right
1707209347729,1.1224,0.0976,0.223504,52.08,-83.37,30.59,Noise,Right
1707209347730,1.025288,-0.107848,0.277672,63.56,-70.42,43.05,Noise,Right
1707209347730,0.916464,-0.2074,0.3538,62.16,-86.1,8.54,Noise,Right
1707209347786,0.932568,-0.149816,0.250344,49.28,-108.01,-39.69,Noise,Right
1707209347786,1.004304,-0.020984,0.131272,42.98,-111.72,-74.9,Noise,Right
1707209347786,1.067256,0.103456,0.037576,37.03,-94.5,-87.71,Noise,Right
1707209347839,1.11996,0.219112,-0.00244,26.39,-62.44,-69.09,Noise,Right
1707209347840,1.152168,0.268888,-0.029768,1.61,-4.55,-26.53,Noise,Right
1707209347840,1.139968,0.222528,0.131272,15.75,0.49,25.06,Noise,Right
1707209347891,1.062864,0.089792,0.20008,2.94,-11.06,48.37,Noise,Right
1707209347892,1.070672,-0.061488,0.171776,-8.54,-33.46,29.19,Noise,Right
1707209347892,1.09312,-0.040504,0.073688,-10.22,-30.8,-10.43,Noise,Right
1707209348011,1.057008,0.066368,0.058072,-5.39,-7.7,-40.74,Noise,Right
1707209348011,0.996496,0.174704,0.202032,-4.34,7.14,-36.26,Noise,Right
1707209348012,0.935008,0.208376,0.21716,-8.33,-3.36,-14.35,Noise,Right
1707209348012,0.854976,0.19276,0.225944,-12.74,-13.37,8.54,Noise,Right
1707209348012,0.850096,0.092232,0.186904,-17.78,-18.97,19.6,Noise,Right
1707209348012,0.90768,0.072712,0.199104,-26.67,-24.36,20.02,Noise,Right
1707209348012,0.839848,0.042944,0.172264,-23.94,-21.07,13.23,Noise,Right
1707209348058,0.805688,-0.028304,0.19032,-23.24,-28.49,-6.72,Noise,Right
1707209348058,0.724192,-0.02684,0.2074,0.35,-40.18,-26.25,Noise,Right
1707209348058,0.791536,0.074176,0.12932,8.47,-54.67,-30.8,Noise,Right
1707209348107,2.317512,0.07808,-0.049776,-34.79,-39.41,10.78,Noise,Right
1707209348107,1.156072,0.084424,0.067344,-29.68,-9.38,8.05,Noise,Right
1707209348107,0.992592,0.029768,0.078568,-14.42,-12.6,9.03,Noise,Right
1707209348227,0.982344,-0.050264,0.159088,-7.21,-11.62,3.78,Noise,Right
1707209348227,0.843752,-0.0488,0.22204,-12.39,-15.61,-5.25,Noise,Right
1707209348228,0.550464,0.037576,0.08296,2.1,-15.68,-14.35,Noise,Right
1707209348228,1.096048,-0.097112,0.372832,30.24,-10.78,-18.2,Noise,Right
1707209348228,0.7198,0.01708,0.114192,-1.96,-21.77,-25.13,Noise,Right
1707209348228,1.209264,-0.014152,0.231312,-9.17,-23.66,-34.58,Noise,Right
1707209348228,1.083848,0.066368,0.094184,-13.09,-36.82,-37.59,Noise,Right
1707209348274,1.040416,0.152256,0.08784,-7.91,-38.92,-38.5,Noise,Right
1707209348274,0.96136,0.263032,0.017568,-4.48,-38.36,-32.55,Noise,Right
1707209348275,1.00528,0.449448,-0.058072,-1.19,-35.21,-18.97,Noise,Right
1707209348325,1.019432,0.554368,-0.171776,1.33,-26.32,3.64,Noise,Right
1707209348325,0.99064,0.599264,-0.33916,1.96,-10.57,29.82,Noise,Right
1707209348325,1.011624,0.659776,-0.389912,-2.1,13.93,58.94,Noise,Right
1707209348370,1.0492,0.493368,-0.525576,-18.9,41.79,94.36,Noise,Right
1707209348372,1.55428,0.381128,-0.681248,-105.21,94.99,108.08,Noise,Right
1707209348372,1.996896,0.050752,-0.626104,-122.64,162.54,167.58,Noise,Right
1707209348419,1.714832,-0.167872,-0.428464,-77.98,207.41,189.0,Noise,Right
1707209348420,1.417152,-0.2196,-0.260592,-42.77,245.35,175.14,Noise,Right
1707209348462,1.10044,-0.20984,-0.174704,-1.89,280.84,149.94,Noise,Right
1707209348463,0.772504,-0.132736,-0.082472,27.72,313.18,133.07,Noise,Right
1707209348463,0.51972,-0.123952,0.013664,49.21,342.09,125.65,Noise,Right
1707209348510,0.345504,-0.265472,0.125416,77.91,360.57,128.38,Noise,Right
1707209348510,0.166408,-0.33428,0.277184,53.27,369.74,133.14,Noise,Right
1707209348510,0.041968,-0.305,0.425048,15.05,367.85,145.39,Noise,Right
1707209348555,-0.01952,-0.277672,0.5734,-24.5,354.2,169.19,Noise,Right
1707209348555,-0.084912,-0.26596,0.660264,-66.5,327.11,189.07,Noise,Right
1707209348555,-0.169824,-0.389912,0.628056,-86.87,304.29,199.29,Noise,Right
1707209348608,-0.276696,-0.432368,0.616344,-76.16,293.58,202.86,Noise,Right
1707209348608,-0.41236,-0.451888,0.6954,-45.43,289.31,200.34,Noise,Right
1707209348725,-0.442128,-0.4392,0.724192,-16.38,279.3,189.21,Noise,Right
1707209348725,-0.484584,-0.370392,0.72712,-24.5,263.83,181.3,Noise,Right
1707209348725,-0.562664,-0.38308,0.7686,-33.74,244.51,177.94,Noise,Right
1707209348725,-0.65392,-0.4514,0.796904,-39.9,212.87,165.55,Noise,Right
1707209348725,-0.765672,-0.54412,0.83204,-30.31,176.19,144.48,Noise,Right
1707209348731,-0.817888,-0.586576,0.883768,-15.12,143.08,117.25,Noise,Right
1707209348732,-0.843752,-0.576816,0.87596,-7.14,115.64,93.8,Noise,Right
1707209348773,-0.91256,-0.525088,0.918904,9.59,85.75,73.71,Noise,Right
1707209348773,-0.912072,-0.449448,0.955504,13.72,57.33,56.07,Noise,Right
1707209348773,-0.90768,-0.429928,0.919392,14.07,33.67,44.59,Noise,Right
1707209348820,-0.898896,-0.386008,0.945744,19.39,18.27,42.07,Noise,Right
1707209348820,-0.853024,-0.333304,0.950136,23.52,9.17,46.2,Noise,Right
1707209348820,-0.81008,-0.303048,0.943792,18.9,0.07,51.73,Noise,Right
1707209348866,-0.796904,-0.306952,0.937936,13.3,-7.42,56.07,Noise,Right
1707209348866,-0.828136,-0.306952,0.916464,12.67,-9.52,58.73,Noise,Right
1707209348867,-0.82472,-0.304512,0.951112,21.28,-9.45,62.44,Noise,Right
1707209348916,-0.830088,-0.300608,0.99308,19.25,-11.55,70.21,Noise,Right
1707209348916,-0.813984,-0.333304,1.009672,27.72,-23.73,76.09,Noise,Right
1707209348916,-0.776896,-0.328424,0.964288,26.81,-38.85,79.1,Noise,Right
1707209349049,-0.740296,-0.310856,0.9272,35.77,-54.32,78.75,Noise,Right
1707209349050,-0.701744,-0.305,0.853512,33.11,-67.97,73.85,Noise,Right
1707209349050,-0.648064,-0.292312,0.835944,31.92,-76.72,66.64,Noise,Right
1707209349050,-0.623176,-0.255712,0.839848,35.07,-82.18,60.69,Noise,Right
1707209349050,-0.529968,-0.237656,0.835944,47.88,-91.7,56.35,Noise,Right
1707209349050,-0.447008,-0.17568,0.818864,52.99,-97.23,54.95,Noise,Right
1707209349050,-0.382592,-0.132248,0.813008,58.17,-99.68,52.78,Noise,Right
1707209349098,-0.333792,-0.092232,0.785192,60.34,-101.01,43.96,Noise,Right
1707209349098,-0.302072,-0.0244,0.775432,54.53,-96.74,31.71,Noise,Right
1707209349098,-0.25864,0.002928,0.756888,50.12,-85.96,24.08,Noise,Right
1707209349145,-0.223504,0.070272,0.765184,35.84,-74.48,23.45,Noise,Right
1707209349145,-0.210328,0.04392,0.771528,32.62,-61.67,31.57,Noise,Right
1707209349145,-0.203496,0.04148,0.798368,30.73,-50.75,45.78,Noise,Right
1707209349190,-0.201056,0.061488,0.844728,23.59,-45.99,60.34,Noise,Right
1707209349190,-0.18056,0.038064,0.85888,13.44,-47.88,63.49,Noise,Right
1707209349191,-0.203496,-0.032208,0.867176,7.42,-46.2,56.14,Noise,Right
1707209349238,-0.16592,-0.017568,0.879864,3.57,-41.93,43.19,Noise,Right
1707209349238,-0.150792,-0.059048,0.85888,11.9,-34.79,25.62,Noise,Right
1707209349238,-0.162504,-0.000976,0.890112,16.24,-29.26,5.46,Noise,Right
1707209349284,-0.152744,0.049776,0.904264,18.48,-28.42,-2.8,Noise,Right
1707209349284,-0.140056,0.070272,0.898896,14.84,-29.47,-0.56,Noise,Right
1707209349331,-0.147376,0.07076,0.896944,4.41,-25.41,7.14,Noise,Right
1707209349331,-0.199592,0.067344,0.9272,0.84,-14.77,15.61,Noise,Right
1707209349332,-0.236192,0.035136,0.93208,0.14,-2.87,20.65,Noise,Right
1707209349377,-0.255224,0.020984,0.974536,1.96,4.34,20.51,Noise,Right
1707209349377,-0.26596,0.00732,1.0004,-1.89,1.19,14.07,Noise,Right
1707209349377,-0.27572,0.011712,0.988688,-2.52,-4.69,5.32,Noise,Right
1707209349426,-0.269376,0.02928,0.970632,0.35,-7.7,-2.94,Noise,Right
1707209349427,-0.254248,0.04148,0.970632,0.7,-6.51,-7.07,Noise,Right
1707209349427,-0.2562,0.042944,0.974536,-0.35,-4.2,-4.69,Noise,Right
1707209349470,-0.27572,0.032208,0.97112,-4.27,-2.52,1.12,Noise,Right
1707209349470,-0.303048,0.000976,0.992104,-1.82,-0.14,7.28,Noise,Right
1707209349516,-0.307928,-0.01708,0.994056,-2.24,-0.49,10.57,Noise,Right
1707209349516,-0.30988,-0.024888,1.004792,-1.26,-3.29,8.89,Noise,Right
1707209349516,-0.2928,-0.02928,1.002352,0.91,-7.49,2.24,Noise,Right
1707209349563,-0.269376,-0.000488,0.984784,2.66,-11.06,-5.11,Noise,Right
1707209349563,-0.256688,0.016592,0.953064,4.06,-10.43,-12.25,Noise,Right
1707209349563,-0.252296,0.022448,0.94184,5.18,-3.99,-13.86,Noise,Right
1707209349609,-0.280112,0.020984,0.968192,5.46,4.2,-7.28,Noise,Right
1707209349610,-0.299632,0.011712,1.016016,6.16,5.46,4.34,Noise,Right
1707209349657,-0.321104,-0.004392,1.021384,4.9,-2.87,9.73,Noise,Right
1707209349657,-0.312808,-0.016104,0.997472,0.77,-12.32,7.98,Noise,Right
1707209349657,-0.277184,-0.01708,0.962824,3.64,-13.86,0.0,Noise,Right
1707209349701,-0.25864,0.010736,0.94916,5.25,-9.24,-9.73,Noise,Right
1707209349701,-0.269376,0.015128,0.959896,6.79,-2.66,-15.12,Noise,Right
1707209349701,-0.278648,0.040504,0.989664,8.54,1.05,-11.62,Noise,Right
1707209349749,-0.286944,0.045384,0.991616,10.43,-1.26,-4.48,Noise,Right
1707209349749,-0.271816,0.045872,0.981856,5.88,-7.42,1.47,Noise,Right
1707209349749,-0.28304,0.03416,0.959408,1.12,-9.87,4.27,Noise,Right
1707209349801,-0.294264,0.015128,0.959896,0.91,-7.63,3.5,Noise,Right
1707209349802,-0.293288,0.008296,0.978928,-0.63,-4.2,-1.82,Noise,Right
1707209349802,-0.281576,-0.008296,0.985272,0.77,-3.92,-6.65,Noise,Right
1707209349931,-0.28304,0.000976,0.993568,4.27,-4.55,-7.84,Noise,Right
1707209349932,-0.273768,0.030744,0.986248,7.91,-5.18,-5.11,Noise,Right
1707209349932,-0.262544,0.04392,0.983808,6.58,-6.58,-1.47,Noise,Right
1707209349932,-0.264008,0.042456,0.97844,4.34,-7.63,1.26,Noise,Right
1707209349932,-0.272304,0.021472,0.977952,2.59,-5.74,0.84,Noise,Right
1707209349933,-0.277184,0.021472,0.990152,3.64,-3.92,-2.94,Noise,Right
1707209349933,-0.269864,0.027816,0.984296,3.43,-4.27,-7.49,Noise,Right
1707209349984,-0.266936,0.037088,0.971608,3.29,-4.9,-10.57,Noise,Right
1707209349984,-0.254248,0.05368,0.973072,3.22,-5.32,-10.29,Noise,Right
1707209349984,-0.251808,0.05612,0.971608,2.1,-5.11,-6.72,Noise,Right
1707209349985,-0.262056,0.039528,0.972096,1.54,-2.87,-3.5,Noise,Right
1707209350035,-0.281088,0.02684,0.97112,0.35,-1.4,-1.61,Noise,Right
1707209350035,-0.294752,0.012688,0.97356,2.17,-1.05,-2.1,Noise,Right
1707209350157,-0.309392,0.018544,0.994056,2.52,-1.89,-2.38,Noise,Right
1707209350158,-0.289872,0.032696,1.003816,1.96,-4.2,-3.15,Noise,Right
1707209350158,-0.282552,0.027328,0.991616,2.1,-7.42,-5.04,Noise,Right
1707209350158,-0.270352,0.03172,0.977464,3.36,-7.07,-7.7,Noise,Right
1707209350158,-0.266448,0.049288,0.970632,2.24,-4.13,-8.61,Noise,Right
1707209350158,-0.2806,0.033672,0.982344,3.08,-0.42,-5.88,Noise,Right
1707209350158,-0.288896,0.027328,0.988688,3.15,0.7,0.0,Noise,Right
1707209350201,-0.308904,0.018544,1.006744,1.05,-3.78,4.06,Noise,Right
1707209350202,-0.299144,0.008296,0.988688,0.49,-7.07,2.1,Noise,Right
1707209350202,-0.29036,0.000488,0.977464,1.4,-8.89,-3.01,Noise,Right
1707209350247,-0.259616,0.022936,0.972096,3.5,-7.07,-6.72,Noise,Right
1707209350247,-0.2684,0.028304,0.975024,3.43,-5.18,-6.93,Noise,Right
1707209350247,-0.272304,0.03416,0.984296,3.71,-3.43,-3.99,Noise,Right
1707209350295,-0.264984,0.041968,0.990152,3.71,-3.01,0.0,Noise,Right
1707209350295,-0.266936,0.040504,0.9882,2.8,-4.76,0.42,Noise,Right
1707209350295,-0.264496,0.040016,0.976976,1.82,-6.79,-1.68,Noise,Right
1707209350349,-0.266936,0.036112,0.967704,0.21,-5.32,-4.83,Noise,Right
1707209350350,-0.279136,0.023912,0.963312,1.12,-2.1,-7.28,Noise,Right
1707209350403,-0.28792,0.022936,0.98576,1.05,0.14,-6.3,Noise,Right
1707209350403,-0.303048,0.019032,0.992592,2.87,-0.56,-2.31,Noise,Right
1707209350403,-0.304024,0.018056,0.996008,3.85,-3.36,0.84,Noise,Right
1707209350403,-0.30256,0.022448,0.978928,2.87,-4.97,1.54,Noise,Right
1707209350453,-0.282064,0.021472,0.969168,2.8,-5.46,-0.42,Noise,Right
1707209350454,-0.282064,0.022448,0.962824,2.1,-5.53,-3.22,Noise,Right
1707209350454,-0.288408,0.020496,0.974048,1.19,-4.06,-4.06,Noise,Right
1707209350583,-0.28792,0.016592,0.976976,2.66,-2.87,-2.38,Noise,Right
1707209350583,-0.280112,0.02196,0.989664,4.34,-4.62,-0.63,Noise,Right
1707209350583,-0.274256,0.033672,0.982832,4.34,-8.12,-0.21,Noise,Right
1707209350583,-0.264496,0.035624,0.97112,3.5,-9.52,-1.54,Noise,Right
1707209350583,-0.257176,0.03416,0.966728,2.52,-8.12,-3.78,Noise,Right
1707209350583,-0.264984,0.02928,0.969168,1.33,-5.88,-5.6,Noise,Right
1707209350583,-0.276208,0.015616,0.975024,0.91,-2.87,-6.16,Noise,Right
1707209350636,-0.289872,0.020496,0.994056,3.15,-0.63,-5.11,Noise,Right
1707209350637,-0.293288,0.01464,0.99796,4.62,-2.8,-2.8,Noise,Right
1707209350637,-0.288896,0.027328,0.995032,3.43,-8.19,-0.91,Noise,Right
1707209350637,-0.267424,0.019032,0.984784,2.73,-10.71,-1.47,Noise,Right
1707209350683,-0.2684,0.014152,0.969656,2.94,-9.03,-4.55,Noise,Right
1707209350683,-0.265472,0.025376,0.976,4.48,-6.44,-7.84,Noise,Right
1707209350731,-0.277184,0.018544,0.98576,4.76,-3.99,-8.54,Noise,Right
1707209350731,-0.284992,0.049288,1.00772,4.97,-3.15,-4.9,Noise,Right
1707209350731,-0.271328,0.042456,0.999424,5.25,-5.18,-0.21,Noise,Right
1707209350777,-0.272304,0.04392,0.9882,3.36,-7.42,1.47,Noise,Right
1707209350778,-0.261568,0.027816,0.977464,4.13,-7.28,-0.35,Noise,Right
1707209350778,-0.267912,0.037088,0.98332,5.18,-5.88,-4.2,Noise,Right
1707209350831,-0.255712,0.042944,0.976976,5.95,-3.78,-6.16,Noise,Right
1707209350831,-0.250832,0.052704,0.986248,6.09,-3.64,-4.69,Noise,Right
1707209350831,-0.252296,0.052704,0.972096,2.87,-5.18,-3.64,Noise,Right
1707209350890,-0.256688,0.04148,0.961848,0.98,-5.32,-2.87,Noise,Right
1707209350891,-0.264008,0.030744,0.96868,0.42,-4.06,-2.03,Noise,Right
1707209350891,-0.272304,0.024888,0.98088,1.05,-2.31,-0.21,Noise,Right
1707209350992,-0.281088,0.01708,0.99796,2.38,-1.89,1.54,Noise,Right
1707209350992,-0.277184,0.004392,1.01016,3.85,-4.41,0.35,Noise,Right
1707209350993,-0.266936,0.020496,0.99064,3.85,-7.84,-3.5,Noise,Right
1707209350993,-0.253272,0.026352,0.976,4.2,-7.91,-7.14,Noise,Right
1707209350993,-0.240096,0.04148,0.968192,3.57,-5.88,-8.75,Noise,Right
1707209350993,-0.250344,0.051728,0.981368,2.66,-3.29,-7.63,Noise,Right
1707209350993,-0.254736,0.042456,0.979904,3.43,-2.45,-4.97,Noise,Right
1707209351039,-0.250344,0.036112,0.976488,2.38,-2.38,-3.36,Noise,Right
1707209351039,-0.266448,0.032208,0.97844,1.05,-2.52,-3.43,Noise,Right
1707209351086,-0.2684,0.03172,0.976,1.61,-2.03,-4.27,Noise,Right
1707209351086,-0.269864,0.025864,0.982344,1.75,-1.47,-4.97,Noise,Right
1707209351086,-0.26108,0.009272,0.974048,1.89,-1.89,-5.95,Noise,Right
1707209351133,-0.246928,0.008784,0.996496,2.8,-3.43,-8.47,Noise,Right
1707209351133,-0.195688,-0.0122,1.010648,4.2,-5.04,-11.83,Noise,Right
1707209351133,-0.15128,-0.02684,1.022848,6.3,-5.18,-16.73,Noise,Right
1707209351180,-0.119072,-0.049776,1.027728,8.82,-4.62,-24.57,Noise,Right
1707209351180,-0.09516,-0.07076,1.037488,14.14,-3.29,-38.15,Noise,Right
1707209351181,-0.086864,-0.07076,1.037976,19.46,-4.34,-53.76,Noise,Right
1707209351227,-0.120536,-0.042456,1.016992,24.78,-7.63,-70.7,Noise,Right
1707209351227,-0.1342,-0.00488,0.990152,27.86,-10.08,-86.03,Noise,Right
1707209351274,-0.149816,0.012688,0.968192,25.06,-14.07,-99.19,Noise,Right
1707209351275,-0.184952,0.026352,0.955016,16.38,-18.13,-110.04,Noise,Right
1707209351275,-0.21716,0.005856,0.953552,10.71,-24.57,-120.75,Noise,Right
1707209351322,-0.245464,-0.006832,0.97844,10.64,-34.65,-131.11,Noise,Right
1707209351322,-0.244976,-0.00976,0.977952,8.33,-43.4,-139.37,Noise,Right
1707209351322,-0.228384,-0.01464,0.986736,15.47,-53.97,-143.99,Noise,Right
1707209351381,-0.223504,-0.001952,0.973072,19.18,-65.38,-147.91,Noise,Right
1707209351382,-0.200568,-0.01952,0.937936,22.82,-76.72,-157.01,Noise,Right
1707209351382,-0.213744,-0.026352,0.952576,27.09,-89.46,-172.2,Noise,Right
1707209351501,-0.213744,0.121024,0.92476,33.11,-100.52,-189.98,Noise,Right
1707209351502,-0.187392,0.052216,0.907192,38.29,-105.35,-202.16,Noise,Right
1707209351502,-0.180072,0.072712,0.913048,42.84,-101.71,-200.69,Noise,Right
1707209351502,-0.157136,0.078568,0.955504,46.9,-94.71,-183.61,Noise,Right
1707209351502,-0.137616,0.039528,0.97356,57.4,-89.39,-161.35,Noise,Right
1707209351503,-0.103944,0.052216,0.98332,60.69,-87.01,-139.93,Noise,Right
1707209351503,-0.098088,0.130296,0.983808,52.15,-85.61,-121.94,Noise,Right
1707209351553,-0.074176,0.140544,0.963312,42.91,-88.69,-110.6,Noise,Right
1707209351555,-0.083448,0.125416,0.962336,39.27,-94.78,-106.05,Noise,Right
1707209351555,-0.058072,0.099064,0.96624,39.69,-99.12,-103.95,Noise,Right
1707209351555,-0.02684,0.106872,0.9638,44.66,-97.51,-99.68,Noise,Right
1707209351604,0.0122,0.160552,0.958432,53.76,-89.88,-91.21,Noise,Right
1707209351605,0.041968,0.225456,0.870592,121.24,-80.43,-76.16,Noise,Right
1707209351708,0.10248,0.18544,0.944768,123.9,-74.97,-71.26,Noise,Right
1707209351709,0.132248,0.20496,0.94428,103.39,-75.32,-71.54,Noise,Right
1707209351709,0.174216,0.205448,0.998448,89.67,-79.59,-74.55,Noise,Right
1707209351709,0.17324,0.218624,1.04432,52.22,-90.3,-79.1,Noise,Right
1707209351709,0.154208,0.244488,1.0492,57.4,-108.57,-80.01,Noise,Right
1707209351709,0.143472,0.255712,1.0248,78.61,-126.63,-82.25,Noise,Right
1707209351710,0.198128,0.259616,0.949648,103.81,-138.88,-85.54,Noise,Right
1707209351754,0.262544,0.342088,0.872544,134.19,-138.25,-86.66,Noise,Right
1707209351800,0.359168,0.523624,0.931592,199.36,-94.5,-70.14,Noise,Right
1707209351800,0.333304,0.528016,0.960872,224.35,-105.14,-53.27,Noise,Right
1707209351800,0.320616,0.570472,0.937448,184.1,-135.52,-37.52,Noise,Right
1707209351847,0.30988,0.636352,0.792512,153.58,-164.22,-20.93,Noise,Right
1707209351847,0.378688,0.655872,0.633424,146.65,-168.77,-4.2,Noise,Right
1707209351847,0.428952,0.630496,0.494832,132.23,-128.31,0.77,Noise,Right
1707209351893,0.457744,0.676368,0.48312,124.04,-113.47,3.92,Noise,Right
1707209351893,0.4026,0.8052,0.511424,190.05,-95.9,17.57,Noise,Right
1707209351939,0.364048,0.684664,0.483608,206.99,-101.71,32.55,Noise,Right
1707209351939,0.558272,0.6954,0.388448,190.75,-118.79,39.41,Noise,Right
1707209351939,0.59536,0.677344,0.183488,207.9,-135.17,44.94,Noise,Right
1707209351986,0.667584,0.691496,-0.066856,130.41,-132.51,34.65,Noise,Right
1707209351986,0.789096,0.808616,-0.147864,-19.39,-112.63,16.52,Noise,Right
1707209351986,0.98576,0.91012,-0.061976,-9.03,-84.98,16.24,Noise,Right
1707209352033,0.955992,0.88084,-0.07808,-12.67,-64.82,26.11,Noise,Right
1707209352033,0.855464,0.836432,-0.070272,-48.93,-38.01,31.5,Noise,Right
1707209352033,0.804712,0.80276,-0.08784,-73.36,0.98,31.08,Noise,Right
1707209352089,0.753472,0.822768,-0.01708,-132.79,36.61,33.11,Noise,Right
1707209352089,0.73932,0.836432,0.120536,-176.96,62.02,44.17,Noise,Right
1707209352140,0.697352,0.76372,0.161528,-226.59,72.17,51.24,Noise,Right
1707209352141,0.669536,0.687592,0.176168,-237.65,76.02,57.96,Noise,Right
1707209352141,0.587064,0.607072,0.187392,-184.45,70.56,55.93,Noise,Right
1707209352141,0.5856,0.562176,0.188856,-162.4,70.0,46.83,Noise,Right
1707209352191,0.613416,0.559736,0.239608,-146.16,71.12,35.98,Noise,Right
1707209352191,0.64172,0.510936,0.254248,-166.46,74.97,25.13,Noise,Right
1707209352192,0.628056,0.456768,0.355264,-186.06,86.87,15.33,Noise,Right
1707209352320,0.579256,0.404064,0.377712,-204.89,106.12,10.22,Noise,Right
1707209352320,0.510936,0.367952,0.420168,-221.27,138.74,15.05,Noise,Right
1707209352320,0.527528,0.345992,0.586576,-218.19,159.32,36.82,Noise,Right
1707209352320,0.393816,0.1586,0.711992,-212.03,153.51,63.77,Noise,Right
1707209352320,0.369904,0.157624,0.901824,-244.93,145.18,91.49,Noise,Right
1707209352321,0.276208,0.008784,0.881328,-229.11,134.26,115.22,Noise,Right
1707209352321,0.235216,-0.03416,0.918904,-232.61,147.49,127.26,Noise,Right
1707209352373,0.116144,-0.165432,0.996008,-228.2,158.97,140.63,Noise,Right
1707209352373,0.097112,-0.237168,1.174616,-221.83,139.37,157.22,Noise,Right
1707209352373,0.241072,-0.579744,1.279048,-178.5,103.6,156.31,Noise,Right
1707209352373,0.2196,-0.649528,1.333216,-153.02,70.91,109.34,Noise,Right
1707209352421,0.203008,-0.732976,1.340536,-73.57,29.75,39.69,Noise,Right
1707209352422,0.284016,-0.547536,1.230736,-3.99,-31.29,-25.97,Noise,Right
1707209352467,0.620736,-0.73932,2.22772,102.34,74.34,-11.76,Noise,Right
1707209352468,0.33672,-0.020008,1.056032,51.59,-31.57,6.3,Noise,Right
1707209352468,0.179584,-0.154696,0.650504,16.1,-17.5,8.54,Noise,Right
1707209352513,0.15372,-0.221064,0.875472,-19.74,-4.2,19.95,Noise,Right
1707209352513,0.358192,-0.357704,1.207312,-14.49,-8.19,17.43,Noise,Right
1707209352513,0.316712,-0.21228,0.914512,-0.49,-22.68,13.58,Noise,Right
1707209352558,0.47336,-0.072712,0.766648,-14.77,-16.03,19.11,Noise,Right
1707209352558,0.392352,-0.115656,0.78568,-46.97,-7.91,41.23,Noise,Right
1707209352559,0.271328,-0.315736,0.962824,-44.45,3.36,38.29,Noise,Right
1707209352605,0.230336,-0.365512,1.082872,-33.18,1.12,28.7,Noise,Right
1707209352605,0.168848,-0.42456,1.051152,-27.86,-6.16,17.36,Noise,Right
1707209352651,0.067832,-0.358192,0.953552,-30.87,-7.49,1.75,Noise,Right
1707209352651,0.10004,-0.375272,1.048712,-17.85,-4.41,-1.4,Noise,Right
1707209352651,0.25132,-0.26108,1.011136,0.98,-6.44,-2.59,Noise,Right
1707209352705,0.271816,-0.258152,0.976488,4.76,-4.2,-0.21,Noise,Right
1707209352705,0.206424,-0.423584,1.121912,52.92,-5.53,-0.28,Noise,Right
1707209352705,0.213744,-0.560712,1.18584,82.95,-12.88,-8.89,Noise,Right
1707209352831,0.150792,-0.629032,1.201456,116.27,-24.43,-21.98,Noise,Right
1707209352831,0.259616,-0.332328,1.238056,138.88,-44.17,6.58,Noise,Right
1707209352831,0.45628,-0.377224,1.162904,96.04,-34.44,24.36,Noise,Right
1707209352831,0.386496,-0.274256,1.265384,96.81,51.87,20.79,Noise,Right
1707209352832,0.324032,-0.24156,1.619184,87.22,58.87,15.61,Noise,Right
1707209352832,0.162992,-0.215208,1.542568,91.35,-23.73,2.52,Noise,Right
1707209352832,0.06344,-0.326472,1.332728,75.04,-116.76,-64.54,Noise,Right
1707209352884,-0.06588,-0.399184,1.167296,52.15,-208.25,-136.15,Noise,Right
1707209352884,-0.134688,-0.49532,0.891576,99.05,-295.12,-208.88,Noise,Right
1707209352884,-0.07076,-0.224968,0.567056,274.12,-310.31,-226.52,Noise,Right
1707209352884,0.209352,0.018544,0.38552,284.55,-269.85,-200.9,Noise,Right
1707209352929,0.438712,0.501664,0.298168,305.55,-191.73,-145.67,Noise,Right
1707209352930,0.656848,0.090768,0.684176,228.9,-115.64,-131.04,Noise,Right
1707209352978,0.49532,0.162992,0.73688,244.09,-76.86,-143.15,Noise,Right
1707209352982,0.259616,0.28548,0.664656,252.7,-71.26,-165.27,Noise,Right
1707209352983,0.433832,0.181048,0.4636,362.04,-110.6,-206.15,Noise,Right
1707209353024,0.345504,0.565592,0.157624,384.72,-162.05,-245.63,Noise,Right
1707209353024,0.346968,0.837408,-0.163968,400.68,-184.8,-232.68,Noise,Right
1707209353024,0.481168,0.827648,-0.366488,393.12,-160.72,-154.7,Noise,Right
1707209353068,0.464576,0.977952,-0.329888,323.26,-104.93,-57.26,Noise,Right
1707209353069,0.357704,1.075552,-0.241072,153.86,-45.57,25.69,Noise,Right
1707209353069,0.643184,1.008208,-0.32696,44.03,-1.33,78.96,Noise,Right
1707209353121,0.785192,1.221952,-0.33184,135.38,22.47,111.02,Noise,Right
1707209353121,0.335744,0.955504,-0.373808,248.71,47.32,107.94,Noise,Right
1707209353241,0.830576,0.601216,-0.20984,147.77,70.28,75.53,Noise,Right
1707209353241,0.84912,0.635864,-0.016104,-42.0,68.81,32.06,Noise,Right
1707209353241,0.756888,0.91744,-0.042944,-92.4,30.66,15.05,Noise,Right
1707209353241,0.65392,0.725656,-0.023424,-96.04,-8.12,11.2,Noise,Right
1707209353241,0.623664,0.787632,0.129808,-46.55,-51.52,13.93,Noise,Right
1707209353241,0.518744,0.598288,0.055632,11.62,-81.41,3.15,Noise,Right
1707209353241,0.474824,0.58072,-0.086376,27.09,-76.72,-16.17,Noise,Right
1707209353286,0.471408,0.653432,-0.067344,67.62,-53.76,-27.72,Noise,Right
1707209353287,0.50264,0.72468,-0.070272,103.6,-29.19,-29.89,Noise,Right
1707209353287,0.5124,0.757864,-0.068808,142.59,-5.88,-21.07,Noise,Right
1707209353333,0.472384,0.667096,-0.245464,165.13,9.17,-7.7,Noise,Right
1707209353333,0.286944,0.728096,-0.210328,199.43,6.51,9.03,Noise,Right
1707209353333,0.567056,1.011136,-0.296704,166.32,-4.06,15.4,Noise,Right
1707209353378,0.779824,0.879864,-0.054168,169.54,-7.56,9.8,Noise,Right
1707209353378,0.729072,0.72712,-0.057584,32.69,-1.61,-17.78,Noise,Right
1707209353378,0.710528,0.821304,-0.186416,-2.45,8.96,-34.09,Noise,Right
1707209353423,0.711992,0.865712,-0.145424,6.72,11.62,-40.81,Noise,Right
1707209353424,0.789096,0.665632,-0.018056,80.85,6.16,-52.92,Noise,Right
1707209353468,0.494344,0.673928,-0.052216,157.92,-17.57,-79.17,Noise,Right
1707209353469,0.32696,0.660264,-0.227896,216.3,-61.18,-84.21,Noise,Right
1707209353470,0.413824,0.722728,-0.347456,231.49,-108.15,-32.9,Noise,Right
1707209353524,0.444568,0.598776,-0.520208,246.05,-126.28,20.44,Noise,Right
1707209353524,0.449448,0.54656,-0.585112,223.09,-122.15,40.53,Noise,Right
1707209353524,0.485072,0.494832,-0.643184,217.91,-116.48,35.07,Noise,Right
1707209353645,0.441152,0.560224,-0.584136,199.29,-129.78,11.83,Noise,Right
1707209353645,0.291336,0.459208,-0.50264,243.74,-145.95,-17.92,Noise,Right
1707209353645,0.245952,0.294264,-0.457256,323.12,-172.9,-50.54,Noise,Right
1707209353645,0.128344,0.302072,-0.818864,422.59,-181.79,-65.66,Noise,Right
1707209353646,0.174704,0.240096,-1.030168,406.63,-164.22,-41.23,Noise,Right
1707209353646,0.350384,0.128344,-1.213656,326.41,-128.94,1.54,Noise,Right
1707209353646,0.43432,0.067344,-1.385432,196.56,-81.2,23.1,Noise,Right
1707209353701,0.381616,0.05856,-1.492304,77.7,-28.0,9.1,Noise,Right
1707209353701,0.3294,0.042456,-1.410808,3.08,27.37,-14.77,Noise,Right
1707209353701,0.2196,0.043432,-1.169248,-34.51,55.23,-37.31,Noise,Right
1707209353701,0.174216,0.0244,-0.955992,-12.6,39.97,-49.7,Noise,Right
1707209353747,0.142008,0.057584,-0.930616,46.97,-8.96,-41.79,Noise,Right
1707209353747,0.15616,0.05368,-1.02236,77.28,-53.83,-18.62,Noise,Right
1707209353793,0.231312,0.0244,-1.102392,66.15,-63.21,-3.43,Noise,Right
1707209353793,0.289872,0.016104,-1.192184,4.62,-20.44,-3.85,Noise,Right
1707209353793,0.274256,0.043432,-1.145824,-73.01,38.43,-10.92,Noise,Right
1707209353843,0.229848,0.068808,-1.057984,-112.98,78.19,-11.62,Noise,Right
1707209353844,0.228384,0.101992,-0.9394,-122.15,90.44,-4.76,Noise,Right
1707209353844,0.142984,0.099064,-0.83204,-110.39,70.56,1.47,Noise,Right
1707209353961,0.171288,0.068808,-0.796904,-66.43,30.94,-2.31,Noise,Right
1707209353962,0.156648,0.096624,-0.853512,-17.71,-11.76,-11.34,Noise,Right
1707209353962,0.32696,0.186904,-0.98088,5.81,-34.02,-13.3,Noise,Right
1707209353962,0.354776,0.19764,-1.042368,-12.95,-26.04,-14.77,Noise,Right
1707209353962,0.331352,0.245464,-1.049688,-57.26,8.26,-15.75,Noise,Right
1707209353962,0.323544,0.279136,-0.979904,-91.56,56.84,-11.76,Noise,Right
1707209353962,0.33428,0.306952,-0.924272,-112.7,89.67,-6.86,Noise,Right
1707209354013,0.289872,0.30012,-0.8662,-114.03,100.24,-6.02,Noise,Right
1707209354013,0.336232,0.338184,-0.814472,-104.37,82.46,-9.94,Noise,Right
1707209354013,0.330376,0.347944,-0.779336,-85.4,49.84,-15.54,Noise,Right
1707209354063,0.345992,0.368928,-0.782752,-61.39,13.65,-14.35,Noise,Right
1707209354068,0.347456,0.408456,-0.774456,-42.91,-3.29,-3.99,Noise,Right
1707209354068,0.363072,0.383568,-0.796416,-35.49,1.68,4.34,Noise,Right
1707209354107,0.359656,0.394792,-0.809592,-41.44,19.11,7.35,Noise,Right
1707209354107,0.42212,0.435296,-0.902312,-59.01,37.94,16.45,Noise,Right
1707209354107,0.452864,0.440176,-0.840336,-91.14,59.5,25.2,Noise,Right
1707209354154,0.43676,0.434808,-0.7442,-107.94,67.76,28.63,Noise,Right
1707209354154,0.41236,0.404552,-0.660752,-81.27,57.89,23.73,Noise,Right
1707209354201,0.41724,0.38796,-0.660264,-56.56,33.25,6.16,Noise,Right
1707209354201,0.430904,0.427,-0.656848,-30.45,4.76,-11.62,Noise,Right
1707209354201,0.450424,0.44652,-0.671488,-7.14,-34.79,-13.93,Noise,Right
1707209354247,0.459696,0.45628,-0.717848,6.3,-21.98,-4.83,Noise,Right
1707209354248,0.481656,0.482144,-0.754448,0.63,-10.01,8.33,Noise,Right
1707209354248,0.50508,0.484584,-0.762256,-11.48,4.48,14.84,Noise,Right
1707209354293,0.545584,0.488976,-0.75396,-20.02,17.99,11.97,Noise,Right
1707209354293,0.559736,0.508008,-0.689544,-30.87,32.13,0.49,Noise,Right
1707209354293,0.530944,0.52216,-0.643672,-34.16,38.15,-10.71,Noise,Right
1707209354345,0.51728,0.552904,-0.608536,-24.92,29.05,-18.55,Noise,Right
1707209354345,0.483608,0.570472,-0.617808,-13.37,12.88,-20.51,Noise,Right
1707209354461,0.465064,0.55876,-0.610488,5.11,-4.13,-13.65,Noise,Right
1707209354461,0.445544,0.549,-0.622688,18.27,-12.53,-2.87,Noise,Right
1707209354461,0.479216,0.547048,-0.691008,22.26,-4.27,4.41,Noise,Right
1707209354461,0.52704,0.548024,-0.724192,7.21,14.0,5.32,Noise,Right
1707209354461,0.5002,0.5368,-0.717848,-14.56,22.47,-1.33,Noise,Right
1707209354463,0.42944,0.528992,-0.727608,-25.76,13.58,-8.12,Noise,Right
1707209354463,0.479704,0.435784,-0.64416,10.64,-27.86,11.34,Noise,Right
1707209354512,0.518256,0.511912,-0.681248,13.02,-28.98,-16.8,Noise,Right
1707209354512,0.531432,0.610976,-0.718824,18.83,-21.56,-12.95,Noise,Right
1707209354512,0.610976,0.52704,-0.76372,5.11,-5.39,6.93,Noise,Right
1707209354558,0.459696,0.570472,-0.770552,-26.6,16.1,16.03,Noise,Right
1707209354558,0.488,0.506056,-0.725656,-45.15,23.59,27.72,Noise,Right
1707209354559,0.524112,0.558272,-0.714432,-55.93,20.58,24.5,Noise,Right
1707209354607,0.463112,0.526064,-0.632936,-53.48,28.14,31.85,Noise,Right
1707209354608,0.448472,0.499712,-0.55144,-38.5,37.66,36.61,Noise,Right
1707209354608,0.518744,0.502152,-0.495808,-22.61,37.66,46.62,Noise,Right
1707209354653,0.586576,0.57828,-0.53436,-21.84,35.14,55.23,Noise,Right
1707209354653,0.615856,0.528992,-0.523624,-20.09,26.46,56.14,Noise,Right
1707209354653,0.902312,0.491904,-0.52704,-23.1,17.71,50.33,Noise,Right
1707209354699,1.085312,0.65636,-0.753472,-43.82,1.47,-71.54,Noise,Right
1707209354700,0.81252,0.894016,-0.565104,-13.58,-30.45,-134.75,Noise,Right
1707209354751,0.716872,0.848144,-0.745664,20.09,-45.78,-62.23,Noise,Right
1707209354751,0.467016,0.593408,-0.83936,-4.06,-26.04,-14.35,Noise,Right
1707209354751,0.20984,0.398208,-0.835456,-20.86,-12.46,-12.74,Noise,Right
1707209354869,0.149328,0.294264,-0.775432,-31.85,-19.18,6.09,Noise,Right
1707209354870,0.269864,0.248392,-0.714432,-42.14,-21.77,20.3,Noise,Right
1707209354870,0.391376,0.318176,-0.698328,-60.13,-14.35,8.26,Noise,Right
1707209354870,0.524112,0.471408,-0.550952,-68.53,-10.01,-8.54,Noise,Right
1707209354870,0.626592,0.582672,-0.504104,-69.37,-13.93,-19.95,Noise,Right
1707209354870,0.77104,0.645624,-0.581208,-68.95,-26.32,-34.86,Noise,Right
1707209354871,0.823744,0.697352,-0.634888,-95.9,-34.86,-55.58,Noise,Right
1707209354917,0.753472,0.704184,-0.615856,-131.39,-35.42,-76.65,Noise,Right
1707209354917,0.599752,0.672464,-0.535336,-151.06,-35.14,-90.51,Noise,Right
1707209354917,0.43676,0.67588,-0.490928,-159.18,-32.76,-95.13,Noise,Right
1707209354965,0.280112,0.640744,-0.421632,-175.63,-21.07,-96.25,Noise,Right
1707209354965,0.232288,0.669048,-0.35868,-209.3,-10.5,-89.53,Noise,Right
1707209354965,0.216184,0.762744,-0.341112,-211.82,1.61,-63.14,Noise,Right
1707209355010,0.215208,0.708088,-0.247904,-217.56,14.07,-16.73,Noise,Right
1707209355010,0.116632,0.8174,-0.175192,-225.19,18.13,41.02,Noise,Right
1707209355010,0.10736,0.694424,-0.17568,-166.88,52.36,87.01,Noise,Right
1707209355060,0.197152,0.995032,-0.108336,-163.31,70.35,122.43,Noise,Right
1707209355060,0.12688,1.044808,-0.373808,44.73,145.39,176.54,Noise,Right
1707209355175,0.430416,0.916952,-0.30744,-83.16,192.64,188.86,Noise,Right
1707209355176,0.267424,0.778848,-0.190808,-126.91,202.3,180.53,Noise,Right
1707209355176,0.084912,0.611952,-0.113704,-174.72,200.06,141.75,Noise,Right
1707209355176,0.110288,0.533384,0.27084,-223.44,160.79,90.16,Noise,Right
1707209355176,0.238144,0.42456,0.310856,-106.89,114.73,35.56,Noise,Right
1707209355176,0.59536,0.464576,0.535824,-99.61,84.63,-31.43,Noise,Right
1707209355176,0.619272,0.427,0.61244,-91.91,73.22,-65.45,Noise,Right
1707209355224,0.605608,0.731024,0.642696,-101.01,84.0,-51.17,Noise,Right
1707209355225,0.569008,0.899384,0.672464,-74.76,107.59,-2.87,Noise,Right
1707209355225,0.658312,0.813496,0.592432,-28.63,132.79,41.37,Noise,Right
1707209355272,0.633912,0.662704,0.671488,-84.63,142.24,45.99,Noise,Right
1707209355273,0.834968,0.569496,0.728584,-118.44,116.76,25.62,Noise,Right
1707209355273,0.706624,0.481168,0.71248,-183.68,50.12,-16.8,Noise,Right
1707209355317,0.671488,0.467504,0.772504,-97.3,-19.46,-31.99,Noise,Right
1707209355317,0.510936,0.448472,0.704184,28.84,-37.38,-24.22,Noise,Right
1707209355318,0.455792,0.64172,0.670512,217.07,-17.29,9.94,Noise,Right
1707209355373,0.60268,0.678808,0.554856,228.13,14.21,36.61,Noise,Right
1707209355373,0.5002,0.693936,0.481168,212.17,58.45,53.97,Noise,Right
1707209355373,0.5124,0.633912,-0.572424,82.46,72.17,7.49,Noise,Right
1707209355426,0.63196,0.995032,0.710528,-62.44,127.82,-19.11,Noise,Right
1707209355426,0.381128,0.732,0.401136,-96.18,78.89,-13.93,Noise,Right
1707209355426,0.358192,0.650016,0.547048,-378.98,51.73,-46.34,Noise,Right
1707209355472,0.296216,0.657824,0.837896,-568.75,24.64,-51.8,Noise,Right
1707209355472,0.433832,0.395768,0.942328,-680.19,-2.73,-52.71,Noise,Right
1707209355472,0.16592,0.31964,0.551928,-267.82,48.51,-19.25,Noise,Right
1707209355518,0.756888,0.384544,0.920368,2.8,102.34,-10.22,Noise,Right
1707209355519,0.350872,0.106872,0.283528,129.43,53.13,23.73,Noise,Right
1707209355519,0.58316,0.175192,0.653432,247.8,88.06,10.08,Noise,Right
1707209355573,1.074088,0.676368,1.47376,230.93,67.62,-71.96,Noise,Right
1707209355573,0.969168,1.181448,1.707024,3.36,60.34,4.76,Noise,Right
1707209355573,0.298656,0.342088,0.442128,7.21,-41.72,55.37,Noise,Right
1707209355702,0.441152,-0.624152,0.526064,-143.99,-35.07,6.93,Noise,Right
1707209355702,0.184464,-0.328912,0.636352,-347.55,-13.51,-87.71,Noise,Right
1707209355702,-0.140544,0.6832,0.437248,-284.76,80.99,-56.77,Noise,Right
1707209355703,0.348432,0.295728,1.2688,-130.48,117.18,-15.12,Noise,Right
1707209355703,0.530944,0.262056,1.318576,12.67,91.49,-13.16,Noise,Right
1707209355703,0.384544,0.116144,1.097024,39.97,59.78,-22.82,Noise,Right
1707209355703,0.250344,0.154696,0.913048,95.48,48.09,-32.83,Noise,Right
1707209355752,0.192272,0.325984,0.96624,129.01,52.92,-33.81,Noise,Right
1707209355753,0.306952,0.32696,0.898896,102.76,52.85,-39.62,Noise,Right
1707209355753,0.37332,0.371368,0.9516,77.21,51.73,-49.42,Noise,Right
1707209355800,0.230824,0.439688,1.087752,59.71,46.34,-54.74,Noise,Right
1707209355801,0.147376,0.463112,1.06628,55.23,35.28,-49.98,Noise,Right
1707209355801,0.056608,0.4026,1.114592,51.45,23.17,-47.18,Noise,Right
1707209355846,0.012688,0.373808,0.971608,7.28,13.23,-55.86,Noise,Right
1707209355846,0.111264,0.356728,0.801296,1.47,16.52,-58.94,Noise,Right
1707209355846,0.104432,0.410896,0.748592,-0.07,29.19,-62.23,Noise,Right
1707209355892,0.081496,0.451888,0.755424,-8.4,44.24,-62.3,Noise,Right
1707209355892,0.054656,0.496296,0.801784,4.76,59.01,-55.02,Noise,Right
1707209355939,0.080032,0.955504,1.420568,-11.13,-28.35,-14.7,Noise,Right
1707209355939,0.042944,0.298168,1.016992,2.1,-2.03,-3.5,Noise,Right
1707209355940,0.062464,0.404064,0.927688,2.1,-4.13,-2.87,Noise,Right
1707209355988,0.05612,0.38552,0.922808,2.38,-3.64,-2.73,Noise,Right
1707209355988,0.042456,0.408456,0.93696,3.08,-3.71,-2.66,Noise,Right
1707209355988,0.049776,0.395768,0.925248,2.8,-3.99,-2.66,Noise,Right
1707209356033,0.03904,0.408944,0.921832,2.73,-4.13,-2.59,Noise,Right
1707209356033,0.049288,0.4026,0.94672,2.87,-4.06,-2.8,Noise,Right
1707209356033,0.042944,0.40992,0.944768,2.17,-4.06,-2.73,Noise,Right
1707209356080,0.0366,0.39528,0.935008,2.45,-3.99,-2.87,Noise,Right
1707209356081,0.044408,0.415776,0.961848,2.45,-4.13,-2.8,Noise,Right
1707209356129,0.032208,0.412848,0.94184,2.38,-3.92,-2.66,Noise,Right
1707209356129,0.040992,0.406992,0.9394,2.31,-4.06,-2.73,Noise,Right
1707209356129,0.044408,0.395768,0.935984,2.66,-3.99,-2.8,Noise,Right
1707209356190,0.038064,0.399672,0.925248,2.59,-3.99,-2.66,Noise,Right
1707209356191,0.045872,0.40748,0.940376,2.52,-3.92,-2.66,Noise,Right
1707209356191,0.038064,0.40504,0.934032,2.59,-3.92,-2.87,Noise,Right
1707209356239,0.041968,0.406016,0.945256,2.73,-3.85,-2.66,Noise,Right
1707209356239,0.03172,0.409432,0.939888,2.17,-3.99,-2.94,Noise,Right
1707209356239,0.03904,0.404552,0.943792,2.52,-4.06,-2.8,Noise,Right
1707209356239,0.043432,0.406504,0.935008,2.38,-4.13,-2.66,Noise,Right
1707209356287,0.038552,0.406016,0.94184,2.38,-4.13,-2.8,Noise,Right
1707209356287,0.037088,0.40504,0.93208,2.24,-3.85,-2.59,Noise,Right
1707209356408,0.037088,0.403088,0.933056,2.45,-4.2,-2.66,Noise,Right
1707209356408,0.038552,0.403088,0.938912,2.38,-3.92,-2.8,Noise,Right
1707209356408,0.036112,0.399672,0.933544,2.38,-3.85,-2.59,Noise,Right
1707209356408,0.034648,0.405528,0.935008,2.38,-4.06,-2.8,Noise,Right
1707209356408,0.032208,0.40016,0.926712,2.38,-3.92,-2.8,Noise,Right
1707209356409,0.0366,0.401624,0.932568,2.52,-4.06,-2.87,Noise,Right
1707209356409,0.040504,0.40504,0.928664,2.52,-3.92,-2.8,Noise,Right
1707209356455,0.037088,0.39772,0.930616,2.24,-4.06,-2.59,Noise,Right
1707209356455,0.03904,0.4026,0.927688,2.66,-4.06,-2.66,Noise,Right
1707209356455,0.035624,0.404064,0.928176,2.24,-3.99,-2.73,Noise,Right
1707209356500,0.0366,0.4026,0.925736,2.59,-4.06,-2.73,Noise,Right
1707209356501,0.03904,0.406504,0.92964,2.66,-4.06,-2.52,Noise,Right
1707209356501,0.040504,0.401136,0.932568,2.66,-4.06,-2.73,Noise,Right
1707209356549,0.03172,0.406016,0.934032,2.45,-3.85,-2.87,Noise,Right
1707209356549,0.040504,0.404064,0.933056,2.38,-3.99,-2.66,Noise,Right
1707209356549,0.037576,0.40748,0.938912,2.38,-3.99,-2.73,Noise,Right
1707209356597,0.040016,0.406504,0.939888,2.38,-3.85,-2.87,Noise,Right
1707209356598,0.04636,0.405528,0.942328,2.52,-3.92,-2.87,Noise,Right
1707209356598,0.040992,0.406992,0.942328,2.52,-4.13,-2.73,Noise,Right
1707209356730,0.039528,0.406504,0.938424,2.38,-3.99,-2.66,Noise,Right
1707209356731,0.041968,0.403088,0.944768,2.38,-3.99,-2.87,Noise,Right
1707209356731,0.044408,0.40748,0.943304,2.59,-4.06,-2.73,Noise,Right
1707209356731,0.038552,0.406504,0.93696,2.45,-3.99,-2.73,Noise,Right
1707209356731,0.044408,0.406016,0.946232,2.38,-3.99,-2.59,Noise,Right
1707209356733,0.043432,0.406992,0.940864,2.52,-4.06,-2.59,Noise,Right
1707209356733,0.042944,0.406504,0.938424,2.52,-4.13,-2.66,Noise,Right
1707209356779,0.03904,0.403088,0.936472,2.45,-4.13,-2.66,Noise,Right
1707209356779,0.038552,0.409432,0.938912,2.45,-4.13,-2.87,Noise,Right
1707209356779,0.043432,0.403088,0.9394,2.45,-4.06,-2.73,Noise,Right
1707209356779,0.045384,0.407968,0.942328,2.31,-3.99,-2.73,Noise,Right
1707209356828,0.035624,0.40992,0.935008,2.45,-4.06,-2.94,Noise,Right
1707209356828,0.037088,0.40504,0.940376,2.38,-3.85,-2.59,Noise,Right
1707209356875,0.042456,0.405528,0.937936,2.45,-3.99,-2.87,Noise,Right
1707209356875,0.04392,0.406992,0.94184,2.45,-4.06,-2.8,Noise,Right
1707209356875,0.03904,0.409432,0.934032,2.59,-4.06,-2.8,Noise,Right
1707209356924,0.044408,0.4026,0.9394,2.38,-3.85,-2.66,Noise,Right
1707209356924,0.042456,0.406992,0.942816,2.38,-4.06,-2.8,Noise,Right
1707209356924,0.040016,0.408456,0.938912,2.31,-3.99,-2.73,Noise,Right
1707209357035,0.038064,0.408456,0.94428,2.31,-3.85,-2.87,Noise,Right
1707209357035,0.043432,0.408944,0.94428,2.52,-3.92,-2.73,Noise,Right
1707209357035,0.049776,0.403576,0.9394,2.45,-4.13,-2.8,Noise,Right
1707209357035,0.037576,0.404064,0.937936,2.52,-4.13,-2.73,Noise,Right
1707209357035,0.044408,0.40504,0.939888,2.45,-4.13,-2.66,Noise,Right
1707209357035,0.039528,0.40504,0.933056,2.45,-4.06,-2.66,Noise,Right
1707209415553,0.576816,-0.177144,-0.82472,-8.75,8.33,-38.85,Noise,Right
1707209415553,0.591944,-0.150304,-0.829112,-4.97,-4.27,-28.14,Noise,Right
1707209415554,0.621712,-0.108824,-0.803736,-1.54,-16.03,-21.84,Noise,Right
1707209415598,0.66856,-0.098088,-0.770552,-1.47,-17.15,-17.01,Noise,Right
1707209415598,0.689056,-0.084912,-0.745176,-0.14,-5.04,-9.87,Noise,Right
1707209415653,0.635376,-0.079056,-0.760792,1.19,5.6,-5.18,Noise,Right
1707209415659,0.61732,-0.110288,-0.743712,3.71,10.57,-8.54,Noise,Right
1707209415659,0.618784,-0.121512,-0.740296,10.43,13.72,-8.4,Noise,Right
1707209415692,0.602192,-0.125904,-0.757376,18.27,17.71,-7.0,Noise,Right
1707209415693,0.56608,-0.074176,-0.79056,21.0,10.5,-9.8,Noise,Right
1707209415693,0.572424,-0.07076,-0.803736,17.22,-6.02,-15.33,Noise,Right
1707209415739,0.62464,-0.0732,-0.800808,11.62,-17.85,-20.93,Noise,Right
1707209415739,0.664168,-0.083936,-0.762256,8.19,-16.52,-21.49,Noise,Right
1707209415740,0.68564,-0.095648,-0.737368,7.07,-0.7,-17.5,Noise,Right
1707209415785,0.671,-0.101992,-0.740784,7.7,14.07,-12.25,Noise,Right
1707209415785,0.638792,-0.117608,-0.765184,12.39,22.12,-11.41,Noise,Right
1707209415832,0.606096,-0.120536,-0.779824,19.53,18.62,-16.45,Noise,Right
1707209415833,0.617808,-0.110776,-0.784216,22.05,10.92,-26.04,Noise,Right
1707209415833,0.641232,-0.106384,-0.777384,22.33,9.38,-29.61,Noise,Right
1707209415879,0.691984,-0.12932,-0.770064,25.55,18.62,-21.42,Noise,Right
1707209415879,0.640744,-0.081984,-0.79788,21.49,24.22,-5.81,Noise,Right
1707209415879,0.594384,-0.071736,-0.860832,9.66,15.89,-1.47,Noise,Right
1707209415923,0.591944,-0.05612,-0.850584,-3.57,-2.52,-9.59,Noise,Right
1707209415923,0.634888,-0.081984,-0.811056,-17.43,-15.19,-20.65,Noise,Right
1707209415970,0.655384,-0.132248,-0.760792,-19.95,-22.68,-14.14,Noise,Right
1707209415970,0.676368,-0.19276,-0.749568,-9.31,-14.63,-10.5,Noise,Right
1707209415970,0.620248,-0.149328,-0.7686,0.14,-10.08,-10.57,Noise,Right
1707209416016,0.615368,-0.145912,-0.790072,6.09,-14.49,-15.68,Noise,Right
1707209416016,0.642208,-0.12688,-0.781776,9.52,-17.92,-17.15,Noise,Right
1707209416016,0.648552,-0.116144,-0.784704,10.71,-18.97,-14.07,Noise,Right
1707209416062,0.635376,-0.096624,-0.803736,9.38,-21.07,-9.8,Noise,Right
1707209416062,0.636352,-0.083448,-0.808616,7.98,-24.78,-10.36,Noise,Right
1707209416063,0.644648,-0.066856,-0.795928,6.02,-26.67,-12.67,Noise,Right
1707209416107,0.653432,-0.093696,-0.79788,2.73,-20.72,-10.64,Noise,Right
1707209416107,0.616832,-0.085888,-0.808616,1.75,-17.92,-13.37,Noise,Right
1707209416154,0.617808,-0.096624,-0.816424,1.96,-19.18,-20.51,Noise,Right
1707209416155,0.574376,-0.098088,-0.830088,4.76,-22.05,-29.68,Noise,Right
1707209416155,0.560224,-0.11224,-0.835944,7.35,-25.76,-39.83,Noise,Right
1707209416199,0.53192,-0.105408,-0.833504,11.9,-27.3,-43.75,Noise,Right
1707209416199,0.513376,-0.106872,-0.833504,16.31,-28.42,-39.69,Noise,Right
1707209416199,0.47336,-0.066856,-0.868152,19.74,-34.09,-31.22,Noise,Right
1707209416247,0.491416,-0.010736,-0.87108,21.91,-41.79,-27.86,Noise,Right
1707209416248,0.530456,0.016592,-0.855464,17.15,-39.97,-25.13,Noise,Right
1707209416295,0.523136,0.019032,-0.856928,10.64,-30.59,-20.58,Noise,Right
1707209416296,0.487024,-0.005368,-0.873032,4.34,-25.55,-21.42,Noise,Right
1707209416296,0.469456,-0.03172,-0.866688,2.66,-26.95,-27.93,Noise,Right
1707209416342,0.498736,-0.074664,-0.857904,3.15,-22.89,-28.7,Noise,Right
1707209416342,0.450912,-0.062952,-0.879864,7.49,-23.1,-30.59,Noise,Right
1707209416342,0.422608,-0.038064,-0.883768,11.41,-27.58,-34.37,Noise,Right
1707209416387,0.437736,-0.036112,-0.891088,11.06,-29.89,-39.27,Noise,Right
1707209416387,0.455304,-0.020008,-0.894992,10.08,-26.53,-39.76,Noise,Right
1707209416388,0.418704,-0.006344,-0.916464,5.46,-22.96,-36.82,Noise,Right
1707209416435,0.397232,0.000976,-0.92232,-1.47,-24.92,-30.94,Noise,Right
1707209416436,0.370392,-0.025864,-0.917928,-8.89,-31.71,-22.89,Noise,Right
1707209416480,0.365024,-0.039528,-0.91744,-13.44,-40.6,-16.45,Noise,Right
1707209416480,0.365512,-0.047824,-0.903288,-14.7,-50.05,-15.89,Noise,Right
1707209416480,0.364048,-0.041968,-0.910608,-13.16,-55.93,-18.9,Noise,Right
1707209416528,0.385032,-0.032696,-0.886208,-9.87,-53.34,-21.77,Noise,Right
1707209416528,0.362584,0.004392,-0.895968,-8.75,-46.69,-21.35,Noise,Right
1707209416528,0.328424,0.010736,-0.902312,-9.03,-42.98,-21.91,Noise,Right
1707209416574,0.31232,0.016592,-0.894504,-7.07,-42.35,-23.52,Noise,Right
1707209416574,0.301096,0.0244,-0.892064,-5.04,-39.9,-23.8,Noise,Right
1707209416574,0.284992,0.044896,-0.889136,-3.85,-34.72,-20.51,Noise,Right
1707209416620,0.254248,0.0488,-0.909632,-5.6,-34.58,-14.63,Noise,Right
1707209416620,0.25132,0.022448,-0.914512,-8.12,-40.04,-10.01,Noise,Right
1707209416668,0.260592,0.008784,-0.905728,-8.68,-44.87,-6.44,Noise,Right
1707209416668,0.254736,0.00732,-0.915,-8.19,-46.83,-3.5,Noise,Right
1707209416668,0.268888,-0.010736,-0.93696,-6.93,-45.92,-2.66,Noise,Right
1707209416716,0.247904,0.009272,-0.942328,-7.98,-46.13,-1.05,Noise,Right
1707209416717,0.252784,0.009272,-0.952088,-9.03,-45.29,-0.7,Noise,Right
1707209416718,0.247416,0.0244,-0.958432,-10.57,-43.05,-2.45,Noise,Right
1707209416760,0.233752,0.027328,-0.95648,-12.88,-38.71,-3.99,Noise,Right
1707209416760,0.208864,0.053192,-0.977464,-15.19,-34.72,-2.8,Noise,Right
1707209416761,0.203984,0.050752,-0.978928,-19.32,-35.07,-2.8,Noise,Right
1707209416806,0.20496,0.031232,-0.978928,-22.82,-34.02,-2.52,Noise,Right
1707209416807,0.198128,0.023912,-0.98332,-23.1,-32.9,-3.57,Noise,Right
1707209416855,0.188856,0.039528,-0.99064,-23.24,-34.58,-4.48,Noise,Right
1707209416855,0.185928,0.040992,-0.967704,-24.43,-37.73,-3.64,Noise,Right
1707209416855,0.125416,0.040992,-0.959896,-24.64,-34.23,2.45,Noise,Right
1707209416908,0.0366,0.057096,-1.006256,-24.22,-35.28,9.38,Noise,Right
1707209416908,0.076616,0.0488,-0.976,-20.02,-40.81,7.35,Noise,Right
1707209416908,0.11712,0.052216,-0.984784,-15.75,-43.68,2.66,Noise,Right
1707209417029,0.15616,0.076616,-0.98576,-13.3,-43.82,-3.01,Noise,Right
1707209417029,0.176656,0.07564,-1.000888,-13.79,-39.2,-5.39,Noise,Right
1707209417029,0.14396,0.118584,-1.036024,-17.5,-35.84,-5.53,Noise,Right
1707209417029,0.146888,0.1342,-1.033584,-25.34,-37.52,-5.53,Noise,Right
1707209417029,0.105408,0.130784,-1.01504,-33.18,-36.82,-3.71,Noise,Right
1707209417030,0.041968,0.125904,-1.001864,-37.8,-37.8,-3.01,Noise,Right
1707209417030,-0.001464,0.106384,-0.975024,-37.17,-42.28,-2.45,Noise,Right
1707209417075,-0.00488,0.101504,-0.962824,-33.88,-45.22,2.17,Noise,Right
1707209417075,0.02928,0.101992,-0.970632,-29.96,-44.59,4.83,Noise,Right
1707209417075,0.035624,0.131272,-0.981368,-27.02,-43.05,5.39,Noise,Right
1707209417120,0.055632,0.141032,-0.972584,-25.55,-40.39,3.99,Noise,Right
1707209417120,0.074664,0.138592,-0.982344,-25.2,-34.51,1.96,Noise,Right
1707209417120,0.030744,0.1708,-0.996008,-25.48,-30.94,-0.21,Noise,Right
1707209417168,0.014152,0.186904,-0.995032,-27.51,-31.08,-2.1,Noise,Right
1707209417168,-0.024888,0.17568,-0.985272,-29.47,-31.43,-1.19,Noise,Right
1707209417169,-0.045384,0.1708,-0.970632,-27.93,-29.96,1.05,Noise,Right
1707209417217,-0.086376,0.18788,-0.986248,-25.76,-32.83,3.22,Noise,Right
1707209417217,-0.076616,0.193248,-0.998448,-25.06,-38.71,3.99,Noise,Right
1707209417335,-0.054168,0.21228,-0.988688,-25.41,-42.14,3.92,Noise,Right
1707209417335,-0.0488,0.207888,-0.996008,-26.95,-39.9,3.15,Noise,Right
1707209417335,-0.05612,0.212768,-0.991128,-28.14,-37.73,1.54,Noise,Right
1707209417335,-0.05612,0.225944,-0.970144,-27.51,-35.07,1.89,Noise,Right
1707209417336,-0.094672,0.232776,-0.9638,-26.67,-30.94,2.66,Noise,Right
1707209417336,-0.095648,0.23424,-0.957944,-25.13,-33.18,1.4,Noise,Right
1707209417336,-0.101504,0.245952,-0.941352,-22.82,-33.74,1.68,Noise,Right
1707209417390,-0.10248,0.268888,-0.935984,-20.58,-30.52,2.38,Noise,Right
1707209417390,-0.096136,0.272304,-0.922808,-19.32,-27.72,-0.28,Noise,Right
1707209417390,-0.108336,0.260104,-0.931104,-17.78,-26.04,-3.36,Noise,Right
1707209417505,-0.113216,0.247416,-0.927688,-13.86,-23.17,-6.79,Noise,Right
1707209417505,-0.137616,0.2684,-0.9394,-11.13,-22.12,-7.14,Noise,Right
1707209417506,-0.140544,0.276696,-0.940376,-10.92,-20.23,-6.02,Noise,Right
1707209417506,-0.147864,0.289872,-0.936472,-12.04,-18.27,-4.06,Noise,Right
1707209417506,-0.160552,0.279624,-0.92964,-13.3,-15.68,-5.11,Noise,Right
1707209417507,-0.175192,0.2562,-0.937448,-11.48,-12.95,-4.34,Noise,Right
1707209417507,-0.183976,0.2562,-0.940376,-7.84,-15.96,-3.36,Noise,Right
1707209417555,-0.176168,0.283528,-0.946232,-5.25,-20.44,-3.15,Noise,Right
1707209417556,-0.162016,0.289384,-0.944768,-5.39,-21.35,-3.99,Noise,Right
1707209417556,-0.162992,0.302072,-0.945256,-7.07,-17.99,-4.2,Noise,Right
1707209417603,-0.182512,0.303048,-0.935496,-8.96,-16.66,-4.27,Noise,Right
1707209417603,-0.215208,0.309392,-0.9394,-8.89,-15.05,-2.52,Noise,Right
1707209417603,-0.214232,0.305488,-0.930616,-9.31,-17.36,-3.01,Noise,Right
1707209417729,-0.22204,0.300608,-0.935008,-8.96,-17.85,-1.89,Noise,Right
1707209417729,-0.221552,0.301584,-0.943304,-10.01,-21.0,-0.98,Noise,Right
1707209417729,-0.221064,0.303536,-0.93208,-10.78,-22.61,-1.96,Noise,Right
1707209417729,-0.19032,0.308416,-0.91012,-11.34,-20.86,-4.13,Noise,Right
1707209417729,-0.20984,0.299632,-0.900848,-10.43,-14.07,-5.39,Noise,Right
1707209417731,-0.213256,0.30012,-0.89792,-8.68,-10.92,-6.58,Noise,Right
1707209417731,-0.212768,0.299144,-0.908656,-5.81,-8.96,-6.37,Noise,Right
1707209417860,-0.225456,0.320128,-0.913048,-4.83,-9.1,-6.16,Noise,Right
1707209417861,-0.229848,0.33672,-0.935496,-4.76,-9.45,-4.06,Noise,Right
1707209417861,-0.24644,0.338184,-0.931104,-7.7,-11.2,-3.5,Noise,Right
1707209417861,-0.259616,0.321104,-0.93696,-11.13,-13.79,-3.92,Noise,Right
1707209417862,-0.26352,0.310368,-0.928664,-10.78,-14.56,-2.45,Noise,Right
1707209417862,-0.264496,0.313296,-0.924272,-10.08,-17.43,-0.63,Noise,Right
1707209417862,-0.2562,0.316224,-0.930128,-10.85,-19.32,-2.03,Noise,Right
1707209417862,-0.24644,0.328424,-0.914024,-11.13,-18.41,-4.97,Noise,Right
1707209417911,-0.247416,0.325496,-0.894504,-9.73,-10.29,-4.55,Noise,Right
1707209417911,-0.263032,0.332328,-0.891576,-9.31,-7.42,-4.41,Noise,Right
1707209417912,-0.259616,0.308904,-0.896944,-8.89,-7.28,-4.27,Noise,Right
1707209417962,-0.266936,0.311344,-0.886208,-5.39,-5.67,-3.15,Noise,Right
1707209417962,-0.246928,0.309392,-0.878888,-1.54,-5.46,-3.29,Noise,Right
1707209417962,-0.264008,0.347456,-0.903776,2.03,-3.01,-1.75,Noise,Right
1707209418065,-0.262056,0.351848,-0.905728,2.66,-2.59,-2.45,Noise,Right
1707209418065,-0.266448,0.352336,-0.921344,-0.42,-4.55,-3.57,Noise,Right
1707209418065,-0.275232,0.353312,-0.922808,-4.41,-6.44,-3.78,Noise,Right
1707209418065,-0.296216,0.327936,-0.920368,-6.93,-9.45,-3.64,Noise,Right
1707209418065,-0.304024,0.324032,-0.923784,-6.86,-12.88,-1.75,Noise,Right
1707209418065,-0.321104,0.327448,-0.91988,-5.67,-16.45,-1.19,Noise,Right
1707209418113,-0.305,0.345992,-0.904264,-5.95,-18.2,-1.26,Noise,Right
1707209418113,-0.2928,0.34404,-0.9028,-7.21,-16.45,-0.98,Noise,Right
1707209418113,-0.27572,0.342088,-0.881816,-7.77,-12.95,-1.61,Noise,Right
1707209418166,-0.277184,0.325496,-0.874984,-2.87,-3.36,-0.98,Noise,Right
1707209418167,-0.281576,0.350872,-0.876448,-0.84,-2.59,-3.01,Noise,Right
1707209418167,-0.282552,0.354288,-0.870104,-1.75,-4.13,-5.46,Noise,Right
1707209418269,-0.271816,0.354776,-0.874984,-1.26,-1.61,-4.69,Noise,Right
1707209418269,-0.277672,0.35868,-0.873032,0.35,1.82,-3.29,Noise,Right
1707209418269,-0.2806,0.348432,-0.8784,-0.21,2.24,-4.9,Noise,Right
1707209418269,-0.285968,0.3416,-0.88084,-0.7,3.57,-6.02,Noise,Right
1707209418269,-0.294752,0.330376,-0.887184,0.77,5.32,-5.32,Noise,Right
1707209418269,-0.288896,0.328912,-0.881816,1.47,5.74,-6.16,Noise,Right
1707209418317,-0.280112,0.334768,-0.894504,0.49,7.49,-6.58,Noise,Right
1707209418317,-0.282552,0.336232,-0.886208,1.4,10.57,-5.81,Noise,Right
1707209418317,-0.28792,0.340136,-0.879376,-1.26,7.84,-7.21,Noise,Right
1707209418361,-0.289384,0.32452,-0.87108,-2.1,5.67,-8.68,Noise,Right
1707209418361,-0.284504,0.315736,-0.867664,2.87,12.95,-4.48,Noise,Right
1707209418363,-0.25864,0.312808,-0.859368,4.48,15.82,-4.41,Noise,Right
1707209418411,-0.265472,0.33184,-0.881816,7.42,20.72,-4.62,Noise,Right
1707209418412,-0.26108,0.332328,-0.88328,8.12,20.72,-6.72,Noise,Right
1707209418412,-0.250344,0.317688,-0.891088,9.38,23.38,-7.21,Noise,Right
1707209418455,-0.254736,0.321592,-0.903776,10.22,24.57,-8.75,Noise,Right
1707209418455,-0.245952,0.327448,-0.895968,9.87,24.85,-9.38,Noise,Right
1707209418502,-0.234728,0.312808,-0.89548,10.08,28.49,-6.44,Noise,Right
1707209418503,-0.206424,0.293776,-0.891576,10.15,28.98,-4.76,Noise,Right
1707209418503,-0.199592,0.282064,-0.882792,12.67,37.1,-1.33,Noise,Right
1707209418549,-0.192272,0.264496,-0.857416,17.57,43.89,-0.21,Noise,Right
1707209418549,-0.183488,0.233264,-0.853024,25.27,51.45,1.96,Noise,Right
1707209418550,-0.168848,0.242536,-0.891576,34.37,57.68,0.07,Noise,Right
1707209418596,-0.143472,0.31232,-0.913536,36.82,59.99,-7.21,Noise,Right
1707209418597,-0.121024,0.335744,-0.926224,31.43,66.36,-11.9,Noise,Right
1707209418597,-0.108824,0.274256,-0.927688,27.3,74.62,-13.51,Noise,Right
1707209418679,-0.089792,0.221064,-0.937448,28.35,81.62,-9.38,Noise,Right
1707209418679,-0.079544,0.186416,-0.94672,33.39,87.15,-3.78,Noise,Right
1707209418679,-0.05856,0.186904,-0.982832,39.9,85.68,-2.52,Noise,Right
1707209418679,-0.0244,0.230824,-1.009184,41.86,79.94,-7.7,Noise,Right
1707209418733,-0.029768,0.234728,-1.013576,37.87,76.16,-12.88,Noise,Right
1707209418733,-0.020984,0.220088,-1.025776,32.9,75.25,-15.26,Noise,Right
1707209418733,-0.000488,0.17812,-1.028216,29.61,71.82,-17.08,Noise,Right
1707209418733,0.02196,0.169824,-1.009184,28.63,69.23,-17.01,Noise,Right
1707209418781,0.040992,0.15616,-1.00772,26.74,64.75,-15.05,Noise,Right
1707209418781,0.077104,0.135664,-0.989664,26.25,63.28,-11.62,Noise,Right
1707209418829,0.077104,0.142984,-0.982344,25.97,67.41,-6.72,Noise,Right
1707209418830,0.074664,0.137128,-0.991128,25.62,76.37,-4.41,Noise,Right
1707209418831,0.029768,0.15128,-1.006744,24.64,78.82,-4.83,Noise,Right
1707209418882,0.020008,0.142496,-1.000888,23.52,70.42,-6.09,Noise,Right
1707209418883,0.057584,0.150304,-0.973072,21.7,63.63,-5.11,Noise,Right
1707209418883,0.0732,0.157624,-0.959408,17.78,59.43,-0.07,Noise,Right
1707209418936,0.106872,0.130784,-0.957456,14.0,58.03,7.49,Noise,Right
1707209418936,0.136152,0.115656,-0.95648,10.85,55.3,12.95,Noise,Right
1707209418937,0.150792,0.121024,-0.960384,7.0,49.7,15.89,Noise,Right
1707209418937,0.186416,0.11468,-0.935496,3.43,42.07,15.96,Noise,Right
1707209418983,0.203008,0.101992,-0.904752,2.8,42.91,15.26,Noise,Right
1707209418983,0.194712,0.110776,-0.899872,4.76,47.6,14.07,Noise,Right
1707209419035,0.19032,0.106872,-0.874008,6.93,50.26,12.88,Noise,Right
1707209419035,0.221552,0.086376,-0.877424,7.35,58.8,19.25,Noise,Right
1707209419035,0.199592,0.114192,-0.909632,5.6,60.2,27.44,Noise,Right
1707209419163,0.227408,0.093208,-0.930616,0.28,49.49,32.34,Noise,Right
1707209419163,0.24156,0.106384,-0.923784,-3.57,35.28,37.03,Noise,Right
1707209419163,0.29768,0.091744,-0.891576,-9.94,23.8,39.83,Noise,Right
1707209419163,0.3294,0.071248,-0.86864,-12.18,24.5,46.76,Noise,Right
1707209419163,0.330864,0.064904,-0.855952,-12.32,29.4,52.29,Noise,Right
1707209419165,0.340136,0.059048,-0.842776,-9.87,33.81,51.38,Noise,Right
1707209419165,0.384544,0.053192,-0.8296,-8.47,36.4,47.53,Noise,Right
1707209419215,0.372832,0.042456,-0.852048,-7.21,34.51,43.89,Noise,Right
1707209419215,0.382104,0.05124,-0.845216,-6.58,25.41,34.65,Noise,Right
1707209419215,0.431392,0.00244,-0.837408,-7.28,18.2,24.43,Noise,Right
1707209419215,0.537776,-0.035624,-0.818376,2.45,20.93,15.05,Noise,Right
1707209419265,0.511912,-0.002928,-0.81984,11.13,36.89,22.19,Noise,Right
1707209419265,0.501176,-0.00976,-0.847168,13.51,44.8,25.34,Noise,Right
1707209419265,0.469944,-0.009272,-0.8784,14.0,41.79,28.42,Noise,Right
1707209419395,0.494832,-0.00976,-0.88328,11.97,30.17,27.16,Noise,Right
1707209419395,0.505568,-0.010248,-0.883768,10.08,23.17,24.29,Noise,Right
1707209419395,0.517768,-0.010248,-0.881816,7.84,17.99,17.99,Noise,Right
1707209419395,0.537288,-0.010736,-0.887672,4.13,15.12,10.99,Noise,Right
1707209419397,0.620736,-0.061,-0.892552,6.23,16.31,12.18,Noise,Right
1707209419397,0.569984,-0.020984,-0.894992,11.48,25.62,26.32,Noise,Right
1707209419397,0.526064,0.008784,-0.911584,7.77,21.28,28.14,Noise,Right
1707209419446,0.565104,-0.003904,-0.904264,-0.14,12.32,30.52,Noise,Right
1707209419446,0.567056,-0.013176,-0.88816,-5.88,8.68,30.94,Noise,Right
1707209419448,0.581208,-0.041968,-0.84424,-7.42,11.55,25.41,Noise,Right
1707209419448,0.571448,-0.077592,-0.821304,-4.2,18.55,19.25,Noise,Right
1707209419500,0.604632,-0.110776,-0.81984,1.26,27.93,20.44,Noise,Right
1707209419500,0.567544,-0.103944,-0.85156,5.74,29.54,24.57,Noise,Right
1707209419500,0.590968,-0.091256,-0.869616,8.61,23.31,28.77,Noise,Right
1707209419607,0.564128,-0.055144,-0.860832,6.3,11.69,29.47,Noise,Right
1707209419607,0.617808,-0.08784,-0.842776,2.52,5.04,28.91,Noise,Right
1707209419608,0.593408,-0.116632,-0.852536,3.92,9.59,29.75,Noise,Right
1707209419608,0.623664,-0.116632,-0.849608,1.96,11.97,33.81,Noise,Right
1707209419608,0.630496,-0.100528,-0.86376,0.49,10.43,28.98,Noise,Right
1707209419609,0.677832,-0.114192,-0.860832,-2.03,11.83,22.4,Noise,Right
1707209419708,0.672464,-0.120048,-0.865224,-4.27,16.1,18.97,Noise,Right
1707209419708,0.654896,-0.132248,-0.867664,-5.81,16.03,14.49,Noise,Right
1707209419708,0.642696,-0.140544,-0.859368,-5.04,13.93,9.52,Noise,Right
1707209419708,0.635864,-0.14396,-0.843264,-2.45,11.62,4.97,Noise,Right
1707209419708,0.640256,-0.133224,-0.847656,-1.4,9.24,2.66,Noise,Right
1707209419708,0.611464,-0.135664,-0.853024,-0.56,6.3,0.56,Noise,Right
1707209419758,0.572912,-0.112728,-0.837896,-0.84,0.49,-1.82,Noise,Right
1707209419758,0.606096,-0.133224,-0.818864,-0.84,-7.14,-2.31,Noise,Right
1707209419758,0.639768,-0.132248,-0.812032,-2.38,-6.23,3.5,Noise,Right
1707209419807,0.632448,-0.103456,-0.830576,-3.43,-3.08,4.27,Noise,Right
1707209419807,0.610976,-0.088816,-0.833016,-3.85,-2.45,-0.49,Noise,Right
1707209419808,0.596336,-0.080032,-0.813008,-3.71,-2.66,-8.05,Noise,Right
1707209419855,0.608536,-0.102968,-0.796416,-3.99,1.33,-11.76,Noise,Right
1707209419855,0.608536,-0.11468,-0.79788,-3.85,9.38,-10.01,Noise,Right
1707209419855,0.572912,-0.0976,-0.81984,-4.76,11.34,-7.0,Noise,Right
1707209419903,0.565592,-0.105896,-0.831064,-5.32,5.95,-4.9,Noise,Right
1707209419903,0.547536,-0.090768,-0.821304,-5.32,-2.87,-2.87,Noise,Right
1707209419903,0.56852,-0.096624,-0.793976,-4.83,-8.05,-0.28,Noise,Right
1707209419953,0.576816,-0.103456,-0.791536,-2.38,-7.14,3.57,Noise,Right
1707209419953,0.587064,-0.117608,-0.791536,1.33,-1.05,6.51,Noise,Right
1707209420078,0.566568,-0.079544,-0.803736,2.87,2.24,7.0,Noise,Right
1707209420078,0.587064,-0.091256,-0.813984,1.54,2.52,5.81,Noise,Right
1707209420079,0.549488,-0.077104,-0.857904,-7.14,-3.78,0.56,Noise,Right
1707209420079,0.620736,-0.122,-0.819352,-7.77,-8.19,-4.2,Noise,Right
1707209420079,0.61244,-0.135664,-0.811056,-5.67,-5.46,-5.67,Noise,Right
1707209420079,0.594384,-0.130784,-0.818376,-2.94,-3.22,-7.35,Noise,Right
1707209420079,0.579744,-0.125904,-0.812032,-0.07,-5.25,-10.43,Noise,Right
1707209420211,0.596336,-0.12932,-0.803736,4.13,-3.43,-10.64,Noise,Right
1707209420211,0.577304,-0.10004,-0.809592,7.07,2.38,-5.39,Noise,Right
1707209420211,0.554368,-0.08296,-0.817888,5.74,3.5,-3.01,Noise,Right
1707209420211,0.55388,-0.0732,-0.816424,4.34,0.56,-0.56,Noise,Right
1707209420211,0.550952,-0.062464,-0.809104,1.47,-1.68,2.03,Noise,Right
1707209420211,0.576328,-0.10248,-0.81008,-2.38,-2.66,4.55,Noise,Right
1707209420211,0.579744,-0.105408,-0.813496,-5.11,-2.03,8.19,Noise,Right
1707209420211,0.5978,-0.119072,-0.8174,-6.23,-2.24,8.19,Noise,Right
1707209420259,0.604632,-0.125904,-0.806664,-3.85,-0.84,5.39,Noise,Right
1707209420259,0.592432,-0.11224,-0.809592,-0.98,0.42,0.91,Noise,Right
1707209420259,0.581696,-0.035136,-0.825208,23.03,28.0,4.2,Noise,Right
1707209420305,0.591456,-0.121024,-0.813008,-1.61,1.82,-10.78,Noise,Right
1707209420306,0.564616,-0.079056,-0.83204,-14.42,-14.14,-19.74,Noise,Right
1707209420306,0.560712,-0.105896,-0.793488,-3.36,-5.6,-16.31,Noise,Right
1707209420351,0.516304,-0.0732,-0.792512,-1.89,-7.42,-6.37,Noise,Right
1707209420351,0.5124,-0.085888,-0.778848,-2.38,-11.83,-1.82,Noise,Right
1707209420352,0.655384,-0.108336,-0.793976,13.16,4.97,9.24,Noise,Right
1707209420397,0.609024,-0.093696,-0.8052,9.31,15.4,9.59,Noise,Right
1707209420405,0.591944,-0.12688,-0.801784,-0.56,6.3,1.89,Noise,Right
1707209420405,0.58316,-0.108336,-0.804224,-4.27,0.98,-4.97,Noise,Right
1707209420442,0.569984,-0.092232,-0.808616,1.82,4.62,-8.12,Noise,Right
1707209420442,0.576816,-0.109312,-0.808128,7.14,7.49,-8.12,Noise,Right
1707209420492,0.580232,-0.1098,-0.802272,4.9,5.11,-4.2,Noise,Right
1707209420492,0.577304,-0.098576,-0.804224,4.27,4.9,0.42,Noise,Right
1707209420492,0.576328,-0.0976,-0.804224,0.91,1.54,2.45,Noise,Right
1707209420623,0.577792,-0.100528,-0.798368,-0.49,0.28,8.54,Noise,Right
1707209420623,0.576816,-0.113216,-0.795928,1.68,-0.42,15.96,Noise,Right
1707209420625,0.58316,-0.11712,-0.798856,1.96,-0.98,18.83,Noise,Right
1707209420625,0.582672,-0.124928,-0.802272,1.26,-2.31,17.5,Noise,Right
1707209420625,0.5856,-0.13664,-0.794464,5.18,0.07,10.43,Noise,Right
1707209420625,0.583648,-0.145912,-0.789096,6.58,-0.84,4.27,Noise,Right
1707209420625,0.579744,-0.138104,-0.796416,6.23,-3.22,0.28,Noise,Right
1707209420673,0.585112,-0.13908,-0.8052,8.33,-3.29,-1.19,Noise,Right
1707209420675,0.576328,-0.140056,-0.805688,6.16,-3.99,-1.89,Noise,Right
1707209420675,0.576816,-0.138104,-0.80276,4.48,-3.22,-0.63,Noise,Right
1707209420675,0.573888,-0.140544,-0.800808,2.03,-2.59,1.12,Noise,Right
1707209420725,0.575352,-0.142984,-0.805688,-1.47,-2.1,9.59,Noise,Right
1707209420725,0.57096,-0.148352,-0.797392,-1.82,-1.96,9.45,Noise,Right
1707209420830,0.574376,-0.146888,-0.798368,-1.12,-2.31,8.19,Noise,Right
1707209420830,0.579256,-0.1464,-0.796416,0.63,-2.66,3.08,Noise,Right
1707209420830,0.5734,-0.15616,-0.80276,1.68,-2.59,0.14,Noise,Right
1707209420830,0.569496,-0.154208,-0.81008,0.49,-2.03,-0.63,Noise,Right
1707209420830,0.572912,-0.153232,-0.80764,-0.07,-1.54,-1.47,Noise,Right
1707209420830,0.569496,-0.150792,-0.801784,-0.21,-1.54,-1.33,Noise,Right
1707209420831,0.572912,-0.150792,-0.798856,0.28,-1.75,-1.05,Noise,Right
1707209420933,0.572912,-0.14884,-0.799344,1.54,-2.8,0.0,Noise,Right
1707209420933,0.569984,-0.156648,-0.80276,2.45,-3.71,0.98,Noise,Right
1707209420933,0.568032,-0.154696,-0.80032,2.38,-3.64,0.7,Noise,Right
1707209420933,0.57096,-0.159088,-0.79788,1.54,-3.22,-0.07,Noise,Right
1707209420935,0.56852,-0.159088,-0.79788,0.7,-2.59,-0.63,Noise,Right
1707209420937,0.569008,-0.159088,-0.80276,0.0,-1.89,-1.12,Noise,Right
1707209420982,0.569984,-0.156648,-0.804224,-0.49,-1.68,-1.68,Noise,Right
1707209420982,0.57096,-0.162016,-0.799344,-1.05,-1.19,-1.96,Noise,Right
1707209420982,0.569984,-0.160552,-0.799344,-0.63,-1.54,-1.61,Noise,Right
1707209421031,0.569496,-0.162016,-0.796416,0.56,-2.66,-0.35,Noise,Right
1707209421031,0.572912,-0.16104,-0.803736,1.89,-3.57,0.77,Noise,Right
1707209421138,0.560224,-0.169336,-0.811544,1.68,-3.22,-0.28,Noise,Right
1707209421139,0.56852,-0.160552,-0.80276,-1.54,-0.49,-2.59,Noise,Right
1707209421139,0.562176,-0.162992,-0.801784,-1.54,-0.7,-2.52,Noise,Right
1707209421139,0.568032,-0.162504,-0.806664,-2.38,-0.14,-3.08,Noise,Right
1707209421139,0.564128,-0.162016,-0.809592,0.14,-2.38,-0.77,Noise,Right
1707209421139,0.560224,-0.172752,-0.79788,-2.45,0.21,-3.29,Noise,Right
1707209421139,0.569496,-0.161528,-0.801784,-5.04,1.61,-5.11,Noise,Right
1707209421182,0.569008,-0.152744,-0.799832,-2.73,0.0,-3.64,Noise,Right
1707209421228,0.6466,-0.195688,-0.79788,-13.16,-19.39,-18.06,Noise,Right
1707209421229,0.619272,-0.19764,-0.811544,-28.7,-35.56,-29.26,Noise,Right
1707209421229,0.608048,-0.235216,-0.757376,5.74,4.2,-22.89,Noise,Right
1707209421273,0.61976,-0.175192,-0.85888,13.86,11.9,-17.5,Noise,Right
1707209421273,0.610488,-0.183976,-0.8906,9.03,-1.54,-16.59,Noise,Right
1707209421273,0.605608,-0.19764,-0.915488,3.5,-21.14,-11.06,Noise,Right
1707209421321,0.659288,-0.194712,-0.892552,-2.66,-39.2,-7.91,Noise,Right
1707209421321,0.713944,-0.182512,-0.874496,-10.64,-39.62,-6.65,Noise,Right
1707209421373,0.73688,-0.198616,-0.856928,-14.35,-29.19,-10.5,Noise,Right
1707209421373,0.73932,-0.211304,-0.853024,-12.74,-10.43,-14.91,Noise,Right
1707209421373,0.720288,-0.197152,-0.850096,-9.03,10.99,-22.82,Noise,Right
1707209421453,0.654896,-0.183488,-0.86864,-5.88,20.23,-31.92,Noise,Right
1707209421457,0.625128,-0.177632,-0.874984,-4.69,17.99,-37.31,Noise,Right
1707209421461,0.55632,-0.131272,-0.910608,-6.79,3.36,-41.93,Noise,Right
1707209421462,0.552416,-0.113216,-0.89304,-10.36,-20.16,-48.51,Noise,Right
1707209421492,0.578768,-0.138592,-0.857416,-13.09,-34.51,-49.14,Noise,Right
1707209421492,0.608536,-0.160064,-0.821304,-10.36,-33.32,-44.94,Noise,Right
1707209421493,0.61244,-0.1708,-0.789584,-4.9,-18.69,-35.21,Noise,Right
1707209421538,0.58316,-0.1586,-0.785192,3.22,0.35,-22.82,Noise,Right
1707209421539,0.511912,-0.094672,-0.837408,11.06,10.08,-15.89,Noise,Right
1707209421539,0.459696,-0.015616,-0.892552,9.59,-5.39,-24.43,Noise,Right
1707209421587,0.498248,-0.002928,-0.903776,-0.56,-33.25,-39.13,Noise,Right
1707209421587,0.569008,-0.030256,-0.859368,-11.13,-44.38,-45.5,Noise,Right
1707209421587,0.558272,-0.064904,-0.838872,-17.15,-37.03,-42.56,Noise,Right
1707209421634,0.526064,-0.087352,-0.83936,-16.66,-27.16,-39.13,Noise,Right
1707209421634,0.506544,-0.100528,-0.825208,-12.11,-17.22,-35.28,Noise,Right
1707209421634,0.4514,-0.08296,-0.837408,-4.34,-7.21,-27.58,Noise,Right
1707209421681,0.420656,-0.037088,-0.841312,0.28,-9.1,-23.94,Noise,Right
1707209421681,0.425536,-0.029768,-0.880352,-1.54,-19.88,-20.58,Noise,Right
1707209421726,0.398696,0.002928,-0.907192,-4.97,-36.82,-22.33,Noise,Right
1707209421726,0.433832,0.0122,-0.886696,-8.96,-52.43,-28.84,Noise,Right
1707209421726,0.478728,0.005368,-0.870104,-13.72,-52.64,-29.89,Noise,Right
1707209421773,0.457744,0.017568,-0.864248,-15.89,-42.14,-28.28,Noise,Right
1707209421773,0.444568,0.000488,-0.996008,-17.15,-33.18,-30.94,Noise,Right
1707209421773,0.425536,-0.007808,-0.88572,-14.35,-24.43,-30.8,Noise,Right
1707209421822,0.366488,0.039528,-0.891576,-11.62,-27.65,-35.35,Noise,Right
1707209421822,0.36356,0.027816,-0.867176,-10.78,-33.18,-39.27,Noise,Right
1707209421823,0.348432,0.022936,-0.871568,-9.59,-33.6,-36.05,Noise,Right
1707209421867,0.326472,0.02684,-0.882304,-7.63,-36.33,-30.66,Noise,Right
1707209421867,0.33428,0.039528,-0.894504,-5.88,-40.25,-27.79,Noise,Right
1707209421913,0.315248,0.071248,-0.909144,-3.64,-42.77,-27.65,Noise,Right
1707209421913,0.319152,0.08296,-0.904264,-3.5,-43.26,-28.28,Noise,Right
1707209421913,0.28304,0.103456,-0.901336,-5.04,-41.72,-26.74,Noise,Right
1707209421961,0.282064,0.085888,-0.915488,-9.59,-41.65,-25.34,Noise,Right
1707209421961,0.274744,0.085888,-0.926224,-10.15,-40.11,-24.15,Noise,Right
1707209421961,0.276208,0.10004,-0.928664,-12.32,-38.85,-22.82,Noise,Right
1707209422006,0.25864,0.09272,-0.930616,-13.93,-35.91,-21.63,Noise,Right
1707209422006,0.247416,0.069784,-0.940376,-16.45,-35.7,-21.0,Noise,Right
1707209422006,0.235216,0.081008,-0.930616,-17.57,-39.41,-19.04,Noise,Right
1707209422055,0.213256,0.101992,-0.931104,-20.09,-44.38,-15.26,Noise,Right
1707209422056,0.224968,0.118584,-0.937936,-17.15,-45.01,-19.46,Noise,Right
1707209422102,0.218136,0.114192,-0.939888,-17.22,-43.12,-19.53,Noise,Right
1707209422102,0.184952,0.124928,-0.932568,-16.17,-40.6,-18.06,Noise,Right
1707209422103,0.166408,0.120536,-0.932568,-15.4,-37.52,-14.84,Noise,Right
1707209422148,0.1586,0.12444,-0.937936,-13.86,-35.98,-14.63,Noise,Right
1707209422148,0.134688,0.162016,-0.955504,-14.0,-35.28,-14.21,Noise,Right
1707209422148,0.159088,0.149328,-0.94672,-16.38,-36.68,-13.86,Noise,Right
1707209422192,0.138104,0.14152,-0.95892,-17.99,-36.26,-12.25,Noise,Right
1707209422192,0.119072,0.130784,-0.947208,-17.22,-39.13,-11.27,Noise,Right
1707209422192,0.126392,0.138104,-0.929152,-15.82,-36.82,-7.56,Noise,Right
1707209422239,0.130784,0.149328,-0.943792,-13.23,-33.18,-4.55,Noise,Right
1707209422239,0.130296,0.162992,-0.961848,-12.25,-31.29,-5.32,Noise,Right
1707209422286,0.12932,0.164944,-0.96624,-12.81,-32.13,-7.84,Noise,Right
1707209422286,0.11712,0.16104,-0.966728,-13.93,-32.76,-9.38,Noise,Right
1707209422286,0.105896,0.142008,-0.968192,-14.21,-30.24,-8.68,Noise,Right
1707209422339,0.081984,0.154696,-0.97844,-15.05,-29.61,-4.06,Noise,Right
1707209422339,0.066368,0.179096,-0.977952,-16.31,-30.52,-0.07,Noise,Right
1707209422340,0.051728,0.177632,-0.976488,-18.2,-30.03,2.87,Noise,Right
1707209422463,0.028792,0.174704,-0.986248,-18.76,-27.72,4.9,Noise,Right
1707209422465,0.017568,0.179096,-0.981856,-18.27,-28.91,4.83,Noise,Right
1707209422465,0.012688,0.186416,-0.981368,-18.83,-30.66,5.11,Noise,Right
1707209422465,0.02684,0.18056,-0.979904,-19.46,-33.39,4.55,Noise,Right
1707209422465,0.047336,0.186416,-0.976,-19.53,-31.5,5.32,Noise,Right
1707209422466,0.030256,0.194224,-0.982344,-18.27,-31.71,3.78,Noise,Right
1707209422466,0.055632,0.183,-0.976976,-17.99,-30.73,1.96,Noise,Right
1707209422522,0.035624,0.1952,-0.979904,-17.57,-30.38,-17.85,Noise,Right
1707209422522,0.012688,0.20496,-0.975512,-17.29,-31.36,-0.35,Noise,Right
1707209422522,-0.015128,0.230824,-0.967704,-17.22,-34.16,0.42,Noise,Right
1707209422522,-0.03416,0.241072,-0.967704,-18.69,-35.07,1.4,Noise,Right
1707209422651,-0.038552,0.227408,-0.969656,-18.2,-34.23,0.14,Noise,Right
1707209422651,-0.063928,0.243024,-0.976,-17.36,-33.53,1.33,Noise,Right
1707209422652,-0.059536,0.25132,-0.982832,-18.13,-35.7,2.73,Noise,Right
1707209422652,-0.0244,0.245952,-0.983808,-19.6,-33.53,3.85,Noise,Right
1707209422652,-0.008784,0.247416,-0.976,-21.07,-28.21,3.22,Noise,Right
1707209422652,-0.008784,0.250344,-0.97356,-22.33,-21.35,1.75,Noise,Right
1707209422652,-0.013176,0.245952,-0.959408,-22.68,-15.82,-0.28,Noise,Right
1707209422703,-0.051728,0.372344,-0.961848,-21.91,-11.97,-0.98,Noise,Right
1707209422704,-0.071736,0.280112,-0.955016,-22.19,-15.47,-1.12,Noise,Right
1707209422704,-0.094672,0.288896,-0.951112,-21.07,-19.46,-0.21,Noise,Right
1707209422704,-0.075152,0.279624,-0.93208,-19.88,-21.42,-0.63,Noise,Right
1707209422751,-0.089792,0.27572,-0.930128,-17.01,-19.25,-1.54,Noise,Right
1707209422752,-0.094672,0.261568,-0.940376,-12.6,-16.45,-1.68,Noise,Right
1707209422797,-0.103944,0.303536,-0.962336,-8.61,-16.31,-3.29,Noise,Right
1707209422797,-0.100528,0.326472,-0.960872,-9.24,-18.34,-5.46,Noise,Right
1707209422797,-0.11712,0.308416,-0.964288,-12.18,-19.39,-3.29,Noise,Right
1707209422850,-0.12688,0.282552,-0.967216,-14.35,-23.03,0.63,Noise,Right
1707209422850,-0.127368,0.27572,-0.965264,-13.72,-27.51,3.43,Noise,Right
1707209422851,-0.108824,0.29036,-0.960872,-11.55,-29.19,3.22,Noise,Right
1707209422972,-0.110776,0.332816,-0.949648,-11.13,-27.58,1.82,Noise,Right
1707209422973,-0.109312,0.33428,-0.937936,-13.09,-22.54,-1.33,Noise,Right
1707209422973,-0.122,0.325008,-0.93208,-14.35,-18.41,-3.29,Noise,Right
1707209422973,-0.148352,0.30256,-0.926224,-12.88,-17.15,-3.01,Noise,Right
1707209422973,-0.157136,0.305976,-0.922808,-9.87,-19.88,-0.77,Noise,Right
1707209422973,-0.15128,0.316224,-0.914024,-6.65,-22.89,0.7,Noise,Right
1707209422973,-0.155672,0.318664,-0.917928,-4.06,-20.93,1.75,Noise,Right
1707209423042,-0.15372,0.334768,-0.920856,-2.66,-17.29,-1.26,Noise,Right
1707209423043,-0.16104,0.345504,-0.945744,-2.17,-14.91,-3.92,Noise,Right
1707209423043,-0.162992,0.350384,-0.942328,-4.76,-15.82,-7.63,Noise,Right
1707209423043,-0.181048,0.359656,-0.937936,-7.14,-14.42,-6.09,Noise,Right
1707209423080,-0.196176,0.345504,-0.936472,-9.52,-15.47,-4.69,Noise,Right
1707209423080,-0.199104,0.335256,-0.942816,-10.71,-17.71,-3.5,Noise,Right
1707209423080,-0.206424,0.335256,-0.925248,-9.1,-20.3,-0.28,Noise,Right
1707209423184,-0.184952,0.3172,-0.951112,-10.15,-27.79,0.28,Noise,Right
1707209423185,-0.164944,0.30988,-0.952576,-8.26,-26.74,0.84,Noise,Right
1707209423185,-0.1708,0.345016,-0.935984,-7.77,-23.03,-0.42,Noise,Right
1707209423185,-0.18788,0.356728,-0.924272,-9.45,-18.06,-2.94,Noise,Right
1707209423185,-0.218136,0.372344,-0.904264,-11.48,-13.09,-3.5,Noise,Right
1707209423185,-0.260592,0.362096,-0.902312,-14.07,-11.2,-1.12,Noise,Right
1707209423231,-0.274256,0.343552,-0.892552,-12.6,-14.84,1.96,Noise,Right
1707209423231,-0.249856,0.3416,-0.894016,-10.92,-22.54,1.82,Noise,Right
1707209423231,-0.228872,0.351848,-0.893528,-5.04,-19.39,1.96,Noise,Right
1707209423276,-0.207888,0.36112,-0.894016,-4.27,-16.31,-0.91,Noise,Right
1707209423277,-0.199592,0.383568,-0.911096,-5.39,-11.41,-3.92,Noise,Right
1707209423323,-0.216184,0.3782,-0.905728,-6.93,-9.03,-8.4,Noise,Right
1707209423323,-0.244,0.366,-0.901824,-7.14,-8.47,-7.63,Noise,Right
1707209423324,-0.266448,0.363072,-0.905728,-4.76,-9.66,-5.6,Noise,Right
1707209423370,-0.286456,0.358192,-0.88572,-4.9,-14.49,-4.76,Noise,Right
1707209423370,-0.272792,0.355264,-0.88816,-5.39,-19.04,-3.08,Noise,Right
1707209423371,-0.233264,0.349408,-0.8906,-2.59,-15.68,-0.07,Noise,Right
1707209423417,-0.243024,0.378688,-0.874984,-0.98,-8.26,-3.08,Noise,Right
1707209423417,-0.238144,0.366976,-0.882304,-2.31,-2.59,-5.11,Noise,Right
1707209423418,-0.267424,0.354776,-0.881816,0.0,-1.75,-4.76,Noise,Right
1707209423465,-0.264008,0.355752,-0.890112,-0.14,-6.51,-4.76,Noise,Right
1707209423465,-0.255712,0.362096,-0.88572,-1.26,-7.84,-5.32,Noise,Right
1707209423509,-0.243512,0.364048,-0.883768,-1.54,-1.68,-3.78,Noise,Right
1707209423510,-0.263032,0.362096,-0.886208,-1.33,1.61,-4.2,Noise,Right
1707209423510,-0.2806,0.350384,-0.889136,-1.05,0.98,-4.13,Noise,Right
1707209423572,-0.271816,0.369416,-0.897432,-1.54,0.14,-3.64,Noise,Right
1707209423577,-0.27084,0.369416,-0.892552,-2.66,-2.1,-5.04,Noise,Right
1707209423578,-0.270352,0.364536,-0.887672,-3.36,-2.24,-5.81,Noise,Right
1707209423618,-0.271816,0.359656,-0.883768,-2.03,-0.35,-4.83,Noise,Right
1707209423618,-0.271328,0.358192,-0.887672,-1.68,0.84,-4.41,Noise,Right
1707209423618,-0.274744,0.36112,-0.892064,-0.28,0.84,-3.99,Noise,Right
1707209423670,-0.266448,0.366488,-0.89304,0.35,-0.14,-5.46,Noise,Right
1707209423670,-0.269376,0.349896,-0.898896,-1.47,-0.84,-7.91,Noise,Right
1707209423670,-0.2684,0.349408,-0.905728,-0.49,0.63,-7.14,Noise,Right
1707209423790,-0.279136,0.369416,-0.903776,0.91,2.38,-3.85,Noise,Right
1707209423790,-0.291336,0.372344,-0.901336,-0.49,0.49,-2.38,Noise,Right
1707209423790,-0.28792,0.371856,-0.901336,-2.73,-3.71,-2.66,Noise,Right
1707209423790,-0.272304,0.362096,-0.896456,-3.99,-5.25,-2.52,Noise,Right
1707209423791,-0.274256,0.357704,-0.889136,-3.5,-5.18,-3.22,Noise,Right
1707209423791,-0.262056,0.350872,-0.888648,-2.59,-4.13,-4.13,Noise,Right
1707209423791,-0.262056,0.363072,-0.883768,-1.05,17.29,-4.27,Noise,Right
1707209423837,-0.271328,0.369904,-0.873032,-0.49,2.52,-4.9,Noise,Right
1707209423837,-0.277672,0.371856,-0.877912,-1.12,2.52,-4.48,Noise,Right
1707209423838,-0.279136,0.36112,-0.884744,-1.12,0.42,-4.48,Noise,Right
1707209423883,-0.264984,0.363072,-0.884744,-0.7,-0.49,-3.85,Noise,Right
1707209423883,-0.255712,0.35624,-0.884256,0.0,2.17,-3.15,Noise,Right
1707209423883,-0.257176,0.362096,-0.879864,0.84,5.74,-3.5,Noise,Right
1707209423930,-0.252784,0.356728,-0.886696,0.14,7.07,-5.53,Noise,Right
1707209423930,-0.255712,0.354288,-0.881816,0.77,9.38,-6.37,Noise,Right
1707209423930,-0.252296,0.360144,-0.876448,-0.07,10.5,-6.44,Noise,Right
1707209423979,-0.22692,0.36112,-0.86132,-0.21,15.89,-6.44,Noise,Right
1707209423979,-0.23912,0.329888,-0.860832,-0.35,19.88,-7.14,Noise,Right
1707209423979,-0.233264,0.318664,-0.833992,4.76,27.65,-4.69,Noise,Right
1707209424025,-0.2074,0.288408,-0.809104,12.88,36.05,-1.89,Noise,Right
1707209424026,-0.199592,0.282552,-0.806176,24.85,47.74,3.5,Noise,Right
1707209424112,-0.186416,0.323056,-0.843752,35.49,52.22,3.15,Noise,Right
1707209424112,-0.134688,0.34892,-0.854976,40.46,55.72,-3.08,Noise,Right
1707209424113,-0.153232,0.397232,-0.905728,38.08,62.44,-11.62,Noise,Right
1707209424113,-0.123952,0.347456,-0.916952,32.97,67.13,-20.72,Noise,Right
1707209424113,-0.128832,0.293288,-0.909144,31.01,76.58,-20.93,Noise,Right
1707209424162,-0.122976,0.216184,-0.920856,34.72,87.57,-13.86,Noise,Right
1707209424163,-0.130296,0.210328,-0.964288,42.7,94.85,-5.81,Noise,Right
1707209424163,-0.083936,0.244976,-0.979904,46.69,92.75,-6.51,Noise,Right
1707209424208,-0.042456,0.279136,-0.99064,45.15,91.42,-5.95,Noise,Right
1707209424208,-0.028304,0.244,-1.003328,40.46,90.51,-9.45,Noise,Right
1707209424209,-0.03904,0.205448,-1.023824,38.22,83.02,-14.14,Noise,Right
1707209424256,-0.003904,0.196664,-1.016992,38.08,73.22,-17.71,Noise,Right
1707209424256,0.0244,0.171288,-1.025288,37.52,68.39,-17.85,Noise,Right
1707209424256,0.01464,0.188856,-1.032608,36.33,63.0,-15.82,Noise,Right
1707209424302,0.029768,0.190808,-1.02236,33.04,54.6,-12.32,Noise,Right
1707209424302,-0.002928,0.19276,-1.013576,29.33,51.24,-8.75,Noise,Right
1707209424302,-0.032696,0.177144,-1.009184,25.62,48.51,-3.92,Noise,Right
1707209424348,-0.040504,0.162992,-0.996984,23.31,45.92,1.96,Noise,Right
1707209424349,-0.052216,0.176656,-0.986736,20.72,42.35,8.05,Noise,Right
1707209424393,-0.011712,0.172264,-0.963312,16.03,41.37,14.63,Noise,Right
1707209424393,0.010248,0.147864,-0.953552,12.53,39.69,19.25,Noise,Right
1707209424393,0.052704,0.135664,-0.930616,12.6,38.99,21.77,Noise,Right
1707209424440,0.079056,0.133712,-0.926712,14.21,39.83,23.03,Noise,Right
1707209424440,0.08784,0.1464,-0.921832,16.87,40.6,23.8,Noise,Right
1707209424440,0.11224,0.167384,-0.904264,17.64,43.68,23.94,Noise,Right
1707209424490,0.136152,0.176656,-0.894992,16.31,49.77,23.94,Noise,Right
1707209424491,0.155672,0.149816,-0.894016,12.32,57.82,26.88,Noise,Right
1707209424491,0.170312,0.121024,-0.891576,9.31,60.06,31.29,Noise,Right
1707209424619,0.198128,0.070272,-0.889136,8.54,56.0,35.07,Noise,Right
1707209424619,0.205448,0.076128,-0.882304,12.25,50.12,36.33,Noise,Right
1707209424619,0.207888,0.1098,-0.860832,16.31,41.72,35.49,Noise,Right
1707209424619,0.26108,0.0976,-0.823744,15.54,39.2,41.16,Noise,Right
1707209424619,0.298168,0.06832,-0.82228,13.23,47.81,53.62,Noise,Right
1707209424619,0.283528,0.052216,-0.879376,11.97,48.51,59.29,Noise,Right
1707209424619,0.317688,0.075152,-0.898896,10.15,39.69,52.57,Noise,Right
1707209424721,0.36356,0.072224,-0.874496,5.25,34.23,43.61,Noise,Right
1707209424721,0.402112,0.028304,-0.870592,0.7,39.62,43.12,Noise,Right
1707209424721,0.399672,-0.009272,-0.877912,-0.77,46.27,43.54,Noise,Right
1707209424721,0.416264,-0.052216,-0.859856,17.78,47.11,39.13,Noise,Right
1707209424722,0.478728,-0.081984,-0.859856,6.37,50.68,37.1,Noise,Right
1707209424722,0.45872,-0.057584,-0.890112,9.17,43.68,31.99,Noise,Right
1707209424765,0.498736,-0.053192,-0.870104,11.69,29.68,23.24,Noise,Right
1707209424765,0.583648,-0.048312,-0.861808,12.18,27.65,21.42,Noise,Right
1707209424766,0.610976,-0.046848,-0.88572,9.03,36.54,21.63,Noise,Right
1707209424812,0.569008,-0.0244,-0.903776,6.16,37.52,14.91,Noise,Right
1707209424812,0.59536,-0.079544,-0.899872,1.05,32.62,8.05,Noise,Right
1707209424812,0.574376,-0.09516,-0.91012,0.63,29.54,6.02,Noise,Right
1707209424858,0.543144,-0.105896,-0.901824,1.75,24.08,0.0,Noise,Right
1707209424858,0.543144,-0.109312,-0.875472,7.21,21.0,-3.01,Noise,Right
1707209424905,0.52704,-0.091256,-0.884744,10.15,23.24,1.19,Noise,Right
1707209424906,0.528504,-0.069296,-0.874984,10.29,26.46,7.91,Noise,Right
1707209424906,0.52704,-0.053192,-0.8906,5.53,30.1,22.4,Noise,Right
1707209424951,0.494832,-0.053192,-0.904264,-2.8,25.2,30.1,Noise,Right
1707209424952,0.503128,-0.074176,-0.898896,-8.68,11.97,33.11,Noise,Right
1707209424952,0.538752,-0.102968,-0.861808,-8.61,-0.14,30.38,Noise,Right
1707209424999,0.581208,-0.155184,-0.852048,-6.72,-1.82,29.19,Noise,Right
1707209424999,0.615368,-0.16592,-0.847168,-1.05,0.49,27.37,Noise,Right
1707209424999,0.623176,-0.136152,-0.870592,4.48,5.53,22.89,Noise,Right
1707209425045,0.61976,-0.097112,-0.874496,6.51,6.09,9.52,Noise,Right
1707209425045,0.626592,-0.089792,-0.865224,6.3,8.82,-2.87,Noise,Right
1707209425095,0.586576,-0.101992,-0.854,6.3,13.44,-9.45,Noise,Right
1707209425095,0.582672,-0.130784,-0.864736,5.32,18.34,-7.63,Noise,Right
1707209425095,0.531432,-0.116144,-0.885232,4.76,17.78,-1.75,Noise,Right
1707209425139,0.530456,-0.101504,-0.893528,1.54,10.22,1.75,Noise,Right
1707209425139,0.526064,-0.086864,-0.889136,-0.07,0.98,6.65,Noise,Right
1707209425139,0.55144,-0.0854,-0.860832,-3.22,-4.27,10.5,Noise,Right
1707209425186,0.598776,-0.093208,-0.84912,-6.51,0.63,16.59,Noise,Right
1707209425186,0.593408,-0.071248,-0.837896,-8.96,10.71,18.13,Noise,Right
1707209425186,0.605608,-0.102968,-0.832528,-11.06,19.32,16.73,Noise,Right
1707209425232,0.58804,-0.110776,-0.848144,-10.92,24.22,18.41,Noise,Right
1707209425232,0.569008,-0.122,-0.853512,-9.59,16.59,14.28,Noise,Right
1707209425278,0.578768,-0.14396,-0.846192,-5.95,5.95,8.82,Noise,Right
1707209425278,0.582672,-0.150304,-0.831064,0.35,-1.19,4.97,Noise,Right
1707209425278,0.589992,-0.137128,-0.829112,6.16,-3.22,3.36,Noise,Right
1707209425325,0.592432,-0.119072,-0.826184,8.96,0.98,5.04,Noise,Right
1707209425325,0.58804,-0.091256,-0.835456,8.05,5.67,8.82,Noise,Right
1707209425325,0.56364,-0.090768,-0.843752,4.62,7.14,9.17,Noise,Right
1707209425370,0.547536,-0.091256,-0.83692,0.98,6.02,6.93,Noise,Right
1707209425370,0.544608,-0.127368,-0.8296,-1.75,2.73,5.67,Noise,Right
1707209425371,0.531432,-0.143472,-0.821792,-1.4,-0.49,6.93,Noise,Right
1707209425417,0.551928,-0.150304,-0.81984,0.14,-4.97,7.98,Noise,Right
1707209425417,0.589992,-0.138104,-0.817888,-0.35,-6.65,8.82,Noise,Right
1707209425463,0.610488,-0.136152,-0.828624,-1.33,-4.76,7.56,Noise,Right
1707209425463,0.610488,-0.122976,-0.830576,-1.26,-1.89,5.18,Noise,Right
1707209425463,0.606096,-0.122488,-0.830576,-2.38,-3.01,1.68,Noise,Right
1707209425512,0.608536,-0.133224,-0.818376,-2.59,-1.12,-0.63,Noise,Right
1707209425512,0.60024,-0.1342,-0.820816,-2.38,2.8,-2.03,Noise,Right
1707209425512,0.566568,-0.157136,-0.82228,0.07,3.29,-3.43,Noise,Right
1707209425642,0.540216,-0.144936,-0.825208,3.71,0.35,-1.54,Noise,Right
1707209425642,0.530456,-0.11956,-0.82472,5.74,-4.76,-0.28,Noise,Right
1707209425642,0.584624,-0.105408,-0.964288,31.78,41.79,9.8,Noise,Right
1707209425643,0.597312,-0.165432,-0.826184,8.68,15.61,7.14,Noise,Right
1707209425643,0.606096,-0.164944,-0.821792,-7.49,0.35,-5.88,Noise,Right
1707209425643,0.540216,-0.086376,-0.846192,-16.38,-9.17,-18.48,Noise,Right
1707209425643,0.62708,-0.103456,-0.94428,-13.02,-11.76,-27.86,Noise,Right
1707209425707,0.513864,-0.142008,-0.76128,-5.81,1.05,-9.03,Noise,Right
1707209425708,0.621224,-0.210816,-0.84668,-1.19,-1.4,0.91,Noise,Right
1707209425708,0.566568,-0.134688,-0.802272,23.03,26.88,14.28,Noise,Right
1707209425709,0.578768,-0.126392,-0.83692,18.55,23.94,15.26,Noise,Right
1707209425741,0.574376,-0.139568,-0.81008,-3.71,9.8,8.47,Noise,Right
1707209425741,0.581696,-0.140544,-0.809104,-11.06,2.52,6.02,Noise,Right
1707209425786,0.560224,-0.142008,-0.793488,-8.12,0.91,9.24,Noise,Right
1707209425786,0.561688,-0.152744,-0.796416,-1.12,-2.8,11.55,Noise,Right
1707209425786,0.598288,-0.119072,-0.778848,4.76,-4.9,9.17,Noise,Right
1707209425833,0.571936,-0.153232,-0.80276,7.91,-5.81,4.69,Noise,Right
1707209425833,0.574864,-0.152744,-0.8052,8.26,-7.56,5.6,Noise,Right
1707209425833,0.572912,-0.167384,-0.811544,7.07,-7.0,4.41,Noise,Right
1707209425880,0.548512,-0.172264,-0.786168,4.2,-5.18,5.53,Noise,Right
1707209425880,0.561688,-0.166408,-0.796416,0.84,-5.18,11.97,Noise,Right
1707209425927,0.530456,-0.164456,-0.811544,-3.78,-0.77,-1.75,Noise,Right
1707209425928,0.56852,-0.159576,-0.806176,-1.96,-0.28,-2.24,Noise,Right
1707209425928,0.568032,-0.160552,-0.80032,-3.22,0.56,-3.78,Noise,Right
1707209425974,0.564616,-0.162016,-0.799344,-3.5,0.63,-3.85,Noise,Right
1707209425974,0.560712,-0.16592,-0.794952,-2.45,-0.35,-1.75,Noise,Right
1707209425975,0.559736,-0.16104,-0.799832,-2.59,-1.47,4.34,Noise,Right
1707209426026,0.571936,-0.159576,-0.800808,-1.68,-2.03,2.38,Noise,Right
1707209426026,0.564128,-0.157136,-0.803736,-1.54,-0.7,-2.38,Noise,Right
1707209426079,0.567056,-0.168848,-0.804712,-1.68,-0.56,-2.38,Noise,Right
1707209426079,0.565104,-0.161528,-0.801784,-1.54,-0.91,-2.45,Noise,Right
1707209426079,0.567056,-0.165432,-0.803736,-1.19,-1.05,-2.24,Noise,Right
1707209426079,0.5612,-0.166896,-0.804224,-1.33,-0.98,-2.45,Noise,Right
1707209426127,0.567056,-0.161528,-0.802272,-1.54,-1.05,-2.17,Noise,Right
1707209426127,0.571448,-0.159088,-0.799344,-1.47,-0.91,-2.38,Noise,Right
1707209426127,0.56852,-0.16348,-0.804224,-1.61,-0.77,-2.45,Noise,Right
1707209426172,0.57096,-0.159088,-0.803248,-1.54,-0.63,-2.45,Noise,Right
1707209426173,0.567056,-0.160064,-0.80276,-1.33,-0.84,-2.17,Noise,Right
1707209426228,0.565104,-0.157624,-0.805688,-1.4,-0.84,-2.24,Noise,Right
1707209426228,0.562176,-0.167872,-0.801296,-1.4,-0.91,-2.38,Noise,Right
1707209426228,0.568032,-0.162504,-0.804712,-1.4,-0.91,-2.1,Noise,Right
1707209426344,0.565104,-0.157136,-0.804224,-1.61,-0.7,-2.24,Noise,Right
1707209426344,0.568032,-0.162992,-0.806176,-1.33,-0.77,-2.38,Noise,Right
1707209426344,0.560712,-0.16348,-0.809104,-1.47,-0.63,-2.52,Noise,Right
1707209426344,0.564616,-0.162992,-0.805688,-1.47,-0.7,-2.24,Noise,Right
1707209426345,0.565104,-0.16104,-0.804224,-1.54,-0.63,-2.52,Noise,Right
1707209426345,0.566568,-0.161528,-0.800808,-1.89,-0.42,-2.66,Noise,Right
1707209426345,0.569496,-0.160552,-0.801784,-1.68,-0.49,-2.59,Noise,Right
1707209426391,0.580232,-0.16348,-0.830088,-2.94,0.14,-3.57,Noise,Right
1707209426391,0.568032,-0.160552,-0.811544,-3.57,1.54,-6.93,Noise,Right
1707209426391,0.631472,-0.171288,-0.764696,-8.89,4.55,-4.55,Noise,Right
1707209426439,0.699304,-0.240584,-0.81008,-7.42,14.42,-3.22,Noise,Right
1707209426439,0.661728,-0.232776,-0.889624,-7.63,21.0,-0.56,Noise,Right
1707209426439,0.679296,-0.279136,-0.928176,-9.66,8.82,-1.89,Noise,Right
1707209426488,0.69052,-0.292312,-0.94184,-9.45,-8.82,1.19,Noise,Right
1707209426489,0.716384,-0.26596,-0.962824,-10.71,-30.1,2.59,Noise,Right
1707209426489,0.754936,-0.260104,-0.974536,-12.39,-45.5,-3.57,Noise,Right
1707209426565,0.796904,-0.221552,-0.949648,-15.89,-49.28,-12.81,Noise,Right
1707209426565,0.811544,-0.218136,-0.93696,-21.28,-38.29,-17.08,Noise,Right
1707209426565,0.779824,-0.208376,-0.92232,-25.62,-23.52,-23.17,Noise,Right
1707209426565,0.721752,-0.230824,-0.92476,-28.28,-11.76,-25.41,Noise,Right
1707209426667,0.666608,-0.237656,-0.93696,-28.0,-12.95,-27.02,Noise,Right
1707209426667,0.607072,-0.203008,-0.952088,-28.56,-29.12,-31.29,Noise,Right
1707209426667,0.580232,-0.16348,-0.920856,-32.27,-56.98,-41.86,Noise,Right
1707209426667,0.631472,-0.198616,-0.85644,-33.95,-67.41,-44.87,Noise,Right
1707209426667,0.609512,-0.188856,-0.83692,-31.22,-61.6,-42.49,Noise,Right
1707209426667,0.576328,-0.138592,-0.83204,-26.81,-49.0,-41.02,Noise,Right
1707209426719,0.516304,-0.085888,-0.84424,-23.87,-43.47,-39.62,Noise,Right
1707209426719,0.48312,-0.066856,-0.830088,-19.74,-41.3,-40.04,Noise,Right
1707209426719,0.420656,-0.033672,-0.843264,-18.13,-41.37,-38.43,Noise,Right
1707209426719,0.408456,-0.034648,-0.828136,-17.78,-45.5,-39.34,Noise,Right
1707209426775,0.350872,-0.010248,-0.834968,-16.45,-47.6,-37.52,Noise,Right
1707209426776,0.325984,-0.001952,-0.843752,-15.82,-54.6,-37.31,Noise,Right
1707209426814,0.3172,-0.001464,-0.854,-14.42,-63.0,-38.71,Noise,Right
1707209426814,0.310368,0.042456,-0.854,-13.16,-66.57,-41.51,Noise,Right
1707209426814,0.298168,0.078568,-0.855464,-10.71,-65.38,-44.17,Noise,Right
1707209426861,0.29036,0.100528,-0.852536,-11.13,-59.92,-49.28,Noise,Right
1707209426861,0.265472,0.101992,-0.853512,-10.85,-48.86,-52.01,Noise,Right
1707209426862,0.260592,0.065392,-0.881816,-12.25,-37.38,-50.96,Noise,Right
1707209426906,0.254736,0.0732,-0.862784,-11.55,-35.14,-49.21,Noise,Right
1707209426906,0.215696,0.114192,-0.948672,-9.66,-38.85,-51.8,Noise,Right
1707209426906,0.206424,0.087352,-0.930128,-13.09,-43.05,-49.35,Noise,Right
1707209426952,0.179096,0.084912,-0.921344,-14.35,-43.26,-41.3,Noise,Right
1707209426952,0.154208,0.101992,-0.93452,-15.05,-43.89,-35.49,Noise,Right
1707209427000,0.152256,0.147376,-0.94672,-15.89,-46.76,-35.63,Noise,Right
1707209427001,0.160064,0.162504,-0.931104,-18.13,-45.78,-34.44,Noise,Right
1707209427001,0.155672,0.153232,-0.928176,-21.56,-42.77,-32.55,Noise,Right
1707209427049,0.12688,0.15372,-0.921344,-22.4,-37.45,-33.18,Noise,Right
1707209427049,0.106872,0.147864,-0.922808,-22.4,-33.04,-34.09,Noise,Right
1707209427049,0.096136,0.14396,-0.914512,-20.16,-30.73,-32.62,Noise,Right
1707209427095,0.051728,0.160064,-0.912072,-16.87,-32.06,-30.03,Noise,Right
1707209427095,0.04636,0.162016,-0.890112,-12.18,-32.55,-25.06,Noise,Right
1707209427095,0.042456,0.163968,-0.919392,-8.68,-31.08,-16.94,Noise,Right
1707209427148,0.044896,0.185928,-0.93696,-8.61,-34.23,-11.62,Noise,Right
1707209427148,0.081496,0.17568,-0.942328,-10.64,-37.52,-7.21,Noise,Right
1707209427148,0.107848,0.164456,-0.944768,-12.81,-37.66,-4.69,Noise,Right
1707209427203,0.11224,0.15128,-0.946232,-13.16,-34.16,-4.55,Noise,Right
1707209427203,0.122,0.134688,-0.950136,-12.18,-30.59,-7.91,Noise,Right
1707209427203,0.10492,0.142008,-0.952088,-10.43,-24.92,-12.18,Noise,Right
1707209427252,0.088816,0.167872,-0.938912,-8.68,-18.34,-14.28,Noise,Right
1707209427253,0.03904,0.202032,-0.95892,-10.08,-15.19,-14.35,Noise,Right
1707209427253,0.032696,0.179584,-0.95648,-11.34,-15.12,-12.32,Noise,Right
1707209427381,0.00976,0.199104,-0.969656,-13.3,-19.46,-8.05,Noise,Right
1707209427382,0.016104,0.203008,-0.955992,-15.75,-27.93,-6.93,Noise,Right
1707209427382,0.005368,0.198128,-0.947208,-16.66,-31.57,-4.13,Noise,Right
1707209427382,0.035624,0.176168,-0.938424,-15.96,-32.27,-1.89,Noise,Right
1707209427382,0.03416,0.194224,-0.947696,-13.3,-28.28,-2.45,Noise,Right
1707209427382,0.045872,0.187392,-0.952576,-10.85,-22.12,-6.16,Noise,Right
1707209427383,0.045384,0.211304,-0.955504,-9.52,-13.65,-10.36,Noise,Right
1707209427487,0.008296,0.200568,-0.953064,-9.31,-5.32,-10.57,Noise,Right
1707209427488,-0.01464,0.182024,-0.958432,-7.28,-7.07,-9.03,Noise,Right
1707209427488,-0.027816,0.186416,-0.966728,-3.78,-15.33,-6.3,Noise,Right
1707209427488,-0.015616,0.190808,-0.98332,-1.61,-25.62,-5.53,Noise,Right
1707209427489,0.005368,0.228384,-0.987224,-2.03,-30.87,-6.16,Noise,Right
1707209427489,0.05124,0.232288,-0.977952,-5.74,-27.09,-9.38,Noise,Right
1707209427489,0.063928,0.226432,-0.998936,-10.08,-13.86,-13.3,Noise,Right
1707209427588,0.024888,0.211304,-1.016016,-14.14,-4.83,-19.18,Noise,Right
1707209427588,0.00244,0.200568,-1.009184,-14.56,-2.38,-23.45,Noise,Right
1707209427589,-0.040016,0.183488,-0.988688,-13.93,-3.22,-22.19,Noise,Right
1707209427589,-0.117608,0.21472,-0.991128,-12.39,-11.34,-14.98,Noise,Right
1707209427589,-0.13176,0.231312,-0.969168,-11.34,-23.24,-6.72,Noise,Right
1707209427590,-0.112728,0.238144,-0.950136,-10.85,-28.77,-0.21,Noise,Right
1707209427637,-0.087352,0.224968,-0.956968,-9.45,-24.71,1.82,Noise,Right
1707209427637,-0.060024,0.235704,-0.969656,-8.68,-20.02,-0.56,Noise,Right
1707209427637,-0.030744,0.23668,-0.977952,-10.01,-13.72,-3.43,Noise,Right
1707209427686,-0.030256,0.231312,-0.984296,-12.25,-10.64,-5.25,Noise,Right
1707209427686,-0.035136,0.234728,-0.987224,-13.79,-10.92,-5.46,Noise,Right
1707209427730,-0.049288,0.220576,-0.988688,-15.05,-14.42,-5.04,Noise,Right
1707209427731,-0.077104,0.225944,-0.99308,-14.77,-19.11,-5.6,Noise,Right
1707209427731,-0.09272,0.237656,-0.986248,-15.33,-25.27,-5.32,Noise,Right
1707209427776,-0.103944,0.257176,-0.979416,-15.75,-28.91,-2.94,Noise,Right
1707209427776,-0.094184,0.265472,-0.966728,-16.52,-31.71,-3.78,Noise,Right
1707209427776,-0.100528,0.265472,-0.952088,-16.8,-28.35,-4.62,Noise,Right
1707209427832,-0.104432,0.250832,-0.937448,-14.91,-21.91,-3.22,Noise,Right
1707209427836,-0.132248,0.257176,-0.943304,-11.34,-19.67,-3.08,Noise,Right
1707209427870,-0.123464,0.262544,-0.948184,-8.4,-21.35,-2.52,Noise,Right
1707209427870,-0.119072,0.27084,-0.977464,-8.47,-26.39,-2.1,Noise,Right
1707209427870,-0.105408,0.28548,-0.965752,-10.5,-31.43,-4.97,Noise,Right
1707209427916,-0.083936,0.282064,-0.960872,-13.16,-27.72,-7.21,Noise,Right
1707209427916,-0.104432,0.289384,-0.963312,-15.61,-21.35,-11.2,Noise,Right
1707209427916,-0.142496,0.264008,-0.948672,-16.24,-16.8,-13.09,Noise,Right
1707209427969,-0.199104,0.26596,-0.95648,-14.56,-14.35,-8.96,Noise,Right
1707209427969,-0.215696,0.27084,-0.957944,-12.95,-19.46,-4.13,Noise,Right
1707209427969,-0.21716,0.2928,-0.94916,-11.48,-25.69,0.98,Noise,Right
1707209428097,-0.20252,0.304512,-0.94916,-15.19,-33.6,2.59,Noise,Right
1707209428097,-0.157136,0.284016,-0.976488,-15.12,-32.97,2.17,Noise,Right
1707209428098,-0.179096,0.310856,-0.93208,-13.16,-26.95,0.14,Noise,Right
1707209428098,-0.179096,0.307928,-0.925248,-12.88,-25.06,-3.5,Noise,Right
1707209428098,-0.196176,0.305976,-0.91744,-12.67,-22.82,-4.41,Noise,Right
1707209428098,-0.215696,0.30988,-0.915976,-11.97,-21.56,-3.22,Noise,Right
1707209428098,-0.235704,0.306464,-0.923296,-10.99,-23.59,-0.7,Noise,Right
1707209428150,-0.235216,0.309392,-0.930616,-9.94,-25.83,1.68,Noise,Right
1707209428150,-0.221552,0.343064,-0.912072,-11.34,-26.95,0.35,Noise,Right
1707209428150,-0.221552,0.330864,-0.887184,-11.69,-20.86,-2.17,Noise,Right
1707209428151,-0.208864,0.301584,-0.89548,-11.48,-16.17,-3.92,Noise,Right
1707209428199,-0.238144,0.306952,-0.896944,-7.28,-11.76,-6.3,Noise,Right
1707209428200,-0.240584,0.30744,-0.88816,-3.78,-11.34,-6.23,Noise,Right
1707209428200,-0.25376,0.325008,-0.909632,-1.54,-10.36,-3.71,Noise,Right
1707209428244,-0.251808,0.337696,-0.908168,-0.7,-11.83,-1.89,Noise,Right
1707209428244,-0.245464,0.345504,-0.92232,-3.36,-12.32,-1.47,Noise,Right
1707209428291,-0.246928,0.352824,-0.915,-5.46,-10.71,-1.82,Noise,Right
1707209428291,-0.239608,0.342576,-0.908168,-8.26,-11.06,-3.43,Noise,Right
1707209428291,-0.239608,0.312808,-0.905728,-8.68,-7.49,-3.71,Noise,Right
1707209428337,-0.270352,0.305,-0.897432,-7.14,-10.08,-4.41,Noise,Right
1707209428338,-0.283528,0.30744,-0.894992,-3.36,-8.19,-2.17,Noise,Right
1707209428338,-0.285968,0.323056,-0.8906,-0.63,-9.45,-1.05,Noise,Right
1707209428384,-0.27084,0.357216,-0.875472,-0.49,-9.59,0.56,Noise,Right
1707209428384,-0.215696,0.348432,-0.870592,-2.31,-3.99,-1.61,Noise,Right
1707209428385,-0.236192,0.332816,-0.868152,-2.31,4.69,-3.43,Noise,Right
1707209428432,-0.248392,0.330864,-0.87108,-2.59,7.21,-5.74,Noise,Right
1707209428432,-0.249368,0.325008,-0.85644,-0.91,10.92,-5.04,Noise,Right
1707209428481,-0.225944,0.327936,-0.849608,0.77,15.82,-5.46,Noise,Right
1707209428481,-0.206424,0.316712,-0.828136,3.08,25.41,-6.23,Noise,Right
1707209428481,-0.198616,0.301584,-0.815936,7.63,36.75,-7.14,Noise,Right
1707209428605,-0.192272,0.255712,-0.813008,16.59,48.02,-6.79,Noise,Right
1707209428605,-0.188856,0.293288,-0.837896,25.97,52.85,-8.61,Noise,Right
1707209428605,-0.168848,0.330376,-0.88328,29.61,55.02,-13.72,Noise,Right
1707209428605,-0.136152,0.335744,-0.897432,27.16,61.67,-17.36,Noise,Right
1707209428605,-0.138104,0.30012,-0.906216,23.94,69.51,-16.59,Noise,Right
1707209428605,-0.147376,0.242048,-0.904752,26.74,76.3,-10.5,Noise,Right
1707209428605,-0.154696,0.227408,-0.932568,33.6,77.98,-5.81,Noise,Right
1707209428663,-0.158112,0.24888,-1.114104,40.04,76.58,-5.18,Noise,Right
1707209428663,-0.11712,0.305488,-1.043832,38.5,67.97,-13.23,Noise,Right
1707209428664,-0.098576,0.321104,-1.035048,26.67,63.49,-19.88,Noise,Right
1707209428664,-0.116144,0.261568,-1.048712,13.58,59.5,-20.09,Noise,Right
1707209428711,-0.081008,0.149328,-0.987712,12.81,61.11,-11.69,Noise,Right
1707209428711,-0.071248,0.14396,-0.98576,21.7,55.09,-3.43,Noise,Right
1707209428711,-0.047336,0.164456,-0.987224,28.7,53.41,3.08,Noise,Right
1707209428763,-0.018056,0.203496,-0.994056,31.78,52.71,2.59,Noise,Right
1707209428763,0.003416,0.215696,-0.990152,29.54,50.19,-1.61,Noise,Right
1707209428876,0.008784,0.219112,-0.995032,26.18,51.94,-6.3,Noise,Right
1707209428877,0.02928,0.191784,-0.994056,23.17,52.57,-10.36,Noise,Right
1707209428877,0.010248,0.179096,-0.981856,22.12,52.29,-10.36,Noise,Right
1707209428877,0.0122,0.176168,-0.981368,21.07,55.72,-6.02,Noise,Right
1707209428877,-0.024888,0.159576,-0.985272,20.72,56.49,-2.03,Noise,Right
1707209428877,-0.022936,0.142008,-0.982344,22.33,50.47,1.12,Noise,Right
1707209428890,-0.011224,0.166896,-0.983808,23.45,45.01,3.85,Noise,Right
1707209428927,-0.000976,0.196664,-0.978928,20.93,40.39,6.72,Noise,Right
1707209428927,0.020984,0.21716,-0.959896,15.75,41.02,7.07,Noise,Right
1707209428927,0.076616,0.171288,-0.908168,9.38,49.77,8.19,Noise,Right
1707209428974,0.052216,0.149816,-0.912072,7.14,62.16,17.01,Noise,Right
1707209428974,0.091744,0.072712,-0.921832,7.91,63.98,25.2,Noise,Right
1707209428975,0.116632,0.086376,-0.947208,11.97,57.89,32.06,Noise,Right
1707209429021,0.169336,0.119072,-0.9394,14.0,45.92,32.9,Noise,Right
1707209429021,0.170312,0.146888,-0.92232,14.98,40.95,33.25,Noise,Right
1707209429021,0.166408,0.1708,-0.898896,14.28,40.04,32.9,Noise,Right
1707209429067,0.206912,0.15616,-0.862784,10.92,47.11,35.28,Noise,Right
1707209429067,0.214232,0.123952,-0.859368,8.68,59.22,42.28,Noise,Right
1707209429067,0.177144,0.089792,-0.88572,9.8,59.29,51.1,Noise,Right
1707209429115,0.197152,0.063928,-0.894504,13.3,46.48,56.07,Noise,Right
1707209429115,0.238632,0.071736,-0.874984,15.82,34.72,59.08,Noise,Right
1707209429115,0.284016,0.098088,-0.884744,14.63,29.4,57.26,Noise,Right
1707209429162,0.31476,0.1098,-0.856928,11.13,33.04,51.59,Noise,Right
1707209429162,0.347944,0.078568,-0.80032,5.11,43.89,47.95,Noise,Right
1707209429209,0.367952,-0.00976,-0.799344,1.61,58.31,50.61,Noise,Right
1707209429209,0.386984,-0.066856,-0.831064,4.62,63.49,53.62,Noise,Right
1707209429210,0.354288,-0.049776,-0.875472,10.85,49.7,53.06,Noise,Right
1707209429254,0.404064,-0.036112,-0.855464,15.26,25.2,44.52,Noise,Right
1707209429255,0.482144,-0.027328,-0.839848,18.9,13.58,38.43,Noise,Right
1707209429255,0.5246,-0.025864,-0.818864,20.72,19.32,36.19,Noise,Right
1707209429301,0.550464,-0.056608,-0.8296,16.73,32.34,34.16,Noise,Right
1707209429301,0.538264,-0.076128,-0.874008,12.25,40.25,34.65,Noise,Right
1707209429349,0.53192,-0.092232,-0.914024,7.63,35.49,31.08,Noise,Right
1707209429349,0.562664,-0.115168,-0.918904,2.87,22.75,22.96,Noise,Right
1707209429350,0.581696,-0.143472,-0.921832,1.68,16.24,18.48,Noise,Right
1707209429402,0.569008,-0.15616,-0.904752,6.79,17.15,17.22,Noise,Right
1707209429403,0.540704,-0.142008,-0.904752,10.71,20.16,17.92,Noise,Right
1707209429403,0.55144,-0.127368,-0.919392,10.57,23.38,20.86,Noise,Right
1707209429522,0.559248,-0.103944,-0.934032,6.44,25.41,22.89,Noise,Right
1707209429522,0.573888,-0.124928,-0.935008,-0.91,20.23,23.94,Noise,Right
1707209429522,0.604632,-0.15372,-0.903288,-4.34,15.19,24.08,Noise,Right
1707209429522,0.591456,-0.164456,-0.892064,-2.73,13.23,21.91,Noise,Right
1707209429522,0.57584,-0.156648,-0.865224,2.66,9.24,13.44,Noise,Right
1707209429522,0.59536,-0.157136,-0.864736,7.14,11.34,9.59,Noise,Right
1707209429523,0.58804,-0.154696,-0.872056,13.23,16.66,4.76,Noise,Right
1707209429637,0.594872,-0.148352,-0.885232,10.5,18.83,7.21,Noise,Right
1707209429637,0.567056,-0.098088,-0.893528,9.24,16.31,4.27,Noise,Right
1707209429638,0.554856,-0.091744,-0.88084,5.11,9.17,0.21,Noise,Right
1707209429638,0.564128,-0.140056,-0.862296,0.49,5.74,1.68,Noise,Right
1707209429638,0.569008,-0.162992,-0.863272,-0.7,7.07,5.04,Noise,Right
1707209429638,0.570472,-0.155672,-0.872056,1.05,8.89,6.86,Noise,Right
1707209429639,0.565592,-0.145424,-0.87108,2.59,11.9,6.58,Noise,Right
1707209429690,0.548024,-0.138104,-0.871568,3.22,12.25,4.27,Noise,Right
1707209429690,0.535824,-0.115656,-0.852536,2.87,10.29,1.96,Noise,Right
1707209429690,0.528016,-0.14396,-0.840336,2.24,8.47,0.98,Noise,Right
1707209429737,0.554368,-0.138104,-0.828624,2.24,8.68,3.22,Noise,Right
1707209429738,0.586576,-0.140544,-0.831552,0.0,11.83,7.91,Noise,Right
1707209429738,0.587552,-0.141032,-0.847656,-2.8,11.9,7.63,Noise,Right
1707209429782,0.576816,-0.143472,-0.850584,-3.92,7.49,2.1,Noise,Right
1707209429783,0.574864,-0.1586,-0.831064,-2.59,0.49,-4.48,Noise,Right
1707209429783,0.577304,-0.188856,-0.819352,0.35,0.21,-7.0,Noise,Right
1707209429830,0.569496,-0.155184,-0.820816,3.5,4.9,-5.46,Noise,Right
1707209429830,0.560712,-0.155184,-0.826672,4.83,8.54,-3.08,Noise,Right
1707209429830,0.558272,-0.147864,-0.843264,3.78,11.55,3.29,Noise,Right
1707209429876,0.529968,-0.140544,-0.87108,1.47,5.46,8.12,Noise,Right
1707209429876,0.559736,-0.1464,-0.851072,-1.54,-4.41,8.33,Noise,Right
1707209429923,0.58072,-0.140056,-0.83204,-2.8,-5.04,7.14,Noise,Right
1707209429924,0.58072,-0.139568,-0.82228,-3.22,-1.89,3.71,Noise,Right
1707209429924,0.583648,-0.153232,-0.8174,-2.38,2.8,-1.54,Noise,Right
1707209429970,0.576816,-0.160064,-0.813496,-0.28,8.96,-3.15,Noise,Right
1707209429970,0.568032,-0.159088,-0.81008,0.7,14.98,-2.59,Noise,Right
1707209429971,0.54656,-0.15372,-0.8296,1.12,14.21,-0.98,Noise,Right
1707209430017,0.540216,-0.162016,-0.831552,0.0,5.95,0.63,Noise,Right
1707209430017,0.545096,-0.15616,-0.83204,-1.47,-4.76,2.24,Noise,Right
1707209430019,0.57828,-0.155672,-0.8174,-3.29,-11.34,1.54,Noise,Right
1707209430062,0.608536,-0.159088,-0.801784,-4.62,-8.82,0.63,Noise,Right
1707209430062,0.613904,-0.16348,-0.798856,-3.85,-1.33,0.21,Noise,Right
1707209430120,0.589992,-0.167872,-0.80764,-1.61,7.28,-0.28,Noise,Right
1707209430120,0.562176,-0.153232,-0.815936,1.05,8.82,-1.4,Noise,Right
1707209430121,0.572912,-0.158112,-0.812032,2.17,6.79,-1.89,Noise,Right
1707209430174,0.564616,-0.13908,-0.820328,1.54,5.67,0.7,Noise,Right
1707209430175,0.551928,-0.13908,-0.820328,0.28,0.07,1.47,Noise,Right
1707209430175,0.560712,-0.153232,-0.804712,0.35,-5.18,1.26,Noise,Right
1707209430175,0.550952,-0.143472,-0.79056,2.52,-5.32,0.14,Noise,Right
1707209430223,0.567544,-0.150792,-0.784704,4.9,-2.59,-1.75,Noise,Right
1707209430223,0.7686,-0.247416,-1.316136,5.46,2.38,4.83,Noise,Right
1707209430223,0.620248,-0.096624,-0.794952,-9.59,5.18,-6.37,Noise,Right
1707209430353,0.567544,-0.218624,-0.755424,-10.92,0.49,-9.38,Noise,Right
1707209430355,0.576816,-0.203008,-0.789096,-1.33,4.41,-6.3,Noise,Right
1707209430355,0.554856,-0.167384,-0.797392,-0.7,-1.61,-2.87,Noise,Right
1707209430355,0.570472,-0.14396,-0.781288,2.38,-3.36,-1.47,Noise,Right
1707209430355,0.58072,-0.15128,-0.797392,4.55,-4.62,-1.96,Noise,Right
1707209430355,0.577792,-0.162016,-0.810568,5.11,-5.46,-1.26,Noise,Right
1707209430355,0.571448,-0.162992,-0.806176,6.72,-6.51,0.14,Noise,Right
1707209430406,0.704184,-0.193736,-0.82716,4.9,-8.89,6.02,Noise,Right
1707209430406,0.5124,-0.14152,-0.801784,0.21,6.44,2.59,Noise,Right
1707209430406,0.549,-0.174704,-0.787632,-0.42,2.31,1.33,Noise,Right
1707209430453,0.519232,-0.166896,-0.787144,-1.96,-2.73,-4.27,Noise,Right
1707209430453,1.132648,-0.418216,-1.242448,-4.69,-9.87,-11.97,Noise,Right
1707209430453,0.555344,-0.158112,-0.781776,-1.89,-0.77,-2.52,Noise,Right
1707209430500,0.569984,-0.1586,-0.812032,-1.4,-0.77,-2.38,Noise,Right
1707209430500,0.567544,-0.160064,-0.803248,-1.54,-0.84,-2.17,Noise,Right
1707209430500,0.56364,-0.162016,-0.797392,-1.19,-0.98,-2.38,Noise,Right
1707209430548,0.561688,-0.161528,-0.798368,-0.98,-0.77,-2.03,Noise,Right
1707209430548,0.56852,-0.161528,-0.800808,-1.4,-0.84,-2.31,Noise,Right
1707209430548,0.56852,-0.16348,-0.812032,-1.47,-0.91,-2.38,Noise,Right
1707209430593,0.56608,-0.16104,-0.803736,-1.61,-0.84,-2.38,Noise,Right
1707209430593,0.564616,-0.160552,-0.80032,-1.26,-1.05,-2.38,Noise,Right
1707209430641,0.56852,-0.16104,-0.802272,-1.4,-0.84,-2.45,Noise,Right
1707209430641,0.567056,-0.162992,-0.802272,-1.54,-0.84,-2.24,Noise,Right
1707209430642,0.560224,-0.16104,-0.799832,-1.33,-0.98,-2.31,Noise,Right
1707209430687,0.568032,-0.16348,-0.801296,-1.47,-0.7,-2.59,Noise,Right
1707209430687,0.562664,-0.161528,-0.806176,-1.61,-0.98,-2.45,Noise,Right
1707209430687,0.56608,-0.165432,-0.802272,-1.68,-0.84,-2.38,Noise,Right
1707209430735,0.563152,-0.166896,-0.802272,-1.82,-0.84,-2.31,Noise,Right
1707209430735,0.567544,-0.164944,-0.799344,-1.61,-0.77,-2.38,Noise,Right
1707209430735,0.560712,-0.162504,-0.806176,-1.75,-0.63,-2.17,Noise,Right
1707209430784,0.569496,-0.160064,-0.799832,-1.54,-0.84,-2.45,Noise,Right
1707209430784,0.565592,-0.162504,-0.803248,-1.47,-0.77,-2.24,Noise,Right
1707209430784,0.560224,-0.164456,-0.80276,-1.47,-0.84,-2.24,Noise,Right
1707209430836,0.564616,-0.160552,-0.803736,-1.33,-0.98,-2.31,Noise,Right
1707209430836,0.568032,-0.162504,-0.796416,-1.47,-0.91,-2.38,Noise,Right
1707209430889,0.562664,-0.16348,-0.80276,-1.4,-0.7,-2.45,Noise,Right
1707209430890,0.5612,-0.161528,-0.808128,-1.19,-0.91,-2.45,Noise,Right
1707209430890,0.56608,-0.161528,-0.80276,-1.33,-0.84,-2.31,Noise,Right
1707209430890,0.564616,-0.162016,-0.801784,-1.4,-0.84,-2.38,Noise,Right
1707209430941,0.567056,-0.166408,-0.804224,-1.33,-0.84,-2.45,Noise,Right
1707209430941,0.568032,-0.16348,-0.804712,-1.33,-0.77,-2.31,Noise,Right
1707209430941,0.569008,-0.160064,-0.801296,-1.47,-0.77,-2.52,Noise,Right
1707209431071,0.56608,-0.1586,-0.799832,-1.26,-0.98,-2.45,Noise,Right
1707209431071,0.565104,-0.160064,-0.801296,-1.61,-0.77,-2.31,Noise,Right
1707209431071,0.5612,-0.16348,-0.805688,-1.54,-0.77,-2.24,Noise,Right
1707209431071,0.564128,-0.162016,-0.803736,-1.68,-0.98,-2.52,Noise,Right
1707209431071,0.56852,-0.160552,-0.80276,-1.4,-0.7,-2.38,Noise,Right
1707209431072,0.567544,-0.16348,-0.803248,-1.82,-0.56,-2.45,Noise,Right
1707209431072,0.565592,-0.161528,-0.802272,-1.54,-0.77,-2.31,Noise,Right
1707209431172,0.561688,-0.162992,-0.80276,-1.54,-0.91,-2.52,Noise,Right
1707209431172,0.567056,-0.161528,-0.80276,-1.47,-0.77,-2.31,Noise,Right
1707209431172,0.568032,-0.1586,-0.811544,-1.47,-0.91,-2.31,Noise,Right
1707209431173,0.56364,-0.159576,-0.802272,-1.33,-0.91,-2.31,Noise,Right
1707209431173,0.564128,-0.164456,-0.802272,-1.54,-0.7,-2.38,Noise,Right
1707209431173,0.565592,-0.166408,-0.804224,-1.4,-0.91,-2.24,Noise,Right
1707209431219,0.56364,-0.162992,-0.798856,-1.61,-0.84,-2.45,Noise,Right
1707209431220,0.56364,-0.162992,-0.802272,-1.54,-0.7,-2.45,Noise,Right
1707209431220,0.560712,-0.159088,-0.800808,-2.31,-0.07,-3.01,Noise,Right
1707209431265,0.567056,-0.167872,-0.806664,-3.85,1.26,-4.34,Noise,Right
1707209431265,0.630496,-0.170312,-0.75884,-8.82,3.99,-4.76,Noise,Right
1707209431265,0.67344,-0.174216,-0.740784,-20.93,10.78,-0.07,Noise,Right
1707209431319,0.870104,-0.195688,-1.057984,-29.12,8.61,-4.69,Noise,Right
1707209431319,0.648552,-0.225944,-0.860832,-4.55,30.52,-2.38,Noise,Right
1707209431319,0.682712,-0.224968,-0.91744,-3.01,23.73,-5.67,Noise,Right
1707209431452,0.69296,-0.213256,-0.96136,-7.91,8.4,-8.05,Noise,Right
1707209431452,0.681248,-0.237656,-0.982344,-13.16,-13.86,-8.68,Noise,Right
1707209431452,0.672464,-0.235216,-0.975024,-16.24,-40.53,-6.65,Noise,Right
1707209431452,0.696864,-0.222528,-0.96136,-17.71,-60.83,-6.16,Noise,Right
1707209431452,0.747128,-0.17568,-0.92476,-21.56,-66.64,-6.58,Noise,Right
1707209431452,0.794952,-0.196664,-0.905728,-25.69,-52.92,-9.73,Noise,Right
1707209431453,0.767624,-0.189832,-0.866688,-27.72,-29.26,-14.28,Noise,Right
1707209431497,0.745176,-0.213256,-0.848144,-25.83,-5.32,-18.9,Noise,Right
1707209431497,0.638792,-0.227408,-0.879864,-19.18,6.44,-25.55,Noise,Right
1707209431498,0.569496,-0.191784,-0.875472,-15.26,-12.32,-33.25,Noise,Right
1707209431553,0.57828,-0.21472,-0.869128,-12.46,-34.65,-34.86,Noise,Right
1707209431553,0.562664,-0.159576,-0.860832,-9.73,-54.32,-32.06,Noise,Right
1707209431553,0.584624,-0.091744,-0.831064,-10.64,-65.73,-28.98,Noise,Right
1707209431607,0.586576,-0.052216,-0.80764,-13.37,-63.63,-26.32,Noise,Right
1707209431607,0.583648,-0.066856,-0.798856,-17.08,-53.83,-27.58,Noise,Right
1707209431607,0.553392,-0.083936,-0.799832,-18.62,-40.81,-25.2,Noise,Right
1707209431608,0.489464,-0.098088,-0.826672,-17.43,-35.28,-21.28,Noise,Right
1707209431654,0.43432,-0.07564,-0.83692,-14.21,-41.72,-22.05,Noise,Right
1707209431655,0.43432,-0.09516,-0.843752,-13.16,-50.82,-26.04,Noise,Right
1707209431655,0.401136,-0.09272,-0.881816,-9.8,-61.11,-30.17,Noise,Right
1707209431701,0.428952,-0.070272,-0.89304,-6.79,-69.09,-37.52,Noise,Right
1707209431701,0.408456,-0.018544,-0.915,-4.55,-66.08,-40.74,Noise,Right
1707209431761,0.411384,0.024888,-0.920856,-8.68,-59.85,-43.89,Noise,Right
1707209431761,0.358192,0.061976,-0.950624,-16.66,-52.01,-47.25,Noise,Right
1707209431761,0.334768,0.066368,-0.944768,-25.06,-52.29,-55.79,Noise,Right
1707209431809,0.269376,0.028304,-0.943304,-32.55,-53.27,-53.06,Noise,Right
1707209431809,0.190808,0.022936,-0.944768,-30.59,-58.38,-51.87,Noise,Right
1707209431810,0.183488,0.052704,-0.942328,-29.4,-69.23,-49.98,Noise,Right
1707209431810,0.198128,0.071736,-0.904752,-27.44,-69.58,-48.37,Noise,Right
1707209431860,0.196664,0.099552,-0.90524,-26.74,-58.24,-44.8,Noise,Right
1707209431860,0.163968,0.101016,-0.901824,-28.07,-47.46,-42.0,Noise,Right
1707209431980,0.122,0.103944,-0.908168,-26.11,-44.73,-42.14,Noise,Right
1707209431980,0.080032,0.133224,-0.914024,-24.78,-50.05,-44.03,Noise,Right
1707209431980,0.100528,0.112728,-0.894016,-23.59,-54.67,-46.62,Noise,Right
1707209431981,0.058072,0.144448,-0.894504,-20.37,-54.32,-43.4,Noise,Right
1707209431981,0.039528,0.168848,-0.892064,-18.55,-53.34,-39.13,Noise,Right
1707209431981,0.023424,0.155672,-0.887672,-16.94,-49.28,-34.02,Noise,Right
1707209431981,0.025864,0.181536,-0.890112,-15.82,-43.96,-27.51,Noise,Right
1707209432025,0.030744,0.1586,-0.90768,-15.12,-38.92,-22.12,Noise,Right
1707209432027,-0.00244,0.166896,-0.93208,-12.67,-39.97,-18.55,Noise,Right
1707209432027,0.0,0.192272,-0.926712,-12.46,-45.64,-19.81,Noise,Right
1707209432072,0.023424,0.188368,-0.9028,-13.44,-43.54,-17.92,Noise,Right
1707209432072,0.028304,0.166408,-0.915488,-14.0,-33.25,-14.28,Noise,Right
1707209432072,0.012688,0.164456,-0.933056,-13.16,-26.11,-14.07,Noise,Right
1707209432120,-0.010736,0.183488,-0.937448,-11.27,-22.05,-15.12,Noise,Right
1707209432120,-0.044896,0.186416,-0.937936,-10.15,-22.4,-12.74,Noise,Right
1707209432120,-0.045872,0.201056,-0.94184,-9.8,-25.69,-5.6,Noise,Right
1707209432173,-0.041968,0.198128,-0.948672,-12.04,-30.87,2.66,Noise,Right
1707209432176,-0.026352,0.189344,-0.960872,-14.42,-34.23,7.98,Noise,Right
1707209432177,-0.016104,0.183976,-0.960384,-15.47,-38.29,8.4,Noise,Right
1707209432299,-0.0122,0.186904,-0.960872,-15.26,-39.34,6.02,Noise,Right
1707209432300,-0.016592,0.197152,-0.963312,-15.12,-37.73,0.7,Noise,Right
1707209432300,-0.0122,0.203984,-0.9516,-15.82,-31.71,-3.01,Noise,Right
1707209432300,-0.054168,0.223016,-0.960872,-16.73,-25.9,-4.62,Noise,Right
1707209432300,-0.099064,0.201056,-0.96624,-17.64,-29.19,-3.64,Noise,Right
1707209432300,-0.120536,0.20984,-0.975024,-15.96,-38.85,-1.47,Noise,Right
1707209432300,-0.098088,0.211304,-0.976,-14.0,-44.52,0.28,Noise,Right
1707209432352,-0.066856,0.237656,-0.971608,-13.58,-43.75,-0.98,Noise,Right
1707209432352,-0.049288,0.233752,-0.965264,-15.26,-31.71,-2.38,Noise,Right
1707209432352,-0.10736,0.237656,-0.99308,-16.45,-23.94,-5.6,Noise,Right
1707209432352,-0.125416,0.227896,-0.996496,-17.57,-29.47,-8.19,Noise,Right
1707209432401,-0.135664,0.223016,-0.996496,-18.34,-35.07,-5.53,Noise,Right
1707209432401,-0.156648,0.232776,-0.99796,-19.74,-41.79,-1.19,Noise,Right
1707209432451,-0.157624,0.252296,-0.99308,-22.4,-47.95,0.84,Noise,Right
1707209432451,-0.147864,0.253272,-0.98576,-24.78,-48.37,1.12,Noise,Right
1707209432452,-0.133712,0.257176,-0.985272,-27.58,-45.64,0.14,Noise,Right
1707209432571,-0.140544,0.260592,-0.964776,-28.7,-41.09,-3.85,Noise,Right
1707209432571,-0.17324,0.255224,-0.939888,-28.7,-35.7,-6.58,Noise,Right
1707209432571,-0.207888,0.247416,-0.923784,-25.97,-32.2,-5.11,Noise,Right
1707209432572,-0.201056,0.259128,-0.915488,-22.05,-32.27,-2.94,Noise,Right
1707209432572,-0.216672,0.276208,-0.916952,-18.48,-28.77,-1.89,Noise,Right
1707209432572,-0.223016,0.306464,-0.910608,-17.22,-30.1,-3.36,Noise,Right
1707209432572,-0.223016,0.29768,-0.90768,-17.22,-28.98,-1.33,Noise,Right
1707209432621,-0.220088,0.296704,-0.912072,-17.22,-28.63,0.77,Noise,Right
1707209432621,-0.223016,0.284504,-0.928664,-16.66,-28.84,2.1,Noise,Right
1707209432621,-0.219112,0.302072,-0.933056,-16.73,-28.28,1.89,Noise,Right
1707209432680,-0.237656,0.312808,-0.935496,-17.71,-28.91,0.77,Noise,Right
1707209432680,-0.256688,0.309392,-0.91988,-19.95,-30.24,0.07,Noise,Right
1707209432681,-0.274256,0.31964,-0.90036,-19.11,-28.07,1.47,Noise,Right
1707209432730,-0.277184,0.305,-0.889136,-16.52,-28.77,0.77,Noise,Right
1707209432730,-0.284992,0.316712,-0.881328,-12.32,-26.88,1.54,Noise,Right
1707209432730,-0.272792,0.360144,-0.870104,-10.92,-25.2,0.21,Noise,Right
1707209432730,-0.264984,0.355752,-0.864736,-10.99,-21.35,-2.73,Noise,Right
1707209432782,-0.240096,0.340624,-0.860344,-10.08,-14.77,-5.11,Noise,Right
1707209432782,-0.234728,0.325496,-0.849608,-8.05,-7.77,-8.4,Noise,Right
1707209432782,-0.264496,0.321592,-0.853512,-5.11,0.14,-9.17,Noise,Right
1707209432913,-0.27084,0.321592,-0.863272,-1.05,1.89,-9.73,Noise,Right
1707209432913,-0.30012,0.323544,-0.873032,2.03,1.12,-8.68,Noise,Right
1707209432913,-0.304024,0.339648,-0.879376,3.43,0.49,-7.7,Noise,Right
1707209432913,-0.306952,0.34892,-0.897432,2.24,0.42,-7.21,Noise,Right
1707209432913,-0.308416,0.330864,-0.894504,0.56,-0.49,-7.84,Noise,Right
1707209432913,-0.312808,0.328424,-0.907192,-0.49,-0.77,-8.33,Noise,Right
1707209432913,-0.312808,0.320128,-0.90524,0.35,1.4,-6.65,Noise,Right
1707209432961,-0.315736,0.327936,-0.898408,0.42,3.29,-4.62,Noise,Right
1707209432961,-0.307928,0.33184,-0.901336,-2.66,1.26,-4.62,Noise,Right
1707209432961,-0.30256,0.322568,-0.908656,-3.85,-0.07,-3.22,Noise,Right
1707209433011,-0.29524,0.33428,-0.906216,-3.22,-0.91,-2.45,Noise,Right
1707209433011,-0.294752,0.335744,-0.891576,-4.34,-4.62,-4.27,Noise,Right
1707209433011,-0.302072,0.31232,-0.8906,-4.27,-5.11,-4.2,Noise,Right
1707209433118,-0.304512,0.323056,-0.889624,-0.77,0.21,-1.26,Noise,Right
1707209433118,-0.311344,0.345992,-0.89548,0.21,2.03,-0.84,Noise,Right
1707209433118,-0.308416,0.363072,-0.879864,-2.59,-0.91,-4.48,Noise,Right
1707209433118,-0.291336,0.341112,-0.901824,-5.11,-0.21,-6.79,Noise,Right
1707209433118,-0.29524,0.33428,-0.883768,-2.1,3.15,-5.6,Noise,Right
1707209433118,-0.305488,0.316712,-0.887184,-2.31,-0.35,-5.95,Noise,Right
1707209433119,-0.29036,0.315248,-0.901336,-1.82,-2.03,-3.92,Noise,Right
1707209433162,-0.287432,0.33184,-0.893528,1.47,0.35,-1.26,Noise,Right
1707209433162,-0.282064,0.342576,-0.874984,-1.61,0.7,-3.29,Noise,Right
1707209433207,-0.2806,0.33428,-0.849608,-0.49,8.75,-3.99,Noise,Right
1707209433208,-0.278648,0.320128,-0.84424,0.21,13.09,-5.11,Noise,Right
1707209433208,-0.26108,0.303536,-0.833504,2.94,18.13,-6.16,Noise,Right
1707209433253,-0.244,0.29524,-0.811056,8.75,27.93,-7.63,Noise,Right
1707209433253,-0.218136,0.286456,-0.793976,15.26,42.0,-7.14,Noise,Right
1707209433253,-0.223992,0.27328,-0.789584,23.52,58.03,-4.34,Noise,Right
1707209433301,-0.17812,0.26108,-0.806664,32.76,68.39,-2.59,Noise,Right
1707209433302,-0.171776,0.28548,-0.832528,39.62,76.09,-1.89,Noise,Right
1707209433346,-0.155184,0.30012,-0.872056,41.3,79.17,-4.41,Noise,Right
1707209433346,-0.141032,0.275232,-0.892064,41.79,81.97,-7.0,Noise,Right
1707209433347,-0.124928,0.255224,-0.92476,42.63,86.24,-9.66,Noise,Right
1707209433398,-0.100528,0.232288,-0.950624,44.24,95.62,-11.97,Noise,Right
1707209433399,-0.113704,0.24644,-0.98576,45.92,103.81,-17.64,Noise,Right
1707209433399,-0.09516,0.217648,-0.992104,47.11,105.21,-19.67,Noise,Right
1707209433526,-0.099552,0.223504,-0.996496,49.07,108.36,-17.99,Noise,Right
1707209433526,-0.09516,0.210328,-1.0248,47.18,102.06,-21.35,Noise,Right
1707209433526,-0.055632,0.18056,-1.04432,43.89,92.12,-22.68,Noise,Right
1707209433526,-0.040016,0.161528,-1.063352,40.32,79.8,-21.07,Noise,Right
1707209433526,-0.021472,0.16836,-1.064816,34.86,71.19,-16.52,Noise,Right
1707209433527,-0.067344,0.17568,-1.089216,25.9,67.34,-9.52,Noise,Right
1707209433527,-0.085888,0.167872,-1.066768,16.66,55.37,-1.68,Noise,Right
1707209433580,-0.074176,0.11956,-1.042856,12.88,47.39,7.42,Noise,Right
1707209433580,-0.09272,0.137616,-1.016504,13.58,40.46,14.0,Noise,Right
1707209433580,-0.0854,0.177144,-0.984296,14.0,36.47,17.92,Noise,Right
1707209433580,-0.037576,0.192272,-0.932568,11.9,40.74,22.54,Noise,Right
1707209433627,-0.008784,0.16104,-0.926224,9.94,49.56,31.01,Noise,Right
1707209433627,0.021472,0.130296,-0.935496,9.31,50.54,37.52,Noise,Right
1707209433627,0.088328,0.128344,-0.935008,10.08,45.22,41.51,Noise,Right
1707209433675,0.144936,0.150304,-0.927688,10.29,40.11,41.93,Noise,Right
1707209433675,0.172752,0.186904,-0.919392,7.77,39.27,36.96,Noise,Right
1707209433724,0.177144,0.18544,-0.862784,6.3,42.91,29.33,Noise,Right
1707209433724,0.176656,0.148352,-0.809592,8.47,56.49,24.85,Noise,Right
1707209433724,0.158112,0.09272,-0.795928,8.26,72.38,23.31,Noise,Right
1707209433835,0.189344,0.052216,-0.809592,11.55,82.67,29.68,Noise,Right
1707209433836,0.177144,0.060024,-0.832528,18.9,75.95,37.8,Noise,Right
1707209433836,0.198128,0.057584,-0.824232,26.74,57.05,41.72,Noise,Right
1707209433836,0.240096,0.080032,-0.8174,31.92,37.52,42.49,Noise,Right
1707209433837,0.276208,0.123464,-0.801296,32.27,25.06,42.07,Noise,Right
1707209433837,0.352336,0.088328,-0.75884,28.42,27.02,37.8,Noise,Right
1707209433837,0.420168,0.030744,-0.741272,19.74,52.43,43.54,Noise,Right
1707209433938,0.387472,-0.04392,-0.832528,9.73,68.6,46.76,Noise,Right
1707209433938,0.382592,-0.094184,-0.887184,8.33,56.56,42.98,Noise,Right
1707209433938,0.43432,-0.130296,-0.874008,17.99,44.38,33.46,Noise,Right
1707209433938,0.47092,-0.125904,-0.842288,30.59,41.93,27.72,Noise,Right
1707209433938,0.462624,-0.13176,-0.82472,36.89,40.04,28.42,Noise,Right
1707209433938,0.499224,-0.146888,-0.823744,37.94,42.77,36.47,Noise,Right
1707209433985,0.552416,-0.163968,-0.872544,30.59,45.57,47.32,Noise,Right
1707209433985,0.572912,-0.169824,-0.923784,20.37,40.67,55.16,Noise,Right
1707209433985,0.548024,-0.173728,-0.982344,12.81,15.68,48.44,Noise,Right
1707209434030,0.564128,-0.193248,-0.964288,11.27,-8.75,29.4,Noise,Right
1707209434031,0.65636,-0.215208,-0.89548,11.97,-10.92,14.14,Noise,Right
1707209434077,0.711504,-0.227408,-0.87108,11.97,14.42,11.69,Noise,Right
1707209434077,0.664656,-0.205936,-0.902312,14.77,47.11,15.89,Noise,Right
1707209434077,0.569496,-0.181536,-0.974536,10.57,59.15,20.58,Noise,Right
1707209434124,0.489952,-0.152256,-0.99308,3.01,39.76,19.95,Noise,Right
1707209434124,0.516792,-0.164944,-0.94672,-5.88,10.43,15.89,Noise,Right
1707209434124,0.609024,-0.194224,-0.887672,-11.76,1.61,17.85,Noise,Right
1707209434171,0.624152,-0.243024,-0.873032,-11.97,12.25,22.82,Noise,Right
1707209434171,0.626104,-0.256688,-0.870592,-7.21,21.7,21.84,Noise,Right
1707209434171,0.60756,-0.223504,-0.898408,-0.7,25.48,16.87,Noise,Right
1707209434219,0.602192,-0.18544,-0.88084,3.92,19.6,5.67,Noise,Right
1707209434219,0.626104,-0.181536,-0.850096,4.27,17.85,-1.19,Noise,Right
1707209434339,0.662216,-0.19764,-0.831064,1.26,23.73,-0.7,Noise,Right
1707209434339,0.635864,-0.211304,-0.851072,-1.33,30.94,2.87,Noise,Right
1707209434339,0.5978,-0.183976,-0.998448,-3.64,21.98,0.56,Noise,Right
1707209434339,0.615368,-0.173728,-0.844728,-5.67,8.54,-3.99,Noise,Right
1707209434339,0.640744,-0.206912,-0.823744,-5.18,6.44,-6.16,Noise,Right
1707209434339,0.618296,-0.218624,-0.822768,-2.59,10.22,-4.2,Noise,Right
1707209434339,0.606096,-0.211304,-0.823744,0.84,12.6,-1.82,Noise,Right
1707209434386,0.576816,-0.183,-0.837408,3.64,13.93,3.36,Noise,Right
1707209434386,0.549,-0.143472,-0.843264,4.06,8.05,7.49,Noise,Right
1707209434386,0.56852,-0.15616,-0.845216,1.05,-2.73,6.3,Noise,Right
1707209434432,0.588528,-0.150792,-0.821304,-1.61,-6.16,4.83,Noise,Right
1707209434433,0.586088,-0.154208,-0.806176,-3.08,-4.83,1.19,Noise,Right
1707209434433,0.603168,-0.186904,-0.778848,-2.8,-0.49,0.63,Noise,Right
1707209434480,0.607072,-0.2074,-0.789096,-0.28,6.51,3.36,Noise,Right
1707209434481,0.59048,-0.188368,-0.808616,2.03,6.02,4.13,Noise,Right
1707209434481,0.600728,-0.177144,-0.80764,2.59,0.14,0.14,Noise,Right
1707209434527,0.60024,-0.17324,-0.80032,3.43,-1.12,-4.62,Noise,Right
1707209434527,0.565104,-0.168848,-0.807152,3.22,-2.45,-9.87,Noise,Right
1707209434528,0.570472,-0.193736,-0.787144,3.43,-3.5,-12.67,Noise,Right
1707209434573,0.574864,-0.20008,-0.804712,4.13,1.19,-8.26,Noise,Right
1707209434573,0.570472,-0.162992,-0.833992,2.1,2.1,-5.46,Noise,Right
1707209434625,0.577792,-0.150304,-0.834968,-1.68,-0.21,-4.13,Noise,Right
1707209434625,0.57096,-0.16836,-0.821792,-4.27,-1.96,-2.66,Noise,Right
1707209434626,0.57096,-0.177144,-0.799832,-5.04,-1.19,-0.91,Noise,Right
1707209434746,0.567056,-0.191296,-0.785192,-2.03,1.82,0.49,Noise,Right
1707209434747,0.45872,-0.134688,-0.645136,-5.25,14.63,-8.12,Noise,Right
1707209434747,0.527528,-0.146888,-0.681248,-3.36,9.94,-2.17,Noise,Right
1707209434747,0.552416,-0.145424,-0.764696,-3.08,5.11,-0.28,Noise,Right
1707209434747,0.548024,-0.158112,-0.765184,-2.03,-1.12,-2.73,Noise,Right
1707209434747,0.568032,-0.158112,-0.772016,-1.68,-6.02,-3.36,Noise,Right
1707209434747,0.594872,-0.174216,-0.786168,-1.68,-7.84,-2.31,Noise,Right
1707209434793,0.596336,-0.184464,-0.79788,-1.19,-6.23,-0.91,Noise,Right
1707209434793,0.640744,-0.179584,-0.84912,-2.73,-4.69,-1.75,Noise,Right
1707209434793,0.550464,-0.17812,-0.784704,-3.5,1.26,0.14,Noise,Right
1707209434849,0.549488,-0.174704,-0.794464,-2.24,-1.89,-2.59,Noise,Right
1707209434853,0.543632,-0.150792,-0.796416,-2.17,-4.27,-6.02,Noise,Right
1707209434853,0.536312,-0.14152,-0.809592,-4.48,-6.72,-10.01,Noise,Right
1707209434886,0.6222,-0.167872,-0.762256,0.63,-0.14,-8.75,Noise,Right
1707209434886,0.566568,-0.162504,-0.80764,-7.84,4.06,-7.91,Noise,Right
1707209434887,0.566568,-0.159088,-0.798856,-8.4,4.97,-8.26,Noise,Right
1707209434935,0.557296,-0.164944,-0.80032,-5.6,3.29,-8.47,Noise,Right
1707209434935,0.577304,-0.14152,-0.795928,-1.75,0.42,-7.77,Noise,Right
1707209434935,0.57096,-0.14152,-0.792512,-0.35,-0.98,-4.55,Noise,Right
1707209434981,0.5734,-0.140544,-0.796416,0.84,-2.59,-1.33,Noise,Right
1707209434982,0.571448,-0.155184,-0.80276,2.59,-4.69,4.13,Noise,Right
1707209435035,0.565592,-0.153232,-0.809104,3.92,-6.3,5.53,Noise,Right
1707209435035,0.565104,-0.164944,-0.80764,4.13,-6.09,6.65,Noise,Right
1707209435035,0.51728,-0.166896,-0.798368,-3.5,-0.56,1.26,Noise,Right
1707209435166,0.569008,-0.162992,-0.80032,-1.33,-0.77,-2.38,Noise,Right
1707209435395,0.57096,-0.158112,-0.800808,-1.89,-0.77,-2.45,Noise,Right
1707209435621,0.565592,-0.161528,-0.804712,-1.47,-0.7,-2.31,Noise,Right
1707209435839,0.564616,-0.163968,-0.802272,-1.47,-1.12,-2.45,Noise,Right
1707209436065,0.56852,-0.160552,-0.794464,-1.54,-0.77,-2.38,Noise,Right
1707209436297,0.564128,-0.162992,-0.802272,-1.61,-0.7,-2.38,Noise,Right
1707209436633,0.56364,-0.162504,-0.800808,-1.26,-0.77,-2.45,Noise,Right
1707209436853,0.569984,-0.164944,-0.804712,-1.82,-0.35,-2.45,Noise,Right
1707209437085,0.614392,-0.088328,-0.825696,-7.91,-2.03,-10.01,Noise,Right
1707209437302,0.577792,-0.134688,-0.846192,-4.13,-14.91,-7.77,Noise,Right
1707209437520,0.5124,-0.132248,-0.798856,-7.91,-20.09,3.01,Noise,Right
1707209437880,0.578768,-0.155672,-0.848632,0.7,-2.31,-6.93,Noise,Right
1707209437983,0.605608,-0.127368,-0.906216,0.63,-22.4,-0.84,Noise,Right
1707209438029,0.615368,-0.115656,-0.898896,-5.95,-21.56,-4.41,Noise,Right
1707209438030,0.611952,-0.113216,-0.901336,-11.76,-17.85,-8.26,Noise,Right
1707209438075,0.567056,-0.130296,-0.91256,-17.08,-14.91,-12.46,Noise,Right
1707209438075,0.528992,-0.15128,-0.916464,-21.0,-17.57,-20.02,Noise,Right
1707209438075,0.511912,-0.16104,-0.919392,-22.75,-21.21,-22.19,Noise,Right
1707209438122,0.450912,-0.11956,-0.92964,-23.8,-27.79,-24.08,Noise,Right
1707209438122,0.435296,-0.099552,-0.921832,-28.91,-38.08,-25.34,Noise,Right
1707209438122,0.474824,-0.093696,-0.894504,-31.08,-43.19,-22.61,Noise,Right
1707209438169,0.460184,-0.052704,-0.882792,-30.66,-41.16,-19.39,Noise,Right
1707209438170,0.428952,-0.038064,-0.8784,-30.03,-40.53,-17.36,Noise,Right
1707209438216,0.420168,-0.0366,-0.86864,-29.4,-37.8,-20.16,Noise,Right
1707209438216,0.402112,-0.033184,-0.839848,-28.7,-35.28,-24.01,Noise,Right
1707209438216,0.339648,-0.0244,-0.869128,-31.92,-33.95,-27.93,Noise,Right
1707209438262,0.315736,-0.00976,-0.87108,-33.11,-31.92,-30.66,Noise,Right
1707209438262,0.372832,-0.030256,-0.860832,-30.94,-30.87,-34.02,Noise,Right
1707209438263,0.35624,-0.020984,-0.876448,-28.84,-27.58,-32.55,Noise,Right
1707209438310,0.344528,-0.003904,-0.887672,-29.05,-27.09,-27.44,Noise,Right
1707209438311,0.308904,0.014152,-0.882792,-28.28,-29.96,-24.92,Noise,Right
1707209438311,0.288408,0.03172,-0.88328,-27.44,-31.08,-24.99,Noise,Right
1707209438444,0.28304,0.042944,-0.877424,-27.72,-32.76,-24.92,Noise,Right
1707209438444,0.286456,0.049776,-0.874008,-24.78,-30.38,-21.56,Noise,Right
1707209438444,0.284504,0.065392,-0.876936,-21.84,-26.11,-17.57,Noise,Right
1707209438444,0.276208,0.083448,-0.89548,-21.14,-22.96,-15.05,Noise,Right
1707209438445,0.262056,0.08296,-0.919392,-22.89,-23.45,-14.7,Noise,Right
1707209438445,0.271816,0.088328,-0.912072,-24.22,-24.01,-16.31,Noise,Right
1707209438446,0.272792,0.111752,-0.93452,-25.69,-24.36,-19.25,Noise,Right
1707209438498,0.264008,0.11224,-0.94428,-27.3,-24.71,-19.67,Noise,Right
1707209438498,0.257664,0.10492,-0.942816,-27.3,-26.74,-19.18,Noise,Right
1707209438499,0.22692,0.131272,-0.940864,-24.92,-25.9,-19.39,Noise,Right
1707209438499,0.216672,0.130296,-0.947208,-23.24,-27.02,-20.37,Noise,Right
1707209438630,0.208376,0.132736,-0.9516,-21.42,-27.79,-17.85,Noise,Right
1707209438630,0.213744,0.133224,-0.967216,-20.58,-30.17,-13.93,Noise,Right
1707209438630,0.221552,0.154208,-0.955016,-19.53,-33.53,-13.44,Noise,Right
1707209438630,0.243512,0.176656,-0.965264,-19.53,-33.6,-16.66,Noise,Right
1707209438630,0.230336,0.1708,-0.977952,-19.46,-32.27,-20.3,Noise,Right
1707209438630,0.215696,0.166896,-0.969168,-18.97,-31.01,-22.54,Noise,Right
1707209438630,0.184464,0.159576,-0.960384,-19.04,-30.66,-21.63,Noise,Right
1707209438683,0.188856,0.133224,-0.948184,-17.36,-29.19,-17.57,Noise,Right
1707209438683,0.172264,0.143472,-0.93696,-13.44,-25.9,-11.41,Noise,Right
1707209438683,0.159088,0.171776,-0.943792,-11.27,-24.92,-7.21,Noise,Right
1707209438683,0.153232,0.183976,-0.945744,-10.99,-25.41,-6.44,Noise,Right
1707209438729,0.17812,0.195688,-0.937448,-10.64,-26.67,-8.54,Noise,Right
1707209438729,0.189344,0.207888,-0.944768,-11.62,-25.62,-13.44,Noise,Right
1707209438778,0.179096,0.208376,-0.94672,-13.3,-25.62,-18.06,Noise,Right
1707209438778,0.173728,0.189832,-0.948184,-15.4,-23.87,-21.07,Noise,Right
1707209438779,0.157624,0.176168,-0.956968,-15.54,-21.91,-20.37,Noise,Right
1707209438825,0.13664,0.165432,-0.960872,-13.93,-20.65,-15.54,Noise,Right
1707209438825,0.122976,0.183,-0.960384,-11.55,-20.65,-10.5,Noise,Right
1707209438825,0.120048,0.19032,-0.953552,-10.08,-19.39,-7.77,Noise,Right
1707209438869,0.099552,0.227896,-0.95648,-8.82,-17.78,-7.84,Noise,Right
1707209438869,0.099064,0.23668,-0.970144,-9.52,-17.92,-10.22,Noise,Right
1707209438869,0.077592,0.257664,-0.961848,-11.48,-19.53,-14.21,Noise,Right
1707209438923,0.080032,0.252296,-0.941352,-13.72,-19.95,-17.99,Noise,Right
1707209438923,0.074664,0.226432,-0.926712,-15.33,-17.99,-17.92,Noise,Right
1707209439037,0.083448,0.203008,-0.935008,-13.16,-15.61,-14.56,Noise,Right
1707209439037,0.085888,0.206424,-0.94184,-9.17,-11.62,-8.96,Noise,Right
1707209439037,0.089792,0.196176,-0.969168,-7.7,-10.57,-5.25,Noise,Right
1707209439037,0.070272,0.213256,-0.996496,-7.35,-12.88,-4.69,Noise,Right
1707209439037,0.076616,0.223992,-1.000888,-7.84,-19.11,-6.16,Noise,Right
1707209439037,0.089304,0.235704,-0.98576,-8.75,-22.89,-8.61,Noise,Right
1707209439037,0.081984,0.245464,-0.984784,-11.06,-23.1,-11.62,Noise,Right
1707209439093,0.062464,0.254736,-0.988688,-11.83,-23.38,-14.07,Noise,Right
1707209439093,0.042456,0.260592,-0.970632,-11.55,-23.73,-15.82,Noise,Right
1707209439093,0.027816,0.259616,-0.964288,-12.18,-25.34,-16.31,Noise,Right
1707209439093,0.028304,0.267424,-0.961848,-12.6,-27.02,-16.66,Noise,Right
1707209439135,0.035624,0.259616,-0.966728,-12.95,-27.02,-16.03,Noise,Right
1707209439136,0.0488,0.250832,-0.973072,-12.95,-27.23,-13.65,Noise,Right
1707209439189,0.042456,0.252296,-0.986736,-13.02,-28.98,-12.11,Noise,Right
1707209439189,0.043432,0.25132,-0.982344,-14.7,-29.47,-11.27,Noise,Right
1707209439189,0.04392,0.242048,-0.95404,-14.21,-27.58,-9.1,Noise,Right
1707209439262,-0.00976,0.263032,-0.961848,-12.46,-23.94,-7.42,Noise,Right
1707209439262,-0.045872,0.282064,-0.972096,-12.32,-24.71,-7.56,Noise,Right
1707209439262,-0.05856,0.298656,-0.965264,-13.51,-27.02,-8.05,Noise,Right
1707209439262,-0.060512,0.303536,-0.96868,-14.56,-29.33,-9.24,Noise,Right
1707209439263,-0.065392,0.301096,-0.984296,-16.59,-33.6,-9.52,Noise,Right
1707209439309,-0.04636,0.29036,-0.965264,-18.76,-37.8,-9.45,Noise,Right
1707209439309,-0.018544,0.278648,-0.932568,-17.71,-34.09,-8.12,Noise,Right
1707209439309,-0.0244,0.286944,-0.926712,-15.26,-25.83,-7.98,Noise,Right
1707209439357,-0.05368,0.302072,-0.952576,-13.09,-17.85,-8.12,Noise,Right
1707209439357,-0.084912,0.306464,-0.975024,-13.65,-17.5,-8.61,Noise,Right
1707209439406,-0.094672,0.30012,-0.98576,-16.03,-21.42,-7.35,Noise,Right
1707209439406,-0.1098,0.301584,-0.968192,-17.99,-27.65,-4.55,Noise,Right
1707209439406,-0.091256,0.307928,-0.94428,-18.83,-30.73,-3.43,Noise,Right
1707209439453,-0.098576,0.320616,-0.936472,-18.69,-29.12,-3.85,Noise,Right
1707209439453,-0.10248,0.325008,-0.930128,-17.99,-27.02,-5.95,Noise,Right
1707209439453,-0.117608,0.331352,-0.937936,-16.66,-24.01,-7.7,Noise,Right
1707209439499,-0.122976,0.330864,-0.913048,-14.42,-20.65,-7.56,Noise,Right
1707209439499,-0.13664,0.328424,-0.930128,-11.83,-16.45,-7.14,Noise,Right
1707209439500,-0.149816,0.339648,-0.937448,-10.5,-16.17,-7.07,Noise,Right
1707209439546,-0.135176,0.333792,-0.940376,-9.73,-18.2,-6.44,Noise,Right
1707209439547,-0.135664,0.350384,-0.931104,-10.08,-19.53,-6.86,Noise,Right
1707209439547,-0.139568,0.343064,-0.921344,-11.41,-18.55,-7.49,Noise,Right
1707209439593,-0.152256,0.339648,-0.915488,-11.62,-16.94,-7.56,Noise,Right
1707209439594,-0.16104,0.330376,-0.918416,-11.62,-16.03,-6.93,Noise,Right
1707209439643,-0.169824,0.33672,-0.912072,-9.94,-14.7,-5.18,Noise,Right
1707209439643,-0.181048,0.34648,-0.906216,-8.33,-13.02,-4.06,Noise,Right
1707209439643,-0.176168,0.354776,-0.900848,-6.72,-9.59,-3.29,Noise,Right
1707209439773,-0.193248,0.359168,-0.91744,-6.09,-8.61,-3.71,Noise,Right
1707209439774,-0.184464,0.36844,-0.93208,-7.56,-11.13,-4.62,Noise,Right
1707209439774,-0.181536,0.377712,-0.935008,-9.38,-14.28,-5.67,Noise,Right
1707209439774,-0.172752,0.364536,-0.923296,-10.85,-15.47,-6.58,Noise,Right
1707209439774,-0.182512,0.366976,-0.901824,-10.99,-14.91,-6.72,Noise,Right
1707209439775,-0.198616,0.366976,-0.898408,-10.64,-13.65,-6.44,Noise,Right
1707209439775,-0.203984,0.369904,-0.89792,-9.8,-12.39,-6.3,Noise,Right
1707209439827,-0.204472,0.369904,-0.888648,-8.89,-10.43,-7.56,Noise,Right
1707209439828,-0.210328,0.366488,-0.909632,-8.12,-9.03,-7.35,Noise,Right
1707209439828,-0.208376,0.37088,-0.915,-8.61,-9.87,-6.79,Noise,Right
1707209439828,-0.211304,0.385032,-0.916952,-9.8,-12.46,-6.3,Noise,Right
1707209439875,-0.20008,0.377712,-0.906216,-10.36,-14.07,-6.44,Noise,Right
1707209439875,-0.208376,0.377712,-0.90036,-10.29,-13.02,-6.44,Noise,Right
1707209439979,-0.220576,0.377712,-0.887184,-9.73,-11.13,-7.0,Noise,Right
1707209439980,-0.2318,0.382592,-0.899872,-8.75,-8.96,-7.42,Noise,Right
1707209439980,-0.239608,0.378688,-0.89304,-7.98,-8.89,-6.58,Noise,Right
1707209439980,-0.23668,0.377712,-0.893528,-6.93,-7.07,-5.81,Noise,Right
1707209439980,-0.235216,0.379664,-0.887184,-5.74,-5.67,-4.55,Noise,Right
1707209439981,-0.238144,0.3904,-0.906704,-5.46,-5.74,-4.2,Noise,Right
1707209440027,-0.23424,0.386496,-0.901824,-6.09,-7.28,-5.32,Noise,Right
1707209440027,-0.23424,0.394792,-0.908656,-6.51,-8.47,-6.16,Noise,Right
1707209440027,-0.227408,0.396744,-0.89792,-7.21,-9.52,-7.28,Noise,Right
1707209440076,-0.227408,0.386984,-0.875472,-6.51,-7.91,-7.0,Noise,Right
1707209440076,-0.244976,0.39284,-0.874496,-5.6,-4.83,-6.86,Noise,Right
1707209440076,-0.247904,0.386984,-0.86376,-4.2,-1.96,-5.67,Noise,Right
1707209440187,-0.238632,0.375272,-0.750056,-2.94,0.21,-4.48,Noise,Right
1707209440188,-0.233752,0.376248,-0.879864,-1.89,2.03,-3.57,Noise,Right
1707209440188,-0.231312,0.390888,-0.875472,-1.96,1.82,-3.36,Noise,Right
1707209440188,-0.21472,0.38796,-0.86376,-1.75,3.22,-3.64,Noise,Right
1707209440188,-0.217648,0.374784,-0.850584,0.0,7.56,-3.64,Noise,Right
1707209440189,-0.21472,0.35868,-0.842288,3.15,12.11,-3.08,Noise,Right
1707209440189,-0.219112,0.345016,-0.83448,8.61,18.69,-1.68,Noise,Right
1707209440231,-0.198128,0.337208,-0.808128,16.52,27.02,1.05,Noise,Right
1707209440232,-0.204472,0.332816,-0.81252,25.55,38.29,4.13,Noise,Right
1707209440277,-0.18788,0.336232,-0.8174,31.85,47.11,6.72,Noise,Right
1707209440278,-0.17812,0.345992,-0.87352,34.51,52.5,9.66,Noise,Right
1707209440278,-0.159088,0.360632,-0.907192,33.67,54.11,8.68,Noise,Right
1707209440325,-0.002928,0.350872,-0.898408,33.88,55.93,6.86,Noise,Right
1707209440325,-0.108336,0.312808,-0.904752,35.49,61.32,7.35,Noise,Right
1707209440326,-0.06588,0.273768,-0.908168,40.81,68.95,10.5,Noise,Right
1707209440370,-0.062952,0.275232,-0.94916,45.78,76.58,12.67,Noise,Right
1707209440371,-0.103944,0.301584,-0.983808,45.99,78.47,14.84,Noise,Right
1707209440371,-0.060512,0.296704,-0.994544,43.47,73.92,15.4,Noise,Right
1707209440417,-0.045384,0.286944,-0.99064,40.88,70.28,13.65,Noise,Right
1707209440418,-0.023912,0.289384,-0.982832,38.15,67.27,12.04,Noise,Right
1707209440465,0.010248,0.271328,-0.990152,34.37,63.84,9.73,Noise,Right
1707209440466,0.000976,0.281088,-1.005768,30.24,59.29,6.86,Noise,Right
1707209440466,0.010248,0.271328,-1.013576,26.18,50.82,2.87,Noise,Right
1707209440512,0.007808,0.252296,-0.999912,21.7,44.03,-1.68,Noise,Right
1707209440512,0.020008,0.23424,-0.974048,19.25,43.12,-0.77,Noise,Right
1707209440512,-0.010248,0.235704,-0.957944,18.83,46.2,2.45,Noise,Right
1707209440565,-0.03416,0.201056,-0.962336,19.6,44.17,6.3,Noise,Right
1707209440565,-0.02196,0.195688,-0.949648,22.19,42.35,13.65,Noise,Right
1707209440565,0.012688,0.209352,-0.924272,24.64,41.44,18.41,Noise,Right
1707209440692,0.044896,0.2196,-0.916464,26.25,43.68,21.14,Noise,Right
1707209440692,0.059536,0.224968,-0.903776,26.74,45.01,20.23,Noise,Right
1707209440693,0.084424,0.203008,-0.908656,27.44,47.11,18.83,Noise,Right
1707209440693,0.0732,0.200568,-0.912072,28.7,47.74,15.54,Noise,Right
1707209440693,0.061,0.203008,-0.92964,28.42,47.6,13.44,Noise,Right
1707209440693,0.044896,0.201544,-0.92476,27.23,44.1,12.18,Noise,Right
1707209440693,0.073688,0.192272,-0.90524,27.65,41.16,11.69,Noise,Right
1707209440746,0.249368,0.171776,-0.894016,27.86,42.7,9.66,Noise,Right
1707209440746,0.159088,0.147864,-0.920856,27.23,45.71,8.89,Noise,Right
1707209440747,0.11712,0.146888,-0.945744,26.04,45.92,9.66,Noise,Right
1707209440747,0.101016,0.135664,-0.943304,23.66,40.53,12.53,Noise,Right
1707209440794,0.132248,0.111752,-0.930128,23.59,35.7,17.29,Noise,Right
1707209440794,0.138104,0.103944,-0.915488,25.06,33.04,25.41,Noise,Right
1707209440839,0.196664,0.122488,-0.88572,27.93,30.38,31.57,Noise,Right
1707209440839,0.257664,0.140544,-0.871568,27.02,31.99,29.96,Noise,Right
1707209440839,0.328424,0.115168,-0.874984,22.05,36.33,24.29,Noise,Right
1707209440887,0.313296,0.081496,-0.907192,15.89,38.99,21.35,Noise,Right
1707209440887,0.2684,0.067344,-0.939888,11.9,33.04,14.35,Noise,Right
1707209440888,0.25864,0.062952,-0.923296,7.56,21.91,4.9,Noise,Right
1707209440934,0.30988,0.005856,-0.883768,4.41,15.33,1.05,Noise,Right
1707209440934,0.356728,-0.006344,-0.818864,8.68,19.46,1.05,Noise,Right
1707209440934,0.38796,0.009272,-0.774456,12.67,37.38,-0.07,Noise,Right
1707209440982,0.375272,0.023912,-0.79056,15.12,53.97,-3.57,Noise,Right
1707209440982,0.437736,0.015128,-0.832528,13.86,59.92,-9.59,Noise,Right
1707209440982,0.511912,-0.038552,-0.884744,8.4,57.75,-10.92,Noise,Right
1707209441028,0.509472,-0.083448,-0.952576,3.92,44.87,-5.6,Noise,Right
1707209441028,0.49532,-0.094184,-0.919392,-17.43,23.03,0.35,Noise,Right
1707209441076,0.591944,-0.153232,-0.856928,1.89,14.98,11.9,Noise,Right
1707209441076,0.565104,-0.079056,-0.80276,15.89,27.44,22.89,Noise,Right
1707209441076,0.537776,-0.01708,-0.819352,20.93,40.95,17.71,Noise,Right
1707209441120,0.521184,0.023912,-0.855464,16.52,46.83,2.17,Noise,Right
1707209441120,0.555832,-0.020984,-0.906216,5.67,43.33,-10.15,Noise,Right
1707209441120,0.5368,-0.098576,-0.955992,-2.45,28.49,-7.84,Noise,Right
1707209441181,0.60756,-0.1586,-0.906704,0.14,12.39,4.27,Noise,Right
1707209441181,0.660264,-0.132736,-0.867664,8.75,12.74,16.8,Noise,Right
1707209441182,0.640256,-0.101992,-0.888648,15.4,20.79,17.36,Noise,Right
1707209441230,0.609512,-0.071248,-0.904752,17.92,22.47,13.79,Noise,Right
1707209441230,0.669536,-0.071248,-0.913048,14.14,20.72,7.49,Noise,Right
1707209441231,0.704672,-0.077104,-0.931592,10.85,23.8,7.56,Noise,Right
1707209441282,0.652944,-0.087352,-0.981856,5.53,22.75,8.68,Noise,Right
1707209441282,0.630984,-0.088816,-0.9638,2.38,10.36,5.81,Noise,Right
1707209441282,0.647088,-0.080032,-0.930128,0.98,3.78,2.87,Noise,Right
1707209441405,0.654408,-0.079544,-0.90768,0.84,4.27,-0.56,Noise,Right
1707209441405,0.618784,-0.088816,-0.908168,2.45,7.56,-3.71,Noise,Right
1707209441405,0.562664,-0.084912,-0.925248,3.64,4.34,-1.89,Noise,Right
1707209441405,0.545584,-0.081008,-0.894016,4.55,-6.16,-0.56,Noise,Right
1707209441405,0.562664,-0.10248,-0.87596,5.88,-13.44,1.12,Noise,Right
1707209441405,0.59292,-0.095648,-0.867176,7.84,-13.37,2.8,Noise,Right
1707209441406,0.611952,-0.09028,-0.88084,9.31,-10.01,4.34,Noise,Right
1707209441447,0.613416,-0.115656,-0.863272,9.52,-5.81,5.81,Noise,Right
1707209441447,0.737856,-0.001464,-0.854,39.06,49.07,24.92,Noise,Right
1707209441447,0.596336,-0.145912,-0.874496,19.46,16.45,8.82,Noise,Right
1707209441495,0.55632,-0.050752,-0.872056,-0.56,0.35,10.43,Noise,Right
1707209441495,0.518744,-0.047336,-0.868152,-5.6,-5.39,-5.88,Noise,Right
1707209441495,0.542168,-0.1098,-0.81984,-8.68,-6.93,-6.65,Noise,Right
1707209441551,0.5124,-0.128832,-0.810568,-2.73,-0.98,-1.75,Noise,Right
1707209441551,0.557784,-0.15128,-0.793,7.07,9.66,5.04,Noise,Right
1707209441551,0.542168,-0.091744,-0.834968,16.31,16.1,5.18,Noise,Right
1707209441603,0.549488,-0.13176,-0.813008,21.14,17.15,6.65,Noise,Right
1707209441604,0.545584,-0.118584,-0.84668,16.31,8.19,8.05,Noise,Right
1707209441604,0.545584,-0.137128,-0.826672,15.68,3.43,11.13,Noise,Right
1707209441650,0.537288,-0.108336,-0.824232,16.52,1.47,11.48,Noise,Right
1707209441651,0.531432,-0.12444,-0.813496,18.55,3.99,12.88,Noise,Right
1707209441651,0.522648,-0.13908,-0.793976,25.97,11.83,20.51,Noise,Right
1707209441696,0.558272,-0.136152,-0.796416,38.22,20.09,31.78,Noise,Right
1707209441697,0.859856,-0.145912,-1.048712,4.62,24.92,1.68,Noise,Right
1707209441697,0.576328,-0.186904,-0.8296,-3.43,1.33,0.0,Noise,Right
1707209441745,0.547048,-0.160552,-0.818376,-1.96,-1.75,-1.26,Noise,Right
1707209441745,0.559248,-0.166896,-0.808616,-1.33,-0.77,-2.45,Noise,Right
1707209441796,0.557296,-0.171288,-0.8052,-1.33,0.77,-2.52,Noise,Right
1707209441796,0.559248,-0.166408,-0.806176,-1.54,0.14,-2.52,Noise,Right
1707209441796,0.55632,-0.162992,-0.80764,-1.47,-1.75,-2.31,Noise,Right
1707209441926,0.559736,-0.161528,-0.801784,-1.54,0.91,-2.59,Noise,Right
1707209441926,0.550464,-0.16104,-0.796416,-1.19,6.09,-3.5,Noise,Right
1707209441926,0.6344,-0.132248,-0.776896,-3.01,2.38,-2.24,Noise,Right
1707209441926,0.566568,-0.163968,-0.803736,-1.12,-1.12,-2.24,Noise,Right
1707209441926,0.566568,-0.164456,-0.80764,-1.68,-0.77,-2.24,Noise,Right
1707209441926,0.57096,-0.162016,-0.799344,-1.54,-0.63,-2.45,Noise,Right
1707209441926,0.573888,-0.160064,-0.801296,-1.75,-0.49,-2.52,Noise,Right
1707209441979,0.56852,-0.155672,-0.796416,-1.54,-0.7,-2.52,Noise,Right
1707209441979,0.565104,-0.16592,-0.80276,-2.03,-0.56,-2.66,Noise,Right
1707209441980,0.573888,-0.156648,-0.80276,-1.4,-0.77,-2.38,Noise,Right
1707209441980,0.555344,-0.16348,-0.792512,-1.26,-1.12,-2.03,Noise,Right
1707209442025,0.609512,-0.15372,-0.748592,-1.75,-1.61,-5.46,Noise,Right
1707209442025,0.582672,-0.162016,-0.821304,-1.26,0.14,-2.1,Noise,Right
1707209442027,0.574864,-0.168848,-0.810568,-2.94,-0.21,-3.64,Noise,Right
1707209442070,0.5612,-0.162016,-0.79544,-1.47,-0.77,-2.03,Noise,Right
1707209442070,0.557296,-0.160552,-0.804712,-1.61,-1.05,-2.31,Noise,Right
1707209442070,0.558272,-0.160064,-0.802272,-1.68,-0.84,-2.45,Noise,Right
1707209442119,0.562176,-0.162992,-0.79544,-1.33,-0.84,-2.24,Noise,Right
1707209442119,0.571936,-0.162016,-0.799344,-1.89,-0.63,-2.52,Noise,Right
1707209442165,0.56608,-0.159088,-0.801296,-1.68,-0.84,-2.52,Noise,Right
1707209442165,0.56364,-0.160552,-0.802272,-1.54,-0.91,-2.38,Noise,Right
1707209442166,0.568032,-0.16104,-0.810568,-1.47,-0.91,-2.38,Noise,Right
1707209442211,0.562176,-0.162016,-0.802272,-1.61,-0.63,-2.38,Noise,Right
1707209442211,0.569984,-0.16104,-0.802272,-1.61,-0.63,-2.38,Noise,Right
1707209442212,0.567056,-0.162016,-0.799344,-1.61,-0.98,-2.31,Noise,Right
1707209442261,0.564616,-0.161528,-0.801296,-1.68,-1.05,-2.31,Noise,Right
1707209442265,0.56852,-0.159576,-0.8052,-1.4,-0.77,-2.45,Noise,Right
1707209442265,0.567056,-0.16348,-0.796904,-1.68,-0.63,-2.38,Noise,Right
1707209442305,0.569984,-0.161528,-0.797392,-1.4,-0.77,-2.52,Noise,Right
1707209442305,0.57096,-0.164456,-0.800808,-1.54,-0.98,-2.45,Noise,Right
1707209442351,0.567056,-0.1586,-0.808616,-1.68,-0.91,-2.38,Noise,Right
1707209442351,0.565592,-0.1586,-0.803248,-1.68,-0.63,-2.24,Noise,Right
1707209442351,0.566568,-0.16104,-0.800808,-1.61,-0.77,-2.31,Noise,Right
1707209442409,0.56608,-0.160064,-0.80276,-1.68,-0.63,-2.52,Noise,Right
1707209442410,0.567056,-0.160064,-0.800808,-1.47,-0.84,-2.38,Noise,Right
1707209442410,0.567056,-0.16104,-0.798368,-1.4,-0.91,-2.31,Noise,Right
1707209442459,0.564128,-0.157136,-0.804224,-1.19,-0.98,-2.31,Noise,Right
1707209442459,0.564616,-0.162016,-0.800808,-1.68,-0.84,-2.38,Noise,Right
1707209442459,0.564128,-0.16348,-0.799832,-1.54,-0.84,-2.31,Noise,Right
1707209442459,0.565104,-0.162992,-0.803736,-1.54,-0.77,-2.31,Noise,Right
1707209442512,0.565592,-0.157136,-0.801296,-1.47,-0.84,-2.38,Noise,Right
1707209442512,0.56608,-0.163968,-0.801784,-1.54,-0.77,-2.31,Noise,Right
1707209442629,0.56852,-0.158112,-0.803736,-1.47,-0.91,-2.31,Noise,Right
1707209442629,0.566568,-0.160552,-0.8052,-1.61,-0.91,-2.24,Noise,Right
1707209442629,0.56852,-0.164456,-0.798368,-1.68,-0.84,-2.38,Noise,Right
1707209442630,0.562664,-0.162016,-0.801784,-1.68,-0.7,-2.31,Noise,Right
1707209442630,0.565104,-0.159576,-0.798856,-1.47,-0.98,-2.45,Noise,Right
1707209442630,0.565104,-0.165432,-0.80032,-1.54,-0.91,-2.45,Noise,Right
1707209442631,0.567056,-0.154696,-0.806176,-1.4,-0.84,-2.38,Noise,Right
1707209442678,0.57096,-0.161528,-0.804224,-1.47,-0.7,-2.17,Noise,Right
1707209442678,0.567056,-0.16348,-0.803248,-1.61,-0.7,-2.38,Noise,Right
1707209442678,0.565592,-0.162016,-0.800808,-1.47,-0.91,-2.52,Noise,Right
1707209481381,-0.609512,-0.205448,0.538752,-2.87,-163.24,-57.12,Noise,Right
1707209481382,-0.671,-0.284504,0.599752,-4.97,-144.9,-50.26,Noise,Right
1707209481383,-0.716384,-0.243024,0.630496,-5.25,-85.47,-32.27,Noise,Right
1707209481426,-0.799832,-0.179584,0.589992,6.72,-4.83,-10.01,Noise,Right
1707209481427,-0.824232,-0.044896,0.550952,12.25,108.85,35.21,Noise,Right
1707209481427,-0.827648,-0.205936,0.756888,5.6,188.44,56.56,Noise,Right
1707209481481,-0.745664,-0.020984,0.774456,0.14,215.46,20.44,Noise,Right
1707209481485,-0.906216,-0.445056,0.747128,4.48,150.57,45.99,Noise,Right
1707209481486,-0.850584,-0.450424,0.691984,1.26,113.54,26.39,Noise,Right
1707209481526,-0.925248,-0.464576,0.619272,5.32,61.32,20.86,Noise,Right
1707209481526,-1.069696,-0.423584,0.511912,7.21,48.37,21.98,Noise,Right
1707209481526,-1.089704,-0.411872,0.449448,7.42,64.75,24.92,Noise,Right
1707209481659,-1.040416,-0.506056,0.408456,-3.22,66.36,19.74,Noise,Right
1707209481660,-0.910608,-0.338184,0.502152,-21.49,83.93,23.03,Noise,Right
1707209481660,-0.480192,-0.2196,0.315736,-16.31,87.64,26.04,Noise,Right
1707209481660,-0.629032,-0.184952,0.35136,-8.19,96.39,33.74,Noise,Right
1707209481660,-0.838872,-0.184464,0.34648,1.4,104.51,36.89,Noise,Right
1707209481661,-0.821304,-0.250832,0.481168,1.4,127.82,33.32,Noise,Right
1707209481661,-0.896456,-0.20496,0.35868,3.08,94.36,22.47,Noise,Right
1707209481707,-0.787632,-0.167872,0.338184,0.77,64.96,14.42,Noise,Right
1707209481707,-0.6954,-0.14884,0.265472,-1.54,18.97,0.7,Noise,Right
1707209481708,-0.554368,-0.1342,0.233264,-5.53,-39.69,-17.85,Noise,Right
1707209481708,-0.512888,-0.116144,0.233752,-8.82,-88.55,-30.38,Noise,Right
1707209481759,-0.738832,-0.167384,0.35868,-7.98,-114.73,-33.32,Noise,Right
1707209481759,-1.10044,-0.188856,0.366,-4.76,-92.82,-23.66,Noise,Right
1707209481760,-1.303448,-0.218624,0.379664,-2.03,-9.03,26.32,Noise,Right
1707209481861,-1.206336,-0.269864,0.425048,-5.74,25.06,18.55,Noise,Right
1707209481862,-1.204872,-0.253272,0.347456,-7.28,36.54,16.52,Noise,Right
1707209481862,-1.1102,-0.30012,0.322568,-6.37,53.27,20.51,Noise,Right
1707209481862,-1.010648,-0.252296,0.264008,-6.16,55.72,19.6,Noise,Right
1707209481862,-0.936472,-0.424072,0.332328,-8.75,72.94,18.41,Noise,Right
1707209481862,-0.646112,-0.325984,0.348432,-7.7,64.4,20.02,Noise,Right
1707209481908,-0.786168,-0.258152,0.339648,-1.12,30.1,10.78,Noise,Right
1707209481909,-0.891576,-0.152256,0.276696,2.73,13.72,5.25,Noise,Right
1707209481960,-0.94428,-0.134688,0.254736,4.69,9.38,1.89,Noise,Right
1707209481960,-1.024312,-0.142984,0.17568,4.13,9.31,-1.82,Noise,Right
1707209481961,-1.00528,-0.144448,0.214232,-0.77,14.91,-3.71,Noise,Right
1707209482068,-0.776408,-0.193736,0.281576,-3.43,3.85,-10.64,Noise,Right
1707209482068,-0.742248,-0.207888,0.25864,-3.22,-30.45,-18.48,Noise,Right
1707209482068,-0.777872,-0.238144,0.246928,-3.64,-67.55,-25.41,Noise,Right
1707209482068,-0.8906,-0.250344,0.265472,-4.62,-80.01,-27.51,Noise,Right
1707209482068,-0.91988,-0.267424,0.289872,-4.97,-76.16,-26.25,Noise,Right
1707209482068,-0.962336,-0.282064,0.320616,-4.27,-53.13,-21.7,Noise,Right
1707209482069,-0.935984,-0.260104,0.350872,-2.8,-44.94,-19.67,Noise,Right
1707209482171,-0.971608,-0.235704,0.34648,-2.73,-38.29,-16.59,Noise,Right
1707209482171,-0.949648,-0.223504,0.34648,-2.52,-26.53,-13.65,Noise,Right
1707209482171,-0.917928,-0.236192,0.345992,-2.59,-14.21,-10.36,Noise,Right
1707209482172,-0.843752,-0.26596,0.384056,-3.22,-23.45,-13.02,Noise,Right
1707209482172,-0.84668,-0.301584,0.381616,-5.39,-30.94,-15.12,Noise,Right
1707209482172,-0.808616,-0.30988,0.371856,-6.16,-41.86,-18.06,Noise,Right
1707209482218,-0.845704,-0.306952,0.375272,-6.02,-45.22,-18.62,Noise,Right
1707209482218,-0.874496,-0.285968,0.394304,-5.6,-31.36,-13.37,Noise,Right
1707209482219,-0.892064,-0.269376,0.415776,-3.85,-22.47,-10.71,Noise,Right
1707209482266,-0.920856,-0.264496,0.4148,-2.59,-9.66,-6.65,Noise,Right
1707209482266,-0.904752,-0.264496,0.389912,-1.4,-3.08,-3.01,Noise,Right
1707209482310,-0.915,-0.276696,0.396744,-1.26,6.44,1.47,Noise,Right
1707209482311,-0.8784,-0.306952,0.420656,-0.7,8.4,4.06,Noise,Right
1707209482311,-0.849608,-0.316712,0.40748,0.28,3.43,3.15,Noise,Right
1707209482362,-0.88084,-0.310368,0.391376,1.33,2.17,2.73,Noise,Right
1707209482362,-0.863272,-0.296216,0.393816,2.03,4.69,3.43,Noise,Right
1707209482362,-0.86132,-0.293288,0.394792,3.22,3.15,2.31,Noise,Right
1707209482477,-0.865224,-0.283528,0.369904,3.36,1.05,1.4,Noise,Right
1707209482477,-0.859368,-0.29036,0.38552,2.66,3.57,1.89,Noise,Right
1707209482477,-0.85888,-0.282064,0.381128,2.52,0.49,1.12,Noise,Right
1707209482478,-0.86864,-0.277672,0.386984,1.96,-2.52,-0.21,Noise,Right
1707209482478,-0.86864,-0.283528,0.365024,0.98,-5.18,-0.7,Noise,Right
1707209482479,-0.881328,-0.288896,0.386496,0.07,-3.22,-0.21,Noise,Right
1707209482479,-0.865712,-0.284992,0.38552,-0.35,-0.91,0.63,Noise,Right
1707209482580,-0.867176,-0.271816,0.393328,-0.49,-0.56,0.07,Noise,Right
1707209482580,-0.886696,-0.254736,0.378688,0.35,1.89,-0.28,Noise,Right
1707209482580,-0.86864,-0.267912,0.374296,0.98,4.9,0.07,Noise,Right
1707209482580,-0.834968,-0.280112,0.369416,0.77,-0.56,-1.96,Noise,Right
1707209482580,-0.85888,-0.285968,0.349896,0.0,-6.02,-3.57,Noise,Right
1707209482581,-0.845216,-0.288896,0.365512,-0.56,-4.13,-3.43,Noise,Right
1707209482629,-0.86132,-0.274744,0.376736,-0.77,-5.6,-3.99,Noise,Right
1707209482630,-0.896456,-0.276696,0.382592,-0.98,-6.51,-3.08,Noise,Right
1707209482759,-0.876936,-0.27084,0.381128,-0.84,-2.24,-1.47,Noise,Right
1707209482759,-0.870592,-0.290848,0.386984,-0.35,0.07,-0.84,Noise,Right
1707209482759,-0.871568,-0.290848,0.391376,0.28,1.12,-0.28,Noise,Right
1707209482761,-0.854976,-0.301096,0.386496,0.98,0.28,-0.63,Noise,Right
1707209482761,-0.86132,-0.295728,0.382592,1.12,-2.24,-1.68,Noise,Right
1707209482761,-0.872056,-0.29036,0.374784,1.26,-3.99,-2.17,Noise,Right
1707209482761,-0.875472,-0.278648,0.384544,1.19,-3.85,-2.03,Noise,Right
1707209482813,-0.868152,-0.281088,0.379176,1.12,-5.74,-2.24,Noise,Right
1707209482813,-0.887672,-0.287432,0.38552,0.91,-3.92,-1.61,Noise,Right
1707209482813,-0.882304,-0.282064,0.3904,1.33,-3.08,-0.98,Noise,Right
1707209482813,-0.880352,-0.277672,0.386496,1.05,-1.12,-0.28,Noise,Right
1707209482891,-0.867664,-0.282552,0.381616,0.91,-1.75,-0.63,Noise,Right
1707209482891,-0.857904,-0.284016,0.377712,0.56,-4.55,-1.19,Noise,Right
1707209482891,-0.874496,-0.284504,0.37332,0.21,-6.23,-1.89,Noise,Right
1707209482891,-0.882792,-0.285968,0.386984,0.28,-2.45,-0.56,Noise,Right
1707209482891,-0.872544,-0.289872,0.386008,0.49,0.35,-0.28,Noise,Right
1707209482986,-0.875472,-0.277184,0.381128,0.7,1.54,-0.21,Noise,Right
1707209482987,-0.872544,-0.279624,0.383568,1.05,3.64,-0.07,Noise,Right
1707209482987,-0.865224,-0.281576,0.376736,1.4,3.99,-0.07,Noise,Right
1707209482987,-0.836432,-0.286944,0.371368,1.19,1.12,-1.05,Noise,Right
1707209482987,-0.869128,-0.284992,0.365024,1.05,-1.19,-2.66,Noise,Right
1707209482987,-0.870104,-0.277672,0.362096,1.19,3.71,-1.12,Noise,Right
1707209483042,-0.877912,-0.260104,0.362096,1.47,7.98,0.21,Noise,Right
1707209483042,-0.879864,-0.25376,0.369416,1.47,11.83,1.61,Noise,Right
1707209483042,-0.88816,-0.264496,0.36844,1.68,15.19,2.31,Noise,Right
1707209483089,-0.88084,-0.256688,0.36356,2.38,20.79,4.9,Noise,Right
1707209483089,-0.850584,-0.273768,0.382104,2.38,21.14,3.99,Noise,Right
1707209483090,-0.854,-0.27328,0.358192,1.4,8.47,0.07,Noise,Right
1707209483137,-0.878888,-0.26352,0.32452,1.26,4.83,-0.28,Noise,Right
1707209483137,-0.889136,-0.259616,0.340624,1.54,4.83,0.0,Noise,Right
1707209483138,-0.855952,-0.250344,0.331352,3.5,1.4,-0.91,Noise,Right
1707209483187,-0.90036,-0.215208,0.292312,7.91,-0.56,0.21,Noise,Right
1707209483187,-0.885232,-0.237168,0.304024,11.76,9.94,5.04,Noise,Right
1707209483232,-0.942816,-0.188368,0.276696,17.99,26.18,10.99,Noise,Right
1707209483232,-0.869616,-0.284016,0.348432,19.53,50.54,23.66,Noise,Right
1707209483232,-0.810568,-0.331352,0.440176,18.48,30.59,6.23,Noise,Right
1707209483277,-0.874496,-0.304512,0.381128,12.74,-3.99,-8.47,Noise,Right
1707209483277,-0.911096,-0.243024,0.32696,8.4,-17.08,-15.19,Noise,Right
1707209483277,-0.903288,-0.254248,0.337696,10.08,-18.13,-15.26,Noise,Right
1707209483324,-0.908168,-0.242536,0.338184,10.85,-18.62,-16.59,Noise,Right
1707209483324,-0.931592,-0.199592,0.320128,12.81,-12.18,-15.05,Noise,Right
1707209483324,-0.95404,-0.19764,0.366,10.57,6.02,-9.31,Noise,Right
1707209483376,-0.94428,-0.203984,0.337208,17.08,16.03,-5.18,Noise,Right
1707209483376,-0.894504,-0.240096,0.37088,19.04,22.26,-2.1,Noise,Right
1707209483437,-0.851072,-0.263032,0.382104,17.99,15.19,-3.85,Noise,Right
1707209483438,-0.86132,-0.315736,0.364536,15.05,4.97,-6.72,Noise,Right
1707209483438,-0.88572,-0.305,0.30744,13.86,-5.11,-10.78,Noise,Right
1707209483438,-0.913048,-0.315248,0.294264,12.53,0.98,-5.32,Noise,Right
1707209483570,-0.882304,-0.340136,0.323056,12.18,8.82,-2.73,Noise,Right
1707209483571,-0.90036,-0.32208,0.29036,8.96,6.37,-4.9,Noise,Right
1707209483571,-0.948672,-0.296216,0.271816,4.62,17.57,3.15,Noise,Right
1707209483571,-0.996008,-0.267424,0.282064,2.87,24.57,4.55,Noise,Right
1707209483571,-0.982832,-0.232288,0.29768,1.26,33.18,3.85,Noise,Right
1707209483571,-0.947696,-0.235704,0.293288,2.52,34.37,8.26,Noise,Right
1707209483571,-0.95404,-0.235216,0.276696,3.85,35.14,11.62,Noise,Right
1707209483620,-0.868152,-0.281576,0.299632,1.68,22.82,3.78,Noise,Right
1707209483620,-0.903288,-0.281576,0.269864,-0.28,6.86,-1.4,Noise,Right
1707209483620,-0.904264,-0.284504,0.249856,-0.21,3.01,-2.03,Noise,Right
1707209483620,-0.914512,-0.270352,0.24156,-0.77,1.68,-2.45,Noise,Right
1707209483675,-0.915976,-0.24644,0.243024,-1.54,3.43,-1.82,Noise,Right
1707209483676,-0.931104,-0.247904,0.244976,-0.7,5.04,-1.26,Noise,Right
1707209483676,-0.91744,-0.237168,0.228872,-1.4,4.83,-1.89,Noise,Right
1707209483731,-0.913048,-0.226432,0.25376,-2.31,5.46,0.84,Noise,Right
1707209483732,-0.914024,-0.224968,0.242536,-4.13,-0.91,-1.89,Noise,Right
1707209483732,-0.952088,-0.233752,0.24156,-3.99,-0.63,-1.33,Noise,Right
1707209483779,-0.92476,-0.25132,0.252784,-3.15,1.19,-1.33,Noise,Right
1707209483779,-0.93452,-0.2684,0.267424,-2.52,0.84,-2.24,Noise,Right
1707209483780,-0.920856,-0.262056,0.261568,-2.17,-0.7,-3.15,Noise,Right
1707209483901,-0.930128,-0.259128,0.26352,-1.19,-1.12,-2.87,Noise,Right
1707209483901,-0.930616,-0.26352,0.264984,-0.49,-0.07,-2.31,Noise,Right
1707209483901,-0.944768,-0.249856,0.253272,0.21,-0.63,-2.66,Noise,Right
1707209483901,-0.952088,-0.241072,0.242536,0.42,1.61,-2.24,Noise,Right
1707209483901,-0.94428,-0.244,0.248392,0.98,4.62,-2.73,Noise,Right
1707209483901,-0.914512,-0.252296,0.241072,1.54,6.37,-2.45,Noise,Right
1707209483901,-0.890112,-0.254736,0.250344,1.68,3.29,-2.59,Noise,Right
1707209483954,-0.913048,-0.270352,0.258152,0.77,1.82,-1.12,Noise,Right
1707209483954,-0.905728,-0.2684,0.237168,0.91,3.57,1.61,Noise,Right
1707209483955,-0.910608,-0.262056,0.23424,1.12,1.54,2.52,Noise,Right
1707209484081,-0.93452,-0.258152,0.223504,0.7,2.38,2.73,Noise,Right
1707209484081,-0.930616,-0.237168,0.213256,0.35,3.99,4.41,Noise,Right
1707209484082,-0.964776,-0.227896,0.215208,0.21,6.37,4.69,Noise,Right
1707209484082,-0.943792,-0.234728,0.227408,0.63,13.16,5.6,Noise,Right
1707209484083,-0.921344,-0.247416,0.229848,0.07,10.01,4.2,Noise,Right
1707209484083,-0.917928,-0.268888,0.232288,-1.4,7.63,4.55,Noise,Right
1707209484083,-0.918904,-0.259128,0.221064,-2.94,5.46,3.92,Noise,Right
1707209484210,-0.92476,-0.269864,0.218136,-1.82,-0.77,-0.98,Noise,Right
1707209484210,-0.968192,-0.260592,0.202032,-4.62,-1.89,-2.8,Noise,Right
1707209484210,-0.99796,-0.260592,0.193736,-5.81,5.88,-0.14,Noise,Right
1707209484211,-0.966728,-0.2562,0.188368,-8.75,11.69,1.89,Noise,Right
1707209484211,-1.010648,-0.21716,0.166408,-10.85,14.14,3.22,Noise,Right
1707209484211,-1.003328,-0.189832,0.15616,-11.62,22.47,5.74,Noise,Right
1707209484211,-0.950136,-0.216672,0.189832,-11.41,26.74,8.96,Noise,Right
1707209484211,-0.949648,-0.237168,0.182512,-11.48,20.58,8.12,Noise,Right
1707209484261,-0.957944,-0.24888,0.191296,-10.64,16.45,7.91,Noise,Right
1707209484261,-0.992104,-0.264984,0.189832,-10.5,9.52,6.93,Noise,Right
1707209484261,-0.99552,-0.308904,0.215208,-10.15,5.74,6.09,Noise,Right
1707209484261,-0.945744,-0.29768,0.2074,-11.9,-10.85,-1.75,Noise,Right
1707209484308,-0.892064,-0.27816,0.197152,-13.51,-52.22,-19.46,Noise,Right
1707209484308,-0.838384,-0.294752,0.257176,-18.41,-114.94,-49.77,Noise,Right
1707209484309,-0.708576,-0.206912,0.240584,-29.19,-172.62,-63.56,Noise,Right
1707209484360,-0.714432,-0.214232,0.193248,-20.44,-212.1,-66.99,Noise,Right
1707209484361,-0.843264,-0.245952,0.308904,-19.32,-197.19,-49.84,Noise,Right
1707209484487,-0.902312,-0.234728,0.42944,-18.62,-179.55,-40.67,Noise,Right
1707209484487,-0.938424,-0.237656,0.501176,-17.08,-158.9,-33.67,Noise,Right
1707209484487,-0.880352,-0.260104,0.560712,-16.66,-157.43,-28.49,Noise,Right
1707209484488,-0.758352,-0.313784,0.579744,-14.7,-164.57,-29.68,Noise,Right
1707209484488,-0.742736,-0.345992,0.52704,-14.0,-155.12,-28.63,Noise,Right
1707209484488,-0.623664,-0.358192,0.546072,-13.58,-135.03,-23.87,Noise,Right
1707209484488,-0.581696,-0.375272,0.529968,-15.26,-133.21,-26.67,Noise,Right
1707209484542,-0.581208,-0.355752,0.550952,-14.21,-112.21,-26.04,Noise,Right
1707209484543,-0.565104,-0.303536,0.585112,-13.79,-65.03,-13.16,Noise,Right
1707209484543,-0.489952,-0.252784,0.635864,-17.64,-3.15,18.69,Noise,Right
1707209484543,-0.597312,-0.169824,0.657336,-0.35,13.09,7.84,Noise,Right
1707209484668,-0.503616,-0.15372,0.920368,-1.89,28.14,-16.8,Noise,Right
1707209484668,-1.114104,-0.416752,0.5856,-2.59,8.47,-18.41,Noise,Right
1707209484668,-1.149728,-0.397232,0.635376,-1.61,13.65,11.48,Noise,Right
1707209484668,-0.847168,-0.468968,0.715408,1.54,56.98,25.27,Noise,Right
1707209484668,-0.855464,-0.562176,0.672464,7.0,69.37,33.95,Noise,Right
1707209484669,-0.932568,-0.487512,0.611464,3.43,83.3,35.42,Noise,Right
1707209484669,-0.9516,-0.47092,0.54168,4.55,100.87,42.7,Noise,Right
1707209484717,-0.979416,-0.46604,0.499712,3.71,119.14,49.28,Noise,Right
1707209484717,-0.969656,-0.435296,0.43188,0.0,142.31,53.41,Noise,Right
1707209484718,-0.6588,-0.39284,0.4514,-8.47,139.02,48.02,Noise,Right
1707209484767,-0.48068,-0.384056,0.589992,-10.08,110.6,32.48,Noise,Right
1707209484767,-0.551928,-0.261568,0.431392,-3.5,62.3,10.15,Noise,Right
1707209484767,-0.61976,-0.229848,0.38308,1.4,30.66,-1.47,Noise,Right
1707209484891,-0.619272,-0.240096,0.372832,1.19,-3.71,-13.44,Noise,Right
1707209484892,-0.591944,-0.247904,0.34892,-1.4,-45.85,-28.0,Noise,Right
1707209484892,-0.64172,-0.270352,0.365512,-6.37,-64.89,-36.89,Noise,Right
1707209484892,-0.590968,-0.31232,0.387472,-11.34,-88.27,-41.51,Noise,Right
1707209484892,-0.472384,-0.261568,0.436272,-17.15,-96.32,-40.46,Noise,Right
1707209484892,-0.644648,-0.254736,0.480192,-10.57,-96.53,-35.42,Noise,Right
1707209484892,-0.878888,-0.36112,0.548024,-3.85,-71.47,-26.32,Noise,Right
1707209485007,-0.940376,-0.327448,0.549,-9.87,-36.47,-18.97,Noise,Right
1707209485007,-1.1102,-0.358192,0.575352,-15.12,-34.23,-15.33,Noise,Right
1707209485007,-1.153632,-0.300608,0.572424,-11.97,-16.24,-2.1,Noise,Right
1707209485007,-1.143872,-0.395768,0.614392,-5.95,31.64,16.73,Noise,Right
1707209485008,-1.127768,-0.442616,0.558272,0.49,51.24,29.75,Noise,Right
1707209485008,-1.115568,-0.42212,0.508984,8.96,90.02,43.33,Noise,Right
1707209485008,-1.098488,-0.486536,0.470432,16.87,120.26,52.64,Noise,Right
1707209485060,-1.020408,-0.537776,0.481656,15.89,161.91,51.52,Noise,Right
1707209485060,-0.638304,-0.547536,0.481168,11.69,158.69,29.19,Noise,Right
1707209485061,-0.343552,-0.456768,0.51972,2.52,105.56,3.92,Noise,Right
1707209485061,-0.478728,-0.244976,0.288408,4.2,28.7,-9.31,Noise,Right
1707209485105,-0.76616,-0.171288,0.233752,9.31,0.14,-11.83,Noise,Right
1707209485106,-0.736392,-0.208376,0.29036,7.49,-27.02,-16.38,Noise,Right
1707209485160,-0.789584,-0.238632,0.299144,1.4,-38.22,-21.14,Noise,Right
1707209485160,-0.688568,-0.31232,0.322568,-0.28,-56.84,-25.83,Noise,Right
1707209485161,-0.669048,-0.29524,0.347944,-4.69,-79.31,-31.5,Noise,Right
1707209485212,-0.574376,-0.308904,0.37088,-6.09,-104.58,-36.82,Noise,Right
1707209485213,-0.687104,-0.321592,0.394792,-3.99,-115.71,-35.35,Noise,Right
1707209485213,-0.859856,-0.292312,0.418704,0.0,-78.61,-12.81,Noise,Right
1707209485213,-0.941352,-0.321592,0.498248,3.36,-34.86,5.25,Noise,Right
1707209485260,-1.009184,-0.301096,0.526064,-1.89,-9.03,5.04,Noise,Right
1707209485260,-1.05652,-0.345992,0.508496,-3.71,5.25,10.43,Noise,Right
1707209485309,-1.076528,-0.37088,0.489952,-0.35,19.04,15.4,Noise,Right
1707209485309,-1.045296,-0.396744,0.450912,4.62,42.77,24.5,Noise,Right
1707209485310,-1.133136,-0.381128,0.420656,7.84,66.57,32.76,Noise,Right
1707209485448,-1.116056,-0.382104,0.440176,12.32,94.22,43.89,Noise,Right
1707209485448,-0.940376,-0.44652,0.467992,17.92,106.75,45.71,Noise,Right
1707209485448,-0.871568,-0.455304,0.421632,16.87,100.17,32.55,Noise,Right
1707209485448,-0.822768,-0.517768,0.386984,17.92,110.95,16.66,Noise,Right
1707209485448,-0.704184,-0.415288,0.333792,12.67,102.41,-0.7,Noise,Right
1707209485448,-0.73932,-0.211792,0.281088,13.86,96.95,0.42,Noise,Right
1707209485449,-0.667096,-0.13664,0.23424,17.99,66.57,0.77,Noise,Right
1707209485493,-0.692472,-0.21472,0.216184,14.35,-11.97,-10.36,Noise,Right
1707209485493,-0.671,-0.2562,0.18056,8.4,-43.54,-20.58,Noise,Right
1707209485493,-0.726144,-0.283528,0.211304,3.29,-58.17,-26.67,Noise,Right
1707209485494,-0.663192,-0.30256,0.267424,1.75,-75.18,-32.48,Noise,Right
1707209485539,-0.71248,-0.25376,0.298168,-1.82,-83.37,-33.67,Noise,Right
1707209485539,-0.733952,-0.235704,0.331352,2.73,-98.28,-34.72,Noise,Right
1707209485539,-0.813496,-0.171776,0.37576,3.15,-75.6,-15.68,Noise,Right
1707209485588,-1.025288,-0.181048,0.339648,12.95,-39.06,-1.4,Noise,Right
1707209485588,-1.035536,-0.277672,0.44408,0.28,-11.13,3.71,Noise,Right
1707209485589,-1.084824,-0.291824,0.383568,-0.63,-28.56,6.09,Noise,Right
1707209485633,-1.08336,-0.334768,0.382104,4.55,-17.22,14.63,Noise,Right
1707209485634,-1.147776,-0.332816,0.408456,7.91,10.57,21.56,Noise,Right
1707209485680,-1.169736,-0.429928,0.356728,17.01,44.94,35.14,Noise,Right
1707209485680,-1.18828,-0.455792,0.39528,9.8,59.5,35.49,Noise,Right
1707209485680,-1.197064,-0.435784,0.382104,9.17,93.87,41.09,Noise,Right
1707209485726,-1.06872,-0.487512,0.366,8.82,132.44,42.21,Noise,Right
1707209485726,-0.654408,-0.525576,0.460672,1.4,124.39,8.75,Noise,Right
1707209485727,-0.438224,-0.460184,0.410408,-1.82,49.84,-27.37,Noise,Right
1707209485773,-0.5612,-0.260592,0.189344,0.42,-14.21,-27.02,Noise,Right
1707209485773,-0.758352,-0.081496,0.114192,10.85,-11.76,-10.57,Noise,Right
1707209485773,-0.879376,-0.0366,0.196176,12.25,-24.64,-10.15,Noise,Right
1707209485821,-0.853512,-0.115168,0.262544,4.83,-26.6,-9.52,Noise,Right
1707209485821,-0.743712,-0.170312,0.248392,3.43,-41.86,-14.0,Noise,Right
1707209485868,-0.757376,-0.237656,0.280112,3.43,-48.02,-14.84,Noise,Right
1707209485868,-0.609024,-0.230824,0.305976,6.79,-66.71,-15.33,Noise,Right
1707209485868,-0.717848,-0.232776,0.318664,12.39,-78.96,-4.62,Noise,Right
1707209485960,-0.974536,-0.2562,0.321104,14.14,-57.82,6.3,Noise,Right
1707209485960,-0.9394,-0.277672,0.38796,10.36,-42.14,-5.39,Noise,Right
1707209485961,-1.09556,-0.293776,0.350872,9.17,-33.95,-3.85,Noise,Right
1707209485961,-1.117032,-0.310856,0.38064,6.72,-20.09,-0.56,Noise,Right
1707209485961,-1.143872,-0.366976,0.391864,5.74,4.62,7.35,Noise,Right
1707209486007,-1.240496,-0.391864,0.394304,4.34,23.73,9.03,Noise,Right
1707209486007,-1.14924,-0.374296,0.366488,4.76,48.44,17.85,Noise,Right
1707209486007,-1.142896,-0.4026,0.360632,5.74,70.7,20.86,Noise,Right
1707209486053,-0.87108,-0.39284,0.339648,2.73,91.35,21.28,Noise,Right
1707209486053,-0.556808,-0.412848,0.401136,-3.01,65.87,2.66,Noise,Right
1707209486054,-0.76616,-0.313784,0.273768,-3.78,20.86,-11.34,Noise,Right
1707209486103,-0.91988,-0.24888,0.215208,-1.89,9.45,-14.14,Noise,Right
1707209486104,-0.907192,-0.216672,0.282064,0.42,-1.68,-19.32,Noise,Right
1707209486104,-0.823256,-0.187392,0.34404,2.1,-6.51,-19.46,Noise,Right
1707209486236,-0.66856,-0.14884,0.30256,2.24,-32.83,-19.39,Noise,Right
1707209486240,-0.616344,-0.205448,0.279136,1.33,-69.79,-28.56,Noise,Right
1707209486244,-0.633424,-0.254736,0.261568,-2.31,-99.54,-41.09,Noise,Right
1707209486245,-0.628544,-0.282552,0.289384,-5.6,-123.55,-50.19,Noise,Right
1707209486245,-0.69296,-0.272304,0.360144,-5.25,-133.77,-51.8,Noise,Right
1707209486246,-0.804224,-0.262056,0.416264,-1.26,-123.06,-41.16,Noise,Right
1707209486246,-0.92476,-0.208376,0.430904,7.35,-80.36,-16.8,Noise,Right
1707209486287,-1.014064,-0.227408,0.449936,15.61,14.28,21.7,Noise,Right
1707209486288,-1.091168,-0.406016,0.56852,7.56,8.19,33.46,Noise,Right
1707209486288,-1.109712,-0.392352,0.50752,2.45,9.59,19.18,Noise,Right
1707209486288,-1.086288,-0.43432,0.548024,4.06,20.3,20.09,Noise,Right
1707209486333,-1.057984,-0.4148,0.488,7.98,40.04,22.26,Noise,Right
1707209486335,-1.140456,-0.352336,0.454328,13.72,59.36,27.79,Noise,Right
1707209486452,-1.102392,-0.369904,0.465064,14.98,79.66,35.07,Noise,Right
1707209486452,-0.992592,-0.367464,0.38064,14.84,95.69,30.94,Noise,Right
1707209486452,-0.703208,-0.423584,0.413824,7.98,82.25,2.31,Noise,Right
1707209486452,-0.49776,-0.44408,0.449448,4.34,14.49,-33.67,Noise,Right
1707209486452,-0.502152,-0.34404,0.301584,3.64,-21.42,-34.51,Noise,Right
1707209486452,-0.650504,-0.216184,0.179584,11.83,-25.2,-19.6,Noise,Right
1707209486452,-0.764208,-0.176168,0.267912,10.57,-32.27,-18.27,Noise,Right
1707209486503,-0.855464,-0.122976,0.33428,5.88,-41.37,-21.42,Noise,Right
1707209486505,-0.881328,-0.136152,0.36112,4.13,-33.39,-17.15,Noise,Right
1707209486505,-0.784704,-0.19276,0.3782,3.57,-29.47,-15.12,Noise,Right
1707209486505,-0.654896,-0.177144,0.360144,4.13,-50.61,-15.89,Noise,Right
1707209486550,-0.725656,-0.24156,0.372344,9.52,-66.08,-5.53,Noise,Right
1707209486550,-0.832528,-0.303536,0.369904,14.42,-44.45,9.24,Noise,Right
1707209486598,-0.95892,-0.400648,0.422608,15.33,-4.48,33.11,Noise,Right
1707209486598,-0.974536,-0.430416,0.418216,8.54,9.8,20.23,Noise,Right
1707209486599,-1.02236,-0.372832,0.435296,3.78,19.53,12.67,Noise,Right
1707209486645,-1.062864,-0.358192,0.472384,0.49,20.16,8.89,Noise,Right
1707209486646,-1.223416,-0.319152,0.442128,2.03,37.87,13.37,Noise,Right
1707209486647,-1.173152,-0.355264,0.440176,7.7,76.58,29.75,Noise,Right
1707209486690,-0.988688,-0.369904,0.384056,6.16,93.17,26.18,Noise,Right
1707209486690,-0.723704,-0.467504,0.444568,-3.01,67.48,0.56,Noise,Right
1707209486739,-0.516304,-0.491416,0.499224,-3.29,27.09,-21.0,Noise,Right
1707209486739,-0.632448,-0.304024,0.300608,-4.2,-23.59,-35.7,Noise,Right
1707209486739,-0.88328,-0.174704,0.205936,5.95,-13.37,-18.13,Noise,Right
1707209486866,-0.979416,-0.118096,0.277672,4.97,3.08,-7.49,Noise,Right
1707209486866,-0.954528,-0.123464,0.30012,3.92,16.8,-6.58,Noise,Right
1707209486867,-0.862784,-0.196176,0.309392,2.24,19.81,-6.86,Noise,Right
1707209486867,-0.673928,-0.25132,0.321592,1.61,-0.98,-12.18,Noise,Right
1707209486867,-0.59536,-0.292312,0.2928,0.42,-41.65,-22.96,Noise,Right
1707209486867,-0.545584,-0.279624,0.308904,-2.03,-80.29,-33.67,Noise,Right
1707209486867,-0.63196,-0.2806,0.39772,-0.91,-120.89,-39.69,Noise,Right
1707209486983,-0.774944,-0.23424,0.382592,6.23,-126.42,-31.29,Noise,Right
1707209486984,-1.048712,-0.22204,0.401624,12.53,-71.75,-6.37,Noise,Right
1707209486984,-1.021384,-0.348432,0.499224,12.32,-7.49,33.74,Noise,Right
1707209486984,-1.21268,-0.357704,0.494344,0.49,-1.82,10.85,Noise,Right
1707209486984,-1.096048,-0.36844,0.5124,1.54,26.67,18.83,Noise,Right
1707209486984,-1.024312,-0.389912,0.515328,5.53,39.48,20.72,Noise,Right
1707209486984,-1.092144,-0.367464,0.477752,10.57,46.97,22.12,Noise,Right
1707209487033,-1.052616,-0.359656,0.452376,15.12,58.1,26.74,Noise,Right
1707209487034,-0.945256,-0.332816,0.423584,15.96,54.11,23.52,Noise,Right
1707209487034,-0.796416,-0.344528,0.38552,12.88,31.22,10.71,Noise,Right
1707209487086,-0.789584,-0.406504,0.349408,9.1,10.22,-7.63,Noise,Right
1707209487086,-0.7076,-0.32452,0.293288,-0.49,-6.86,-22.12,Noise,Right
1707209487086,-0.755912,-0.293288,0.293288,2.38,-26.04,-29.89,Noise,Right
1707209487191,-0.75884,-0.22204,0.30256,6.58,-7.98,-22.68,Noise,Right
1707209487192,-0.72712,-0.220088,0.38064,6.09,-7.14,-16.17,Noise,Right
1707209487192,-0.772992,-0.160064,0.362584,7.63,-18.41,-14.21,Noise,Right
1707209487192,-0.815936,-0.201544,0.403088,7.07,-20.65,-14.63,Noise,Right
1707209487192,-0.873032,-0.221552,0.388448,7.0,-17.99,-14.63,Noise,Right
1707209487192,-0.734928,-0.235704,0.4026,7.77,-19.32,-11.76,Noise,Right
1707209487239,-0.662704,-0.238144,0.38064,9.8,-45.78,-12.81,Noise,Right
1707209487239,-0.696864,-0.19764,0.367952,17.22,-52.43,-0.42,Noise,Right
1707209487239,-0.918416,-0.291824,0.352824,21.14,-22.26,27.3,Noise,Right
1707209487366,-0.959896,-0.406016,0.432856,13.02,-1.75,17.15,Noise,Right
1707209487366,-1.126792,-0.297192,0.335256,8.61,14.63,16.8,Noise,Right
1707209487366,-1.083848,-0.345992,0.494344,3.08,30.03,15.89,Noise,Right
1707209487366,-1.06384,-0.303536,0.486536,-0.98,33.74,11.62,Noise,Right
1707209487366,-1.17608,-0.327448,0.439688,6.65,59.99,21.28,Noise,Right
1707209487366,-1.124352,-0.31964,0.41236,9.45,67.41,26.39,Noise,Right
1707209487366,-0.954528,-0.275232,0.349408,6.09,66.64,21.07,Noise,Right
1707209487494,-0.691496,-0.3904,0.4392,2.24,45.92,2.31,Noise,Right
1707209487494,-0.523136,-0.443104,0.516304,-7.28,-11.9,-26.25,Noise,Right
1707209487495,-0.73444,-0.368928,0.329888,1.82,-64.96,-46.55,Noise,Right
1707209487495,-0.918416,-0.18788,0.242536,0.28,-52.22,-35.35,Noise,Right
1707209487495,-0.864736,-0.130784,0.293776,8.4,-0.07,-10.43,Noise,Right
1707209487495,-0.830576,-0.133224,0.337208,6.86,1.68,-4.27,Noise,Right
1707209487495,-0.8418,-0.162992,0.30012,4.13,3.71,-4.13,Noise,Right
1707209487496,-0.757864,-0.230824,0.314272,0.21,-7.91,-7.42,Noise,Right
1707209487544,-0.777872,-0.279136,0.33672,-2.38,-21.63,-11.41,Noise,Right
1707209487544,-0.698328,-0.269376,0.350384,-3.43,-30.38,-13.37,Noise,Right
1707209487544,-0.621712,-0.23668,0.41236,-0.63,-43.33,-11.76,Noise,Right
1707209487590,-0.687104,-0.187392,0.393816,8.26,-58.38,3.01,Noise,Right
1707209487591,-0.96136,-0.303536,0.439688,13.51,-33.04,25.48,Noise,Right
1707209487591,-1.089704,-0.29524,0.450424,6.58,-10.36,10.71,Noise,Right
1707209487637,-1.110688,-0.298656,0.478728,5.74,14.14,16.17,Noise,Right
1707209487638,-1.06384,-0.364048,0.473848,4.55,24.64,15.75,Noise,Right
1707209487638,-1.06384,-0.3294,0.474824,6.23,31.5,15.82,Noise,Right
1707209487686,-1.064328,-0.262056,0.421632,9.94,38.15,16.52,Noise,Right
1707209487687,-0.97844,-0.333792,0.403088,11.83,39.27,15.75,Noise,Right
1707209487687,-0.932568,-0.344528,0.345992,8.4,34.3,7.21,Noise,Right
1707209487733,-0.81984,-0.388448,0.39772,1.82,13.51,-33.11,Noise,Right
1707209487735,-0.6466,-0.323544,0.479216,-9.1,-12.74,-40.81,Noise,Right
1707209487786,-0.760792,-0.219112,0.365024,-7.07,-33.67,-41.51,Noise,Right
1707209487786,-0.82228,-0.209352,0.302072,5.18,-8.75,-15.33,Noise,Right
1707209487787,-0.860344,-0.24156,0.343064,6.79,2.38,-6.79,Noise,Right
1707209487903,-0.828136,-0.203008,0.345504,3.5,3.99,-5.95,Noise,Right
1707209487903,-0.767136,-0.211792,0.397232,0.91,0.21,-6.3,Noise,Right
1707209487904,-0.679784,-0.214232,0.369904,1.82,-21.49,-11.06,Noise,Right
1707209487904,-0.661728,-0.220576,0.38796,2.17,-44.87,-18.97,Noise,Right
1707209487904,-0.582184,-0.213256,0.394304,4.13,-71.61,-23.17,Noise,Right
1707209487904,-0.708088,-0.191784,0.437248,9.73,-82.95,-14.77,Noise,Right
1707209487904,-1.005768,-0.310368,0.388448,11.41,-34.65,41.65,Noise,Right
1707209487950,-1.037976,-0.469456,0.486536,11.13,-8.47,18.55,Noise,Right
1707209487950,-1.101416,-0.284992,0.411384,-6.79,-5.46,-2.31,Noise,Right
1707209487950,-1.069696,-0.293288,0.490928,-3.01,14.35,7.98,Noise,Right
1707209487996,-1.069696,-0.320616,0.515816,-1.96,27.65,12.25,Noise,Right
1707209487996,-1.10288,-0.329888,0.477264,0.84,34.51,14.84,Noise,Right
1707209487996,-1.0736,-0.328912,0.459208,4.69,50.89,20.09,Noise,Right
1707209488042,-0.990152,-0.374296,0.43676,4.06,54.46,16.94,Noise,Right
1707209488042,-0.66368,-0.371856,0.48312,0.21,43.47,-0.84,Noise,Right
1707209488042,-0.628056,-0.426024,0.450912,-1.47,0.63,-23.38,Noise,Right
1707209488089,-0.69296,-0.251808,0.358192,-2.8,-7.98,-21.84,Noise,Right
1707209488089,-0.892552,-0.227896,0.336232,7.42,-0.56,-15.05,Noise,Right
1707209488136,-0.953552,-0.203008,0.347944,3.43,16.24,-12.53,Noise,Right
1707209488136,-0.92964,-0.143472,0.337696,0.14,31.92,-6.72,Noise,Right
1707209488136,-0.78324,-0.178608,0.38064,2.66,33.88,-8.33,Noise,Right
1707209488186,-0.606584,-0.262544,0.384056,3.08,6.37,-13.79,Noise,Right
1707209488186,-0.699792,-0.273768,0.329888,1.4,-25.83,-22.19,Noise,Right
1707209488187,-0.67832,-0.29768,0.3538,0.42,-45.08,-28.84,Noise,Right
1707209488231,-0.659776,-0.292312,0.392352,-1.47,-66.43,-34.65,Noise,Right
1707209488231,-0.608048,-0.213256,0.41236,-2.38,-85.33,-37.38,Noise,Right
1707209488231,-0.718824,-0.157624,0.40504,4.2,-97.44,-20.79,Noise,Right
1707209488283,-0.930128,-0.179096,0.370392,14.28,-47.39,28.35,Noise,Right
1707209488283,-1.251232,-0.420656,0.528016,12.25,9.31,49.35,Noise,Right
1707209488283,-1.249768,-0.279136,0.537776,-4.2,32.41,12.32,Noise,Right
1707209488413,-1.172176,-0.304512,0.52704,-0.21,47.32,23.66,Noise,Right
1707209488414,-1.095072,-0.386008,0.511912,2.94,56.28,25.06,Noise,Right
1707209488414,-1.10044,-0.397232,0.44896,6.3,66.15,28.21,Noise,Right
1707209488414,-1.01748,-0.401624,0.335744,6.58,71.89,21.14,Noise,Right
1707209488414,-0.853024,-0.499712,0.356728,-4.41,75.74,5.46,Noise,Right
1707209488415,-0.420656,-0.411872,0.530944,-26.25,3.78,-37.1,Noise,Right
1707209488415,-0.479704,-0.287432,0.332816,-13.44,-75.81,-55.72,Noise,Right
1707209488466,-0.80276,-0.215696,0.270352,-0.84,-65.45,-29.54,Noise,Right
1707209488467,-0.852536,-0.233264,0.3538,2.38,-46.76,-18.9,Noise,Right
1707209488467,-0.90768,-0.183488,0.386984,0.98,-32.13,-13.93,Noise,Right
1707209488467,-0.915488,-0.198128,0.394304,0.84,-8.96,-7.63,Noise,Right
1707209488513,-0.80032,-0.242536,0.427488,-0.07,0.98,-4.69,Noise,Right
1707209488514,-0.73444,-0.298656,0.426024,1.12,-7.0,-6.79,Noise,Right
1707209488558,-0.694912,-0.313784,0.418704,3.64,-10.29,-7.63,Noise,Right
1707209488558,-0.596336,-0.267424,0.405528,10.36,-22.47,-7.7,Noise,Right
1707209488558,-0.622688,-0.190808,0.369904,17.5,-26.46,7.42,Noise,Right
1707209488606,-0.826672,-0.225944,0.311344,36.61,-4.97,51.31,Noise,Right
1707209488606,-1.00284,-0.359656,0.486536,15.26,10.5,28.21,Noise,Right
1707209488606,-1.269288,-0.144936,0.348432,7.98,22.4,2.1,Noise,Right
1707209488726,-1.147288,-0.253272,0.482144,8.19,73.08,19.46,Noise,Right
1707209488726,-1.17608,-0.150304,0.3294,19.6,90.65,23.52,Noise,Right
1707209488727,-1.169736,-0.348432,0.264984,29.33,128.8,43.33,Noise,Right
1707209488727,-0.875472,-0.408944,0.301096,11.27,97.58,25.41,Noise,Right
1707209488727,-0.650992,-0.376736,0.388448,2.59,66.43,3.29,Noise,Right
1707209488727,-0.531432,-0.38796,0.389424,10.08,-11.62,-34.09,Noise,Right
1707209488727,-0.695888,-0.355264,0.304512,5.11,-30.1,-35.7,Noise,Right
1707209488776,-0.866688,-0.262544,0.241072,21.63,-24.57,-15.19,Noise,Right
1707209488776,-1.00772,-0.244976,0.333304,28.07,8.26,2.73,Noise,Right
1707209488777,-1.143384,-0.167384,0.243024,32.34,48.72,13.86,Noise,Right
1707209488823,-0.99796,-0.175192,0.304024,34.09,85.61,24.15,Noise,Right
1707209488823,-0.896456,-0.276696,0.363072,29.68,81.13,24.43,Noise,Right
1707209488823,-0.79056,-0.276208,0.284016,18.34,48.02,7.49,Noise,Right
1707209488879,-0.881328,-0.235216,0.211792,11.97,29.61,4.76,Noise,Right
1707209488880,-0.81984,-0.211304,0.240096,8.82,21.84,5.18,Noise,Right
1707209488917,-0.95404,-0.157624,0.208376,7.77,15.05,4.69,Noise,Right
1707209488917,-0.879864,-0.147376,0.28548,13.23,20.51,5.6,Noise,Right
1707209488918,-0.785192,-0.1464,0.360632,16.52,4.55,4.27,Noise,Right
1707209488968,-0.993568,-0.089792,0.304024,17.64,-18.06,-0.91,Noise,Right
1707209488969,-0.96136,-0.040016,0.234728,16.03,-23.17,6.3,Noise,Right
1707209488969,-1.17608,-0.060024,0.193736,7.14,-19.88,11.83,Noise,Right
1707209489103,-1.205848,-0.049776,0.096624,-2.52,-8.12,7.7,Noise,Right
1707209489103,-1.232688,-0.194712,0.139568,-12.81,13.65,7.7,Noise,Right
1707209489103,-1.197552,-0.311344,0.151768,-18.41,25.97,-0.91,Noise,Right
1707209489103,-1.014064,-0.43432,0.174216,-21.7,29.68,-15.26,Noise,Right
1707209489103,-0.94916,-0.610488,0.249856,-30.1,17.15,-44.1,Noise,Right
1707209489103,-0.855952,-0.674416,0.353312,-50.96,-6.23,-71.4,Noise,Right
1707209489103,-0.76128,-0.645136,0.457744,-46.06,-83.37,-121.59,Noise,Right
1707209489148,-0.667584,-0.159576,0.196176,-46.34,-105.28,-111.93,Noise,Right
1707209489148,-0.967216,0.227896,0.03172,-13.3,-56.35,-29.12,Noise,Right
1707209489149,-1.05896,0.00244,0.226432,1.61,-25.2,4.06,Noise,Right
1707209489149,-1.053592,-0.042456,0.171288,-5.6,-4.34,5.6,Noise,Right
1707209489196,-0.976,-0.140544,0.209352,-5.18,18.69,12.88,Noise,Right
1707209489196,-0.589992,-0.222528,0.274256,-3.5,-2.24,12.6,Noise,Right
1707209489197,-0.464576,-0.272792,0.281576,2.24,-47.04,13.02,Noise,Right
1707209489243,-0.479704,-0.358192,0.2074,17.5,-77.35,38.92,Noise,Right
1707209489243,-0.867664,-0.457256,0.338184,12.25,-101.99,15.68,Noise,Right
1707209489290,-1.089216,-0.3416,0.281576,7.28,-78.12,-2.24,Noise,Right
1707209489290,-1.319552,-0.196664,0.288896,-0.84,-41.86,-10.43,Noise,Right
1707209489290,-1.279048,-0.084424,0.255224,18.55,30.87,25.62,Noise,Right
1707209489341,-1.258064,-0.373808,0.512888,10.08,72.38,38.5,Noise,Right
1707209489342,-1.09068,-0.315248,0.503128,1.75,73.15,21.28,Noise,Right
1707209489342,-0.960872,-0.34404,0.381128,3.22,64.82,15.33,Noise,Right
1707209489470,-0.832528,-0.375272,0.360632,-0.91,42.56,-4.27,Noise,Right
1707209489470,-0.696864,-0.372344,0.33184,-0.07,2.66,-19.11,Noise,Right
1707209489470,-0.782264,-0.396256,0.334768,-0.56,-40.32,-30.94,Noise,Right
1707209489470,-0.823744,-0.316224,0.33428,-1.89,-83.79,-42.91,Noise,Right
1707209489470,-0.948672,-0.225944,0.305488,-9.38,-109.97,-59.92,Noise,Right
1707209489471,-1.07848,-0.194712,0.246928,-2.31,-76.44,-40.95,Noise,Right
1707209489471,-0.820328,-0.279136,0.31232,-2.24,-66.15,-44.66,Noise,Right
1707209489541,-0.692472,-0.30012,0.330376,-9.31,-64.33,-40.6,Noise,Right
1707209489542,-0.588528,-0.146888,0.194712,2.24,-58.87,-15.89,Noise,Right
1707209489542,-0.606584,-0.257176,0.306464,14.42,-54.39,-2.03,Noise,Right
1707209489542,-0.636352,-0.255712,0.345016,19.81,-52.15,14.91,Noise,Right
1707209489542,-0.749568,-0.258152,0.415776,18.27,-48.93,21.77,Noise,Right
1707209489647,-0.915976,-0.309392,0.498248,-3.22,-73.43,-21.56,Noise,Right
1707209489647,-1.219512,-0.21228,0.403576,-4.34,-36.68,-12.46,Noise,Right
1707209489647,-1.144848,-0.244,0.45384,2.03,15.75,16.87,Noise,Right
1707209489647,-1.112152,-0.4026,0.434808,15.61,70.0,38.29,Noise,Right
1707209489648,-0.855464,-0.440176,0.543632,7.84,75.53,27.51,Noise,Right
1707209489648,-0.817888,-0.401624,0.438712,3.99,44.17,17.08,Noise,Right
1707209489695,-0.848144,-0.391376,0.430416,4.83,35.49,11.2,Noise,Right
1707209489695,-0.853024,-0.362584,0.388448,5.11,21.77,1.82,Noise,Right
1707209489695,-0.920368,-0.40504,0.374296,3.08,12.53,-7.42,Noise,Right
1707209489743,-1.064328,-0.442128,0.432856,4.48,32.48,-6.79,Noise,Right
1707209489743,-0.90524,-0.54656,0.5612,6.44,46.13,-25.34,Noise,Right
1707209489743,-0.650504,-0.382592,0.63928,-7.21,7.28,-57.33,Noise,Right
1707209489789,-0.72712,-0.203008,0.454816,-14.42,-41.02,-47.04,Noise,Right
1707209489790,-0.736392,-0.105896,0.294752,1.61,-42.42,-10.99,Noise,Right
1707209489838,-0.691496,-0.054656,0.281088,16.59,-29.61,17.85,Noise,Right
1707209489838,-0.750056,-0.142496,0.253272,19.39,-39.2,22.4,Noise,Right
1707209489838,-0.815448,-0.113704,0.204472,18.13,-52.29,9.17,Noise,Right
1707209489885,-0.901824,-0.186416,0.297192,5.04,-37.87,17.5,Noise,Right
1707209489885,-0.97112,-0.23424,0.318176,-3.08,-18.9,11.55,Noise,Right
1707209489886,-1.057008,-0.352336,0.235216,18.34,23.31,36.96,Noise,Right
1707209489940,-0.961848,-0.406504,0.491904,4.48,42.77,33.04,Noise,Right
1707209489944,-1.006256,-0.286944,0.421144,7.7,56.63,35.84,Noise,Right
1707209489944,-0.960872,-0.454328,0.517768,7.14,78.96,49.28,Noise,Right
1707209489985,-0.872544,-0.443104,0.59292,-1.75,58.03,13.16,Noise,Right
1707209489985,-0.98088,-0.363072,0.418216,4.62,45.43,3.78,Noise,Right
1707209489985,-0.906216,-0.368928,0.387472,3.57,52.36,-8.47,Noise,Right
1707209490039,-0.88084,-0.446032,0.399672,-1.89,28.21,-31.15,Noise,Right
1707209490039,-0.686616,-0.438712,0.532896,-10.78,-19.67,-59.01,Noise,Right
1707209490039,-0.637328,-0.349896,0.433344,-26.18,-92.75,-93.73,Noise,Right
1707209490085,-0.836432,-0.215208,0.315736,-20.37,-125.51,-78.68,Noise,Right
1707209490086,-0.94672,-0.039528,0.24888,-3.22,-66.08,-28.07,Noise,Right
1707209490086,-0.85644,-0.186416,0.356728,11.34,-23.1,-3.85,Noise,Right
1707209490228,-0.810568,-0.19032,0.34404,6.58,-13.72,-1.82,Noise,Right
1707209490228,-0.911096,-0.221064,0.334768,3.64,-8.05,0.07,Noise,Right
1707209490228,-0.898408,-0.208376,0.35868,0.28,10.22,7.07,Noise,Right
1707209490228,-0.69296,-0.159088,0.359656,3.29,14.91,18.76,Noise,Right
1707209490228,-0.6954,-0.223992,0.30988,12.67,14.21,40.67,Noise,Right
1707209490229,-0.645136,-0.360632,0.418216,9.24,-12.25,35.7,Noise,Right
1707209490229,-0.83204,-0.308904,0.29524,6.86,-33.32,10.01,Noise,Right
1707209490362,-1.025776,-0.3782,0.343064,20.58,25.34,34.16,Noise,Right
1707209490362,-1.01504,-0.315248,0.358192,13.93,39.9,32.76,Noise,Right
1707209490362,-1.054568,-0.391376,0.456768,12.6,54.39,43.96,Noise,Right
1707209490362,-1.138504,-0.375272,0.549,-4.9,44.8,14.35,Noise,Right
1707209490362,-1.153144,-0.268888,0.449936,-0.49,60.83,14.63,Noise,Right
1707209490362,-1.098,-0.33916,0.47092,4.27,75.95,12.95,Noise,Right
1707209490362,-0.965752,-0.3172,0.380152,2.31,84.14,-1.12,Noise,Right
1707209490363,-0.577304,-0.426024,0.535824,-0.7,38.57,-26.46,Noise,Right
1707209490411,-0.566568,-0.41724,0.422608,-21.28,-55.79,-64.12,Noise,Right
1707209490411,-0.863272,-0.243024,0.147376,-0.77,-100.59,-61.32,Noise,Right
1707209490411,-1.032608,-0.210328,0.23424,0.63,-53.27,-29.05,Noise,Right
1707209490412,-1.033096,-0.244976,0.269376,2.38,-7.21,-10.01,Noise,Right
1707209490467,-1.020896,-0.240096,0.317688,-2.59,21.28,-10.22,Noise,Right
1707209490468,-0.801784,-0.209352,0.381616,-3.29,34.93,-12.81,Noise,Right
1707209490471,-0.685152,-0.228384,0.376736,-5.11,11.55,-10.57,Noise,Right
1707209490566,-0.688568,-0.210328,0.266448,5.81,1.19,-2.45,Noise,Right
1707209490567,-0.622688,-0.30988,0.291824,10.01,-23.87,-7.21,Noise,Right
1707209490567,-0.654408,-0.259616,0.259616,8.82,-45.29,-12.04,Noise,Right
1707209490567,-0.643184,-0.194712,0.183976,15.54,-54.39,-3.22,Noise,Right
1707209490567,-0.74664,-0.238632,0.262056,11.62,-30.38,46.13,Noise,Right
1707209490567,-0.936472,-0.360632,0.406504,-6.51,-67.55,-8.61,Noise,Right
1707209490612,-1.246352,-0.152256,0.27816,-9.94,-31.08,-10.22,Noise,Right
1707209490612,-1.201456,-0.245952,0.423584,-1.47,5.11,17.29,Noise,Right
1707209490612,-1.134112,-0.322568,0.38308,9.31,57.26,43.26,Noise,Right
1707209490668,-1.040904,-0.357704,0.512888,0.98,60.83,27.93,Noise,Right
1707209490668,-0.994544,-0.312808,0.415288,4.62,73.78,35.56,Noise,Right
1707209490668,-0.870104,-0.409432,0.43432,3.36,67.41,20.65,Noise,Right
1707209490739,-0.837408,-0.37088,0.35136,6.86,47.32,12.74,Noise,Right
1707209490740,-0.901336,-0.34892,0.257664,13.23,41.3,9.66,Noise,Right
1707209490740,-1.043832,-0.31964,0.277672,17.01,55.09,16.59,Noise,Right
1707209490788,-0.976,-0.304512,0.3294,25.9,85.12,27.86,Noise,Right
1707209490788,-1.019432,-0.359656,0.3294,28.07,85.61,21.49,Noise,Right
1707209490789,-0.982832,-0.352824,0.264496,14.7,83.02,-0.14,Noise,Right
1707209490789,-0.88328,-0.34648,0.262056,-3.01,59.92,-41.02,Noise,Right
1707209490843,-0.642208,-0.266448,0.274256,-21.0,-2.31,-72.59,Noise,Right
1707209490843,-0.630496,-0.038552,0.095648,-23.59,-58.38,-62.02,Noise,Right
1707209490843,-0.65392,0.01708,0.089304,0.0,-66.71,-19.88,Noise,Right
1707209490893,-0.649528,-0.138592,0.171288,7.07,-98.63,-16.94,Noise,Right
1707209490893,-0.733464,-0.126392,0.20008,-2.94,-98.0,-0.35,Noise,Right
1707209490894,-0.845216,-0.106384,0.16348,8.47,-117.04,0.07,Noise,Right
1707209490945,-0.987224,-0.234728,0.366,-6.3,-106.68,-3.57,Noise,Right
1707209490945,-1.077016,-0.215208,0.284016,-8.4,-79.31,-3.57,Noise,Right
1707209490945,-1.100928,-0.30744,0.366976,-10.36,-40.46,1.96,Noise,Right
1707209491003,-0.987712,-0.349896,0.3904,-10.71,-20.09,2.8,Noise,Right
1707209491005,-1.060424,-0.256688,0.300608,-2.45,-1.68,12.32,Noise,Right
1707209491005,-1.173152,-0.22692,0.271328,4.06,33.18,21.84,Noise,Right
1707209491008,-0.998936,-0.38552,0.401136,3.71,62.23,37.1,Noise,Right
1707209491052,-0.887672,-0.476776,0.450424,-0.77,45.92,14.77,Noise,Right
1707209491052,-0.86864,-0.508984,0.408456,0.98,33.53,-1.75,Noise,Right
1707209491053,-0.896944,-0.54412,0.42212,7.35,16.66,-16.38,Noise,Right
1707209491109,-0.813008,-0.586088,0.464576,10.15,3.99,-34.86,Noise,Right
1707209491109,-0.80032,-0.574864,0.5002,-3.99,-37.17,-67.83,Noise,Right
1707209491109,-0.687592,-0.20496,0.40016,-17.92,-73.92,-69.16,Noise,Right
1707209491157,-0.9272,-0.03416,0.291824,-10.64,-60.48,-35.91,Noise,Right
1707209491157,-0.88572,0.02928,0.235704,7.49,-31.5,-6.37,Noise,Right
1707209491157,-0.882304,-0.069784,0.268888,10.78,-26.95,1.82,Noise,Right
1707209491209,-0.81496,-0.119072,0.239608,0.77,-29.47,3.15,Noise,Right
1707209491209,-0.704184,-0.06832,0.259128,0.28,-40.04,15.61,Noise,Right
1707209491209,-0.772992,-0.192272,0.2928,5.6,-45.64,25.83,Noise,Right
1707209491284,-0.782264,-0.393328,0.438224,7.84,-48.3,27.3,Noise,Right
1707209491285,-0.912072,-0.38796,0.37576,8.05,-48.51,7.98,Noise,Right
1707209491285,-0.96136,-0.303536,0.406504,19.39,-17.43,22.12,Noise,Right
1707209491285,-0.971608,-0.411384,0.545584,13.86,5.18,31.78,Noise,Right
1707209491330,-0.997472,-0.373808,0.531432,2.8,-3.01,8.75,Noise,Right
1707209491330,-1.159488,-0.325008,0.465552,1.12,14.21,5.6,Noise,Right
1707209491330,-1.055056,-0.311832,0.450424,3.78,35.42,10.5,Noise,Right
1707209491387,-0.951112,-0.355752,0.4026,0.21,49.42,4.13,Noise,Right
1707209491387,-0.823256,-0.439688,0.404552,-3.64,47.81,-7.35,Noise,Right
1707209491387,-0.709552,-0.476288,0.454816,-5.32,27.93,-21.14,Noise,Right
1707209491488,-0.707112,-0.60024,0.511424,-3.36,-17.29,-55.65,Noise,Right
1707209491488,-0.79788,-0.450424,0.454816,-13.72,-20.93,-59.01,Noise,Right
1707209491488,-0.943792,-0.259616,0.422608,-9.38,13.65,-20.65,Noise,Right
1707209491488,-0.973072,-0.1342,0.334768,5.67,33.04,-5.04,Noise,Right
1707209491488,-0.995032,-0.10248,0.357704,5.53,54.11,4.62,Noise,Right
1707209491489,-0.859368,-0.097112,0.327448,-2.1,46.9,6.02,Noise,Right
1707209491535,-0.752984,-0.03172,0.22204,0.0,23.52,10.22,Noise,Right
1707209491536,-0.672464,-0.1342,0.255224,5.25,8.47,15.75,Noise,Right
1707209491537,-0.44164,-0.089792,0.221064,9.66,-48.51,19.32,Noise,Right
1707209491587,-0.626104,-0.15128,0.335256,9.03,-60.97,29.96,Noise,Right
1707209491588,-0.884256,-0.325496,0.360144,-0.28,-71.12,7.56,Noise,Right
1707209491588,-0.969168,-0.288896,0.307928,-7.77,-52.85,-5.39,Noise,Right
1707209491690,-1.016992,-0.370392,0.3538,-8.33,-16.73,2.24,Noise,Right
1707209491691,-1.042368,-0.284016,0.377224,-3.5,-2.24,5.18,Noise,Right
1707209491691,-1.07604,-0.299144,0.406992,0.0,18.13,15.05,Noise,Right
1707209491691,-1.117032,-0.32208,0.434808,0.0,30.8,20.16,Noise,Right
1707209491691,-1.001376,-0.426024,0.505568,-5.95,36.54,16.38,Noise,Right
1707209491691,-0.857416,-0.366976,0.34648,-2.94,19.81,2.03,Noise,Right
1707209491736,-0.762744,-0.44652,0.417728,-3.36,5.95,-8.05,Noise,Right
1707209491736,-0.693936,-0.430904,0.470432,-3.5,-36.12,-31.22,Noise,Right
1707209491737,-0.78324,-0.53436,0.460184,-3.71,-75.11,-55.02,Noise,Right
1707209491784,-0.964776,-0.365512,0.466528,-31.99,-76.93,-73.78,Noise,Right
1707209491784,-0.754448,-0.186904,0.355752,-9.8,-53.62,-55.72,Noise,Right
1707209491836,-0.82228,-0.148352,0.389424,4.13,-11.34,-18.62,Noise,Right
1707209491836,-0.685152,-0.184464,0.350384,20.58,11.76,3.01,Noise,Right
1707209491837,-0.635864,-0.184952,0.35868,19.67,-5.25,4.48,Noise,Right
1707209491952,-0.598776,-0.116632,0.337208,17.71,-21.7,20.16,Noise,Right
1707209491952,-0.738832,-0.186904,0.350384,16.66,-36.19,28.7,Noise,Right
1707209491952,-1.001864,-0.273768,0.441152,0.28,-44.31,-6.09,Noise,Right
1707209491952,-1.075064,-0.177144,0.352824,3.92,-10.78,12.81,Noise,Right
1707209491952,-1.051152,-0.244,0.43432,5.88,17.15,22.68,Noise,Right
1707209491953,-1.0492,-0.311832,0.441152,10.64,40.25,33.81,Noise,Right
1707209491953,-0.976,-0.37332,0.477752,4.13,50.12,29.82,Noise,Right
1707209492000,-0.891088,-0.399672,0.4758,0.77,51.87,26.67,Noise,Right
1707209492000,-0.742248,-0.44408,0.454328,4.48,43.75,20.65,Noise,Right
1707209492000,-0.73932,-0.426024,0.430904,3.43,13.58,0.14,Noise,Right
1707209492057,-0.74908,-0.3782,0.488976,7.63,-4.34,-8.12,Noise,Right
1707209492061,-0.85156,-0.398696,0.441152,10.5,-9.17,-10.5,Noise,Right
1707209492061,-1.013576,-0.384056,0.518256,9.94,-9.03,-17.01,Noise,Right
1707209492099,-0.990152,-0.36844,0.533384,7.0,1.54,-21.56,Noise,Right
1707209492099,-0.929152,-0.349896,0.545584,-5.6,2.94,-35.63,Noise,Right
1707209492100,-0.824232,-0.189344,0.475312,-24.99,-10.64,-50.61,Noise,Right
1707209492205,-0.748104,-0.07564,0.29768,-15.61,-17.57,-38.5,Noise,Right
1707209492205,-0.66368,-0.01464,0.186904,0.7,-11.34,-8.26,Noise,Right
1707209492205,-0.618296,-0.182512,0.227408,9.31,-28.28,-3.92,Noise,Right
1707209492205,-0.529968,-0.20008,0.267424,-2.87,-54.74,7.28,Noise,Right
1707209492205,-0.76128,-0.189344,0.262544,3.43,-69.02,10.78,Noise,Right
1707209492205,-0.816912,-0.393328,0.444568,-7.35,-59.92,15.54,Noise,Right
1707209492253,-1.018944,-0.278648,0.490928,-14.14,-54.46,-3.01,Noise,Right
1707209492253,-1.107272,-0.090768,0.482144,2.45,-16.45,14.98,Noise,Right
1707209492253,-1.131672,-0.352336,0.630008,7.98,26.11,30.24,Noise,Right
1707209492297,-1.131184,-0.378688,0.625128,12.18,56.84,35.49,Noise,Right
1707209492297,-1.15168,-0.34892,0.530456,18.97,81.83,42.56,Noise,Right
1707209492297,-0.86376,-0.414312,0.518744,10.22,81.34,26.25,Noise,Right
1707209492352,-0.864736,-0.478728,0.435296,7.84,62.65,8.75,Noise,Right
1707209492353,-0.678808,-0.481656,0.480192,4.76,42.07,-12.39,Noise,Right
1707209492353,-0.53924,-0.501664,0.50264,-3.01,-17.36,-41.44,Noise,Right
1707209492485,-0.698816,-0.284992,0.46848,-26.25,-72.38,-74.13,Noise,Right
1707209492485,-0.891576,-0.22204,0.191296,-4.9,-57.89,-45.64,Noise,Right
1707209492486,-0.840824,-0.219112,0.303536,7.07,-2.45,-10.43,Noise,Right
1707209492486,-0.82472,-0.218624,0.37332,9.73,12.53,-1.47,Noise,Right
1707209492486,-0.889136,-0.183488,0.345016,4.27,11.27,-2.59,Noise,Right
1707209492486,-0.88816,-0.157624,0.350384,0.28,16.1,0.98,Noise,Right
1707209492486,-0.738344,-0.205448,0.350872,-1.12,18.55,11.62,Noise,Right
1707209492532,-0.640744,-0.137616,0.402112,1.82,5.39,24.01,Noise,Right
1707209492532,-0.619272,-0.245952,0.409432,9.03,-18.34,22.4,Noise,Right
1707209492532,-0.874008,-0.3538,0.401136,5.95,-40.53,0.21,Noise,Right
1707209492587,-0.957456,-0.325008,0.385032,-0.07,-22.75,-7.14,Noise,Right
1707209492588,-1.021872,-0.254736,0.366976,1.19,-8.89,-6.86,Noise,Right
1707209492588,-1.101416,-0.308416,0.386496,6.65,24.99,-0.35,Noise,Right
1707209492706,-1.097512,-0.27084,0.398696,3.92,39.97,3.22,Noise,Right
1707209492706,-1.000888,-0.299144,0.34892,8.19,52.22,10.71,Noise,Right
1707209492707,-0.872544,-0.405528,0.380152,-0.7,41.79,-4.41,Noise,Right
1707209492707,-0.710528,-0.408456,0.471408,-5.95,32.97,-14.49,Noise,Right
1707209492707,-0.584136,-0.412848,0.426512,-3.64,-0.21,-35.63,Noise,Right
1707209492707,-0.66368,-0.351848,0.325008,-0.28,-17.57,-41.86,Noise,Right
1707209492707,-0.780312,-0.307928,0.329888,0.07,-22.54,-44.1,Noise,Right
1707209492828,-0.873032,-0.244,0.306952,-2.87,-10.15,-45.99,Noise,Right
1707209492828,-0.947696,-0.183,0.295728,-3.99,13.72,-45.85,Noise,Right
1707209492828,-0.926224,-0.223504,0.342088,-5.81,44.94,-40.81,Noise,Right
1707209492829,-0.92232,-0.171776,0.303048,-8.47,69.58,-41.65,Noise,Right
1707209492829,-0.813984,-0.259616,0.321104,-11.83,87.15,-39.34,Noise,Right
1707209492829,-0.83936,-0.373808,0.235216,-6.86,81.34,-40.25,Noise,Right
1707209492829,-0.84668,-0.460184,0.222528,-5.74,72.59,-41.65,Noise,Right
1707209492877,-0.88816,-0.4758,0.272792,-15.19,130.76,-28.21,Noise,Right
1707209492877,-0.76616,-0.637816,0.276208,-11.55,163.45,-18.9,Noise,Right
1707209492877,-0.793976,-0.540704,0.231312,-7.84,76.44,-26.32,Noise,Right
1707209493026,-0.94672,-0.382104,0.16104,-9.31,47.53,-30.24,Noise,Right
1707209493027,-0.998936,-0.34892,0.068808,-6.02,78.33,-21.84,Noise,Right
1707209493027,-0.987224,-0.431392,0.078568,-2.73,110.6,-7.7,Noise,Right
1707209493027,-0.969656,-0.454328,0.064416,-12.18,139.86,-8.82,Noise,Right
1707209493027,-1.02724,-0.5856,0.012688,-29.75,150.71,-13.86,Noise,Right
1707209493027,-0.96136,-0.457744,-0.302072,-65.8,251.37,-5.46,Noise,Right
1707209493080,-1.056032,-0.708576,-0.327448,-120.12,245.28,-25.27,Noise,Right
1707209493080,-0.898896,-0.589016,-0.387472,-114.87,257.53,-55.58,Noise,Right
1707209493080,-0.69052,-0.369416,-0.369904,-91.77,227.43,-34.3,Noise,Right
1707209493137,-0.47824,-0.433344,-0.482632,-35.98,154.7,-5.04,Noise,Right
1707209493138,-0.576816,-0.54656,-0.519232,-26.88,113.89,0.14,Noise,Right
1707209493138,-0.608536,-0.526552,-0.55876,-31.08,82.88,-22.4,Noise,Right
1707209493184,-0.657824,-0.401136,-0.666608,-31.5,72.94,-37.87,Noise,Right
1707209493185,-0.682224,-0.2928,-0.679784,-34.02,77.0,-41.02,Noise,Right
1707209493185,-0.71004,-0.316712,-0.681248,-26.25,142.87,-31.43,Noise,Right
1707209493229,-0.532408,-0.505568,-0.667584,-27.65,77.91,-41.93,Noise,Right
1707209493229,-0.782264,-0.282552,-0.799344,-23.52,96.04,-42.84,Noise,Right
1707209493229,-0.463112,-0.535336,-0.761768,-20.02,89.46,-47.67,Noise,Right
1707209493274,-0.443592,-0.554368,-0.740296,-17.22,88.48,-58.03,Noise,Right
1707209493275,-0.361608,-0.63928,-0.738832,-17.57,60.41,-67.06,Noise,Right
1707209493275,-0.399184,-0.597312,-0.833992,-22.33,58.94,-71.47,Noise,Right
1707209493328,-0.406016,-0.5734,-0.835944,-23.31,74.06,-72.59,Noise,Right
1707209493328,-0.321592,-0.453352,-0.69784,-11.41,42.14,-72.31,Noise,Right
1707209493385,-0.452864,-0.66612,-0.82228,-16.31,53.62,-76.51,Noise,Right
1707209493385,-0.288896,-0.388936,-0.818376,-21.56,79.94,-64.19,Noise,Right
1707209493385,-0.364048,-0.428464,-0.896456,-14.77,80.57,-61.39,Noise,Right
1707209493385,-0.334768,-0.299632,-0.908656,-3.92,115.29,-54.53,Noise,Right
1707209493430,-0.242048,-0.333792,-0.789584,15.68,121.17,-46.97,Noise,Right
1707209493430,-0.252296,-0.347456,-0.80276,31.22,81.06,-50.47,Noise,Right
1707209493430,-0.357216,-0.306952,-0.856928,27.93,117.67,-41.58,Noise,Right
1707209493482,-0.406992,-0.271328,-0.854488,16.52,177.52,-23.8,Noise,Right
1707209493482,-0.269864,-0.303048,-0.815448,8.33,243.74,-2.94,Noise,Right
1707209493482,-0.049776,-0.467504,-0.754936,9.52,242.13,6.93,Noise,Right
1707209493613,-0.003416,-0.559736,-0.696376,14.91,170.73,7.63,Noise,Right
1707209493613,0.077592,-0.50508,-0.759328,18.55,94.64,-1.33,Noise,Right
1707209493613,-0.011224,-0.4392,-0.8784,19.74,68.74,-1.19,Noise,Right
1707209493613,0.045872,-0.505568,-0.845704,16.66,81.2,11.34,Noise,Right
1707209493615,0.058072,-0.54656,-0.80032,17.08,52.99,9.38,Noise,Right
1707209493615,0.125416,-0.529968,-0.765672,16.87,21.42,6.72,Noise,Right
1707209493615,0.152744,-0.526552,-0.68564,15.26,-13.3,-2.87,Noise,Right
1707209493664,0.204472,-0.523624,-0.74908,19.04,-84.91,-15.12,Noise,Right
1707209493664,-0.10004,-0.455792,-0.6954,7.7,-108.08,-11.2,Noise,Right
1707209493665,-0.094184,-0.447984,-0.909632,24.64,-79.38,-14.84,Noise,Right
1707209493665,0.017568,-0.613416,-0.921832,9.87,-45.29,-7.84,Noise,Right
1707209493715,-0.02928,-0.404064,-0.7808,-34.93,-24.64,-6.23,Noise,Right
1707209493715,-0.032696,-0.460672,-0.904264,-21.07,-23.59,2.52,Noise,Right
1707209493715,-0.032696,-0.47824,-0.926712,-13.3,-27.02,-12.25,Noise,Right
1707209493763,0.038064,-0.664656,-0.83692,-25.06,0.49,22.47,Noise,Right
1707209493764,0.024888,-0.553392,-1.125328,3.92,-11.48,-1.4,Noise,Right
1707209493846,0.01708,-0.661728,-0.997472,-1.54,1.82,1.19,Noise,Right
1707209493847,0.018544,-0.671488,-1.138992,8.54,7.07,3.99,Noise,Right
1707209493847,-0.052216,-0.66368,-1.096536,5.18,19.6,6.86,Noise,Right
1707209493847,-0.01708,-0.609512,-1.197552,3.01,51.17,17.57,Noise,Right
1707209493847,-0.0244,-0.51484,-1.01992,6.37,82.11,24.22,Noise,Right
1707209493898,0.089792,-0.640744,-0.709064,11.2,70.42,4.62,Noise,Right
1707209493898,0.137616,-0.635864,-0.64416,11.9,7.98,-12.95,Noise,Right
1707209493898,0.012688,-0.460184,-0.791048,3.08,-9.03,-6.23,Noise,Right
1707209493961,0.022936,-0.425536,-0.75884,-19.18,9.1,-1.96,Noise,Right
1707209493961,-0.025864,-0.400648,-0.787144,-18.34,7.28,-3.22,Noise,Right
1707209493962,0.013176,-0.4148,-0.811544,-13.65,21.0,2.94,Noise,Right
1707209493962,0.056608,-0.447496,-0.789584,-6.3,25.83,7.56,Noise,Right
1707209494089,0.023424,-0.485072,-0.762744,2.24,23.52,10.92,Noise,Right
1707209494089,0.033184,-0.48312,-0.711016,7.0,35.84,19.18,Noise,Right
1707209494089,0.16592,-0.490928,-0.626104,10.71,16.8,13.86,Noise,Right
1707209494089,0.193736,-0.442128,-0.655384,15.54,-34.23,2.8,Noise,Right
1707209494090,0.122976,-0.408456,-0.688568,18.76,-67.13,-5.88,Noise,Right
1707209494090,-0.014152,-0.453352,-0.773968,19.6,-84.91,-8.68,Noise,Right
1707209494090,-0.054168,-0.455792,-0.874984,12.25,-79.52,-5.81,Noise,Right
1707209494139,-0.071736,-0.352336,-1.0126,-23.24,-57.05,-2.52,Noise,Right
1707209494139,-0.056608,-0.333792,-1.062864,7.77,-40.04,-4.06,Noise,Right
1707209494139,-0.1098,-0.502152,-0.915,-4.27,-23.1,2.73,Noise,Right
1707209494253,-0.094184,-0.542656,-0.87108,-9.8,-14.21,5.32,Noise,Right
1707209494255,-0.022448,-0.694424,-0.966728,-11.97,14.56,16.87,Noise,Right
1707209494255,-0.034648,-0.708576,-1.09312,2.87,10.15,15.82,Noise,Right
1707209494255,-0.055144,-0.631472,-1.159488,-0.21,27.93,17.99,Noise,Right
1707209494255,-0.005856,-0.622688,-1.09556,-4.34,42.56,18.83,Noise,Right
1707209494255,-0.037088,-0.561688,-1.138016,-1.4,49.91,25.48,Noise,Right
1707209494256,-0.039528,-0.55876,-1.037488,-11.76,87.01,33.32,Noise,Right
1707209494305,0.088816,-0.55144,-0.752496,-20.93,103.18,29.26,Noise,Right
1707209494305,0.292312,-0.574376,-0.664656,1.47,45.29,15.82,Noise,Right
1707209494306,0.152256,-0.492392,-0.80764,-10.43,6.65,6.37,Noise,Right
1707209494352,0.070272,-0.44896,-0.764696,-27.79,10.99,-1.68,Noise,Right
1707209494352,0.04636,-0.398696,-0.792024,-25.62,12.46,-1.75,Noise,Right
1707209494352,0.055632,-0.403088,-0.791048,-20.09,17.64,1.47,Noise,Right
1707209494398,0.061976,-0.44896,-0.755424,-12.46,25.41,4.13,Noise,Right
1707209494399,0.106384,-0.437736,-0.731512,-5.88,26.46,4.83,Noise,Right
1707209494399,0.10736,-0.445544,-0.677832,2.87,24.78,4.27,Noise,Right
1707209494444,0.20496,-0.468968,-0.601216,12.25,1.26,-2.59,Noise,Right
1707209494445,0.181048,-0.433832,-0.625616,21.35,-42.35,-14.98,Noise,Right
1707209494490,0.09516,-0.426512,-0.648552,29.33,-73.29,-23.52,Noise,Right
1707209494491,0.058072,-0.42456,-0.747616,33.88,-97.37,-29.75,Noise,Right
1707209494491,-0.04392,-0.427976,-0.846192,28.49,-92.61,-30.66,Noise,Right
1707209494534,-0.077592,-0.386008,-0.913536,-4.41,-65.1,-16.94,Noise,Right
1707209494535,-0.210328,-0.281088,-1.074576,34.16,-68.53,-29.33,Noise,Right
1707209494535,-0.088816,-0.471896,-0.918416,5.74,-35.77,-16.03,Noise,Right
1707209494583,-0.060024,-0.513864,-0.974048,14.77,-46.83,-6.58,Noise,Right
1707209494583,-0.030256,-0.533872,-1.056032,11.76,-33.32,-3.5,Noise,Right
1707209494583,-0.052216,-0.652456,-1.0736,3.01,-16.24,-0.7,Noise,Right
1707209494662,-0.08052,-0.646112,-1.142896,-0.98,-2.94,16.8,Noise,Right
1707209494662,-0.09028,-0.611464,-1.188768,-7.35,19.39,8.26,Noise,Right
1707209494662,-0.135176,-0.609024,-1.161928,-11.83,44.45,13.93,Noise,Right
1707209494662,-0.12444,-0.503128,-1.139968,-25.27,78.82,19.74,Noise,Right
1707209494767,-0.067344,-0.502152,-1.073112,-28.7,107.8,33.04,Noise,Right
1707209494768,0.066856,-0.600728,-0.73932,-34.58,111.72,32.34,Noise,Right
1707209494768,0.309392,-0.550464,-0.703208,-31.36,57.26,13.23,Noise,Right
1707209494768,0.147376,-0.471896,-0.793488,-27.23,12.74,2.38,Noise,Right
1707209494768,0.113704,-0.471896,-0.753472,-26.25,9.03,0.7,Noise,Right
1707209494768,0.087352,-0.386984,-0.765184,-24.92,9.8,-1.26,Noise,Right
1707209494815,0.094184,-0.360632,-0.7686,-19.25,20.58,-0.56,Noise,Right
1707209494815,0.144448,-0.37332,-0.721264,-12.11,24.36,-2.52,Noise,Right
1707209494815,0.179096,-0.42456,-0.689544,-2.8,12.11,-6.86,Noise,Right
1707209494866,0.138592,-0.40504,-0.663192,5.88,-11.83,-13.58,Noise,Right
1707209494866,0.136152,-0.40016,-0.628544,16.31,-30.24,-17.92,Noise,Right
1707209494866,0.108336,-0.378688,-0.671488,27.37,-59.01,-25.83,Noise,Right
1707209494971,-0.017568,-0.392352,-0.738344,32.76,-65.8,-27.58,Noise,Right
1707209494972,0.03416,-0.4148,-0.754448,31.57,-70.21,-28.49,Noise,Right
1707209494973,0.007808,-0.431392,-0.779336,2.87,-76.09,-25.34,Noise,Right
1707209494973,-0.079544,-0.25864,-0.864248,13.86,-66.64,-29.05,Noise,Right
1707209494973,0.003416,-0.3538,-0.91012,26.6,-63.07,-31.5,Noise,Right
1707209494973,-0.095648,-0.462624,-0.912072,22.75,-63.91,-27.23,Noise,Right
1707209495016,-0.157624,-0.501176,-1.078968,32.83,-49.98,-16.59,Noise,Right
1707209495016,-0.191296,-0.567056,-1.14192,23.31,-23.73,-5.04,Noise,Right
1707209495016,-0.135176,-0.593896,-1.156072,12.32,-2.66,3.43,Noise,Right
1707209495069,-0.116144,-0.59536,-1.208288,2.66,15.68,9.94,Noise,Right
1707209495069,-0.115656,-0.594872,-1.200968,-8.54,39.62,17.99,Noise,Right
1707209495069,-0.0732,-0.557296,-1.169248,-16.52,62.51,22.05,Noise,Right
1707209495178,-0.042456,-0.507032,-1.184376,-25.9,76.23,30.17,Noise,Right
1707209495178,-0.006832,-0.492392,-1.084336,-29.26,101.36,38.36,Noise,Right
1707209495178,0.081008,-0.61,-0.692472,-29.47,111.58,39.41,Noise,Right
1707209495179,0.260592,-0.615368,-0.740296,-20.16,41.58,20.72,Noise,Right
1707209495179,0.156648,-0.44408,-0.796904,-29.26,13.72,12.88,Noise,Right
1707209495179,0.127856,-0.352336,-0.7808,-31.78,11.34,7.42,Noise,Right
1707209495277,0.095648,-0.31232,-0.787144,-28.49,17.78,7.98,Noise,Right
1707209495277,0.099552,-0.34648,-0.73444,-20.65,23.31,5.11,Noise,Right
1707209495277,0.10492,-0.363072,-0.722728,-11.9,17.85,3.5,Noise,Right
1707209495277,0.14396,-0.449936,-0.621712,-1.26,8.96,1.12,Noise,Right
1707209495279,0.220576,-0.398696,-0.61,6.44,-22.68,-7.49,Noise,Right
1707209495279,0.146888,-0.398696,-0.58072,19.74,-64.19,-18.97,Noise,Right
1707209495328,0.023912,-0.369904,-0.673928,27.79,-88.41,-25.55,Noise,Right
1707209495328,-0.018056,-0.406504,-0.732,34.58,-93.52,-26.6,Noise,Right
1707209495328,-0.006832,-0.445544,-0.824232,27.23,-88.83,-25.34,Noise,Right
1707209495328,0.018056,-0.3416,-0.754936,-7.21,-65.66,-13.44,Noise,Right
1707209495379,-0.117608,-0.245952,-1.098,30.31,-65.59,-24.15,Noise,Right
1707209495379,-0.166896,-0.382104,-0.973072,19.39,-42.35,-20.72,Noise,Right
1707209495485,-0.166896,-0.443592,-1.007232,18.55,-32.13,-10.71,Noise,Right
1707209495485,-0.187392,-0.539728,-1.09068,17.57,-16.94,1.61,Noise,Right
1707209495485,-0.142496,-0.573888,-1.161928,13.72,4.55,9.38,Noise,Right
1707209495486,-0.105408,-0.530456,-1.167296,7.0,26.32,16.17,Noise,Right
1707209495486,-0.025864,-0.591456,-1.148264,2.17,33.88,20.16,Noise,Right
1707209495486,-0.005856,-0.508496,-1.218536,-1.19,57.61,24.71,Noise,Right
1707209495533,-0.054168,-0.487512,-1.166808,-10.71,92.68,30.1,Noise,Right
1707209495533,0.04636,-0.508008,-0.89792,-11.83,108.57,34.16,Noise,Right
1707209495533,0.348432,-0.674416,-0.704672,3.57,63.0,21.63,Noise,Right
1707209495575,0.173728,-0.55876,-0.834968,-12.04,-1.26,-1.68,Noise,Right
1707209495575,0.053192,-0.453352,-0.838384,-23.73,5.25,-5.67,Noise,Right
1707209495576,0.02684,-0.411872,-0.848632,-23.59,4.69,-7.07,Noise,Right
1707209495621,0.017568,-0.357216,-0.855952,-21.07,13.79,-3.5,Noise,Right
1707209495621,0.032696,-0.370392,-0.823744,-16.31,17.22,-3.78,Noise,Right
1707209495622,0.037576,-0.386008,-0.732488,-10.36,22.4,-1.82,Noise,Right
1707209495667,0.118584,-0.416264,-0.66856,-4.06,4.83,-5.04,Noise,Right
1707209495667,0.11468,-0.426024,-0.662216,3.64,-18.48,-9.38,Noise,Right
1707209495716,0.115168,-0.36844,-0.671,13.16,-49.28,-16.73,Noise,Right
1707209495716,0.047824,-0.381128,-0.671,20.65,-63.98,-21.35,Noise,Right
1707209495716,0.016592,-0.426512,-0.710528,25.76,-76.02,-23.94,Noise,Right
1707209495761,-0.050752,-0.374784,-0.838384,26.32,-80.57,-25.97,Noise,Right
1707209495761,-0.12688,-0.325008,-0.90768,12.6,-54.95,-16.03,Noise,Right
1707209495762,-0.115168,-0.276696,-0.98576,-1.19,-25.76,-3.5,Noise,Right
1707209495813,-0.084424,-0.321592,-1.030168,16.73,-24.43,-9.1,Noise,Right
1707209495817,-0.140056,-0.48312,-0.913536,10.08,-14.35,1.33,Noise,Right
1707209495822,-0.115168,-0.461648,-0.988688,17.36,-10.43,5.74,Noise,Right
1707209495866,-0.108336,-0.51972,-0.96624,14.49,5.74,13.16,Noise,Right
1707209495867,-0.066856,-0.506056,-1.064816,18.69,6.3,16.17,Noise,Right
1707209495867,-0.030256,-0.482144,-1.092144,11.34,23.73,22.19,Noise,Right
1707209495915,0.006344,-0.568032,-1.130696,9.1,36.89,25.55,Noise,Right
1707209495915,0.030744,-0.549,-1.167784,1.54,55.3,24.29,Noise,Right
1707209495915,0.078568,-0.527528,-1.139968,-2.1,74.48,23.94,Noise,Right
1707209495966,0.176168,-0.560224,-0.826672,-10.78,81.13,19.39,Noise,Right
1707209495966,0.231312,-0.589504,-0.880352,-16.45,23.1,-3.43,Noise,Right
1707209495966,0.04392,-0.430416,-0.943792,-27.51,4.97,-13.16,Noise,Right
1707209496010,0.025376,-0.395768,-0.93208,-30.66,13.51,-11.83,Noise,Right
1707209496010,-0.038064,-0.388936,-0.93452,-27.44,20.23,-6.44,Noise,Right
1707209496010,-0.010736,-0.434808,-0.889136,-21.14,35.91,0.28,Noise,Right
1707209496066,0.01708,-0.443104,-0.820328,-19.88,42.14,3.78,Noise,Right
1707209496066,0.093696,-0.50996,-0.691496,-16.17,36.61,3.5,Noise,Right
1707209496123,0.1464,-0.414312,-0.686616,-15.75,10.01,-2.38,Noise,Right
1707209496125,0.151768,-0.337696,-0.687104,-7.84,-17.29,-9.73,Noise,Right
1707209496125,0.142984,-0.300608,-0.688568,0.14,-32.76,-14.35,Noise,Right
1707209496125,0.106872,-0.30988,-0.669048,9.59,-44.31,-19.04,Noise,Right
1707209496200,0.11468,-0.383568,-0.623176,19.25,-61.46,-22.96,Noise,Right
1707209496201,0.120048,-0.391376,-0.685152,27.44,-90.16,-32.55,Noise,Right
1707209496201,-0.052216,-0.377712,-0.773968,22.75,-101.01,-35.21,Noise,Right
1707209496202,-0.078568,-0.248392,-0.754448,-15.68,-56.84,-13.51,Noise,Right
1707209496202,-0.106384,-0.234728,-1.046272,33.81,-61.25,-20.23,Noise,Right
1707209496302,-0.110288,-0.436272,-0.918416,23.59,-34.79,-14.49,Noise,Right
1707209496302,-0.106384,-0.436272,-1.021872,30.31,-42.07,-12.74,Noise,Right
1707209496302,-0.159576,-0.518744,-1.05896,26.18,-13.93,-4.69,Noise,Right
1707209496302,-0.142008,-0.480192,-1.132648,19.18,1.82,2.31,Noise,Right
1707209496303,-0.11712,-0.536312,-1.221952,14.56,15.68,10.92,Noise,Right
1707209496303,-0.101504,-0.577304,-1.13704,4.83,32.55,16.45,Noise,Right
1707209496352,-0.114192,-0.491416,-1.218536,-2.45,48.65,19.04,Noise,Right
1707209496352,-0.0366,-0.5246,-1.21756,-14.14,69.09,27.09,Noise,Right
1707209496352,0.067344,-0.534848,-0.8662,-25.34,85.89,28.42,Noise,Right
1707209496399,0.288408,-0.519232,-0.879864,-28.14,52.43,8.68,Noise,Right
1707209496399,0.137128,-0.466528,-0.908656,-29.05,20.86,-2.87,Noise,Right
1707209496505,0.062464,-0.47824,-0.861808,-24.71,11.76,-4.55,Noise,Right
1707209496505,0.01464,-0.394792,-0.886696,-18.97,12.88,-3.08,Noise,Right
1707209496506,0.020984,-0.427976,-0.827648,-14.42,26.11,2.38,Noise,Right
1707209496506,0.04148,-0.44652,-0.720288,-12.46,31.36,2.66,Noise,Right
1707209496506,0.154696,-0.46116,-0.66124,-15.47,12.88,-4.27,Noise,Right
1707209496506,0.06588,-0.332816,-0.723704,-8.33,-13.86,-10.29,Noise,Right
1707209496506,0.083448,-0.345992,-0.647088,0.42,-24.57,-12.04,Noise,Right
1707209496551,0.1342,-0.298168,-0.616344,9.87,-48.23,-17.22,Noise,Right
1707209496551,0.01708,-0.300608,-0.688568,21.91,-75.88,-23.94,Noise,Right
1707209496599,0.0,-0.352336,-0.735904,30.03,-79.38,-26.18,Noise,Right
1707209496599,-0.020496,-0.337696,-0.81984,35.77,-80.92,-31.01,Noise,Right
1707209496599,-0.081984,-0.393328,-0.860832,27.86,-63.56,-30.24,Noise,Right
1707209496646,0.091744,-0.393328,-0.618296,-41.3,-4.2,8.47,Noise,Right
1707209496646,-0.148352,-0.28304,-1.16144,57.61,-77.42,-21.35,Noise,Right
1707209496647,-0.132248,-0.5612,-0.918904,34.86,-35.49,-14.14,Noise,Right
1707209496694,-0.12444,-0.516304,-1.056032,29.47,-38.22,-14.28,Noise,Right
1707209496694,-0.171776,-0.559736,-1.114104,28.28,-17.08,-5.25,Noise,Right
1707209496694,-0.160064,-0.561688,-1.234152,24.29,-2.17,0.07,Noise,Right
1707209496738,-0.14884,-0.558272,-1.205848,8.75,19.11,7.42,Noise,Right
1707209496739,-0.110288,-0.531432,-1.218536,-4.34,38.57,10.5,Noise,Right
1707209496785,-0.116144,-0.49776,-1.243912,-9.17,52.22,15.54,Noise,Right
1707209496785,-0.10248,-0.528504,-1.081896,-23.94,70.0,19.39,Noise,Right
1707209496785,0.162016,-0.604144,-0.790072,-35.7,71.12,9.87,Noise,Right
1707209496836,0.125416,-0.457256,-0.857904,-36.33,27.93,-3.5,Noise,Right
1707209496836,0.05856,-0.447496,-0.822768,-34.72,25.13,-7.63,Noise,Right
1707209496836,0.040016,-0.447008,-0.777384,-30.45,21.14,-8.47,Noise,Right
1707209496884,0.014152,-0.389424,-0.8174,-22.05,15.89,-6.02,Noise,Right
1707209496884,-0.020496,-0.386984,-0.821792,-12.18,21.7,-0.49,Noise,Right
1707209496885,-0.006344,-0.364536,-0.795928,-5.81,36.54,6.3,Noise,Right
1707209497017,0.077592,-0.382592,-0.663192,0.14,43.26,7.63,Noise,Right
1707209497017,0.198616,-0.391376,-0.637328,1.12,14.91,-4.27,Noise,Right
1707209497017,0.122,-0.31476,-0.717848,9.59,-12.74,-11.27,Noise,Right
1707209497017,0.09272,-0.345016,-0.707112,18.62,-27.65,-16.94,Noise,Right
1707209497018,0.033672,-0.33428,-0.72712,27.23,-37.8,-19.88,Noise,Right
1707209497018,0.061,-0.404552,-0.709552,33.95,-50.89,-22.96,Noise,Right
1707209497018,-0.030256,-0.369416,-0.818376,38.99,-63.91,-25.55,Noise,Right
1707209497063,-0.06344,-0.415288,-0.843752,37.8,-53.55,-21.21,Noise,Right
1707209497063,-0.069296,-0.411872,-0.922808,31.43,-43.68,-17.36,Noise,Right
1707209497063,0.003416,-0.49532,-0.847656,-4.48,-16.66,2.03,Noise,Right
1707209497063,-0.09272,-0.394792,-0.986248,26.32,-39.27,-7.98,Noise,Right
1707209497110,-0.067832,-0.493856,-0.890112,38.43,-50.12,-8.19,Noise,Right
1707209497111,-0.0732,-0.494344,-0.997472,33.18,-45.36,-6.09,Noise,Right
1707209497157,-0.115656,-0.510936,-1.023824,25.34,-35.21,-4.69,Noise,Right
1707209497158,-0.128344,-0.504104,-1.079456,16.59,-21.0,1.47,Noise,Right
1707209497158,-0.097112,-0.515816,-1.14192,9.17,-8.4,5.67,Noise,Right
1707209497217,-0.061976,-0.557296,-1.192184,-2.38,11.83,8.4,Noise,Right
1707209497217,-0.037088,-0.565592,-1.15168,-12.32,33.53,10.08,Noise,Right
1707209497217,0.00976,-0.525576,-1.15656,-21.07,43.33,7.0,Noise,Right
1707209497337,-0.000976,-0.495808,-1.116544,-34.72,56.91,4.97,Noise,Right
1707209497338,0.046848,-0.528016,-0.977952,-36.47,68.11,7.77,Noise,Right
1707209497338,0.08052,-0.585112,-0.803736,-30.94,58.31,1.26,Noise,Right
1707209497338,0.077104,-0.561688,-0.801784,-25.97,36.47,-5.74,Noise,Right
1707209497338,0.07076,-0.479216,-0.809104,-29.05,29.19,-5.46,Noise,Right
1707209497339,0.067832,-0.408944,-0.81984,-26.95,33.46,-5.18,Noise,Right
1707209497339,0.024888,-0.362584,-0.777872,-22.12,33.04,-0.77,Noise,Right
1707209498584,0.079056,-0.359656,-0.682224,-17.78,36.4,-1.19,Noise,Right
1707209498585,0.183488,-0.35624,-0.646112,-11.48,10.5,-11.27,Noise,Right
1707209498585,0.122976,-0.30744,-0.645624,-0.91,-23.31,-14.14,Noise,Right
1707209498586,0.088816,-0.333304,-0.614392,11.27,-50.47,-19.04,Noise,Right
1707209498586,0.0244,-0.338672,-0.638792,25.06,-66.99,-21.56,Noise,Right
1707209498589,-0.009272,-0.361608,-0.7198,32.06,-69.65,-22.82,Noise,Right
1707209498589,-0.029768,-0.412848,-0.77348,27.37,-63.63,-18.13,Noise,Right
1707209498590,0.059048,-0.365024,-0.638304,-21.56,-23.73,18.76,Noise,Right
1707209498590,-0.011712,-0.250344,-1.070672,51.31,-53.69,-10.57,Noise,Right
1707209498590,0.059048,-0.519232,-0.858392,39.62,-110.46,-18.2,Noise,Right
1707209498590,-0.321104,-0.39284,-1.076528,45.15,-44.59,-16.59,Noise,Right
1707209498590,-0.145912,-0.517768,-1.07116,33.88,-26.04,-4.41,Noise,Right
1707209498596,-0.10004,-0.469944,-1.114104,27.93,-21.91,-2.87,Noise,Right
1707209498596,-0.116144,-0.52216,-1.15656,19.95,-3.85,3.15,Noise,Right
1707209498601,-0.098576,-0.610976,-1.162416,11.48,12.32,9.1,Noise,Right
1707209498601,-0.08784,-0.606096,-1.160952,2.03,24.36,10.22,Noise,Right
1707209498601,-0.086864,-0.560712,-1.159976,-12.95,51.66,14.28,Noise,Right
1707209498601,-0.028304,-0.562176,-1.083848,-20.79,68.67,14.56,Noise,Right
1707209498601,0.101504,-0.55388,-0.916952,-34.44,57.75,6.72,Noise,Right
1707209498601,0.115656,-0.497272,-0.915976,-35.77,33.67,-0.49,Noise,Right
1707209498601,0.019032,-0.438224,-0.913048,-32.76,30.38,-3.5,Noise,Right
1707209498605,0.020496,-0.411872,-0.881328,-28.63,38.85,0.7,Noise,Right
1707209498605,-0.003416,-0.393816,-0.870104,-23.03,48.23,4.48,Noise,Right
1707209498612,0.033672,-0.4148,-0.794952,-14.77,56.56,11.62,Noise,Right
1707209498612,0.172752,-0.534848,-0.639768,-18.97,46.9,4.13,Noise,Right
1707209498612,0.184952,-0.421632,-0.682712,-17.78,7.14,-11.06,Noise,Right
1707209498613,0.149816,-0.404064,-0.665632,-7.0,-11.97,-15.12,Noise,Right
1707209498613,0.142008,-0.416752,-0.63684,2.94,-41.23,-21.7,Noise,Right
1707209498613,0.025376,-0.365024,-0.685152,11.9,-48.72,-25.2,Noise,Right
1707209498613,0.05368,-0.34648,-0.667096,20.86,-47.11,-25.13,Noise,Right
1707209498621,0.031232,-0.39528,-0.723216,28.98,-68.95,-29.75,Noise,Right
1707209498621,-0.103944,-0.309392,-0.804712,30.38,-70.91,-26.95,Noise,Right
1707209498632,-0.105408,-0.326472,-0.88084,38.22,-66.5,-27.37,Noise,Right
1707209498633,-0.14152,-0.30744,-0.884256,33.25,-44.87,-23.1,Noise,Right
1707209498633,-0.072224,-0.50264,-0.819352,-2.1,-3.43,-14.35,Noise,Right
1707209498633,-0.09272,-0.409432,-0.794464,1.82,-2.38,-10.43,Noise,Right
1707209498633,-0.079056,-0.472872,-0.9028,29.68,-27.65,-4.76,Noise,Right
1707209498633,-0.087352,-0.501176,-1.022848,37.66,-27.23,0.7,Noise,Right
1707209498633,-0.084912,-0.54412,-1.116056,30.1,-12.18,4.13,Noise,Right
1707209498636,-0.124928,-0.498248,-1.164368,18.62,4.9,10.22,Noise,Right
1707209498636,-0.117608,-0.545096,-1.173152,8.19,24.36,19.81,Noise,Right
1707209498636,-0.061,-0.530456,-1.221952,-3.92,37.38,21.91,Noise,Right
1707209498636,-0.068808,-0.559248,-1.236104,-14.98,50.68,24.43,Noise,Right
1707209498636,0.010736,-0.574376,-1.003816,-29.68,63.91,22.82,Noise,Right
1707209498636,0.11956,-0.554368,-0.924272,-32.69,49.56,14.07,Noise,Right
1707209498636,0.16104,-0.549,-0.921344,-42.56,38.92,6.65,Noise,Right
1707209498645,0.130784,-0.518744,-0.859856,-41.79,22.47,-2.17,Noise,Right
1707209498645,0.050752,-0.486536,-0.848632,-33.95,14.98,-4.55,Noise,Right
1707209498645,0.049288,-0.418704,-0.85644,-20.16,14.56,-4.97,Noise,Right
1707209498645,0.035624,-0.386008,-0.862784,0.21,13.93,1.61,Noise,Right
1707209498645,0.073688,-0.422608,-0.781288,10.57,26.39,9.59,Noise,Right
1707209498645,0.198616,-0.529968,-0.631472,-12.25,15.12,-9.66,Noise,Right
1707209498645,0.075152,-0.369416,-0.732488,-10.85,-12.95,-20.79,Noise,Right
1707209498650,0.097112,-0.3782,-0.713456,-4.13,-15.96,-24.01,Noise,Right
1707209498651,0.064416,-0.380152,-0.693448,3.22,-32.2,-28.7,Noise,Right
1707209498661,0.035136,-0.375272,-0.67832,10.71,-45.57,-31.78,Noise,Right
1707209498661,0.004392,-0.362096,-0.707112,18.62,-61.74,-33.11,Noise,Right
1707209498661,-0.0854,-0.350872,-0.756888,22.96,-63.42,-29.19,Noise,Right
1707209498661,-0.118096,-0.374296,-0.776408,28.84,-57.61,-26.25,Noise,Right
1707209498661,-0.085888,-0.38796,-0.84424,30.87,-49.49,-23.45,Noise,Right
1707209498662,-0.068808,-0.349408,-0.942816,14.49,-28.63,-18.13,Noise,Right
1707209498662,-0.0854,-0.433832,-0.710528,-4.9,-16.1,-15.75,Noise,Right
1707209498667,-0.076128,-0.452864,-0.992592,15.33,-27.79,-19.6,Noise,Right
1707209498667,-0.077592,-0.478728,-0.992592,29.54,-19.6,-10.15,Noise,Right
1707209498667,-0.140056,-0.519232,-1.090192,41.09,-29.82,-2.87,Noise,Right
1707209498668,-0.159088,-0.515816,-1.01992,26.46,-13.51,1.33,Noise,Right
1707209498668,-0.171776,-0.458232,-1.033584,16.94,-3.85,8.4,Noise,Right
1707209498668,-0.118584,-0.438712,-0.987224,2.31,4.62,12.18,Noise,Right
1707209498668,-0.066368,-0.364536,-1.009672,-12.46,15.96,17.71,Noise,Right
1707209498674,-0.000488,-0.369904,-0.970632,-18.62,15.54,19.6,Noise,Right
1707209498674,0.064904,-0.360632,-0.967216,-20.79,12.46,10.78,Noise,Right
1707209498674,0.040504,-0.334768,-0.873032,-19.6,3.22,7.14,Noise,Right
1707209498674,0.120048,-0.425536,-0.808128,-16.03,-0.49,10.43,Noise,Right
1707209498674,0.087352,-0.5612,-0.755424,-5.74,-26.81,0.0,Noise,Right
1707209498674,0.033672,-0.660264,-0.841312,3.08,-43.47,-4.55,Noise,Right
1707209498674,0.008784,-0.671488,-0.911584,5.46,-43.54,-12.04,Noise,Right
1707209498677,-0.063928,-0.644648,-0.987224,9.24,-32.27,-15.82,Noise,Right
1707209498678,-0.071736,-0.565104,-1.042856,5.53,-13.09,-15.54,Noise,Right
1707209498731,-0.083936,-0.522648,-0.989176,-0.91,-3.5,-18.34,Noise,Right
1707209498731,-0.081496,-0.477264,-0.940376,-10.22,-0.42,-21.21,Noise,Right
1707209498731,-0.10248,-0.410896,-0.933056,-15.54,0.07,-22.54,Noise,Right
1707209498731,-0.11468,-0.406016,-0.884256,-17.92,3.15,-20.37,Noise,Right
1707209498855,-0.093208,-0.378688,-0.849608,-16.94,4.27,-17.08,Noise,Right
1707209498856,-0.066368,-0.357216,-0.825208,-15.4,4.27,-12.6,Noise,Right
1707209498856,-0.064904,-0.366488,-0.811544,-9.59,0.35,-8.75,Noise,Right
1707209498857,-0.068808,-0.366,-0.841312,-3.36,-0.84,-4.9,Noise,Right
1707209498857,-0.049288,-0.37576,-0.89792,3.22,0.77,-2.31,Noise,Right
1707209498857,-0.064904,-0.382104,-0.93208,6.65,7.28,1.68,Noise,Right
1707209498857,-0.057096,-0.416264,-0.943792,9.24,14.21,6.37,Noise,Right
1707209498965,-0.066368,-0.421144,-1.00528,9.87,20.93,11.48,Noise,Right
1707209498965,-0.06344,-0.396744,-1.053592,10.64,38.22,21.0,Noise,Right
1707209498965,-0.01952,-0.493368,-0.906704,11.48,44.94,29.05,Noise,Right
1707209498966,0.042456,-0.552416,-0.851072,4.62,32.76,16.59,Noise,Right
1707209498966,-0.000488,-0.497272,-0.905728,1.82,17.08,5.67,Noise,Right
1707209498966,-0.057584,-0.471408,-0.974048,1.47,13.37,4.41,Noise,Right
1707209498966,-0.09028,-0.467992,-1.00772,-1.05,22.12,6.37,Noise,Right
1707209499019,-0.09028,-0.464088,-1.038464,-4.69,32.48,9.31,Noise,Right
1707209499019,-0.132248,-0.43676,-1.061888,-7.63,53.62,17.64,Noise,Right
1707209499019,-0.089792,-0.504592,-0.94916,-7.28,76.51,25.13,Noise,Right
1707209499064,0.052216,-0.482632,-0.813984,2.03,71.89,28.56,Noise,Right
1707209499065,0.161528,-0.44408,-0.802272,14.98,25.76,30.24,Noise,Right
1707209499065,0.093208,-0.431392,-0.773968,-9.87,14.98,8.19,Noise,Right
1707209499113,0.0976,-0.440176,-0.74908,-5.11,-1.4,3.08,Noise,Right
1707209499113,0.122488,-0.40504,-0.704672,-3.57,-12.74,-3.22,Noise,Right
1707209499114,0.157136,-0.338672,-0.679296,-4.41,-37.24,-14.63,Noise,Right
1707209499163,0.123464,-0.227408,-0.718824,3.5,-53.9,-20.86,Noise,Right
1707209499163,0.03904,-0.201544,-0.794952,15.33,-55.23,-24.01,Noise,Right
1707209499163,0.034648,-0.220576,-0.813984,21.35,-44.73,-27.09,Noise,Right
1707209499272,0.030256,-0.316712,-0.830576,19.46,-38.92,-27.51,Noise,Right
1707209499273,0.01464,-0.336232,-0.886208,21.35,-33.88,-21.7,Noise,Right
1707209499273,-0.013176,-0.445544,-0.859368,25.34,-24.43,-18.48,Noise,Right
1707209499273,-0.017568,-0.487024,-0.909632,25.9,-14.84,-10.01,Noise,Right
1707209499273,-0.031232,-0.496784,-0.916952,22.47,-15.33,-6.93,Noise,Right
1707209499273,-0.020008,-0.523136,-0.93452,22.96,-15.68,-6.93,Noise,Right
1707209499314,-0.035624,-0.50508,-0.918904,19.81,-24.78,-7.91,Noise,Right
1707209499315,-0.03416,-0.500688,-0.942816,16.1,-33.74,-10.99,Noise,Right
1707209499315,-0.074664,-0.468968,-0.9516,11.41,-34.16,-14.63,Noise,Right
1707209499362,-0.079544,-0.44652,-0.906216,6.09,-28.91,-5.46,Noise,Right
1707209499362,-0.108824,-0.416752,-0.93452,3.57,-17.64,-0.21,Noise,Right
1707209499410,0.018056,-0.417728,-0.92964,-4.2,-10.64,0.35,Noise,Right
1707209499410,-0.021472,-0.450424,-0.898408,0.56,-13.86,7.42,Noise,Right
1707209499410,0.004392,-0.577304,-1.011624,7.49,-9.66,7.63,Noise,Right
1707209499455,-0.02196,-0.640744,-1.064816,6.72,1.82,6.09,Noise,Right
1707209499455,-0.003904,-0.652944,-1.081408,2.94,11.48,3.85,Noise,Right
1707209499455,-0.037088,-0.588528,-1.123864,-2.38,20.16,0.84,Noise,Right
1707209499504,-0.061976,-0.508496,-1.169248,-8.89,39.06,6.16,Noise,Right
1707209499504,-0.132736,-0.502152,-0.928176,-10.22,58.31,18.97,Noise,Right
1707209499517,0.042456,-0.596336,-0.795928,-18.48,46.69,20.09,Noise,Right
1707209499549,-0.018056,-0.423096,-0.860344,-28.28,16.03,1.89,Noise,Right
1707209499550,-0.077592,-0.37332,-0.894992,-28.56,15.54,0.7,Noise,Right
1707209499597,-0.081496,-0.366488,-0.887672,-26.74,23.03,4.2,Noise,Right
1707209499598,-0.07808,-0.333792,-0.88084,-21.0,33.18,9.31,Noise,Right
1707209499598,0.01708,-0.436272,-0.835456,-11.27,49.35,22.96,Noise,Right
1707209499652,0.028792,-0.436272,-0.780312,-8.33,56.21,24.85,Noise,Right
1707209499652,0.0854,-0.539728,-0.676856,5.6,41.44,25.41,Noise,Right
1707209499652,0.157136,-0.422608,-0.698328,2.1,14.91,11.55,Noise,Right
1707209499706,0.164944,-0.440176,-0.629032,8.61,-7.63,1.12,Noise,Right
1707209499706,0.14396,-0.398696,-0.64416,15.26,-38.36,-8.96,Noise,Right
1707209499706,0.101504,-0.384544,-0.67588,21.63,-59.01,-18.55,Noise,Right
1707209499706,0.013176,-0.395768,-0.786656,23.87,-61.53,-21.77,Noise,Right
1707209499753,0.033672,-0.345016,-0.803248,20.79,-54.95,-23.52,Noise,Right
1707209499753,-0.070272,-0.32208,-0.872544,37.87,-55.37,-17.08,Noise,Right
1707209499876,-0.117608,-0.40992,-0.879376,43.82,-36.96,-11.97,Noise,Right
1707209499876,-0.076128,-0.501176,-0.907192,41.23,-26.74,-5.11,Noise,Right
1707209499876,-0.084424,-0.52704,-0.9394,37.03,-21.35,-1.05,Noise,Right
1707209499877,-0.082472,-0.572912,-0.969656,34.37,-15.05,0.98,Noise,Right
1707209499877,-0.00732,-0.544608,-0.978928,30.17,-13.65,-3.08,Noise,Right
1707209499877,-0.03904,-0.514352,-1.003328,24.78,-9.66,-5.81,Noise,Right
1707209499877,-0.006344,-0.532896,-0.984784,19.25,-6.51,-8.19,Noise,Right
1707209499986,-0.0244,-0.511424,-1.005768,11.06,-4.62,-7.35,Noise,Right
1707209499986,-0.039528,-0.513864,-1.005768,1.96,5.11,-4.55,Noise,Right
1707209499986,-0.050264,-0.497272,-1.045296,-5.67,15.75,-2.73,Noise,Right
1707209499987,-0.001464,-0.495808,-1.05408,-15.82,24.36,0.42,Noise,Right
1707209499987,0.013176,-0.502152,-1.084824,-24.85,26.18,2.31,Noise,Right
1707209499987,-0.020496,-0.472384,-1.11508,-29.4,32.55,3.5,Noise,Right
1707209499987,-0.017568,-0.459696,-1.099952,-32.62,44.66,8.82,Noise,Right
1707209500089,-0.071736,-0.548512,-0.92476,-31.64,56.56,17.43,Noise,Right
1707209500089,-0.010736,-0.680272,-0.77592,-30.38,51.03,20.23,Noise,Right
1707209500089,0.011224,-0.650992,-0.725656,-34.02,30.24,9.31,Noise,Right
1707209500090,-0.010248,-0.53924,-0.826184,-25.83,8.96,8.75,Noise,Right
1707209500090,-0.00976,-0.475312,-0.730536,-25.55,13.44,8.05,Noise,Right
1707209500090,-0.016104,-0.407968,-0.77348,-22.82,5.32,5.25,Noise,Right
1707209500137,0.040504,-0.312808,-0.754936,-20.23,12.46,7.63,Noise,Right
1707209500137,0.064416,-0.306464,-0.730536,-11.62,7.21,3.43,Noise,Right
1707209500137,0.061976,-0.305976,-0.69052,-1.12,3.15,4.13,Noise,Right
1707209500183,0.079056,-0.374296,-0.651968,8.82,-6.3,1.54,Noise,Right
1707209500183,0.103456,-0.422608,-0.605608,17.43,-26.25,-3.92,Noise,Right
1707209500183,0.131272,-0.459208,-0.567056,25.76,-50.96,-13.58,Noise,Right
1707209500229,0.127368,-0.45628,-0.642696,34.3,-84.84,-24.36,Noise,Right
1707209500229,0.028792,-0.437736,-0.702232,38.36,-91.77,-28.35,Noise,Right
1707209500280,-0.013664,-0.371368,-0.88572,50.05,-99.82,-28.35,Noise,Right
1707209500280,-0.100528,-0.452864,-0.91256,48.23,-94.71,-27.37,Noise,Right
1707209500281,-0.126392,-0.44652,-0.986736,47.25,-86.87,-24.15,Noise,Right
1707209500397,-0.208376,-0.4636,-1.128256,38.71,-72.8,-23.94,Noise,Right
1707209500398,-0.266936,-0.566568,-1.164856,22.89,-45.85,-17.22,Noise,Right
1707209500398,-0.233264,-0.498248,-1.130208,12.53,-17.08,-2.94,Noise,Right
1707209500398,-0.206912,-0.50996,-1.096048,-3.22,12.74,-2.66,Noise,Right
1707209500398,-0.11712,-0.550952,-1.094584,-8.68,23.87,10.92,Noise,Right
1707209500398,-0.074176,-0.636352,-1.05164,-14.14,32.41,11.27,Noise,Right
1707209500399,-0.029768,-0.735416,-1.026752,-16.45,34.65,12.04,Noise,Right
1707209500452,-0.0244,-0.724192,-1.011136,-19.88,35.77,3.71,Noise,Right
1707209500452,-0.04392,-0.612928,-1.053104,-18.06,32.76,-2.45,Noise,Right
1707209500453,-0.080032,-0.483608,-1.086776,-22.12,45.36,4.27,Noise,Right
1707209500509,-0.08296,-0.431392,-0.998448,-22.12,51.17,14.56,Noise,Right
1707209500510,-0.037576,-0.558272,-0.833016,-24.29,48.51,19.04,Noise,Right
1707209500510,-0.010736,-0.553392,-0.813984,-34.3,23.38,8.47,Noise,Right
1707209500510,-0.083448,-0.427488,-0.870104,-39.2,19.11,2.8,Noise,Right
1707209500553,-0.087352,-0.389912,-0.83448,-37.73,28.49,7.0,Noise,Right
1707209500554,-0.04636,-0.347456,-0.829112,-31.57,33.74,10.71,Noise,Right
1707209500554,-0.033184,-0.346968,-0.79788,-23.52,38.64,16.59,Noise,Right
1707209500602,0.013176,-0.351848,-0.734928,-13.58,38.71,16.24,Noise,Right
1707209500602,0.033672,-0.342576,-0.66612,-3.71,28.0,13.58,Noise,Right
1707209500649,0.118584,-0.386008,-0.604632,4.13,9.31,7.14,Noise,Right
1707209500649,0.07564,-0.305,-0.669048,12.95,-34.93,1.61,Noise,Right
1707209500649,0.080032,-0.355264,-0.6222,24.5,-31.15,-0.98,Noise,Right
1707209500693,0.052216,-0.367464,-0.650504,32.9,-50.12,-8.4,Noise,Right
1707209500693,0.055144,-0.404552,-0.665144,38.92,-65.24,-17.57,Noise,Right
1707209500693,0.003416,-0.427976,-0.689056,39.06,-78.47,-28.7,Noise,Right
1707209500740,-0.0122,-0.426512,-0.790072,46.9,-90.3,-30.8,Noise,Right
1707209500741,-0.091744,-0.450424,-0.9394,53.76,-94.92,-28.0,Noise,Right
1707209500741,-0.177632,-0.54412,-0.936472,48.51,-87.22,-25.2,Noise,Right
1707209500789,-0.174216,-0.551928,-1.01016,45.71,-83.58,-21.91,Noise,Right
1707209500789,-0.210816,-0.528992,-1.084824,35.14,-76.44,-26.95,Noise,Right
1707209500907,-0.223504,-0.478728,-1.014064,7.0,-47.74,-19.95,Noise,Right
1707209500908,-0.283528,-0.486048,-1.07116,-0.35,-31.15,-12.11,Noise,Right
1707209500908,-0.327448,-0.621712,-1.133136,-13.37,-14.14,-10.08,Noise,Right
1707209500908,-0.212768,-0.506056,-1.08092,-15.19,9.45,3.99,Noise,Right
1707209500909,-0.186904,-0.593896,-1.009184,-17.15,27.16,14.91,Noise,Right
1707209500909,-0.132736,-0.607072,-1.031632,-17.85,34.44,18.48,Noise,Right
1707209500909,-0.10248,-0.623176,-1.020408,-18.83,42.28,19.39,Noise,Right
1707209500960,-0.099064,-0.533384,-1.057496,-20.3,46.48,15.89,Noise,Right
1707209500961,-0.151768,-0.493856,-1.036024,-19.6,58.31,22.96,Noise,Right
1707209500962,-0.171776,-0.454328,-0.930128,-16.31,71.68,37.94,Noise,Right
1707209501008,-0.075152,-0.555344,-0.801296,-20.86,61.11,40.18,Noise,Right
1707209501008,-0.093696,-0.45628,-0.837408,-33.46,45.01,22.75,Noise,Right
1707209501008,-0.084424,-0.407968,-0.872056,-35.56,39.2,15.96,Noise,Right
1707209501052,-0.083936,-0.386008,-0.851072,-34.79,41.72,14.28,Noise,Right
1707209501052,-0.044896,-0.349408,-0.904752,-29.61,45.29,12.11,Noise,Right
1707209501052,-0.022448,-0.348432,-0.896456,-22.05,50.26,16.45,Noise,Right
1707209501104,-0.015616,-0.386008,-0.88328,-14.42,54.88,19.46,Noise,Right
1707209501107,-0.115656,-0.448472,-0.842776,-7.63,71.68,27.58,Noise,Right
1707209501107,-0.040016,-0.535824,-0.7076,-2.03,74.41,26.74,Noise,Right
1707209501150,0.026352,-0.492392,-0.641232,8.89,42.49,18.97,Noise,Right
1707209501150,0.113216,-0.45628,-0.643672,7.63,10.92,7.98,Noise,Right
1707209501151,0.10004,-0.342576,-0.671,10.01,-16.31,-1.4,Noise,Right
1707209501288,0.082472,-0.340624,-0.626104,15.33,-33.81,-8.54,Noise,Right
1707209501289,0.164944,-0.327936,-0.667096,25.34,-58.8,-16.1,Noise,Right
1707209501289,0.072224,-0.318176,-0.70028,33.81,-81.62,-28.35,Noise,Right
1707209501290,0.008784,-0.29768,-0.759328,37.59,-83.65,-34.65,Noise,Right
1707209501290,-0.05856,-0.367464,-0.917928,38.01,-78.19,-34.58,Noise,Right
1707209501290,-0.077104,-0.393816,-0.926224,43.68,-61.6,-25.83,Noise,Right
1707209501290,-0.049776,-0.464088,-0.933544,42.14,-57.61,-22.33,Noise,Right
1707209501338,-0.11956,-0.492392,-0.98332,39.41,-56.49,-24.22,Noise,Right
1707209501339,-0.125904,-0.561688,-0.952088,27.93,-35.28,-15.47,Noise,Right
1707209501339,-0.110776,-0.501176,-0.956968,14.07,-23.24,-12.95,Noise,Right
1707209501422,-0.082472,-0.466528,-0.929152,16.73,-17.01,-7.98,Noise,Right
1707209501422,-0.057096,-0.503128,-0.937936,12.39,-17.64,-4.55,Noise,Right
1707209501423,-0.120048,-0.458232,-0.96868,11.27,-3.78,-1.68,Noise,Right
1707209501423,-0.075152,-0.460184,-0.975512,7.14,6.16,-0.63,Noise,Right
1707209501423,-0.071248,-0.518256,-1.055544,2.38,7.7,1.33,Noise,Right
1707209501477,-0.077104,-0.481168,-1.08092,0.56,18.41,5.88,Noise,Right
1707209501478,-0.1586,-0.580232,-1.059448,-7.91,30.1,8.54,Noise,Right
1707209501478,-0.144936,-0.631472,-1.067744,-14.14,42.91,11.69,Noise,Right
1707209501521,-0.102968,-0.617808,-1.075064,-18.97,47.6,12.18,Noise,Right
1707209501521,-0.115168,-0.586576,-1.001376,-17.78,49.98,18.34,Noise,Right
1707209501521,-0.075152,-0.654896,-0.865712,-19.18,41.65,20.86,Noise,Right
1707209501569,-0.065392,-0.537776,-0.91256,-25.76,32.34,14.0,Noise,Right
1707209501569,-0.097112,-0.414312,-0.918904,-28.21,38.92,16.52,Noise,Right
1707209501632,-0.094672,-0.389424,-0.937936,-29.12,54.04,23.24,Noise,Right
1707209501635,-0.088328,-0.361608,-0.89304,-27.79,71.47,28.07,Noise,Right
1707209501635,0.015128,-0.33184,-0.848144,-15.89,75.53,46.34,Noise,Right
1707209501678,0.08784,-0.497272,-0.8418,14.14,63.21,77.49,Noise,Right
1707209501678,0.067832,-0.665144,-0.58316,-26.95,52.22,12.88,Noise,Right
1707209501678,0.115656,-0.493856,-0.679296,-18.69,24.15,6.93,Noise,Right
1707209501679,0.126392,-0.52216,-0.566568,-11.2,-7.91,-6.79,Noise,Right
1707209501723,0.121024,-0.53192,-0.579744,-3.15,-41.51,-23.03,Noise,Right
1707209501723,0.114192,-0.472384,-0.662216,-0.49,-59.57,-36.68,Noise,Right
1707209501723,0.018056,-0.333792,-0.706136,10.78,-48.09,-40.39,Noise,Right
1707209501770,0.04148,-0.262544,-0.75152,20.09,-47.88,-32.34,Noise,Right
1707209501770,0.018056,-0.264008,-0.889624,35.42,-46.06,-28.63,Noise,Right
1707209501815,-0.013176,-0.340624,-0.824232,35.63,-37.31,-25.69,Noise,Right
1707209501815,-0.093208,-0.450912,-0.915488,37.73,-37.17,-21.77,Noise,Right
1707209501815,-0.104432,-0.516792,-0.937448,41.72,-24.64,-16.8,Noise,Right
1707209501862,-0.093208,-0.386008,-0.99552,37.8,-21.56,-21.14,Noise,Right
1707209501862,-0.106384,-0.59292,-0.984784,28.28,-17.43,-30.17,Noise,Right
1707209501862,-0.074664,-0.526064,-0.943304,12.32,-12.32,-28.14,Noise,Right
1707209501916,-0.037088,-0.54168,-0.971608,8.19,-16.59,-22.54,Noise,Right
1707209501916,-0.028792,-0.58072,-0.97112,0.21,-18.97,-19.39,Noise,Right
1707209501916,-0.056608,-0.558272,-1.037,0.07,-11.9,-16.59,Noise,Right
1707209501970,-0.011224,-0.569496,-0.951112,-1.4,1.19,-8.82,Noise,Right
1707209501970,0.020008,-0.504592,-0.917928,-2.73,5.25,-10.71,Noise,Right
1707209501970,0.056608,-0.519232,-0.952088,-2.73,4.13,-12.95,Noise,Right
1707209502018,0.040016,-0.500688,-1.01504,-4.55,6.3,-13.09,Noise,Right
1707209502019,0.028304,-0.460184,-1.077992,-9.03,14.56,-12.46,Noise,Right
1707209502019,0.0,-0.4636,-1.096536,-16.1,26.11,-11.41,Noise,Right
1707209502064,-0.020008,-0.376248,-1.081408,-16.59,34.02,-0.49,Noise,Right
1707209502065,-0.006344,-0.570472,-0.887184,-10.92,27.37,23.87,Noise,Right
1707209502065,-0.071248,-0.574864,-0.832528,-28.42,21.84,6.02,Noise,Right
1707209502110,-0.02928,-0.518256,-0.85888,-25.27,14.07,-4.83,Noise,Right
1707209502111,-0.045384,-0.469944,-0.88328,-23.24,11.83,-4.41,Noise,Right
1707209502161,-0.02196,-0.406504,-0.90036,-21.21,16.1,-0.28,Noise,Right
1707209502166,0.00732,-0.335256,-0.930128,-19.04,24.57,3.08,Noise,Right
1707209502170,-0.028792,-0.332328,-0.948184,-17.22,45.01,9.87,Noise,Right
1707209502211,-0.060512,-0.38796,-0.845704,-13.86,64.82,17.85,Noise,Right
1707209502211,0.035624,-0.55632,-0.709552,5.88,55.51,30.87,Noise,Right
1707209502211,0.142984,-0.528992,-0.730048,12.67,20.23,24.22,Noise,Right
1707209502267,0.077104,-0.50508,-0.74176,10.08,3.22,14.0,Noise,Right
1707209502268,0.057584,-0.454328,-0.706624,10.64,1.68,8.4,Noise,Right
1707209502268,0.026352,-0.41724,-0.704672,13.16,-1.54,5.88,Noise,Right
1707209502269,0.094672,-0.399672,-0.722728,18.34,-9.66,2.24,Noise,Right
1707209502317,0.072224,-0.364048,-0.7198,21.77,-19.81,2.17,Noise,Right
1707209502318,0.09028,-0.427488,-0.678808,25.97,-37.87,-3.15,Noise,Right
1707209502318,0.07564,-0.432856,-0.700768,27.72,-60.34,-11.06,Noise,Right
1707209502365,0.050752,-0.52948,-0.744688,1.61,-71.61,-19.95,Noise,Right
1707209502366,-0.045384,-0.31964,-0.699304,25.48,-79.59,-9.66,Noise,Right
1707209502416,-0.098088,-0.454816,-0.901824,39.83,-66.22,0.28,Noise,Right
1707209502417,-0.033184,-0.564616,-0.938424,39.34,-50.4,8.4,Noise,Right
1707209502417,-0.001464,-0.599264,-0.996984,36.19,-44.8,6.09,Noise,Right
1707209502544,-0.03172,-0.594384,-1.038464,31.99,-37.59,0.77,Noise,Right
1707209502544,-0.024888,-0.567056,-1.045784,23.87,-22.89,-4.55,Noise,Right
1707209502544,-0.001464,-0.583648,-1.023824,14.98,-15.19,-9.17,Noise,Right
1707209502544,-0.051728,-0.538752,-0.971608,6.44,-2.1,-10.08,Noise,Right
1707209502544,0.03172,-0.548024,-0.92476,0.91,-3.99,-14.35,Noise,Right
1707209502544,0.006832,-0.537288,-0.924272,-4.13,-12.81,-12.04,Noise,Right
1707209502544,-0.00488,-0.483608,-0.871568,-8.33,-10.64,-14.7,Noise,Right
1707209502601,-0.020496,-0.48068,-0.87596,-9.1,-11.76,-16.8,Noise,Right
1707209502601,-0.060024,-0.429928,-0.892552,-11.76,-8.26,-23.24,Noise,Right
1707209502601,0.000976,-0.37332,-0.782752,-17.57,-1.05,-13.09,Noise,Right
1707209502601,-0.055144,-0.508496,-1.043832,-5.81,-13.65,-27.65,Noise,Right
1707209502725,0.0122,-0.465552,-0.993568,-9.38,3.08,-13.09,Noise,Right
1707209502725,-0.018056,-0.498248,-0.975024,-3.64,5.67,-5.74,Noise,Right
1707209502725,-0.0366,-0.565104,-1.062864,3.43,16.17,-0.35,Noise,Right
1707209502725,-0.105896,-0.569984,-1.1102,0.63,31.15,3.92,Noise,Right
1707209502725,-0.208864,-0.711016,-0.891088,-0.7,44.52,11.83,Noise,Right
1707209502725,-0.025864,-0.660752,-0.899872,-15.61,36.68,4.34,Noise,Right
1707209502726,-0.052216,-0.5002,-0.921344,-22.89,18.27,-0.63,Noise,Right
1707209502854,-0.061976,-0.478728,-0.918904,-28.49,19.53,1.26,Noise,Right
1707209502854,-0.055632,-0.428952,-0.926224,-31.71,28.14,4.97,Noise,Right
1707209502854,-0.022936,-0.389424,-0.953064,-33.32,37.59,9.31,Noise,Right
1707209502855,-0.011712,-0.334768,-1.118496,-32.9,48.37,12.25,Noise,Right
1707209502855,-0.040992,-0.358192,-0.964288,-33.46,73.22,18.27,Noise,Right
1707209502855,-0.0366,-0.552416,-0.737368,-28.98,91.63,30.52,Noise,Right
1707209502856,0.105408,-0.62708,-0.617808,-25.83,66.85,24.43,Noise,Right
1707209502957,0.149816,-0.49532,-0.701744,-20.23,30.17,15.12,Noise,Right
1707209502957,0.148352,-0.44164,-0.737856,-11.27,10.43,10.01,Noise,Right
1707209502958,0.195688,-0.353312,-0.705648,-5.18,2.1,7.14,Noise,Right
1707209502958,0.138592,-0.324032,-0.703208,4.34,-0.91,4.27,Noise,Right
1707209502958,0.18056,-0.303536,-0.659776,15.47,-0.07,2.94,Noise,Right
1707209502958,0.162504,-0.377224,-0.641232,25.06,-10.15,-0.77,Noise,Right
1707209502958,0.157624,-0.440176,-0.654896,34.79,-24.85,-2.59,Noise,Right
1707209503060,0.132736,-0.476776,-0.654896,45.71,-41.51,-5.53,Noise,Right
1707209503060,0.083448,-0.518744,-0.65148,55.93,-59.43,-10.36,Noise,Right
1707209503061,0.03416,-0.483608,-0.732,62.16,-70.63,-14.28,Noise,Right
1707209503061,0.059536,-0.513376,-0.78568,65.31,-75.11,-21.91,Noise,Right
1707209503061,0.079544,-0.55144,-0.815936,57.96,-90.16,-27.86,Noise,Right
1707209503061,0.005368,-0.488,-0.839848,44.52,-100.03,-37.38,Noise,Right
1707209503115,-0.086864,-0.49532,-1.0004,43.4,-106.54,-35.7,Noise,Right
1707209503116,-0.176656,-0.508008,-1.10044,40.81,-89.46,-29.19,Noise,Right
1707209503116,-0.149328,-0.576816,-1.086288,23.87,-70.14,-28.21,Noise,Right
1707209503247,-0.175192,-0.589504,-1.001864,1.4,-52.43,-29.12,Noise,Right
1707209503247,-0.156648,-0.569496,-1.057008,-1.89,-26.18,-20.44,Noise,Right
1707209503247,-0.069296,-0.602192,-1.016016,-15.82,-7.49,-13.44,Noise,Right
1707209503247,-0.088328,-0.595848,-1.038952,-15.96,6.65,-3.01,Noise,Right
1707209503247,-0.036112,-0.5734,-1.042368,-17.22,23.03,-0.56,Noise,Right
1707209503247,-0.03416,-0.547536,-1.026264,-21.49,36.82,-0.56,Noise,Right
1707209503247,-0.031232,-0.510936,-0.992104,-22.61,41.65,1.89,Noise,Right
1707209503366,-0.111264,-0.474336,-1.0492,-21.63,52.43,7.35,Noise,Right
1707209503367,-0.125416,-0.457744,-0.919392,-24.85,68.88,17.29,Noise,Right
1707209503367,0.025864,-0.488976,-0.911584,-26.11,58.38,19.53,Noise,Right
1707209503367,0.025376,-0.49532,-0.87596,-31.85,45.22,15.96,Noise,Right
1707209503367,-0.023424,-0.487512,-0.885232,-33.67,45.08,15.4,Noise,Right
1707209503367,-0.005368,-0.47092,-0.910608,-30.38,53.76,20.93,Noise,Right
1707209503367,-0.022936,-0.434808,-0.953552,-26.04,68.11,28.14,Noise,Right
1707209503471,0.029768,-0.46116,-0.913536,-25.48,87.57,32.2,Noise,Right
1707209503471,0.158112,-0.5002,-0.7564,-23.45,91.98,32.2,Noise,Right
1707209503471,0.255712,-0.57096,-0.677344,-16.52,37.24,13.86,Noise,Right
1707209503471,0.121512,-0.460184,-0.679296,-14.21,9.17,9.94,Noise,Right
1707209503471,0.08052,-0.481656,-0.745664,-17.5,-1.05,9.45,Noise,Right
1707209503472,0.074176,-0.408944,-0.72956,-8.75,2.17,-0.07,Noise,Right
1707209503472,0.082472,-0.343552,-0.732488,0.35,-0.28,2.24,Noise,Right
1707209503575,0.142008,-0.349408,-0.655872,5.67,-7.28,-7.98,Noise,Right
1707209503576,0.124928,-0.404552,-0.643184,13.93,-27.93,-12.81,Noise,Right
1707209503576,0.08052,-0.413336,-0.731512,18.9,-40.39,-21.28,Noise,Right
1707209503576,0.07808,-0.416752,-0.806664,17.15,-35.49,-20.65,Noise,Right
1707209503577,0.108824,-0.323544,-0.742248,10.99,-23.03,-13.3,Noise,Right
1707209503577,0.108336,-0.404064,-0.856928,42.77,-43.89,-9.66,Noise,Right
1707209503622,0.07076,-0.52216,-0.806176,43.33,-47.88,-13.37,Noise,Right
1707209503623,0.059536,-0.545584,-0.878888,41.51,-50.33,-22.68,Noise,Right
1707209503623,-0.006344,-0.524112,-0.932568,35.77,-49.84,-27.72,Noise,Right
1707209503673,-0.075152,-0.549976,-0.96868,21.77,-46.55,-33.95,Noise,Right
1707209503675,-0.023912,-0.53924,-0.986736,7.98,-49.77,-30.87,Noise,Right
1707209503675,-0.032208,-0.44652,-0.982832,8.68,-42.07,-15.26,Noise,Right
1707209503775,-0.038064,-0.499224,-1.00284,13.65,-35.84,-5.25,Noise,Right
1707209503775,0.005368,-0.55632,-1.038952,11.13,-26.67,0.21,Noise,Right
1707209503775,0.03172,-0.566568,-1.076528,5.39,-8.54,2.1,Noise,Right
1707209503775,0.060512,-0.58316,-1.079944,2.31,2.52,-0.28,Noise,Right
1707209503775,0.045384,-0.545096,-1.090192,-4.76,14.63,-2.03,Noise,Right
1707209503775,0.022936,-0.49288,-1.082872,-11.34,25.27,-0.77,Noise,Right
1707209503823,-0.103944,-0.526064,-1.005768,-15.82,40.46,6.37,Noise,Right
1707209503823,-0.028304,-0.531432,-0.88328,-22.82,53.9,9.03,Noise,Right
1707209503823,0.098088,-0.467504,-0.876448,-27.86,38.15,5.67,Noise,Right
1707209503872,0.068808,-0.44164,-0.880352,-29.4,23.38,0.77,Noise,Right
1707209503873,0.084424,-0.421144,-0.885232,-30.03,17.85,-2.17,Noise,Right
1707209503983,0.069784,-0.416752,-0.902312,-27.79,18.9,-0.42,Noise,Right
1707209503983,0.054656,-0.43188,-0.953064,-23.1,26.46,2.45,Noise,Right
1707209503983,0.031232,-0.48068,-0.974048,-20.65,39.41,9.94,Noise,Right
1707209503984,0.02928,-0.525576,-0.975512,-20.86,56.21,15.61,Noise,Right
1707209503984,-0.005856,-0.55388,-0.858392,-15.4,68.53,17.99,Noise,Right
1707209503984,-0.032696,-0.475312,-0.643672,15.89,52.99,26.46,Noise,Right
1707209503984,0.213256,-0.69784,-0.813496,13.02,33.88,60.55,Noise,Right
1707209504039,0.123464,-0.367952,-0.71004,-21.77,22.33,-5.6,Noise,Right
1707209504039,0.14152,-0.406016,-0.667584,-17.99,13.16,-4.34,Noise,Right
1707209504039,0.223016,-0.416264,-0.55144,-15.19,-11.55,-20.44,Noise,Right
1707209504083,0.115168,-0.35624,-0.6588,-12.53,-39.2,-27.79,Noise,Right
1707209504083,0.077592,-0.323544,-0.693448,-0.7,-28.07,-28.49,Noise,Right
1707209504083,0.109312,-0.289384,-0.698328,19.95,-25.69,-19.74,Noise,Right
1707209504139,0.097112,-0.29768,-0.760792,29.26,-27.65,-17.78,Noise,Right
1707209504140,0.13908,-0.372832,-0.803248,36.33,-29.75,-16.52,Noise,Right
1707209504140,0.0488,-0.455792,-0.94672,38.99,-30.52,-20.79,Noise,Right
1707209504190,-0.014152,-0.405528,-0.953552,24.92,-16.87,-25.97,Noise,Right
1707209504191,-0.099064,-0.552416,-1.060424,19.04,-10.92,-22.96,Noise,Right
1707209504191,0.00244,-0.538264,-0.98088,-0.14,9.31,-6.09,Noise,Right
1707209504236,0.027816,-0.539728,-0.899384,-1.54,3.43,2.8,Noise,Right
1707209504237,0.07076,-0.489464,-0.977952,7.21,1.54,10.78,Noise,Right
1707209504237,0.183488,-0.4514,-0.931592,8.05,-2.24,13.79,Noise,Right
1707209504286,0.187392,-0.391864,-0.927688,8.82,-4.97,14.28,Noise,Right
1707209504286,0.216672,-0.403088,-0.955016,9.1,-4.41,9.24,Noise,Right
1707209504286,0.245464,-0.410408,-0.98576,7.28,-1.33,5.46,Noise,Right
1707209504340,0.186904,-0.444568,-0.961848,6.37,7.7,2.94,Noise,Right
1707209504340,0.172264,-0.474336,-0.983808,3.78,20.37,0.42,Noise,Right
1707209504340,0.11956,-0.517768,-1.003328,5.11,25.9,-1.26,Noise,Right
1707209504404,0.139568,-0.565592,-0.982344,1.89,30.38,-1.05,Noise,Right
1707209504404,0.1586,-0.61488,-0.938424,-2.94,17.29,-5.88,Noise,Right
1707209504404,0.126392,-0.567544,-0.99308,-6.09,2.59,-10.71,Noise,Right
1707209504521,0.064904,-0.524112,-0.985272,-10.85,0.91,-9.03,Noise,Right
1707209504522,0.069784,-0.4392,-1.038952,-14.91,8.75,-5.95,Noise,Right
1707209504522,0.050264,-0.444568,-1.056032,-19.04,23.45,5.46,Noise,Right
1707209504522,0.06588,-0.41968,-1.001376,-24.08,47.25,17.43,Noise,Right
1707209504522,0.127368,-0.426512,-0.950624,-25.55,58.52,20.58,Noise,Right
1707209504522,0.135176,-0.457744,-0.716384,-25.48,61.25,23.52,Noise,Right
1707209504523,0.230824,-0.400648,-0.767136,-17.99,30.45,10.36,Noise,Right
1707209504593,0.196176,-0.401624,-0.72468,-6.79,4.83,20.16,Noise,Right
1707209504593,0.239608,-0.481656,-0.699792,-20.23,-1.19,0.77,Noise,Right
1707209504593,0.194224,-0.343552,-0.765672,-17.92,-4.27,-4.9,Noise,Right
1707209504593,0.178608,-0.319152,-0.732,-8.75,-0.07,-3.57,Noise,Right
1707209504593,0.185928,-0.317688,-0.725168,-3.36,1.47,-2.8,Noise,Right
1707209504643,0.167384,-0.324032,-0.689056,7.56,-0.21,2.31,Noise,Right
1707209504643,0.20008,-0.384056,-0.672952,18.55,-7.42,6.09,Noise,Right
1707209504643,0.184952,-0.365024,-0.657336,28.56,-21.77,7.14,Noise,Right
1707209504688,0.142984,-0.454328,-0.662216,35.56,-37.8,3.01,Noise,Right
1707209504688,0.14396,-0.438224,-0.724192,42.28,-49.0,0.84,Noise,Right
1707209504744,0.110776,-0.466528,-0.7076,47.67,-56.84,-3.92,Noise,Right
1707209504744,0.118584,-0.471896,-0.676368,47.53,-63.07,-11.41,Noise,Right
1707209504744,0.081008,-0.521672,-0.745176,45.99,-78.47,-21.35,Noise,Right
1707209504867,0.052704,-0.525576,-0.804224,36.47,-81.62,-30.31,Noise,Right
1707209504867,-0.054656,-0.548024,-0.947696,40.18,-81.55,-22.68,Noise,Right
1707209504867,-0.093208,-0.567056,-0.998936,36.26,-61.81,-16.45,Noise,Right
1707209504867,-0.081984,-0.484584,-1.098,30.1,-47.67,-22.75,Noise,Right
1707209504867,-0.016104,-0.614392,-1.113616,9.31,-26.04,-17.99,Noise,Right
1707209504867,-0.002928,-0.548512,-1.118008,-25.13,15.68,-14.63,Noise,Right
1707209504868,0.087352,-0.60268,-1.182912,-29.89,7.49,-10.71,Noise,Right
1707209504978,0.157624,-0.583648,-1.08824,-12.88,17.92,7.21,Noise,Right
1707209504978,0.19764,-0.570472,-1.010648,-13.02,23.31,2.38,Noise,Right
1707209504978,0.194224,-0.559736,-0.9882,-13.23,24.5,-1.61,Noise,Right
1707209504979,0.103456,-0.545584,-0.94916,-15.33,27.02,-6.86,Noise,Right
1707209504979,0.121512,-0.5002,-0.909632,-15.54,31.01,-5.25,Noise,Right
1707209504979,0.144936,-0.449448,-0.909144,-19.46,26.25,-9.31,Noise,Right
1707209504979,0.116632,-0.401136,-0.894504,-22.19,23.52,-12.11,Noise,Right
1707209505039,0.086864,-0.434808,-0.901824,-21.84,17.08,-13.93,Noise,Right
1707209505040,0.024888,-0.429928,-0.916464,-23.1,20.44,-11.34,Noise,Right
1707209505040,0.077592,-0.411872,-0.937448,-22.61,27.23,-6.86,Noise,Right
1707209505040,0.084912,-0.398208,-0.98576,-21.56,34.09,-2.1,Noise,Right
1707209505091,0.127856,-0.3904,-1.00772,-22.47,45.85,6.23,Noise,Right
1707209505091,0.147376,-0.386496,-1.015528,-19.6,57.4,13.51,Noise,Right
1707209505091,0.192272,-0.449936,-0.926224,-17.08,67.27,18.9,Noise,Right
1707209505136,0.238144,-0.625616,-0.740296,-15.26,54.53,15.12,Noise,Right
1707209505136,0.118584,-0.489952,-0.796904,4.76,6.65,14.14,Noise,Right
1707209505136,0.11712,-0.599752,-0.759328,-4.83,-1.75,7.56,Noise,Right
1707209505182,0.101016,-0.5124,-0.753472,-22.12,17.01,-4.55,Noise,Right
1707209505183,0.096624,-0.392352,-0.784216,-17.99,2.52,-3.99,Noise,Right
1707209505183,0.110776,-0.391376,-0.725656,-12.46,6.23,-3.22,Noise,Right
1707209505230,0.149816,-0.36112,-0.704184,-10.36,6.3,4.27,Noise,Right
1707209505230,0.18056,-0.258152,-0.704672,1.12,-1.05,1.96,Noise,Right
1707209505281,0.20252,-0.19032,-0.701744,8.05,-1.26,4.34,Noise,Right
1707209505282,0.245952,-0.24644,-0.68076,20.37,-8.26,5.18,Noise,Right
1707209505282,0.257176,-0.31232,-0.672952,31.36,-21.14,-17.64,Noise,Right
1707209505337,0.2196,-0.373808,-0.718336,38.85,-32.41,-1.19,Noise,Right
1707209505338,0.244,-0.385032,-0.760304,47.39,-41.65,-1.12,Noise,Right
1707209505338,0.200568,-0.367464,-0.81496,52.36,-51.52,-2.31,Noise,Right
1707209505338,0.175192,-0.468968,-0.85644,57.96,-56.77,-0.63,Noise,Right
1707209505386,0.131272,-0.455304,-0.862784,57.33,-62.3,4.48,Noise,Right
1707209505386,0.111264,-0.47336,-0.876448,57.96,-77.42,5.25,Noise,Right
1707209505438,0.038552,-0.514352,-0.904264,56.84,-91.77,3.71,Noise,Right
1707209505439,0.008296,-0.477752,-0.888648,57.4,-96.18,7.84,Noise,Right
1707209505439,0.008296,-0.465552,-1.001864,58.66,-102.69,9.73,Noise,Right
1707209505489,-0.0244,-0.531432,-0.922808,45.08,-79.66,18.41,Noise,Right
1707209505489,-0.092232,-0.544608,-0.903288,41.23,-64.54,21.35,Noise,Right
1707209505490,-0.073688,-0.669048,-0.880352,49.7,-60.2,25.97,Noise,Right
1707209505490,-0.072224,-0.767136,-0.783728,35.77,-55.16,27.23,Noise,Right
1707209505537,-0.087352,-0.721264,-0.837896,39.06,-71.54,22.68,Noise,Right
1707209505538,-0.064416,-0.690032,-0.798856,37.87,-77.0,20.93,Noise,Right
1707209505590,-0.04392,-0.671,-0.801296,31.64,-80.78,19.25,Noise,Right
1707209505591,-0.138592,-0.580232,-0.873032,31.15,-76.51,17.29,Noise,Right
1707209505591,-0.201056,-0.579744,-0.811544,27.65,-56.28,16.73,Noise,Right
1707209505717,-0.162992,-0.568032,-0.830576,27.3,-46.9,20.37,Noise,Right
1707209505717,-0.157136,-0.531432,-0.85888,32.97,-47.25,25.13,Noise,Right
1707209505717,-0.223016,-0.64172,-0.798856,32.06,-40.53,24.71,Noise,Right
1707209505718,-0.192272,-0.626592,-0.754936,27.23,-41.09,20.37,Noise,Right
1707209505718,-0.14884,-0.591456,-0.77592,33.39,-51.31,21.91,Noise,Right
1707209505718,-0.084424,-0.587064,-0.769088,52.22,-74.27,29.26,Noise,Right
1707209505718,-0.090768,-0.73932,-0.74908,57.82,-106.47,34.86,Noise,Right
1707209505823,-0.293288,-0.7198,-0.741272,54.39,-106.54,4.62,Noise,Right
1707209505823,-0.472384,-0.728096,-0.665632,60.34,-111.93,20.86,Noise,Right
1707209505823,-0.402112,-0.791048,-0.671,53.76,-91.63,45.22,Noise,Right
1707209505823,-0.336232,-0.73932,-0.61976,53.55,-106.96,42.0,Noise,Right
1707209505823,-0.323056,-0.752496,-0.6222,52.85,-125.3,61.88,Noise,Right
1707209505823,-0.357216,-0.818376,-0.528992,61.6,-169.33,60.41,Noise,Right
1707209505823,-0.569984,-0.89548,-0.540216,64.89,-183.82,66.71,Noise,Right
1707209505881,-0.792512,-1.037,-0.418216,40.53,-164.92,60.13,Noise,Right
1707209505881,-0.825696,-1.01748,-0.38796,21.49,-158.62,28.14,Noise,Right
1707209505881,-0.682224,-0.797392,-0.299632,25.97,-204.19,6.44,Noise,Right
1707209505881,-0.684176,-0.835944,-0.451888,24.15,-199.99,18.83,Noise,Right
1707209505927,-0.61,-0.426024,-0.328912,48.93,-204.61,52.29,Noise,Right
1707209505927,-0.727608,-0.665144,-0.413336,67.34,-224.98,81.06,Noise,Right
1707209505976,-0.7442,-0.447008,-0.211792,51.1,-177.24,81.97,Noise,Right
1707209505977,-0.88572,-0.570472,-0.26108,59.08,-181.58,87.22,Noise,Right
1707209505977,-0.764696,-0.424072,-0.052216,45.99,-176.47,70.21,Noise,Right
1707209506025,-0.803248,-0.602192,-0.051728,55.02,-208.67,61.25,Noise,Right
1707209506026,-0.835456,-0.634888,0.238632,60.9,-273.98,26.46,Noise,Right
1707209506026,-0.674904,-0.600728,0.372832,70.7,-362.39,-15.89,Noise,Right
1707209506136,-0.58804,-0.813496,0.512888,61.88,-405.72,-64.61,Noise,Right
1707209506137,-0.735904,-1.026264,0.5856,26.18,-514.08,-102.55,Noise,Right
1707209506137,-1.00528,-0.386984,0.250344,91.49,-408.94,-52.43,Noise,Right
1707209506137,-0.682224,-0.580232,0.453352,117.46,-121.31,13.23,Noise,Right
1707209506137,-0.582184,-0.600728,0.372832,127.82,-93.59,1.26,Noise,Right
1707209506137,-0.588528,-0.411384,0.458232,136.01,-67.62,17.64,Noise,Right
1707209506233,-0.65636,-0.750056,0.482144,133.84,57.05,8.05,Noise,Right
1707209506233,-0.579744,-0.374296,0.460184,135.45,80.57,2.87,Noise,Right
1707209506233,-0.921832,-0.459696,0.437736,141.54,44.03,61.39,Noise,Right
1707209506233,-0.83204,-0.562664,0.565592,115.64,72.87,55.37,Noise,Right
1707209506233,-0.530456,-0.40504,0.536312,80.5,28.98,25.55,Noise,Right
1707209506234,-0.555832,-0.345016,0.393816,68.46,-7.7,17.5,Noise,Right
1707209506338,-0.44652,-0.318176,0.40748,52.99,-32.41,2.73,Noise,Right
1707209506338,-0.321592,-0.349408,0.43676,41.79,-98.14,-7.14,Noise,Right
1707209506338,-0.588528,-0.39528,0.510936,38.99,-131.39,-10.64,Noise,Right
1707209506339,-0.776408,-0.461648,0.604632,39.48,-84.91,-6.02,Noise,Right
1707209506339,-0.799832,-0.376736,0.716872,39.55,-21.42,4.9,Noise,Right
1707209506339,-0.874496,-0.594384,0.733952,32.55,18.55,8.33,Noise,Right
1707209506386,-0.97112,-0.524112,0.66124,32.41,80.78,9.8,Noise,Right
1707209506389,-0.7442,-0.613904,0.691496,35.56,131.25,16.03,Noise,Right
1707209506389,-0.661728,-0.49044,0.675392,26.39,117.18,1.61,Noise,Right
1707209506513,-0.557784,-0.40504,0.771528,24.43,86.24,-5.67,Noise,Right
1707209506513,-0.633424,-0.408456,0.871568,19.6,45.85,-21.42,Noise,Right
1707209506513,-0.718336,-0.206912,0.808616,24.43,22.05,-29.96,Noise,Right
1707209506513,-0.781288,-0.157136,0.577304,45.22,42.84,3.36,Noise,Right
1707209506513,-0.765184,-0.247416,0.508984,47.81,60.62,11.83,Noise,Right
1707209506513,-0.771528,-0.304024,0.476288,32.13,67.48,6.79,Noise,Right
1707209506513,-0.64172,-0.256688,0.382104,21.91,80.36,9.94,Noise,Right
1707209506627,-0.605608,-0.371368,0.435784,26.46,92.12,16.38,Noise,Right
1707209506627,-0.543144,-0.37332,0.416264,18.34,78.89,7.07,Noise,Right
1707209506628,-0.5124,-0.357216,0.399672,11.97,44.38,-6.65,Noise,Right
1707209506628,-0.499712,-0.351848,0.357704,7.56,-2.87,-18.41,Noise,Right
1707209506628,-0.62464,-0.284504,0.337696,1.19,-41.79,-29.54,Noise,Right
1707209506628,-0.65636,-0.271816,0.391864,-0.42,-70.07,-24.43,Noise,Right
1707209506628,-0.7076,-0.176168,0.434808,0.7,-85.33,-10.85,Noise,Right
1707209506676,-0.73932,-0.256688,0.553392,21.98,-37.73,46.55,Noise,Right
1707209506726,-0.782264,-0.423096,0.668072,0.56,-48.93,31.5,Noise,Right
1707209506727,-1.044808,-0.28304,0.581208,1.82,-10.64,42.35,Noise,Right
1707209506727,-1.084336,-0.345992,0.751032,-0.21,43.96,25.34,Noise,Right
1707209506727,-0.950624,-0.268888,0.699304,-5.18,43.82,16.1,Noise,Right
1707209506727,-0.982832,-0.348432,0.666608,5.46,54.32,15.05,Noise,Right
1707209506786,-0.783728,-0.372832,0.636352,15.12,53.2,7.42,Noise,Right
1707209506786,-0.713944,-0.425536,0.6222,19.04,29.47,-4.76,Noise,Right
1707209506787,-0.699792,-0.412848,0.564128,21.35,14.07,-6.02,Noise,Right
1707209506787,-0.730536,-0.325496,0.501176,20.44,-10.29,-12.95,Noise,Right
1707209506831,-0.868152,-0.32208,0.501176,17.92,-16.24,-20.58,Noise,Right
1707209506832,-0.91256,-0.328912,0.600728,8.75,-7.0,-32.27,Noise,Right
1707209506832,-0.876448,-0.337696,0.65392,-12.25,-9.24,-55.86,Noise,Right
1707209506877,-0.876936,-0.164944,0.487024,-12.46,20.16,-38.22,Noise,Right
1707209506878,-0.728096,-0.244,0.465552,2.87,67.76,-10.08,Noise,Right
1707209506925,-0.654408,-0.157136,0.342088,19.6,72.24,21.77,Noise,Right
1707209506925,-0.575352,-0.203496,0.383568,27.51,53.76,25.27,Noise,Right
1707209506925,-0.570472,-0.24156,0.33916,31.71,5.6,38.57,Noise,Right
1707209506971,-0.572912,-0.271328,0.33672,42.7,9.87,76.86,Noise,Right
1707209506972,-0.593896,-0.411872,0.482144,14.28,-52.29,33.18,Noise,Right
1707209506972,-1.06384,-0.114192,0.406992,-13.72,-83.16,6.16,Noise,Right
1707209507023,-1.0004,-0.220576,0.565104,-14.7,-16.38,0.28,Noise,Right
1707209507024,-0.873032,-0.16348,0.55144,-10.92,5.53,-1.19,Noise,Right
1707209507024,-0.723704,-0.213256,0.566568,-10.08,-5.53,-13.44,Noise,Right
1707209507155,-0.690032,-0.310856,0.582672,-8.68,-26.67,-15.75,Noise,Right
1707209507155,-0.710528,-0.308416,0.53436,-3.22,-36.61,-15.33,Noise,Right
1707209507155,-0.772504,-0.316224,0.506544,-0.35,-41.86,-12.53,Noise,Right
1707209507156,-0.8784,-0.304512,0.516304,1.75,-38.71,-6.72,Noise,Right
1707209507156,-0.856928,-0.266936,0.516792,7.91,-31.5,7.63,Noise,Right
1707209507156,-0.859368,-0.327448,0.580232,12.81,-20.79,15.82,Noise,Right
1707209507156,-0.948184,-0.345504,0.671488,5.6,-13.23,10.22,Noise,Right
1707209507205,-1.01992,-0.22936,0.65148,5.53,17.29,9.66,Noise,Right
1707209507205,-0.941352,-0.29768,0.605608,5.25,47.6,4.34,Noise,Right
1707209507205,-0.9272,-0.40504,0.703208,-14.28,34.79,-63.7,Noise,Right
1707209507252,-0.581696,-0.133712,0.560224,-46.2,27.3,-45.92,Noise,Right
1707209507252,-0.82228,-0.488488,0.75884,-43.19,-44.17,-118.44,Noise,Right
1707209507253,-0.440664,0.364536,0.005856,-54.39,-24.5,-18.41,Noise,Right
1707209507297,-0.407968,-0.523624,0.48312,37.17,7.7,14.49,Noise,Right
1707209507297,-0.623176,-0.097112,0.2684,6.3,-50.96,-2.8,Noise,Right
1707209507297,-0.723704,-0.293288,0.454328,31.99,-17.99,45.15,Noise,Right
1707209507341,-0.874984,-0.298656,0.521184,11.9,-27.02,25.83,Noise,Right
1707209507343,-0.9638,-0.14396,0.396256,44.38,49.07,57.68,Noise,Right
1707209507343,-0.549488,-0.626592,0.679296,52.78,110.25,90.72,Noise,Right
1707209507391,-0.970144,-0.38552,0.728096,-3.5,22.05,0.0,Noise,Right
1707209507391,-1.006256,-0.122488,0.546072,-8.54,3.15,-2.73,Noise,Right
1707209507439,-0.76372,-0.221064,0.55388,-9.31,-17.5,-30.03,Noise,Right
1707209507442,-0.818864,-0.3538,0.708088,-32.41,-72.31,-82.46,Noise,Right
1707209507442,-0.722728,-0.007808,0.498248,-42.21,-67.13,-61.18,Noise,Right
1707209507482,-0.858392,-0.621712,0.793976,-21.42,-59.71,-91.35,Noise,Right
1707209507483,-0.686616,-0.216672,0.609512,-127.05,-106.47,-129.99,Noise,Right
1707209507483,-0.554856,-0.36112,0.407968,37.94,60.69,16.8,Noise,Right
1707209507533,-0.49288,-0.444568,0.450424,6.23,12.6,0.0,Noise,Right
1707209507533,-0.632936,-0.142008,0.321104,27.23,-2.73,34.3,Noise,Right
1707209507533,-0.813984,-0.413824,0.538264,41.79,13.44,47.74,Noise,Right
1707209507665,-0.865712,-0.267424,0.379176,81.97,99.26,136.92,Noise,Right
1707209507665,-0.668072,-0.845216,0.889136,62.23,92.89,106.4,Noise,Right
1707209507665,-1.25416,0.086376,0.489464,-26.6,-50.47,-1.82,Noise,Right
1707209507665,-1.143872,-0.169336,0.70028,3.78,52.57,12.88,Noise,Right
1707209507665,-0.85156,-0.258152,0.568032,-5.32,31.57,-4.62,Noise,Right
1707209507667,-0.747128,-0.349408,0.546072,-19.18,-17.99,-48.72,Noise,Right
1707209507667,-0.796904,-0.342576,0.587552,-46.55,-51.87,-94.36,Noise,Right
1707209507716,-0.729072,-0.345016,0.584136,-10.22,-51.31,-120.68,Noise,Right
1707209507716,-0.667096,-0.445544,0.71736,-84.84,-101.01,-101.92,Noise,Right
1707209507716,-0.558272,-0.081984,0.189832,23.31,22.33,15.47,Noise,Right
1707209507760,-0.416752,-0.580232,0.403088,18.13,4.76,18.97,Noise,Right
1707209507760,-0.667096,-0.138104,0.305,21.63,-12.95,38.29,Noise,Right
1707209507761,-0.813008,-0.276696,0.44652,38.22,-1.54,48.65,Noise,Right
1707209507809,-0.820328,-0.320616,0.451888,64.96,61.81,116.97,Noise,Right
1707209507809,-0.786656,-0.8174,0.918904,23.66,78.75,92.19,Noise,Right
1707209507809,-1.31516,0.099552,0.552416,-19.95,-42.91,-6.16,Noise,Right
1707209507853,-1.072136,-0.207888,0.738344,6.93,57.96,9.59,Noise,Right
1707209507853,-0.787144,-0.239608,0.532408,3.71,28.84,-18.13,Noise,Right
1707209507855,-0.780312,-0.350384,0.522648,-7.84,-11.13,-60.27,Noise,Right
1707209507901,-0.64904,-0.398696,0.585112,-49.56,-35.07,-70.14,Noise,Right
1707209507901,-0.815936,-0.449936,0.638304,-32.06,-69.93,-98.42,Noise,Right
1707209507958,-0.672952,-0.307928,0.418216,-42.14,-41.09,-54.95,Noise,Right
1707209507958,-0.667584,-0.239608,0.324032,7.07,-1.89,-1.19,Noise,Right
1707209507961,-0.70272,-0.348432,0.411384,19.74,9.52,16.03,Noise,Right
1707209507996,-0.72468,-0.318664,0.469944,28.7,22.68,40.81,Noise,Right
1707209507996,-0.770552,-0.408456,0.560224,22.47,21.14,41.44,Noise,Right
1707209507996,-0.837896,-0.220576,0.528504,23.94,23.73,41.3,Noise,Right
1707209508045,-0.767136,-0.31964,0.599264,28.0,25.69,49.0,Noise,Right
1707209508047,-0.848144,-0.213256,0.55876,14.77,-16.94,25.62,Noise,Right
1707209508047,-0.857904,-0.21228,0.562664,1.4,-33.04,6.72,Noise,Right
1707209508088,-0.99064,-0.157136,0.535824,5.53,-16.87,15.19,Noise,Right
1707209508089,-0.98332,-0.2562,0.564128,5.46,9.31,7.35,Noise,Right
1707209508089,-0.95648,-0.311344,0.495808,6.51,42.63,10.64,Noise,Right
1707209508142,-0.882792,-0.33672,0.474336,4.34,70.42,-5.6,Noise,Right
1707209508142,-0.62952,-0.447496,0.542656,-10.64,62.37,-31.29,Noise,Right
1707209508201,-0.52216,-0.331352,0.525088,-33.74,10.5,-52.15,Noise,Right
1707209508202,-0.724192,-0.380152,0.530456,-32.62,-44.45,-73.08,Noise,Right
1707209508202,-0.680272,-0.103456,0.32696,-4.69,-25.69,-10.01,Noise,Right
1707209508281,-0.66124,-0.251808,0.416264,15.26,-31.29,7.07,Noise,Right
1707209508282,-0.785192,-0.24888,0.426512,25.83,-31.99,38.43,Noise,Right
1707209508282,-0.83936,-0.396256,0.56852,27.09,-6.16,55.44,Noise,Right
1707209508282,-1.04676,-0.319152,0.636352,5.25,-4.06,21.98,Noise,Right
1707209508282,-1.077016,-0.186416,0.748104,2.94,24.29,10.15,Noise,Right
1707209508387,-1.0004,-0.174216,0.542168,5.04,38.92,5.88,Noise,Right
1707209508387,-0.803736,-0.265472,0.517768,1.61,28.42,-15.96,Noise,Right
1707209508387,-0.745664,-0.332328,0.514352,-19.11,-3.57,-37.87,Noise,Right
1707209508387,-0.614392,-0.342576,0.461648,-11.48,-21.56,-19.25,Noise,Right
1707209508388,-0.68564,-0.400648,0.432856,-5.04,-39.48,-32.55,Noise,Right
1707209508388,-0.66124,-0.343064,0.425048,9.45,-12.95,1.4,Noise,Right
1707209508389,-0.8052,-0.359656,0.48068,10.43,-16.24,17.71,Noise,Right
1707209508429,-0.902312,-0.258152,0.47092,8.12,2.03,10.57,Noise,Right
1707209508430,-0.88084,-0.30256,0.537288,9.17,17.36,13.93,Noise,Right
1707209508490,-0.886208,-0.249368,0.549976,-0.07,13.44,-0.21,Noise,Right
1707209508494,-0.817888,-0.244488,0.543144,-2.1,10.71,-6.09,Noise,Right
1707209508498,-0.787632,-0.313784,0.536312,-3.71,4.97,-19.04,Noise,Right
1707209508544,-0.796416,-0.318176,0.589504,-15.96,-12.95,-41.86,Noise,Right
1707209508545,-0.708088,-0.215208,0.525088,-17.5,-21.0,-44.87,Noise,Right
1707209508545,-0.72468,-0.232288,0.39772,4.69,-10.85,-9.03,Noise,Right
1707209508545,-0.69296,-0.303048,0.38552,11.2,-13.3,-1.12,Noise,Right
1707209508601,-0.626104,-0.248392,0.345504,18.34,-21.35,27.72,Noise,Right
1707209508601,-0.73444,-0.443104,0.41968,31.08,-8.75,64.4,Noise,Right
1707209508601,-0.859368,-0.45384,0.584136,18.55,-3.99,48.3,Noise,Right
1707209508652,-0.945744,-0.209352,0.593896,-5.74,-20.3,20.51,Noise,Right
1707209508652,-1.135088,-0.164944,0.629032,0.56,6.37,14.91,Noise,Right
1707209508653,-0.994544,-0.183976,0.589016,-2.03,17.36,7.42,Noise,Right
1707209508777,-0.88328,-0.264496,0.55388,2.1,23.17,1.19,Noise,Right
1707209508777,-0.814472,-0.349896,0.550952,-5.25,17.15,-25.13,Noise,Right
1707209508777,-0.687592,-0.348432,0.57096,-17.71,9.87,-31.99,Noise,Right
1707209508778,-0.61488,-0.338672,0.515816,-4.34,8.68,-21.7,Noise,Right
1707209508778,-0.752984,-0.410408,0.493856,-6.58,-11.06,-39.06,Noise,Right
1707209508778,-0.698816,-0.175192,0.347944,5.39,2.8,-0.63,Noise,Right
1707209508778,-0.792512,-0.325496,0.42456,11.06,-11.13,3.01,Noise,Right
1707209508898,-0.835456,-0.244488,0.43676,4.41,-9.87,7.14,Noise,Right
1707209508898,-0.796904,-0.272304,0.50996,10.29,-4.76,20.93,Noise,Right
1707209508898,-0.8662,-0.269376,0.540216,11.13,0.49,21.14,Noise,Right
1707209508898,-0.828624,-0.250832,0.525576,5.53,-7.91,10.99,Noise,Right
1707209508899,-0.791536,-0.158112,0.492392,4.69,-17.5,10.43,Noise,Right
1707209508899,-0.7442,-0.221552,0.495808,8.12,-25.83,17.57,Noise,Right
1707209508899,-0.80032,-0.27328,0.53192,3.92,-46.62,10.22,Noise,Right
1707209508899,-0.871568,-0.252296,0.506544,2.73,-51.8,7.84,Noise,Right
1707209508998,-0.970144,-0.305976,0.56852,3.01,-22.47,6.02,Noise,Right
1707209508998,-0.931592,-0.304512,0.565104,0.91,3.71,3.64,Noise,Right
1707209508998,-0.940864,-0.31964,0.54168,0.7,29.26,-4.69,Noise,Right
1707209508998,-0.833992,-0.398208,0.581696,-9.8,56.0,-19.18,Noise,Right
1707209508998,-0.530944,-0.425536,0.577304,-21.14,44.03,-39.34,Noise,Right
1707209508999,-0.689544,-0.447984,0.635864,-43.82,-22.33,-88.55,Noise,Right
1707209509049,-0.622688,-0.186904,0.468968,-64.54,-52.43,-85.05,Noise,Right
1707209509049,-0.650992,-0.137128,0.30012,12.11,4.41,-0.35,Noise,Right
1707209509049,-0.622688,-0.386008,0.486048,15.89,-7.35,3.99,Noise,Right
1707209509100,-0.705648,-0.076128,0.38796,16.94,-29.05,18.97,Noise,Right
1707209509101,-0.859368,-0.218624,0.451888,41.86,-12.95,53.9,Noise,Right
1707209509101,-0.852536,-0.325008,0.582184,50.75,32.06,72.8,Noise,Right
1707209509201,-0.940864,-0.369904,0.594384,32.2,40.46,56.14,Noise,Right
1707209509202,-0.974536,-0.319152,0.679784,-1.26,19.67,6.02,Noise,Right
1707209509202,-1.020408,-0.172264,0.529968,1.19,19.6,0.28,Noise,Right
1707209509202,-0.83448,-0.276208,0.581696,-4.06,14.56,-23.59,Noise,Right
1707209509202,-0.843264,-0.388448,0.670024,-26.74,-18.06,-61.25,Noise,Right
1707209509249,-0.750056,-0.21716,0.53192,-28.21,-42.14,-73.57,Noise,Right
1707209509250,-0.689056,-0.403088,0.603168,-39.41,-55.51,-68.39,Noise,Right
1707209509250,-0.57096,-0.132736,0.303048,-18.34,-14.0,-18.2,Noise,Right
1707209509297,-0.596336,-0.404552,0.401136,28.42,11.62,15.54,Noise,Right
1707209509297,-0.64172,-0.314272,0.35624,19.53,-2.24,20.79,Noise,Right
1707209509297,-0.743224,-0.208376,0.345992,29.12,-8.89,28.21,Noise,Right
1707209509342,-0.82716,-0.298168,0.410896,45.64,25.62,69.3,Noise,Right
1707209509342,-0.774456,-0.378688,0.570472,35.35,17.01,63.07,Noise,Right
1707209509342,-1.033096,-0.34892,0.714432,-2.52,-22.12,2.31,Noise,Right
1707209509390,-1.199504,-0.07564,0.574376,-7.21,-11.62,-2.73,Noise,Right
1707209509390,-0.962824,-0.19276,0.555344,-2.59,26.25,-8.33,Noise,Right
1707209509390,-0.835456,-0.340624,0.58316,-14.49,12.39,-34.58,Noise,Right
1707209509437,-0.713456,-0.343552,0.562664,-41.3,-20.72,-59.15,Noise,Right
1707209509437,-0.74176,-0.40748,0.577304,-35.21,-52.5,-82.18,Noise,Right
1707209509483,-0.584136,-0.25132,0.422608,-29.33,-27.02,-19.6,Noise,Right
1707209509484,-0.560712,-0.302072,0.352336,18.06,6.86,10.92,Noise,Right
1707209509484,-0.608048,-0.332328,0.36112,35.14,5.53,44.52,Noise,Right
1707209509528,-0.700768,-0.319152,0.436272,31.92,1.89,52.15,Noise,Right
1707209509528,-0.869128,-0.326472,0.563152,26.95,15.47,57.26,Noise,Right
1707209509528,-1.020408,-0.232288,0.693448,2.52,6.37,19.95,Noise,Right
1707209509580,-1.103856,-0.096136,0.628056,-3.85,11.13,4.06,Noise,Right
1707209509580,-1.001864,-0.16836,0.61244,5.53,40.88,8.33,Noise,Right
1707209509581,-0.881328,-0.262544,0.494344,2.59,34.86,-7.56,Noise,Right
1707209509712,-0.73688,-0.385032,0.552416,-13.65,22.33,-31.29,Noise,Right
1707209509712,-0.632448,-0.303536,0.44408,-27.79,-4.34,-41.16,Noise,Right
1707209509712,-0.727608,-0.396256,0.467992,-21.91,-43.61,-71.75,Noise,Right
1707209509712,-0.611952,-0.323544,0.376248,-19.53,-12.25,-25.76,Noise,Right
1707209509712,-0.598776,-0.33916,0.373808,15.82,1.54,7.21,Noise,Right
1707209509713,-0.636352,-0.304024,0.356728,29.82,10.01,46.83,Noise,Right
1707209509713,-0.672464,-0.343064,0.453352,26.18,14.63,58.73,Noise,Right
1707209509769,-0.971608,-0.3416,0.587552,18.97,8.68,39.69,Noise,Right
1707209509770,-1.106296,-0.133224,0.634888,-8.96,-13.02,-4.2,Noise,Right
1707209509770,-1.0614,-0.046848,0.577792,-2.17,16.31,0.91,Noise,Right
1707209509770,-0.953552,-0.187392,0.555344,-1.75,35.14,3.36,Noise,Right
1707209509898,-0.759328,-0.230336,0.462136,-0.98,34.16,1.4,Noise,Right
1707209509898,-0.655384,-0.32696,0.401624,3.29,16.03,-1.89,Noise,Right
1707209509898,-0.591944,-0.427488,0.437248,-7.07,-15.19,-11.83,Noise,Right
1707209509898,-0.659288,-0.408456,0.449448,-12.32,-37.66,-15.96,Noise,Right
1707209509898,-0.799832,-0.387472,0.486536,-8.4,-35.14,-15.26,Noise,Right
1707209509898,-0.87108,-0.340624,0.491416,-6.3,-26.46,-11.2,Noise,Right
1707209509898,-0.912072,-0.293288,0.49288,-3.78,-11.69,-5.46,Noise,Right
1707209510021,-0.908656,-0.242536,0.511424,-5.81,-5.04,-2.94,Noise,Right
1707209510021,-0.900848,-0.246928,0.547048,-1.54,8.47,7.07,Noise,Right
1707209510021,-0.877424,-0.240584,0.507032,4.27,15.68,13.3,Noise,Right
1707209510022,-0.818864,-0.281576,0.5124,5.95,23.94,16.87,Noise,Right
1707209510022,-0.789584,-0.349408,0.554368,-4.34,17.78,13.72,Noise,Right
1707209510022,-0.83936,-0.30256,0.521672,-19.95,8.61,11.06,Noise,Right
1707209510022,-0.909632,-0.254736,0.493368,-23.94,23.03,13.86,Noise,Right
1707209510124,-0.942328,-0.115168,0.304024,-3.57,15.33,7.14,Noise,Right
1707209510125,-0.750544,-0.264008,0.420168,3.36,57.47,18.06,Noise,Right
1707209510125,-0.782264,-0.218136,0.407968,0.35,52.57,14.84,Noise,Right
1707209510125,-0.881816,-0.276696,0.417728,0.63,42.84,12.95,Noise,Right
1707209510125,-0.915488,-0.236192,0.410408,0.77,53.55,13.16,Noise,Right
1707209510125,-0.943792,-0.267912,0.398696,1.68,58.52,13.51,Noise,Right
1707209510125,-0.953064,-0.25376,0.382592,1.05,58.73,11.2,Noise,Right
1707209510171,-1.100928,-0.270352,0.332328,2.59,79.45,13.37,Noise,Right
1707209510172,-0.996008,-0.293288,0.366,7.07,109.13,18.06,Noise,Right
1707209510172,-0.77348,-0.454816,0.354288,-0.14,71.75,-3.57,Noise,Right
1707209510218,-0.740296,-0.44164,0.361608,-16.45,21.42,-39.97,Noise,Right
1707209510219,-0.739808,-0.22204,0.27328,-2.8,-62.65,-72.87,Noise,Right
1707209510264,-0.79544,-0.357704,0.49044,2.8,-159.74,-137.06,Noise,Right
1707209510265,-0.617808,0.289384,0.0854,-11.76,-135.45,-22.4,Noise,Right
1707209510265,-0.813984,-0.333304,0.371368,34.51,-92.26,30.59,Noise,Right
1707209510310,-0.776408,-0.266936,0.460184,11.27,-93.1,35.63,Noise,Right
1707209510310,-1.316136,-0.155672,0.394304,-15.33,-96.67,-6.51,Noise,Right
1707209510310,-1.170712,-0.044896,0.438224,-0.28,35.98,29.12,Noise,Right
1707209510360,-0.807152,-0.266448,0.505568,3.36,63.49,36.12,Noise,Right
1707209510361,-0.89304,-0.38308,0.45628,4.83,76.72,37.8,Noise,Right
1707209510361,-0.802272,-0.361608,0.411384,4.9,79.24,31.5,Noise,Right
1707209510435,-0.780312,-0.339648,0.340624,8.68,67.41,25.76,Noise,Right
1707209510435,-0.816912,-0.310856,0.33672,11.48,55.23,20.23,Noise,Right
1707209510436,-0.790072,-0.349896,0.308416,10.29,23.52,8.61,Noise,Right
1707209510436,-0.878888,-0.250832,0.272304,18.2,-0.77,5.46,Noise,Right
1707209510479,-0.957456,-0.413336,0.47336,18.48,24.85,9.31,Noise,Right
1707209510479,-0.872544,-0.28304,0.379176,5.6,-9.17,-1.89,Noise,Right
1707209510479,-1.035536,-0.316224,0.432856,9.38,-1.75,2.03,Noise,Right
1707209510525,-1.0858,-0.244488,0.376248,11.2,20.44,6.93,Noise,Right
1707209510525,-0.973072,-0.264496,0.364536,11.13,30.24,5.6,Noise,Right
1707209510572,-0.911584,-0.308904,0.325008,4.48,22.05,-4.13,Noise,Right
1707209510573,-0.892552,-0.388448,0.35136,-7.56,6.23,-24.15,Noise,Right
1707209510573,-0.74176,-0.162504,0.406504,-26.46,-27.3,-55.3,Noise,Right
1707209510616,-0.965264,-0.12688,0.29036,-2.31,-74.48,-72.1,Noise,Right
1707209510617,-0.9272,-0.272792,0.557296,-17.08,-100.87,-82.6,Noise,Right
1707209510617,-0.828136,0.12688,0.154696,-12.04,-59.78,-21.49,Noise,Right
1707209510667,-0.841312,-0.345504,0.35136,14.42,-31.85,3.15,Noise,Right
1707209510667,-0.865712,-0.194224,0.310856,-2.52,-21.84,-1.47,Noise,Right
1707209510667,-0.883768,-0.211792,0.351848,5.95,2.52,10.29,Noise,Right
1707209510738,-0.785192,-0.394304,0.459696,3.57,40.88,27.93,Noise,Right
1707209510739,-0.7808,-0.351848,0.416264,3.64,17.01,2.94,Noise,Right
1707209510739,-0.768112,-0.294264,0.330376,0.07,0.63,-4.55,Noise,Right
1707209510739,-0.63196,-0.272304,0.321592,-3.29,-19.81,-15.54,Noise,Right
1707209510787,-0.71248,-0.26352,0.277184,4.2,-50.26,-12.25,Noise,Right
1707209510788,-0.887672,-0.264496,0.329888,9.52,-56.56,-8.26,Noise,Right
1707209510788,-0.979416,-0.327936,0.393816,13.58,-17.78,12.6,Noise,Right
1707209510837,-0.974048,-0.159576,0.347944,12.6,1.96,24.36,Noise,Right
1707209510837,-0.972096,-0.440176,0.547536,16.31,77.21,53.48,Noise,Right
1707209510837,-0.967216,-0.415288,0.536312,6.51,90.02,46.41,Noise,Right
1707209510883,-0.953064,-0.333792,0.513864,-2.59,46.62,23.38,Noise,Right
1707209510883,-0.919392,-0.257664,0.39772,-2.1,30.8,7.77,Noise,Right
1707209510927,-0.757376,-0.335256,0.346968,-2.87,8.82,-14.91,Noise,Right
1707209510928,-0.730048,-0.308416,0.345504,-10.43,-44.45,-37.45,Noise,Right
1707209510928,-0.874984,-0.31964,0.400648,-17.64,-69.51,-46.48,Noise,Right
1707209510973,-0.911096,-0.220088,0.41236,-20.72,-59.43,-36.4,Noise,Right
1707209510973,-1.021872,-0.201056,0.432856,-5.18,-43.47,-21.28,Noise,Right
1707209510973,-1.005768,-0.253272,0.480192,0.84,-11.13,-11.55,Noise,Right
1707209511019,-1.0248,-0.232288,0.488,5.95,16.87,-9.94,Noise,Right
1707209511019,-1.02236,-0.34648,0.490928,11.76,50.68,-2.59,Noise,Right
1707209511069,-0.90036,-0.3294,0.429928,10.78,44.59,-31.99,Noise,Right
1707209511069,-0.787632,-0.490928,0.581208,-38.57,9.24,-64.82,Noise,Right
1707209511070,-0.645136,-0.05124,0.241072,-32.34,-29.19,-44.94,Noise,Right
1707209511123,-0.568032,-0.245952,0.15128,16.52,-0.21,12.04,Noise,Right
1707209511123,-0.41724,-0.177632,0.149328,23.31,-56.84,31.01,Noise,Right
1707209511124,-0.550464,-0.432856,0.369904,39.34,-68.95,52.5,Noise,Right
1707209511173,-1.02236,-0.178608,0.390888,-13.3,-120.89,1.96,Noise,Right
1707209511173,-1.262456,-0.19276,0.479704,13.16,-20.16,29.96,Noise,Right
1707209511173,-0.998936,-0.3172,0.641232,3.29,47.88,23.94,Noise,Right
1707209511173,-0.92232,-0.285968,0.521672,4.27,64.61,22.12,Noise,Right
1707209511222,-0.819352,-0.387472,0.496784,14.07,93.73,21.77,Noise,Right
1707209511223,-0.709064,-0.359656,0.391376,15.19,69.79,9.73,Noise,Right
1707209511269,-0.729072,-0.331352,0.31964,13.23,35.14,0.14,Noise,Right
1707209511269,-0.770552,-0.238144,0.276696,7.28,-2.87,-7.63,Noise,Right
1707209511270,-0.845216,-0.246928,0.330376,1.89,-27.3,-9.59,Noise,Right
1707209511323,-0.85888,-0.15616,0.302072,5.11,-35.0,-1.12,Noise,Right
1707209511323,-0.843752,-0.208376,0.343064,16.31,-27.02,9.94,Noise,Right
1707209511323,-1.102392,-0.237168,0.343552,15.68,-20.65,13.86,Noise,Right
1707209511451,-1.018944,-0.36356,0.528504,10.64,40.74,26.67,Noise,Right
1707209511451,-0.976488,-0.246928,0.465064,-1.05,15.61,7.77,Noise,Right
1707209511451,-1.042856,-0.271328,0.416264,2.38,24.36,7.49,Noise,Right
1707209511451,-0.792024,-0.275232,0.323544,1.68,22.05,-3.01,Noise,Right
1707209511451,-0.800808,-0.323056,0.316224,-6.86,-18.13,-21.14,Noise,Right
1707209511452,-0.859856,-0.333304,0.314272,-13.37,-39.62,-34.16,Noise,Right
1707209511452,-0.8662,-0.384056,0.467504,-25.2,-62.72,-50.12,Noise,Right
1707209511503,-0.901824,-0.164456,0.449448,-28.91,-65.17,-49.42,Noise,Right
1707209511503,-0.918904,-0.23424,0.437736,-5.39,-35.14,-19.81,Noise,Right
1707209511503,-0.864736,-0.27328,0.466528,1.12,-13.72,-12.46,Noise,Right
1707209511503,-0.961848,-0.264496,0.474824,3.22,-12.32,-2.87,Noise,Right
1707209511548,-0.965752,-0.279136,0.47824,5.95,13.58,4.06,Noise,Right
1707209511549,-0.94428,-0.29524,0.441152,7.14,40.88,11.2,Noise,Right
1707209511549,-0.769088,-0.308904,0.390888,3.36,33.95,2.52,Noise,Right
1707209511600,-0.691984,-0.366976,0.35136,-2.87,3.78,-24.15,Noise,Right
1707209511601,-0.71492,-0.376248,0.355752,-19.25,-46.9,-64.61,Noise,Right
1707209511723,-0.638304,-0.23912,0.48556,-55.37,-101.99,-99.54,Noise,Right
1707209511723,-0.716384,-0.08296,0.305,-34.44,-125.16,-67.83,Noise,Right
1707209511723,-0.671,-0.17324,0.26108,16.38,-77.77,-13.44,Noise,Right
1707209511723,-0.513376,-0.194224,0.26596,32.83,-65.52,33.6,Noise,Right
1707209511723,-0.725656,-0.471408,0.520208,35.49,-78.68,55.93,Noise,Right
1707209511723,-1.164856,-0.322568,0.60756,10.15,-53.13,15.61,Noise,Right
1707209511723,-1.167296,-0.208864,0.626104,25.34,41.79,38.78,Noise,Right
1707209511836,-1.015528,-0.374784,0.749568,18.97,113.75,41.37,Noise,Right
1707209511836,-0.93696,-0.303048,0.571936,13.58,118.37,41.16,Noise,Right
1707209511837,-0.833992,-0.404064,0.545584,18.48,134.4,42.0,Noise,Right
1707209511837,-0.685152,-0.382104,0.394792,20.16,96.88,25.97,Noise,Right
1707209511837,-0.589992,-0.33672,0.30744,12.67,37.59,4.27,Noise,Right
1707209511837,-0.708576,-0.280112,0.311344,6.02,-6.93,-8.89,Noise,Right
1707209511837,-0.883768,-0.207888,0.313784,2.73,-25.2,-11.2,Noise,Right
1707209511891,-0.943304,-0.174216,0.388936,3.99,-10.85,-2.03,Noise,Right
1707209511891,-1.064328,-0.210328,0.459696,6.65,13.02,10.29,Noise,Right
1707209511891,-1.094584,-0.216184,0.433344,9.87,51.87,21.14,Noise,Right
1707209511891,-1.013088,-0.27328,0.44652,13.93,94.92,29.54,Noise,Right
1707209511949,-0.994056,-0.315736,0.363072,12.46,101.22,29.68,Noise,Right
1707209511949,-0.93208,-0.313784,0.230824,10.29,94.85,24.99,Noise,Right
1707209511999,-0.725168,-0.385032,0.208376,-1.33,52.64,-1.05,Noise,Right
1707209512000,-0.691008,-0.431392,0.325496,-23.59,-29.82,-41.93,Noise,Right
1707209512000,-0.750544,-0.367952,0.421144,-42.63,-95.83,-67.06,Noise,Right
1707209512000,-0.894504,-0.2074,0.346968,-22.75,-123.97,-78.68,Noise,Right
1707209512049,-0.931104,-0.374784,0.532896,-17.99,-143.85,-96.11,Noise,Right
1707209512049,-0.866688,0.072224,0.2806,-38.85,-131.25,-46.48,Noise,Right
1707209512049,-1.096048,-0.266936,0.44164,16.66,-56.91,7.84,Noise,Right
1707209512098,-0.860344,-0.30256,0.50996,12.95,-4.41,28.84,Noise,Right
1707209512098,-0.82716,-0.429928,0.602192,-14.56,12.32,44.17,Noise,Right
1707209512098,-1.01016,-0.171288,0.454816,8.68,29.75,25.2,Noise,Right
1707209512143,-0.897432,-0.323056,0.491904,13.93,57.12,33.95,Noise,Right
1707209512143,-0.690032,-0.269864,0.347944,6.72,15.61,18.69,Noise,Right
1707209512143,-0.590968,-0.320616,0.2806,-1.68,-40.95,1.4,Noise,Right
1707209512199,-0.65392,-0.316224,0.24888,-5.32,-72.8,-4.55,Noise,Right
1707209512203,-0.812032,-0.269864,0.265472,-9.73,-73.01,-3.15,Noise,Right
1707209512245,-0.85644,-0.214232,0.379176,-6.02,-34.3,8.05,Noise,Right
1707209512245,-0.987224,-0.245464,0.479704,-0.84,-5.74,13.16,Noise,Right
1707209512246,-1.055544,-0.288408,0.635376,11.55,48.51,28.56,Noise,Right
1707209512299,-1.016992,-0.304024,0.610488,7.7,74.48,24.5,Noise,Right
1707209512299,-1.025776,-0.34648,0.56364,15.47,101.29,28.49,Noise,Right
1707209512299,-0.881816,-0.311832,0.3904,19.95,92.26,23.17,Noise,Right
1707209512299,-0.743224,-0.389424,0.305,15.47,49.07,3.99,Noise,Right
1707209512346,-0.80764,-0.386496,0.315248,-3.43,-4.41,-28.49,Noise,Right
1707209512347,-0.918904,-0.35868,0.38308,-13.65,-11.97,-38.43,Noise,Right
1707209512393,-0.872544,-0.252784,0.424072,-5.46,-4.62,-24.85,Noise,Right
1707209512394,-0.925736,-0.179096,0.41724,3.92,-6.44,-11.34,Noise,Right
1707209512394,-0.965264,-0.190808,0.418704,9.59,-0.84,-8.05,Noise,Right
1707209512448,-0.930128,-0.202032,0.427976,13.93,4.9,-3.08,Noise,Right
1707209512448,-0.964776,-0.247416,0.371368,15.33,11.55,6.02,Noise,Right
1707209512448,-0.854488,-0.289872,0.353312,10.57,13.23,-5.53,Noise,Right
1707209512503,-0.667584,-0.301584,0.288408,3.08,-3.85,-17.57,Noise,Right
1707209512504,-0.678808,-0.315736,0.305976,-11.2,-62.37,-57.47,Noise,Right
1707209512504,-0.628544,-0.147376,0.152744,-4.2,-70.98,-24.57,Noise,Right
1707209512504,-0.63928,-0.293288,0.285968,-6.16,-100.8,-30.8,Noise,Right
1707209512551,-0.84912,-0.251808,0.350384,-11.62,-108.15,-28.91,Noise,Right
1707209512551,-0.896944,-0.1952,0.393816,-7.21,-74.76,-12.11,Noise,Right
1707209512669,-0.750544,-0.488,0.52948,8.96,-26.53,26.95,Noise,Right
1707209512670,-0.94672,-0.210816,0.537776,-14.63,-25.83,-6.93,Noise,Right
1707209512670,-0.98332,-0.262544,0.538264,2.52,38.57,21.35,Noise,Right
1707209512670,-0.880352,-0.325496,0.526064,3.71,70.49,26.88,Noise,Right
1707209512670,-0.938424,-0.334768,0.467504,8.68,84.98,33.32,Noise,Right
1707209512671,-1.043832,-0.323544,0.402112,15.96,94.08,40.18,Noise,Right
1707209512671,-0.96624,-0.323056,0.387472,12.74,110.67,35.21,Noise,Right
1707209512718,-0.9272,-0.292312,0.321592,22.33,118.44,44.24,Noise,Right
1707209512718,-0.833016,-0.411872,0.351848,14.07,85.96,23.45,Noise,Right
1707209512718,-0.818376,-0.318664,0.2684,2.94,25.06,-2.87,Noise,Right
1707209512767,-0.879376,-0.352336,0.309392,0.63,-2.38,-18.69,Noise,Right
1707209512767,-0.95892,-0.332328,0.36112,-6.02,-34.51,-40.67,Noise,Right
1707209512767,-1.02236,-0.33428,0.550952,-39.41,-21.84,-41.51,Noise,Right
1707209512811,-1.077016,0.05368,0.287432,-7.63,0.14,-17.43,Noise,Right
1707209512811,-0.974048,-0.232288,0.372832,20.3,46.34,13.58,Noise,Right
1707209512811,-0.947696,-0.174216,0.28304,15.19,24.08,8.89,Noise,Right
1707209512859,-0.982832,-0.242536,0.241072,19.46,43.19,18.69,Noise,Right
1707209512860,-0.837896,-0.300608,0.230824,15.68,51.17,21.91,Noise,Right
1707209512860,-0.738344,-0.2684,0.165432,11.76,23.87,8.26,Noise,Right
1707209512907,-0.66612,-0.304024,0.1464,3.78,-14.56,-8.19,Noise,Right
1707209512907,-0.655384,-0.276208,0.130784,-8.19,-61.53,-32.9,Noise,Right
1707209512907,-0.691496,-0.295728,0.213256,-18.27,-102.34,-54.88,Noise,Right
1707209512957,-0.760304,-0.200568,0.2196,-19.88,-110.53,-42.35,Noise,Right
1707209512957,-0.835456,-0.31964,0.347456,-17.78,-101.22,-35.21,Noise,Right
1707209513078,-0.84912,-0.216184,0.330864,-17.08,-98.21,-30.24,Noise,Right
1707209513078,-0.744688,-0.227408,0.385032,-10.36,-86.38,-8.96,Noise,Right
1707209513078,-0.796416,-0.347944,0.489464,0.77,-73.99,17.01,Noise,Right
1707209513078,-1.01748,-0.261568,0.466528,-15.05,-66.71,-8.26,Noise,Right
1707209513078,-1.104832,-0.257664,0.51972,-1.26,-5.95,14.84,Noise,Right
1707209513078,-1.064816,-0.336232,0.49776,2.59,38.36,25.69,Noise,Right
1707209513079,-0.958432,-0.404552,0.510448,5.53,74.2,36.05,Noise,Right
1707209513120,-1.01748,-0.412848,0.500688,3.78,83.86,31.01,Noise,Right
1707209513121,-0.998448,-0.311832,0.379176,5.74,86.73,27.44,Noise,Right
1707209513121,-0.890112,-0.332328,0.351848,7.91,80.22,14.77,Noise,Right
1707209513168,-0.857904,-0.332816,0.30012,5.88,58.87,0.84,Noise,Right
1707209513168,-0.796904,-0.336232,0.330864,4.34,39.41,-11.34,Noise,Right
1707209513168,-0.772504,-0.296216,0.375272,3.5,2.31,-9.66,Noise,Right
1707209513216,-1.002352,-0.263032,0.36112,8.05,6.79,1.61,Noise,Right
1707209513216,-1.091168,-0.214232,0.382592,17.85,42.7,18.13,Noise,Right
1707209513216,-1.179496,-0.18788,0.362096,27.86,100.87,34.86,Noise,Right
1707209513270,-1.044808,-0.222528,0.33672,30.87,131.18,44.17,Noise,Right
1707209513270,-0.957456,-0.232288,0.268888,23.66,127.75,38.43,Noise,Right
1707209513388,-0.911096,-0.226432,0.20496,16.87,109.13,32.76,Noise,Right
1707209513389,-0.861808,-0.180072,0.115168,1.68,52.71,-7.14,Noise,Right
1707209513389,-0.679784,-0.184464,0.136152,-17.92,29.61,-20.72,Noise,Right
1707209513390,-0.621224,-0.21472,0.037088,-8.05,-36.05,-28.07,Noise,Right
1707209513390,-0.486536,-0.213744,0.030256,-11.27,-115.85,-56.7,Noise,Right
1707209513390,-0.569984,-0.201544,0.057584,-2.03,-155.82,-40.25,Noise,Right
1707209513390,-0.789096,-0.215208,0.15616,-9.45,-183.33,-39.97,Noise,Right
1707209513434,-0.818376,-0.202032,0.260104,3.99,-141.12,5.11,Noise,Right
1707209513434,-1.064816,-0.410408,0.443104,-20.44,-146.3,-16.66,Noise,Right
1707209513434,-1.212192,-0.094672,0.442128,-14.21,-77.63,-19.81,Noise,Right
1707209513481,-1.09556,-0.330376,0.55388,-0.7,-9.87,1.89,Noise,Right
1707209513481,-0.9882,-0.303048,0.453352,-0.28,16.03,2.52,Noise,Right
1707209513481,-0.861808,-0.372344,0.40016,8.05,34.44,5.46,Noise,Right
1707209513527,-0.837408,-0.34648,0.325984,10.78,24.15,0.63,Noise,Right
1707209513527,-0.790072,-0.330376,0.30256,11.27,7.56,-2.87,Noise,Right
1707209513527,-0.821304,-0.264496,0.283528,11.97,-17.99,-4.2,Noise,Right
1707209513576,-0.889624,-0.156648,0.203984,32.76,-14.63,13.37,Noise,Right
1707209513576,-1.051152,-0.264496,0.21228,57.75,34.37,49.56,Noise,Right
1707209513696,-0.914512,-0.350384,0.523624,-8.05,-20.23,-3.85,Noise,Right
1707209513696,-1.128744,-0.296216,0.499224,-32.55,-20.58,-8.19,Noise,Right
1707209513696,-0.935496,-0.137616,0.310368,-26.6,-34.02,-23.17,Noise,Right
1707209513696,-0.889136,-0.266936,0.390888,-21.28,-24.99,-26.88,Noise,Right
1707209513696,-0.833992,-0.235704,0.334768,-18.34,-30.52,-27.79,Noise,Right
1707209513697,-0.831552,-0.209352,0.299632,-3.99,-32.41,-15.05,Noise,Right
1707209513697,-0.87352,-0.184464,0.307928,-2.1,-41.79,-11.27,Noise,Right
1707209513746,-1.010648,-0.203008,0.42212,1.96,-35.07,-1.89,Noise,Right
1707209513746,-1.10776,-0.218624,0.547048,7.07,1.47,9.31,Noise,Right
1707209513747,-1.12728,-0.235704,0.569496,14.14,50.96,20.16,Noise,Right
1707209513747,-1.09312,-0.272792,0.498736,19.95,103.32,31.57,Noise,Right
1707209513813,-0.815936,-0.291336,0.303048,19.18,114.52,32.41,Noise,Right
1707209513818,-0.55876,-0.325496,0.18544,7.42,36.12,-0.84,Noise,Right
1707209513836,-0.55388,-0.376736,0.128832,1.61,-53.69,-47.46,Noise,Right
1707209513836,-0.571448,-0.33916,0.167384,2.1,-102.06,-52.5,Noise,Right
1707209513836,-0.762744,-0.301096,0.20008,-17.08,-136.71,-63.63,Noise,Right
1707209513886,-0.789584,-0.190808,0.263032,-8.33,-100.87,-21.91,Noise,Right
1707209513886,-0.846192,-0.233264,0.472872,-1.26,-87.29,-6.44,Noise,Right
1707209513886,-0.893528,-0.317688,0.622688,-6.23,-50.96,11.76,Noise,Right
1707209513928,-0.997472,-0.247904,0.615368,-13.79,-18.13,-0.98,Noise,Right
1707209513928,-1.037976,-0.172264,0.5368,0.49,30.1,1.12,Noise,Right
1707209513978,-0.760304,-0.269864,0.396256,3.57,27.23,-4.76,Noise,Right
1707209513979,-0.576328,-0.361608,0.303048,-8.75,-33.25,-28.07,Noise,Right
1707209513979,-0.497272,-0.367464,0.2562,-7.42,-78.89,-39.55,Noise,Right
1707209514022,-0.630984,-0.405528,0.351848,-7.98,-112.84,-44.94,Noise,Right
1707209514023,-0.78568,-0.284504,0.367952,-8.68,-112.07,-27.16,Noise,Right
1707209514023,-0.786656,-0.28304,0.503128,-1.19,-96.95,2.8,Noise,Right
1707209514068,-1.072136,-0.28792,0.718336,8.82,-59.43,12.32,Noise,Right
1707209514069,-1.10288,-0.298168,0.79056,8.54,-10.99,25.41,Noise,Right
1707209514069,-1.145336,-0.287432,0.88084,2.31,45.15,34.23,Noise,Right
1707209514115,-1.107272,-0.376736,0.867176,1.19,105.28,43.89,Noise,Right
1707209514115,-1.042368,-0.223992,0.650016,2.45,172.27,54.95,Noise,Right
1707209514168,-0.711992,-0.36356,0.407968,33.67,170.17,45.64,Noise,Right
1707209514168,-0.609512,-0.479216,0.378688,9.52,91.42,9.45,Noise,Right
1707209514168,-0.715896,-0.327448,0.2928,-6.02,43.96,-11.34,Noise,Right
1707209514294,-0.7686,-0.327936,0.350872,9.38,29.26,-5.67,Noise,Right
1707209514295,-0.753472,-0.292312,0.452864,6.72,6.65,-9.45,Noise,Right
1707209514295,-1.0004,-0.182024,0.401624,7.77,-6.02,-0.35,Noise,Right
1707209514295,-1.018456,-0.196664,0.414312,10.64,23.66,7.63,Noise,Right
1707209514295,-1.033096,-0.233264,0.393328,11.41,51.87,11.97,Noise,Right
1707209514295,-0.807152,-0.305,0.316712,11.48,52.01,-0.91,Noise,Right
1707209514296,-0.673928,-0.345016,0.228384,10.01,3.01,-42.98,Noise,Right
1707209514421,-0.71248,-0.686128,0.615856,-34.93,-90.23,-136.5,Noise,Right
1707209514421,-0.552904,0.016104,0.202032,-79.24,-172.48,-132.58,Noise,Right
1707209514421,-0.67588,-0.133224,0.11956,14.84,-79.59,1.82,Noise,Right
1707209514421,-0.376248,-0.23912,0.267912,43.33,-41.37,70.07,Noise,Right
1707209514421,-1.020408,-0.318176,0.396256,38.71,-86.8,34.09,Noise,Right
1707209514422,-1.110688,-0.064904,0.447984,48.58,-1.47,60.48,Noise,Right
1707209514422,-1.342,-0.204472,0.583648,59.08,75.11,50.19,Noise,Right
1707209514530,-1.097512,-0.244488,0.682224,13.3,80.85,24.71,Noise,Right
1707209514531,-1.118008,-0.269376,0.577792,1.89,103.46,26.95,Noise,Right
1707209514531,-0.898896,-0.391376,0.506056,4.83,121.73,25.83,Noise,Right
1707209514531,-0.549488,-0.461648,0.361608,5.46,69.79,5.53,Noise,Right
1707209514531,-0.628544,-0.447008,0.301096,-2.59,5.25,-35.14,Noise,Right
1707209514531,-0.66856,-0.284992,0.238632,-3.29,-33.81,-22.68,Noise,Right
1707209514531,-0.876936,-0.199104,0.254736,1.19,-71.61,-14.77,Noise,Right
1707209514531,-1.020408,-0.16836,0.37576,1.61,-43.26,-3.92,Noise,Right
1707209514629,-1.07604,-0.132248,0.512888,1.89,-25.55,4.06,Noise,Right
1707209514630,-1.159488,-0.183488,0.569008,5.11,2.8,10.57,Noise,Right
1707209514630,-1.10532,-0.20984,0.503128,10.85,41.72,15.47,Noise,Right
1707209514630,-0.891088,-0.255712,0.367464,11.34,63.28,13.23,Noise,Right
1707209514630,-0.646112,-0.421632,0.282552,-9.17,15.26,-18.34,Noise,Right
1707209514680,-0.645136,-0.35868,0.201544,-18.76,-31.99,-39.55,Noise,Right
1707209514680,-0.668072,-0.357216,0.221064,-13.72,-71.68,-60.55,Noise,Right
1707209514680,-0.616832,-0.292312,0.258152,-19.67,-115.36,-60.41,Noise,Right
1707209514730,-0.6954,-0.274744,0.307928,-11.9,-121.38,-29.19,Noise,Right
1707209514730,-0.87596,-0.243024,0.479704,-4.97,-103.95,-10.22,Noise,Right
1707209514731,-1.030656,-0.286456,0.672464,-5.11,-71.68,7.7,Noise,Right
1707209514833,-1.248792,-0.210328,0.687104,-5.95,-14.14,4.69,Noise,Right
1707209514833,-1.07116,-0.203496,0.628056,3.36,61.18,17.92,Noise,Right
1707209514833,-0.869128,-0.300608,0.449448,9.24,103.32,21.56,Noise,Right
1707209514835,-0.541192,-0.40016,0.386008,-1.26,33.6,-6.86,Noise,Right
1707209514835,-0.550464,-0.362096,0.310856,-5.6,-20.23,-35.14,Noise,Right
1707209514835,-0.579744,-0.333792,0.354776,0.07,-56.0,-50.89,Noise,Right
1707209514881,-0.740784,-0.312808,0.445056,0.07,-62.65,-42.42,Noise,Right
1707209514881,-0.8418,-0.243024,0.445544,17.36,-38.71,-1.26,Noise,Right
1707209514882,-0.843264,-0.294752,0.55876,21.56,-19.95,20.72,Noise,Right
1707209514928,-1.094096,-0.335256,0.637816,9.59,-3.15,28.0,Noise,Right
1707209514928,-1.057984,-0.314272,0.699792,-10.71,38.78,33.25,Noise,Right
1707209514928,-1.165344,-0.087352,0.447984,11.2,52.29,32.83,Noise,Right
1707209514971,-0.998936,-0.235216,0.454816,18.41,103.46,45.08,Noise,Right
1707209514972,-0.886696,-0.30256,0.414312,13.37,107.59,40.04,Noise,Right
1707209514972,-0.760304,-0.376248,0.40504,8.12,96.04,28.14,Noise,Right
1707209515019,-0.726632,-0.366,0.347944,2.52,66.78,12.46,Noise,Right
1707209515019,-0.775432,-0.371368,0.343064,2.66,46.48,2.17,Noise,Right
1707209515063,-0.840336,-0.311832,0.269376,5.53,52.78,1.89,Noise,Right
1707209515063,-0.818864,-0.237168,0.249856,4.48,45.64,2.8,Noise,Right
1707209515063,-0.894992,-0.145912,0.233752,2.94,32.69,3.57,Noise,Right
1707209515112,-0.840824,-0.213256,0.27572,5.18,8.05,3.99,Noise,Right
1707209515112,-0.933056,-0.227896,0.302072,0.91,-6.16,-0.14,Noise,Right
1707209515113,-0.800808,-0.259616,0.3294,3.01,-16.94,-3.29,Noise,Right
1707209515162,-0.835944,-0.313784,0.330864,1.82,-42.91,-14.35,Noise,Right
1707209515162,-0.853512,-0.312808,0.342088,-0.84,-48.86,-23.24,Noise,Right
1707209515215,-0.852536,-0.301584,0.34404,-0.49,-69.37,-42.0,Noise,Right
1707209515215,-0.967216,-0.301584,0.343552,-5.53,-72.03,-67.13,Noise,Right
1707209515215,-0.81984,-0.399184,0.55876,-27.86,-92.4,-101.29,Noise,Right
1707209515332,-0.796416,-0.051728,0.366488,-48.65,-100.31,-63.77,Noise,Right
1707209515332,-0.890112,-0.11224,0.28304,21.0,-38.71,16.87,Noise,Right
1707209515332,-0.601704,-0.374784,0.40992,46.06,8.47,72.8,Noise,Right
1707209515332,-0.926712,-0.392352,0.454328,22.4,-42.28,33.95,Noise,Right
1707209515332,-1.099464,-0.242536,0.44408,8.75,3.15,36.96,Noise,Right
1707209515332,-1.047248,-0.264496,0.493368,16.59,46.97,47.25,Noise,Right
1707209515333,-1.160952,-0.233264,0.412848,22.26,75.39,43.26,Noise,Right
1707209515381,-0.885232,-0.354776,0.496296,14.91,102.06,37.73,Noise,Right
1707209515381,-0.847656,-0.279624,0.354776,6.16,52.5,11.69,Noise,Right
1707209515381,-0.759328,-0.418216,0.445544,0.07,40.67,-5.53,Noise,Right
1707209515381,-0.804224,-0.365512,0.401624,-9.52,4.27,-28.56,Noise,Right
1707209515429,-0.826672,-0.245952,0.392352,-17.85,-8.19,-27.79,Noise,Right
1707209515429,-0.925736,-0.179096,0.27572,6.37,10.5,-5.39,Noise,Right
1707209515486,-0.869616,-0.228872,0.268888,3.15,1.82,-10.08,Noise,Right
1707209515487,-0.801784,-0.156648,0.171288,0.77,3.22,-8.54,Noise,Right
1707209515487,-0.743224,-0.283528,0.227408,-2.8,-27.37,-13.51,Noise,Right
1707209515487,-0.815448,-0.262544,0.23668,-9.38,-39.62,-20.51,Noise,Right
1707209515534,-0.804712,-0.299632,0.347456,-13.79,-45.22,-23.17,Noise,Right
1707209515535,-0.921832,-0.283528,0.427976,-19.53,-41.58,-26.32,Noise,Right
1707209515536,-1.006256,-0.291824,0.504592,-18.06,-9.73,-19.53,Noise,Right
1707209515581,-0.86132,-0.318664,0.496296,-14.0,9.03,-18.62,Noise,Right
1707209515581,-0.857904,-0.374784,0.452376,-10.78,1.82,-18.62,Noise,Right
1707209515629,-0.818864,-0.327936,0.35624,-7.63,-0.35,-18.48,Noise,Right
1707209515629,-0.80764,-0.37332,0.38796,-2.73,-23.31,-17.5,Noise,Right
1707209515629,-1.014064,-0.321104,0.38064,-2.38,-29.61,-13.16,Noise,Right
1707209515676,-1.018456,-0.3172,0.430416,2.73,1.68,1.75,Noise,Right
1707209515676,-1.016016,-0.294264,0.430904,6.23,15.89,8.82,Noise,Right
1707209515676,-0.963312,-0.32208,0.427,12.74,36.05,16.52,Noise,Right
1707209515731,-0.906704,-0.340136,0.420168,16.38,49.14,17.64,Noise,Right
1707209515731,-0.769088,-0.318176,0.399672,18.9,49.91,16.66,Noise,Right
1707209515732,-0.825696,-0.286944,0.320128,17.5,24.57,11.55,Noise,Right
1707209515783,-0.813008,-0.241072,0.271328,17.08,17.43,8.26,Noise,Right
1707209515783,-0.828136,-0.278648,0.256688,13.72,3.78,1.96,Noise,Right
1707209515783,-0.847656,-0.280112,0.271816,9.24,-5.25,-12.18,Noise,Right
1707209515829,-0.823744,-0.293776,0.28548,7.77,-17.08,-28.07,Noise,Right
1707209515829,-0.81984,-0.27816,0.3416,3.5,-39.55,-43.68,Noise,Right
1707209515829,-0.799832,-0.296704,0.389912,-11.48,-42.14,-26.88,Noise,Right
1707209515873,-0.796904,-0.228384,0.324032,8.33,-32.55,-5.18,Noise,Right
1707209515873,-0.769576,-0.23668,0.349408,19.6,-38.36,9.31,Noise,Right
1707209515873,-0.899384,-0.279136,0.383568,24.57,-35.7,28.14,Noise,Right
1707209515926,-0.994056,-0.334768,0.442128,12.25,-19.53,20.93,Noise,Right
1707209515926,-1.016992,-0.20496,0.39284,2.94,-1.82,13.02,Noise,Right
1707209516047,-0.960384,-0.259616,0.414312,4.2,19.67,14.56,Noise,Right
1707209516048,-0.919392,-0.296704,0.406016,2.38,27.51,8.12,Noise,Right
1707209516048,-0.844728,-0.310368,0.386984,-2.38,24.5,-1.26,Noise,Right
1707209516048,-0.785192,-0.349896,0.370392,-3.29,20.09,-7.14,Noise,Right
1707209516048,-0.784704,-0.287432,0.328912,-4.27,9.59,-6.02,Noise,Right
1707209516048,-0.833992,-0.233264,0.296216,-1.47,1.54,-4.97,Noise,Right
1707209516048,-0.867664,-0.242536,0.312808,0.07,-9.73,-0.77,Noise,Right
1707209516091,-0.848144,-0.233752,0.31964,-1.54,-13.23,2.66,Noise,Right
1707209516091,-0.894992,-0.276696,0.338184,-3.29,-21.21,1.54,Noise,Right
1707209516091,-0.963312,-0.303536,0.358192,-1.75,-7.7,2.45,Noise,Right
1707209516136,-0.901336,-0.324032,0.3782,-2.45,3.01,2.17,Noise,Right
1707209516137,-0.922808,-0.31476,0.379664,-3.36,7.0,1.12,Noise,Right
1707209516137,-0.937448,-0.304024,0.36356,-3.57,11.9,0.42,Noise,Right
1707209516185,-0.908656,-0.293776,0.318176,-5.53,17.57,-2.38,Noise,Right
1707209516185,-0.859368,-0.27328,0.330376,-9.66,9.59,-9.59,Noise,Right
1707209516186,-0.935008,-0.202032,0.260104,-11.34,-0.98,-21.0,Noise,Right
1707209516236,-0.938912,-0.130296,0.188856,4.69,9.94,-23.59,Noise,Right
1707209516236,-0.9394,-0.074176,0.113704,37.66,-7.7,-56.35,Noise,Right
1707209516236,-0.938912,-0.1464,0.167384,47.25,-0.07,-49.14,Noise,Right
1707209516367,-0.87352,-0.1952,0.1708,38.71,-10.01,-49.0,Noise,Right
1707209516367,-0.90036,-0.213256,0.171776,27.79,-37.94,-69.65,Noise,Right
1707209516367,-0.887672,-0.247416,0.205448,18.55,-51.17,-85.12,Noise,Right
1707209516368,-0.838872,-0.323056,0.264984,10.57,-59.29,-103.6,Noise,Right
1707209516368,-0.795928,-0.394304,0.310856,-1.4,-73.57,-128.1,Noise,Right
1707209516368,-0.748592,-0.450424,0.362584,-19.04,-89.6,-155.54,Noise,Right
1707209516368,-0.6954,-0.486048,0.379664,-34.79,-100.66,-171.71,Noise,Right
1707209516421,-0.640256,-0.501664,0.43676,-44.38,-102.76,-176.12,Noise,Right
1707209516421,-0.540704,-0.544608,0.482144,-49.63,-90.37,-167.3,Noise,Right
1707209516421,-0.435296,-0.61,0.511424,-54.88,-84.56,-155.05,Noise,Right
1707209516421,-0.327448,-0.684176,0.518744,-66.99,-94.43,-146.79,Noise,Right
1707209516465,-0.28792,-0.7076,0.509472,-74.34,-109.2,-147.63,Noise,Right
1707209516465,-0.257176,-0.767136,0.478728,-80.71,-121.31,-147.63,Noise,Right
1707209516509,-0.215696,-0.794464,0.433344,-86.38,-129.43,-146.23,Noise,Right
1707209516509,-0.172264,-0.767624,0.389424,-87.99,-131.25,-139.09,Noise,Right
1707209516510,-0.21228,-0.728096,0.45628,-87.43,-125.16,-130.34,Noise,Right
1707209516554,-0.199592,-0.766648,0.294264,-84.28,-126.84,-124.53,Noise,Right
1707209516554,-0.21716,-0.79788,0.376248,-58.45,-87.57,-118.23,Noise,Right
1707209516554,-0.177632,-0.83692,0.40992,-42.63,-64.05,-101.78,Noise,Right
1707209516601,-0.118096,-0.887184,0.44408,-34.16,-50.82,-91.14,Noise,Right
1707209516602,-0.076128,-0.92476,0.47092,-29.4,-45.01,-89.6,Noise,Right
1707209516650,-0.038552,-0.967704,0.523624,-23.38,-47.18,-86.73,Noise,Right
1707209516651,-0.057096,-1.013576,0.542656,-23.66,-44.24,-80.5,Noise,Right
1707209516651,-0.042944,-1.033096,0.549,-31.5,-48.93,-80.71,Noise,Right
1707209516696,-0.016104,-1.016992,0.55144,-43.19,-52.78,-86.87,Noise,Right
1707209516696,0.006344,-1.00772,0.533872,-48.44,-54.88,-91.21,Noise,Right
1707209516697,0.035624,-1.03944,0.528016,-47.67,-53.9,-88.55,Noise,Right
1707209516751,0.056608,-1.038464,0.521184,-51.24,-51.45,-82.11,Noise,Right
1707209516751,0.064416,-0.879864,0.494832,-54.6,-48.09,-74.62,Noise,Right
1707209516752,0.076128,-0.964288,0.452864,-47.67,-41.58,-64.96,Noise,Right
1707209516883,0.103456,-0.960872,0.432368,-33.6,-27.16,-51.66,Noise,Right
1707209516883,0.15372,-0.970144,0.41724,-16.03,-18.76,-37.59,Noise,Right
1707209516883,0.186416,-0.991128,0.42456,-0.98,-15.75,-22.61,Noise,Right
1707209516883,0.171288,-1.016992,0.437736,9.24,-22.75,-9.03,Noise,Right
1707209516883,0.12688,-1.018944,0.446032,11.41,-23.31,-0.14,Noise,Right
1707209516885,0.102968,-1.009672,0.45872,12.81,-17.64,3.5,Noise,Right
1707209516885,0.100528,-1.00528,0.472384,15.68,-3.99,7.84,Noise,Right
1707209516926,0.096136,-1.009672,0.484096,17.43,7.07,14.7,Noise,Right
1707209516926,0.127368,-0.994544,0.49776,15.4,11.62,16.8,Noise,Right
1707209516926,0.132736,-0.988688,0.482632,12.74,7.49,16.73,Noise,Right
1707209516926,0.107848,-0.973072,0.464576,5.53,1.05,15.96,Noise,Right
1707209516975,0.081008,-0.94184,0.429928,-1.19,-0.91,12.95,Noise,Right
1707209516976,0.059536,-0.90768,0.396744,-4.55,-0.7,10.57,Noise,Right
1707209517020,0.0488,-0.879376,0.351848,-5.32,3.22,8.47,Noise,Right
1707209517020,0.050752,-0.845704,0.318176,-3.71,5.25,6.58,Noise,Right
1707209517020,0.064416,-0.833504,0.298656,0.28,7.35,2.94,Noise,Right
1707209517065,0.07564,-0.82716,0.281576,4.27,9.03,0.91,Noise,Right
1707209517065,0.095648,-0.850096,0.284504,7.77,8.96,-0.63,Noise,Right
1707209517065,0.108824,-0.84912,0.284016,7.07,6.86,-0.7,Noise,Right
1707209517111,0.103944,-0.852048,0.297192,5.81,2.38,-4.48,Noise,Right
1707209517112,0.08296,-0.857416,0.303536,7.35,0.0,-8.75,Noise,Right
1707209517160,0.07808,-0.867176,0.316224,10.57,2.73,-9.24,Noise,Right
1707209517161,0.095648,-0.889136,0.338184,13.37,6.23,-9.59,Noise,Right
1707209517161,0.10004,-0.906216,0.349408,13.58,3.99,-10.01,Noise,Right
1707209517209,0.114192,-0.921832,0.377712,11.48,1.61,-11.76,Noise,Right
1707209517210,0.116144,-0.939888,0.384544,9.24,-2.17,-13.09,Noise,Right
1707209517210,0.110776,-0.949648,0.388448,7.42,-4.13,-12.46,Noise,Right
1707209517270,0.101504,-0.953552,0.404552,6.79,-3.08,-11.48,Noise,Right
1707209517270,0.097112,-0.94672,0.40016,6.23,-2.73,-10.08,Noise,Right
1707209517270,0.060512,-0.94428,0.395768,4.27,-0.91,-9.45,Noise,Right
1707209517270,0.017568,-0.92964,0.38308,0.21,0.49,-11.48,Noise,Right
1707209517315,-0.047824,-0.910608,0.36844,-4.34,9.24,-14.07,Noise,Right
1707209517315,-0.113216,-0.909144,0.340136,-16.59,22.33,-24.5,Noise,Right
1707209517397,-0.193736,-0.857416,0.33184,-33.81,42.77,-43.61,Noise,Right
1707209517398,-0.238632,-0.820328,0.237168,-45.01,47.32,-70.0,Noise,Right
1707209517398,-0.182512,-0.754448,0.181048,-44.66,52.5,-94.99,Noise,Right
1707209517398,-0.052704,-0.873032,0.103944,-46.27,24.92,-130.97,Noise,Right
1707209517398,0.007808,-0.942328,-0.047824,-52.99,3.71,-168.7,Noise,Right
1707209517496,0.223016,-0.877424,0.042944,-56.98,-10.71,-199.71,Noise,Right
1707209517497,0.421632,-0.90768,0.082472,-44.87,-33.46,-224.28,Noise,Right
1707209517497,0.64904,-0.920368,0.184952,-20.3,-61.46,-222.95,Noise,Right
1707209517497,0.68808,-1.061888,0.319152,-26.11,-53.27,-174.79,Noise,Right
1707209517497,0.664656,-1.125816,0.307928,-52.57,-52.99,-116.69,Noise,Right
1707209517497,0.469456,-1.1468,0.118096,-77.07,3.78,-88.69,Noise,Right
1707209517562,0.58804,-1.094584,0.088328,-91.0,99.96,-75.18,Noise,Right
1707209517566,0.527528,-1.049688,0.077104,-117.81,200.69,-60.69,Noise,Right
1707209517566,0.574864,-0.833992,0.093696,-151.2,282.03,-49.35,Noise,Right
1707209517598,0.623664,-0.894992,0.01708,-199.64,191.17,-62.86,Noise,Right
1707209517598,0.459696,-1.365424,0.09272,-258.3,163.24,-24.78,Noise,Right
1707209517598,0.658312,-0.818376,0.103456,-267.47,148.68,23.24,Noise,Right
1707209517706,0.742736,-0.816912,0.206912,-254.1,173.6,73.43,Noise,Right
1707209517707,0.508008,-1.081896,0.02196,-278.39,53.13,89.18,Noise,Right
1707209517707,0.42212,-0.981856,0.179096,-269.22,60.69,114.66,Noise,Right
1707209517707,0.327936,-0.9272,0.137616,-253.75,44.73,118.86,Noise,Right
1707209517707,0.413824,-1.01504,0.036112,-198.52,1.05,102.76,Noise,Right
1707209517707,0.39284,-1.03456,0.101504,-133.0,17.78,80.08,Noise,Right
1707209517805,0.479704,-1.010648,0.022936,-66.01,27.23,56.42,Noise,Right
1707209517805,0.500688,-0.938424,-0.197152,-10.29,12.81,47.88,Noise,Right
1707209517805,0.379176,-0.886208,-0.313296,-0.56,3.92,31.5,Noise,Right
1707209517805,0.196664,-0.887184,-0.43188,-13.86,-15.12,21.07,Noise,Right
1707209517806,0.143472,-0.900848,-0.420656,-59.64,11.06,38.78,Noise,Right
1707209517806,0.155184,-0.933544,-0.349408,-97.65,22.05,77.63,Noise,Right
1707209517855,0.244,-1.006744,-0.282064,-119.07,46.9,113.26,Noise,Right
1707209517857,0.329888,-0.994544,-0.223992,-124.32,65.94,117.25,Noise,Right
1707209517857,0.295728,-0.91012,-0.25132,-108.64,26.6,94.08,Noise,Right
1707209517907,0.365024,-0.83692,-0.03904,-59.08,38.01,41.51,Noise,Right
1707209517907,0.362096,-0.759816,-0.133224,30.31,20.37,-23.66,Noise,Right
1707209517907,0.199104,-0.812032,-0.205448,76.09,-17.57,-80.08,Noise,Right
1707209517954,0.223016,-0.847656,-0.109312,83.23,-40.11,-96.25,Noise,Right
1707209517954,0.450424,-0.975024,-0.218624,73.15,-24.85,-70.07,Noise,Right
1707209517954,0.420656,-0.935008,-0.213744,45.71,-21.98,-28.42,Noise,Right
1707209518010,0.283528,-0.957944,-0.210328,17.36,6.16,15.19,Noise,Right
1707209518011,0.078568,-0.904264,-0.233752,-3.36,16.66,46.97,Noise,Right
1707209518011,-0.039528,-0.957944,-0.288408,-22.61,31.57,78.12,Noise,Right
1707209518062,-0.056608,-0.901824,-0.322568,-38.5,33.04,100.73,Noise,Right
1707209518062,0.105896,-0.82228,-0.272792,-39.62,28.42,108.71,Noise,Right
1707209518062,0.742736,-0.702232,-0.094672,-14.84,4.55,112.07,Noise,Right
1707209518107,0.327448,-0.872544,-0.299144,28.14,-51.94,65.59,Noise,Right
1707209518107,0.196664,-0.98332,-0.23424,42.0,-27.93,0.21,Noise,Right
1707209518107,0.245464,-0.975024,-0.34404,41.3,9.87,-61.67,Noise,Right
1707209518153,0.198616,-0.93452,-0.330376,27.16,1.05,-103.11,Noise,Right
1707209518153,0.150792,-0.998936,-0.371368,3.64,-7.0,-110.6,Noise,Right
1707209518153,0.120536,-0.991128,-0.353312,-22.26,-11.9,-95.62,Noise,Right
1707209518198,0.155184,-1.016504,-0.301584,-40.67,1.82,-68.81,Noise,Right
1707209518198,0.138104,-0.970632,-0.297192,-45.22,13.23,-36.33,Noise,Right
1707209518248,0.05856,-0.891088,-0.256688,-35.84,18.34,-8.33,Noise,Right
1707209518248,0.07808,-0.870104,-0.250832,-23.73,27.79,16.8,Noise,Right
1707209518249,0.225944,-0.955016,-0.24888,-12.53,32.13,29.75,Noise,Right
1707209518293,0.325008,-0.998448,-0.256688,-9.03,37.87,29.61,Noise,Right
1707209518293,0.38796,-0.96868,-0.304512,-15.61,26.11,21.21,Noise,Right
1707209518293,0.35136,-0.982344,-0.313296,-33.25,-5.95,9.03,Noise,Right
1707209518340,0.34404,-0.959896,-0.32208,-51.1,-4.34,-3.92,Noise,Right
1707209518340,0.320616,-0.890112,-0.321104,-61.11,-9.24,-21.91,Noise,Right
1707209518341,0.292312,-0.894504,-0.355264,-52.78,-17.85,-38.92,Noise,Right
1707209518390,0.247416,-0.881328,-0.239608,-23.52,10.08,-48.58,Noise,Right
1707209518390,0.230336,-0.828136,-0.246928,6.37,24.08,-45.08,Noise,Right
1707209518513,0.194712,-0.813496,-0.321592,26.39,14.07,-21.77,Noise,Right
1707209518513,0.242048,-0.752008,-0.381128,29.12,13.65,3.71,Noise,Right
1707209518513,0.284016,-0.74908,-0.39284,20.16,0.0,9.87,Noise,Right
1707209518513,0.301096,-0.791048,-0.366,6.65,-3.78,7.14,Noise,Right
1707209518513,0.29524,-0.830088,-0.303048,-2.17,-6.44,8.61,Noise,Right
1707209518513,0.269864,-0.906704,-0.286456,0.56,2.66,6.65,Noise,Right
1707209518513,0.29036,-0.899872,-0.286944,13.3,9.31,-1.47,Noise,Right
1707209518563,0.2928,-0.913048,-0.300608,25.06,9.31,-6.23,Noise,Right
1707209518563,0.124928,-0.903288,-0.424072,20.16,7.91,19.25,Noise,Right
1707209518563,0.156648,-0.913536,-0.487512,-6.44,-0.63,49.7,Noise,Right
1707209518563,0.471408,-1.294664,0.187392,-36.12,13.72,51.66,Noise,Right
1707209518698,0.444568,-0.99308,-0.311344,24.29,22.47,1.19,Noise,Right
1707209518698,0.260104,-1.026752,-0.4636,21.21,9.1,-19.67,Noise,Right
1707209518698,0.475312,-0.965264,-0.409432,-11.13,-3.43,-8.89,Noise,Right
1707209518698,0.287432,-0.932568,-0.447496,-32.62,-21.84,-6.65,Noise,Right
1707209518698,0.282064,-0.900848,-0.489464,-47.6,-25.83,3.78,Noise,Right
1707209518698,0.278648,-0.777872,-0.495808,-55.65,-27.58,6.86,Noise,Right
1707209518699,0.299632,-0.799832,-0.489952,-56.77,-27.93,11.41,Noise,Right
1707209518748,0.254248,-0.775432,-0.496784,-48.23,-22.47,10.22,Noise,Right
1707209518749,0.259128,-0.770552,-0.52948,-30.24,-21.35,6.16,Noise,Right
1707209518749,0.516304,-0.75884,-0.751032,3.92,10.71,21.14,Noise,Right
1707209518749,0.430904,-0.903776,-0.773968,81.34,6.58,60.62,Noise,Right
1707209518833,0.349896,-0.864248,-0.594872,124.04,-5.46,67.27,Noise,Right
1707209518833,0.276696,-0.931592,-0.351848,122.78,5.46,74.41,Noise,Right
1707209518833,0.142496,-0.97356,-0.316712,79.8,3.43,62.02,Noise,Right
1707209518833,0.085888,-0.959896,-0.500688,29.89,2.38,43.33,Noise,Right
1707209518883,0.055632,-1.01748,-0.79788,-2.52,7.63,34.02,Noise,Right
1707209518884,-0.020008,-1.01992,-1.023336,5.67,12.46,34.79,Noise,Right
1707209518884,-0.199592,-0.922808,-1.108736,32.55,2.59,46.34,Noise,Right
1707209518884,-0.35136,-0.848632,-1.020408,56.49,-25.2,51.73,Noise,Right
1707209518929,-0.413336,-0.79788,-0.920856,68.88,-45.71,38.92,Noise,Right
1707209518929,-0.43432,-0.71248,-0.798856,76.3,-67.55,17.22,Noise,Right
1707209518980,-0.402112,-0.645624,-0.641232,81.2,-82.39,0.49,Noise,Right
1707209518980,-0.418216,-0.70028,-0.455304,76.44,-91.28,-9.8,Noise,Right
1707209518981,-0.501176,-0.602192,-0.294752,66.29,-113.33,3.78,Noise,Right
1707209519043,-0.524112,-0.443104,-0.208376,60.69,-135.8,11.69,Noise,Right
1707209519043,-0.520208,-0.430904,-0.176656,51.31,-143.43,-8.89,Noise,Right
1707209519086,-0.40016,-0.373808,-0.040016,36.75,-140.98,-39.76,Noise,Right
1707209519087,-0.282552,-0.525088,-0.001464,22.4,-125.37,-70.07,Noise,Right
1707209519087,-0.075152,-0.808616,-0.0244,-3.15,-126.77,-86.1,Noise,Right
1707209519087,0.203008,-0.914024,-0.06344,-21.84,-126.49,-91.98,Noise,Right
1707209519132,0.31964,-0.76616,-0.001952,-14.35,-116.13,-74.9,Noise,Right
1707209519133,0.357704,-0.819352,0.077592,3.57,-94.57,-48.23,Noise,Right
1707209519133,0.355264,-0.999912,0.145424,1.68,-83.37,-42.42,Noise,Right
1707209519177,0.354776,-0.952088,0.144448,-13.79,-79.73,-50.26,Noise,Right
1707209519178,0.367952,-0.76128,0.123952,-24.5,-75.32,-40.11,Noise,Right
1707209519228,0.352824,-0.887672,0.06832,-21.49,-69.93,-36.12,Noise,Right
1707209519229,0.536312,-1.00528,0.088816,-19.46,-43.4,-72.52,Noise,Right
1707209519229,0.510936,-0.905728,0.198128,-15.89,33.46,-118.44,Noise,Right
1707209519273,-0.22936,-0.882304,-0.366976,-20.58,25.97,-87.71,Noise,Right
1707209519273,0.135176,-0.754936,-0.307928,-12.88,-56.07,-152.6,Noise,Right
1707209519274,0.783728,-0.406504,-0.050752,42.84,-34.02,-302.47,Noise,Right
1707209519318,2.802584,-0.691008,-0.218136,75.6,102.34,-337.82,Noise,Right
1707209519318,1.809504,-1.37616,-0.023424,117.11,47.88,-68.04,Noise,Right
1707209519318,1.094096,-0.853512,0.313784,36.4,-42.84,72.03,Noise,Right
1707209519366,0.86376,-0.70272,0.338184,-22.54,-46.34,97.23,Noise,Right
1707209519366,0.539728,-0.970632,-0.117608,-43.75,-28.56,57.4,Noise,Right
1707209519366,0.62708,-1.087264,0.272304,-24.78,40.25,-17.92,Noise,Right
1707209519413,0.608048,-0.92232,-0.065392,-92.68,36.75,-46.83,Noise,Right
1707209519413,0.385032,-0.848144,-0.251808,-106.12,8.61,11.34,Noise,Right
1707209519460,0.422608,-0.966728,-0.210816,-108.01,-53.48,45.64,Noise,Right
1707209519460,0.48556,-1.10288,-0.25132,-142.87,-63.42,55.02,Noise,Right
1707209519460,0.09028,-0.924272,-0.22448,-155.61,-35.35,9.31,Noise,Right
1707209519511,-0.140544,-0.899384,0.00244,-77.63,-81.13,-27.44,Noise,Right
1707209519511,0.329888,-0.899384,-0.133224,94.43,3.22,-49.42,Noise,Right
1707209519512,0.293776,-0.973072,-0.367952,160.37,-20.51,-77.0,Noise,Right
1707209519648,0.333792,-0.95404,-0.250344,67.83,-29.33,-78.54,Noise,Right
1707209519649,0.348432,-0.831552,-0.394792,22.61,-16.45,-26.53,Noise,Right
1707209519649,0.350872,-0.772992,-0.264984,-9.59,-17.85,-19.74,Noise,Right
1707209519649,0.343552,-0.77104,-0.257176,-20.72,-18.34,-29.05,Noise,Right
1707209519649,0.38796,-0.703208,-0.183976,-20.37,-34.09,-33.32,Noise,Right
1707209519649,0.445544,-0.6344,-0.176168,-14.7,-58.66,-26.95,Noise,Right
1707209519649,0.454328,-0.660752,-0.290848,-1.75,-63.63,-4.69,Noise,Right
1707209519752,0.469944,-0.755912,-0.365024,14.0,-64.47,12.95,Noise,Right
1707209519753,0.439688,-0.85888,-0.394792,26.39,-58.73,17.99,Noise,Right
1707209519753,0.42212,-0.93452,-0.391376,29.68,-52.71,15.12,Noise,Right
1707209519753,0.406992,-0.957944,-0.355264,25.27,-56.49,7.63,Noise,Right
1707209519753,0.406504,-0.967216,-0.369904,17.85,-63.77,7.0,Noise,Right
1707209519753,0.425536,-0.99796,-0.410896,11.48,-68.53,12.39,Noise,Right
1707209519753,0.431392,-0.994056,-0.432856,6.79,-64.33,13.37,Noise,Right
1707209519800,0.42456,-1.004304,-0.453352,2.8,-61.6,10.64,Noise,Right
1707209519801,0.411872,-1.004304,-0.40748,2.17,-61.32,6.86,Noise,Right
1707209519801,0.42212,-0.98088,-0.375272,4.62,-58.94,-0.42,Noise,Right
1707209519851,0.423096,-0.948672,-0.377224,10.43,-57.33,-9.24,Noise,Right
1707209519852,0.42456,-0.930128,-0.40992,8.75,-50.61,-17.01,Noise,Right
1707209519852,0.431392,-0.929152,-0.42212,-5.39,-46.06,-24.22,Noise,Right
1707209519896,0.424072,-0.894016,-0.415288,-26.67,-39.41,-30.8,Noise,Right
1707209519897,0.426024,-0.842288,-0.403088,-44.87,-38.22,-38.92,Noise,Right
1707209519897,0.44896,-0.766648,-0.455792,-50.75,-40.46,-40.95,Noise,Right
1707209519950,0.472872,-0.699304,-0.485072,-34.09,-41.16,-28.21,Noise,Right
1707209519950,0.491904,-0.684176,-0.507032,-3.92,-18.48,-17.92,Noise,Right
1707209520060,0.484096,-0.687104,-0.519232,21.98,-27.23,-12.04,Noise,Right
1707209520060,0.462624,-0.725656,-0.498736,31.99,-24.92,-6.65,Noise,Right
1707209520060,0.453352,-0.757376,-0.511424,24.5,-22.82,-5.25,Noise,Right
1707209520060,0.4392,-0.79056,-0.484584,13.72,-22.54,-9.59,Noise,Right
1707209520061,0.428464,-0.784216,-0.506056,1.05,-14.21,-17.22,Noise,Right
1707209520061,0.423584,-0.783728,-0.507032,-9.87,-15.33,-19.88,Noise,Right
1707209520061,0.418704,-0.750544,-0.516792,-12.53,-9.94,-16.24,Noise,Right
1707209520116,0.415776,-0.735416,-0.524112,-4.06,-6.86,-11.83,Noise,Right
1707209520116,0.403576,-0.744688,-0.518256,5.88,-3.29,-7.42,Noise,Right
1707209520116,0.388448,-0.741272,-0.503616,8.89,-1.26,-2.52,Noise,Right
1707209520164,0.387472,-0.765184,-0.488976,3.08,0.14,1.89,Noise,Right
1707209520164,0.364048,-0.778848,-0.473848,-5.53,0.7,3.08,Noise,Right
1707209520164,0.360144,-0.798368,-0.462136,-11.2,0.0,0.98,Noise,Right
1707209520216,0.3538,-0.786656,-0.465552,-11.9,1.12,-1.68,Noise,Right
1707209520217,0.342576,-0.795928,-0.471408,-9.38,1.68,-1.61,Noise,Right
1707209520220,0.344528,-0.801784,-0.464576,-8.19,0.63,-0.84,Noise,Right
1707209520257,0.338184,-0.811056,-0.47824,-7.42,1.05,0.35,Noise,Right
1707209520257,0.330376,-0.828624,-0.469944,-7.49,4.41,0.84,Noise,Right
1707209520257,0.338672,-0.819352,-0.469944,-11.06,3.64,0.07,Noise,Right
1707209520302,0.331352,-0.825696,-0.45384,-14.84,3.99,-0.07,Noise,Right
1707209520302,0.33672,-0.812032,-0.449936,-18.83,2.59,-1.19,Noise,Right
1707209520350,0.335744,-0.813984,-0.457744,-19.88,1.4,-0.77,Noise,Right
1707209520350,0.341112,-0.830576,-0.477264,-17.29,0.14,-1.89,Noise,Right
1707209520350,0.34892,-0.815936,-0.482144,-13.51,-0.21,-4.13,Noise,Right
1707209520478,0.354288,-0.796416,-0.477752,-8.33,-0.07,-3.71,Noise,Right
1707209520479,0.355752,-0.777384,-0.457744,-4.2,-1.33,-0.84,Noise,Right
1707209520479,0.35624,-0.772504,-0.456768,0.7,-2.03,3.92,Noise,Right
1707209520480,0.345992,-0.793,-0.45872,5.67,-2.03,7.0,Noise,Right
1707209520480,0.345016,-0.827648,-0.47092,7.0,-4.83,6.16,Noise,Right
1707209520480,0.345992,-0.826672,-0.477264,5.04,-3.01,3.22,Noise,Right
1707209520481,0.347944,-0.818376,-0.483608,3.08,-5.11,0.21,Noise,Right
1707209520539,0.356728,-0.796904,-0.467504,3.36,-2.03,-0.07,Noise,Right
1707209520540,0.34892,-0.786168,-0.48068,4.83,-2.24,1.68,Noise,Right
1707209520540,0.356728,-0.79056,-0.471408,5.6,-2.87,4.2,Noise,Right
1707209520540,0.347944,-0.78568,-0.48068,3.64,-2.38,4.9,Noise,Right
1707209520672,0.342576,-0.78812,-0.490928,1.33,-3.78,4.13,Noise,Right
1707209520672,0.341112,-0.793,-0.503616,-0.07,-3.08,3.22,Noise,Right
1707209520672,0.340624,-0.805688,-0.504592,-0.28,-2.17,1.54,Noise,Right
1707209520672,0.343064,-0.804224,-0.490928,0.77,-1.05,0.63,Noise,Right
1707209520672,0.338672,-0.794952,-0.467992,2.59,-2.1,0.07,Noise,Right
1707209520672,0.348432,-0.791536,-0.45872,5.11,-0.98,1.68,Noise,Right
1707209520673,0.3416,-0.786656,-0.476776,8.75,-2.94,4.41,Noise,Right
1707209520725,0.3416,-0.821304,-0.48312,11.69,-4.06,5.74,Noise,Right
1707209520726,0.327448,-0.842776,-0.474336,11.69,-3.01,4.76,Noise,Right
1707209520726,0.325984,-0.855464,-0.474336,9.24,-1.54,2.24,Noise,Right
1707209520726,0.332816,-0.864736,-0.48312,5.53,-1.89,-0.56,Noise,Right
1707209520770,0.322568,-0.868152,-0.468968,0.49,-1.12,-2.52,Noise,Right
1707209520770,0.327936,-0.85888,-0.462136,-0.07,-1.47,-4.13,Noise,Right
1707209520770,0.328424,-0.845216,-0.465064,4.41,-1.26,-4.2,Noise,Right
1707209520813,0.320128,-0.847656,-0.46848,10.08,-1.26,-3.15,Noise,Right
1707209520815,0.313296,-0.849608,-0.473848,14.07,0.07,-1.75,Noise,Right
1707209520860,0.311344,-0.854976,-0.462136,16.73,0.07,-0.42,Noise,Right
1707209520860,0.296216,-0.8662,-0.464576,17.08,0.49,1.33,Noise,Right
1707209520860,0.262544,-0.888648,-0.452376,17.78,-0.91,3.99,Noise,Right
1707209679932,1.199504,0.227408,0.713456,67.83,-98.28,-186.27,Noise,Right
1707209679932,0.85644,0.050752,0.67344,39.9,-91.63,-148.96,Noise,Right
1707209679932,0.637816,-0.07808,0.60268,21.49,-93.94,-102.48,Noise,Right
1707209679980,0.730536,-0.05856,0.583648,95.69,-116.76,-63.07,Noise,Right
1707209679981,0.496784,-0.099064,0.559248,126.0,-150.08,-37.52,Noise,Right
1707209679981,0.876448,0.191784,0.474824,162.75,-155.05,-2.38,Noise,Right
1707209680024,1.230248,0.20496,0.229848,171.5,-134.33,31.15,Noise,Right
1707209680025,1.219024,0.08296,0.11224,137.9,-109.69,46.55,Noise,Right
1707209680025,0.917928,-0.008296,0.168848,102.76,-99.54,50.26,Noise,Right
1707209680082,0.83936,-0.076616,0.182512,86.94,-90.93,31.85,Noise,Right
1707209680083,0.772016,-0.189832,0.199104,76.65,-83.79,2.52,Noise,Right
1707209680132,0.676368,-0.171288,0.284992,81.06,-83.58,-29.89,Noise,Right
1707209680133,0.803248,0.026352,0.30012,81.55,-93.03,-62.72,Noise,Right
1707209680133,1.035536,0.113704,0.309392,77.35,-97.44,-81.97,Noise,Right
1707209680133,1.092144,0.16104,0.25864,75.74,-89.39,-89.67,Noise,Right
1707209680185,1.086288,0.213256,0.291824,72.17,-68.18,-84.56,Noise,Right
1707209680186,1.035048,0.20496,0.34648,102.41,-55.23,-60.2,Noise,Right
1707209680186,1.026264,0.182024,0.262056,82.81,-56.0,-30.52,Noise,Right
1707209680242,1.101904,0.138592,0.228872,84.28,-52.08,3.92,Noise,Right
1707209680245,1.135088,0.146888,0.169336,91.56,-46.13,31.71,Noise,Right
1707209680246,1.169736,0.152256,0.173728,83.16,-38.15,43.05,Noise,Right
1707209680288,1.192184,0.112728,0.163968,77.98,-33.25,39.76,Noise,Right
1707209680289,1.167296,0.083936,0.166408,75.46,-25.97,29.47,Noise,Right
1707209680289,1.089216,0.102968,0.191296,66.64,-16.8,20.93,Noise,Right
1707209680333,1.019432,0.003904,0.20496,58.1,-12.11,21.56,Noise,Right
1707209680334,0.97356,-0.001952,0.183976,56.07,-5.46,26.39,Noise,Right
1707209680334,0.957944,0.045872,0.24888,53.41,17.78,33.6,Noise,Right
1707209680388,0.978928,0.071248,0.118584,50.82,-5.67,39.62,Noise,Right
1707209680389,1.0126,0.10004,0.087352,48.79,-21.98,47.18,Noise,Right
1707209680389,1.075064,0.066856,0.044896,41.72,-36.61,52.5,Noise,Right
1707209680442,1.09068,0.055144,0.013664,36.47,-31.85,42.28,Noise,Right
1707209680442,1.070672,0.041968,0.040016,24.15,-15.33,25.06,Noise,Right
1707209680442,1.025776,0.0122,0.071248,13.3,-4.48,9.45,Noise,Right
1707209680492,0.990152,-0.002928,0.071736,5.18,-1.96,-5.04,Noise,Right
1707209680492,0.969168,0.011224,0.075152,-1.68,-2.94,-15.47,Noise,Right
1707209680493,0.954528,0.0366,0.082472,-8.4,-10.85,-18.48,Noise,Right
1707209680618,0.965752,0.045872,0.064904,-5.18,-22.89,-15.82,Noise,Right
1707209680618,0.9882,0.03416,0.035624,-3.08,-29.05,-14.07,Noise,Right
1707209680618,1.01992,0.047824,0.020496,-3.57,-18.83,-14.07,Noise,Right
1707209680619,1.060912,0.073688,0.018056,-6.93,-2.73,-13.51,Noise,Right
1707209680619,1.038464,0.080032,0.004392,-6.93,6.09,-10.22,Noise,Right
1707209680619,1.037976,0.064416,0.028792,-5.67,0.35,-8.96,Noise,Right
1707209680619,1.05408,0.052704,0.03416,-1.4,-12.74,-14.49,Noise,Right
1707209680673,1.040904,0.0366,0.048312,-0.84,-16.24,-23.94,Noise,Right
1707209680674,1.041392,0.023424,0.0732,0.98,-11.2,-29.12,Noise,Right
1707209680674,1.001376,0.0366,0.1098,3.71,-5.25,-23.73,Noise,Right
1707209680674,0.989664,0.037088,0.130296,6.72,-1.96,-12.11,Noise,Right
1707209680720,0.92476,0.037088,0.14152,11.76,0.98,1.68,Noise,Right
1707209680721,0.9028,0.042456,0.142984,13.93,-6.72,11.83,Noise,Right
1707209680721,0.905728,0.021472,0.107848,18.27,-19.6,13.58,Noise,Right
1707209680767,0.987712,0.038552,0.074664,19.46,-25.9,7.56,Noise,Right
1707209680773,1.229272,0.07076,-0.011712,10.15,-14.84,-0.77,Noise,Right
1707209680812,1.143872,0.010736,0.016104,12.39,-11.13,-1.05,Noise,Right
1707209680813,1.022848,-0.000976,0.032696,13.16,-11.13,-1.54,Noise,Right
1707209680813,0.99552,0.0732,0.033184,13.58,-10.78,-0.21,Noise,Right
1707209680858,0.7808,0.136152,0.073688,16.03,-7.21,11.69,Noise,Right
1707209680858,0.73932,0.078568,0.16104,18.27,0.35,67.97,Noise,Right
1707209680858,1.338096,0.12688,0.035136,10.78,-15.54,79.38,Noise,Right
1707209680904,1.070184,0.055632,0.010736,9.45,4.2,47.11,Noise,Right
1707209680904,1.006256,0.040992,0.06832,6.44,-15.4,22.19,Noise,Right
1707209680905,1.04432,0.008296,0.044408,1.96,-14.7,25.27,Noise,Right
1707209680953,0.999912,-0.069296,0.0488,-6.72,-13.44,25.9,Noise,Right
1707209680953,1.050664,-0.157136,0.081008,-12.81,-14.49,21.7,Noise,Right
1707209681009,0.976976,-0.167384,0.050752,-15.47,-16.31,13.86,Noise,Right
1707209681009,0.996984,-0.203984,0.046848,-14.35,-18.2,6.86,Noise,Right
1707209681009,0.991128,-0.142008,0.071248,-9.87,-20.93,0.21,Noise,Right
1707209681062,0.916464,-0.096136,0.048312,-19.95,-22.19,-2.8,Noise,Right
1707209681062,1.067256,-0.077592,0.008784,-17.43,-24.57,-7.42,Noise,Right
1707209681063,0.902312,-0.017568,-0.006832,-24.43,-22.47,-8.75,Noise,Right
1707209681063,1.0492,0.051728,-0.018544,-37.52,-22.19,-5.46,Noise,Right
1707209681108,0.985272,-0.18544,-0.045384,-42.21,-21.91,-2.17,Noise,Right
1707209681108,0.970632,-0.087352,-0.001464,-36.4,-18.83,-8.54,Noise,Right
1707209681108,1.034072,-0.093208,-0.043432,-42.0,-19.32,-11.27,Noise,Right
1707209681156,1.020408,-0.053192,-0.020984,-42.42,-18.48,-13.02,Noise,Right
1707209681156,0.980392,-0.005856,-0.00488,-50.82,-15.82,-9.17,Noise,Right
1707209681211,1.02236,0.043432,0.009272,-68.88,-9.38,0.98,Noise,Right
1707209681212,1.0248,-0.012688,-0.0488,-77.35,-19.95,0.42,Noise,Right
1707209681212,0.940376,-0.056608,-0.031232,-54.04,-21.63,-7.84,Noise,Right
1707209681328,0.784216,-0.064416,-0.057584,-45.5,-22.4,-9.8,Noise,Right
1707209681329,0.794952,-0.16348,-0.142008,-43.12,-17.29,-19.67,Noise,Right
1707209681329,0.9516,-0.157624,-0.134688,-20.86,-10.36,-31.5,Noise,Right
1707209681329,0.828624,-0.12444,0.064904,-21.14,-0.14,-38.64,Noise,Right
1707209681329,0.990152,0.022448,-0.264008,-19.6,7.21,-40.39,Noise,Right
1707209681329,1.114104,0.16836,-0.128344,-16.17,11.2,-36.33,Noise,Right
1707209681329,1.324432,0.284504,-0.137616,-16.1,12.67,-19.95,Noise,Right
1707209681374,1.086288,0.28792,-0.077592,-11.06,15.54,-0.77,Noise,Right
1707209681374,0.982832,0.256688,0.01952,-3.99,14.63,15.19,Noise,Right
1707209681374,0.962336,0.201544,0.030256,-2.66,12.25,27.86,Noise,Right
1707209681421,0.8174,0.093208,0.049776,-1.33,9.17,37.45,Noise,Right
1707209681421,0.440176,-0.03904,0.1586,-3.15,6.23,37.73,Noise,Right
1707209681422,1.01504,0.194224,-0.82716,-42.07,-20.86,43.47,Noise,Right
1707209681469,0.998448,-0.14152,-0.047824,-14.56,-1.33,33.95,Noise,Right
1707209681469,1.002352,-0.2806,-0.121024,-6.44,5.04,16.8,Noise,Right
1707209681469,0.996008,-0.332816,-0.132736,-2.94,10.71,3.08,Noise,Right
1707209681517,1.018456,-0.38796,-0.137128,0.91,17.15,-18.06,Noise,Right
1707209681517,0.99796,-0.366976,-0.243024,5.81,23.73,-38.57,Noise,Right
1707209681639,1.138016,-0.399672,-0.23424,27.72,34.58,-59.08,Noise,Right
1707209681639,1.075552,-0.359656,-0.154696,46.97,50.61,-74.34,Noise,Right
1707209681639,1.080432,-0.230336,-0.122976,27.58,58.38,-96.18,Noise,Right
1707209681640,1.038464,-0.094672,-0.126392,14.77,88.76,-101.71,Noise,Right
1707209681640,1.280024,0.003904,0.069296,23.87,146.3,-88.62,Noise,Right
1707209681640,1.142408,0.0976,0.092232,23.24,158.69,-93.8,Noise,Right
1707209681640,1.084824,0.116632,0.183,16.17,149.52,-120.19,Noise,Right
1707209681685,0.949648,0.108824,0.225944,8.61,148.19,-144.9,Noise,Right
1707209681685,0.85644,0.17324,0.281576,1.47,157.5,-161.42,Noise,Right
1707209681685,0.789584,0.23424,0.305976,-6.51,164.22,-175.21,Noise,Right
1707209681732,0.743224,0.335256,0.377712,-4.9,155.89,-189.21,Noise,Right
1707209681732,0.711016,0.461648,0.347944,8.33,135.66,-199.15,Noise,Right
1707209681733,0.684176,0.518256,0.361608,7.07,115.85,-208.18,Noise,Right
1707209681778,0.630008,0.53436,0.427,-24.22,107.03,-214.69,Noise,Right
1707209681778,0.586088,0.516792,0.452864,-39.06,112.28,-207.13,Noise,Right
1707209681779,0.524112,0.46604,0.375272,-48.44,126.63,-186.27,Noise,Right
1707209681823,0.428464,0.434808,0.532896,-44.59,145.32,-157.43,Noise,Right
1707209681823,0.360144,0.471896,0.581696,-25.48,156.87,-127.05,Noise,Right
1707209681824,0.305,0.532896,0.619272,-18.06,162.4,-103.32,Noise,Right
1707209681869,0.252784,0.62464,0.667096,-26.32,167.44,-88.62,Noise,Right
1707209681870,0.23424,0.659776,0.703208,-35.28,169.4,-82.25,Noise,Right
1707209681922,0.190808,0.677832,0.741272,-52.71,168.84,-88.55,Noise,Right
1707209681923,0.152744,0.66612,0.757864,-59.99,164.08,-113.68,Noise,Right
1707209681923,0.077104,0.667096,0.810568,-48.79,155.19,-138.6,Noise,Right
1707209682049,0.039528,0.693448,0.833504,-19.53,137.9,-161.7,Noise,Right
1707209682049,0.00732,0.711016,0.865224,-2.03,116.48,-170.94,Noise,Right
1707209682049,-0.073688,0.663192,0.928664,-9.66,94.5,-174.51,Noise,Right
1707209682049,-0.133712,0.697352,0.942328,-4.06,83.86,-168.49,Noise,Right
1707209682049,-0.183976,0.69784,0.901336,-11.41,80.78,-154.91,Noise,Right
1707209682050,-0.228872,0.705648,0.874496,-24.29,84.0,-142.03,Noise,Right
1707209682050,-0.249368,0.70028,0.884256,-25.34,88.69,-131.11,Noise,Right
1707209682105,-0.302072,0.713944,0.90768,-24.43,86.52,-127.26,Noise,Right
1707209682106,-0.340624,0.718824,0.956968,-16.17,72.17,-128.87,Noise,Right
1707209682106,-0.346968,0.719312,0.97112,-14.91,48.72,-132.93,Noise,Right
1707209682107,-0.357704,0.682224,0.973072,-19.6,22.61,-132.86,Noise,Right
1707209682150,-0.335256,0.61488,1.003816,-17.15,0.28,-121.45,Noise,Right
1707209682150,-0.2928,0.593408,0.920368,-2.45,-17.71,-104.79,Noise,Right
1707209682195,-0.25132,0.545584,0.8906,-5.53,-24.99,-84.14,Noise,Right
1707209682195,-0.210328,0.526064,0.848632,-2.38,-25.34,-64.12,Noise,Right
1707209682195,-0.201544,0.509472,0.85888,-13.44,-19.6,-47.39,Noise,Right
1707209682243,-0.219112,0.492392,0.85644,-16.59,-12.39,-30.24,Noise,Right
1707209682244,-0.231312,0.481656,0.84668,-20.72,-7.35,-15.89,Noise,Right
1707209682244,-0.223504,0.488488,0.836432,-20.51,-8.75,-4.13,Noise,Right
1707209682289,-0.198128,0.467504,0.820816,-20.16,-14.28,4.9,Noise,Right
1707209682289,-0.210328,0.437736,0.816912,-21.28,-19.88,11.55,Noise,Right
1707209682290,-0.215696,0.4148,0.813008,-21.35,-23.24,19.53,Noise,Right
1707209682340,-0.228384,0.389424,0.818376,-20.3,-26.39,28.21,Noise,Right
1707209682340,-0.242048,0.373808,0.817888,-17.85,-29.89,37.1,Noise,Right
1707209682340,-0.245464,0.369904,0.81496,-11.76,-31.92,44.8,Noise,Right
1707209682465,-0.25132,0.367464,0.81984,-5.88,-32.27,49.56,Noise,Right
1707209682465,-0.24156,0.366,0.821304,-2.66,-30.17,50.19,Noise,Right
1707209682465,-0.225456,0.383568,0.823744,0.42,-25.76,45.57,Noise,Right
1707209682465,-0.230336,0.3904,0.842776,1.89,-17.5,37.31,Noise,Right
1707209682467,-0.231312,0.406016,0.856928,3.5,-10.29,26.88,Noise,Right
1707209682467,-0.227896,0.428464,0.867176,3.85,-3.29,14.0,Noise,Right
1707209682467,-0.214232,0.439688,0.879864,1.47,3.29,0.0,Noise,Right
1707209682567,-0.227896,0.450424,0.884256,-0.49,7.84,-13.16,Noise,Right
1707209682567,-0.238144,0.447008,0.90524,-0.42,8.4,-18.97,Noise,Right
1707209682568,-0.252784,0.445056,0.912072,-1.96,6.16,-19.32,Noise,Right
1707209682568,-0.24644,0.435784,0.90524,-1.47,2.73,-16.1,Noise,Right
1707209682568,-0.23912,0.460184,0.905728,0.28,-0.49,-11.06,Noise,Right
1707209682568,-0.250344,0.46848,0.936472,-1.61,-2.31,-4.41,Noise,Right
1707209682613,-0.237168,0.489952,0.913536,-1.12,-3.78,0.91,Noise,Right
1707209682613,-0.22936,0.477264,0.909632,-2.24,-7.28,3.78,Noise,Right
1707209682613,-0.231312,0.467992,0.898408,-3.99,-9.45,4.06,Noise,Right
1707209682660,-0.223992,0.459208,0.896944,-4.9,-10.64,2.31,Noise,Right
1707209682660,-0.235704,0.4392,0.892552,-2.87,-10.5,-0.14,Noise,Right
1707209682708,-0.22448,0.44164,0.887184,-3.15,-9.45,-3.5,Noise,Right
1707209682708,-0.219112,0.43188,0.875472,-2.73,-9.31,-6.44,Noise,Right
1707209682708,-0.210816,0.42944,0.87352,-2.38,-9.59,-8.54,Noise,Right
1707209682754,-0.210328,0.439688,0.879864,-2.24,-10.57,-8.82,Noise,Right
1707209682754,-0.21472,0.428464,0.884744,-3.15,-12.32,-7.42,Noise,Right
1707209682754,-0.203008,0.426024,0.87352,-3.36,-13.72,-4.97,Noise,Right
1707209682800,-0.20252,0.409432,0.873032,-3.43,-12.18,-3.78,Noise,Right
1707209682801,-0.189344,0.411872,0.872544,-2.24,-10.22,-2.17,Noise,Right
1707209682801,-0.188856,0.408944,0.88084,-1.12,-8.19,-0.7,Noise,Right
1707209682848,-0.198616,0.406992,0.881816,0.07,-7.07,0.14,Noise,Right
1707209682848,-0.20496,0.406016,0.882304,0.91,-6.44,0.0,Noise,Right
1707209682848,-0.2074,0.39528,0.888648,1.54,-5.95,-0.63,Noise,Right
1707209682897,-0.203008,0.39528,0.883768,3.36,-5.81,-0.98,Noise,Right
1707209682901,-0.201056,0.403088,0.881816,5.67,-3.78,0.0,Noise,Right
1707209682948,-0.197152,0.414312,0.892552,8.54,-0.14,1.33,Noise,Right
1707209682949,-0.211304,0.428464,0.898896,7.84,2.45,2.45,Noise,Right
1707209682949,-0.220576,0.44896,0.909144,7.0,4.13,2.38,Noise,Right
1707209683068,-0.230336,0.452864,0.906216,6.86,2.17,1.82,Noise,Right
1707209683069,-0.228384,0.459208,0.910608,7.28,-1.33,0.7,Noise,Right
1707209683069,-0.23424,0.452376,0.907192,5.46,-3.92,-1.33,Noise,Right
1707209683069,-0.225456,0.4514,0.902312,5.6,-5.18,-3.08,Noise,Right
1707209683069,-0.220088,0.445544,0.898896,4.83,-4.9,-3.78,Noise,Right
1707209683070,-0.208864,0.44164,0.91012,5.46,-2.52,-3.43,Noise,Right
1707209683070,-0.221552,0.46116,0.913048,5.88,-0.56,-2.66,Noise,Right
1707209683182,-0.219112,0.464088,0.910608,5.32,-0.35,-2.03,Noise,Right
1707209683182,-0.23668,0.471408,0.918904,5.25,-1.54,-1.68,Noise,Right
1707209683183,-0.242536,0.482144,0.920856,4.27,-3.22,-1.96,Noise,Right
1707209683183,-0.240584,0.5002,0.926712,3.01,-4.27,-2.45,Noise,Right
1707209683183,-0.248392,0.498248,0.927688,0.0,-6.37,-3.29,Noise,Right
1707209683183,-0.23912,0.490928,0.91256,-0.56,-8.54,-4.27,Noise,Right
1707209683183,-0.238144,0.487512,0.918416,0.28,-10.85,-6.16,Noise,Right
1707209683235,-0.247904,0.490928,0.931104,-0.35,-12.04,-9.1,Noise,Right
1707209683236,-0.25376,0.497272,0.947696,-0.91,-12.53,-12.67,Noise,Right
1707209683236,-0.237656,0.484584,0.9394,1.05,-14.49,-16.87,Noise,Right
1707209683283,-0.237656,0.48556,0.945744,-0.07,-17.01,-21.07,Noise,Right
1707209683283,-0.247416,0.479704,0.93696,-0.91,-19.32,-24.92,Noise,Right
1707209683283,-0.270352,0.478728,0.958432,-2.8,-19.46,-28.77,Noise,Right
1707209683330,-0.296704,0.466528,0.981368,-2.73,-15.47,-35.07,Noise,Right
1707209683330,-0.325008,0.454328,1.006256,-3.92,-7.28,-46.06,Noise,Right
1707209683330,-0.344528,0.451888,1.037,0.49,-1.4,-62.3,Noise,Right
1707209683376,-0.357216,0.489952,0.991128,10.08,-0.49,-81.2,Noise,Right
1707209683376,-0.378688,0.472384,0.976,10.92,-3.85,-100.03,Noise,Right
1707209683376,-0.365512,0.476288,0.948672,10.22,-11.41,-116.2,Noise,Right
1707209683421,-0.357704,0.454328,0.925736,6.02,-21.28,-117.95,Noise,Right
1707209683421,-0.374296,0.433344,0.93696,-11.83,-25.62,-111.3,Noise,Right
1707209683468,-0.355264,0.408456,0.91988,-20.58,-24.5,-99.05,Noise,Right
1707209683469,-0.392352,0.393816,0.934032,-18.48,-20.51,-88.62,Noise,Right
1707209683469,-0.386008,0.3904,0.931592,-18.55,-20.93,-80.78,Noise,Right
1707209683514,-0.379664,0.37576,0.916464,-16.45,-28.56,-76.37,Noise,Right
1707209683514,-0.351848,0.3538,0.901336,-10.71,-43.68,-74.83,Noise,Right
1707209683515,-0.31964,0.350872,0.88572,-5.88,-54.74,-73.22,Noise,Right
1707209683568,-0.2928,0.323544,0.895968,-3.15,-60.27,-68.39,Noise,Right
1707209683569,-0.274256,0.305,0.896944,1.54,-59.92,-59.08,Noise,Right
1707209683680,-0.244488,0.287432,0.906704,3.5,-57.4,-45.29,Noise,Right
1707209683680,-0.235216,0.272792,0.920856,4.69,-53.97,-35.63,Noise,Right
1707209683681,-0.204472,0.27084,0.895968,12.11,-50.54,-34.44,Noise,Right
1707209683681,-0.16348,0.272792,0.894504,16.94,-47.39,-39.69,Noise,Right
1707209683681,-0.192272,0.28304,0.924272,16.66,-45.57,-48.58,Noise,Right
1707209683681,-0.219112,0.330376,0.930616,6.72,-46.62,-56.28,Noise,Right
1707209683681,-0.225944,0.32208,0.923784,-0.77,-51.24,-58.03,Noise,Right
1707209683734,-0.210816,0.314272,0.915,-1.19,-57.96,-59.08,Noise,Right
1707209683734,-0.168848,0.299144,0.91012,0.07,-67.13,-57.82,Noise,Right
1707209683734,-0.083448,0.284016,0.892552,1.96,-73.64,-51.45,Noise,Right
1707209683734,-0.038552,0.274256,0.88572,4.13,-74.9,-36.4,Noise,Right
1707209683783,-0.000976,0.27084,0.889624,5.81,-71.61,-21.42,Noise,Right
1707209683783,0.02928,0.273768,0.887672,8.05,-61.6,-10.78,Noise,Right
1707209683830,0.018544,0.280112,0.913048,11.55,-49.28,-8.89,Noise,Right
1707209683830,0.016104,0.289872,0.928176,11.69,-39.83,-14.49,Noise,Right
1707209683830,0.01708,0.283528,0.936472,7.77,-37.24,-24.08,Noise,Right
1707209683876,0.020008,0.259616,0.931592,6.65,-40.11,-34.44,Noise,Right
1707209683877,0.032696,0.26352,0.901336,12.67,-45.43,-39.55,Noise,Right
1707209683877,0.045872,0.288896,0.903776,19.39,-48.44,-39.97,Noise,Right
1707209684008,0.055632,0.321592,0.907192,21.98,-47.81,-34.44,Noise,Right
1707209684012,0.044408,0.338672,0.930128,17.22,-43.61,-26.11,Noise,Right
1707209684019,0.028792,0.342088,0.926712,6.51,-35.91,-16.38,Noise,Right
1707209684019,0.002928,0.299632,0.932568,0.84,-27.51,-7.84,Noise,Right
1707209684019,0.004392,0.281088,0.933056,2.31,-24.99,-1.33,Noise,Right
1707209684019,0.004392,0.276696,0.942816,6.23,-25.97,0.35,Noise,Right
1707209684019,0.002928,0.277672,0.935984,8.89,-28.7,-2.1,Noise,Right
1707209684106,0.001464,0.288896,0.955504,12.04,-28.84,-6.93,Noise,Right
1707209684106,0.022448,0.321104,0.955504,12.95,-26.18,-11.55,Noise,Right
1707209684106,0.00976,0.327448,0.975512,9.8,-21.07,-16.24,Noise,Right
1707209684106,0.012688,0.328912,0.977952,5.67,-19.81,-18.41,Noise,Right
1707209684106,0.024888,0.337208,0.979904,4.76,-22.89,-17.85,Noise,Right
1707209684106,0.069296,0.350872,0.973072,6.02,-27.3,-16.1,Noise,Right
1707209684157,0.082472,0.352336,0.974048,5.74,-28.21,-14.0,Noise,Right
1707209684157,0.067832,0.346968,0.976,3.5,-22.26,-11.76,Noise,Right
1707209684157,0.061488,0.355752,0.97356,-1.47,-16.38,-10.15,Noise,Right
1707209684157,0.079544,0.348432,0.96868,-2.03,-15.19,-10.15,Noise,Right
1707209684206,0.10248,0.344528,0.95404,0.98,-17.64,-11.2,Noise,Right
1707209684207,0.108336,0.342576,0.952576,0.63,-18.69,-13.72,Noise,Right
1707209684308,0.110776,0.324032,0.957944,0.56,-15.61,-14.49,Noise,Right
1707209684308,0.098576,0.308416,0.950136,0.56,-11.55,-12.81,Noise,Right
1707209684308,0.099552,0.297192,0.943304,2.38,-9.38,-9.59,Noise,Right
1707209684308,0.1098,0.308904,0.939888,5.46,-8.54,-5.81,Noise,Right
1707209684308,0.080032,0.316224,0.954528,4.41,-6.51,-2.94,Noise,Right
1707209684308,0.062952,0.314272,0.95648,3.29,-4.41,-2.38,Noise,Right
1707209684356,0.052704,0.308904,0.947696,2.38,-3.5,-3.36,Noise,Right
1707209684357,0.042944,0.31476,0.955016,2.8,-5.18,-4.48,Noise,Right
1707209684357,0.052216,0.31232,0.947696,4.76,-8.89,-4.83,Noise,Right
1707209684403,0.052216,0.316224,0.947696,6.51,-11.13,-4.76,Noise,Right
1707209684403,0.052704,0.321104,0.946232,6.58,-10.64,-5.67,Noise,Right
1707209684403,0.057096,0.325984,0.953552,5.32,-6.09,-7.63,Noise,Right
1707209684450,0.069784,0.33184,0.952576,5.53,-2.87,-11.06,Noise,Right
1707209684450,0.068808,0.342088,0.955992,4.13,-2.31,-13.02,Noise,Right
1707209684450,0.056608,0.342088,0.970144,5.04,-2.1,-13.23,Noise,Right
1707209684496,0.071248,0.340624,0.971608,6.72,-1.68,-13.09,Noise,Right
1707209684496,0.060024,0.3416,0.965752,7.63,-1.47,-12.53,Noise,Right
1707209684544,0.071248,0.33916,0.969168,7.28,2.17,-13.58,Noise,Right
1707209684545,0.06588,0.330376,0.97356,4.2,7.84,-16.45,Noise,Right
1707209684546,0.040016,0.32696,0.982832,3.71,11.41,-21.28,Noise,Right
1707209684591,0.014152,0.321104,0.980392,6.86,12.67,-28.98,Noise,Right
1707209684591,0.009272,0.325984,0.972096,2.31,13.79,-35.98,Noise,Right
1707209684591,0.000976,0.33428,0.961848,1.4,11.55,-40.53,Noise,Right
1707209684638,0.028304,0.335256,0.93452,4.2,4.55,-38.92,Noise,Right
1707209684638,0.049288,0.334768,0.914512,10.22,-10.85,-23.31,Noise,Right
1707209684638,0.086376,0.35136,0.910608,8.33,-2.59,-18.41,Noise,Right
1707209684690,0.186416,0.34892,0.774456,4.97,9.31,-10.71,Noise,Right
1707209684690,-0.033672,0.349896,0.835456,8.96,21.35,-10.78,Noise,Right
1707209684691,0.018056,0.338184,0.657336,0.91,-10.57,7.42,Noise,Right
1707209684820,-0.015128,0.38796,0.804712,-27.79,20.44,-5.74,Noise,Right
1707209684820,-0.020496,0.277672,0.942816,6.44,23.1,-5.81,Noise,Right
1707209684821,0.024888,0.247416,0.975024,6.02,22.26,-10.01,Noise,Right
1707209684821,-0.017568,0.298168,0.950624,4.83,22.33,-11.97,Noise,Right
1707209684821,-0.0244,0.326472,0.963312,3.15,21.56,-11.76,Noise,Right
1707209684821,-0.028304,0.362096,0.969168,-0.84,21.21,-9.1,Noise,Right
1707209684822,-0.008784,0.386496,0.969656,-3.64,21.56,-4.48,Noise,Right
1707209684869,-0.060512,0.31964,0.938912,-2.24,23.1,1.12,Noise,Right
1707209684869,0.045872,0.367464,0.964288,-3.36,24.78,5.74,Noise,Right
1707209684870,1.409832,0.338672,0.678808,1.4,14.84,14.07,Noise,Right
1707209684920,1.407392,0.309392,0.6466,29.75,-14.28,43.12,Noise,Right
1707209684920,-0.22936,0.210816,1.125328,44.94,-57.89,47.67,Noise,Right
1707209684920,0.61732,0.448472,0.89548,27.37,-23.17,32.41,Noise,Right
1707209685025,0.172752,0.23668,0.664168,-6.72,117.39,38.43,Noise,Right
1707209685025,-0.164456,0.307928,0.801784,2.03,173.88,69.65,Noise,Right
1707209685025,-0.553392,0.447984,0.86376,18.13,129.78,99.96,Noise,Right
1707209685025,-0.682712,0.515816,0.935984,31.08,61.88,100.59,Noise,Right
1707209685026,-0.584624,0.51484,0.960384,30.31,18.76,89.18,Noise,Right
1707209685026,-0.408456,0.506056,0.942328,22.19,-3.08,102.76,Noise,Right
1707209685026,-0.244976,0.444568,0.906704,12.6,-15.26,139.58,Noise,Right
1707209685074,-0.16836,0.396256,0.892552,5.39,-12.74,171.99,Noise,Right
1707209685075,-0.210328,0.407968,0.90768,10.78,-1.33,190.82,Noise,Right
1707209685120,-0.221552,0.467016,0.950624,18.48,5.81,202.02,Noise,Right
1707209685120,-0.25864,0.513376,0.998448,32.41,3.08,216.51,Noise,Right
1707209685120,-0.261568,0.54412,1.000888,38.85,-18.06,238.77,Noise,Right
1707209685166,-0.21228,0.55876,1.0004,48.3,-55.65,281.19,Noise,Right
1707209685166,-0.166408,0.491904,0.966728,54.18,-106.05,342.86,Noise,Right
1707209685166,-0.088816,0.407968,0.93452,57.68,-152.11,405.79,Noise,Right
1707209685213,-0.01952,0.360632,0.904264,58.59,-178.22,454.37,Noise,Right
1707209685213,0.076128,0.333304,0.915488,49.21,-186.34,466.06,Noise,Right
1707209685213,0.276208,0.325984,0.867664,32.34,-189.07,453.04,Noise,Right
1707209685261,0.47336,0.264496,0.802272,5.81,-188.09,418.53,Noise,Right
1707209685261,0.821792,0.207888,0.721264,19.04,-179.2,376.18,Noise,Right
1707209685307,0.819352,0.191784,0.623176,34.79,-163.94,329.35,Noise,Right
1707209685308,0.78324,0.137128,0.667096,19.11,-147.7,284.34,Noise,Right
1707209685308,0.736392,0.023424,0.73932,14.35,-138.18,256.48,Noise,Right
1707209685352,0.687104,-0.101016,0.73444,11.2,-130.27,229.11,Noise,Right
1707209685352,0.743712,-0.186416,0.701256,1.47,-111.58,184.59,Noise,Right
1707209685352,0.878888,-0.114192,0.537776,1.61,-81.62,118.72,Noise,Right
1707209685405,0.89304,-0.278648,0.623664,6.37,-45.85,30.73,Noise,Right
1707209685407,0.908168,-0.286456,0.540216,-14.42,-1.68,-47.46,Noise,Right
1707209685407,0.957456,-0.164456,0.58804,-14.0,41.51,-94.71,Noise,Right
1707209685535,0.776896,-0.139568,0.656848,-1.54,65.31,-104.23,Noise,Right
1707209685535,0.93696,-0.077104,0.71248,5.74,62.79,-85.89,Noise,Right
1707209685535,1.01992,-0.05612,0.67344,-2.94,36.4,-44.24,Noise,Right
1707209685535,0.876936,-0.043432,0.650504,3.22,2.94,-8.54,Noise,Right
1707209685536,0.859368,-0.011224,0.654408,19.67,-17.99,10.64,Noise,Right
1707209685536,0.877424,-0.016104,0.640744,21.21,-30.03,15.54,Noise,Right
1707209685536,0.86132,-0.017568,0.630008,18.2,-32.9,12.67,Noise,Right
1707209685593,0.854,0.002928,0.624152,13.16,-30.87,5.6,Noise,Right
1707209685597,0.86132,-0.013664,0.609024,7.49,-29.68,-0.63,Noise,Right
1707209685601,0.877912,-0.030744,0.57096,3.78,-30.38,-5.39,Noise,Right
1707209685632,0.904752,-0.057096,0.565592,9.87,-31.5,-5.88,Noise,Right
1707209685632,0.916464,-0.05612,0.562664,10.22,-29.82,-1.26,Noise,Right
1707209685632,0.885232,-0.064416,0.566568,3.36,-23.1,7.42,Noise,Right
1707209685677,0.854,-0.088816,0.55632,6.3,-13.16,17.15,Noise,Right
1707209685677,0.838384,-0.121512,0.559736,-0.84,-5.39,20.44,Noise,Right
1707209685678,0.809104,-0.114192,0.541192,-2.52,-2.59,18.69,Noise,Right
1707209685724,0.815936,-0.107848,0.550952,1.82,-3.43,14.07,Noise,Right
1707209685724,0.818864,-0.097112,0.55632,2.31,-6.65,7.14,Noise,Right
1707209685724,0.823744,-0.072712,0.569984,6.44,-10.29,-2.66,Noise,Right
1707209685777,0.848632,-0.071248,0.569984,8.96,-12.11,-8.61,Noise,Right
1707209685777,0.861808,-0.089304,0.565592,13.09,-12.74,-11.13,Noise,Right
1707209685778,0.857416,-0.08052,0.56608,12.04,-11.2,-10.15,Noise,Right
1707209685844,0.83936,-0.061976,0.569496,10.22,-7.63,-6.65,Noise,Right
1707209685844,0.840336,-0.062952,0.571936,7.0,-2.8,-2.8,Noise,Right
1707209685845,0.830576,-0.055144,0.574376,5.74,0.07,0.35,Noise,Right
1707209685845,0.838384,-0.046848,0.579256,5.95,-1.05,1.33,Noise,Right
1707209685896,0.838384,-0.045872,0.589016,5.81,-4.97,0.91,Noise,Right
1707209685896,0.837408,-0.052216,0.583648,7.56,-9.8,0.84,Noise,Right
1707209685897,0.815936,-0.061976,0.586576,7.35,-13.02,0.63,Noise,Right
1707209685943,0.806176,-0.078568,0.582184,8.4,-13.79,2.45,Noise,Right
1707209685943,0.803248,-0.095648,0.57096,8.68,-14.7,5.18,Noise,Right
1707209685943,0.793976,-0.09272,0.571936,9.31,-16.38,7.84,Noise,Right
1707209685994,0.807152,-0.07808,0.565104,10.01,-19.32,9.38,Noise,Right
1707209685994,0.827648,-0.066368,0.559736,10.43,-21.7,10.01,Noise,Right
1707209685994,0.835456,-0.077104,0.557784,9.8,-23.1,8.47,Noise,Right
1707209686040,0.83692,-0.071248,0.557296,9.1,-22.61,6.51,Noise,Right
1707209686041,0.850584,-0.076616,0.567544,9.24,-21.56,4.55,Noise,Right
1707209686152,0.867664,-0.07808,0.580232,11.69,-20.72,2.38,Noise,Right
1707209686153,0.897432,-0.076616,0.613904,15.12,-19.46,-0.84,Noise,Right
1707209686153,0.929152,-0.08052,0.64416,15.75,-19.11,-7.0,Noise,Right
1707209686153,0.935496,-0.06588,0.649528,14.63,-15.82,-9.87,Noise,Right
1707209686153,0.943792,-0.078568,0.64416,22.68,-10.99,-7.91,Noise,Right
1707209686153,0.940864,-0.079544,0.633424,33.39,-7.84,-3.08,Noise,Right
1707209686153,0.91744,-0.091744,0.623664,37.24,-6.16,4.83,Noise,Right
1707209686254,0.88084,-0.12932,0.620736,35.21,-7.63,11.9,Noise,Right
1707209686254,0.853512,-0.120536,0.6344,36.68,-7.98,17.78,Noise,Right
1707209686255,0.854,-0.096136,0.6344,29.75,-7.07,19.74,Noise,Right
1707209686255,0.882304,-0.067344,0.60756,7.14,-6.02,19.32,Noise,Right
1707209686255,0.880352,-0.071736,0.606584,-6.16,-4.34,18.27,Noise,Right
1707209686255,0.840824,-0.094184,0.607072,-24.71,-4.69,13.51,Noise,Right
1707209686300,0.81252,-0.133224,0.601704,-46.2,-3.22,7.49,Noise,Right
1707209686300,0.784704,-0.140544,0.574864,-66.92,2.87,5.6,Noise,Right
1707209686301,0.770064,-0.120536,0.57828,-78.82,10.43,10.01,Noise,Right
1707209686347,0.731512,-0.147376,0.575352,-75.95,11.48,18.34,Noise,Right
1707209686347,0.714432,-0.122488,0.544608,-66.92,2.31,29.05,Noise,Right
1707209686394,0.727608,-0.101992,0.51728,-52.43,-14.07,36.4,Noise,Right
1707209686394,0.762256,-0.11712,0.46604,-33.88,-52.92,33.81,Noise,Right
1707209686394,0.791536,-0.134688,0.4514,-15.47,-61.32,26.81,Noise,Right
1707209686441,0.857416,-0.155184,0.43432,7.42,-80.15,18.69,Noise,Right
1707209686442,0.935008,-0.167384,0.395768,30.73,-84.91,8.89,Noise,Right
1707209686442,0.94184,-0.201544,0.385032,46.13,-73.29,-5.46,Noise,Right
1707209686487,0.92476,-0.2196,0.382104,60.48,-49.07,-22.47,Noise,Right
1707209686487,0.879376,-0.196664,0.379664,77.42,-23.1,-31.15,Noise,Right
1707209686487,0.86132,-0.165432,0.421632,91.56,-14.35,-28.98,Noise,Right
1707209686534,0.828136,-0.127856,0.408944,92.89,-20.51,-20.65,Noise,Right
1707209686534,0.799832,-0.12444,0.428464,121.87,-29.05,-7.35,Noise,Right
1707209686581,0.815448,-0.09516,0.393328,102.55,-43.61,1.61,Noise,Right
1707209686581,0.893528,-0.05856,0.355264,105.42,-57.4,9.52,Noise,Right
1707209686581,0.982832,-0.121024,0.302072,107.66,-62.37,14.28,Noise,Right
1707209686635,0.955016,-0.154696,0.306952,68.88,-58.24,5.67,Noise,Right
1707209686635,0.892064,-0.11712,0.28548,32.2,-39.9,-13.79,Noise,Right
1707209686635,0.906704,-0.069296,0.275232,4.76,-17.57,-47.53,Noise,Right
1707209686757,0.954528,-0.0244,0.284504,-7.56,-1.54,-72.8,Noise,Right
1707209686757,1.007232,0.061,0.284992,-12.95,-4.97,-84.28,Noise,Right
1707209686757,1.033096,0.068808,0.273768,-11.13,-21.28,-75.04,Noise,Right
1707209686757,1.049688,0.086376,0.276696,-4.48,-40.25,-50.68,Noise,Right
1707209686757,1.07116,0.074664,0.251808,0.56,-49.28,-12.04,Noise,Right
1707209686757,1.056032,0.0488,0.258152,-0.14,-44.73,14.35,Noise,Right
1707209686758,1.051152,0.061976,0.264984,-2.8,-26.81,23.31,Noise,Right
1707209686868,1.069696,0.049288,0.267912,-12.11,-8.19,11.48,Noise,Right
1707209686868,1.01504,0.047824,0.275232,-19.74,4.55,-7.91,Noise,Right
1707209686868,0.982344,0.027816,0.294752,-17.85,5.25,-22.26,Noise,Right
1707209686868,0.98088,0.023424,0.309392,-11.9,-5.74,-27.86,Noise,Right
1707209686868,0.993568,0.008784,0.29768,-7.91,-17.57,-24.5,Noise,Right
1707209686868,0.990152,-0.001952,0.297192,-2.8,-16.59,-14.07,Noise,Right
1707209686868,0.987712,-0.010248,0.294752,-1.05,-8.4,0.14,Noise,Right
1707209686921,0.969656,-0.023424,0.294752,-0.56,-0.42,14.0,Noise,Right
1707209686921,0.959896,-0.00732,0.305488,-1.75,1.47,20.79,Noise,Right
1707209686922,0.926712,-0.024888,0.30012,-1.89,-1.96,15.19,Noise,Right
1707209686969,0.904752,-0.025864,0.297192,-1.68,-10.22,0.7,Noise,Right
1707209686970,0.860344,-0.010736,0.285968,-1.82,-20.72,-14.56,Noise,Right
1707209686970,0.869616,-0.012688,0.274256,-1.19,-34.16,-21.42,Noise,Right
1707209687015,0.931104,0.024888,0.266448,1.26,-46.13,-15.61,Noise,Right
1707209687016,1.57136,-0.02684,0.20252,-10.64,-18.06,-7.77,Noise,Right
1707209687016,1.090192,-0.058072,0.287432,13.86,-13.72,-2.03,Noise,Right
1707209687061,1.008208,-0.025864,0.252296,-3.29,-12.95,-4.62,Noise,Right
1707209687061,0.777872,0.00244,0.255224,-0.98,-11.34,-5.18,Noise,Right
1707209687106,0.95404,0.03172,0.255712,-4.48,-11.27,-4.06,Noise,Right
1707209687106,0.978928,0.076128,0.23912,-8.12,-12.11,-1.82,Noise,Right
1707209687106,0.959896,0.054168,0.257664,-5.67,-11.13,1.68,Noise,Right
1707209687151,0.986736,0.068808,0.269376,-9.52,-11.55,4.97,Noise,Right
1707209687151,1.031144,0.038552,0.217648,-18.41,-12.88,8.82,Noise,Right
1707209687151,0.908168,-0.020984,0.220088,-22.82,-34.58,13.02,Noise,Right
1707209687214,0.977952,-0.015128,0.203496,-3.92,-87.78,30.38,Noise,Right
1707209687220,1.014552,-0.026352,0.178608,-3.64,-83.72,31.08,Noise,Right
1707209687251,1.036024,-0.072224,0.13176,-8.33,-57.12,23.66,Noise,Right
1707209687252,1.004304,-0.066368,0.166896,-15.82,-18.69,13.44,Noise,Right
1707209687252,1.011136,-0.06832,0.17324,-24.92,3.57,3.08,Noise,Right
1707209687370,0.899872,-0.072712,0.169824,-22.47,3.29,3.29,Noise,Right
1707209687370,0.999912,-0.075152,0.182024,-23.87,2.1,0.35,Noise,Right
1707209687371,0.989664,-0.088328,0.16104,-21.21,3.99,-1.19,Noise,Right
1707209687371,0.980392,-0.055144,0.172264,-22.26,5.88,-1.4,Noise,Right
1707209687371,1.037488,-0.037088,0.175192,-18.62,6.65,-0.77,Noise,Right
1707209687371,1.059448,-0.020984,0.173728,-17.43,5.53,1.12,Noise,Right
1707209687371,1.182912,-0.042456,0.075152,-3.08,-72.38,7.7,Noise,Right
1707209687415,0.943304,-0.077592,0.147864,12.46,-124.88,11.41,Noise,Right
1707209687415,0.964776,-0.057584,0.103456,4.55,-86.1,6.37,Noise,Right
1707209687415,0.986736,-0.05856,0.120536,-1.89,-42.49,-3.08,Noise,Right
1707209687462,1.0126,-0.065392,0.075152,-6.44,-40.11,-7.77,Noise,Right
1707209687462,0.981368,-0.076616,0.057584,-10.01,-31.71,-6.02,Noise,Right
1707209687463,0.984296,-0.097112,0.033184,-13.16,-12.74,-1.89,Noise,Right
1707209687509,0.990152,-0.071736,0.015616,-14.98,-5.18,-0.14,Noise,Right
1707209687509,1.023824,-0.042944,0.002928,-15.26,-18.27,0.42,Noise,Right
1707209687558,1.026264,-0.024888,-0.002928,-8.05,-47.74,1.54,Noise,Right
1707209687558,0.991128,-0.044408,0.002928,-3.01,-69.23,0.7,Noise,Right
1707209687559,1.006256,-0.087352,0.017568,-4.13,-70.0,-5.46,Noise,Right
1707209687684,0.999424,-0.117608,0.019032,-5.81,-51.45,-13.93,Noise,Right
1707209687684,0.996984,-0.149328,0.03904,-4.13,-26.6,-15.75,Noise,Right
1707209687684,1.001376,-0.173728,0.050752,-5.18,-1.75,-12.18,Noise,Right
1707209687684,0.930128,-0.114192,0.092232,-21.98,29.12,-10.29,Noise,Right
1707209687685,0.981856,-0.070272,0.055144,-12.67,23.31,-13.51,Noise,Right
1707209687685,1.006744,-0.022936,0.052704,-16.59,20.44,-14.28,Noise,Right
1707209687685,1.005768,0.004392,0.054168,-22.75,18.69,-10.78,Noise,Right
1707209687790,1.032608,-0.095648,0.016592,-10.78,18.2,-9.31,Noise,Right
1707209687790,1.050176,-0.018544,0.012688,8.75,19.53,-10.29,Noise,Right
1707209687790,1.212192,0.026352,0.049776,12.32,27.72,-17.92,Noise,Right
1707209687790,1.158512,0.000976,0.061976,9.8,44.59,-43.05,Noise,Right
1707209687790,0.991616,0.01464,0.099552,8.61,33.95,-52.71,Noise,Right
1707209687790,0.97356,0.037088,0.136152,7.0,5.67,-38.71,Noise,Right
1707209687792,0.97356,0.00244,0.160064,8.47,-23.03,-9.87,Noise,Right
1707209687835,0.94428,0.0,0.159088,15.96,-33.39,25.34,Noise,Right
1707209687835,0.913048,0.013176,0.172264,21.14,-27.02,41.58,Noise,Right
1707209687835,0.939888,-0.010736,0.167872,20.93,-21.77,43.68,Noise,Right
1707209687882,0.909144,-0.055144,0.169336,16.52,-19.74,32.55,Noise,Right
1707209687883,0.868152,-0.073688,0.141032,10.36,-20.44,17.08,Noise,Right
1707209687928,0.886208,-0.063928,0.116632,5.46,-22.82,3.29,Noise,Right
1707209687929,0.875472,-0.077592,0.08296,0.77,-29.82,-9.31,Noise,Right
1707209687929,0.920856,-0.086376,0.042456,-1.26,-37.8,-18.55,Noise,Right
1707209687974,0.964288,-0.066368,0.020008,0.21,-39.41,-19.18,Noise,Right
1707209687975,0.998448,-0.096136,0.010736,0.0,-32.27,-11.62,Noise,Right
1707209687975,1.13216,-0.0488,-0.244976,-24.36,-31.08,0.14,Noise,Right
1707209688020,0.996496,-0.077592,-0.068808,16.52,-18.69,-6.86,Noise,Right
1707209688020,1.035048,-0.035136,-0.065392,7.07,-14.98,-6.72,Noise,Right
1707209688070,0.957944,-0.054168,-0.04392,7.21,-8.54,-1.82,Noise,Right
1707209688071,0.85156,-0.01708,0.043432,3.5,12.25,11.97,Noise,Right
1707209688071,1.043832,-0.070272,0.01952,0.21,-2.38,19.6,Noise,Right
1707209688115,1.108736,-0.054656,-0.134688,9.66,-15.05,-6.72,Noise,Right
1707209688115,1.016016,-0.03416,-0.076616,11.69,-13.58,-4.55,Noise,Right
1707209688115,1.008696,-0.025864,-0.058072,8.05,-10.15,-3.99,Noise,Right
1707209688167,0.999912,-0.023424,-0.064904,3.92,-7.35,-2.1,Noise,Right
1707209688167,0.994544,-0.000976,-0.05612,6.93,-5.53,-0.35,Noise,Right
1707209688168,0.999912,-0.01708,-0.063928,3.85,-4.13,2.8,Noise,Right
1707209688302,1.006256,-0.01464,-0.069784,1.75,-1.89,5.46,Noise,Right
1707209688302,1.008696,-0.032208,-0.079544,-4.83,0.49,7.91,Noise,Right
1707209688302,0.616832,-0.026352,-0.039528,-3.15,4.13,10.15,Noise,Right
1707209688303,0.816424,0.001464,0.000488,-16.87,4.41,8.68,Noise,Right
1707209688303,1.540616,0.00732,0.162504,-14.98,15.68,13.86,Noise,Right
1707209688353,1.02724,-0.164944,0.003416,6.86,-0.21,14.07,Noise,Right
1707209688353,1.028216,-0.19032,0.013176,1.75,-1.68,10.22,Noise,Right
1707209688483,1.004792,-0.26596,-0.006832,-0.7,-2.8,3.43,Noise,Right
1707209688483,0.983808,-0.279624,-0.035136,2.24,-1.61,-6.51,Noise,Right
1707209688483,0.85644,-0.27328,0.006344,4.48,0.77,-19.11,Noise,Right
1707209688483,0.675392,-0.154208,0.016104,1.33,2.31,-27.3,Noise,Right
1707209688483,1.04432,-0.084912,0.000976,-4.97,2.73,-28.42,Noise,Right
1707209688483,1.056032,-0.0244,-0.061,-1.68,1.75,-26.04,Noise,Right
1707209688484,1.035048,-0.0244,-0.033672,-0.63,1.96,-20.65,Noise,Right
1707209688539,1.00772,-0.018544,-0.01708,0.98,3.29,-17.29,Noise,Right
1707209688539,1.011624,-0.024888,0.009272,1.61,3.99,-13.79,Noise,Right
1707209688539,1.010648,-0.083448,0.007808,1.26,4.62,-13.02,Noise,Right
1707209688539,1.013576,-0.167384,-0.007808,3.43,5.39,-16.17,Noise,Right
1707209688610,0.994544,-0.252784,-0.037088,9.38,7.14,-23.87,Noise,Right
1707209688611,1.018944,-0.404552,-0.127368,14.35,12.53,-39.83,Noise,Right
1707209688611,1.021384,-0.48312,-0.111752,13.3,19.81,-66.36,Noise,Right
1707209688611,1.045296,-0.425048,-0.18056,17.57,31.64,-91.7,Noise,Right
1707209688713,1.06872,-0.3294,-0.183,25.34,45.5,-113.33,Noise,Right
1707209688713,1.041392,-0.207888,-0.166408,31.29,59.43,-132.23,Noise,Right
1707209688713,0.976976,-0.0976,-0.157624,38.01,74.69,-145.11,Noise,Right
1707209688713,0.932568,0.073688,-0.15616,38.01,88.48,-153.16,Noise,Right
1707209688714,0.95404,0.25376,-0.12688,24.85,130.62,-158.9,Noise,Right
1707209688714,1.041392,0.37576,-0.060024,23.73,169.12,-157.71,Noise,Right
1707209688765,0.952088,0.4514,0.038064,32.06,173.04,-153.02,Noise,Right
1707209688766,0.860832,0.478728,0.123952,49.21,152.53,-149.87,Noise,Right
1707209688766,0.781776,0.559736,0.147864,57.54,126.77,-155.75,Noise,Right
1707209688818,0.708088,0.58072,0.194712,51.73,108.92,-167.79,Noise,Right
1707209688822,0.606584,0.63196,0.255224,22.68,107.52,-184.66,Noise,Right
1707209688823,0.558272,0.631472,0.338184,-3.29,116.27,-198.87,Noise,Right
1707209688859,0.472872,0.615368,0.388936,-17.85,127.05,-204.75,Noise,Right
1707209688860,0.448472,0.626104,0.447496,-17.08,136.01,-197.47,Noise,Right
1707209688860,0.396256,0.58072,0.497272,-9.66,140.84,-175.49,Noise,Right
1707209688906,0.360144,0.577304,0.533384,0.63,144.69,-148.89,Noise,Right
1707209688907,0.294752,0.62708,0.558272,1.4,151.34,-121.03,Noise,Right
1707209688955,0.272304,0.67832,0.570472,8.89,155.89,-95.83,Noise,Right
1707209688955,0.239608,0.715408,0.596824,7.42,152.32,-81.62,Noise,Right
1707209688955,0.237168,0.757376,0.616344,3.15,141.19,-79.38,Noise,Right
1707209689000,0.243024,0.823256,0.59048,2.17,125.72,-91.42,Noise,Right
1707209689001,0.259128,0.820328,0.645624,-6.93,115.22,-116.55,Noise,Right
1707209689001,0.215208,0.774456,0.671,-5.53,108.08,-149.87,Noise,Right
1707209689047,0.149328,0.733464,0.71248,-4.69,108.64,-172.62,Noise,Right
1707209689048,0.067832,0.711504,0.708088,0.28,113.12,-177.38,Noise,Right
1707209689048,0.019032,0.706624,0.767136,12.04,120.4,-167.86,Noise,Right
1707209689095,-0.055144,0.758352,0.789096,7.28,126.91,-155.75,Noise,Right
1707209689095,-0.11224,0.833504,0.791048,-6.72,130.06,-140.42,Noise,Right
1707209689095,-0.188856,0.896944,0.80276,-10.01,128.66,-124.32,Noise,Right
1707209689143,-0.266448,0.876448,0.813496,-15.96,122.99,-118.3,Noise,Right
1707209689143,-0.318176,0.832528,0.77104,-21.91,112.42,-131.18,Noise,Right
1707209689224,-0.359168,0.796416,0.771528,-12.81,93.94,-150.85,Noise,Right
1707209689225,-0.39528,0.769088,0.769576,-14.07,69.79,-168.7,Noise,Right
1707209689225,-0.45384,0.745176,0.801296,-4.2,48.02,-176.26,Noise,Right
1707209689225,-0.5002,0.767624,0.84912,-10.22,30.24,-173.88,Noise,Right
1707209689226,-0.51728,0.75152,0.811544,-20.16,19.53,-160.23,Noise,Right
1707209689279,-0.494344,0.696376,0.778848,-25.27,15.61,-138.74,Noise,Right
1707209689280,-0.493856,0.657824,0.762744,-23.59,12.18,-111.02,Noise,Right
1707209689280,-0.50264,0.639768,0.74664,-15.68,8.82,-81.2,Noise,Right
1707209689326,-0.472872,0.640744,0.735416,-9.31,2.8,-51.8,Noise,Right
1707209689326,-0.462136,0.653432,0.723704,-2.59,-5.32,-20.23,Noise,Right
1707209689326,-0.460672,0.653432,0.726632,-5.32,-14.49,3.85,Noise,Right
1707209689376,-0.492392,0.63928,0.711016,-9.17,-25.62,24.08,Noise,Right
1707209689380,-0.459696,0.629032,0.687104,-13.58,-36.89,39.83,Noise,Right
1707209689380,-0.451888,0.586576,0.687592,-20.37,-49.84,52.92,Noise,Right
1707209689420,-0.388448,0.547048,0.665632,-23.1,-61.67,62.23,Noise,Right
1707209689420,-0.32696,0.515328,0.655872,-20.79,-66.36,69.93,Noise,Right
1707209689421,-0.291336,0.512888,0.67588,-16.45,-60.62,75.95,Noise,Right
1707209689467,-0.269376,0.531432,0.669048,-16.03,-51.03,84.7,Noise,Right
1707209689467,-0.273768,0.55632,0.684176,-11.76,-40.25,95.83,Noise,Right
1707209689512,-0.271816,0.569984,0.68808,-9.52,-32.2,105.21,Noise,Right
1707209689512,-0.27328,0.583648,0.6954,-11.06,-27.51,106.4,Noise,Right
1707209689512,-0.27816,0.604632,0.70028,-10.01,-25.48,97.93,Noise,Right
1707209689559,-0.269376,0.631472,0.717848,-8.61,-25.13,82.67,Noise,Right
1707209689559,-0.244,0.64416,0.723216,-6.23,-27.02,64.47,Noise,Right
1707209689559,-0.226432,0.65392,0.732976,-5.6,-28.77,48.16,Noise,Right
1707209689606,-0.208376,0.65636,0.742248,-4.9,-27.79,37.17,Noise,Right
1707209689606,-0.197152,0.632936,0.761768,-2.24,-23.1,33.95,Noise,Right
1707209689606,-0.172264,0.61488,0.767136,-1.47,-15.19,31.29,Noise,Right
1707209689653,-0.167384,0.595848,0.774456,-1.26,-7.77,25.55,Noise,Right
1707209689653,-0.154696,0.611952,0.769576,-0.14,-2.73,15.96,Noise,Right
1707209689709,-0.142984,0.632448,0.760304,2.24,-1.33,5.18,Noise,Right
1707209689710,-0.137616,0.648552,0.757376,3.64,-1.47,-5.39,Noise,Right
1707209689710,-0.157136,0.666608,0.76616,4.27,-0.42,-10.57,Noise,Right
1707209689763,-0.163968,0.664656,0.767624,2.17,-0.07,-11.06,Noise,Right
1707209689763,-0.170312,0.650504,0.77104,1.33,-2.52,-7.91,Noise,Right
1707209689763,-0.16836,0.657336,0.771528,1.75,-4.69,-1.68,Noise,Right
1707209689764,-0.161528,0.657824,0.772992,1.96,-5.04,4.97,Noise,Right
1707209689810,-0.17324,0.642696,0.762256,2.17,-3.43,7.91,Noise,Right
1707209689810,-0.163968,0.660752,0.76128,3.29,-2.17,7.14,Noise,Right
1707209689810,-0.15128,0.664168,0.762256,2.45,-2.52,2.94,Noise,Right
1707209689856,-0.151768,0.655872,0.76372,2.45,-3.08,-2.24,Noise,Right
1707209689856,-0.15616,0.652944,0.757864,1.68,-3.15,-7.0,Noise,Right
1707209689913,-0.156648,0.63928,0.760792,2.17,-2.38,-8.47,Noise,Right
1707209689916,-0.152744,0.62708,0.7564,2.24,-1.54,-7.98,Noise,Right
1707209689916,-0.14396,0.626104,0.754936,3.01,0.0,-6.79,Noise,Right
1707209689965,-0.1464,0.62952,0.750056,4.13,1.12,-5.39,Noise,Right
1707209689965,-0.15616,0.637328,0.743224,5.32,1.96,-3.57,Noise,Right
1707209689965,-0.16592,0.62952,0.739808,4.55,2.66,-2.8,Noise,Right
1707209689965,-0.176656,0.638792,0.739808,4.76,2.8,-3.36,Noise,Right
1707209690014,-0.179584,0.62708,0.745176,4.48,1.33,-4.41,Noise,Right
1707209690015,-0.186904,0.62708,0.74664,5.32,-0.35,-6.51,Noise,Right
1707209690131,-0.183488,0.622688,0.7442,6.86,-1.19,-9.52,Noise,Right
1707209690132,-0.201056,0.657824,0.759328,12.04,1.68,-16.73,Noise,Right
1707209690133,-0.242048,0.702232,0.780312,19.88,11.62,-31.15,Noise,Right
1707209690133,-0.284992,0.801784,0.826184,24.57,21.98,-52.92,Noise,Right
1707209690133,-0.352336,0.87108,0.875472,22.82,30.73,-79.52,Noise,Right
1707209690133,-0.421144,0.91744,0.9272,17.92,35.91,-107.17,Noise,Right
1707209690133,-0.452376,0.911096,0.948184,4.13,30.66,-131.04,Noise,Right
1707209690181,-0.478728,0.894992,0.924272,-4.83,17.22,-137.41,Noise,Right
1707209690181,-0.522648,0.865712,0.931592,-10.15,2.94,-129.01,Noise,Right
1707209690181,-0.563152,0.822768,0.918904,-9.73,-11.62,-110.39,Noise,Right
1707209690227,-0.547536,0.778848,0.895968,-12.74,-24.43,-91.56,Noise,Right
1707209690227,-0.54168,0.750544,0.8662,-9.31,-34.3,-80.22,Noise,Right
1707209690228,-0.577792,0.751032,0.839848,-5.67,-40.95,-80.01,Noise,Right
1707209690273,-0.547048,0.7198,0.835456,-5.88,-48.51,-85.47,Noise,Right
1707209690274,-0.51972,0.650016,0.77592,-11.9,-58.52,-94.22,Noise,Right
1707209690274,-0.445544,0.591944,0.748104,-19.25,-67.69,-102.2,Noise,Right
1707209690322,-0.420168,0.550952,0.720288,-18.69,-75.6,-102.27,Noise,Right
1707209690322,-0.39284,0.513864,0.6954,-15.61,-79.73,-95.34,Noise,Right
1707209690322,-0.379176,0.485072,0.703696,-5.74,-77.7,-87.36,Noise,Right
1707209690366,-0.365512,0.460184,0.701744,-1.26,-74.83,-79.17,Noise,Right
1707209690366,-0.345504,0.416752,0.69052,4.62,-72.66,-67.55,Noise,Right
1707209690430,-0.334768,0.388448,0.679296,13.79,-72.94,-55.16,Noise,Right
1707209690438,-0.325984,0.384056,0.68808,21.49,-73.71,-43.05,Noise,Right
1707209690439,-0.309392,0.360632,0.69784,31.57,-74.2,-37.73,Noise,Right
1707209690473,-0.2806,0.355752,0.668072,21.28,-73.85,-41.86,Noise,Right
1707209690475,-0.17568,0.373808,0.688568,12.88,-71.61,-50.47,Noise,Right
1707209690475,-0.117608,0.390888,0.689544,0.49,-65.03,-54.74,Noise,Right
1707209690475,-0.135176,0.394304,0.725168,-7.21,-54.11,-50.75,Noise,Right
1707209690522,-0.127856,0.426512,0.715408,-0.35,-41.16,-39.2,Noise,Right
1707209690523,-0.12932,0.408944,0.739808,-13.86,-30.1,-30.45,Noise,Right
1707209690568,-0.183,0.436272,0.782752,-16.24,-22.82,-21.91,Noise,Right
1707209690569,-0.198616,0.437248,0.797392,-31.29,-21.98,-17.08,Noise,Right
1707209690569,-0.191296,0.410408,0.809104,-35.63,-24.08,-13.72,Noise,Right
1707209690615,-0.134688,0.381616,0.836432,-38.64,-30.59,-12.95,Noise,Right
1707209690615,-0.116144,0.345504,0.813496,-34.72,-36.26,-11.55,Noise,Right
1707209690615,-0.106384,0.305976,0.808616,-17.85,-33.25,-10.71,Noise,Right
1707209690659,-0.106384,0.296704,0.799344,-11.06,-24.64,-14.21,Noise,Right
1707209690659,-0.12932,0.288896,0.818376,-4.83,-10.71,-21.84,Noise,Right
1707209690659,-0.207888,0.260592,0.862784,-5.32,3.78,-32.41,Noise,Right
1707209690705,-0.238632,0.290848,0.876448,-1.4,14.91,-37.52,Noise,Right
1707209690706,-0.230336,0.345504,0.886208,3.43,16.94,-37.38,Noise,Right
1707209690751,-0.244976,0.377224,0.8906,6.09,12.04,-34.02,Noise,Right
1707209690751,-0.255224,0.39528,0.894992,5.88,2.94,-29.12,Noise,Right
1707209690752,-0.266936,0.410408,0.888648,5.95,-5.67,-21.07,Noise,Right
1707209690798,-0.255224,0.38064,0.865224,6.65,-11.06,-13.37,Noise,Right
1707209690798,-0.244976,0.352824,0.853024,9.52,-12.18,-6.72,Noise,Right
1707209690798,-0.229848,0.359168,0.85644,14.07,-8.12,-1.96,Noise,Right
1707209690844,-0.242536,0.37088,0.889624,13.72,-2.38,0.56,Noise,Right
1707209690845,-0.264496,0.371856,0.922808,13.23,2.03,1.75,Noise,Right
1707209690891,-0.260104,0.367952,0.949648,11.2,3.22,0.35,Noise,Right
1707209690892,-0.267424,0.354776,0.972584,12.6,1.19,-2.8,Noise,Right
1707209690892,-0.2806,0.366,0.99064,15.82,-0.56,-7.84,Noise,Right
1707209690939,-0.310856,0.380152,0.999912,17.36,-0.49,-14.35,Noise,Right
1707209690939,-0.343552,0.408456,1.021872,18.34,-0.14,-21.14,Noise,Right
1707209690939,-0.359168,0.440664,1.029192,17.15,-2.66,-25.62,Noise,Right
1707209690984,-0.359656,0.459696,1.030168,13.3,-10.08,-27.79,Noise,Right
1707209690984,-0.349896,0.467016,1.003328,7.49,-19.11,-28.56,Noise,Right
1707209690984,-0.313296,0.443104,0.972584,3.08,-27.65,-26.53,Noise,Right
1707209691039,-0.31232,0.42212,0.907192,-0.84,-31.15,-23.17,Noise,Right
1707209691039,-0.313784,0.416264,0.864736,-0.84,-28.84,-16.59,Noise,Right
1707209691152,-0.295728,0.417728,0.834968,-1.75,-22.82,-10.43,Noise,Right
1707209691152,-0.259616,0.41236,0.802272,-5.11,-18.13,-5.67,Noise,Right
1707209691153,-0.23668,0.371368,0.780312,-7.98,-16.59,-1.96,Noise,Right
1707209691153,-0.194224,0.342576,0.778848,-5.46,-18.83,0.7,Noise,Right
1707209691154,-0.145424,0.318664,0.782264,-0.49,-21.91,4.48,Noise,Right
1707209691154,-0.12932,0.324032,0.774944,5.53,-18.2,8.05,Noise,Right
1707209691154,-0.154696,0.339648,0.801784,7.49,-5.39,10.29,Noise,Right
1707209691201,-0.171288,0.3416,0.81252,7.98,6.02,10.99,Noise,Right
1707209691202,-0.195688,0.342088,0.831064,10.36,11.2,10.29,Noise,Right
1707209691202,-0.22204,0.359656,0.870104,14.0,9.87,7.84,Noise,Right
1707209691248,-0.230336,0.374784,0.905728,16.66,5.6,4.9,Noise,Right
1707209691249,-0.225944,0.381616,0.946232,17.64,2.38,2.8,Noise,Right
1707209691249,-0.2318,0.37576,0.969656,17.78,3.78,2.24,Noise,Right
1707209691295,-0.229848,0.392352,0.959896,17.64,8.75,1.12,Noise,Right
1707209691295,-0.272304,0.421632,0.955016,15.12,16.1,0.07,Noise,Right
1707209691296,-0.328912,0.456768,0.957944,13.37,23.17,-0.91,Noise,Right
1707209691346,-0.3538,0.486536,0.938912,10.92,23.73,-2.03,Noise,Right
1707209691346,-0.358192,0.515816,0.914024,9.17,18.83,-4.2,Noise,Right
1707209691346,-0.386008,0.547536,0.896944,6.79,10.85,-7.35,Noise,Right
1707209691390,-0.405528,0.558272,0.881328,2.03,4.62,-10.43,Noise,Right
1707209691390,-0.418216,0.549488,0.881328,-4.06,0.98,-10.78,Noise,Right
1707209691391,-0.449448,0.525088,0.852048,-12.6,-2.66,-8.26,Noise,Right
1707209691448,-0.442128,0.476288,0.835944,-17.64,-9.59,-4.55,Noise,Right
1707209691448,-0.428464,0.425536,0.8052,-18.34,-18.69,-0.7,Noise,Right
1707209691498,-0.386984,0.369904,0.801784,-16.73,-28.14,1.05,Noise,Right
1707209691504,-0.352824,0.319152,0.792512,-13.23,-36.75,1.61,Noise,Right
1707209691506,-0.320616,0.294264,0.809592,-7.07,-41.16,0.14,Noise,Right
1707209691506,-0.28304,0.295728,0.833504,-1.26,-37.87,-0.63,Noise,Right
1707209691550,-0.27816,0.306464,0.880352,1.68,-29.05,-1.05,Noise,Right
1707209691551,-0.27572,0.323544,0.898408,4.06,-16.38,-2.45,Noise,Right
1707209691551,-0.279136,0.348432,0.914512,4.2,-5.88,-5.46,Noise,Right
1707209691681,-0.323056,0.391376,0.917928,3.64,-0.21,-8.4,Noise,Right
1707209691681,-0.345504,0.420168,0.900848,2.24,-2.24,-9.66,Noise,Right
1707209691682,-0.340136,0.430416,0.908168,0.91,-10.78,-11.62,Noise,Right
1707209691682,-0.320128,0.457256,0.893528,2.1,-22.26,-12.6,Noise,Right
1707209691682,-0.282552,0.447496,0.901336,1.05,-30.94,-10.85,Noise,Right
1707209691683,-0.22692,0.421632,0.919392,1.12,-34.3,-6.93,Noise,Right
1707209691683,-0.176168,0.396256,0.946232,1.47,-33.81,-3.29,Noise,Right
1707209691728,-0.164944,0.386008,0.960384,2.38,-31.43,-0.35,Noise,Right
1707209691729,-0.19764,0.409432,0.972584,3.29,-26.04,-0.07,Noise,Right
1707209691729,-0.275232,0.427,0.9882,-0.28,-18.76,-1.68,Noise,Right
1707209691775,-0.257664,0.428952,1.003328,-4.69,-15.96,-4.41,Noise,Right
1707209691775,-0.225944,0.404064,1.00284,-7.63,-23.59,-8.54,Noise,Right
1707209691775,-0.215208,0.391864,0.987712,-5.53,-40.46,-11.83,Noise,Right
1707209691821,-0.221552,0.39528,0.978928,-3.92,-51.31,-12.88,Noise,Right
1707209691822,-0.195688,0.381616,0.969656,-1.05,-55.02,-13.02,Noise,Right
1707209691822,-0.192272,0.362584,0.95648,-2.94,-52.99,-12.95,Noise,Right
1707209691868,-0.203008,0.342088,0.958432,-3.78,-45.64,-11.41,Noise,Right
1707209691868,-0.214232,0.345016,0.96624,-4.2,-39.2,-9.31,Noise,Right
1707209691869,-0.225456,0.34404,0.955992,-3.43,-36.75,-7.98,Noise,Right
1707209691916,-0.223992,0.3538,0.955992,-2.66,-41.02,-7.98,Noise,Right
1707209691916,-0.143472,0.367464,0.947696,-0.7,-52.29,-9.38,Noise,Right
1707209691962,-0.030744,0.385032,0.931592,3.22,-60.27,-8.61,Noise,Right
1707209691962,0.072224,0.381616,0.95892,-1.12,-43.33,-6.44,Noise,Right
1707209691962,0.07808,0.360632,0.978928,-2.66,-28.49,-7.77,Noise,Right
1707209692008,-0.000488,0.370392,0.996496,-3.64,-23.94,-17.78,Noise,Right
1707209692008,-0.047824,0.37576,0.991616,-6.02,-23.17,-31.99,Noise,Right
1707209692008,-0.061976,0.350872,0.965264,-10.08,-17.5,-44.59,Noise,Right
1707209692063,-0.081008,0.32696,0.956968,-9.94,-14.98,-48.93,Noise,Right
1707209692064,-0.052704,0.301096,0.928664,-7.21,-16.38,-44.52,Noise,Right
1707209692064,-0.015616,0.30256,0.908656,-2.24,-11.06,-30.73,Noise,Right
1707209692190,0.051728,0.297192,0.86376,1.19,-4.41,-11.83,Noise,Right
1707209692191,0.10492,0.323544,0.83204,5.67,0.42,2.66,Noise,Right
1707209692191,0.146888,0.347456,0.78568,5.88,11.76,8.33,Noise,Right
1707209692191,0.172264,0.357216,0.652456,49.63,-32.06,-10.64,Noise,Right
1707209692191,0.330376,0.407968,0.732976,20.51,-4.97,-14.28,Noise,Right
1707209692191,0.117608,0.31964,0.855952,26.32,-15.89,12.04,Noise,Right
1707209692191,0.25132,0.396744,1.396656,4.41,58.17,-4.06,Noise,Right
1707209692240,0.666608,0.48312,0.44164,-1.96,24.43,1.89,Noise,Right
1707209692241,0.272792,0.104432,0.965752,-10.22,21.63,20.72,Noise,Right
1707209692241,0.3294,0.324032,0.798368,-6.02,37.59,6.23,Noise,Right
1707209692241,0.328424,0.238144,0.752984,-12.04,54.46,8.12,Noise,Right
1707209692288,0.27328,0.217648,0.68808,-4.69,55.16,28.35,Noise,Right
1707209692288,0.031232,0.247904,0.688568,8.19,54.74,62.93,Noise,Right
1707209692333,-0.145912,0.306952,0.767136,18.69,57.26,98.07,Noise,Right
1707209692333,-0.27328,0.408456,0.855464,21.98,63.21,138.32,Noise,Right
1707209692334,-0.389912,0.483608,0.970144,20.58,64.19,186.9,Noise,Right
1707209692380,-0.46116,0.47824,1.04188,29.82,48.23,250.67,Noise,Right
1707209692381,-0.467016,0.418704,1.033584,35.91,9.8,350.28,Noise,Right
1707209692381,-0.467016,0.325984,0.969168,34.44,-37.03,432.53,Noise,Right
1707209692429,-0.443592,0.280112,0.90768,31.29,-78.68,489.51,Noise,Right
1707209692429,-0.38308,0.278648,0.868152,40.81,-97.02,501.55,Noise,Right
1707209692429,-0.216672,0.264496,0.839848,34.09,-114.38,481.81,Noise,Right
1707209692475,0.14884,0.27572,0.762256,41.79,-126.07,445.55,Noise,Right
1707209692475,0.507032,0.230336,0.701744,-23.8,-119.63,392.07,Noise,Right
1707209692522,0.50752,0.096624,0.66368,38.36,-95.83,332.78,Noise,Right
1707209692523,0.452376,0.173728,0.757864,25.9,-64.26,267.82,Noise,Right
1707209692523,0.521184,0.262056,0.7808,36.54,-37.03,211.26,Noise,Right
1707209692578,0.569008,0.231312,0.822768,27.23,-12.11,162.89,Noise,Right
1707209692578,0.567544,0.203984,0.80764,34.58,16.94,112.84,Noise,Right
1707209692579,0.624152,0.31964,0.722728,58.45,69.72,72.17,Noise,Right
1707209692699,0.530944,0.484096,0.950136,77.35,70.63,33.88,Noise,Right
1707209692699,0.298168,0.48068,0.86132,34.58,31.71,5.39,Noise,Right
1707209692700,0.543144,0.59292,0.812032,80.71,-3.08,3.78,Noise,Right
1707209692700,0.640256,0.471408,0.78568,102.13,-32.2,-0.63,Noise,Right
1707209692700,0.665144,0.461648,0.818376,85.47,-28.0,-34.72,Noise,Right
1707209692700,0.577792,0.445544,0.816912,72.17,6.51,-75.67,Noise,Right
1707209692701,0.57096,0.473848,0.833504,69.44,40.04,-100.66,Noise,Right
1707209692741,0.508496,0.506056,0.827648,86.17,63.84,-100.03,Noise,Right
1707209692741,0.479704,0.527528,0.868152,112.07,73.15,-83.16,Noise,Right
1707209692741,0.523624,0.599264,0.894016,114.66,68.25,-57.26,Noise,Right
1707209692789,0.492392,0.677832,0.94428,96.25,47.74,-38.57,Noise,Right
1707209692789,0.406992,0.723704,1.01016,38.5,26.11,-27.37,Noise,Right
1707209692789,0.359656,0.726144,0.935008,29.4,11.9,-25.2,Noise,Right
1707209692834,0.383568,0.718336,0.927688,30.38,10.08,-28.56,Noise,Right
1707209692834,0.442128,0.72224,0.941352,33.81,13.44,-41.51,Noise,Right
1707209692834,0.422608,0.686128,0.9394,43.26,19.39,-53.55,Noise,Right
1707209692882,0.376736,0.656848,0.941352,43.89,22.26,-57.33,Noise,Right
1707209692882,0.355752,0.613416,0.88084,33.67,18.97,-50.54,Noise,Right
1707209692927,0.354288,0.603168,0.867176,28.84,14.56,-38.01,Noise,Right
1707209692927,0.323544,0.61488,0.865712,18.9,7.14,-21.63,Noise,Right
1707209692928,0.245952,0.637328,0.828136,3.22,-3.78,2.73,Noise,Right
1707209692986,0.081008,0.574376,0.862784,-9.8,-19.74,23.24,Noise,Right
1707209692986,0.183488,0.680272,0.656848,7.49,19.95,9.87,Noise,Right
1707209693036,0.343552,0.571448,0.88816,-47.11,8.75,5.39,Noise,Right
1707209693036,0.394792,0.570472,0.816424,-36.4,1.4,-2.45,Noise,Right
1707209693036,0.355264,0.577304,0.772504,-23.52,-4.2,-11.76,Noise,Right
1707209693036,0.281088,0.62708,0.790072,-12.25,-5.39,-15.12,Noise,Right
1707209693088,0.205936,0.623176,0.772504,-11.9,-7.56,-17.01,Noise,Right
1707209693089,0.235216,0.59292,0.826184,1.82,-4.83,-14.07,Noise,Right
1707209693089,0.230336,0.599264,0.799344,-15.89,-10.64,-15.75,Noise,Right
1707209693216,0.237168,0.589504,0.789584,-16.03,-11.97,-18.69,Noise,Right
1707209693217,0.29768,0.574376,0.802272,-11.13,-11.48,-19.74,Noise,Right
1707209693217,0.391376,0.50508,0.784216,3.36,-10.29,-19.95,Noise,Right
1707209693217,0.305,0.524112,0.806176,5.67,-7.07,-16.45,Noise,Right
1707209693217,0.25864,0.552416,0.787632,2.59,-4.34,-14.7,Noise,Right
1707209693217,0.23424,0.55876,0.781288,2.52,-2.59,-15.61,Noise,Right
1707209693217,0.21228,0.566568,0.77592,0.98,3.08,-15.12,Noise,Right
1707209693269,0.218624,0.576816,0.785192,-8.47,4.2,-17.01,Noise,Right
1707209693269,0.232776,0.576328,0.776896,-7.42,7.28,-16.52,Noise,Right
1707209693269,0.27328,0.625616,0.818864,-0.91,9.73,-15.47,Noise,Right
1707209693270,0.37332,0.574376,0.869128,17.01,8.26,-10.71,Noise,Right
1707209693319,0.293776,0.606096,0.890112,5.88,-2.17,-9.59,Noise,Right
1707209693320,0.28304,0.576816,0.901824,-2.03,-8.26,-4.2,Noise,Right
1707209693425,0.219112,0.567544,0.838872,-18.27,-13.02,-1.12,Noise,Right
1707209693426,0.186904,0.545096,0.770064,-13.72,-12.88,-1.75,Noise,Right
1707209693426,0.259128,0.475312,0.694912,-2.87,-8.19,-11.2,Noise,Right
1707209693426,0.24644,0.505568,0.744688,10.64,1.47,-17.43,Noise,Right
1707209693427,0.237168,0.544608,0.837408,17.71,5.74,-20.44,Noise,Right
1707209693427,0.235704,0.539728,0.822768,22.75,4.55,-21.56,Noise,Right
1707209693427,0.242536,0.547048,0.804712,16.17,2.38,-24.08,Noise,Right
1707209693472,0.291336,0.516792,0.7686,0.21,0.56,-27.72,Noise,Right
1707209693472,0.201056,0.479216,0.798368,-28.84,-0.77,-30.87,Noise,Right
1707209693472,-0.102968,0.525576,0.851072,-110.95,-7.98,-38.71,Noise,Right
1707209693516,0.222528,0.70028,0.8662,-85.68,-7.07,-34.16,Noise,Right
1707209693516,0.311344,0.58316,0.878888,-13.79,0.21,-21.77,Noise,Right
1707209693562,0.24888,0.547536,0.892064,-11.48,-3.22,-18.34,Noise,Right
1707209693563,0.214232,0.581696,0.854,-23.1,-6.93,-14.77,Noise,Right
1707209693563,0.132736,0.623176,0.858392,-17.29,-5.18,-8.47,Noise,Right
1707209693608,0.093696,0.5734,0.870592,5.11,-1.61,0.49,Noise,Right
1707209693608,0.127368,0.464088,0.85156,-5.32,-0.91,1.68,Noise,Right
1707209693608,0.205936,0.484584,0.812032,-1.33,5.04,1.82,Noise,Right
1707209693662,0.255712,0.457744,0.822768,31.57,12.81,-0.49,Noise,Right
1707209693663,0.250344,0.46848,0.86132,56.7,14.91,-9.38,Noise,Right
1707209693663,0.128832,0.45872,0.763232,56.77,14.49,-15.47,Noise,Right
1707209693729,0.1464,0.526064,0.757376,66.22,21.63,-22.89,Noise,Right
1707209693729,0.223504,0.576816,0.772992,120.61,31.29,-27.23,Noise,Right
1707209693729,0.17324,0.599752,0.797392,164.92,33.46,-33.18,Noise,Right
1707209693729,-0.194224,0.464088,0.859368,60.55,24.78,-56.91,Noise,Right
1707209693780,0.239608,0.917928,1.01992,-58.24,6.79,-46.76,Noise,Right
1707209693781,0.274744,0.80032,1.051152,-38.29,-12.88,-25.9,Noise,Right
1707209693781,0.16104,0.65148,0.918904,-73.64,-33.18,-15.19,Noise,Right
1707209693829,0.204472,0.667096,0.800808,-87.92,-40.95,-11.62,Noise,Right
1707209693829,0.258152,0.633912,0.809592,-15.89,-29.96,-2.38,Noise,Right
1707209693829,0.197152,0.573888,0.89792,10.5,-30.17,0.28,Noise,Right
1707209693871,0.099064,0.603168,0.828136,-35.0,-38.78,1.82,Noise,Right
1707209693871,0.071248,0.623664,0.825208,-32.97,-36.68,3.78,Noise,Right
1707209693918,0.037576,0.609024,0.79544,-12.74,-31.64,7.21,Noise,Right
1707209693920,0.000488,0.55876,0.828136,-9.45,-28.0,8.26,Noise,Right
1707209693920,0.079056,0.545096,0.809104,-42.84,-29.33,6.58,Noise,Right
1707209693966,0.122,0.631472,0.921344,-64.26,-33.74,5.53,Noise,Right
1707209693966,0.289872,0.511424,0.908168,-68.39,-39.2,8.96,Noise,Right
1707209693966,0.254248,0.503128,0.843264,-33.81,-34.86,12.18,Noise,Right
1707209694015,0.286944,0.50752,0.874984,-8.68,-31.36,13.79,Noise,Right
1707209694015,0.3294,0.552416,0.967216,-4.06,-34.58,16.87,Noise,Right
1707209694016,0.26108,0.613904,1.017968,33.88,-40.11,29.47,Noise,Right
1707209694061,0.311344,0.5856,1.042856,-1.54,-58.38,36.26,Noise,Right
1707209694061,0.330376,0.509472,0.909632,-23.31,-67.48,52.01,Noise,Right
1707209694112,0.327936,0.445056,0.76616,-61.11,-68.32,59.64,Noise,Right
1707209694113,0.284504,0.504592,0.73932,-64.75,-58.52,63.98,Noise,Right
1707209694113,0.134688,0.318176,0.831552,19.39,-40.32,59.15,Noise,Right
1707209694234,0.135664,0.539728,0.860832,-22.47,-43.82,31.15,Noise,Right
1707209694234,0.25864,0.384544,0.880352,23.73,-39.62,25.48,Noise,Right
1707209694234,0.169336,0.438224,0.872544,12.67,-39.55,19.11,Noise,Right
1707209694235,0.262544,0.530944,0.903288,-3.5,-36.96,14.07,Noise,Right
1707209694235,0.46848,0.552416,0.91256,-11.13,-39.97,19.6,Noise,Right
1707209694235,0.749568,0.510448,0.954528,-60.41,-49.0,26.6,Noise,Right
1707209694235,0.677344,0.524112,0.967704,-78.47,-58.8,41.79,Noise,Right
1707209694279,0.8174,0.5856,0.872056,-81.76,-75.81,53.13,Noise,Right
1707209694279,0.793,0.57584,0.941352,-56.35,-89.18,66.43,Noise,Right
1707209694279,0.626592,0.541192,0.928664,-44.94,-82.74,59.85,Noise,Right
1707209694326,0.564616,0.376248,0.842288,-34.51,-53.13,44.38,Noise,Right
1707209694326,0.606584,0.37576,0.701256,-33.18,-9.59,18.62,Noise,Right
1707209694326,0.676856,0.284992,0.669536,9.1,42.56,6.72,Noise,Right
1707209694372,0.659288,0.319152,0.679296,29.26,85.4,-2.87,Noise,Right
1707209694373,0.625128,0.289384,0.718336,74.34,117.53,-2.52,Noise,Right
1707209694373,0.602192,0.295728,0.773968,49.91,136.78,-3.92,Noise,Right
1707209694417,1.50304,0.499224,0.80276,128.31,128.45,23.66,Noise,Right
1707209694418,0.576328,0.28548,0.369416,149.8,69.58,38.01,Noise,Right
1707209694464,-0.206912,0.18544,0.603168,246.33,28.98,53.62,Noise,Right
1707209694464,-0.145912,0.096624,0.788608,194.25,-3.29,28.42,Noise,Right
1707209694464,0.176168,0.348432,0.774456,14.49,-8.89,-11.48,Noise,Right
1707209694517,0.361608,0.32696,0.696376,-19.81,19.6,-33.88,Noise,Right
1707209694518,0.395768,0.343064,0.677832,-41.16,60.62,-57.33,Noise,Right
1707209694518,0.4514,0.396256,0.728096,-14.49,92.12,-68.32,Noise,Right
1707209694572,0.28792,0.394792,0.711992,13.3,93.8,-73.85,Noise,Right
1707209694572,-0.03416,0.173728,1.017968,42.98,84.49,-78.75,Noise,Right
1707209694572,-0.139568,0.243024,0.966728,24.36,57.89,-86.45,Noise,Right
1707209694623,0.034648,0.358192,0.938424,18.76,42.42,-76.23,Noise,Right
1707209694624,0.045384,0.43188,0.900848,-0.21,29.47,-70.84,Noise,Right
1707209694624,0.080032,0.412848,0.905728,-47.04,17.92,-73.01,Noise,Right
1707209694749,0.06344,0.403088,0.956968,-91.56,9.52,-78.96,Noise,Right
1707209694750,0.167872,0.371856,0.989176,-121.24,1.82,-86.52,Noise,Right
1707209694750,0.107848,0.415288,0.960872,-189.77,3.92,-98.42,Noise,Right
1707209694750,0.099552,0.58804,0.935984,-159.88,16.8,-96.95,Noise,Right
1707209694750,0.126392,0.537776,0.921832,-51.24,30.03,-73.22,Noise,Right
1707209694750,0.027816,0.299632,1.080432,27.3,32.97,-49.0,Noise,Right
1707209694751,0.028792,0.349896,0.974048,-22.05,14.77,-43.61,Noise,Right
1707209694856,0.02196,0.330376,0.982344,-3.43,0.14,-26.46,Noise,Right
1707209694856,0.02684,0.338184,0.972096,11.06,-17.85,-9.66,Noise,Right
1707209694857,0.020496,0.349408,0.950624,27.44,-32.83,8.12,Noise,Right
1707209694858,-0.017568,0.394792,1.030656,37.94,-42.21,25.34,Noise,Right
1707209694858,0.126392,0.371856,0.892552,55.72,-47.88,35.0,Noise,Right
1707209694859,0.142496,0.384056,0.923296,55.93,-43.96,34.72,Noise,Right
1707209694859,-0.044408,0.380152,0.906216,15.96,-40.6,29.33,Noise,Right
1707209694900,0.124928,0.40992,0.93208,65.31,-25.27,25.27,Noise,Right
1707209694900,0.169824,0.435296,0.86376,49.21,-21.63,13.3,Noise,Right
1707209694900,0.23424,0.451888,0.899872,33.95,-19.18,-3.71,Noise,Right
1707209694946,0.21228,0.477264,0.875472,30.31,-19.11,-15.05,Noise,Right
1707209694946,0.22204,0.469456,0.898408,30.66,-16.73,-18.41,Noise,Right
1707209694993,0.37332,0.462136,0.898408,34.51,-12.95,-13.3,Noise,Right
1707209694993,0.239608,0.479216,0.860832,40.6,-10.01,0.0,Noise,Right
1707209694993,0.208376,0.451888,0.894504,43.33,-9.66,19.88,Noise,Right
1707209695040,0.113704,0.443592,0.935496,59.29,-13.3,36.33,Noise,Right
1707209695040,0.038552,0.4758,1.001864,51.94,-17.99,44.38,Noise,Right
1707209695040,-0.016104,0.60268,0.945256,24.29,-22.19,47.88,Noise,Right
1707209695086,-0.010248,0.601216,0.97844,20.23,-33.67,50.89,Noise,Right
1707209695086,-0.00244,0.579256,0.977952,1.96,-63.7,46.34,Noise,Right
1707209695087,0.0122,0.603656,1.111664,-39.34,-96.39,37.38,Noise,Right
1707209695135,-0.020008,0.587064,1.002352,-58.66,-118.16,38.29,Noise,Right
1707209695135,-0.045872,0.587064,1.12484,-124.67,-121.1,46.34,Noise,Right
1707209695253,-0.052704,0.558272,1.189744,-156.59,-127.33,67.41,Noise,Right
1707209695254,-0.047824,0.488976,1.278072,-169.26,-149.87,105.77,Noise,Right
1707209695254,0.040016,0.445544,1.213656,-136.29,-190.26,99.26,Noise,Right
1707209695254,0.23668,0.386496,1.009672,-136.43,-233.87,99.33,Noise,Right
1707209695254,0.393328,0.310856,0.894992,-153.23,-247.73,93.38,Noise,Right
1707209695254,0.486536,0.21228,0.6954,-180.67,-242.2,81.27,Noise,Right
1707209695254,0.654896,0.15372,0.535336,-200.83,-223.51,67.13,Noise,Right
1707209695303,0.801784,0.06588,0.39284,-202.23,-197.26,50.19,Noise,Right
1707209695303,0.893528,0.020008,0.3294,-185.78,-174.93,34.86,Noise,Right
1707209695304,0.947208,-0.0976,0.247416,-174.23,-166.46,19.11,Noise,Right
1707209695349,0.952088,-0.237656,0.223992,-146.44,-159.74,13.23,Noise,Right
1707209695349,0.899872,-0.284504,0.266448,-126.0,-150.92,23.24,Noise,Right
1707209695349,0.879864,-0.259128,0.26596,-109.9,-140.63,40.53,Noise,Right
1707209695397,0.888648,-0.211304,0.232288,-104.72,-128.38,40.81,Noise,Right
1707209695397,0.918416,-0.187392,0.194224,-110.04,-114.24,22.96,Noise,Right
1707209695398,0.91256,-0.199104,0.152256,-121.31,-91.91,1.54,Noise,Right
1707209695444,0.88328,-0.283528,0.122,-119.7,-71.26,-15.89,Noise,Right
1707209695445,0.87352,-0.301584,0.101504,-103.04,-65.73,-30.52,Noise,Right
1707209695445,0.860832,-0.239608,0.119072,-90.65,-71.26,-34.65,Noise,Right
1707209695490,0.856928,-0.20496,0.135176,-82.81,-79.17,-25.27,Noise,Right
1707209695491,0.885232,-0.165432,0.124928,-76.3,-80.08,-16.17,Noise,Right
1707209695544,0.93208,-0.171776,0.097112,-70.14,-75.53,-15.82,Noise,Right
1707209695544,0.952088,-0.16104,0.074664,-56.07,-70.77,-22.61,Noise,Right
1707209695544,0.977952,-0.131272,0.088816,-47.18,-66.71,-25.06,Noise,Right
1707209695663,0.947696,-0.159576,0.08296,-42.42,-58.66,-22.82,Noise,Right
1707209695663,0.942816,-0.12444,0.07076,-32.48,-56.0,-17.57,Noise,Right
1707209695663,0.935984,-0.103456,0.061488,-34.51,-59.5,-10.01,Noise,Right
1707209695663,0.949648,-0.125416,0.024888,-34.58,-64.47,-5.18,Noise,Right
1707209695664,0.996984,-0.137616,0.005856,-32.34,-68.67,-4.06,Noise,Right
1707209695664,1.014552,-0.159576,-0.00732,-29.33,-62.79,-6.23,Noise,Right
1707209695664,1.056032,-0.149328,0.002928,-28.84,-46.27,-12.74,Noise,Right
1707209695710,1.075552,-0.162504,-0.018056,-30.8,-26.81,-21.28,Noise,Right
1707209695711,1.050664,-0.232776,-0.022448,-24.5,-9.59,-25.06,Noise,Right
1707209695711,1.063352,-0.203984,-0.02196,-15.82,-5.39,-22.4,Noise,Right
1707209695834,1.042368,-0.255712,-0.04148,-12.25,-6.79,-10.36,Noise,Right
1707209695835,1.069208,-0.217648,-0.030256,-2.38,-6.93,1.54,Noise,Right
1707209695835,1.077504,-0.199104,-0.020008,1.4,-6.51,6.3,Noise,Right
1707209695835,1.023824,-0.184952,-0.013664,1.54,-5.46,4.9,Noise,Right
1707209695836,1.048224,-0.189832,-0.008784,4.41,0.91,-2.8,Noise,Right
1707209695836,0.948184,-0.166896,0.0244,4.13,-5.11,-9.59,Noise,Right
1707209695836,0.996008,-0.16348,0.040504,2.8,-4.13,-13.02,Noise,Right
1707209695882,1.13948,-0.091744,0.052216,-5.53,-9.59,-2.45,Noise,Right
1707209695882,1.11996,-0.171776,0.0122,-6.09,-0.28,-6.58,Noise,Right
1707209695883,0.990152,-0.162016,0.06344,-1.47,-5.32,-6.72,Noise,Right
1707209695930,0.993568,-0.16348,0.042456,-7.49,-9.17,-5.88,Noise,Right
1707209695931,0.98576,-0.21228,0.017568,-6.3,-9.17,-5.53,Noise,Right
1707209695931,0.945256,-0.226432,0.013176,-2.24,-7.77,-7.7,Noise,Right
1707209695975,1.020408,-0.163968,0.00488,1.4,-8.05,-10.29,Noise,Right
1707209695975,1.008208,-0.17324,0.0244,0.14,-6.02,-8.96,Noise,Right
1707209695975,0.95648,-0.136152,0.072224,3.5,-11.83,-11.13,Noise,Right
1707209696021,1.043832,-0.16836,0.047824,-2.87,-13.86,-10.43,Noise,Right
1707209696022,0.926712,-0.086864,0.015128,-8.89,-14.35,-7.77,Noise,Right
1707209696022,1.0248,-0.187392,0.025376,-5.6,-10.99,-2.31,Noise,Right
1707209696067,0.97844,-0.172264,-0.001952,-8.12,-13.58,-2.52,Noise,Right
1707209696067,0.943304,-0.182512,-0.010736,-4.34,-11.41,-3.43,Noise,Right
1707209696114,0.86376,-0.18056,0.013176,-4.83,-10.43,-3.64,Noise,Right
1707209696114,0.850096,-0.189832,0.05368,0.14,-11.34,-7.49,Noise,Right
1707209696114,0.71248,-0.196176,0.028792,3.01,-5.67,-7.77,Noise,Right
1707209696160,0.935008,-0.222528,-0.073688,-9.1,-8.12,-11.13,Noise,Right
1707209696161,0.859856,-0.195688,-0.10492,-6.79,0.49,-13.09,Noise,Right
1707209696161,1.311256,-0.095648,-0.07564,-7.63,-1.05,-8.68,Noise,Right
1707209696290,1.220488,-0.199592,-0.133712,-6.44,1.47,-4.13,Noise,Right
1707209696290,1.006256,-0.195688,-0.108824,10.64,4.2,-3.78,Noise,Right
1707209696291,1.001864,-0.219112,-0.136152,16.17,10.22,-5.46,Noise,Right
1707209696291,0.999912,-0.251808,-0.186904,19.67,19.39,-9.52,Noise,Right
1707209696291,1.014552,-0.233264,-0.214232,30.17,30.45,-14.98,Noise,Right
1707209696291,1.031632,-0.228872,-0.284992,54.18,41.79,-17.22,Noise,Right
1707209696291,0.99796,-0.213256,-0.330864,80.15,61.74,-20.65,Noise,Right
1707209696399,1.043832,-0.171288,-0.220088,81.9,80.85,-24.78,Noise,Right
1707209696399,1.404952,-0.1098,-0.174216,85.26,101.22,-22.68,Noise,Right
1707209696400,1.398608,-0.083936,-0.12688,86.17,105.28,-9.24,Noise,Right
1707209696400,1.342,-0.01952,-0.011224,101.08,115.29,11.55,Noise,Right
1707209696400,1.30784,0.030256,0.078568,115.57,134.75,24.57,Noise,Right
1707209696400,1.247816,0.061976,0.144448,126.49,157.99,27.44,Noise,Right
1707209696400,1.100928,0.016104,0.177632,141.61,180.88,23.24,Noise,Right
1707209696452,0.925736,-0.00488,0.190808,150.92,207.41,13.93,Noise,Right
1707209696452,0.781776,-0.012688,0.250832,146.44,227.64,0.21,Noise,Right
1707209696453,0.671,0.002928,0.30012,149.03,233.94,-14.35,Noise,Right
1707209696498,0.615856,0.004392,0.30744,150.64,231.56,-30.59,Noise,Right
1707209696498,0.559248,0.022936,0.323056,157.78,232.96,-44.1,Noise,Right
1707209696498,0.443104,0.040504,0.4026,166.46,236.39,-50.82,Noise,Right
1707209696545,0.38308,0.059048,0.469456,171.92,238.07,-53.83,Noise,Right
1707209696545,0.3172,0.110776,0.552416,179.69,241.92,-54.74,Noise,Right
1707209696593,0.247416,0.183,0.61,183.4,246.4,-56.0,Noise,Right
1707209696593,0.183976,0.256688,0.677344,182.14,246.54,-59.15,Noise,Right
1707209696593,0.111264,0.30012,0.731024,178.78,242.27,-66.01,Noise,Right
1707209696636,0.041968,0.374784,0.782752,170.8,232.54,-80.01,Noise,Right
1707209696637,0.001952,0.462624,0.809592,156.59,217.91,-90.3,Noise,Right
1707209696637,-0.01708,0.515328,0.834968,135.31,194.6,-97.86,Noise,Right
1707209696684,-0.022936,0.51972,0.842288,109.27,169.75,-105.42,Noise,Right
1707209696684,-0.018056,0.557296,0.824232,96.04,144.9,-110.67,Noise,Right
1707209696684,-0.045872,0.594384,0.854,89.32,125.02,-109.2,Noise,Right
1707209696730,-0.099064,0.618296,0.909632,76.44,109.27,-96.39,Noise,Right
1707209696731,-0.1586,0.616344,0.948184,60.97,94.36,-72.59,Noise,Right
1707209696777,-0.21228,0.60024,0.989664,55.65,83.79,-41.65,Noise,Right
1707209696777,-0.223016,0.628544,0.994056,56.49,74.69,-15.33,Noise,Right
1707209696777,-0.215208,0.662216,1.019432,52.99,65.03,0.98,Noise,Right
1707209696833,-0.216184,0.697352,1.024312,42.98,53.97,6.86,Noise,Right
1707209696842,-0.208376,0.71492,1.031632,28.0,33.46,5.6,Noise,Right
1707209696843,-0.212768,0.699792,1.009672,12.46,12.18,4.83,Noise,Right
1707209696904,-0.218624,0.667096,0.999912,1.12,-5.32,6.37,Noise,Right
1707209696904,-0.17812,0.665144,0.98088,-1.96,-14.42,11.48,Noise,Right
1707209696904,-0.157624,0.68076,0.95892,-2.03,-14.7,23.24,Noise,Right
1707209696905,-0.13664,0.697352,0.941352,0.49,-9.1,36.61,Noise,Right
1707209697012,-0.127856,0.721264,0.926224,-4.27,-3.22,47.11,Noise,Right
1707209697013,-0.136152,0.706624,0.901824,-9.87,-2.03,52.64,Noise,Right
1707209697013,-0.133712,0.693448,0.862784,-15.33,-6.86,52.15,Noise,Right
1707209697013,-0.125904,0.660264,0.821304,-20.23,-15.75,46.06,Noise,Right
1707209697014,-0.101992,0.630008,0.803248,-22.68,-24.92,35.35,Noise,Right
1707209697014,-0.093208,0.582672,0.787632,-22.96,-29.26,24.85,Noise,Right
1707209697014,-0.045384,0.559248,0.781288,-20.16,-25.83,15.54,Noise,Right
1707209697109,-0.02684,0.530456,0.793,-15.68,-18.13,9.73,Noise,Right
1707209697109,-0.01708,0.527528,0.796416,-11.62,-9.87,6.09,Noise,Right
1707209697109,-0.016104,0.51972,0.808128,-7.35,-5.18,4.06,Noise,Right
1707209697109,-0.001952,0.515328,0.81496,-3.36,-5.04,3.5,Noise,Right
1707209697109,-0.005856,0.536312,0.830088,-0.49,-8.19,1.82,Noise,Right
1707209697109,-0.001464,0.54168,0.830088,3.08,-9.38,-0.07,Noise,Right
1707209697213,0.006832,0.560712,0.835944,5.67,-9.87,-2.73,Noise,Right
1707209697214,0.020008,0.584624,0.8418,5.74,-8.19,-4.2,Noise,Right
1707209697214,0.01952,0.589504,0.842288,2.8,-4.34,-3.22,Noise,Right
1707209697214,0.008784,0.5978,0.845704,1.54,-1.89,0.77,Noise,Right
1707209697214,0.010248,0.594872,0.853024,1.4,-2.59,6.02,Noise,Right
1707209697214,0.011224,0.594384,0.849608,1.05,-4.69,9.38,Noise,Right
1707209697314,0.025376,0.59292,0.860832,1.89,-6.51,9.45,Noise,Right
1707209697314,0.0244,0.590968,0.85644,2.1,-6.86,5.6,Noise,Right
1707209697314,0.027816,0.594872,0.855952,1.54,-6.02,0.63,Noise,Right
1707209697314,0.017568,0.581208,0.86132,-1.33,-4.48,-4.34,Noise,Right
1707209697314,0.025376,0.58316,0.859856,-0.49,-2.24,-8.12,Noise,Right
1707209697315,0.015128,0.580232,0.859368,0.28,-0.77,-9.94,Noise,Right
1707209697370,0.014152,0.589992,0.848632,-0.21,-0.91,-10.57,Noise,Right
1707209697373,0.020984,0.581208,0.844728,-0.84,-0.77,-10.08,Noise,Right
1707209697373,0.00732,0.58072,0.8418,-0.56,-0.28,-8.68,Noise,Right
1707209697497,-0.00732,0.572424,0.83448,-0.21,0.35,-7.07,Noise,Right
1707209697497,-0.006832,0.568032,0.837408,-0.28,0.84,-5.88,Noise,Right
1707209697498,-0.001464,0.557296,0.830576,-0.77,-0.35,-5.88,Noise,Right
1707209697498,0.002928,0.554856,0.829112,0.21,-1.89,-5.95,Noise,Right
1707209697498,0.00244,0.55388,0.826672,1.26,-1.89,-6.58,Noise,Right
1707209697498,0.001464,0.559248,0.823744,2.87,-0.35,-7.63,Noise,Right
1707209697498,0.003416,0.57828,0.8296,4.48,2.1,-8.05,Noise,Right
1707209697549,-0.001464,0.584624,0.833504,4.76,4.34,-9.1,Noise,Right
1707209697549,-0.003904,0.587064,0.832528,4.27,5.32,-10.43,Noise,Right
1707209697549,-0.0122,0.582184,0.834968,4.62,5.39,-11.97,Noise,Right
1707209697550,-0.018056,0.579744,0.838872,5.74,4.83,-13.65,Noise,Right
1707209697596,-0.023912,0.569496,0.850096,7.07,5.18,-15.12,Noise,Right
1707209697597,-0.055144,0.574864,0.858392,10.5,7.0,-18.41,Noise,Right
1707209697643,-0.115168,0.592432,0.87596,13.65,11.9,-26.74,Noise,Right
1707209697643,-0.154696,0.635376,0.885232,18.97,20.72,-41.72,Noise,Right
1707209697643,-0.149816,0.672464,0.898896,26.6,28.49,-64.26,Noise,Right
1707209697696,-0.158112,0.693936,0.892552,33.39,35.84,-91.14,Noise,Right
1707209697697,-0.145912,0.688568,0.887184,29.12,39.13,-114.17,Noise,Right
1707209697697,-0.160552,0.659776,0.86132,22.4,40.32,-128.87,Noise,Right
1707209697823,-0.188856,0.630984,0.844728,24.22,39.41,-131.95,Noise,Right
1707209697823,-0.22692,0.600728,0.833504,29.61,34.79,-129.01,Noise,Right
1707209697824,-0.23424,0.587064,0.813984,31.92,31.64,-126.14,Noise,Right
1707209697824,-0.269376,0.598288,0.818864,31.78,31.29,-124.95,Noise,Right
1707209697824,-0.262544,0.586088,0.799344,25.27,30.1,-124.53,Noise,Right
1707209697824,-0.252296,0.582184,0.770064,11.9,28.56,-119.14,Noise,Right
1707209697824,-0.260592,0.543632,0.73932,10.85,24.85,-108.57,Noise,Right
1707209697876,-0.29524,0.527528,0.733952,9.17,21.0,-93.87,Noise,Right
1707209697877,-0.376248,0.533384,0.74176,9.87,19.67,-78.82,Noise,Right
1707209697877,-0.413824,0.528016,0.751032,9.73,19.39,-67.41,Noise,Right
1707209697877,-0.441152,0.53924,0.750544,7.98,16.45,-60.62,Noise,Right
1707209697926,-0.455792,0.532408,0.733464,8.61,10.57,-58.66,Noise,Right
1707209697927,-0.50752,0.552416,0.733952,11.2,7.14,-58.38,Noise,Right
1707209697927,-0.583648,0.547048,0.745176,8.89,4.9,-59.29,Noise,Right
1707209697969,-0.630496,0.550464,0.757864,6.65,2.03,-64.05,Noise,Right
1707209697969,-0.665632,0.567056,0.749568,8.75,-4.06,-72.31,Noise,Right
1707209698016,-0.68076,0.607072,0.754936,8.96,-16.17,-80.43,Noise,Right
1707209698016,-0.697352,0.61976,0.769576,6.23,-29.26,-87.15,Noise,Right
1707209698016,-0.706624,0.611464,0.782752,-2.24,-42.98,-91.56,Noise,Right
1707209698063,-0.716384,0.594384,0.806176,-3.99,-52.5,-92.12,Noise,Right
1707209698063,-0.71736,0.562176,0.8296,-6.65,-59.15,-91.42,Noise,Right
1707209698064,-0.70516,0.538752,0.847656,-12.04,-62.72,-89.81,Noise,Right
1707209698107,-0.679784,0.513376,0.835456,-15.89,-65.66,-88.62,Noise,Right
1707209698107,-0.645136,0.484096,0.813496,-16.66,-70.07,-85.54,Noise,Right
1707209698153,-0.564616,0.46116,0.804712,-19.53,-78.61,-77.7,Noise,Right
1707209698153,-0.507032,0.435784,0.798368,-21.77,-89.25,-66.29,Noise,Right
1707209698154,-0.443592,0.416264,0.81252,-22.05,-98.21,-51.66,Noise,Right
1707209698208,-0.374784,0.418704,0.797392,-23.94,-101.57,-41.86,Noise,Right
1707209698208,-0.295728,0.358192,0.78324,-29.33,-99.4,-35.91,Noise,Right
1707209698208,-0.259128,0.318176,0.788608,-36.05,-93.59,-31.71,Noise,Right
1707209698263,-0.244488,0.274256,0.797392,-37.38,-89.25,-26.81,Noise,Right
1707209698263,-0.257176,0.255712,0.806664,-35.21,-84.42,-23.24,Noise,Right
1707209698263,-0.242048,0.236192,0.806176,-31.99,-78.47,-23.66,Noise,Right
1707209698312,-0.21228,0.227408,0.814472,-29.89,-76.65,-23.17,Noise,Right
1707209698312,-0.190808,0.19032,0.837408,-28.42,-76.93,-22.61,Noise,Right
1707209698313,-0.132248,0.176168,0.839848,-24.78,-75.04,-20.58,Noise,Right
1707209698441,-0.09272,0.16104,0.864248,-20.23,-67.27,-17.57,Noise,Right
1707209698441,-0.0854,0.172264,0.8906,-17.15,-53.13,-15.4,Noise,Right
1707209698444,-0.106872,0.183976,0.920368,-17.01,-35.63,-16.59,Noise,Right
1707209698444,-0.11468,0.196176,0.935496,-19.04,-26.11,-19.88,Noise,Right
1707209698444,-0.145424,0.179584,0.932568,-19.88,-25.41,-24.57,Noise,Right
1707209698445,-0.16348,0.16836,0.93208,-18.69,-29.05,-27.72,Noise,Right
1707209698445,-0.178608,0.160552,0.940376,-15.82,-33.32,-28.0,Noise,Right
1707209698544,-0.168848,0.161528,0.948672,-11.34,-35.91,-23.03,Noise,Right
1707209698544,-0.155672,0.149816,0.9638,-10.08,-34.72,-16.52,Noise,Right
1707209698544,-0.138592,0.137616,0.96624,-9.66,-28.0,-11.83,Noise,Right
1707209698545,-0.146888,0.133712,0.975024,-6.86,-20.23,-11.27,Noise,Right
1707209698545,-0.150792,0.135664,0.983808,-5.46,-15.68,-13.51,Noise,Right
1707209698546,-0.158112,0.133712,0.982344,-4.97,-15.33,-18.34,Noise,Right
1707209698546,-0.163968,0.140544,0.995032,-1.54,-16.94,-24.22,Noise,Right
1707209698645,-0.162016,0.147864,0.99308,-0.98,-21.21,-26.81,Noise,Right
1707209698647,-0.164456,0.143472,1.011624,1.82,-25.76,-25.97,Noise,Right
1707209698647,-0.169336,0.161528,1.009184,3.36,-28.49,-23.1,Noise,Right
1707209698648,-0.163968,0.166408,1.017968,3.57,-30.1,-20.79,Noise,Right
1707209698648,-0.149328,0.15372,1.009184,2.1,-30.73,-19.67,Noise,Right
1707209698649,-0.118096,0.14396,0.999424,1.4,-28.56,-20.02,Noise,Right
1707209698697,-0.105408,0.138104,0.987712,2.38,-22.4,-20.09,Noise,Right
1707209698698,-0.108824,0.130296,1.011624,3.36,-13.51,-22.47,Noise,Right
1707209698698,-0.13176,0.136152,1.007232,3.36,-4.69,-25.76,Noise,Right
1707209698746,-0.141032,0.133224,1.010648,5.25,-1.19,-32.2,Noise,Right
1707209698746,-0.111752,0.124928,0.979416,7.0,-2.66,-38.64,Noise,Right
1707209698746,-0.101504,0.115168,0.969656,10.85,-7.14,-42.49,Noise,Right
1707209698849,-0.028792,0.123952,0.981368,15.96,-8.68,-39.97,Noise,Right
1707209698850,-0.032696,0.142008,0.975024,19.04,-6.79,-32.55,Noise,Right
1707209698850,-0.055632,0.1464,0.986736,19.88,-1.61,-27.3,Noise,Right
1707209698850,-0.119072,0.155672,0.948672,17.99,-0.7,-24.36,Noise,Right
1707209698850,-0.096136,0.137616,0.952576,29.61,-21.91,-20.72,Noise,Right
1707209698850,-0.079544,0.159576,0.954528,23.8,-16.59,-19.46,Noise,Right
1707209698897,-0.1098,0.181048,0.935008,27.58,-10.22,-18.69,Noise,Right
1707209698897,-0.125904,0.206912,0.960384,30.1,-8.05,-17.78,Noise,Right
1707209698897,-0.109312,0.222528,0.975512,30.31,-7.28,-12.74,Noise,Right
1707209698944,-0.086376,0.217648,0.954528,28.84,-7.28,-7.7,Noise,Right
1707209698944,-0.04636,0.209352,0.971608,33.18,-4.76,-4.76,Noise,Right
1707209698990,-0.276208,0.154208,0.864248,50.68,38.01,-9.59,Noise,Right
1707209698991,-0.155672,0.279624,0.946232,79.94,19.18,-6.23,Noise,Right
1707209698991,-0.142984,0.254248,0.952088,62.58,12.6,-2.03,Noise,Right
1707209699037,-0.210816,0.221552,0.976976,37.8,7.91,0.77,Noise,Right
1707209699038,-0.080032,0.206912,0.975024,15.68,-2.17,-3.43,Noise,Right
1707209699038,-0.059536,0.18788,0.958432,-1.12,-4.27,-5.67,Noise,Right
1707209699083,0.020008,0.186416,0.93208,-3.78,-4.34,-11.2,Noise,Right
1707209699083,0.871568,0.146888,0.805688,-11.06,-6.44,-11.27,Noise,Right
1707209699084,0.8052,0.266448,0.632448,-60.9,-23.03,-4.69,Noise,Right
1707209699130,0.428464,0.032696,0.890112,49.7,-14.07,7.42,Noise,Right
1707209699130,0.494832,0.219112,0.792024,16.52,24.5,20.93,Noise,Right
1707209699177,0.077104,0.261568,0.786656,7.49,97.51,34.23,Noise,Right
1707209699177,-0.232776,0.29036,0.818376,12.25,137.48,62.37,Noise,Right
1707209699178,-0.485072,0.359656,0.849608,22.26,112.84,105.35,Noise,Right
1707209699230,-0.557296,0.418704,0.898408,24.99,44.66,140.14,Noise,Right
1707209699230,-0.4148,0.51972,0.860344,27.16,-0.42,176.61,Noise,Right
1707209699230,-0.399184,0.628056,0.765184,23.87,-10.78,233.59,Noise,Right
1707209699353,-0.650504,0.754936,0.942328,13.51,-5.04,312.69,Noise,Right
1707209699355,-0.7198,0.877912,1.109224,-0.14,-20.79,409.78,Noise,Right
1707209699355,-0.655384,0.868152,1.20536,-16.8,-69.65,486.29,Noise,Right
1707209699355,-0.538752,0.733952,1.183888,-44.94,-121.8,535.15,Noise,Right
1707209699355,-0.422608,0.381616,1.07604,-74.97,-168.56,542.08,Noise,Right
1707209699355,-0.26596,0.098088,0.960384,-67.69,-196.42,503.58,Noise,Right
1707209699355,-0.171776,-0.183,0.843752,-49.56,-206.57,423.36,Noise,Right
1707209699409,-0.057584,-0.326472,0.726144,-31.22,-199.5,342.23,Noise,Right
1707209699409,0.179584,-0.298656,0.645136,-21.28,-175.07,273.35,Noise,Right
1707209699409,0.125904,-0.228384,0.726144,57.82,-133.84,220.29,Noise,Right
1707209699410,0.477264,-0.167872,0.75884,59.92,-80.15,153.93,Noise,Right
1707209699457,0.675392,-0.013664,0.749568,37.73,-33.74,86.66,Noise,Right
1707209699457,0.52216,-0.066368,0.593896,33.32,16.52,11.62,Noise,Right
1707209699511,0.49776,-0.0244,0.64904,36.82,73.22,-46.62,Noise,Right
1707209699514,0.310368,0.18056,0.716384,64.68,102.41,-81.41,Noise,Right
1707209699515,0.447984,0.264008,0.87596,98.7,104.72,-84.77,Noise,Right
1707209699642,0.578768,0.262544,0.91256,92.05,62.86,-65.94,Noise,Right
1707209699642,0.635864,0.306952,0.88084,79.66,6.93,-32.34,Noise,Right
1707209699643,0.593896,0.322568,0.894504,90.16,-32.2,-11.48,Noise,Right
1707209699643,0.589504,0.2928,0.895968,79.8,-38.01,-6.86,Noise,Right
1707209699643,0.543632,0.281088,0.854488,72.66,-19.25,-11.69,Noise,Right
1707209699643,0.46604,0.315248,0.874984,80.22,13.16,-18.48,Noise,Right
1707209699643,0.459696,0.368928,0.892064,73.01,39.06,-24.43,Noise,Right
1707209699690,0.480192,0.474824,0.895968,89.32,51.03,-10.5,Noise,Right
1707209699691,0.486048,0.58072,0.938424,73.99,44.52,11.76,Noise,Right
1707209699691,0.48312,0.573888,0.9516,59.64,27.72,30.8,Noise,Right
1707209699691,0.477264,0.553392,0.914024,65.94,13.23,35.7,Noise,Right
1707209699744,0.506056,0.520208,0.903288,68.81,7.14,15.68,Noise,Right
1707209699744,0.499712,0.543632,0.891576,59.22,10.71,-17.99,Noise,Right
1707209699745,0.475312,0.606096,0.886208,56.56,21.91,-48.44,Noise,Right
1707209699797,0.437248,0.650016,0.89548,54.88,20.44,-67.2,Noise,Right
1707209699798,0.352824,0.635376,0.898408,51.66,9.66,-73.57,Noise,Right
1707209699798,0.328424,0.586576,0.878888,42.49,-6.09,-68.81,Noise,Right
1707209699798,0.35136,0.536312,0.833992,39.34,-17.01,-57.19,Noise,Right
1707209699846,0.39528,0.52948,0.82228,44.73,-16.66,-51.87,Noise,Right
1707209699847,0.437248,0.564616,0.840336,49.21,-8.82,-52.99,Noise,Right
1707209699891,0.4148,0.630496,0.853024,41.86,1.26,-53.13,Noise,Right
1707209699892,0.319152,0.662704,0.865224,25.48,2.87,-40.81,Noise,Right
1707209699892,0.27084,0.667096,0.852536,7.84,-8.12,-16.03,Noise,Right
1707209699942,0.262544,0.670024,0.851072,0.84,-26.04,0.91,Noise,Right
1707209699943,0.277184,0.665144,0.826672,-15.26,-43.61,3.71,Noise,Right
1707209699943,0.05856,0.48312,0.646112,-195.58,-46.97,-25.76,Noise,Right
1707209700069,0.27572,0.3538,0.872056,-30.52,2.1,-39.55,Noise,Right
1707209700070,0.402112,0.421144,0.683688,-42.7,-7.21,-69.3,Noise,Right
1707209700070,0.390888,0.452864,0.830576,-41.09,-5.25,-61.67,Noise,Right
1707209700070,0.313784,0.518744,0.760792,-21.98,0.14,-61.88,Noise,Right
1707209700070,0.28548,0.562176,0.807152,1.05,7.98,-56.21,Noise,Right
1707209700070,0.228872,0.544608,0.787144,9.66,10.57,-52.57,Noise,Right
1707209700070,0.132248,0.538264,0.750544,1.47,14.35,-53.13,Noise,Right
1707209700181,0.10004,0.532408,0.693448,5.88,23.8,-54.25,Noise,Right
1707209700181,0.081984,0.539728,0.676368,22.54,38.78,-59.29,Noise,Right
1707209700181,0.165432,0.530456,0.665144,44.73,52.64,-63.07,Noise,Right
1707209700181,0.233264,0.610976,0.64904,36.19,60.41,-67.76,Noise,Right
1707209700181,0.273768,0.679296,0.770064,20.23,62.51,-68.67,Noise,Right
1707209700182,0.350872,0.663192,0.969656,38.36,52.57,-68.81,Scoop,Right
1707209700182,0.195688,0.74664,1.067744,106.47,41.58,-68.11,Scoop,Right
1707209700283,0.0732,0.736392,0.860832,167.37,29.47,-53.34,Scoop,Right
1707209700284,-0.035624,0.736392,0.679784,156.31,24.57,-50.05,Scoop,Right
1707209700284,-0.24888,0.76128,0.605608,167.09,29.05,-48.72,Scoop,Right
1707209700284,-0.067832,0.80276,0.662216,240.31,37.38,-48.37,Scoop,Right
1707209700284,-0.091256,0.906216,0.711016,323.47,40.95,-43.05,Scoop,Right
1707209700285,0.023912,0.953552,0.064904,290.5,-16.45,10.85,Scoop,Right
1707209700329,0.11712,0.708088,0.262544,92.61,-13.93,7.63,Scoop,Right
1707209700330,0.247416,1.01504,0.186904,-79.31,0.49,-7.07,Scoop,Right
1707209700330,0.25376,0.904752,0.264496,-185.29,3.57,-5.39,Scoop,Right
1707209700375,0.176168,0.852536,0.598288,-223.79,-1.75,-7.35,Scoop,Right
1707209700376,0.025376,0.74908,0.7442,-113.61,-20.51,-16.59,Scoop,Right
1707209700376,-0.016592,0.840336,0.582184,-62.58,-21.49,-16.59,Scoop,Right
1707209700422,0.025864,0.813984,0.563152,-62.65,-14.98,-12.39,Scoop,Right
1707209700422,-0.005856,0.85156,0.60024,-109.76,-12.39,-9.31,Scoop,Right
1707209700472,0.04148,0.733464,0.654896,-141.26,-13.09,-8.05,Scoop,Right
1707209700472,0.001952,0.728584,0.748592,-185.01,-16.94,-7.77,Scoop,Right
1707209700473,-0.016104,0.72224,0.74176,-193.48,-17.15,-5.81,Scoop,Right
1707209700519,-0.00976,0.679784,0.803736,-188.02,-15.54,2.38,Scoop,Right
1707209700520,0.00244,0.550952,0.873032,-68.18,-3.64,4.34,Scoop,Right
1707209700520,0.011712,0.594872,0.839848,-13.79,-2.8,-3.15,Scoop,Right
1707209700591,0.019032,0.610976,0.796904,-15.89,-3.15,-3.01,Scoop,Right
1707209700592,0.015616,0.61732,0.8052,-62.58,-3.08,-1.47,Scoop,Right
1707209700592,0.020496,0.575352,0.833504,-108.64,-3.36,-0.07,Scoop,Right
1707209700593,0.016104,0.541192,0.874008,-136.08,-3.92,0.49,Scoop,Right
1707209700639,0.016104,0.484096,0.92232,-143.36,-4.06,1.33,Scoop,Right
1707209700640,0.022936,0.441152,0.938912,-124.46,-4.48,0.7,Scoop,Right
1707209700640,0.019032,0.409432,0.945744,-107.8,-4.62,0.63,Scoop,Right
1707209700689,0.01708,0.381616,0.955992,-89.74,-4.62,0.42,Scoop,Right
1707209700689,0.01952,0.36112,0.963312,-76.65,-4.62,-0.21,Scoop,Right
1707209700690,0.030256,0.331352,0.956968,-61.39,-4.83,-0.63,Scoop,Right
1707209700794,0.020008,0.3172,0.982344,-27.09,-3.99,-2.38,Scoop,Right
1707209700795,0.020008,0.315248,0.979416,8.82,-4.69,-2.94,Scoop,Right
1707209700795,0.019032,0.323056,0.970632,42.98,-5.32,-3.43,Scoop,Right
1707209700795,0.018056,0.362584,0.96868,62.58,-2.24,-4.97,Scoop,Right
1707209700795,0.018056,0.379664,0.9516,67.62,-2.66,-4.9,Scoop,Right
1707209700797,0.019032,0.407968,0.943792,71.61,-3.08,-4.97,Scoop,Right
1707209700842,0.022448,0.430904,0.92964,67.97,-3.5,-5.04,Scoop,Right
1707209700843,0.021472,0.451888,0.921344,58.8,-3.78,-4.41,Scoop,Right
1707209700843,0.020496,0.467992,0.91256,33.39,-3.78,-3.78,Scoop,Right
1707209700890,0.019032,0.465552,0.901824,9.03,-3.64,-3.01,Scoop,Right
1707209700890,0.019032,0.462624,0.90524,-14.63,-4.2,-2.31,Scoop,Right
1707209700891,0.018056,0.44896,0.908168,-36.96,-3.99,-1.33,Scoop,Right
1707209700936,0.01952,0.427,0.935496,-50.89,-4.69,-1.19,Scoop,Right
1707209700936,0.019032,0.4148,0.935984,-54.04,-4.69,-0.91,Scoop,Right
1707209700937,0.015128,0.392352,0.949648,-52.08,-4.76,-0.91,Scoop,Right
1707209700983,0.023912,0.382104,0.955504,-44.66,-4.55,-1.19,Scoop,Right
1707209700984,0.015616,0.364536,0.959896,-38.43,-4.34,-1.54,Scoop,Right
1707209701029,0.022448,0.347456,0.96624,-28.28,-4.34,-1.82,Scoop,Right
1707209701030,0.020984,0.332328,0.966728,-13.37,-4.06,-2.52,Scoop,Right
1707209701030,0.01708,0.339648,0.960384,12.32,-3.92,-2.87,Scoop,Right
1707209701074,0.018544,0.349408,0.965752,27.44,-3.64,-3.36,Scoop,Right
1707209701075,0.02196,0.367952,0.956968,36.61,-3.29,-3.99,Scoop,Right
1707209701075,0.020008,0.37576,0.950136,41.16,-3.71,-3.99,Scoop,Right
1707209701121,0.01952,0.386984,0.94428,45.15,-3.5,-4.2,Scoop,Right
1707209701121,0.017568,0.408456,0.938912,47.81,-3.43,-4.2,Scoop,Right
1707209701180,0.014152,0.425048,0.931104,43.26,-3.64,-4.06,Scoop,Right
1707209701181,0.020984,0.437736,0.925736,38.01,-4.06,-3.92,Scoop,Right
1707209701183,0.016104,0.445544,0.918416,26.67,-3.85,-3.22,Scoop,Right
1707209701293,0.016592,0.44896,0.908656,7.84,-3.5,-2.8,Scoop,Right
1707209701293,0.015616,0.448472,0.914024,-13.16,-4.06,-2.45,Scoop,Right
1707209701293,0.018056,0.429928,0.921832,-23.66,-4.27,-2.03,Scoop,Right
1707209701293,0.01464,0.425536,0.92964,-26.74,-4.27,-1.89,Scoop,Right
1707209701294,0.017568,0.414312,0.930616,-29.33,-4.2,-1.75,Scoop,Right
1707209701294,0.021472,0.40016,0.937936,-31.71,-4.34,-1.4,Scoop,Right
1707209701294,0.023424,0.386008,0.946232,-27.86,-4.2,-1.82,Scoop,Right
1707209701338,0.018544,0.384056,0.938912,-19.11,-4.13,-2.03,Scoop,Right
1707209701339,0.019032,0.376248,0.945744,-12.6,-4.06,-2.03,Scoop,Right
1707209701339,0.027328,0.374784,0.943304,-6.37,-4.06,-2.38,Scoop,Right
1707209701383,0.022936,0.374296,0.942816,-1.33,-3.71,-2.38,Scoop,Right
1707209701384,0.020984,0.374784,0.9394,3.64,-3.71,-2.8,Scoop,Right
1707209701384,0.022936,0.37576,0.94184,9.66,-3.78,-3.01,Scoop,Right
1707209701430,0.02196,0.377712,0.943792,15.4,-3.92,-3.15,Scoop,Right
1707209701431,0.01708,0.384544,0.939888,20.58,-3.57,-3.36,Scoop,Right
1707209701431,0.025376,0.3904,0.938912,25.9,-3.71,-3.36,Scoop,Right
1707209701486,0.020984,0.399184,0.931104,28.35,-3.78,-3.5,Scoop,Right
1707209701487,0.013664,0.412848,0.931104,24.57,-3.78,-3.5,Scoop,Right
1707209701542,0.019032,0.415776,0.92232,20.09,-3.71,-3.36,Scoop,Right
1707209701543,0.021472,0.418216,0.92232,16.59,-4.06,-3.01,Scoop,Right
1707209701543,0.021472,0.418216,0.923296,11.97,-3.99,-3.01,Scoop,Right
1707209701543,0.018544,0.423584,0.926224,6.16,-3.99,-2.8,Scoop,Right
1707209701588,0.01708,0.421144,0.931592,-1.12,-3.71,-2.59,Scoop,Right
1707209701588,0.019032,0.423584,0.928664,-5.18,-4.06,-2.52,Scoop,Right
1707209701588,0.01464,0.424072,0.931104,-7.91,-3.99,-2.52,Scoop,Right
1707209701633,0.018056,0.411384,0.938912,-10.78,-3.99,-2.24,Scoop,Right
1707209701633,0.025376,0.411384,0.939888,-14.42,-4.27,-2.24,Scoop,Right
1707209701633,0.020008,0.401136,0.940864,-16.45,-3.99,-2.17,Scoop,Right
1707209701688,0.016592,0.390888,0.950624,-12.88,-4.13,-2.38,Scoop,Right
1707209701689,0.0244,0.390888,0.948672,-5.25,-4.13,-2.66,Scoop,Right
1707209701802,0.021472,0.387472,0.94916,2.87,-3.92,-2.8,Scoop,Right
1707209701803,0.022448,0.394304,0.949648,9.73,-3.99,-3.01,Scoop,Right
1707209701803,0.020496,0.393328,0.947696,13.37,-3.78,-2.94,Scoop,Right
1707209701803,0.02196,0.400648,0.940864,13.3,-3.92,-3.15,Scoop,Right
1707209701803,0.015616,0.404552,0.937936,9.94,-3.78,-3.01,Scoop,Right
1707209701803,0.028304,0.400648,0.937936,5.88,-4.06,-3.15,Scoop,Right
1707209701803,0.0854,0.326472,0.95648,-24.64,-6.3,-6.65,Scoop,Right
1707209701857,0.054656,0.332816,0.98332,-68.81,-9.1,-10.64,Scoop,Right
1707209701857,0.051728,0.338672,0.983808,-93.38,-9.52,-12.04,Scoop,Right
1707209701858,0.015128,0.32208,0.983808,-63.84,-4.06,-12.95,Scoop,Right
1707209701974,0.06344,0.261568,0.976976,-29.96,-4.97,-12.74,Scoop,Right
1707209701974,0.08296,0.244488,1.004792,-10.57,-4.34,-12.95,Scoop,Right
1707209701974,0.044408,0.284504,0.992104,4.83,-8.75,-13.93,Scoop,Right
1707209701974,0.055632,0.28548,0.996496,25.9,-9.1,-15.05,Scoop,Right
1707209701974,0.064416,0.345992,1.037976,60.69,-7.49,-16.24,Scoop,Right
1707209701974,0.045872,0.357704,0.982344,86.73,-8.75,-16.24,Scoop,Right
1707209701974,0.028792,0.38064,0.963312,76.72,-6.72,-17.08,Scoop,Right
1707209702023,0.026352,0.393816,0.955992,69.65,-4.9,-17.71,Scoop,Right
1707209702024,0.04636,0.398208,0.982344,54.11,-8.68,-17.57,Scoop,Right
1707209702024,0.027328,0.415288,0.981368,18.27,-10.57,-19.32,Scoop,Right
1707209702071,0.083936,0.379664,0.92476,-24.92,-13.72,-21.63,Scoop,Right
1707209702071,0.060512,0.369904,0.95404,-66.71,-15.82,-24.92,Scoop,Right
1707209702072,-0.000976,0.38552,0.985272,-81.48,-16.17,-26.81,Scoop,Right
1707209702115,0.000488,0.334768,1.016016,-85.19,-17.01,-27.65,Scoop,Right
1707209702115,0.039528,0.327448,0.942328,-63.35,-12.95,-31.43,Scoop,Right
1707209702115,-0.061,0.371368,1.072136,-20.79,-10.78,-33.46,Scoop,Right
1707209702162,-0.010736,0.3416,0.994544,24.08,-15.26,-33.53,Scoop,Right
1707209702163,-0.054656,0.384544,0.955992,82.6,-18.27,-34.16,Scoop,Right
1707209702163,-0.065392,0.428464,0.9272,126.28,-12.95,-37.59,Scoop,Right
1707209702209,-0.054168,0.4392,0.841312,165.48,-16.94,-34.86,Scoop,Right
1707209702265,-0.020008,0.606096,0.819352,208.39,-21.84,-30.17,Scoop,Right
1707209702265,-0.018056,0.630496,0.774456,155.54,-23.87,-29.75,Scoop,Right
1707209702265,-0.008784,0.692472,0.742736,31.78,-27.58,-36.82,Scoop,Right
1707209702316,0.040016,0.618784,0.738832,-48.37,-28.21,-25.62,Scoop,Right
1707209702316,-0.002928,0.665632,0.791048,-73.71,-10.92,-7.0,Scoop,Right
1707209702316,-0.009272,0.606096,0.79544,-98.28,-6.93,-4.48,Scoop,Right
1707209702361,0.013176,0.554368,0.852048,-107.31,-3.57,0.56,Scoop,Right
1707209702362,0.01952,0.511912,0.872056,-139.09,-4.06,1.19,Scoop,Right
1707209702362,0.01952,0.452376,0.935008,-167.16,-4.76,3.01,Scoop,Right
1707209702408,0.02196,0.394304,0.939888,-168.7,-5.39,3.01,Scoop,Right
1707209702409,0.02684,0.338672,0.96868,-157.43,-6.44,3.22,Scoop,Right
1707209702409,0.006832,0.260104,1.055544,-33.18,9.03,4.9,Scoop,Right
1707209702454,0.001464,0.267912,0.910608,17.57,-15.05,9.73,Scoop,Right
1707209702454,0.030744,0.325984,0.997472,65.94,-7.49,14.98,Scoop,Right
1707209702454,0.007808,0.37332,1.003816,67.9,6.65,1.75,Scoop,Right
1707209702508,0.035136,0.366488,0.9028,80.36,-2.52,5.11,Scoop,Right
1707209702508,0.021472,0.401624,0.935984,76.58,-1.75,-0.07,Scoop,Right
1707209702623,0.022448,0.434808,0.940376,63.63,-3.22,-5.32,Scoop,Right
1707209702624,0.01708,0.442128,0.928664,60.69,-3.01,-4.76,Scoop,Right
1707209702624,0.019032,0.46604,0.905728,55.58,-3.43,-4.62,Scoop,Right
1707209702624,0.023424,0.490928,0.88816,28.98,-4.2,-3.92,Scoop,Right
1707209702624,0.023424,0.488488,0.889624,-3.57,-4.34,-3.15,Scoop,Right
1707209702624,0.020984,0.473848,0.906216,-31.5,-4.34,-1.82,Scoop,Right
1707209702624,0.019032,0.448472,0.921344,-37.59,-4.2,-1.33,Scoop,Right
1707209702673,0.02196,0.43676,0.925736,-37.8,-4.2,-1.12,Scoop,Right
1707209702673,0.01952,0.429928,0.932568,-39.06,-4.34,-1.33,Scoop,Right
1707209702673,0.020496,0.415776,0.931592,-39.48,-4.34,-1.19,Scoop,Right
1707209702721,0.022448,0.40504,0.945256,-37.03,-4.27,-1.54,Scoop,Right
1707209702722,0.029768,0.390888,0.93696,-30.94,-4.13,-1.61,Scoop,Right
1707209702722,0.023424,0.380152,0.950624,-21.35,-4.06,-2.03,Scoop,Right
1707209702768,0.023912,0.378688,0.955504,-10.15,-3.99,-2.31,Scoop,Right
1707209702768,0.018056,0.367952,0.948672,0.0,-4.2,-2.59,Scoop,Right
1707209702768,0.024888,0.37576,0.949648,9.59,-3.99,-3.01,Scoop,Right
1707209702817,0.023424,0.380152,0.95404,18.9,-3.64,-3.5,Scoop,Right
1707209702817,0.022936,0.383568,0.945256,27.16,-3.92,-3.64,Scoop,Right
1707209702818,0.018056,0.400648,0.948184,32.9,-3.64,-3.85,Scoop,Right
1707209702860,0.030744,0.409432,0.94184,34.16,-3.71,-3.92,Scoop,Right
1707209702860,0.021472,0.41724,0.930616,33.25,-3.64,-3.85,Scoop,Right
1707209702912,0.018544,0.427488,0.930616,29.54,-3.71,-3.57,Scoop,Right
1707209702913,0.023424,0.433344,0.921344,25.76,-3.85,-3.64,Scoop,Right
1707209702913,0.019032,0.439688,0.9272,21.77,-3.92,-3.36,Scoop,Right
1707209703031,0.022448,0.444568,0.920368,19.6,-3.78,-3.43,Scoop,Right
1707209703031,0.020984,0.445056,0.916464,17.92,-3.78,-3.29,Scoop,Right
1707209703032,0.020984,0.450424,0.915488,15.33,-3.78,-3.15,Scoop,Right
1707209703032,0.01708,0.457256,0.915488,9.31,-4.06,-3.01,Scoop,Right
1707209703032,0.021472,0.454328,0.914512,1.75,-3.99,-2.87,Scoop,Right
1707209703032,0.022448,0.449448,0.918904,-4.69,-4.06,-2.31,Scoop,Right
1707209703032,0.020496,0.447008,0.920856,-6.58,-4.2,-2.45,Scoop,Right
1707209703078,0.020984,0.446032,0.922808,-6.79,-4.13,-2.38,Scoop,Right
1707209703078,0.023912,0.448472,0.924272,-7.07,-4.06,-2.52,Scoop,Right
1707209703078,0.015128,0.44652,0.9394,-7.63,-3.92,-2.38,Scoop,Right
1707209703124,0.025864,0.442616,0.9272,-9.03,-4.06,-2.45,Scoop,Right
1707209703125,0.020008,0.435784,0.92476,-9.31,-3.99,-2.38,Scoop,Right
1707209703125,0.020984,0.433832,0.924272,-9.45,-4.2,-2.52,Scoop,Right
1707209703177,0.019032,0.425536,0.934032,-11.06,-3.85,-2.24,Scoop,Right
1707209703178,0.023912,0.426512,0.926224,-12.39,-4.13,-2.38,Scoop,Right
1707209703178,0.02196,0.41968,0.929152,-12.74,-4.13,-2.17,Scoop,Right
1707209703255,0.016592,0.416752,0.933544,-10.92,-3.64,-2.38,Scoop,Right
1707209703255,0.02684,0.410896,0.93696,-9.24,-4.06,-2.31,Scoop,Right
1707209703255,0.021472,0.403576,0.935008,-6.65,-3.92,-2.38,Scoop,Right
1707209703255,0.01464,0.404552,0.932568,-4.06,-3.92,-2.31,Scoop,Right
1707209703255,0.015128,0.405528,0.932568,-0.98,-4.13,-2.66,Scoop,Right
1707209703301,0.0244,0.407968,0.938912,2.73,-4.2,-2.94,Scoop,Right
1707209703301,0.018056,0.405528,0.928664,5.88,-4.06,-2.94,Scoop,Right
1707209703351,0.01952,0.4026,0.926712,8.4,-3.92,-3.08,Scoop,Right
1707209703351,0.020008,0.406016,0.931104,9.66,-3.43,-3.01,Scoop,Right
1707209703352,0.01708,0.410896,0.9272,9.94,-3.85,-3.08,Scoop,Right
1707209703457,0.020984,0.416264,0.92232,9.8,-3.85,-3.08,Scoop,Right
1707209703459,0.020496,0.41968,0.925736,8.82,-3.78,-3.01,Scoop,Right
1707209703459,0.02684,0.405528,0.91744,6.3,-3.99,-2.94,Scoop,Right
1707209703459,0.0122,0.425536,0.93208,3.22,-4.06,-2.8,Scoop,Right
1707209703459,0.029768,0.425536,0.929152,1.68,-4.13,-2.59,Scoop,Right
1707209703459,0.025864,0.42456,0.920856,-0.28,-4.13,-2.59,Scoop,Right
1707209703501,0.023912,0.413824,0.916464,-1.12,-4.27,-2.66,Scoop,Right
1707209703502,0.024888,0.413336,0.92476,-1.47,-3.99,-2.66,Scoop,Right
1707209703502,0.018544,0.409432,0.931104,-1.12,-4.13,-2.59,Scoop,Right
1707209703548,0.016104,0.410896,0.935008,-0.42,-3.57,-2.73,Scoop,Right
1707209703548,0.01708,0.408456,0.934032,0.49,-4.13,-2.66,Scoop,Right
1707209703548,0.020008,0.406016,0.93208,2.24,-3.92,-2.73,Scoop,Right
1707209703594,0.023424,0.408944,0.93696,3.5,-3.85,-2.59,Scoop,Right
1707209703594,0.024888,0.414312,0.938424,4.34,-4.06,-2.87,Scoop,Right
1707209703595,0.0244,0.413824,0.936472,4.41,-4.06,-2.66,Scoop,Right
1707209703643,0.022448,0.415776,0.931104,4.34,-3.99,-2.66,Scoop,Right
1707209703644,0.0244,0.414312,0.932568,4.76,-3.85,-2.8,Scoop,Right
1707209703689,-0.001464,0.422608,0.948184,4.41,-3.99,-2.73,Scoop,Right
1707209703689,0.020984,0.411872,0.934032,3.01,-3.99,-2.8,Scoop,Right
1707209703690,0.019032,0.411872,0.934032,1.12,-3.78,-2.59,Scoop,Right
1707209703737,0.0244,0.42212,0.934032,0.35,-3.64,-2.59,Scoop,Right
1707209703737,0.020008,0.418216,0.931104,0.84,-4.13,-2.87,Scoop,Right
1707209703737,0.023424,0.416264,0.935984,1.33,-4.06,-2.73,Scoop,Right
1707209703782,0.022448,0.40992,0.935984,1.68,-3.92,-2.59,Scoop,Right
1707209703782,0.023912,0.415776,0.93208,1.68,-4.06,-2.94,Scoop,Right
1707209703783,0.01464,0.412848,0.938424,2.17,-3.99,-2.73,Scoop,Right
1707209703832,0.01464,0.41724,0.942328,3.01,-3.99,-2.87,Scoop,Right
1707209703832,0.018544,0.412848,0.93208,3.64,-4.06,-2.66,Scoop,Right
1707209703954,0.024888,0.417728,0.936472,4.06,-3.92,-2.73,Scoop,Right
1707209703954,0.024888,0.416752,0.93452,3.78,-4.27,-2.87,Scoop,Right
1707209703954,0.027816,0.413824,0.935984,2.31,-3.85,-2.8,Scoop,Right
1707209703955,0.018544,0.409432,0.93696,1.54,-3.85,-2.73,Scoop,Right
1707209703955,0.018544,0.41724,0.935496,2.73,-3.99,-2.94,Scoop,Right
1707209703955,0.02196,0.415776,0.9394,2.66,-4.06,-2.8,Scoop,Right
1707209703955,0.026352,0.413336,0.940376,1.96,-3.99,-2.59,Scoop,Right
1707209704006,0.016592,0.410408,0.933056,1.33,-3.92,-2.59,Scoop,Right
1707209704007,0.00976,0.412848,0.935984,2.03,-4.06,-2.8,Scoop,Right
1707209704007,0.032696,0.416264,0.914512,2.59,-4.06,-2.87,Scoop,Right
1707209704124,0.024888,0.4148,0.930616,2.94,-4.2,-2.66,Scoop,Right
1707209704124,0.024888,0.416264,0.935008,2.73,-3.85,-2.73,Scoop,Right
1707209704124,0.021472,0.415288,0.938424,2.38,-3.92,-2.8,Scoop,Right
1707209704124,0.027328,0.409432,0.939888,2.03,-4.06,-2.73,Scoop,Right
1707209704125,0.023912,0.419192,0.937936,2.38,-4.06,-2.87,Scoop,Right
1707209704125,0.018544,0.416752,0.935984,3.22,-3.99,-2.73,Scoop,Right
1707209704125,0.020984,0.41236,0.935008,3.22,-4.06,-2.73,Scoop,Right
1707209704174,0.022936,0.414312,0.938912,2.52,-4.13,-2.73,Scoop,Right
1707209704174,0.01952,0.408456,0.935496,2.03,-3.99,-2.59,Scoop,Right
1707209704174,0.022448,0.416752,0.93452,2.73,-3.92,-2.73,Scoop,Right
1707209704219,0.017568,0.408944,0.937936,3.36,-3.85,-2.8,Scoop,Right
1707209704219,0.018544,0.413336,0.935008,2.94,-3.92,-2.66,Scoop,Right
1707209704219,0.025376,0.4148,0.93696,2.24,-3.78,-2.8,Scoop,Right
1707209704265,0.018544,0.415288,0.930128,1.54,-3.85,-2.73,Scoop,Right
1707209704265,0.01708,0.414312,0.930128,0.98,-4.13,-2.66,Scoop,Right
1707209704265,0.01708,0.412848,0.925248,1.82,-4.06,-2.73,Scoop,Right
1707209704311,0.01952,0.413824,0.925248,3.01,-4.2,-2.87,Scoop,Right
1707209704311,0.018544,0.410896,0.930128,3.36,-3.92,-2.94,Scoop,Right
1707209704358,0.01952,0.407968,0.934032,3.15,-4.06,-2.73,Scoop,Right
1707209704358,0.020984,0.410896,0.9272,2.45,-4.06,-2.73,Scoop,Right
1707209704358,0.020008,0.415288,0.929152,2.59,-4.13,-2.59,Scoop,Right
1707209704404,0.023912,0.415288,0.92964,2.66,-3.92,-2.8,Scoop,Right
1707209704405,0.023912,0.410896,0.923784,2.94,-4.06,-2.87,Scoop,Right
1707209704405,0.022936,0.416264,0.935008,2.52,-3.99,-2.8,Scoop,Right
1707209704462,0.022448,0.414312,0.928664,1.54,-3.92,-2.94,Scoop,Right
1707209704463,0.024888,0.413824,0.929152,2.1,-4.06,-2.87,Scoop,Right
1707209704463,0.020008,0.411384,0.929152,2.24,-3.85,-2.8,Scoop,Right
1707209704584,0.02196,0.41236,0.923296,2.31,-4.2,-2.8,Scoop,Right
1707209704584,0.022936,0.418216,0.924272,2.31,-4.06,-2.73,Scoop,Right
1707209704584,0.018056,0.411384,0.940864,2.17,-3.99,-2.66,Scoop,Right
1707209704584,0.022936,0.416752,0.926224,2.38,-4.2,-2.8,Scoop,Right
1707209704584,0.023424,0.418216,0.936472,3.01,-3.78,-2.66,Scoop,Right
1707209704584,0.017568,0.415288,0.934032,3.78,-3.85,-2.8,Scoop,Right
1707209704585,0.022448,0.411384,0.93208,3.71,-3.92,-2.73,Scoop,Right
1707209704634,0.021472,0.413824,0.93696,2.66,-4.06,-2.73,Scoop,Right
1707209704635,0.025864,0.419192,0.931592,1.68,-3.99,-2.59,Scoop,Right
1707209704635,0.022448,0.415288,0.938912,1.68,-3.99,-2.59,Scoop,Right
1707209704683,0.015616,0.417728,0.930128,2.03,-4.06,-2.66,Scoop,Right
1707209704683,0.023424,0.4148,0.939888,1.89,-3.92,-2.52,Scoop,Right
1707209704683,0.025376,0.413824,0.935984,1.75,-3.85,-2.73,Scoop,Right
1707209704727,0.022936,0.411384,0.935984,2.38,-4.06,-3.01,Scoop,Right
1707209704727,0.021472,0.41724,0.935496,2.94,-3.99,-2.59,Scoop,Right
1707209704727,0.02684,0.418216,0.935984,3.36,-3.85,-2.8,Scoop,Right
1707209704774,0.019032,0.413824,0.93208,3.64,-4.13,-2.52,Scoop,Right
1707209704774,0.025376,0.415776,0.938912,2.87,-3.99,-2.66,Scoop,Right
1707209704774,0.023912,0.4148,0.937936,2.31,-3.92,-2.73,Scoop,Right
1707209704819,0.025864,0.419192,0.935984,1.89,-4.06,-2.8,Scoop,Right
1707209704820,0.019032,0.411872,0.93696,2.24,-3.85,-2.66,Scoop,Right
1707209704866,0.023424,0.413336,0.93208,2.8,-4.06,-2.73,Scoop,Right
1707209704866,0.022448,0.420656,0.934032,2.8,-3.85,-2.87,Scoop,Right
1707209704866,0.025864,0.417728,0.938424,2.45,-3.99,-2.73,Scoop,Right
1707209704913,0.0244,0.413336,0.93696,1.82,-3.71,-2.73,Scoop,Right
1707209704913,0.020496,0.416264,0.937448,1.54,-3.99,-2.73,Scoop,Right
1707209704913,0.020008,0.413336,0.935496,1.82,-3.99,-2.8,Scoop,Right
1707209704965,0.022936,0.411872,0.935008,2.1,-4.27,-2.94,Scoop,Right
1707209704965,0.019032,0.416752,0.935496,2.87,-3.92,-2.87,Scoop,Right
1707209704965,0.026352,0.417728,0.941352,3.64,-3.99,-2.66,Scoop,Right
1707209705094,0.02684,0.4148,0.935496,3.64,-3.99,-2.94,Scoop,Right
1707209705094,0.027328,0.417728,0.9394,2.73,-4.06,-2.8,Scoop,Right
1707209705094,0.027328,0.412848,0.934032,2.52,-3.85,-2.94,Scoop,Right
1707209705095,0.018544,0.415776,0.933544,2.24,-3.99,-2.94,Scoop,Right
1707209705095,0.018056,0.408944,0.936472,1.82,-3.85,-2.73,Scoop,Right
1707209705095,0.027816,0.413824,0.935008,2.1,-3.92,-2.8,Scoop,Right
1707209705095,0.014152,0.421144,0.9394,2.17,-4.2,-2.73,Scoop,Right
1707209705145,0.01708,0.409432,0.92964,2.24,-3.85,-2.66,Scoop,Right
1707209705145,0.022448,0.411872,0.935496,2.38,-3.92,-2.66,Scoop,Right
1707209705145,0.01708,0.404552,0.940376,2.24,-3.78,-2.94,Scoop,Right
1707209705145,0.01708,0.417728,0.93696,2.73,-3.99,-2.8,Scoop,Right
1707209705194,0.016592,0.41236,0.92964,2.31,-4.06,-2.87,Scoop,Right
1707209705195,0.019032,0.413336,0.933544,2.52,-4.2,-2.87,Scoop,Right
1707209705239,0.020496,0.406992,0.937448,2.8,-4.06,-2.66,Scoop,Right
1707209705239,0.023912,0.413336,0.931104,3.15,-3.85,-2.73,Scoop,Right
1707209705239,0.025864,0.417728,0.940864,3.36,-3.92,-2.73,Scoop,Right
1707209705283,0.022448,0.408456,0.933544,2.45,-3.71,-2.66,Scoop,Right
1707209705283,0.022448,0.415776,0.927688,2.52,-4.06,-2.45,Scoop,Right
1707209705283,0.023912,0.408456,0.924272,1.47,-4.41,-2.66,Scoop,Right
1707209705334,0.01952,0.409432,0.933544,1.33,-3.99,-2.52,Scoop,Right
1707209705334,0.01464,0.41724,0.935984,1.54,-4.06,-2.73,Scoop,Right
1707209705335,0.017568,0.409432,0.93208,2.45,-3.99,-2.8,Scoop,Right
1707209705381,0.021472,0.411872,0.928664,2.8,-3.99,-2.66,Scoop,Right
1707209705383,0.01952,0.413336,0.930128,3.08,-4.27,-2.59,Scoop,Right
1707209705429,0.022448,0.414312,0.9272,2.94,-4.13,-2.66,Scoop,Right
1707209705430,0.027328,0.416752,0.923296,3.57,-3.85,-2.66,Scoop,Right
1707209705430,0.018056,0.411872,0.930616,3.36,-3.78,-2.8,Scoop,Right
1707209705506,0.026352,0.4148,0.92476,2.24,-3.92,-2.8,Scoop,Right
1707209705506,0.01708,0.411384,0.930128,1.47,-4.06,-2.73,Scoop,Right
1707209705508,0.021472,0.4148,0.925736,1.47,-3.99,-2.66,Scoop,Right
1707209705508,0.023912,0.415776,0.9272,1.89,-3.92,-2.73,Scoop,Right
1707209705508,0.022936,0.410896,0.930616,2.1,-3.92,-2.66,Scoop,Right
1707209734561,0.556808,-0.15372,-0.815448,-0.98,-0.77,-2.38,Scoop,Right
1707209734561,0.55632,-0.155672,-0.812032,-1.54,-0.7,-2.31,Scoop,Right
1707209734561,0.555832,-0.160064,-0.80764,-1.54,-0.77,-2.45,Scoop,Right
1707209734692,0.552904,-0.152744,-0.809592,-1.33,-0.77,-2.38,Scoop,Right
1707209734692,0.557784,-0.155184,-0.811056,-1.61,-0.84,-2.31,Scoop,Right
1707209734693,0.554856,-0.158112,-0.804712,-1.4,-0.98,-2.45,Scoop,Right
1707209734693,0.550952,-0.154208,-0.812032,-1.4,-0.77,-2.17,Scoop,Right
1707209734694,0.552416,-0.156648,-0.812032,-1.54,-0.84,-2.38,Scoop,Right
1707209734694,0.551928,-0.153232,-0.818376,-1.47,-0.91,-2.38,Scoop,Right
1707209734694,0.55144,-0.15616,-0.813008,-1.4,-0.7,-2.24,Scoop,Right
1707209734744,0.555344,-0.154208,-0.813984,-1.47,-0.91,-2.24,Scoop,Right
1707209734744,0.55876,-0.159576,-0.801296,-1.61,-0.77,-2.24,Scoop,Right
1707209734745,0.559736,-0.158112,-0.806664,-1.4,-0.98,-2.45,Scoop,Right
1707209734791,0.556808,-0.158112,-0.806664,-1.54,-0.84,-2.17,Scoop,Right
1707209734791,0.553392,-0.15128,-0.813496,-1.68,-0.91,-2.52,Scoop,Right
1707209734791,0.552904,-0.155184,-0.8174,-1.4,-0.91,-2.31,Scoop,Right
1707209734837,0.550464,-0.15616,-0.81252,-1.4,-0.84,-2.45,Scoop,Right
1707209734837,0.552416,-0.15372,-0.816424,-1.54,-0.98,-2.31,Scoop,Right
1707209734837,0.551928,-0.155184,-0.810568,-1.47,-0.77,-2.24,Scoop,Right
1707209734888,0.554368,-0.153232,-0.813984,-1.54,-0.91,-2.24,Scoop,Right
1707209734891,0.55388,-0.15372,-0.815448,-1.47,-0.84,-2.38,Scoop,Right
1707209734892,0.550952,-0.157136,-0.811544,-1.4,-0.91,-2.24,Scoop,Right
1707209734929,0.560224,-0.157136,-0.812032,-1.61,-0.91,-2.24,Scoop,Right
1707209734929,0.556808,-0.151768,-0.812032,-1.33,-0.91,-2.38,Scoop,Right
1707209734975,0.550464,-0.1586,-0.809104,-1.4,-0.7,-2.24,Scoop,Right
1707209734976,0.550952,-0.153232,-0.813496,-1.4,-0.77,-2.38,Scoop,Right
1707209734977,0.554368,-0.15616,-0.809592,-1.54,-0.98,-2.31,Scoop,Right
1707209735023,0.549488,-0.15616,-0.81252,-1.26,-0.42,-2.1,Scoop,Right
1707209735023,0.549488,-0.162016,-0.809592,-1.33,-0.84,-2.31,Scoop,Right
1707209735024,0.55388,-0.1586,-0.807152,-1.54,-0.77,-2.38,Scoop,Right
1707209735112,0.556808,-0.155184,-0.816912,-2.73,-0.49,-2.87,Scoop,Right
1707209735112,0.55388,-0.152256,-0.818864,-1.54,-1.05,-2.38,Scoop,Right
1707209735113,0.554368,-0.150792,-0.813496,-1.26,-0.77,-2.31,Scoop,Right
1707209735113,0.554368,-0.154208,-0.81496,-1.4,-0.84,-2.45,Scoop,Right
1707209735113,0.55144,-0.15128,-0.808616,-1.26,-0.91,-2.31,Scoop,Right
1707209735159,0.55388,-0.155184,-0.813496,-0.98,-1.05,-2.24,Scoop,Right
1707209735160,0.552416,-0.156648,-0.807152,-1.33,-0.98,-2.31,Scoop,Right
1707209735160,0.55632,-0.160064,-0.810568,-1.54,-0.91,-2.38,Scoop,Right
1707209735205,0.551928,-0.15372,-0.813008,-1.12,-0.84,-2.24,Scoop,Right
1707209735257,0.554856,-0.152256,-0.820816,-1.47,-0.84,-2.87,Scoop,Right
1707209735258,0.551928,-0.152256,-0.812032,-1.4,-0.84,-2.38,Scoop,Right
1707209735258,0.552416,-0.152256,-0.812032,-1.26,-1.12,-2.31,Scoop,Right
1707209735379,0.55388,-0.152744,-0.81252,-1.47,-0.84,-2.31,Scoop,Right
1707209735380,0.55388,-0.152744,-0.813984,-1.4,-0.91,-2.38,Scoop,Right
1707209735380,0.549976,-0.154696,-0.811544,-1.68,-0.7,-2.38,Scoop,Right
1707209735380,0.552416,-0.155184,-0.809592,-1.68,-0.77,-2.31,Scoop,Right
1707209735381,0.55632,-0.154208,-0.813496,-1.61,-0.91,-2.31,Scoop,Right
1707209735381,0.552904,-0.155184,-0.813008,-1.4,-0.84,-2.31,Scoop,Right
1707209735381,0.554368,-0.150792,-0.813496,-1.19,-0.91,-2.45,Scoop,Right
1707209735426,0.555344,-0.157624,-0.809592,-1.47,-0.77,-2.31,Scoop,Right
1707209735426,0.555832,-0.157624,-0.810568,-1.12,-0.98,-2.31,Scoop,Right
1707209735429,0.55388,-0.15372,-0.814472,-1.47,-0.63,-2.24,Scoop,Right
1707209735475,0.554856,-0.15372,-0.81252,-1.75,-0.7,-2.31,Scoop,Right
1707209735476,0.552904,-0.155184,-0.816424,-1.4,-0.98,-2.31,Noise,Unknown
1707209735476,0.55632,-0.152744,-0.814472,-1.19,-0.84,-2.31,Noise,Unknown
1707209735601,0.554856,-0.15616,-0.811056,-2.52,-0.77,-2.8,Noise,Unknown
1707209735601,0.554368,-0.156648,-0.812032,-1.54,-0.98,-2.38,Noise,Unknown
1707209735601,0.555832,-0.154208,-0.816424,-1.4,-0.91,-2.38,Noise,Unknown
1707209735601,0.55388,-0.15372,-0.808616,-1.54,-0.7,-2.45,Noise,Unknown
1707209735601,0.553392,-0.155672,-0.810568,-1.68,-0.98,-2.31,Noise,Unknown
1707209735601,0.552904,-0.157136,-0.811056,-1.26,-0.91,-2.31,Noise,Unknown
1707209735602,0.549976,-0.153232,-0.809592,-1.26,-0.77,-2.24,Noise,Unknown
1707209735653,0.552904,-0.154208,-0.812032,-1.4,-0.84,-2.45,Noise,Unknown
1707209735653,0.5612,-0.156648,-0.806176,-1.4,-0.77,-2.38,Noise,Unknown
1707209735654,0.551928,-0.148352,-0.805688,-1.4,-0.84,-2.31,Noise,Unknown
1707209735654,0.55144,-0.145912,-0.806664,-1.4,-0.91,-2.17,Noise,Unknown
1707209735702,0.550952,-0.150304,-0.818864,-1.47,-0.91,-2.31,Noise,Unknown
1707209735703,0.547048,-0.16104,-0.81008,-1.26,-0.84,-2.17,Noise,Unknown
1707209735746,0.554856,-0.159088,-0.800808,-1.26,-0.84,-2.31,Noise,Unknown
1707209735746,0.552904,-0.1586,-0.808128,-1.4,-0.7,-2.31,Noise,Unknown
1707209735746,0.551928,-0.154696,-0.815936,-1.4,-0.98,-2.38,Noise,Unknown
1707209735795,0.54412,-0.15372,-0.809104,-1.4,-0.77,-2.24,Noise,Unknown
1707209735795,0.55876,-0.162992,-0.81008,-1.26,-0.84,-2.45,Noise,Unknown
1707209735795,0.558272,-0.160552,-0.807152,-1.33,-0.84,-2.38,Noise,Unknown
1707209735838,0.555832,-0.150792,-0.813496,-2.87,-0.28,-2.45,Noise,Unknown
1707209735838,0.552416,-0.147864,-0.810568,-1.47,-0.7,-2.31,Noise,Unknown
1707209735838,0.553392,-0.150304,-0.815448,-1.4,-0.7,-2.24,Noise,Unknown
1707209735891,0.552416,-0.153232,-0.815448,-1.33,-0.84,-2.31,Noise,Unknown
1707209735891,0.55388,-0.160064,-0.808616,-1.68,-0.91,-2.38,Noise,Unknown
1707209736013,0.555832,-0.161528,-0.811544,-1.54,-0.84,-2.45,Noise,Unknown
1707209736014,0.554368,-0.160552,-0.808128,-1.54,-0.84,-2.45,Noise,Unknown
1707209736014,0.555832,-0.159088,-0.806664,-1.54,-0.91,-2.31,Noise,Unknown
1707209736014,0.55388,-0.146888,-0.813984,-1.75,-0.7,-2.31,Noise,Unknown
1707209736014,0.55632,-0.16104,-0.816912,-1.33,-0.77,-2.45,Noise,Unknown
1707209736014,0.552904,-0.162992,-0.806664,-1.47,-0.77,-2.31,Noise,Unknown
1707209736014,0.555344,-0.160552,-0.805688,-1.26,-0.84,-2.24,Noise,Unknown
1707209736132,0.552904,-0.154696,-0.810568,-1.12,-0.77,-2.38,Noise,Unknown
1707209736132,0.553392,-0.14884,-0.810568,-1.54,-1.05,-2.38,Noise,Unknown
1707209736133,0.555344,-0.15372,-0.825696,-1.47,-1.05,-2.31,Noise,Unknown
1707209736133,0.544608,-0.15616,-0.80764,-1.12,-1.12,-2.38,Noise,Unknown
1707209736133,0.555344,-0.159576,-0.812032,-1.4,-0.77,-2.38,Noise,Unknown
1707209736133,0.558272,-0.162992,-0.812032,-1.61,-0.56,-2.45,Noise,Unknown
1707209736133,0.550464,-0.15128,-0.810568,-1.54,-0.56,-2.24,Noise,Unknown
1707209736179,0.557296,-0.155672,-0.823256,-1.4,-0.98,-2.38,Noise,Unknown
1707209736179,0.552904,-0.159576,-0.804712,-1.19,-0.98,-2.31,Noise,Unknown
1707209736179,0.555344,-0.160064,-0.804224,-1.47,-0.91,-2.24,Noise,Unknown
1707209736179,0.558272,-0.161528,-0.805688,-1.54,-0.84,-2.45,Noise,Unknown
1707209736225,0.554856,-0.152744,-0.81252,-1.4,-0.98,-2.45,Noise,Unknown
1707209736225,0.549976,-0.154208,-0.808616,-1.4,-0.77,-2.31,Noise,Unknown
1707209736275,0.557784,-0.157136,-0.813496,-1.33,-0.77,-2.45,Noise,Unknown
1707209736275,0.550952,-0.15128,-0.81252,-1.19,-0.77,-2.52,Noise,Unknown
1707209736275,0.553392,-0.158112,-0.806664,-1.54,-0.84,-2.24,Noise,Unknown
1707209736324,0.553392,-0.160064,-0.810568,-1.54,-1.05,-1.96,Noise,Unknown
1707209736324,0.556808,-0.157136,-0.81008,-1.82,-0.84,-2.24,Noise,Unknown
1707209736325,0.556808,-0.148352,-0.823744,-1.61,-0.98,-2.31,Noise,Unknown
1707209736434,0.553392,-0.149816,-0.816912,-1.54,-0.98,-2.52,Noise,Unknown
1707209736434,0.552904,-0.161528,-0.807152,-1.19,-0.7,-2.31,Noise,Unknown
1707209736434,0.560224,-0.162992,-0.8052,-1.54,-0.84,-2.24,Noise,Unknown
1707209736436,0.55876,-0.155184,-0.81496,-1.75,-0.7,-2.38,Noise,Unknown
1707209736436,0.552416,-0.154208,-0.820816,-1.47,-1.19,-2.38,Noise,Unknown
1707209736436,0.555832,-0.15372,-0.813496,-1.54,-0.77,-2.38,Noise,Unknown
1707209736436,0.558272,-0.154208,-0.815448,-1.33,-0.91,-2.38,Noise,Unknown
1707209736533,0.555832,-0.155184,-0.811056,-1.47,-0.91,-2.38,Noise,Unknown
1707209736534,0.555832,-0.15128,-0.813984,-1.61,-0.77,-2.31,Noise,Unknown
1707209736534,0.55388,-0.157136,-0.809104,-1.47,-0.84,-2.24,Noise,Unknown
1707209736535,0.554368,-0.151768,-0.816424,-1.33,-0.91,-2.45,Noise,Unknown
1707209736535,0.555832,-0.154208,-0.813008,-1.4,-0.63,-2.17,Noise,Unknown
1707209736586,0.55632,-0.159576,-0.806176,-1.4,-0.77,-2.45,Noise,Unknown
1707209736587,0.552904,-0.160552,-0.808128,-1.54,-0.84,-2.24,Noise,Unknown
1707209736587,0.552416,-0.159088,-0.812032,-1.4,-0.77,-2.45,Noise,Unknown
1707209736634,0.552904,-0.152256,-0.818376,-1.54,-0.98,-2.31,Noise,Unknown
1707209736635,0.551928,-0.151768,-0.815448,-1.4,-0.77,-2.24,Noise,Unknown
1707209736635,0.555344,-0.155184,-0.813984,-1.4,-0.77,-2.38,Noise,Unknown
1707209736681,0.555832,-0.158112,-0.811056,-1.4,-0.84,-2.52,Noise,Unknown
1707209736682,0.552904,-0.157136,-0.808616,-1.47,-0.98,-2.52,Noise,Unknown
1707209736682,0.550464,-0.153232,-0.812032,-1.4,-0.7,-2.38,Noise,Unknown
1707209736727,0.553392,-0.155672,-0.811056,-1.68,-0.7,-2.38,Noise,Unknown
1707209736728,0.55632,-0.154208,-0.819352,-1.47,-0.98,-2.24,Noise,Unknown
1707209736728,0.552904,-0.154208,-0.814472,-1.33,-0.77,-2.31,Noise,Unknown
1707209736776,0.55388,-0.152744,-0.813496,-1.19,-1.12,-2.38,Noise,Unknown
1707209736777,0.555344,-0.155672,-0.80764,-1.33,-0.77,-2.31,Noise,Unknown
1707209736777,0.553392,-0.154696,-0.813008,-1.19,-1.05,-2.38,Noise,Unknown
1707209736821,0.554368,-0.15372,-0.815936,-1.26,-0.98,-2.38,Noise,Unknown
1707209736822,0.554368,-0.15616,-0.813984,-1.54,-0.91,-2.24,Noise,Unknown
1707209736869,0.552416,-0.150304,-0.808616,-1.47,-0.77,-2.45,Noise,Unknown
1707209736870,0.554368,-0.154696,-0.816424,-1.47,-0.84,-2.31,Noise,Unknown
1707209736870,0.550464,-0.154208,-0.818376,-1.54,-1.05,-2.24,Noise,Unknown
1707209736919,0.551928,-0.154208,-0.813496,-1.89,-0.7,-2.52,Noise,Unknown
1707209736919,0.553392,-0.15616,-0.809592,-1.68,-0.84,-2.45,Noise,Unknown
1707209736919,0.550952,-0.155672,-0.808616,-1.26,-0.77,-2.38,Noise,Unknown
1707209736979,0.555832,-0.15372,-0.814472,-1.89,-0.28,-2.38,Noise,Unknown
1707209736980,0.556808,-0.152256,-0.812032,-1.68,-0.77,-2.31,Noise,Unknown
1707209736980,0.559248,-0.156648,-0.80764,-1.61,-0.77,-2.38,Noise,Unknown
1707209737096,0.55388,-0.155184,-0.813008,-1.33,-0.84,-2.31,Noise,Unknown
1707209737096,0.554368,-0.154696,-0.813496,-1.12,-0.98,-2.31,Noise,Unknown
1707209737097,0.552904,-0.159576,-0.807152,-1.33,-0.91,-2.31,Noise,Unknown
1707209737097,0.554368,-0.156648,-0.813496,-1.4,-0.91,-2.38,Noise,Unknown
1707209737097,0.551928,-0.1586,-0.806664,-1.61,-0.91,-2.38,Noise,Unknown
1707209737097,0.554856,-0.157624,-0.813008,-1.47,-0.84,-2.24,Noise,Unknown
1707209737098,0.558272,-0.159088,-0.804712,-1.54,-0.84,-2.31,Noise,Unknown
1707209737148,0.55388,-0.155184,-0.814472,-1.4,-0.91,-2.38,Noise,Unknown
1707209737149,0.549488,-0.154696,-0.81008,-1.47,-0.84,-2.38,Noise,Unknown
1707209737149,0.555344,-0.152744,-0.813008,-1.47,-0.84,-2.31,Noise,Right
1707209737149,0.555832,-0.16104,-0.809104,-1.4,-0.84,-2.24,Noise,Right
1707209737195,0.560224,-0.158112,-0.808128,-1.4,-0.77,-2.31,Noise,Right
1707209737195,0.549488,-0.154208,-0.811544,-1.4,-0.77,-2.31,Noise,Right
1707209737245,0.558272,-0.157136,-0.809104,-1.61,-0.84,-2.31,Noise,Right
1707209737247,0.554368,-0.155672,-0.81496,-1.54,-0.91,-2.31,Noise,Right
1707209737247,0.549976,-0.15128,-0.813496,-1.4,-0.91,-2.45,Noise,Right
1707209737292,0.552416,-0.157624,-0.813496,-1.68,-0.84,-2.45,Noise,Right
1707209737292,0.554368,-0.154208,-0.811056,-1.4,-0.77,-2.31,Noise,Right
1707209737292,0.554368,-0.158112,-0.810568,-1.54,-0.7,-2.45,Noise,Right
1707209737334,0.552904,-0.157136,-0.811056,-1.61,-0.7,-2.24,Noise,Right
1707209737336,0.554856,-0.155672,-0.81008,-1.33,-0.91,-2.1,Noise,Right
1707209737336,0.55388,-0.15372,-0.81252,-1.26,-0.98,-2.45,Noise,Right
1707209737384,0.552904,-0.152744,-0.813008,-1.4,-0.84,-2.38,Noise,Right
1707209737384,0.549976,-0.155184,-0.812032,-1.47,-0.91,-2.38,Noise,Right
1707209737431,0.550952,-0.154696,-0.815936,-1.4,-0.7,-2.31,Noise,Right
1707209737431,0.55144,-0.152744,-0.808128,-1.4,-0.91,-2.45,Noise,Right
1707209737432,0.551928,-0.152256,-0.807152,-1.47,-0.84,-2.38,Noise,Right
1707209737493,0.55144,-0.152256,-0.81252,-2.24,-1.05,-2.31,Noise,Right
1707209737493,0.552904,-0.15616,-0.81252,-1.54,-0.98,-2.31,Noise,Right
1707209737494,0.557296,-0.151768,-0.811544,-1.54,-0.84,-2.24,Noise,Right
1707209737611,0.55144,-0.153232,-0.8174,-1.47,-0.77,-2.24,Noise,Right
1707209737612,0.558272,-0.154696,-0.815936,-1.12,-0.7,-2.31,Noise,Right
1707209737612,0.555344,-0.15616,-0.80764,-1.33,-0.7,-2.31,Noise,Right
1707209737612,0.553392,-0.15372,-0.813008,-1.33,-0.84,-2.31,Noise,Right
1707209737612,0.555344,-0.158112,-0.807152,-1.47,-0.77,-2.38,Noise,Right
1707209737612,0.55388,-0.15616,-0.813984,-1.4,-0.7,-2.45,Noise,Right
1707209737612,0.555344,-0.151768,-0.813008,-1.33,-0.98,-2.38,Noise,Right
1707209737662,0.55388,-0.158112,-0.810568,-1.68,-0.84,-2.52,Noise,Right
1707209737663,0.554856,-0.15616,-0.81252,-1.4,-1.05,-2.38,Noise,Right
1707209737663,0.557784,-0.154696,-0.815448,-1.61,-0.77,-2.38,Noise,Right
1707209737712,0.557296,-0.155184,-0.815936,-1.61,-0.7,-2.31,Noise,Right
1707209737712,0.551928,-0.155672,-0.811544,-1.54,-0.91,-2.52,Noise,Right
1707209737713,0.55388,-0.155184,-0.811056,-1.47,-0.7,-2.38,Noise,Right
1707209737838,0.553392,-0.15616,-0.811544,-1.47,-0.84,-2.87,Noise,Right
1707209737839,0.554856,-0.15372,-0.813496,-1.4,-0.77,-2.17,Noise,Right
1707209737839,0.554368,-0.15372,-0.81496,-1.61,-0.91,-2.38,Noise,Right
1707209737840,0.555832,-0.155672,-0.815448,-1.33,-0.63,-2.24,Noise,Right
1707209737840,0.551928,-0.154208,-0.813984,-1.54,-0.84,-2.45,Noise,Right
1707209737841,0.554368,-0.15372,-0.812032,-1.54,-0.7,-2.45,Noise,Right
1707209737841,0.549,-0.156648,-0.811056,-1.54,-0.84,-2.45,Noise,Right
1707209737894,0.55144,-0.154208,-0.809592,-1.47,-0.77,-2.45,Noise,Right
1707209737895,0.556808,-0.160552,-0.80764,-2.31,-0.84,-2.8,Noise,Right
1707209737895,0.553392,-0.153232,-0.815936,-1.54,-1.05,-2.31,Noise,Right
1707209737895,0.552416,-0.153232,-0.81496,-1.4,-0.7,-2.24,Noise,Right
1707209737945,0.55388,-0.154208,-0.81496,-1.54,-0.77,-2.24,Noise,Right
1707209737947,0.55632,-0.1586,-0.808616,-1.47,-0.91,-2.31,Noise,Right
1707209737947,0.55388,-0.162992,-0.809104,-1.4,-0.91,-2.31,Noise,Right
1707209738070,0.552416,-0.153232,-0.81008,-1.47,-0.7,-2.38,Noise,Right
1707209738071,0.554368,-0.151768,-0.813496,-1.47,-0.84,-2.17,Noise,Right
1707209738071,0.554368,-0.15372,-0.81008,-1.47,-0.98,-2.31,Noise,Right
1707209738071,0.55632,-0.155184,-0.81008,-1.4,-0.91,-2.38,Noise,Right
1707209738071,0.551928,-0.153232,-0.811544,-1.33,-0.84,-2.45,Noise,Right
1707209738072,0.551928,-0.15128,-0.81252,-1.54,-0.77,-2.24,Noise,Right
1707209738072,0.558272,-0.157136,-0.81252,-1.47,-0.91,-2.45,Noise,Right
1707209738128,0.556808,-0.157624,-0.812032,-1.4,-0.77,-2.17,Noise,Right
1707209738129,0.553392,-0.157136,-0.811544,-2.03,-1.12,-2.52,Noise,Right
1707209738129,0.552416,-0.146888,-0.81008,-1.68,-0.91,-2.31,Noise,Right
1707209738129,0.55388,-0.159088,-0.808616,-1.4,-0.84,-2.45,Noise,Right
1707209738257,0.556808,-0.154696,-0.814472,-1.61,-0.98,-2.45,Noise,Right
1707209738257,0.552416,-0.156648,-0.809104,-1.47,-0.91,-2.24,Noise,Right
1707209738257,0.555344,-0.15616,-0.810568,-1.47,-0.77,-2.31,Noise,Right
1707209738258,0.55632,-0.158112,-0.809592,-1.26,-0.7,-2.1,Noise,Right
1707209738258,0.552416,-0.156648,-0.811056,-1.47,-0.84,-2.38,Noise,Right
1707209738258,0.55632,-0.155672,-0.815936,-1.33,-0.91,-2.45,Noise,Right
1707209738258,0.554368,-0.155184,-0.816424,-1.47,-0.77,-2.31,Noise,Right
1707209738386,0.552904,-0.15616,-0.813496,-1.47,-0.84,-2.38,Noise,Right
1707209738387,0.553392,-0.150792,-0.810568,-1.47,-0.91,-2.38,Noise,Right
1707209738387,0.550952,-0.157136,-0.812032,-1.54,-0.56,-2.45,Noise,Right
1707209738387,0.553392,-0.15372,-0.811544,-1.54,-0.77,-2.31,Noise,Right
1707209738387,0.552904,-0.156648,-0.813984,-1.54,-0.84,-2.38,Noise,Right
1707209738439,0.555832,-0.160064,-0.804712,-1.4,-0.63,-2.45,Noise,Right
1707209738439,0.553392,-0.15616,-0.815936,-1.61,-0.7,-2.31,Noise,Right
1707209738439,0.554368,-0.155184,-0.81008,-1.4,-0.7,-2.38,Noise,Right
1707209738439,0.549976,-0.155672,-0.815448,-1.54,-0.77,-2.52,Noise,Right
1707209738439,0.554368,-0.157136,-0.812032,-1.47,-0.91,-2.38,Noise,Right
1707209738440,0.552904,-0.15128,-0.8174,-1.61,-0.77,-2.45,Noise,Right
1707209738484,0.554368,-0.150792,-0.813984,-1.96,-0.7,-2.52,Noise,Right
1707209738484,0.555344,-0.162016,-0.809104,-1.47,-0.84,-2.45,Noise,Right
1707209738484,0.558272,-0.155184,-0.813008,-1.47,-0.77,-2.38,Noise,Right
1707209738534,0.548512,-0.155672,-0.80764,-1.05,-0.91,-2.17,Noise,Right
1707209738534,0.555832,-0.153232,-0.816424,-1.26,-0.98,-2.31,Noise,Right
1707209738534,0.554856,-0.15128,-0.81252,-1.4,-0.7,-2.31,Noise,Right
1707209738665,0.555344,-0.152744,-0.81008,-1.33,-1.05,-2.38,Noise,Right
1707209738666,0.554856,-0.154696,-0.816424,-1.47,-0.98,-2.45,Noise,Right
1707209738666,0.55388,-0.154696,-0.810568,-1.26,-1.12,-2.52,Noise,Right
1707209738666,0.55388,-0.154208,-0.81496,-1.26,-0.98,-2.24,Noise,Right
1707209738666,0.555832,-0.155672,-0.814472,-1.47,-0.84,-2.31,Noise,Right
1707209738666,0.547048,-0.159576,-0.813008,-1.4,-0.7,-2.31,Noise,Right
1707209738666,0.554856,-0.16104,-0.809592,-1.47,-0.98,-2.24,Noise,Right
1707209738714,0.550464,-0.15128,-0.808128,-1.47,-0.77,-2.31,Noise,Right
1707209738715,0.55632,-0.152744,-0.81252,-1.33,-0.98,-2.45,Noise,Right
1707209738715,0.551928,-0.152256,-0.811056,-1.54,-0.7,-2.45,Noise,Right
1707209738760,0.550952,-0.153232,-0.816912,-1.4,-0.91,-2.24,Noise,Right
1707209738760,0.55632,-0.151768,-0.81496,-1.4,-0.98,-2.31,Noise,Right
1707209738761,0.551928,-0.15616,-0.817888,-1.4,-0.77,-2.31,Noise,Right
1707209759473,0.976,-0.37576,-0.274744,2.59,-60.69,-57.47,Noise,Right
1707209759473,0.97112,-0.297192,-0.330376,3.71,-20.44,-29.05,Noise,Right
1707209759473,0.929152,-0.263032,-0.408944,11.2,-5.74,-19.25,Noise,Right
1707209759473,0.951112,-0.282552,-0.386496,7.84,-13.09,-20.44,Noise,Right
1707209759474,0.96624,-0.269376,-0.40504,6.58,-21.14,-20.58,Noise,Right
1707209759474,0.915976,-0.27328,-0.366488,3.15,-26.67,-20.93,Noise,Right
1707209759477,0.943792,-0.262056,-0.386496,-1.33,-21.98,-18.83,Noise,Right
1707209759524,0.936472,-0.241072,-0.375272,-6.23,-26.04,-17.78,Noise,Right
1707209759524,0.931104,-0.230336,-0.368928,-8.33,-25.9,-13.51,Noise,Right
1707209759524,0.86864,-0.203984,-0.399184,-6.37,-18.48,-5.39,Noise,Right
1707209759572,0.828136,-0.194712,-0.398696,-4.06,3.29,6.72,Noise,Right
1707209759572,0.755424,-0.184464,-0.396256,-1.12,31.85,24.57,Noise,Right
1707209759572,0.831552,-0.230824,-0.374296,1.54,50.4,41.16,Noise,Right
1707209759620,0.80032,-0.223992,-0.367464,-9.1,52.78,49.0,Noise,Right
1707209759620,0.93696,-0.212768,-0.342576,-13.65,59.5,46.76,Noise,Right
1707209759668,0.891088,-0.215696,-0.252296,-15.96,66.57,56.14,Noise,Right
1707209759668,0.953064,-0.199592,-0.220088,-18.76,64.19,57.19,Noise,Right
1707209759668,0.976488,-0.182512,-0.207888,-17.43,57.05,49.21,Noise,Right
1707209759779,1.004304,-0.203984,-0.160064,-11.27,47.39,38.71,Noise,Right
1707209759780,1.023336,-0.177632,-0.153232,-10.85,50.54,43.82,Noise,Right
1707209759780,1.050664,-0.17812,-0.133712,-6.86,52.15,46.69,Noise,Right
1707209759780,0.991128,-0.201544,-0.105408,-4.97,62.02,59.57,Noise,Right
1707209759780,0.93696,-0.278648,-0.00976,4.2,51.8,50.89,Noise,Right
1707209759780,0.797392,-0.323056,-0.07564,10.36,37.1,35.84,Noise,Right
1707209759780,0.682712,-0.38308,-0.063928,19.6,6.65,8.47,Noise,Right
1707209759837,0.640744,-0.44408,-0.041968,21.42,4.41,-11.2,Noise,Right
1707209759838,0.799832,-0.42456,-0.044896,15.82,3.36,-29.33,Noise,Right
1707209759838,1.052128,-0.366976,-0.120536,17.99,-28.49,-58.03,Noise,Right
1707209759882,1.202432,-0.207888,-0.189832,14.28,-52.15,-43.96,Noise,Right
1707209759883,1.179984,-0.221064,-0.233264,23.8,-57.47,-28.56,Noise,Right
1707209759883,1.140456,-0.245952,-0.24888,20.37,-73.71,-33.74,Noise,Right
1707209759929,1.091168,-0.275232,-0.286456,19.95,-85.12,-47.6,Noise,Right
1707209759929,1.003816,-0.321104,-0.289384,18.06,-107.17,-68.95,Noise,Right
1707209759929,1.020408,-0.386496,-0.272792,0.77,-130.41,-92.96,Noise,Right
1707209759976,1.033584,-0.390888,-0.247416,1.61,-111.86,-76.09,Noise,Right
1707209759976,0.969656,-0.345992,-0.277184,-0.84,-95.69,-64.05,Noise,Right
1707209760024,0.91988,-0.301584,-0.34648,0.84,-78.19,-59.78,Noise,Right
1707209760024,0.899872,-0.227408,-0.427976,-0.98,-75.67,-58.52,Noise,Right
1707209760024,0.874008,-0.18544,-0.424072,-4.69,-77.7,-57.47,Noise,Right
1707209760072,0.882792,-0.132248,-0.466528,-6.79,-74.69,-56.14,Noise,Right
1707209760072,0.889136,-0.14396,-0.485072,-10.08,-74.83,-54.25,Noise,Right
1707209760072,0.887184,-0.133712,-0.505568,-8.96,-65.52,-45.15,Noise,Right
1707209760190,0.684664,-0.15128,-0.553392,-13.37,-51.73,-40.46,Noise,Right
1707209760191,0.760304,-0.157624,-0.481168,-13.44,-60.2,-36.26,Noise,Right
1707209760191,0.669536,-0.157624,-0.560712,-4.13,-18.34,-13.79,Noise,Right
1707209760191,0.63684,-0.244488,-0.493856,8.33,39.27,15.12,Noise,Right
1707209760192,0.652944,-0.25864,-0.479704,24.15,121.73,60.13,Noise,Right
1707209760192,0.690032,-0.269864,-0.366976,34.86,202.86,113.33,Noise,Right
1707209760192,0.813984,-0.272792,-0.367952,4.69,174.86,117.39,Noise,Right
1707209760239,0.87108,-0.166896,-0.309392,-21.56,114.1,87.64,Noise,Right
1707209760240,0.987224,-0.173728,-0.232288,-22.82,105.35,80.92,Noise,Right
1707209760240,0.994056,-0.000488,-0.190808,-28.77,90.72,70.28,Noise,Right
1707209760286,0.996984,-0.152256,-0.149328,-23.87,80.29,49.28,Noise,Right
1707209760286,0.979416,-0.144936,-0.161528,-20.79,59.78,41.44,Noise,Right
1707209760288,0.932568,-0.160064,-0.149328,-16.24,51.59,41.58,Noise,Right
1707209760332,0.9516,-0.178608,-0.119072,-11.13,42.63,39.06,Noise,Right
1707209760332,0.935496,-0.188368,-0.11468,-5.11,34.37,28.21,Noise,Right
1707209760378,0.899384,-0.203496,-0.105896,5.88,26.46,11.48,Noise,Right
1707209760378,0.838872,-0.22448,-0.086864,10.92,19.6,-9.45,Noise,Right
1707209760378,0.906216,-0.286944,0.01464,11.06,16.52,-22.89,Noise,Right
1707209760426,1.153144,-0.413336,0.02684,6.44,-15.82,-33.39,Noise,Right
1707209760427,1.196576,-0.41968,-0.022936,8.19,-42.0,-15.54,Noise,Right
1707209760427,1.116544,-0.415288,-0.15128,28.07,-52.57,-11.76,Noise,Right
1707209760480,1.07604,-0.440176,-0.167872,26.04,-74.69,-24.08,Noise,Right
1707209760481,1.050664,-0.373808,-0.273768,23.87,-71.61,-27.09,Noise,Right
1707209760482,1.006744,-0.339648,-0.302072,19.46,-78.4,-35.63,Noise,Right
1707209760535,0.96624,-0.309392,-0.328912,13.3,-81.06,-44.87,Noise,Right
1707209760535,0.955504,-0.311344,-0.3416,6.93,-79.73,-52.78,Noise,Right
1707209760535,0.951112,-0.310368,-0.342576,4.41,-76.86,-52.5,Noise,Right
1707209760585,0.945744,-0.2928,-0.355752,2.24,-73.92,-52.85,Noise,Right
1707209760586,0.982344,-0.254736,-0.352336,-2.52,-77.98,-57.33,Noise,Right
1707209760586,1.012112,-0.231312,-0.350872,-3.01,-83.51,-58.03,Noise,Right
1707209760707,0.967216,-0.194224,-0.387472,-1.33,-84.21,-54.32,Noise,Right
1707209760707,0.874984,-0.1586,-0.44164,2.38,-76.37,-45.92,Noise,Right
1707209760707,0.799344,-0.149328,-0.46116,4.62,-60.41,-35.35,Noise,Right
1707209760708,0.736392,-0.18544,-0.460672,10.36,-35.21,-15.68,Noise,Right
1707209760708,0.660264,-0.2074,-0.489464,16.94,3.92,7.84,Noise,Right
1707209760708,0.589992,-0.264496,-0.418216,23.17,63.28,46.48,Noise,Right
1707209760708,0.665144,-0.264008,-0.377224,16.73,107.8,80.71,Noise,Right
1707209760762,0.720776,-0.20252,-0.46116,0.84,91.14,80.36,Noise,Right
1707209760763,0.889136,-0.240584,-0.274256,3.22,78.4,70.07,Noise,Right
1707209760763,0.62708,-0.203984,-0.243024,-10.57,80.92,79.59,Noise,Right
1707209760814,0.86376,-0.0244,-0.320616,-43.05,70.42,88.34,Noise,Right
1707209760815,0.871568,-0.035624,-0.29768,-25.62,60.83,61.32,Noise,Right
1707209760815,0.95404,-0.147376,-0.223504,-14.98,43.75,46.41,Noise,Right
1707209760815,0.974048,-0.14884,-0.198616,-10.5,41.09,46.62,Noise,Right
1707209760861,1.017968,-0.189832,-0.14884,-3.08,28.0,36.75,Noise,Right
1707209760862,0.988688,-0.233264,-0.164944,3.71,3.85,22.75,Noise,Right
1707209760862,0.925248,-0.230336,-0.172752,5.18,-2.38,15.68,Noise,Right
1707209760913,0.921832,-0.316224,-0.137128,1.12,9.31,28.56,Noise,Right
1707209760914,0.871568,-0.360632,-0.216672,-0.63,14.0,35.56,Noise,Right
1707209761007,0.790072,-0.406504,-0.220088,1.19,16.03,32.97,Noise,Right
1707209761008,0.75884,-0.43188,-0.215696,-0.77,24.15,34.86,Noise,Right
1707209761008,0.829112,-0.43188,-0.21716,-2.31,30.94,39.34,Noise,Right
1707209761008,0.867664,-0.406016,-0.24156,-5.67,38.99,51.94,Noise,Right
1707209761008,0.825208,-0.39772,-0.205936,-7.0,38.99,54.67,Noise,Right
1707209761008,0.809104,-0.38552,-0.162016,-10.29,36.05,58.24,Noise,Right
1707209761065,0.91744,-0.364048,-0.210328,-2.94,42.28,60.62,Noise,Right
1707209761065,0.872544,-0.492392,-0.228872,-2.87,25.41,52.08,Noise,Right
1707209761065,0.886208,-0.382592,-0.23424,-5.32,12.74,59.64,Noise,Right
1707209761115,0.819352,-0.458232,-0.183,-12.11,1.75,63.98,Noise,Right
1707209761115,0.886696,-0.363072,-0.352824,0.21,58.52,80.22,Noise,Right
1707209761115,0.784704,-0.518256,-0.223016,-24.29,-9.24,75.18,Noise,Right
1707209761214,0.814472,-0.532408,-0.203496,-4.41,8.54,90.3,Noise,Right
1707209761214,0.858392,-0.532896,-0.272304,11.2,25.13,96.88,Noise,Right
1707209761214,0.856928,-0.557784,-0.181048,19.39,40.81,98.7,Noise,Right
1707209761214,0.840336,-0.653432,-0.086864,13.09,29.26,83.23,Noise,Right
1707209761214,0.840336,-0.69784,-0.042944,5.67,23.31,77.98,Noise,Right
1707209761215,0.793,-0.746152,-0.0366,-3.22,23.52,87.5,Noise,Right
1707209761269,0.752496,-0.81984,-0.023424,-11.83,30.73,101.08,Noise,Right
1707209761269,0.818864,-0.872056,-0.039528,-23.87,33.32,111.93,Noise,Right
1707209761269,0.830088,-0.914024,-0.043432,-37.8,32.06,125.79,Noise,Right
1707209761313,0.763232,-0.935008,-0.032208,-50.4,33.53,152.53,Noise,Right
1707209761313,0.644648,-1.07116,-0.111752,-72.52,-12.53,184.38,Noise,Right
1707209761313,0.520696,-1.060424,-0.098088,-91.84,43.33,192.5,Noise,Right
1707209761359,-0.154208,-0.903776,0.047824,-109.06,27.72,179.69,Noise,Right
1707209761359,0.381616,-1.094584,-0.263032,-84.42,200.2,205.03,Noise,Right
1707209761360,0.447984,-1.067744,-0.23912,-118.93,117.18,150.85,Noise,Right
1707209761404,0.227408,-1.01748,-0.200568,-117.39,103.6,134.61,Noise,Right
1707209761404,0.273768,-1.032608,-0.224968,-106.12,143.22,147.0,Noise,Right
1707209761462,0.447984,-0.650016,-0.708088,-127.47,191.94,165.69,Noise,Right
1707209761466,0.493368,-1.203408,-0.243024,-232.68,142.73,122.99,Noise,Right
1707209761470,0.562664,-1.026752,-0.354776,-293.44,105.42,9.8,Noise,Right
1707209761497,0.042944,-0.839848,-0.635376,-286.3,200.13,-55.79,Noise,Right
1707209761498,0.653432,-0.622688,-0.030744,-224.14,257.67,-80.71,Noise,Right
1707209761498,0.421632,-0.732488,-0.061,-128.94,24.36,-72.94,Noise,Right
1707209761544,0.233752,-0.596336,-0.445056,-43.61,55.02,16.45,Noise,Right
1707209761544,0.308416,-0.804224,-0.44408,-60.69,132.93,104.58,Noise,Right
1707209761544,0.41724,-0.633912,-0.430416,-95.27,133.56,114.24,Noise,Right
1707209761596,0.24644,-0.741272,-0.531432,-117.18,212.45,135.03,Noise,Right
1707209761596,0.40748,-0.831552,-0.455304,-118.44,209.37,133.35,Noise,Right
1707209761711,0.508496,-0.73444,-0.338672,-104.58,179.06,97.58,Noise,Right
1707209761711,0.326472,-0.664656,-0.315736,-75.81,183.61,89.39,Noise,Right
1707209761712,-0.015128,-0.741272,-0.10492,-68.53,280.56,157.85,Noise,Right
1707209761712,0.36356,-0.776408,-0.131272,-80.43,444.29,225.12,Noise,Right
1707209761712,0.68564,-0.846192,-0.266448,-96.95,326.83,216.09,Noise,Right
1707209761713,0.604144,-0.86864,-0.291336,-78.96,173.11,157.36,Noise,Right
1707209761713,0.473848,-0.82472,-0.384056,-43.33,93.73,82.67,Noise,Right
1707209761762,0.334768,-0.794464,-0.3782,-9.38,98.28,-3.5,Noise,Right
1707209761762,0.15616,-0.234728,-0.184952,11.55,77.98,-53.13,Noise,Right
1707209761762,0.29524,-0.887184,-0.36112,18.69,68.74,-109.9,Noise,Right
1707209761807,0.404064,-0.760792,-0.279624,57.82,116.76,-78.54,Noise,Right
1707209761807,0.656848,-0.778848,-0.181048,70.28,124.39,-46.83,Noise,Right
1707209761808,0.77592,-0.864736,-0.128832,71.05,43.61,-36.82,Noise,Right
1707209761857,0.464576,-0.79544,-0.22204,64.47,52.85,-17.85,Noise,Right
1707209761857,0.558272,-0.894504,-0.235216,61.39,72.73,0.56,Noise,Right
1707209761858,0.343552,-0.767136,-0.168848,48.93,73.92,5.53,Noise,Right
1707209761931,0.282552,-0.846192,-0.136152,35.21,152.39,1.96,Noise,Right
1707209761932,0.352336,-0.825208,-0.102968,26.95,235.13,0.91,Noise,Right
1707209761932,0.755424,-0.81984,0.02928,21.56,250.74,-3.29,Noise,Right
1707209761932,0.867664,-0.88084,0.15128,6.58,144.13,21.84,Noise,Right
1707209761984,0.605608,-0.90768,0.025376,-15.12,156.31,70.14,Noise,Right
1707209761984,0.487024,-0.915488,0.015128,-5.11,130.62,30.87,Noise,Right
1707209761984,0.599752,-0.92232,0.055144,14.28,96.6,2.94,Noise,Right
1707209762107,0.496296,-0.92232,0.079544,9.24,102.76,20.09,Noise,Right
1707209762107,0.380152,-0.86864,-0.059048,-5.39,147.42,25.9,Noise,Right
1707209762107,0.491416,-0.801296,0.083936,7.42,204.68,36.4,Noise,Right
1707209762107,0.203984,-0.843264,0.069296,26.95,219.73,41.58,Noise,Right
1707209762108,0.68076,-0.819352,0.299144,45.15,161.28,42.63,Noise,Right
1707209762108,0.510448,-0.92232,0.251808,69.09,58.31,-5.81,Noise,Right
1707209762108,0.731512,-0.948672,0.550952,69.58,200.2,-24.57,Noise,Right
1707209762226,0.52704,-1.150704,0.225456,60.27,310.45,-27.44,Noise,Right
1707209762226,0.435296,-1.031144,0.672952,52.85,392.42,-49.42,Noise,Right
1707209762227,0.338672,-0.953064,0.526064,75.88,254.1,-80.71,Noise,Right
1707209762227,0.365512,-0.637328,0.721264,58.1,158.48,-83.23,Noise,Right
1707209762227,0.08784,-0.821304,0.576328,32.48,80.22,-49.63,Noise,Right
1707209762227,0.238144,-0.721264,0.434808,27.09,81.76,25.06,Noise,Right
1707209762227,0.457256,-0.755912,0.487512,17.99,86.03,65.94,Noise,Right
1707209762271,0.467016,-0.804712,0.627568,28.84,46.9,48.51,Noise,Right
1707209762272,0.4636,-0.80276,0.704184,67.9,37.38,13.16,Noise,Right
1707209762272,0.369904,-0.853512,0.681736,106.61,-4.62,-3.29,Noise,Right
1707209762317,0.444568,-0.782752,0.584136,107.59,-42.35,-19.67,Noise,Right
1707209762317,0.406992,-0.740784,0.41236,101.43,-52.99,-31.36,Noise,Right
1707209762318,0.38796,-0.70272,0.61244,100.03,-80.99,-39.69,Noise,Right
1707209762362,0.271816,-0.739808,0.694424,114.24,-91.84,-33.95,Noise,Right
1707209762362,0.328912,-0.713944,0.618296,106.75,-83.37,-24.08,Noise,Right
1707209762362,0.332816,-0.75152,0.544608,77.42,-63.14,-20.65,Noise,Right
1707209762416,0.354776,-0.771528,0.61976,42.98,-74.97,-33.18,Noise,Right
1707209762417,0.638304,-0.69296,0.465064,30.52,-27.51,-46.9,Noise,Right
1707209762417,0.637816,-0.633424,0.533384,17.99,-10.71,-59.71,Noise,Right
1707209762547,0.571448,-0.720776,0.471896,16.17,1.19,-60.76,Noise,Right
1707209762547,0.5246,-0.68076,0.602192,28.77,20.44,-56.77,Noise,Right
1707209762547,0.466528,-0.74176,0.550952,28.21,14.98,-56.14,Noise,Right
1707209762547,0.482632,-0.7198,0.49044,-16.38,39.76,-63.21,Noise,Right
1707209762548,0.381616,-0.652456,0.61,-42.35,81.41,-59.36,Noise,Right
1707209762548,0.435784,-0.623176,0.64416,-38.15,77.21,-46.76,Noise,Right
1707209762548,0.426024,-0.579256,0.569496,-5.6,60.55,-31.36,Noise,Right
1707209762595,0.393816,-0.533384,0.60756,12.53,61.18,-8.68,Noise,Right
1707209762596,0.286456,-0.487024,0.745664,18.9,61.95,19.32,Noise,Right
1707209762596,0.34892,-0.593896,0.74176,21.07,46.41,20.79,Noise,Right
1707209762596,0.25864,-0.65392,0.636352,19.81,25.83,11.55,Noise,Right
1707209762644,0.242048,-0.63684,0.659776,7.91,17.43,9.17,Noise,Right
1707209762645,0.177144,-0.660264,0.628056,-21.07,42.21,19.74,Noise,Right
1707209762689,0.101504,-0.737856,0.572912,-62.09,29.26,29.47,Noise,Right
1707209762690,0.137128,-0.606584,0.827648,-85.68,-15.33,74.76,Noise,Right
1707209762690,0.205936,-0.629032,0.921344,-53.55,-63.0,87.64,Noise,Right
1707209762736,0.589992,-0.53192,0.846192,27.72,0.63,46.41,Noise,Right
1707209762737,0.396256,-0.670512,0.518256,40.95,-111.58,-29.4,Noise,Right
1707209762737,0.320128,-0.701744,0.565592,-22.68,-24.15,-65.1,Noise,Right
1707209762783,0.32452,-0.561688,0.600728,-36.54,-16.03,-90.09,Noise,Right
1707209762784,0.774456,-0.96868,0.795928,30.1,-43.96,-101.78,Noise,Right
1707209762828,0.501176,-0.3782,0.530944,45.78,-22.4,-41.44,Noise,Right
1707209762829,0.632448,-0.57096,0.704184,71.75,-66.71,-33.81,Noise,Right
1707209762829,0.560224,-0.625128,0.664168,44.87,-36.26,-19.04,Noise,Right
1707209762879,0.538264,-0.5856,0.61732,12.81,4.55,-16.03,Noise,Right
1707209762879,0.602192,-0.535824,0.616832,6.65,-2.66,-22.82,Noise,Right
1707209762880,0.567544,-0.469944,0.6954,8.68,3.92,-9.45,Noise,Right
1707209762953,0.507032,-0.403576,0.682224,3.5,0.07,1.68,Noise,Right
1707209762953,0.474336,-0.48312,0.632448,1.33,66.36,18.27,Noise,Right
1707209762954,0.3904,-0.396744,0.687104,21.07,51.94,6.86,Noise,Right
1707209762954,0.666608,-0.691496,1.526952,38.64,55.09,18.41,Noise,Right
1707209762954,0.089792,-0.621712,1.007232,-86.1,87.57,17.43,Noise,Right
1707209762999,0.24644,-0.8174,0.611464,-138.74,168.14,-29.26,Noise,Right
1707209762999,0.357216,-0.41236,0.63196,-96.39,110.95,-102.62,Noise,Right
1707209763048,0.382104,-0.635864,0.759816,-26.25,114.73,-131.32,Noise,Right
1707209763048,0.86376,-0.76616,0.751032,84.28,386.47,-81.55,Noise,Right
1707209763048,0.323544,-0.33184,0.791536,187.32,47.46,-53.2,Noise,Right
1707209763098,0.290848,-0.396744,0.846192,219.45,35.35,-6.51,Noise,Right
1707209763098,0.301096,-0.365024,0.808616,172.2,28.49,27.3,Noise,Right
1707209763099,0.268888,-0.262056,0.845216,80.5,57.19,64.54,Noise,Right
1707209763242,-0.141032,-0.38796,0.927688,-36.47,52.57,84.49,Noise,Right
1707209763243,-0.169336,-0.539728,0.932568,-154.21,6.93,90.16,Noise,Right
1707209763243,-0.020496,-0.56364,0.877424,-183.47,-55.23,106.82,Noise,Right
1707209763244,0.27572,-0.533384,0.771528,-151.9,-130.97,122.92,Noise,Right
1707209763244,0.508496,-0.496296,0.595848,-100.59,-120.75,73.57,Noise,Right
1707209763244,0.529968,-0.69052,0.566568,-31.57,-162.47,58.59,Noise,Right
1707209763244,0.457744,-0.950624,0.537776,19.81,-133.07,53.27,Noise,Right
1707209763296,0.359168,-1.240984,0.622688,62.16,-119.14,24.01,Noise,Right
1707209763296,0.456768,-0.996984,0.73932,91.91,-56.91,23.17,Noise,Right
1707209763296,0.625128,-0.757864,0.623176,101.92,-75.74,0.49,Noise,Right
1707209763296,0.657824,-0.40504,0.735416,67.83,-55.86,-53.2,Noise,Right
1707209763297,0.385032,-0.618296,0.755424,18.13,-87.29,-107.94,Noise,Right
1707209763445,0.377224,-0.601704,0.711992,-30.59,-76.44,-117.53,Noise,Right
1707209763445,0.40016,-0.452376,0.7076,-64.26,-73.43,-96.81,Noise,Right
1707209763445,0.345504,-0.598288,0.691008,-56.07,-88.34,-52.36,Noise,Right
1707209763445,0.488976,-0.464576,0.716384,-10.22,-37.45,0.56,Noise,Right
1707209763445,0.550952,-0.520696,0.59536,53.2,4.48,2.45,Noise,Right
1707209763446,0.537776,-0.537776,0.596824,77.21,29.54,7.28,Noise,Right
1707209763446,0.593408,-0.329888,0.678808,68.74,52.71,7.77,Noise,Right
1707209763495,0.462624,-0.56364,0.659776,54.74,30.87,-16.45,Noise,Right
1707209763495,0.474824,-0.427488,0.717848,11.62,46.13,-5.04,Noise,Right
1707209763495,0.469944,-0.50508,0.723704,5.39,40.67,-10.01,Noise,Right
1707209763495,0.459208,-0.464088,0.743224,13.72,42.98,-8.82,Noise,Right
1707209763553,0.432856,-0.394304,0.752496,24.85,39.06,0.0,Noise,Right
1707209763553,0.40016,-0.426024,0.751032,19.67,63.35,18.62,Noise,Right
1707209763553,0.3416,-0.432856,0.755912,11.97,70.28,17.64,Noise,Right
1707209763621,0.294752,-0.462624,0.784216,5.46,67.62,14.42,Noise,Right
1707209763621,0.242048,-0.42944,0.83204,3.99,66.57,11.34,Noise,Right
1707209763621,0.232288,-0.417728,0.819352,7.07,65.31,13.16,Noise,Right
1707209763621,0.22204,-0.389424,0.833504,11.55,58.31,21.63,Noise,Right
1707209763750,0.247416,-0.413824,0.786656,14.42,48.79,38.43,Noise,Right
1707209763750,0.244488,-0.49288,0.799344,21.28,46.13,57.12,Noise,Right
1707209763750,0.204472,-0.531432,0.850096,27.86,43.12,66.36,Noise,Right
1707209763751,0.174216,-0.548024,0.846192,17.08,31.15,64.33,Noise,Right
1707209763751,0.179584,-0.541192,0.887672,-8.75,27.3,58.03,Noise,Right
1707209763751,0.196176,-0.581696,0.887672,-23.87,29.82,38.64,Noise,Right
1707209763751,0.19764,-0.598288,0.88816,-38.22,26.18,24.5,Noise,Right
1707209763805,0.161528,-0.583648,0.89304,-38.99,28.14,29.61,Noise,Right
1707209763805,0.154208,-0.622688,0.884744,-12.74,29.96,42.84,Noise,Right
1707209763805,0.133224,-0.579256,0.8662,12.74,23.8,61.11,Noise,Right
1707209763806,0.120536,-0.670024,0.905728,30.24,3.08,58.24,Noise,Right
1707209763806,0.067832,-0.57584,0.935008,10.5,-7.42,23.45,Noise,Right
1707209763853,0.06832,-0.542656,0.903288,12.53,-16.24,16.87,Noise,Right
1707209763853,0.122976,-0.503128,0.82228,16.59,-17.29,23.24,Noise,Right
1707209763897,0.110288,-0.513376,0.828136,13.44,-8.33,22.75,Noise,Right
1707209763897,-0.1708,-0.777872,0.621224,28.21,32.62,10.78,Noise,Right
1707209763898,-0.061488,-0.643184,0.880352,20.37,-0.56,20.02,Noise,Right
1707209763956,-0.001464,-0.464576,0.850584,17.36,-7.7,20.86,Noise,Right
1707209763956,0.052216,-0.45628,0.832528,15.47,-13.65,17.78,Noise,Right
1707209763956,0.137616,-0.325496,0.78324,39.76,-9.8,9.59,Noise,Right
1707209764013,0.149816,-0.379664,0.804712,28.21,-4.27,25.83,Noise,Right
1707209764014,0.174704,-0.455792,0.799832,21.56,-4.62,14.07,Noise,Right
1707209764014,0.162016,-0.442616,0.795928,13.37,-9.94,-12.46,Noise,Right
1707209764014,0.171776,-0.406992,0.813496,-8.75,-16.87,-19.6,Noise,Right
1707209764069,0.22936,-0.398696,0.804712,-27.16,-17.99,-16.66,Noise,Right
1707209764069,0.275232,-0.426024,0.783728,-37.87,-8.47,1.47,Noise,Right
1707209764069,0.249856,-0.530944,0.825696,-34.37,-0.21,16.59,Noise,Right
1707209764116,0.205936,-0.63196,0.86376,-16.17,9.1,19.39,Noise,Right
1707209764116,0.193736,-0.598776,0.840336,2.73,7.63,20.16,Noise,Right
1707209764116,0.174704,-0.593408,0.843264,7.14,12.67,27.65,Noise,Right
1707209764171,0.154696,-0.623664,0.871568,5.88,21.63,29.12,Noise,Right
1707209764179,0.114192,-0.63684,0.897432,-0.84,21.0,16.24,Noise,Right
1707209764180,0.067832,-0.58316,0.943304,-3.85,19.6,4.2,Noise,Right
1707209764209,0.043432,-0.554368,0.936472,-3.92,14.14,7.63,Noise,Right
1707209764209,0.053192,-0.57584,0.910608,-2.31,10.22,20.44,Noise,Right
1707209764260,0.027816,-0.63196,0.916464,4.2,5.53,27.16,Noise,Right
1707209764260,0.040504,-0.625616,0.886696,16.45,5.67,31.08,Noise,Right
1707209764261,0.032208,-0.535336,0.865224,17.22,7.63,39.83,Noise,Right
1707209764388,0.028304,-0.49044,0.837408,19.04,14.91,58.8,Noise,Right
1707209764388,-0.037576,-0.50996,0.81252,20.65,17.92,78.82,Noise,Right
1707209764388,-0.101992,-0.709552,0.879864,19.88,15.4,80.78,Noise,Right
1707209764388,-0.136152,-0.697352,0.920856,25.2,1.89,28.35,Noise,Right
1707209764388,-0.11224,-0.63684,0.901824,11.13,-9.24,-33.53,Noise,Right
1707209764389,0.004392,-0.328424,0.843752,-3.78,-3.78,17.64,Noise,Right
1707209764389,0.025864,-0.501176,0.852536,19.46,-6.02,20.51,Noise,Right
1707209764442,0.061,-0.383568,0.826672,21.84,-2.94,17.85,Noise,Right
1707209764442,0.101504,-0.44652,0.848632,16.73,-1.47,16.24,Noise,Right
1707209764442,0.093208,-0.47824,0.8662,8.19,0.7,1.89,Noise,Right
1707209764443,0.013664,-0.558272,0.911584,5.95,-13.09,-3.78,Noise,Right
1707209764578,0.034648,-0.581696,0.891576,4.27,-28.98,-7.49,Noise,Right
1707209764579,0.07808,-0.549488,0.868152,-7.0,-34.02,-17.29,Noise,Right
1707209764580,0.103456,-0.477752,0.865712,-21.21,-35.14,-34.09,Noise,Right
1707209764580,0.033672,-0.350384,0.922808,-17.08,-29.54,-38.99,Noise,Right
1707209764580,-0.011224,-0.325496,0.911096,-9.87,-36.54,-31.15,Noise,Right
1707209764580,-0.018056,-0.327936,0.882792,-9.66,-42.0,-26.67,Noise,Right
1707209764581,-0.027328,-0.432368,0.883768,-12.11,-41.3,-21.77,Noise,Right
1707209764625,-0.042944,-0.467504,0.90768,-14.28,-48.23,-14.7,Noise,Right
1707209764626,0.018544,-0.534848,0.891576,-15.68,-56.77,-3.71,Noise,Right
1707209764626,0.10004,-0.555344,0.886208,-15.12,-56.35,6.37,Noise,Right
1707209764626,0.159576,-0.528504,0.874984,-11.76,-56.49,11.48,Noise,Right
1707209764671,0.167872,-0.535336,0.881816,-10.57,-52.5,16.52,Noise,Right
1707209764671,0.24644,-0.49044,0.872056,-5.88,-51.66,14.07,Noise,Right
1707209764718,0.290848,-0.508008,0.848632,-6.37,-47.88,10.92,Noise,Right
1707209764718,0.326472,-0.479216,0.858392,-9.45,-35.35,4.69,Noise,Right
1707209764719,0.297192,-0.540704,0.803736,-9.94,-24.92,1.05,Noise,Right
1707209764768,0.266936,-0.53924,0.767136,-8.54,-12.04,-1.12,Noise,Right
1707209764768,0.21228,-0.637816,0.75884,-1.33,-2.17,-6.44,Noise,Right
1707209764769,0.135664,-0.532408,0.765184,7.98,9.1,-7.21,Noise,Right
1707209764898,0.117608,-0.566568,0.752984,12.32,20.58,-2.17,Noise,Right
1707209764898,0.138104,-0.453352,0.732976,14.98,34.58,0.63,Noise,Right
1707209764899,0.11468,-0.411872,0.726632,11.2,53.13,4.69,Noise,Right
1707209764899,0.118096,-0.505568,0.663192,4.41,65.73,10.5,Noise,Right
1707209764899,0.12688,-0.513376,0.620736,4.9,89.67,9.87,Noise,Right
1707209764900,0.19764,-0.492392,0.562176,11.97,122.43,4.2,Noise,Right
1707209764900,0.150304,-0.548024,0.615368,23.03,151.76,3.15,Noise,Right
1707209764951,0.063928,-0.382104,0.7686,32.48,152.95,-5.04,Noise,Right
1707209764952,-0.11224,-0.311344,0.88816,70.28,132.09,32.55,Noise,Right
1707209764952,-0.186904,-0.835944,0.992592,9.66,94.64,9.17,Noise,Right
1707209764952,-0.206912,-0.48312,0.939888,3.5,102.97,-8.61,Noise,Right
1707209765002,-0.29524,-0.722728,1.005768,-4.9,52.85,-14.77,Noise,Right
1707209765002,-0.321592,-0.548512,1.104832,-16.38,27.65,-19.95,Noise,Right
1707209765059,-0.363072,-0.587064,1.111176,-17.5,-6.51,-17.01,Noise,Right
1707209765060,-0.317688,-0.534848,1.03212,-15.33,-31.57,-12.32,Noise,Right
1707209765060,-0.260592,-0.55876,0.982832,-10.29,-24.01,-10.01,Noise,Right
1707209765060,-0.115168,-0.572424,0.945744,-28.14,-23.1,-6.44,Noise,Right
1707209765187,-0.148352,-0.608048,0.93696,-7.42,-9.1,-4.76,Noise,Right
1707209765187,-0.113216,-0.513376,0.957456,-25.83,-3.36,13.72,Noise,Right
1707209765187,-0.107848,-0.549,0.894992,15.4,-7.35,17.99,Noise,Right
1707209765189,-0.093208,-0.464576,0.893528,19.25,-6.65,28.56,Noise,Right
1707209765189,-0.002928,-0.456768,0.800808,25.06,-14.56,23.45,Noise,Right
1707209765189,-0.017568,-0.511912,0.787144,30.8,-7.42,20.93,Noise,Right
1707209765189,-0.073688,-0.478728,0.730048,14.07,-4.55,11.83,Noise,Right
1707209765243,-0.035136,-0.49532,0.748592,9.66,2.45,7.56,Noise,Right
1707209765248,-0.020984,-0.482632,0.71492,4.2,4.2,6.93,Noise,Right
1707209765248,0.005856,-0.4514,0.726144,-5.81,19.46,4.34,Noise,Right
1707209765249,-0.09516,-0.425048,0.716872,-13.58,24.5,0.35,Noise,Right
1707209765291,-0.155184,-0.476776,0.723216,-21.28,18.34,0.0,Noise,Right
1707209765292,-0.15372,-0.450912,0.71248,-24.15,13.09,1.19,Noise,Right
1707209765336,-0.109312,-0.45384,0.739808,-32.2,14.14,-0.77,Noise,Right
1707209765336,-0.062952,-0.521672,0.703696,-35.42,19.46,-6.02,Noise,Right
1707209765336,0.018056,-0.628056,0.692472,-39.2,29.19,-14.07,Noise,Right
1707209765384,0.050264,-0.63196,0.698816,-38.85,45.78,-21.7,Noise,Right
1707209765384,-0.001464,-0.642696,0.736392,-32.41,58.31,-26.6,Noise,Right
1707209765385,-0.040504,-0.626592,0.735416,-17.92,70.0,-18.97,Noise,Right
1707209765428,-0.123464,-0.571448,0.76128,-3.78,81.76,-4.13,Noise,Right
1707209765428,-0.260104,-0.525576,0.8906,-8.19,65.66,-22.05,Noise,Right
1707209765430,-0.408456,-0.467016,0.88816,-16.8,44.8,-32.97,Noise,Right
1707209765482,-0.50508,-0.619272,0.894992,-11.13,13.86,-23.31,Noise,Right
1707209765483,-0.52216,-0.650992,0.880352,-17.92,-0.91,-12.95,Noise,Right
1707209765539,-0.48068,-0.619272,0.920856,-6.72,-1.75,4.2,Noise,Right
1707209765539,-0.471408,-0.621224,0.93452,3.71,-1.19,19.46,Noise,Right
1707209765539,-0.447008,-0.651968,0.963312,10.92,-4.9,28.21,Noise,Right
1707209765540,-0.465064,-0.635864,1.015528,20.3,-12.81,36.33,Noise,Right
1707209765619,-0.393328,-0.609024,0.992104,20.37,-31.5,43.4,Noise,Right
1707209765619,-0.37576,-0.638304,0.946232,28.28,-47.95,47.67,Noise,Right
1707209765620,-0.337696,-0.65636,0.894992,27.65,-64.61,47.95,Noise,Right
1707209765620,-0.35136,-0.637816,0.825696,17.92,-71.68,49.77,Noise,Right
1707209765620,-0.23424,-0.528992,0.797392,23.31,-71.19,55.23,Noise,Right
1707209765722,-0.111264,-0.537776,0.733952,36.96,-67.27,56.63,Noise,Right
1707209765722,-0.040504,-0.533384,0.74908,30.45,-57.54,45.85,Noise,Right
1707209765723,0.049776,-0.521672,0.732976,31.5,-34.86,41.44,Noise,Right
1707209765723,0.072712,-0.550464,0.703208,29.05,-11.69,29.05,Noise,Right
1707209765723,-0.045384,-0.530456,0.772504,23.03,3.22,15.33,Noise,Right
1707209765723,-0.110776,-0.547536,0.788608,17.29,0.14,4.55,Noise,Right
1707209765772,-0.162016,-0.43188,0.804224,14.56,-7.07,1.89,Noise,Right
1707209765778,-0.1464,-0.410896,0.630496,8.75,-11.55,-3.22,Noise,Right
1707209765781,-0.157624,-0.420656,0.698816,-0.07,-5.95,-10.36,Noise,Right
1707209765825,-0.179584,-0.485072,0.729072,-22.61,7.07,-26.11,Noise,Right
1707209765825,-0.2562,-0.365512,0.714432,-46.48,6.09,-23.17,Noise,Right
1707209765825,-0.1464,-0.501664,0.657336,-25.06,16.87,-4.27,Noise,Right
1707209765881,-0.116144,-0.520208,0.652456,-13.58,28.21,-2.66,Noise,Right
1707209765882,-0.141032,-0.49288,0.704184,-11.48,38.01,-4.83,Noise,Right
1707209765882,-0.149328,-0.536312,0.732488,-5.04,35.21,-0.98,Noise,Right
1707209765926,-0.118096,-0.49044,0.737368,13.65,39.97,15.89,Noise,Right
1707209765926,-0.1342,-0.374296,0.823744,27.09,40.25,38.22,Noise,Right
1707209765927,-0.27328,-0.506544,0.894992,-15.47,23.73,-10.01,Noise,Right
1707209765974,-0.256688,-0.49776,0.910608,-23.59,11.41,-21.91,Noise,Right
1707209765974,-0.277184,-0.624152,0.833504,-21.63,2.8,-29.19,Noise,Right
1707209765974,-0.251808,-0.597312,0.833992,-24.71,5.46,-36.61,Noise,Right
1707209766022,-0.238144,-0.603168,0.832528,-21.98,9.52,-37.1,Noise,Right
1707209766023,-0.21472,-0.590968,0.848144,-17.57,20.72,-36.96,Noise,Right
1707209766066,-0.252296,-0.604144,0.861808,-10.36,28.7,-36.89,Noise,Right
1707209766067,-0.372832,-0.620736,0.90524,-2.73,33.67,-34.16,Noise,Right
1707209766067,-0.565104,-0.596336,1.003816,6.37,31.71,-23.31,Noise,Right
1707209766112,-0.724192,-0.594384,1.099952,17.92,7.77,-4.9,Noise,Right
1707209766112,-0.741272,-0.604144,1.094584,32.9,-18.83,19.39,Noise,Right
1707209766112,-0.67588,-0.744688,1.030168,46.13,-42.07,38.15,Noise,Right
1707209766159,-0.56608,-0.631472,0.9516,49.56,-56.84,48.02,Noise,Right
1707209766160,-0.301096,-0.454328,0.882792,33.67,-68.95,48.79,Noise,Right
1707209766160,-0.169336,-0.503128,0.79544,39.55,-75.04,54.04,Noise,Right
1707209766206,-0.013176,-0.525576,0.711016,56.84,-66.92,60.48,Noise,Right
1707209766206,0.056608,-0.50752,0.66612,56.42,-46.9,49.7,Noise,Right
1707209766252,0.078568,-0.56364,0.68808,46.06,-25.55,30.66,Noise,Right
1707209766253,0.033184,-0.493368,0.74176,40.6,-11.83,15.75,Noise,Right
1707209766253,-0.00732,-0.488976,0.750056,29.33,-4.76,1.75,Noise,Right
1707209766312,-0.113216,-0.426512,0.78812,18.2,-5.53,-8.33,Noise,Right
1707209766312,-0.212768,-0.33184,0.779336,12.88,-11.2,-12.11,Noise,Right
1707209766312,-0.224968,-0.29768,0.793976,6.3,-11.76,-13.09,Noise,Right
1707209766362,-0.204472,-0.254248,0.787632,-2.59,-16.17,-11.69,Noise,Right
1707209766362,-0.194712,-0.340624,0.760304,-8.75,-17.29,-10.5,Noise,Right
1707209766362,-0.155672,-0.437736,0.728584,-11.48,-10.5,-9.66,Noise,Right
1707209766363,-0.135176,-0.466528,0.723704,-14.28,-1.61,-10.22,Noise,Right
1707209766411,-0.098576,-0.477752,0.708088,-17.71,10.29,-12.6,Noise,Right
1707209766411,-0.077592,-0.467016,0.725656,-23.17,23.73,-18.9,Noise,Right
1707209766455,-0.13664,-0.462624,0.7686,-22.82,27.23,-23.17,Noise,Right
1707209766456,-0.124928,-0.463112,0.79056,-24.15,23.31,-22.26,Noise,Right
1707209766456,-0.08784,-0.454328,0.78324,-19.6,23.52,-21.0,Noise,Right
1707209766510,-0.065392,-0.354776,0.808616,-12.74,27.37,-15.82,Noise,Right
1707209766511,-0.030256,-0.52948,0.826184,-27.02,27.79,-22.19,Noise,Right
1707209766511,-0.116632,-0.553392,0.874496,-43.89,31.57,-61.95,Noise,Right
1707209766640,-0.187392,-0.662216,0.870592,-34.58,31.43,-68.88,Noise,Right
1707209766641,-0.34404,-0.588528,0.967704,-27.86,29.96,-70.84,Noise,Right
1707209766641,-0.447496,-0.626104,1.009184,-21.21,24.01,-61.32,Noise,Right
1707209766641,-0.517768,-0.574376,1.047248,-3.78,17.5,-46.2,Noise,Right
1707209766641,-0.522648,-0.603168,1.02724,12.88,14.84,-28.28,Noise,Right
1707209766641,-0.508496,-0.52704,1.040904,25.69,11.13,-12.53,Noise,Right
1707209766641,-0.542168,-0.54656,1.035536,31.64,4.41,3.01,Noise,Right
1707209766687,-0.570472,-0.533872,1.037976,40.04,-7.28,21.14,Noise,Right
1707209766687,-0.539728,-0.567544,1.016504,48.16,-19.53,37.66,Noise,Right
1707209766688,-0.508984,-0.54168,1.002352,50.54,-30.87,47.95,Noise,Right
1707209766688,-0.39284,-0.467016,0.957456,37.38,-41.86,54.6,Noise,Right
1707209766737,-0.250344,-0.5002,0.94916,40.25,-49.14,59.71,Noise,Right
1707209766737,-0.147864,-0.463112,0.8296,48.16,-59.36,61.88,Noise,Right
1707209766737,-0.0244,-0.426024,0.785192,53.27,-55.02,61.18,Noise,Right
1707209766787,0.054168,-0.453352,0.74908,44.8,-44.31,48.65,Noise,Right
1707209766788,0.016104,-0.465064,0.720288,36.4,-22.19,35.77,Noise,Right
1707209766905,-0.122488,-0.452864,0.791536,25.48,-7.42,25.27,Noise,Right
1707209766905,-0.092232,-0.459696,0.78812,24.36,-7.77,20.09,Noise,Right
1707209766905,-0.110776,-0.372344,0.7808,19.53,-8.61,13.93,Noise,Right
1707209766905,-0.149328,-0.311832,0.777384,11.2,-8.68,7.91,Noise,Right
1707209766905,-0.163968,-0.27328,0.771528,4.27,-12.18,4.83,Noise,Right
1707209766905,-0.171288,-0.335744,0.748592,-6.09,-8.96,-0.91,Noise,Right
1707209766906,-0.17568,-0.394304,0.746152,-17.22,-3.99,-11.41,Noise,Right
1707209766954,-0.099064,-0.464576,0.713944,-18.48,6.23,-13.72,Noise,Right
1707209766954,-0.06344,-0.43188,0.670024,-22.61,16.45,-6.86,Noise,Right
1707209766955,0.004392,-0.517768,0.706136,-24.57,31.08,-13.65,Noise,Right
1707209767000,-0.089304,-0.526552,0.743712,-19.74,43.54,-18.06,Noise,Right
1707209767000,-0.140056,-0.407968,0.763232,-7.28,45.43,-11.97,Noise,Right
1707209767000,-0.135176,-0.322568,0.821792,-7.0,30.94,-5.74,Noise,Right
1707209767048,-0.106872,-0.326472,0.889624,-22.82,23.31,-25.34,Noise,Right
1707209767048,-0.154696,-0.335256,0.7564,-27.51,30.24,-45.99,Noise,Right
1707209767048,-0.180072,-0.366976,0.85888,-23.24,38.43,-51.45,Noise,Right
1707209767096,-0.222528,-0.420656,0.855952,-30.38,42.21,-60.69,Noise,Right
1707209767096,-0.310368,-0.503128,0.876936,-32.62,43.96,-62.51,Noise,Right
1707209767097,-0.391864,-0.5368,0.920368,-30.03,44.87,-57.33,Noise,Right
1707209767230,-0.523136,-0.56852,1.00528,-28.84,42.28,-45.78,Noise,Right
1707209767230,-0.707112,-0.560712,1.126304,-22.47,22.75,-28.42,Noise,Right
1707209767230,-0.813008,-0.623664,1.185352,-13.51,-8.96,-4.41,Noise,Right
1707209767230,-0.79544,-0.542656,1.186816,3.64,-38.29,27.16,Noise,Right
1707209767232,-0.652456,-0.5002,1.084824,16.45,-57.4,46.41,Noise,Right
1707209767232,-0.483608,-0.51728,0.963312,17.22,-67.34,54.53,Noise,Right
1707209767232,-0.323544,-0.580232,0.865712,8.89,-68.39,38.78,Noise,Right
1707209767279,-0.20252,-0.520696,0.835944,-44.73,-73.99,14.49,Noise,Right
1707209767279,-0.175192,-0.558272,0.772504,17.36,-54.04,50.68,Noise,Right
1707209767280,0.123464,-0.51728,0.71736,22.33,-44.87,50.96,Noise,Right
1707209767280,0.110288,-0.62952,0.715408,4.13,-26.81,37.03,Noise,Right
1707209767330,0.041968,-0.689544,0.716384,24.64,-10.08,11.41,Noise,Right
1707209767331,-0.038552,-0.60268,0.79544,21.0,0.56,2.03,Noise,Right
1707209767451,-0.067832,-0.591944,0.780312,29.26,7.14,-1.05,Noise,Right
1707209767451,-0.100528,-0.428464,0.785192,23.94,3.64,-5.74,Noise,Right
1707209767452,-0.1342,-0.446032,0.767136,18.13,0.21,-11.13,Noise,Right
1707209767452,-0.131272,-0.367464,0.732976,14.84,3.22,-12.53,Noise,Right
1707209767452,-0.12932,-0.369416,0.684664,9.24,7.42,-15.96,Noise,Right
1707209767452,-0.106872,-0.360144,0.6344,1.33,13.93,-20.16,Noise,Right
1707209767453,-0.096624,-0.386008,0.631472,-6.86,24.85,-25.41,Noise,Right
1707209767497,-0.110776,-0.379176,0.628544,-14.07,37.8,-29.47,Noise,Right
1707209767497,-0.189344,-0.367952,0.649528,-17.36,52.64,-26.6,Noise,Right
1707209767497,-0.243024,-0.339648,0.687104,-8.19,57.61,-21.98,Noise,Right
1707209767543,-0.281088,-0.229848,0.777872,-0.98,51.8,-2.94,Noise,Right
1707209767543,-0.383568,-0.305,0.88572,-10.57,32.62,-5.46,Noise,Right
1707209767543,-0.396744,-0.462136,0.915,-31.08,11.97,-24.08,Noise,Right
1707209767591,-0.363072,-0.520696,0.914024,-31.78,2.38,-23.94,Noise,Right
1707209767592,-0.359656,-0.610488,0.93452,-30.73,-0.84,-22.19,Noise,Right
1707209767592,-0.362584,-0.746152,0.883768,-27.51,3.01,-17.92,Noise,Right
1707209767637,-0.315248,-0.722728,0.908168,-21.42,13.51,-15.61,Noise,Right
1707209767638,-0.327448,-0.62708,0.923784,-16.1,18.97,-10.78,Noise,Right
1707209767638,-0.374296,-0.594872,0.906216,-6.3,21.91,-5.18,Noise,Right
1707209767685,-0.440176,-0.49532,0.914024,2.31,18.62,3.5,Noise,Right
1707209767685,-0.47336,-0.447008,0.895968,9.38,13.51,16.52,Noise,Right
1707209767738,-0.493368,-0.496784,0.90768,10.57,10.43,22.26,Noise,Right
1707209767739,-0.503616,-0.531432,0.940864,16.31,7.42,30.38,Noise,Right
1707209767739,-0.577792,-0.589016,1.019432,19.95,-3.01,38.15,Noise,Right
1707209767860,-0.575352,-0.637816,1.043832,28.42,-21.49,44.45,Noise,Right
1707209767861,-0.517768,-0.604632,1.016992,39.2,-38.85,51.73,Noise,Right
1707209767861,-0.42456,-0.613904,0.948672,40.39,-54.67,51.03,Noise,Right
1707209767861,-0.30744,-0.600728,0.976976,30.45,-61.25,45.15,Noise,Right
1707209767861,-0.254736,-0.495808,0.851072,36.05,-63.0,46.34,Noise,Right
1707209767861,-0.138104,-0.476288,0.749568,61.46,-61.95,53.83,Noise,Right
1707209767861,0.04392,-0.327936,0.66124,52.64,-44.87,40.67,Noise,Right
1707209767909,0.04392,-0.311832,0.661728,43.54,-18.9,25.13,Noise,Right
1707209767910,-0.028304,-0.343064,0.689056,26.67,0.28,8.54,Noise,Right
1707209767910,-0.085888,-0.412848,0.709064,18.06,4.69,-2.38,Noise,Right
1707209767910,-0.172752,-0.350872,0.742736,11.34,3.85,-10.5,Noise,Right
1707209768047,-0.22448,-0.322568,0.770552,4.06,1.12,-15.54,Noise,Right
1707209768047,-0.230336,-0.344528,0.732976,-4.41,-0.7,-18.97,Noise,Right
1707209768047,-0.243512,-0.391376,0.72956,-9.31,0.0,-23.1,Noise,Right
1707209768048,-0.250344,-0.406504,0.745176,-17.64,1.19,-29.12,Noise,Right
1707209768048,-0.234728,-0.414312,0.73688,-27.02,4.62,-34.86,Noise,Right
1707209768048,-0.217648,-0.419192,0.735904,-22.96,9.94,-29.54,Noise,Right
1707209768048,-0.186416,-0.428952,0.71736,-21.7,16.17,-28.98,Noise,Right
1707209768161,-0.19032,-0.445544,0.732976,-22.12,26.11,-30.03,Noise,Right
1707209768161,-0.237656,-0.454328,0.733952,-15.61,29.68,-26.18,Noise,Right
1707209768162,-0.228872,-0.486536,0.715408,-2.52,33.74,-4.83,Noise,Right
1707209768162,-0.20008,-0.337208,0.731024,-8.61,32.2,-3.43,Noise,Right
1707209768162,-0.249368,-0.331352,0.813008,-27.58,30.17,-34.72,Noise,Right
1707209768162,-0.384056,-0.399184,0.88816,-31.01,36.33,-39.06,Noise,Right
1707209768163,-0.528992,-0.470432,0.93452,-27.51,31.15,-39.2,Noise,Right
1707209768213,-0.585112,-0.5124,1.0248,-29.19,8.68,-30.1,Noise,Right
1707209768213,-0.635376,-0.60756,0.976488,-25.48,-1.54,-20.02,Noise,Right
1707209768214,-0.683688,-0.591456,1.03944,-26.25,-10.08,-6.44,Noise,Right
1707209768257,-0.638792,-0.533872,1.051152,-14.28,-18.69,12.81,Noise,Right
1707209768258,-0.600728,-0.51484,1.0614,-2.17,-27.3,29.05,Noise,Right
1707209768258,-0.582672,-0.515328,1.043832,10.92,-36.89,44.94,Noise,Right
1707209768304,-0.4636,-0.4392,1.066768,5.04,-50.75,54.04,Noise,Right
1707209768304,-0.393328,-0.46848,0.983808,14.35,-58.87,61.88,Noise,Right
1707209768306,-0.281576,-0.5124,0.922808,21.84,-57.54,69.09,Noise,Right
1707209768354,-0.21228,-0.596824,0.823256,35.21,-56.07,69.16,Noise,Right
1707209768354,-0.159088,-0.553392,0.831552,33.81,-51.17,61.04,Noise,Right
1707209768354,-0.069296,-0.562664,0.780312,36.68,-42.84,52.43,Noise,Right
1707209768483,-0.030256,-0.477264,0.758352,33.46,-25.41,38.08,Noise,Right
1707209768483,-0.026352,-0.445544,0.757376,27.93,-8.89,22.68,Noise,Right
1707209768484,-0.09028,-0.38796,0.761768,26.46,4.76,10.85,Noise,Right
1707209768484,-0.1708,-0.305488,0.783728,20.44,4.48,1.82,Noise,Right
1707209768484,-0.237656,-0.30012,0.760792,15.61,-1.47,-4.06,Noise,Right
1707209768484,-0.221552,-0.34892,0.705648,4.27,-1.19,-7.7,Noise,Right
1707209768484,-0.245464,-0.386984,0.704672,-0.56,1.96,-8.47,Noise,Right
1707209768536,-0.27084,-0.369904,0.70028,-7.14,2.73,-7.98,Noise,Right
1707209768536,-0.220088,-0.38064,0.6954,-13.65,12.81,-9.03,Noise,Right
1707209768536,-0.23912,-0.364536,0.72468,-18.69,23.24,-10.85,Noise,Right
1707209768584,-0.232288,-0.434808,0.77104,-16.59,30.24,-8.47,Noise,Right
1707209768584,-0.256688,-0.42212,0.80032,-10.85,32.97,-1.4,Noise,Right
1707209768585,-0.281088,-0.328912,0.836432,-15.82,23.52,-8.4,Noise,Right
1707209768636,-0.281576,-0.420168,0.820328,-19.53,21.07,-12.74,Noise,Right
1707209768636,-0.284992,-0.437736,0.806176,-24.01,18.76,-21.91,Noise,Right
1707209768636,-0.268888,-0.486048,0.818864,-25.62,17.36,-25.62,Noise,Right
1707209768764,-0.282552,-0.507032,0.833016,-24.29,18.55,-31.29,Noise,Right
1707209768764,-0.306952,-0.477752,0.842776,-22.12,20.72,-34.79,Noise,Right
1707209768764,-0.338672,-0.411872,0.906216,-21.28,21.21,-38.29,Noise,Right
1707209768765,-0.403088,-0.44652,0.892552,-14.35,20.65,-34.3,Noise,Right
1707209768766,-0.506056,-0.427488,0.917928,-4.62,19.04,-26.32,Noise,Right
1707209768766,-0.586576,-0.45628,0.970144,-6.16,10.64,-16.1,Noise,Right
1707209768766,-0.67588,-0.470432,1.04432,-5.81,0.07,-8.19,Noise,Right
1707209768814,-0.729072,-0.55388,1.089216,-1.26,-16.45,7.42,Noise,Right
1707209768815,-0.717848,-0.537776,1.093608,8.96,-32.55,23.94,Noise,Right
1707209768815,-0.654896,-0.523624,1.063352,20.37,-50.82,39.55,Noise,Right
1707209768815,-0.562664,-0.471896,1.010648,29.12,-63.21,49.91,Noise,Right
1707209768865,-0.453352,-0.471408,0.896944,0.84,-73.15,53.13,Noise,Right
1707209768866,-0.294752,-0.197152,0.926712,-20.16,-72.17,52.01,Noise,Right
1707209768866,-0.018544,-0.420656,0.781776,30.03,-50.05,54.53,Noise,Right
1707209769003,-0.00488,-0.487512,0.732,37.03,-27.51,55.93,Noise,Right
1707209769004,-0.040992,-0.553392,0.762744,27.51,-7.35,41.23,Noise,Right
1707209769004,-0.083448,-0.552904,0.778848,27.51,-0.84,24.43,Noise,Right
1707209769004,-0.147376,-0.513376,0.828136,26.46,2.03,13.16,Noise,Right
1707209769004,-0.201544,-0.455304,0.813984,25.55,-4.76,4.27,Noise,Right
1707209769004,-0.262056,-0.360632,0.819352,16.52,-10.01,-2.38,Noise,Right
1707209769004,-0.289384,-0.308904,0.833504,4.41,-17.43,-3.99,Noise,Right
1707209769099,-0.259616,-0.322568,0.762744,6.44,-15.82,0.07,Noise,Right
1707209769099,-0.258152,-0.394792,0.71736,14.42,-14.63,-2.94,Noise,Right
1707209769100,-0.216672,-0.379664,0.718824,8.33,-7.98,-2.52,Noise,Right
1707209769100,-0.184464,-0.431392,0.67832,6.65,-1.4,-2.66,Noise,Right
1707209769100,-0.136152,-0.425536,0.6588,-2.73,6.65,-8.54,Noise,Right
1707209769100,-0.16104,-0.427976,0.680272,-10.15,17.57,-14.49,Noise,Right
1707209769101,-0.179584,-0.346968,0.750544,-10.36,21.07,-12.67,Noise,Right
1707209769202,-0.137616,-0.336232,0.80032,-8.26,20.02,-13.51,Noise,Right
1707209769202,-0.18788,-0.255712,0.802272,-16.38,14.28,-26.6,Noise,Right
1707209769203,-0.259616,-0.25132,0.833016,-23.52,11.06,-28.28,Noise,Right
1707209769203,-0.302072,-0.333792,0.870104,-31.5,4.97,-31.85,Noise,Right
1707209769203,-0.298656,-0.396256,0.848144,-37.03,3.22,-42.49,Noise,Right
1707209769203,-0.309392,-0.516304,0.841312,-35.35,5.53,-37.59,Noise,Right
1707209769252,-0.319152,-0.576328,0.867176,-34.37,5.04,-35.07,Noise,Right
1707209769253,-0.323544,-0.56852,0.858392,-30.03,4.97,-31.5,Noise,Right
1707209769253,-0.302072,-0.570472,0.90524,-21.77,7.0,-30.03,Noise,Right
1707209769302,-0.32696,-0.513864,0.915,-12.67,6.51,-25.27,Noise,Right
1707209769302,-0.342576,-0.491416,0.915488,-10.71,11.41,-27.3,Noise,Right
1707209769409,-0.415288,-0.430416,1.017968,-19.74,10.08,-32.2,Noise,Right
1707209769409,-0.477264,-0.499712,1.019432,-7.49,7.14,-18.97,Noise,Right
1707209769409,-0.533872,-0.499224,1.064816,-0.49,-1.05,-12.25,Noise,Right
1707209769410,-0.561688,-0.559248,1.069208,9.66,-10.22,2.66,Noise,Right
1707209769410,-0.559736,-0.5368,1.077504,23.31,-17.85,18.48,Noise,Right
1707209769410,-0.521672,-0.546072,1.035048,36.26,-29.82,52.01,Noise,Right
1707209769410,-0.454816,-0.522648,0.98576,46.76,-36.26,45.43,Noise,Right
1707209769457,-0.398208,-0.481656,0.948184,51.1,-39.2,51.8,Noise,Right
1707209769458,-0.356728,-0.457744,0.916952,54.6,-43.96,52.64,Noise,Right
1707209769458,-0.286944,-0.418704,0.868152,53.34,-45.92,51.24,Noise,Right
1707209769592,-0.20984,-0.429928,0.797392,39.62,-45.85,43.61,Noise,Right
1707209769593,-0.171288,-0.382592,0.804712,33.39,-39.13,49.56,Noise,Right
1707209769593,-0.144936,-0.413336,0.794952,42.91,-35.0,51.8,Noise,Right
1707209769593,-0.098088,-0.427,0.794952,38.78,-28.56,45.92,Noise,Right
1707209769593,-0.069784,-0.442128,0.786656,33.46,-20.16,35.14,Noise,Right
1707209769593,-0.076128,-0.39528,0.767624,28.0,-12.53,23.94,Noise,Right
1707209769593,-0.122488,-0.347456,0.789584,22.96,-9.31,14.35,Noise,Right
1707209769639,-0.128832,-0.296216,0.787144,19.18,-11.41,5.25,Noise,Right
1707209769639,-0.140056,-0.237656,0.776896,10.08,-9.73,-2.17,Noise,Right
1707209769640,-0.144936,-0.262056,0.76372,1.68,-7.21,-8.47,Noise,Right
1707209769685,-0.140544,-0.308416,0.757864,-5.53,-1.82,-13.93,Noise,Right
1707209769685,-0.132248,-0.32452,0.7198,-14.28,5.32,-20.02,Noise,Right
1707209769686,-0.10736,-0.35136,0.715408,-22.61,13.16,-25.9,Noise,Right
1707209769735,-0.09272,-0.396256,0.695888,-31.43,21.49,-32.62,Noise,Right
1707209769735,-0.089792,-0.459208,0.718824,-37.38,30.45,-40.25,Noise,Right
1707209769788,-0.149816,-0.435784,0.809592,-38.01,44.31,-46.48,Noise,Right
1707209769789,-0.203496,-0.444568,0.80032,-29.05,54.04,-43.05,Noise,Right
1707209769789,-0.245464,-0.354288,0.819352,-26.25,51.38,-33.88,Noise,Right
1707209769906,-0.233264,-0.374296,0.8418,-29.54,51.1,-46.41,Noise,Right
1707209769906,-0.345504,-0.42944,0.870592,-20.86,50.33,-54.25,Noise,Right
1707209769907,-0.446032,-0.418216,0.937936,-16.8,49.7,-54.11,Noise,Right
1707209769907,-0.599264,-0.441152,0.995032,-21.35,36.05,-48.93,Noise,Right
1707209769907,-0.637328,-0.408944,1.017968,-10.99,21.0,-30.38,Noise,Right
1707209769907,-0.598288,-0.404064,1.02724,-10.99,2.38,-16.38,Noise,Right
1707209769907,-0.597312,-0.425536,1.001376,-3.22,-5.74,-3.78,Noise,Right
1707209769951,-0.610976,-0.410896,1.009184,1.4,-9.59,9.8,Noise,Right
1707209769951,-0.604144,-0.41724,0.989176,7.0,-14.07,27.93,Noise,Right
1707209769951,-0.569496,-0.435296,0.959896,15.4,-17.22,42.56,Noise,Right
1707209770079,-0.507032,-0.40748,0.914512,21.56,-21.63,53.13,Noise,Right
1707209770079,-0.418704,-0.389424,0.853024,24.36,-23.8,59.22,Noise,Right
1707209770079,-0.3416,-0.36356,0.782752,26.6,-20.51,62.51,Noise,Right
1707209770079,-0.242536,-0.360144,0.751032,19.53,-17.43,63.14,Noise,Right
1707209770080,-0.18056,-0.357216,0.738832,12.53,-15.82,52.71,Noise,Right
1707209770080,-0.134688,-0.427488,0.736392,1.33,-12.25,41.72,Noise,Right
1707209770080,-0.105408,-0.406016,0.72712,-3.78,-3.29,26.95,Noise,Right
1707209770196,-0.087352,-0.421144,0.746152,-6.79,7.7,14.35,Noise,Right
1707209770196,-0.081496,-0.445056,0.750544,-10.71,20.44,2.45,Noise,Right
1707209770197,-0.08784,-0.462624,0.78812,-10.99,26.25,-12.67,Noise,Right
1707209770197,-0.120048,-0.538264,0.803248,-14.35,32.41,-24.92,Noise,Right
1707209770199,-0.181536,-0.569008,0.848632,-12.39,37.66,-36.68,Noise,Right
1707209770199,-0.23424,-0.555344,0.879376,-8.33,36.47,-45.78,Noise,Right
1707209770199,-0.328424,-0.545096,0.9028,-5.6,32.2,-53.06,Noise,Right
1707209770249,-0.442128,-0.497272,0.916952,-1.19,25.62,-52.71,Noise,Right
1707209770249,-0.504592,-0.482144,0.909632,1.33,14.63,-47.46,Noise,Right
1707209770250,-0.542656,-0.48556,0.886696,5.88,7.91,-38.5,Noise,Right
1707209770250,-0.533384,-0.415776,0.874008,12.11,2.8,-23.52,Noise,Right
1707209770300,-0.51972,-0.39528,0.861808,15.75,1.26,-13.23,Noise,Right
1707209770300,-0.495808,-0.381616,0.847656,20.02,-3.15,-5.67,Noise,Right
1707209770301,-0.459696,-0.351848,0.833016,21.0,-4.62,1.75,Noise,Right
1707209770433,-0.415776,-0.372344,0.822768,0.07,-5.74,6.16,Noise,Right
1707209770433,-0.389912,-0.381616,0.81252,16.03,-3.22,11.34,Noise,Right
1707209770433,-0.357704,-0.396744,0.81496,11.2,-5.39,12.39,Noise,Right
1707209770435,-0.333792,-0.422608,0.826184,7.7,-3.99,9.52,Noise,Right
1707209770435,-0.34892,-0.4392,0.855464,5.32,-2.59,5.95,Noise,Right
1707209770435,-0.367952,-0.438224,0.8662,5.53,-3.78,4.48,Noise,Right
1707209770435,-0.367464,-0.432856,0.863272,4.55,-7.07,1.26,Noise,Right
1707209770480,-0.395768,-0.389912,0.874496,3.64,-11.9,-0.7,Noise,Right
1707209770480,-0.397232,-0.389424,0.853512,0.35,-18.34,-2.94,Noise,Right
1707209770480,-0.393328,-0.386496,0.854488,-2.17,-19.88,-4.62,Noise,Right
1707209770528,-0.378688,-0.386008,0.846192,-8.89,-20.16,-7.91,Noise,Right
1707209770528,-0.333792,-0.378688,0.835456,-20.23,-16.87,-13.65,Noise,Right
1707209770528,-0.30744,-0.354288,0.905728,-30.52,-15.33,-20.86,Noise,Right
1707209770576,-0.31232,-0.486536,0.85888,-36.05,-17.5,-20.02,Noise,Right
1707209770578,-0.31232,-0.459208,0.93452,-39.62,-16.73,-29.61,Noise,Right
1707209770579,-0.349408,-0.52216,0.823744,-27.93,-13.72,-20.16,Noise,Right
1707209770626,-0.327936,-0.530944,0.846192,-45.15,-4.83,-27.72,Noise,Right
1707209770626,-0.640744,-0.783728,0.743224,-86.24,-13.86,-28.49,Noise,Right
1707209770627,-0.374296,-0.564616,0.892064,-30.66,-16.1,-12.53,Noise,Right
1707209770742,-0.459208,-0.538752,0.851072,-3.57,-23.66,4.9,Noise,Right
1707209770742,-0.354288,-0.52216,0.816912,4.06,-27.16,9.87,Noise,Right
1707209770742,-0.281088,-0.51972,0.74908,16.59,-16.17,15.12,Noise,Right
1707209770742,-0.292312,-0.560712,0.771528,27.79,-1.19,19.18,Noise,Right
1707209770743,-0.291824,-0.474336,0.75152,36.4,1.12,22.33,Noise,Right
1707209770743,-0.25376,-0.465552,0.740784,33.04,-3.43,20.93,Noise,Right
1707209770743,-0.242536,-0.418704,0.71492,31.92,-7.14,23.66,Noise,Right
1707209770790,-0.193736,-0.387472,0.684664,29.47,-0.63,17.5,Noise,Right
1707209770790,-0.169336,-0.337696,0.67832,13.93,4.06,10.22,Noise,Right
1707209770790,-0.218136,-0.343064,0.688568,4.13,11.83,0.56,Noise,Right
1707209770840,-0.23912,-0.303048,0.732488,-1.4,12.39,-3.01,Noise,Right
1707209770840,-0.234728,-0.406992,0.737856,-3.29,18.27,1.19,Noise,Right
1707209770943,-0.282552,-0.422608,0.78812,-11.27,19.53,-13.51,Noise,Right
1707209770943,-0.373808,-0.41968,0.8174,-9.38,14.14,-12.74,Noise,Right
1707209770943,-0.357704,-0.449448,0.786168,0.14,11.69,-14.07,Noise,Right
1707209770943,-0.349896,-0.4514,0.764696,24.01,14.0,6.65,Noise,Right
1707209770943,-0.416264,-0.473848,0.835944,6.79,13.72,1.75,Noise,Right
1707209770943,-0.424072,-0.420656,0.860344,-9.38,9.87,-5.88,Noise,Right
1707209770993,-0.400648,-0.458232,0.853024,-12.25,1.82,-6.65,Noise,Right
1707209770994,-0.347944,-0.496296,0.913048,-18.27,-1.89,-9.94,Noise,Right
1707209770994,-0.362584,-0.598288,0.909144,-17.99,-9.52,-14.21,Noise,Right
1707209771043,-0.374784,-0.608048,0.933544,-14.7,-13.09,-14.21,Noise,Right
1707209771043,-0.354776,-0.643672,0.915,-9.66,-16.73,-13.58,Noise,Right
1707209771043,-0.349408,-0.613904,0.906704,-1.82,-15.05,-11.76,Noise,Right
1707209771147,-0.367952,-0.57096,0.914512,4.06,-15.19,-10.71,Noise,Right
1707209771148,-0.368928,-0.525576,0.904752,9.66,-15.61,-9.03,Noise,Right
1707209771148,-0.348432,-0.503616,0.875472,11.76,-16.52,-8.75,Noise,Right
1707209771148,-0.349408,-0.510936,0.879864,10.99,-13.37,-11.9,Noise,Right
1707209771149,-0.356728,-0.508984,0.87352,7.14,-15.4,-15.96,Noise,Right
1707209771149,-0.358192,-0.518256,0.857904,1.4,-26.53,-23.73,Noise,Right
1707209771149,-0.311832,-0.516792,0.829112,-3.64,-22.19,-18.76,Noise,Right
1707209771196,-0.321592,-0.535336,0.800808,-11.41,-26.6,-18.9,Noise,Right
1707209771196,-0.318176,-0.304024,0.833992,-35.14,-12.95,-7.91,Noise,Right
1707209771324,-0.303048,-0.5002,0.827648,9.17,-9.17,5.25,Noise,Right
1707209771324,-0.315736,-0.377224,0.839848,31.15,-0.35,10.01,Noise,Right
1707209771325,-0.342576,-0.416264,0.823256,31.99,-3.71,7.49,Noise,Right
1707209771325,-0.335256,-0.388448,0.806176,28.7,-5.81,7.28,Noise,Right
1707209771325,-0.332816,-0.373808,0.786168,19.32,-12.81,6.09,Noise,Right
1707209771325,-0.40504,-0.305488,0.745176,-2.03,-20.23,8.96,Noise,Right
1707209771325,-0.289872,-0.60268,0.717848,-0.14,-28.7,12.25,Noise,Right
1707209771382,-0.300608,-0.52948,0.667584,0.07,-31.92,14.63,Noise,Right
1707209771382,-0.228872,-0.598288,0.621712,-9.87,-35.77,14.91,Noise,Right
1707209771382,-0.13908,-0.615856,0.578768,-11.06,-21.28,12.74,Noise,Right
1707209771382,-0.12444,-0.54412,0.648552,-12.67,2.17,3.78,Noise,Right
1707209771426,-0.16592,-0.488488,0.709064,-13.3,14.49,-0.98,Noise,Right
1707209771427,-0.23424,-0.528504,0.754448,3.15,25.48,-1.68,Noise,Right
1707209771427,-0.228872,-0.409432,0.833992,16.66,22.47,-2.17,Noise,Right
1707209771473,-0.2074,-0.362096,0.827648,3.5,10.43,-3.36,Noise,Right
1707209771473,-0.276208,-0.406504,0.879376,-11.2,11.27,-10.57,Noise,Right
1707209771473,-0.294752,-0.41724,0.872056,-12.81,11.27,-12.39,Noise,Right
1707209771528,-0.314272,-0.540704,0.850584,-11.55,7.91,-12.95,Noise,Right
1707209771528,-0.336232,-0.589016,0.855952,-11.76,6.79,-12.11,Noise,Right
1707209771640,-0.33672,-0.627568,0.818376,-10.5,5.18,-8.82,Noise,Right
1707209771640,-0.333792,-0.616832,0.833504,-6.72,9.31,-5.81,Noise,Right
1707209771641,-0.338184,-0.639768,0.8296,-3.85,12.6,-0.98,Noise,Right
1707209771641,-0.33184,-0.528992,0.914512,-14.56,10.22,1.75,Noise,Right
1707209771641,-0.30256,-0.513864,0.933056,-8.47,12.81,-1.68,Noise,Right
1707209771641,-0.2928,-0.42944,0.947696,-5.67,10.5,-2.1,Noise,Right
1707209771641,-0.315248,-0.43188,0.943792,-1.26,9.38,-4.13,Noise,Right
1707209771694,-0.360632,-0.419192,0.945256,3.57,5.6,-5.46,Noise,Right
1707209771694,-0.34404,-0.425536,0.92476,8.33,2.38,-4.41,Noise,Right
1707209771694,-0.333304,-0.433344,0.914512,12.53,2.38,-2.31,Noise,Right
1707209771812,-0.333304,-0.491416,0.876936,17.29,2.03,-5.11,Noise,Right
1707209771813,-0.321104,-0.496296,0.858392,12.25,3.78,-1.54,Noise,Right
1707209771813,-0.284504,-0.520696,0.813496,1.75,-8.89,-7.63,Noise,Right
1707209771813,-0.32696,-0.488976,0.820328,27.02,0.91,3.15,Noise,Right
1707209771813,-0.346968,-0.423584,0.834968,31.36,2.31,7.0,Noise,Right
1707209771813,-0.347456,-0.37576,0.83692,30.8,-4.06,10.78,Noise,Right
1707209771813,-0.345016,-0.384544,0.782264,29.26,-5.81,16.45,Noise,Right
1707209771862,-0.347456,-0.393328,0.758352,22.33,-0.77,12.18,Noise,Right
1707209771862,-0.410896,-0.386984,0.78812,20.58,0.98,10.64,Noise,Right
1707209771862,-0.404064,-0.39772,0.817888,14.7,-12.32,16.38,Noise,Right
1707209771862,-0.392352,-0.442616,0.825208,10.92,-23.17,13.16,Noise,Right
1707209771914,-0.362096,-0.398696,0.776408,13.02,-28.07,15.05,Noise,Right
1707209771915,-0.344528,-0.447984,0.756888,3.5,-21.7,17.43,Noise,Right
1707209772044,-0.35624,-0.425536,0.728584,-7.91,-17.22,12.25,Noise,Right
1707209772045,-0.36112,-0.365512,0.74664,-40.74,-14.21,10.64,Noise,Right
1707209772046,-0.232776,-0.52704,0.85156,-44.17,-24.92,10.71,Noise,Right
1707209772046,-0.132736,-0.159088,0.832528,-52.15,-16.38,17.57,Noise,Right
1707209772046,-0.16836,-0.755912,0.690032,-5.6,-16.45,34.02,Noise,Right
1707209772046,-0.142008,-0.671976,0.63684,-7.07,-11.55,7.49,Noise,Right
1707209772047,-0.091744,-0.581696,0.697352,-9.45,8.33,-4.83,Noise,Right
1707209772098,-0.18056,-0.635376,0.625616,9.31,14.91,-21.63,Noise,Right
1707209772098,-0.22692,-0.459208,0.800808,10.78,15.75,-22.89,Noise,Right
1707209772098,-0.236192,-0.464576,0.777384,21.42,12.04,-23.87,Noise,Right
1707209772098,-0.225944,-0.375272,0.765184,5.25,13.86,-24.22,Noise,Right
1707209772174,-0.273768,-0.427,0.759328,-14.0,20.3,-28.91,Noise,Right
1707209772176,-0.330864,-0.483608,0.788608,-18.41,21.35,-29.26,Noise,Right
1707209772179,-0.355752,-0.530456,0.80764,-16.87,17.22,-25.62,Noise,Right
1707209772180,-0.405528,-0.568032,0.820816,-8.89,12.6,-19.67,Noise,Right
1707209772180,-0.371856,-0.52948,0.838872,2.8,14.07,-2.94,Noise,Right
1707209772279,-0.391864,-0.482144,0.878888,-1.19,12.11,-0.28,Noise,Right
1707209772280,-0.355752,-0.422608,0.947208,-16.59,13.09,-6.58,Noise,Right
1707209772280,-0.342088,-0.412848,0.975024,-14.98,16.59,-8.12,Noise,Right
1707209772280,-0.325008,-0.414312,0.985272,-12.46,16.45,-9.52,Noise,Right
1707209772281,-0.396256,-0.479216,0.996496,-6.23,11.83,-11.69,Noise,Right
1707209772281,-0.447984,-0.465552,0.975024,6.86,0.7,-9.8,Noise,Right
1707209772347,-0.478728,-0.484096,0.93452,13.58,-11.48,-3.36,Noise,Right
1707209772347,-0.397232,-0.527528,0.892064,10.15,-16.24,1.82,Noise,Right
1707209772347,-0.51484,-0.65636,0.726144,10.29,-22.75,6.23,Noise,Right
1707209772410,-0.365024,-0.581208,0.787632,13.93,-11.97,6.93,Noise,Right
1707209772410,-0.330864,-0.610488,0.779336,13.23,-12.39,7.28,Noise,Right
1707209772410,-0.266448,-0.5124,0.754448,5.67,-5.32,5.11,Noise,Right
1707209772411,-0.282064,-0.34648,0.788608,-0.49,-4.76,-1.19,Noise,Right
1707209772411,-0.23912,-0.41236,0.810568,6.44,-4.48,-2.03,Noise,Right
1707209772545,-0.294264,-0.216184,0.794464,-41.02,-5.53,-1.96,Noise,Right
1707209772545,-0.328424,-0.49776,0.774456,-18.76,-5.53,-11.2,Noise,Right
1707209772545,-0.444568,-0.505568,0.70028,-2.17,-22.61,-13.37,Noise,Right
1707209772546,-0.389912,-0.485072,0.791048,7.84,-11.48,-4.9,Noise,Right
1707209772546,-0.23912,-0.329888,0.661728,-12.11,-0.07,20.65,Noise,Right
1707209772546,-0.314272,-0.722728,0.659776,14.42,0.21,2.8,Noise,Right
1707209772546,-0.298168,-0.711992,0.643672,18.41,10.43,1.4,Noise,Right
1707209772590,-0.296216,-0.660264,0.678808,19.46,14.77,-4.9,Noise,Right
1707209772590,-0.294264,-0.556808,0.686128,30.59,10.29,-8.68,Noise,Right
1707209772591,-0.2928,-0.45872,0.679296,35.0,1.12,-8.61,Noise,Right
1707209772639,-0.289872,-0.397232,0.669048,29.96,1.47,-8.61,Noise,Right
1707209772639,-0.327448,-0.408944,0.704672,18.34,-1.26,-6.72,Noise,Right
1707209772640,-0.29768,-0.403088,0.772016,-1.26,-5.18,-3.57,Noise,Right
1707209772763,-0.299144,-0.52704,0.741272,-20.37,-3.78,-7.63,Noise,Right
1707209772763,-0.32696,-0.521184,0.797392,-24.71,-1.47,-6.3,Noise,Right
1707209772763,-0.334768,-0.541192,0.834968,-26.39,1.47,-1.61,Noise,Right
1707209772763,-0.324032,-0.584136,0.867664,-28.49,-1.47,1.68,Noise,Right
1707209772763,-0.286944,-0.54412,0.896456,-26.11,1.82,2.03,Noise,Right
1707209772763,-0.237168,-0.546072,0.871568,-16.87,9.1,-3.78,Noise,Right
1707209772763,-0.269864,-0.517768,0.860344,-14.42,17.01,-7.28,Noise,Right
1707209772891,-0.317688,-0.49532,0.843752,-12.53,19.67,-10.64,Noise,Right
1707209772892,-0.394792,-0.45872,0.837896,-6.51,19.04,-9.66,Noise,Right
1707209772892,-0.382592,-0.423096,0.815936,0.56,19.74,-6.44,Noise,Right
1707209772893,-0.395768,-0.379664,0.815448,3.92,22.89,-4.2,Noise,Right
1707209772893,-0.39284,-0.40992,0.803736,3.22,28.0,-0.21,Noise,Right
1707209772894,-0.432856,-0.447008,0.8418,3.01,28.77,6.16,Noise,Right
1707209772894,-0.481168,-0.477752,0.853512,1.68,19.39,16.17,Noise,Right
1707209772989,-0.516792,-0.535336,0.849608,3.22,6.23,24.22,Noise,Right
1707209772990,-0.486048,-0.569984,0.845704,4.97,-3.5,28.0,Noise,Right
1707209772990,-0.45384,-0.52948,0.839848,5.6,-5.88,28.56,Noise,Right
1707209772990,-0.465552,-0.537776,0.805688,7.21,-9.8,31.01,Noise,Right
1707209772990,-0.440176,-0.540216,0.792024,8.05,-12.88,31.15,Noise,Right
1707209772991,-0.376736,-0.464088,0.828624,-1.05,-17.15,30.66,Noise,Right
1707209772991,-0.38308,-0.477752,0.89304,-11.41,-15.89,24.22,Noise,Right
1707209773040,-0.455792,-0.483608,0.74908,11.76,-25.76,26.74,Noise,Right
1707209773041,-0.445544,-0.559248,0.731024,10.71,-28.0,24.43,Noise,Right
1707209773041,-0.440176,-0.4514,0.78568,17.78,-35.98,21.07,Noise,Right
1707209773087,-0.426024,-0.533384,0.723704,-1.68,-37.03,18.27,Noise,Right
1707209773087,-0.40016,-0.44408,0.709064,-21.7,-32.2,10.29,Noise,Right
1707209773130,-0.391864,-0.416752,0.772992,-22.33,-30.24,22.47,Noise,Right
1707209773131,-0.325008,-0.545584,0.707112,-9.52,-36.82,27.58,Noise,Right
1707209773131,-0.290848,-0.5612,0.686128,-1.19,-35.56,22.89,Noise,Right
1707209773180,-0.232288,-0.642696,0.599264,-0.98,-29.05,13.37,Noise,Right
1707209773181,-0.20252,-0.567544,0.642696,-1.33,-11.41,-0.07,Noise,Right
1707209773181,-0.252296,-0.524112,0.68564,0.49,-3.99,-7.98,Noise,Right
1707209773301,-0.257664,-0.45872,0.702232,2.94,-4.13,-10.71,Noise,Right
1707209773302,-0.245952,-0.407968,0.665632,-1.47,-3.01,-12.11,Noise,Right
1707209773302,-0.247904,-0.43188,0.664168,-17.99,0.98,-16.24,Noise,Right
1707209773302,-0.299144,-0.477752,0.671,-32.2,6.16,-20.23,Noise,Right
1707209773302,-0.32452,-0.559736,0.684664,-43.47,16.66,-23.38,Noise,Right
1707209773302,-0.35136,-0.584136,0.758352,-50.96,21.35,-23.38,Noise,Right
1707209773302,-0.363072,-0.613416,0.813496,-47.6,21.07,-21.07,Noise,Right
1707209773358,-0.369416,-0.571936,0.845704,-40.53,21.49,-21.56,Noise,Right
1707209773358,-0.391864,-0.529968,0.85644,-34.09,24.64,-22.61,Noise,Right
1707209773358,-0.379176,-0.508496,0.852048,-27.3,29.68,-19.81,Noise,Right
1707209773411,-0.398208,-0.561688,0.839848,-20.02,31.78,-18.69,Noise,Right
1707209773411,-0.430904,-0.556808,0.860344,-10.15,33.11,-16.1,Noise,Right
1707209773411,-0.452376,-0.612928,0.877424,-1.61,27.51,-12.25,Noise,Right
1707209773411,-0.447008,-0.623176,0.88816,6.58,21.28,-7.98,Noise,Right
1707209773459,-0.432856,-0.630496,0.864736,11.9,16.66,-6.58,Noise,Right
1707209773460,-0.428464,-0.623664,0.826672,18.97,15.19,-6.23,Noise,Right
1707209773507,-0.47092,-0.586088,0.814472,23.59,8.89,-4.9,Noise,Right
1707209773508,-0.447008,-0.602192,0.79056,24.57,1.33,-0.98,Noise,Right
1707209773508,-0.452376,-0.545584,0.744688,27.44,3.08,0.84,Noise,Right
1707209773554,-0.474336,-0.543632,0.708576,14.7,1.19,9.1,Noise,Right
1707209773554,-0.437248,-0.576328,0.765184,16.03,-0.35,7.84,Noise,Right
1707209773555,-0.415776,-0.532896,0.753472,35.84,-1.82,5.11,Noise,Right
1707209773603,-0.410896,-0.521184,0.793488,36.47,-5.88,2.38,Noise,Right
1707209773604,-0.429928,-0.512888,0.759816,35.35,-14.56,3.15,Noise,Right
1707209773604,-0.417728,-0.50508,0.730536,32.9,-17.15,3.57,Noise,Right
1707209773647,-0.44652,-0.467016,0.718824,17.5,-18.48,-1.89,Noise,Right
1707209773648,-0.495808,-0.416752,0.733464,3.15,-21.14,-3.29,Noise,Right
1707209773648,-0.378688,-0.365512,0.742736,-21.07,-31.08,1.68,Noise,Right
1707209773694,-0.490928,-0.529968,0.705648,18.41,-31.92,21.56,Noise,Right
1707209773694,-0.4758,-0.472384,0.737368,3.29,-40.6,29.19,Noise,Right
1707209773741,-0.361608,-0.68564,0.569496,11.48,-37.73,27.93,Noise,Right
1707209773742,-0.305488,-0.629032,0.558272,-0.91,-24.22,18.13,Noise,Right
1707209773742,-0.288408,-0.691008,0.582672,0.21,-13.58,17.15,Noise,Right
1707209773786,-0.252784,-0.574864,0.624152,-0.56,-8.47,7.28,Noise,Right
1707209773787,-0.259616,-0.5368,0.66368,1.89,-4.69,-1.05,Noise,Right
1707209773787,-0.283528,-0.416264,0.691984,6.3,-2.59,-4.13,Noise,Right
1707209773832,-0.313784,-0.438224,0.686128,10.64,-5.53,-4.13,Noise,Right
1707209773832,-0.307928,-0.504104,0.677832,5.67,-4.06,4.13,Noise,Right
1707209773891,-0.345504,-0.58804,0.66856,-12.81,-1.75,0.14,Noise,Right
1707209773891,-0.386008,-0.586576,0.719312,-26.81,3.92,-2.87,Noise,Right
1707209773891,-0.38552,-0.547048,0.743224,-30.87,6.65,1.61,Noise,Right
1707209774014,-0.414312,-0.535336,0.786656,-35.42,6.58,2.38,Noise,Right
1707209774014,-0.406992,-0.48068,0.833992,-31.78,9.24,-0.84,Noise,Right
1707209774015,-0.385032,-0.41968,0.856928,-24.08,11.34,0.28,Noise,Right
1707209774015,-0.381128,-0.481168,0.858392,-23.45,8.26,1.33,Noise,Right
1707209774015,-0.371856,-0.520208,0.856928,-19.18,10.15,1.68,Noise,Right
1707209774015,-0.394304,-0.593408,0.830576,-12.81,10.22,2.24,Noise,Right
1707209774016,-0.39772,-0.604632,0.811056,-4.97,12.18,2.52,Noise,Right
1707209774067,-0.3904,-0.598288,0.80764,0.77,14.35,3.29,Noise,Right
1707209774067,-0.383568,-0.60268,0.800808,3.85,15.47,2.31,Noise,Right
1707209774068,-0.37576,-0.593896,0.781776,7.91,19.18,-0.56,Noise,Right
1707209774068,-0.383568,-0.55876,0.781776,11.13,24.29,-4.06,Noise,Right
1707209774117,-0.377224,-0.529968,0.759816,14.28,25.83,-8.26,Noise,Right
1707209774117,-0.381616,-0.520208,0.760304,16.87,29.47,-11.34,Noise,Right
1707209774118,-0.470432,-0.481168,0.805688,22.19,22.96,-12.39,Noise,Right
1707209774162,-0.622688,-0.539728,0.826672,26.88,9.45,-10.92,Noise,Right
1707209774162,-0.54656,-0.49776,0.833016,29.82,-6.09,-6.65,Noise,Right
1707209774162,-0.503128,-0.523624,0.786168,30.45,-18.62,0.28,Noise,Right
1707209774297,-0.46848,-0.560224,0.74908,26.95,-21.91,6.65,Noise,Right
1707209774299,-0.559736,-0.848144,1.088728,0.56,-25.76,-16.1,Noise,Right
1707209774299,-0.48068,-0.50508,0.772504,31.85,-35.28,-5.04,Noise,Right
1707209774299,-0.464576,-0.574864,0.695888,24.22,-27.72,-11.69,Noise,Right
1707209774299,-0.425048,-0.470432,0.7076,-1.19,-23.1,-24.36,Noise,Right
1707209774299,-0.422608,-0.452376,0.709552,-5.32,-20.58,-10.85,Noise,Right
1707209774300,-0.431392,-0.578768,0.658312,26.67,-19.32,4.62,Noise,Right
1707209774347,-0.460184,-0.523136,0.691496,23.1,-25.76,5.39,Noise,Right
1707209774348,-0.435784,-0.560224,0.64904,20.72,-32.55,8.26,Noise,Right
1707209774348,-0.382104,-0.559736,0.62708,17.22,-35.84,7.28,Noise,Right
1707209774348,-0.360632,-0.516792,0.6344,15.4,-38.36,4.69,Noise,Right
1707209774402,-0.317688,-0.470432,0.613416,13.58,-40.18,3.43,Noise,Right
1707209774402,-0.214232,-0.433832,0.554856,3.57,-27.79,1.75,Noise,Right
1707209774402,-0.208864,-0.46604,0.579744,-10.5,-6.09,-4.13,Noise,Right
1707209774457,-0.26596,-0.456768,0.624152,-19.6,1.19,-7.49,Noise,Right
1707209774459,-0.26108,-0.467504,0.654896,-21.28,5.95,-6.93,Noise,Right
1707209774459,-0.266936,-0.469456,0.67832,-22.82,14.42,-2.8,Noise,Right
1707209774583,-0.303048,-0.49776,0.69784,-33.11,19.32,-3.71,Noise,Right
1707209774583,-0.325008,-0.533872,0.768112,-44.94,27.09,-11.62,Noise,Right
1707209774583,-0.379176,-0.537288,0.85644,-43.68,27.51,-23.17,Noise,Right
1707209774583,-0.395768,-0.559248,0.889136,-33.53,26.18,-23.24,Noise,Right
1707209774583,-0.416752,-0.581696,0.888648,-22.75,20.72,-16.45,Noise,Right
1707209774583,-0.442128,-0.586088,0.884256,-14.42,15.54,-6.93,Noise,Right
1707209774583,-0.45628,-0.578768,0.887672,-10.43,11.06,-1.12,Noise,Right
1707209774707,-0.452864,-0.615856,0.876936,-6.72,9.8,-1.54,Noise,Right
1707209774707,-0.437736,-0.628056,0.874008,-2.31,11.76,-0.07,Noise,Right
1707209774707,-0.47092,-0.655872,0.878888,5.18,11.48,0.84,Noise,Right
1707209774707,-0.49776,-0.655384,0.888648,14.14,1.75,3.5,Noise,Right
1707209774707,-0.458232,-0.644648,0.830576,21.28,-8.12,5.95,Noise,Right
1707209774707,-0.44164,-0.61,0.780312,22.19,-10.08,8.26,Noise,Right
1707209774708,-0.412848,-0.579744,0.761768,24.08,-9.87,3.92,Noise,Right
1707209774836,-0.394304,-0.591944,0.761768,27.72,-3.99,-3.78,Noise,Right
1707209774836,-0.374296,-0.587064,0.727608,24.08,1.47,-2.52,Noise,Right
1707209774836,-0.289384,-0.508984,0.709552,20.65,3.5,0.63,Noise,Right
1707209774836,-0.32696,-0.433344,0.751032,11.62,4.9,1.82,Noise,Right
1707209774836,-0.343064,-0.279624,0.762256,0.56,-0.07,6.23,Noise,Right
1707209774836,-0.386984,-0.436272,0.784704,30.38,-0.56,-2.38,Noise,Right
1707209774836,-0.487024,-0.442128,0.748592,26.39,-15.4,-9.45,Noise,Right
1707209774837,-0.490928,-0.43432,0.819352,2.94,-24.29,-9.66,Noise,Right
1707209774939,-0.50264,-0.548024,0.718824,3.92,-27.44,-12.25,Noise,Right
1707209774939,-0.50508,-0.43676,0.746152,-4.27,-22.47,-3.08,Noise,Right
1707209774939,-0.452376,-0.424072,0.845216,-1.47,-19.88,12.25,Noise,Right
1707209774940,-0.430904,-0.558272,0.648064,14.14,-28.7,16.45,Noise,Right
1707209774940,-0.300608,-0.60756,0.609512,8.4,-21.84,18.76,Noise,Right
1707209774940,-0.282552,-0.681736,0.569984,9.52,-14.28,15.47,Noise,Right
1707209775043,-0.271816,-0.61,0.582184,11.06,-11.97,3.99,Noise,Right
1707209775043,-0.269376,-0.511912,0.593896,9.17,-8.4,-5.39,Noise,Right
1707209775044,-0.262544,-0.433344,0.616832,12.25,-3.29,-3.99,Noise,Right
1707209775044,-0.267424,-0.413824,0.61488,9.45,2.94,-0.91,Noise,Right
1707209775044,-0.2928,-0.447496,0.63684,-1.82,6.65,4.27,Noise,Right
1707209775044,-0.332816,-0.492392,0.659288,-22.75,7.35,0.98,Noise,Right
1707209775044,-0.388448,-0.490928,0.714432,-32.9,10.43,-0.42,Noise,Right
1707209775095,-0.399672,-0.518744,0.78324,-36.54,9.8,-5.46,Noise,Right
1707209775095,-0.386008,-0.522648,0.80276,-29.19,12.46,-7.35,Noise,Right
1707209775095,-0.396256,-0.529968,0.806176,-23.66,12.11,-2.1,Noise,Right
1707209775242,-0.364048,-0.507032,0.805688,-22.12,16.66,0.49,Noise,Right
1707209775242,-0.40748,-0.578768,0.8418,-24.99,23.66,-4.2,Noise,Right
1707209775242,-0.427488,-0.622688,0.881328,-21.21,21.84,-8.19,Noise,Right
1707209775242,-0.450424,-0.621224,0.904752,-12.81,14.84,-8.96,Noise,Right
1707209775243,-0.47092,-0.640256,0.88572,-5.18,6.16,-7.21,Noise,Right
1707209775243,-0.459696,-0.572912,0.895968,1.89,4.62,-7.0,Noise,Right
1707209775243,-0.468968,-0.589504,0.837896,9.24,1.33,-3.5,Noise,Right
1707209775292,-0.477264,-0.592432,0.792512,12.39,-0.91,-0.21,Noise,Right
1707209775292,-0.4636,-0.5856,0.78324,13.09,-1.82,3.57,Noise,Right
1707209775292,-0.471896,-0.602192,0.750544,24.43,-3.22,1.19,Noise,Right
1707209775292,-0.441152,-0.537776,0.77592,25.34,-3.15,1.89,Noise,Right
1707209775339,-0.408944,-0.5246,0.754448,27.51,-5.46,1.19,Noise,Right
1707209775339,-0.39772,-0.48556,0.744688,26.32,-4.83,2.17,Noise,Right
1707209775387,-0.387472,-0.451888,0.74664,25.27,-3.36,1.96,Noise,Right
1707209775387,-0.37332,-0.467992,0.737856,29.61,-1.68,1.19,Noise,Right
1707209775387,-0.366,-0.443104,0.787144,27.02,-0.28,0.63,Noise,Right
1707209775508,-0.363072,-0.453352,0.81008,19.11,-6.37,-2.24,Noise,Right
1707209775508,-0.548512,-0.548512,0.600728,-3.64,-10.71,13.02,Noise,Right
1707209775508,-0.557784,-0.669536,0.58804,37.17,-2.1,-3.57,Noise,Right
1707209775508,-0.425048,-0.49776,0.74908,23.17,-14.28,-10.29,Noise,Right
1707209775509,-0.44896,-0.5246,0.674904,9.52,-10.08,-17.57,Noise,Right
1707209775509,-0.450912,-0.477752,0.683688,-3.43,-2.66,-21.77,Noise,Right
1707209775509,-0.486536,-0.45384,0.715408,0.56,2.8,-11.48,Noise,Right
1707209775554,-0.49532,-0.506544,0.683688,14.56,-5.88,0.84,Noise,Right
1707209775555,-0.465064,-0.491416,0.664168,14.63,-13.86,5.11,Noise,Right
1707209775555,-0.461648,-0.537288,0.645624,10.15,-24.57,9.03,Noise,Right
1707209775604,-0.460672,-0.50508,0.665144,8.47,-36.19,12.74,Noise,Right
1707209775604,-0.391376,-0.47824,0.612928,2.8,-48.51,15.82,Noise,Right
1707209775604,-0.294264,-0.450424,0.577792,-13.09,-46.69,13.23,Noise,Right
1707209775735,-0.272792,-0.481656,0.553392,-31.78,-40.32,6.3,Noise,Right
1707209775735,-0.21716,-0.53436,0.585112,-51.17,-28.21,1.82,Noise,Right
1707209775735,-0.19276,-0.568032,0.621224,-54.46,-11.48,-2.31,Noise,Right
1707209775736,-0.208376,-0.640256,0.613416,-45.85,3.57,-7.07,Noise,Right
1707209775736,-0.22448,-0.616344,0.63928,-41.51,15.61,-12.39,Noise,Right
1707209775736,-0.238144,-0.637328,0.705648,-39.97,30.31,-13.37,Noise,Right
1707209775736,-0.305976,-0.645624,0.757864,-35.56,36.47,-12.74,Noise,Right
1707209775788,-0.306464,-0.613904,0.838872,-36.68,43.47,-15.19,Noise,Right
1707209775788,-0.379176,-0.574376,0.854488,-32.62,50.47,-27.44,Noise,Right
1707209775789,-0.43188,-0.558272,0.880352,-20.93,53.41,-31.22,Noise,Right
1707209775789,-0.549488,-0.57096,0.898408,-13.93,41.86,-25.62,Noise,Right
1707209775923,-0.61488,-0.609024,0.88084,-6.02,26.32,-13.16,Noise,Right
1707209775923,-0.628056,-0.640256,0.863272,2.24,12.67,-0.21,Noise,Right
1707209775923,-0.600728,-0.637816,0.84424,9.24,1.61,9.87,Noise,Right
1707209775923,-0.544608,-0.65636,0.825696,12.95,-7.14,15.47,Noise,Right
1707209775924,-0.476776,-0.629032,0.810568,17.36,-12.11,17.92,Noise,Right
1707209775924,-0.428464,-0.607072,0.784704,23.17,-13.93,18.97,Noise,Right
1707209775924,-0.38064,-0.596824,0.752496,26.95,-13.51,17.36,Noise,Right
1707209775970,-0.378688,-0.565592,0.753472,28.77,-13.23,12.39,Noise,Right
1707209775970,-0.401624,-0.550952,0.749568,32.69,-14.07,10.08,Noise,Right
1707209775970,-0.407968,-0.55144,0.674904,27.65,-18.27,9.66,Noise,Right
1707209775971,-0.319152,-0.590968,0.862296,10.92,-9.45,6.93,Noise,Right
1707209776018,-0.355752,-0.543632,0.757864,33.18,-7.35,-2.66,Noise,Right
1707209776018,-0.337208,-0.515328,0.784216,27.58,-3.01,-4.97,Noise,Right
1707209776062,-0.38552,-0.533384,0.751032,21.35,-6.16,-13.02,Noise,Right
1707209776062,-0.410408,-0.484584,0.731512,28.7,-5.67,-10.85,Noise,Right
1707209776062,-0.403576,-0.483608,0.71248,27.51,-5.11,-11.06,Noise,Right
1707209776108,-0.468968,-0.499224,0.763232,23.87,-5.95,-12.95,Noise,Right
1707209776108,-0.509472,-0.488976,0.78568,12.32,-15.4,-14.91,Noise,Right
1707209776108,-0.526064,-0.4636,0.79056,0.7,-27.23,-12.04,Noise,Right
1707209776161,-0.496784,-0.46604,0.771528,-0.77,-35.63,-0.91,Noise,Right
1707209776161,-0.439688,-0.530456,0.705648,-3.64,-41.44,5.81,Noise,Right
1707209776275,-0.543632,-0.931104,0.629032,28.28,-56.28,10.22,Noise,Right
1707209776275,-0.36112,-0.58072,0.646112,30.31,-46.13,12.32,Noise,Right
1707209776275,-0.303048,-0.615368,0.613416,24.92,-43.47,8.4,Noise,Right
1707209776276,-0.289872,-0.538264,0.600728,18.69,-31.78,0.21,Noise,Right
1707209776276,-0.280112,-0.435296,0.6588,13.86,-27.09,-12.81,Noise,Right
1707209776276,-0.27328,-0.400648,0.704184,15.26,-24.64,-20.37,Noise,Right
1707209776276,-0.286456,-0.345016,0.745176,16.38,-29.75,-22.4,Noise,Right
1707209776326,-0.27572,-0.391376,0.798856,12.25,-35.28,-20.3,Noise,Right
1707209776326,-0.2684,-0.4392,0.811544,6.86,-35.98,-9.94,Noise,Right
1707209776326,-0.271328,-0.484096,0.86132,-9.38,-36.19,-11.48,Noise,Right
1707209776326,-0.30012,-0.511912,0.876936,-17.71,-38.57,-9.45,Noise,Right
1707209776378,-0.273768,-0.562176,0.866688,-16.94,-38.64,-7.14,Noise,Right
1707209776378,-0.279136,-0.615368,0.857416,-14.7,-41.79,-3.15,Noise,Right
1707209776473,-0.201056,-0.551928,0.85888,-12.25,-42.77,-3.43,Noise,Right
1707209776473,-0.239608,-0.578768,0.818376,-21.07,-38.99,-1.68,Noise,Right
1707209776474,-0.179584,-0.477752,0.811544,-9.31,-32.76,-3.99,Noise,Right
1707209776474,-0.1342,-0.4148,0.80276,-14.35,-24.71,-7.49,Noise,Right
1707209776474,-0.065392,-0.34892,0.815936,-28.28,-14.42,2.66,Noise,Right
1707209776474,-0.1342,-0.46848,0.764696,-17.15,-9.17,-0.28,Noise,Right
1707209776527,-0.15616,-0.426512,0.782752,-7.28,2.87,-10.36,Noise,Right
1707209776528,-0.202032,-0.421632,0.833992,-8.26,8.68,-14.91,Noise,Right
1707209776528,-0.215208,-0.467992,0.793488,-11.83,9.03,-12.67,Noise,Right
1707209776574,-0.198616,-0.49288,0.787144,-13.16,10.78,-21.84,Noise,Right
1707209776574,-0.23668,-0.504104,0.809592,-18.9,15.54,-19.67,Noise,Right
1707209776574,-0.225456,-0.648552,0.738832,-9.45,19.18,-9.8,Noise,Right
1707209776621,-0.176168,-0.66856,0.774944,-8.68,27.72,-19.25,Noise,Right
1707209776622,-0.347456,-0.718336,0.711016,-0.28,31.22,-23.1,Noise,Right
1707209776622,-0.25132,-0.735904,0.793,3.64,32.83,-23.45,Noise,Right
1707209776667,-0.215696,-0.674416,0.822768,9.52,34.51,-26.6,Noise,Right
1707209776667,-0.218136,-0.659776,0.802272,10.99,35.63,-28.77,Noise,Right
1707209776668,-0.232776,-0.675392,0.794464,15.68,37.1,-41.58,Noise,Right
1707209776716,-0.23424,-0.591944,0.810568,24.22,40.25,-46.34,Noise,Right
1707209776718,-0.237656,-0.591456,0.798856,27.72,40.11,-45.85,Noise,Right
1707209776764,-0.213744,-0.747128,0.77104,28.63,37.24,-48.44,Noise,Right
1707209776764,-0.250832,-0.670512,0.792512,25.55,33.11,-52.08,Noise,Right
1707209776764,-0.221552,-0.6466,0.80764,26.88,33.6,-56.49,Noise,Right
1707209776824,-0.249856,-0.681736,0.802272,22.26,34.23,-58.03,Noise,Right
1707209776824,-0.264984,-0.652944,0.803248,24.29,33.25,-57.47,Noise,Right
1707209776824,-0.253272,-0.59292,0.793976,28.35,37.1,-54.46,Noise,Right
1707209776824,-0.284016,-0.565104,0.77836,24.57,41.3,-47.95,Noise,Right
1707209776891,-0.345504,-0.634888,0.820816,26.46,36.33,-37.24,Noise,Right
1707209776891,-0.352336,-0.612928,0.794952,27.65,31.22,-29.96,Noise,Right
1707209776891,-0.328912,-0.572424,0.80276,31.22,27.72,-30.52,Noise,Right
1707209776982,-0.316712,-0.601704,0.821792,31.57,23.24,-27.44,Noise,Right
1707209776982,-0.32452,-0.589992,0.821792,35.91,19.74,-26.95,Noise,Right
1707209776982,-0.270352,-0.546072,0.820328,35.7,19.81,-24.99,Noise,Right
1707209776982,-0.265472,-0.543144,0.830088,36.68,21.35,-23.73,Noise,Right
1707209776982,-0.243512,-0.508984,0.841312,35.56,21.35,-26.04,Noise,Right
1707209776982,-0.241072,-0.4636,0.876448,33.74,22.12,-26.74,Noise,Right
1707209777111,-0.25132,-0.45628,0.875472,38.43,20.02,-32.9,Noise,Right
1707209777111,-0.255712,-0.424072,0.718824,28.77,18.76,-26.04,Noise,Right
1707209777111,-0.262544,-0.53924,0.842288,41.16,27.44,-35.42,Noise,Right
1707209777112,-0.247904,-0.324032,0.682224,47.25,43.68,-30.87,Noise,Right
1707209777112,-0.462136,-0.543632,0.969656,41.79,20.72,-35.49,Noise,Right
1707209777112,-0.41236,-0.61,0.793,32.06,-5.88,-35.63,Noise,Right
1707209777113,-0.403576,-0.474336,0.7564,30.73,-9.52,-32.55,Noise,Right
1707209777188,-0.409432,-0.441152,0.771528,24.57,-9.24,-26.6,Noise,Right
1707209777189,-0.406504,-0.421144,0.784704,23.03,-11.13,-15.47,Noise,Right
1707209777242,-0.365512,-0.40016,0.767136,19.95,-16.31,-7.49,Noise,Right
1707209777243,-0.330376,-0.359168,0.76128,11.27,-24.43,-3.15,Noise,Right
1707209777243,-0.337696,-0.36844,0.774456,5.95,-28.84,1.33,Noise,Right
1707209777243,-0.276696,-0.39772,0.761768,-4.13,-33.39,-1.05,Noise,Right
1707209777243,-0.206424,-0.46604,0.73688,-13.93,-32.83,-3.43,Noise,Right
1707209777243,-0.089304,-0.57584,0.709064,-11.69,-25.34,3.29,Noise,Right
1707209777293,-0.023912,-0.577304,0.748104,-20.37,-11.06,-4.55,Noise,Right
1707209777293,-0.024888,-0.665144,0.822768,-13.65,1.19,-6.23,Noise,Right
1707209777294,-0.07808,-0.535824,0.826672,-18.62,7.42,-19.6,Noise,Right
1707209777404,-0.121024,-0.579256,0.83204,-3.64,9.31,-36.26,Noise,Right
1707209777404,-0.180072,-0.415288,0.884256,7.77,9.73,-33.18,Noise,Right
1707209777404,-0.22936,-0.3538,0.898896,1.82,10.29,-26.39,Noise,Right
1707209777404,-0.2562,-0.390888,0.915488,-2.52,10.29,-18.2,Noise,Right
1707209777404,-0.291336,-0.417728,0.942816,-7.42,11.76,-16.94,Noise,Right
1707209777405,-0.335256,-0.460672,0.983808,-12.11,10.57,-16.24,Noise,Right
1707209777505,-0.36844,-0.487512,1.00528,-15.54,3.36,-10.71,Noise,Right
1707209777508,-0.318176,-0.536312,0.891088,-15.12,-1.33,-6.37,Noise,Right
1707209777508,-0.24888,-0.49532,1.098976,-5.18,1.68,5.6,Noise,Right
1707209777509,-0.317688,-0.61976,0.882304,25.69,3.57,-0.77,Noise,Right
1707209777510,-0.303048,-0.629032,0.876448,32.41,3.5,8.82,Noise,Right
1707209777514,-0.267424,-0.511424,0.844728,31.64,7.28,15.96,Noise,Right
1707209777599,-0.190808,-0.543632,0.858392,31.08,10.15,16.03,Noise,Right
1707209777600,-0.210328,-0.554856,0.928664,24.36,13.86,7.42,Noise,Right
1707209777600,-0.239608,-0.366488,0.835456,31.36,15.96,-3.08,Noise,Right
1707209777600,-0.26596,-0.356728,0.916952,29.47,13.09,-11.48,Noise,Right
1707209777600,-0.352824,-0.332328,0.922808,31.22,6.93,-14.77,Noise,Right
1707209777600,-0.232288,-0.0976,1.0492,22.12,48.23,-16.52,Noise,Right
1707209777650,-0.587552,-0.554368,0.813008,25.27,-5.53,-0.91,Noise,Right
1707209777650,-0.44896,-0.47092,0.879864,31.99,-10.78,13.37,Noise,Right
1707209777651,-0.343552,-0.613904,0.797392,36.96,-15.82,17.43,Noise,Right
1707209777707,-0.242048,-0.58804,0.793,33.39,-14.28,16.1,Noise,Right
1707209777707,-0.171288,-0.584624,0.76372,28.42,-8.96,13.51,Noise,Right
1707209777707,-0.133224,-0.532896,0.750544,26.81,-6.79,9.87,Noise,Right
1707209777707,-0.101016,-0.399184,0.700768,20.79,-7.63,4.34,Noise,Right
1707209777757,-0.123464,-0.308416,0.70028,9.45,-6.02,-3.43,Noise,Right
1707209777757,-0.125416,-0.220576,0.685152,-1.75,-5.88,-8.82,Noise,Right
1707209777816,-0.099064,-0.161528,0.708576,-21.07,-5.74,-20.44,Noise,Right
1707209777816,-0.09272,-0.308904,0.687592,-26.11,-2.24,-19.04,Noise,Right
1707209777816,-0.101504,-0.41236,0.728096,-23.59,0.84,-27.58,Noise,Right
1707209777817,-0.155672,-0.40748,0.743224,-22.26,4.2,-25.06,Noise,Right
1707209777861,-0.160064,-0.392352,0.799832,-26.6,6.58,-29.96,Noise,Right
1707209777861,-0.238144,-0.357216,0.889136,-24.22,4.13,-41.3,Noise,Right
1707209777862,-0.262056,-0.378688,0.948672,-29.54,0.98,-39.55,Noise,Right
1707209777908,-0.303048,-0.450424,1.01748,-31.22,1.05,-37.66,Noise,Right
1707209777908,-0.36356,-0.49532,1.080432,-32.41,1.68,-33.04,Noise,Right
1707209777960,-0.388448,-0.564616,1.092632,-27.23,2.94,-22.68,Noise,Right
1707209777961,-0.41968,-0.636352,1.115568,-17.08,3.99,-9.52,Noise,Right
1707209777961,-0.40748,-0.622688,1.062864,-0.56,2.38,2.52,Noise,Right
1707209778077,-0.340624,-0.627568,1.02968,8.82,2.31,15.05,Noise,Right
1707209778078,-0.284016,-0.544608,1.036512,18.83,4.27,22.75,Noise,Right
1707209778078,-0.28792,-0.51484,0.835456,37.59,4.55,21.84,Noise,Right
1707209778078,-0.25132,-0.446032,0.784704,34.3,7.35,23.52,Noise,Right
1707209778079,-0.203496,-0.458232,0.858392,32.2,7.91,17.15,Noise,Right
1707209778079,-0.20008,-0.384056,0.86864,30.17,11.69,5.11,Noise,Right
1707209778079,-0.247904,-0.399672,0.866688,26.74,13.65,-1.47,Noise,Right
1707209778130,-0.317688,-0.388936,0.886696,18.62,14.14,-11.62,Noise,Right
1707209778131,-0.3538,-0.385032,0.842288,10.99,8.47,-17.5,Noise,Right
1707209778131,-0.404552,-0.439688,0.899384,28.77,2.8,9.38,Noise,Right
1707209778213,-0.452376,-0.349408,0.90524,30.03,-6.16,8.75,Noise,Right
1707209778213,-0.427488,-0.355264,0.829112,14.07,-11.48,7.91,Noise,Right
1707209778213,-0.264496,-0.450424,0.75884,13.44,-12.18,14.77,Noise,Right
1707209778213,-0.20496,-0.582672,0.755424,28.28,-10.15,27.51,Noise,Right
1707209778213,-0.16836,-0.51972,0.758352,24.99,-11.41,21.14,Noise,Right
1707209778266,-0.133224,-0.531432,0.72956,24.22,-12.6,15.61,Noise,Right
1707209778266,-0.111264,-0.400648,0.71492,20.65,-9.94,10.99,Noise,Right
1707209778266,-0.11956,-0.347456,0.692472,8.19,-10.15,2.1,Noise,Right
1707209778312,-0.123464,-0.2562,0.689544,-5.18,-10.08,-4.34,Noise,Right
1707209778312,-0.108336,-0.250344,0.711992,-18.62,-10.15,-12.67,Noise,Right
1707209778313,-0.159088,-0.215696,0.705648,-27.44,-11.41,-24.36,Noise,Right
1707209778357,-0.144936,-0.376248,0.762744,-21.77,-9.94,-27.93,Noise,Right
1707209778357,-0.193736,-0.331352,0.794952,-25.62,-5.95,-27.86,Noise,Right
1707209778358,-0.247904,-0.384544,0.824232,-25.06,-5.81,-36.4,Noise,Right
1707209778406,-0.265472,-0.360632,0.914024,-23.24,-8.33,-34.58,Noise,Right
1707209778406,-0.252296,-0.387472,1.00284,-29.47,-8.26,-32.62,Noise,Right
1707209778407,-0.254736,-0.432368,1.043344,-30.45,-6.72,-32.06,Noise,Right
1707209778453,-0.296216,-0.494832,1.082872,-29.47,-3.57,-30.66,Noise,Right
1707209778453,-0.342088,-0.526064,1.075064,-21.07,-0.98,-22.54,Noise,Right
1707209778453,-0.36844,-0.577304,1.049688,-12.11,1.68,-8.82,Noise,Right
1707209778592,-0.342088,-0.581696,1.011624,1.47,1.61,3.92,Noise,Right
1707209778592,-0.306952,-0.550464,0.970144,7.42,4.48,14.21,Noise,Right
1707209778593,-0.277184,-0.538264,0.937448,11.41,6.65,18.62,Noise,Right
1707209778593,-0.249856,-0.507032,0.883768,16.24,8.19,15.96,Noise,Right
1707209778593,-0.250832,-0.609512,0.864248,24.22,6.51,7.28,Noise,Right
1707209778593,-0.249368,-0.493856,0.857904,30.87,9.24,5.67,Noise,Right
1707209778593,-0.217648,-0.417728,0.88328,28.63,10.08,1.4,Noise,Right
1707209778640,-0.263032,-0.38064,0.899384,28.28,12.74,-1.82,Noise,Right
1707209778640,-0.314272,-0.395768,0.922808,26.88,14.07,-5.6,Noise,Right
1707209778641,-0.430416,-0.390888,0.9394,26.74,10.08,-5.32,Noise,Right
1707209778690,-0.50508,-0.384056,0.941352,15.61,2.52,-6.72,Noise,Right
1707209778691,-0.576328,-0.386984,0.891088,5.39,-13.58,-11.55,Noise,Right
1707209778691,-0.489952,-0.385032,0.921832,25.62,-23.03,24.99,Noise,Right
1707209778811,-0.284992,-0.367952,0.793,22.47,-27.02,29.05,Noise,Right
1707209778811,-0.199104,-0.523136,0.738832,18.9,-16.45,34.65,Noise,Right
1707209778811,-0.061976,-0.586576,0.71736,28.84,-4.76,35.14,Noise,Right
1707209778812,-0.070272,-0.633424,0.735416,24.92,-0.35,27.44,Noise,Right
1707209778812,-0.041968,-0.532408,0.703696,26.25,1.47,21.49,Noise,Right
1707209778812,-0.067832,-0.372832,0.704184,21.28,4.76,16.52,Noise,Right
1707209778813,-0.113216,-0.201056,0.67588,5.67,4.06,5.39,Noise,Right
1707209778859,-0.148352,-0.175192,0.713456,-10.57,0.56,-7.84,Noise,Right
1707209778859,-0.20496,-0.244976,0.73444,-11.69,-8.47,-32.83,Noise,Right
1707209778859,-0.188368,-0.221552,0.731512,-19.74,-16.31,-22.05,Noise,Right
1707209778908,-0.1952,-0.243512,0.731512,-32.41,-10.92,-20.72,Noise,Right
1707209778909,-0.250344,-0.366488,0.764696,-34.44,-6.44,-25.9,Noise,Right
1707209778909,-0.315248,-0.330864,0.867176,-34.58,-8.4,-31.57,Noise,Right
1707209778965,-0.329888,-0.406016,0.919392,-40.74,-12.95,-26.18,Noise,Right
1707209778965,-0.320128,-0.45384,0.989176,-37.73,-17.15,-23.45,Noise,Right
1707209778966,-0.274744,-0.467992,1.065304,-34.51,-19.74,-21.91,Noise,Right
1707209778966,-0.22692,-0.484096,1.092632,-31.99,-16.73,-17.85,Noise,Right
1707209779016,-0.199592,-0.562664,1.088728,-28.49,-8.68,-12.6,Noise,Right
1707209779016,-0.216184,-0.6466,1.065304,-21.07,1.12,-7.42,Noise,Right
1707209779133,-0.262544,-0.662704,1.052616,-5.74,6.09,-2.59,Noise,Right
1707209779133,-0.27084,-0.634888,0.996496,4.41,8.89,3.57,Noise,Right
1707209779133,-0.27084,-0.582184,0.959896,14.21,10.99,7.28,Noise,Right
1707209779134,-0.2684,-0.514352,0.925248,19.04,11.83,6.58,Noise,Right
1707209779134,-0.25132,-0.406016,0.907192,18.2,13.72,8.96,Noise,Right
1707209779134,-0.244976,-0.411384,0.885232,30.73,11.83,1.12,Noise,Right
1707209779134,-0.268888,-0.366488,0.850096,32.41,11.2,-1.82,Noise,Right
1707209779182,-0.268888,-0.323544,0.84912,29.68,12.67,-5.04,Noise,Right
1707209779182,-0.340136,-0.334768,0.901336,25.55,14.84,-4.06,Noise,Right
1707209779182,-0.434808,-0.362096,0.93208,26.04,11.55,-1.4,Noise,Right
1707209779231,-0.549976,-0.411872,0.967216,26.6,0.91,5.39,Noise,Right
1707209779232,-0.55388,-0.364536,0.947208,20.93,-9.87,6.65,Noise,Right
1707209779232,-0.463112,-0.36844,0.910608,15.05,-17.08,21.7,Noise,Right
1707209779339,-0.349896,-0.39528,0.789584,23.38,-26.95,35.35,Noise,Right
1707209779339,-0.2196,-0.548512,0.707112,27.09,-22.75,43.54,Noise,Right
1707209779339,-0.053192,-0.571936,0.67832,25.27,-13.72,41.93,Noise,Right
1707209779339,0.010248,-0.589016,0.672952,21.21,-2.66,34.3,Noise,Right
1707209779339,0.006832,-0.493368,0.698328,16.66,3.99,23.1,Noise,Right
1707209779339,-0.007808,-0.385032,0.699792,12.04,5.74,13.93,Noise,Right
1707209779339,-0.032696,-0.273768,0.631472,-2.94,5.88,-3.71,Noise,Right
1707209779384,-0.108336,-0.15128,0.905728,-24.22,5.81,-25.9,Noise,Right
1707209779384,-0.083448,-0.244488,0.818376,-25.06,-0.77,-30.03,Noise,Right
1707209779431,-0.142008,-0.284016,0.827648,-24.71,-6.79,-34.65,Noise,Right
1707209779432,-0.182512,-0.421144,0.841312,-22.68,-3.78,-36.82,Noise,Right
1707209779432,-0.198128,-0.428952,0.83936,-27.37,1.82,-33.18,Noise,Right
1707209779543,-0.264496,-0.493368,0.802272,-20.3,2.24,-38.99,Noise,Right
1707209779545,-0.278648,-0.474824,0.785192,-11.48,-1.12,-39.9,Noise,Right
1707209779545,-0.257664,-0.373808,0.8418,-21.28,-3.36,-42.98,Noise,Right
1707209779546,-0.302072,-0.286944,0.937936,-20.16,-4.2,-43.05,Noise,Right
1707209779546,-0.3538,-0.321104,1.043344,-26.39,-5.95,-35.98,Noise,Right
1707209779546,-0.413336,-0.373808,1.105808,-28.49,-8.12,-30.8,Noise,Right
1707209779546,-0.4392,-0.46848,1.134112,-21.84,-9.94,-18.97,Noise,Right
1707209779650,-0.400648,-0.55144,1.110688,-15.47,-12.46,-4.27,Noise,Right
1707209779651,-0.333304,-0.611952,1.064328,-4.83,-8.05,10.29,Noise,Right
1707209779657,-0.286456,-0.647576,1.033584,4.27,-3.22,22.33,Noise,Right
1707209779659,-0.246928,-0.655384,0.984784,15.89,-1.12,30.24,Noise,Right
1707209779659,-0.147376,-0.589992,1.011624,25.06,2.38,30.31,Noise,Right
1707209779659,-0.189344,-0.515328,0.914512,42.77,4.76,19.74,Noise,Right
1707209779692,-0.183976,-0.483608,0.755424,39.41,2.52,10.29,Noise,Right
1707209779693,-0.237168,-0.325984,0.866688,38.36,0.84,4.83,Noise,Right
1707209779743,-0.265472,-0.328424,0.837896,32.2,-1.89,-0.21,Noise,Right
1707209779743,-0.32696,-0.281576,0.859368,25.13,-6.65,-3.57,Noise,Right
1707209779743,-0.396744,-0.335744,0.792024,21.98,-15.19,-6.93,Noise,Right
1707209779850,-0.4758,-0.299144,0.865224,8.4,-17.01,-2.87,Noise,Right
1707209779851,-0.5002,-0.32696,0.831552,7.28,-30.59,12.18,Noise,Right
1707209779851,-0.476776,-0.362096,0.787632,7.98,-45.85,27.79,Noise,Right
1707209779851,-0.339648,-0.349896,0.743224,-4.83,-55.3,34.3,Noise,Right
1707209779852,-0.216184,-0.33916,0.546072,-36.47,-68.74,11.06,Noise,Right
1707209779852,-0.111752,-0.299144,0.732976,-71.75,-53.9,39.48,Noise,Right
1707209779852,-0.017568,-0.534848,0.609512,-19.39,-50.19,-6.23,Noise,Right
1707209779956,-0.040992,-0.343552,0.657336,-23.03,-47.39,-15.89,Noise,Right
1707209779956,-0.031232,-0.29036,0.698816,-44.94,-48.09,30.17,Noise,Right
1707209779956,-0.045384,-0.36356,0.676368,-91.56,-53.27,56.21,Noise,Right
1707209779957,-0.040016,-0.245464,0.702232,-171.64,-56.28,94.92,Noise,Right
1707209779957,-0.228384,-0.415288,0.563152,-218.82,-61.81,110.11,Noise,Right
1707209779957,-0.190808,-0.669048,0.72468,-222.6,-46.69,77.56,Noise,Right
1707209780009,-0.276696,-0.5856,0.538752,-175.07,14.49,19.18,Noise,Right
1707209780009,-0.45384,-0.56852,0.569984,-198.31,32.48,47.39,Noise,Right
1707209780010,-0.4392,-0.658312,0.544608,-199.15,38.78,95.2,Noise,Right
1707209780140,-0.05856,-0.916952,0.51728,-215.32,-7.35,89.81,Noise,Right
1707209780140,-0.299632,-0.75396,0.428464,-264.74,-6.44,61.6,Noise,Right
1707209780140,-0.123464,-0.879376,0.410408,-338.94,-61.88,40.32,Noise,Right
1707209780140,-0.416264,-0.94672,0.5978,-295.75,-4.9,69.3,Noise,Right
1707209780140,-0.160552,-1.00528,0.391376,-272.79,73.29,96.18,Noise,Right
1707209780140,-0.152744,-1.01016,0.47092,-293.23,69.93,102.2,Noise,Right
1707209780140,-0.247416,-1.069208,0.356728,-270.97,91.49,79.38,Noise,Right
1707209780204,-0.296216,-1.186816,0.202032,-233.52,122.99,61.39,Noise,Right
1707209780212,-0.355752,-1.23952,0.101504,-221.97,171.99,57.82,Noise,Right
1707209780213,-0.4392,-1.290272,-0.22692,-242.76,230.58,61.39,Noise,Right
1707209780215,-0.424072,-1.336144,-0.43188,-276.78,219.87,43.68,Noise,Right
1707209780335,-0.488,-1.262456,-0.508496,-233.73,149.45,16.31,Noise,Right
1707209780335,-0.321592,-1.00284,-0.605608,-184.17,294.63,11.48,Noise,Right
1707209780335,-0.212768,-1.180472,-0.447496,-156.24,287.28,10.29,Noise,Right
1707209780336,-0.252784,-1.164856,-0.60756,-203.56,270.13,1.33,Noise,Right
1707209780336,-0.198128,-0.98576,-0.943304,-202.02,228.48,-18.41,Noise,Right
1707209780336,-0.101016,-0.938912,-0.997472,-104.02,121.31,-10.64,Noise,Right
1707209780336,-0.024888,-0.919392,-0.81496,-41.02,118.65,4.69,Noise,Right
1707209780453,-0.175192,-0.691984,-0.726144,-61.6,170.87,12.53,Noise,Right
1707209780453,-0.184464,-0.567544,-0.622688,-64.54,142.59,12.6,Noise,Right
1707209780454,-0.260104,-0.586088,-0.633424,-87.29,157.57,17.99,Noise,Right
1707209780454,-0.22448,-0.623176,-0.793,-97.09,208.53,18.9,Noise,Right
1707209780454,-0.109312,-0.608536,-0.749568,-71.61,263.06,17.5,Noise,Right
1707209780454,-0.023424,-0.470432,-0.709064,-67.2,227.64,25.76,Noise,Right
1707209780454,0.120536,-0.539728,-0.633912,-73.99,343.14,35.49,Noise,Right
1707209780500,0.137128,-0.43432,-0.467016,-108.92,201.46,32.06,Noise,Right
1707209780500,0.045872,-0.526064,-0.632448,-155.26,-19.11,50.47,Noise,Right
1707209780501,-0.128344,-0.532896,-0.675392,-160.51,-116.69,78.96,Noise,Right
1707209780550,-0.172752,-0.40016,-0.876448,-127.68,-91.7,60.62,Noise,Right
1707209780550,-0.03904,-0.377224,-0.888648,-99.89,65.38,10.78,Noise,Right
1707209780550,0.008296,-0.498736,-0.93696,-75.88,102.62,-10.57,Noise,Right
1707209780680,0.073688,-0.481656,-0.95892,-39.41,178.64,-21.07,Noise,Right
1707209780680,0.21472,-0.478728,-0.800808,-20.09,212.73,-49.63,Noise,Right
1707209780681,0.322568,-0.462136,-0.692472,-23.31,213.85,-44.24,Noise,Right
1707209780681,0.391376,-0.4636,-0.698328,-46.69,113.89,-18.62,Noise,Right
1707209780681,0.32452,-0.406504,-0.789584,-63.91,37.52,7.14,Noise,Right
1707209780681,0.316712,-0.351848,-0.82228,-62.93,63.56,7.14,Noise,Right
1707209780681,0.249368,-0.303536,-0.765672,-56.49,133.56,4.9,Noise,Right
1707209780744,0.303048,-0.312808,-0.853512,-59.5,178.08,-0.98,Noise,Right
1707209780745,0.430416,-0.289872,-0.843264,-48.86,141.96,-5.46,Noise,Right
1707209780745,0.519232,-0.347456,-0.791536,-40.74,93.52,-2.94,Noise,Right
1707209780746,0.557296,-0.359656,-0.79056,-34.23,74.55,9.8,Noise,Right
1707209780795,0.577792,-0.369904,-0.921832,-26.53,98.98,10.15,Noise,Right
1707209780795,0.391376,-0.3172,-0.851072,-0.63,64.47,-0.42,Noise,Right
1707209780795,0.5978,-0.284992,-0.72956,-3.01,118.3,-14.21,Noise,Right
1707209780859,0.571448,-0.296704,-0.637816,-17.29,68.67,-19.95,Noise,Right
1707209780860,0.654896,-0.305488,-0.626592,-34.72,41.37,-5.53,Noise,Right
1707209780860,0.704184,-0.343552,-0.679784,-39.06,52.01,7.49,Noise,Right
1707209780904,0.665632,-0.315736,-0.720776,-35.7,54.04,26.32,Noise,Right
1707209780904,0.61488,-0.289384,-0.772992,-29.68,73.71,31.5,Noise,Right
1707209780904,0.563152,-0.281088,-0.760792,-15.54,119.07,21.42,Noise,Right
1707209780904,0.569984,-0.241072,-0.733464,-4.13,119.56,7.0,Noise,Right
1707209780954,0.550952,-0.220576,-0.659776,-8.82,96.95,-4.55,Noise,Right
1707209780954,0.669536,-0.220088,-0.667096,-7.84,104.86,-18.2,Noise,Right
1707209781004,0.725168,-0.262544,-0.621224,-12.04,63.07,-22.82,Noise,Right
1707209781004,0.788608,-0.266448,-0.63684,-19.46,34.93,-14.98,Noise,Right
1707209781005,0.802272,-0.280112,-0.716872,-4.13,49.91,-10.71,Noise,Right
1707209781086,0.811056,-0.264496,-0.722728,20.72,69.44,-12.81,Noise,Right
1707209781086,0.861808,-0.187392,-0.6222,31.15,75.46,-6.02,Noise,Right
1707209781086,0.891088,-0.201544,-0.496784,20.65,70.14,8.4,Noise,Right
1707209781086,0.893528,-0.183488,-0.46848,-0.14,62.3,19.95,Noise,Right
1707209781086,0.845704,-0.23424,-0.507032,-13.16,54.46,23.38,Noise,Right
1707209781138,0.784704,-0.2684,-0.542168,-11.2,43.4,14.14,Noise,Right
1707209781139,0.767136,-0.265472,-0.506544,-7.28,28.14,2.17,Noise,Right
1707209781139,0.743712,-0.269864,-0.522648,-5.6,12.11,-7.7,Noise,Right
1707209781188,0.772016,-0.273768,-0.527528,3.64,6.51,-18.06,Noise,Right
1707209781189,0.788608,-0.27816,-0.55388,10.15,-4.06,-20.44,Noise,Right
1707209781189,0.855464,-0.237656,-0.51728,16.31,14.84,-11.34,Noise,Right
1707209781285,0.881816,-0.249856,-0.500688,17.08,22.19,-0.49,Noise,Right
1707209781285,0.865224,-0.223504,-0.494832,13.44,22.61,7.28,Noise,Right
1707209781286,0.84668,-0.202032,-0.430416,10.08,20.58,8.33,Noise,Right
1707209781286,0.735904,-0.217648,-0.462624,13.37,9.52,-12.46,Noise,Right
1707209781286,0.757376,-0.183976,-0.508008,11.27,-15.33,-23.66,Noise,Right
1707209781288,0.836432,-0.211304,-0.46116,4.83,-14.14,-21.35,Noise,Right
1707209781341,0.828136,-0.247904,-0.472872,3.78,-10.01,-18.69,Noise,Right
1707209781342,0.8662,-0.223016,-0.413336,7.0,-7.14,-16.8,Noise,Right
1707209781342,0.855952,-0.211304,-0.462624,6.86,-3.85,-20.72,Noise,Right
1707209781387,0.897432,-0.237168,-0.53436,11.83,-10.29,-19.39,Noise,Right
1707209781387,0.886208,-0.240096,-0.598288,13.51,-3.57,-16.03,Noise,Right
1707209781387,0.90036,-0.211792,-0.582672,18.69,-8.19,-11.69,Noise,Right
1707209781432,0.9394,-0.20008,-0.527528,16.24,3.85,-2.66,Noise,Right
1707209781433,0.87108,-0.221064,-0.500688,19.67,18.48,-6.86,Noise,Right
1707209781433,0.917928,-0.193736,-0.474824,22.89,42.28,-9.45,Noise,Right
1707209781479,0.81252,-0.237168,-0.367952,14.91,9.94,-15.75,Noise,Right
1707209781479,0.811056,-0.254736,-0.380152,8.4,-1.89,-26.25,Noise,Right
1707209781533,0.8784,-0.245464,-0.354776,9.31,-30.87,-34.79,Noise,Right
1707209781533,0.891576,-0.225456,-0.427488,10.64,-27.72,-37.17,Noise,Right
1707209781534,0.906216,-0.216672,-0.533384,10.43,-26.18,-36.82,Noise,Right
1707209781649,0.887672,-0.185928,-0.57096,12.18,-17.92,-32.06,Noise,Right
1707209781649,0.833504,-0.186416,-0.537776,10.22,-1.96,-30.31,Noise,Right
1707209781649,0.811056,-0.199592,-0.490928,6.3,-13.65,-29.19,Noise,Right
1707209781649,0.859368,-0.196664,-0.437248,4.62,-25.62,-31.99,Noise,Right
1707209781650,0.925248,-0.178608,-0.426512,7.28,-28.98,-35.77,Noise,Right
1707209781650,0.888648,-0.096624,-0.387472,11.97,-16.03,-38.22,Noise,Right
1707209781650,0.869616,-0.116632,-0.391864,16.1,-7.07,-41.09,Noise,Right
1707209781697,0.792024,-0.142496,-0.449936,18.13,-19.74,-40.32,Noise,Right
1707209781698,0.774944,-0.145912,-0.441152,18.55,-27.58,-37.66,Noise,Right
1707209781698,0.740296,-0.172264,-0.435296,19.6,-15.61,-34.02,Noise,Right
1707209781743,0.692472,-0.135176,-0.46116,20.3,-22.47,-33.39,Noise,Right
1707209781743,0.737368,-0.13664,-0.489464,16.8,-25.83,-31.29,Noise,Right
1707209781743,0.769576,-0.124928,-0.494344,23.8,-23.17,-28.42,Noise,Right
1707209781792,0.79056,-0.13176,-0.49044,21.07,-13.16,-30.24,Noise,Right
1707209781792,0.805688,-0.138592,-0.518744,19.04,2.03,-28.49,Noise,Right
1707209781792,0.79544,-0.10248,-0.606584,15.54,2.87,-22.54,Noise,Right
1707209781844,0.808128,-0.08784,-0.579744,17.22,5.67,-16.87,Noise,Right
1707209781844,0.869616,-0.07564,-0.609512,10.5,7.14,-13.37,Noise,Right
1707209781897,0.915,-0.045384,-0.691984,4.83,5.46,-12.67,Noise,Right
1707209781897,0.975024,-0.12688,-0.770064,13.3,-0.7,-3.43,Noise,Right
1707209781897,0.956968,-0.118584,-0.70272,15.54,-2.59,-1.33,Noise,Right
1707209781898,0.998936,-0.193248,-0.713456,20.23,-9.03,4.27,Noise,Right
1707209781945,0.931104,-0.02928,-0.538752,24.36,-0.49,10.71,Noise,Right
1707209781945,0.858392,-0.031232,-0.481656,21.98,10.64,3.85,Noise,Right
1707209781946,0.799832,-0.070272,-0.4636,8.33,4.55,-3.01,Noise,Right
1707209781991,0.812032,-0.096136,-0.453352,-1.68,-0.42,-10.99,Noise,Right
1707209781991,0.853512,-0.148352,-0.518744,-5.46,-3.22,-16.66,Noise,Right
1707209781991,0.882792,-0.155184,-0.57096,-4.2,-12.6,-15.19,Noise,Right
1707209782038,0.92476,-0.169336,-0.563152,-0.91,-21.0,-10.29,Noise,Right
1707209782039,0.920368,-0.11956,-0.532896,8.75,-6.3,-2.1,Noise,Right
1707209782090,0.826672,-0.045384,-0.504592,11.83,0.91,0.28,Noise,Right
1707209782090,0.75884,-0.044408,-0.50264,6.58,-11.62,-2.73,Noise,Right
1707209782090,0.698816,-0.0488,-0.438712,2.66,-17.85,-5.46,Noise,Right
1707209782204,0.64416,-0.080032,-0.41724,-2.03,-24.85,-10.43,Noise,Right
1707209782205,0.742736,-0.115656,-0.465064,-3.22,-27.23,-9.17,Noise,Right
1707209782206,0.790072,-0.122,-0.506056,-1.33,-8.33,-3.64,Noise,Right
1707209782206,0.765184,-0.100528,-0.506544,-1.4,8.33,-0.07,Noise,Right
1707209782207,0.792024,-0.115656,-0.508008,-2.8,13.02,1.75,Noise,Right
1707209782207,0.858392,-0.123952,-0.462136,-0.49,23.17,5.39,Noise,Right
1707209782207,0.831064,-0.113216,-0.449448,2.52,25.83,5.18,Noise,Right
1707209782255,0.851072,-0.130296,-0.434808,1.54,24.57,2.66,Noise,Right
1707209782257,0.789584,-0.044896,-0.436272,1.33,23.45,0.77,Noise,Right
1707209782257,0.779824,-0.059048,-0.5612,-8.82,12.11,-4.69,Noise,Right
1707209782385,0.860344,-0.081496,-0.616832,-8.68,-3.22,-1.75,Noise,Right
1707209782386,0.885232,-0.010248,-0.50996,-13.93,5.81,-3.29,Noise,Right
1707209782386,0.951112,-0.127856,-0.614392,-2.59,22.26,3.29,Noise,Right
1707209782386,0.90036,-0.148352,-0.532408,3.85,29.47,7.91,Noise,Right
1707209782386,0.913048,-0.183,-0.540704,8.26,24.71,9.17,Noise,Right
1707209782386,0.90768,-0.16104,-0.493368,14.77,20.37,9.1,Noise,Right
1707209782386,0.920368,-0.072712,-0.425536,11.06,12.88,6.37,Noise,Right
1707209782501,0.959896,-0.117608,-0.469456,2.45,7.84,-3.57,Noise,Right
1707209782501,0.974048,-0.122,-0.491904,-3.08,-2.87,-11.13,Noise,Right
1707209782502,0.999424,-0.14396,-0.572912,-8.82,-25.62,-17.92,Noise,Right
1707209782502,1.005768,-0.138592,-0.630496,-9.1,-42.98,-19.46,Noise,Right
1707209782502,1.012112,-0.13176,-0.656848,-5.25,-61.46,-18.83,Noise,Right
1707209782502,1.023336,-0.127856,-0.613904,1.47,-66.92,-12.81,Noise,Right
1707209782503,0.955016,-0.102968,-0.534848,9.66,-55.02,-6.72,Noise,Right
1707209782549,0.808128,-0.055632,-0.457256,19.53,-30.31,-0.56,Noise,Right
1707209782550,0.655872,-0.055144,-0.382592,6.79,-26.81,-9.94,Noise,Right
1707209782550,0.654896,-0.092232,-0.401624,-2.73,-30.87,-15.12,Noise,Right
1707209782595,0.668072,-0.12688,-0.406504,-5.88,-28.14,-16.52,Noise,Right
1707209782596,0.710528,-0.130296,-0.460184,-2.59,-24.15,-13.44,Noise,Right
1707209782596,0.753472,-0.08052,-0.497272,-0.42,-15.05,-10.57,Noise,Right
1707209782643,0.79056,-0.070272,-0.54168,1.47,-1.12,-7.63,Noise,Right
1707209782643,0.798856,-0.072224,-0.567544,5.81,7.35,-1.47,Noise,Right
1707209782644,0.80032,-0.04636,-0.494344,7.77,16.66,2.59,Noise,Right
1707209782694,0.760304,-0.058072,-0.4758,7.42,22.47,2.87,Noise,Right
1707209782695,0.716872,-0.05124,-0.406016,2.38,17.85,-0.63,Noise,Right
1707209782695,0.714432,-0.067832,-0.377712,-7.42,8.82,-8.33,Noise,Right
1707209782819,0.764696,-0.12932,-0.447984,-11.69,2.94,-11.13,Noise,Right
1707209782819,0.932568,-0.101016,-0.589016,0.91,6.3,-7.0,Noise,Right
1707209782820,0.980392,-0.084912,-0.65636,12.25,24.01,0.0,Noise,Right
1707209782820,0.970632,-0.064416,-0.684176,20.58,32.27,5.74,Noise,Right
1707209782820,0.861808,-0.032696,-0.616832,21.28,25.55,5.88,Noise,Right
1707209782820,0.852048,-0.027328,-0.496296,15.75,14.07,3.57,Noise,Right
1707209782820,0.844728,-0.096136,-0.489464,9.73,14.14,1.89,Noise,Right
1707209782926,0.815936,-0.099552,-0.50264,4.34,11.69,0.42,Noise,Right
1707209782926,0.853512,-0.100528,-0.516304,-3.92,6.51,-5.46,Noise,Right
1707209782926,0.869128,-0.067344,-0.50996,-19.32,1.47,-16.24,Noise,Right
1707209782926,1.10044,-0.183,-0.714432,-12.04,-8.19,-10.29,Noise,Right
1707209782926,1.072624,-0.169336,-0.73932,2.38,-15.26,-4.55,Noise,Right
1707209782926,1.016016,-0.157624,-0.62952,13.93,-31.29,-1.54,Noise,Right
1707209783026,0.978928,-0.098576,-0.456768,17.08,-37.1,2.94,Noise,Right
1707209783026,0.864736,-0.10004,-0.501664,20.44,-19.67,-2.94,Noise,Right
1707209783027,0.81252,-0.081008,-0.500688,20.44,-19.81,1.19,Noise,Right
1707209783027,0.692472,-0.032696,-0.44164,11.69,-19.6,-5.81,Noise,Right
1707209783027,0.72712,-0.067344,-0.499712,-0.07,-23.31,-13.79,Noise,Right
1707209783028,0.782264,-0.072224,-0.540216,-0.35,-13.72,-12.11,Noise,Right
1707209783078,0.79788,-0.037576,-0.561688,-2.38,-8.68,-10.22,Noise,Right
1707209783078,0.833504,-0.05124,-0.586088,-3.92,-12.04,-7.07,Noise,Right
1707209783079,0.85156,-0.067832,-0.567056,-3.5,-12.39,-2.87,Noise,Right
1707209783212,0.842776,-0.086376,-0.542168,0.49,-8.19,1.05,Noise,Right
1707209783212,0.818864,-0.074176,-0.500688,6.44,-4.13,4.41,Noise,Right
1707209783213,0.77348,-0.069296,-0.473848,6.93,-1.68,5.18,Noise,Right
1707209783213,0.760304,-0.087352,-0.461648,6.93,-6.23,3.57,Noise,Right
1707209783213,0.762744,-0.106384,-0.460184,5.53,-7.14,0.0,Noise,Right
1707209783214,0.760304,-0.106872,-0.467504,7.42,-3.15,0.21,Noise,Right
1707209783214,0.7198,-0.10736,-0.47336,8.33,1.89,1.68,Noise,Right
1707209783266,0.735416,-0.108824,-0.474824,7.35,4.41,0.84,Noise,Right
1707209783268,0.760792,-0.114192,-0.476288,4.76,7.84,-3.15,Noise,Right
1707209783268,0.801296,-0.094672,-0.509472,-4.55,4.55,-8.75,Noise,Right
1707209783268,0.931104,-0.1342,-0.619272,-3.15,10.99,-4.48,Noise,Right
1707209783384,0.931592,-0.089792,-0.618296,5.74,24.08,2.87,Noise,Right
1707209783385,0.894016,-0.075152,-0.640744,11.06,29.26,6.3,Scoop,Right
1707209783385,0.835944,-0.047824,-0.578768,8.89,21.28,6.86,Scoop,Right
1707209783385,0.812032,-0.0732,-0.496296,4.55,22.12,5.25,Scoop,Right
1707209783386,0.766648,-0.096136,-0.464576,-0.21,24.43,1.54,Scoop,Right
1707209783386,0.778848,-0.127368,-0.469944,-5.11,26.81,0.14,Scoop,Right
1707209783386,0.809104,-0.133712,-0.464088,-8.68,29.82,-3.01,Scoop,Right
1707209783436,0.889624,-0.155672,-0.572912,-9.94,21.21,-6.51,Scoop,Right
1707209783436,1.085312,-0.177144,-0.650016,-9.1,-1.26,4.34,Scoop,Right
1707209783436,1.12484,-0.086864,-0.609512,10.15,11.34,7.56,Scoop,Right
1707209783542,1.030168,-0.069784,-0.589992,12.46,-5.95,5.67,Scoop,Right
1707209783543,0.98576,-0.079544,-0.533384,10.92,-20.58,4.55,Scoop,Right
1707209783543,0.918904,-0.076616,-0.495808,8.89,-16.66,4.9,Scoop,Right
1707209783543,0.799832,-0.086864,-0.497272,7.07,-11.2,-0.84,Scoop,Right
1707209783543,0.772992,-0.12688,-0.490928,5.04,-14.77,-6.02,Scoop,Right
1707209783544,0.82716,-0.116632,-0.45872,0.63,-17.78,-6.3,Scoop,Right
1707209783544,0.854,-0.130784,-0.471896,-1.89,-14.63,-8.54,Scoop,Right
1707209783588,0.89792,-0.138104,-0.5124,-2.38,-21.0,-7.28,Scoop,Right
1707209783589,0.920856,-0.11956,-0.549,2.59,-23.1,-3.36,Scoop,Right
1707209783589,0.936472,-0.110288,-0.574376,10.43,-20.58,1.05,Scoop,Right
1707209783729,0.760304,-0.093696,-0.562176,13.58,-17.15,5.88,Scoop,Right
1707209783729,0.815448,-0.060512,-0.474336,16.73,-8.12,9.38,Scoop,Right
1707209783729,0.722728,-0.059048,-0.410408,6.93,-3.43,4.13,Scoop,Right
1707209783730,0.6222,-0.089792,-0.421144,-0.35,-8.19,-5.88,Scoop,Right
1707209783730,0.650992,-0.133224,-0.447496,-2.94,-15.4,-5.32,Scoop,Right
1707209783730,0.704184,-0.130784,-0.407968,-5.11,-8.33,-7.0,Scoop,Right
1707209783730,0.748592,-0.11712,-0.358192,-19.04,-3.71,-12.88,Scoop,Right
1707209783779,0.842288,-0.210328,-0.489464,-15.4,6.23,-10.85,Scoop,Right
1707209783779,0.85888,-0.190808,-0.532408,-13.16,8.89,-9.59,Scoop,Right
1707209783780,0.974048,-0.173728,-0.604144,4.83,14.28,3.99,Scoop,Right
1707209783780,0.916464,-0.078568,-0.565592,12.11,26.46,9.73,Scoop,Right
1707209783933,0.818864,-0.030256,-0.50996,11.48,21.77,8.05,Scoop,Right
1707209783934,0.835456,-0.08296,-0.527528,7.21,13.23,4.76,Scoop,Right
1707209783934,0.81252,-0.088328,-0.462624,4.41,15.4,3.15,Scoop,Right
1707209783934,0.765184,-0.10248,-0.422608,-1.05,20.72,-0.14,Scoop,Right
1707209783935,0.786168,-0.130784,-0.467992,-7.77,15.4,-4.06,Scoop,Right
1707209783935,0.91012,-0.159576,-0.552416,-5.88,18.83,-2.94,Scoop,Right
1707209783936,0.913048,-0.116144,-0.568032,0.42,19.6,-1.96,Scoop,Right
1707209784054,1.04188,-0.155184,-0.688568,6.3,14.07,6.37,Scoop,Right
1707209784054,1.00528,-0.081984,-0.643184,14.0,10.64,10.29,Scoop,Right
1707209784054,0.992104,-0.066368,-0.565592,12.11,-0.91,9.24,Scoop,Right
1707209784055,0.965752,-0.083936,-0.54412,8.33,-3.78,6.3,Scoop,Right
1707209784055,0.910608,-0.091744,-0.480192,3.29,-1.19,4.62,Scoop,Right
1707209784055,0.853512,-0.10492,-0.48312,-3.15,-8.54,-2.38,Scoop,Right
1707209784055,0.996008,-0.144936,-0.518256,-6.86,-23.24,-8.05,Scoop,Right
1707209784055,0.92964,-0.14396,-0.472872,-5.53,-33.32,-8.96,Scoop,Right
1707209784153,0.945256,-0.142984,-0.477264,-3.15,-31.01,-11.13,Scoop,Right
1707209784153,0.913536,-0.136152,-0.531432,2.59,-28.91,-8.54,Scoop,Right
1707209784153,0.890112,-0.133712,-0.554368,9.31,-28.56,-3.22,Scoop,Right
1707209784155,0.977464,-0.175192,-0.412848,22.33,-20.23,11.27,Scoop,Right
1707209784155,0.809104,-0.0366,-0.357704,18.41,-4.34,5.18,Scoop,Right
1707209784155,0.6344,-0.055632,-0.38796,-0.7,-23.24,-10.57,Scoop,Right
1707209784155,0.67344,-0.133224,-0.415288,-4.13,-35.35,-14.14,Scoop,Right
1707209784254,0.660264,-0.11712,-0.389424,-2.8,-31.01,-12.04,Scoop,Right
1707209784254,0.68076,-0.118096,-0.406992,-6.58,-23.38,-15.54,Scoop,Right
1707209784254,0.664656,-0.122,-0.366976,-23.87,-18.55,-24.92,Scoop,Right
1707209784254,0.90036,-0.236192,-0.586088,-20.02,-10.64,-16.94,Scoop,Right
1707209784254,0.916464,-0.128832,-0.555832,-3.99,13.44,-0.56,Scoop,Right
1707209784304,0.914024,-0.105408,-0.590968,9.66,26.53,9.87,Scoop,Right
1707209784304,0.848144,-0.062952,-0.571936,12.25,20.37,9.38,Scoop,Right
1707209784304,0.854,-0.042456,-0.548512,10.57,8.54,6.86,Scoop,Right
1707209784435,0.834968,-0.029768,-0.562664,6.37,9.87,4.27,Scoop,Right
1707209784436,0.761768,-0.025376,-0.59536,0.42,12.88,3.57,Scoop,Right
1707209784436,0.52216,-0.013176,-0.561688,-10.64,12.81,1.89,Scoop,Right
1707209784436,0.399672,-0.014152,-0.572424,-16.52,3.08,-17.64,Scoop,Right
1707209784437,0.37088,0.002928,-0.740784,-17.08,-43.26,-43.12,Scoop,Right
1707209784437,0.42944,0.017568,-0.860832,24.92,-40.18,-91.42,Scoop,Right
1707209784437,0.735904,0.045872,-0.815936,56.7,-40.39,-88.62,Scoop,Right
1707209784549,0.933056,0.041968,-0.76616,75.88,-3.43,-67.69,Scoop,Right
1707209784554,1.044808,-0.000488,-0.707112,85.33,26.53,-33.04,Scoop,Right
1707209784554,1.051152,-0.081984,-0.626592,96.6,37.73,-10.36,Scoop,Right
1707209784554,1.05408,-0.174216,-0.554368,103.53,19.81,2.38,Scoop,Right
1707209784554,1.04432,-0.263032,-0.52216,114.1,-5.53,16.24,Scoop,Right
1707209784555,0.960384,-0.29524,-0.49776,129.22,-30.31,27.93,Scoop,Right
1707209784555,0.842288,-0.238632,-0.50264,148.82,-26.11,26.32,Scoop,Right
1707209785522,0.718824,-0.213256,-0.472872,165.97,-21.91,19.11,Scoop,Right
1707209785531,0.645624,-0.190808,-0.44652,167.51,-20.37,13.65,Scoop,Right
1707209785531,0.625128,-0.190808,-0.424072,157.71,-16.94,9.24,Scoop,Right
1707209785531,0.658312,-0.235704,-0.376736,141.75,-9.31,13.23,Scoop,Right
1707209785531,0.667096,-0.2684,-0.335744,134.12,21.49,23.38,Scoop,Right
1707209785532,0.679296,-0.290848,-0.291824,125.65,33.95,24.29,Scoop,Right
1707209785532,0.746152,-0.324032,-0.273768,113.33,10.22,24.01,Scoop,Right
1707209785532,0.849608,-0.380152,-0.296216,98.49,-36.26,33.46,Scoop,Right
1707209785538,0.920856,-0.384056,-0.33428,87.99,-81.76,47.6,Scoop,Right
1707209785538,0.890112,-0.414312,-0.319152,84.07,-77.49,61.95,Scoop,Right
1707209785539,0.841312,-0.38552,-0.306952,82.46,-18.97,69.09,Scoop,Right
1707209785539,0.767136,-0.404552,-0.284504,79.8,42.7,62.93,Scoop,Right
1707209785539,0.69296,-0.49776,-0.326472,83.79,63.56,49.35,Scoop,Right
1707209785573,0.730536,-0.51484,-0.364536,77.98,24.64,40.11,Scoop,Right
1707209785574,0.786168,-0.567056,-0.393328,64.54,-55.86,35.56,Scoop,Right
1707209785574,0.839848,-0.567056,-0.398696,53.2,-94.36,38.78,Scoop,Right
1707209785574,0.818376,-0.518256,-0.38308,51.94,-109.97,46.97,Scoop,Right
1707209785575,0.533872,-0.541192,-0.594384,61.25,-42.28,61.67,Scoop,Right
1707209785575,0.86376,-0.699304,-0.103944,81.2,19.95,57.47,Scoop,Right
1707209785575,0.647576,-0.643184,-0.25376,88.9,7.14,58.1,Scoop,Right
1707209785579,0.73932,-0.59292,-0.154696,58.73,63.21,73.36,Scoop,Right
1707209785580,0.701744,-0.716384,-0.298656,32.97,24.78,58.45,Scoop,Right
1707209785580,0.708088,-0.73444,-0.37576,21.77,9.66,49.28,Scoop,Right
1707209785580,0.729072,-0.795928,-0.439688,28.42,-24.85,45.85,Scoop,Right
1707209785586,0.73932,-0.841312,-0.43676,44.94,-61.11,45.29,Scoop,Right
1707209785587,0.585112,-0.894504,-0.487024,63.35,-84.49,49.21,Scoop,Right
1707209785587,0.810568,-0.732976,-0.391864,75.46,-15.19,72.94,Scoop,Right
1707209785587,0.669536,-0.748592,-0.373808,87.92,18.2,76.65,Scoop,Right
1707209785587,0.583648,-0.739808,-0.342088,89.11,49.91,69.3,Scoop,Right
1707209785587,0.537288,-0.778848,-0.311344,82.11,33.6,50.4,Scoop,Right
1707209785587,0.479216,-0.834968,-0.319152,73.92,39.2,37.87,Scoop,Right
1707209785591,0.522648,-0.81496,-0.259128,74.9,11.41,31.78,Scoop,Right
1707209785591,0.549488,-0.83204,-0.246928,78.12,-22.4,28.63,Scoop,Right
1707209785592,0.608536,-0.89304,-0.228872,70.42,-16.59,34.65,Scoop,Right
1707209785597,0.637816,-0.854976,-0.164456,51.66,-17.85,56.07,Scoop,Right
1707209785597,0.613416,-0.953552,-0.137616,36.26,-39.62,67.83,Scoop,Right
1707209785597,0.503128,-0.836432,-0.208864,36.54,-59.5,74.41,Scoop,Right
1707209785597,0.384544,-0.868152,-0.055144,58.73,-14.91,80.36,Scoop,Right
1707209785597,0.445056,-0.78812,-0.151768,70.0,67.41,99.75,Scoop,Right
1707209785598,0.518256,-0.8662,-0.20008,83.37,-18.48,88.9,Scoop,Right
1707209785598,0.420656,-0.860344,-0.16592,91.0,-79.38,83.93,Scoop,Right
1707209785613,0.303048,-0.975512,-0.08784,79.59,-59.99,80.92,Scoop,Right
1707209785613,0.31476,-0.994056,-0.201056,77.35,-1.54,83.93,Scoop,Right
1707209785618,0.408456,-0.997472,-0.172752,81.27,-14.28,94.36,Scoop,Right
1707209785618,0.356728,-0.994056,-0.060024,82.25,-35.21,83.58,Scoop,Right
1707209785618,0.33672,-0.913536,0.034648,93.24,-1.75,73.36,Scoop,Right
1707209785618,0.337696,-0.977464,0.060512,96.11,11.83,79.45,Scoop,Right
1707209785618,0.311344,-1.0248,0.024888,81.76,0.28,91.28,Scoop,Right
1707209785620,0.3538,-0.984784,0.072712,55.51,-42.28,80.57,Scoop,Right
1707209785623,0.234728,-0.977464,0.133712,45.5,-56.07,48.58,Scoop,Right
1707209785625,0.229848,-0.967216,0.16348,40.74,-34.23,16.03,Scoop,Right
1707209785625,0.15616,-0.992104,0.135664,44.1,-9.1,-4.83,Scoop,Right
1707209785625,0.116632,-0.978928,0.114192,44.87,2.1,-19.11,Scoop,Right
1707209785625,0.116632,-0.9516,0.120048,41.09,6.58,-36.05,Scoop,Right
1707209785625,0.132248,-0.882792,0.147864,38.08,6.58,-47.88,Scoop,Right
1707209785625,0.227896,-0.913536,0.222528,32.27,8.75,-40.04,Scoop,Right
1707209785625,0.284016,-1.011624,0.21228,14.98,-6.02,-18.62,Scoop,Right
1707209785625,0.285968,-0.99308,0.21228,-7.14,-7.77,-0.42,Scoop,Right
1707209785627,0.242536,-0.974536,0.180072,-29.19,2.52,12.04,Scoop,Right
1707209785628,0.242048,-0.94916,0.150304,-40.6,-6.37,16.1,Scoop,Right
1707209785628,0.209352,-0.954528,0.12444,-42.0,-22.33,11.76,Scoop,Right
1707209785686,0.198616,-0.996496,0.131272,-33.67,-19.88,6.65,Scoop,Right
1707209785686,0.22448,-0.986248,0.128344,-15.26,-7.21,2.38,Scoop,Right
1707209785687,0.20984,-0.99552,0.155184,1.75,6.51,1.96,Scoop,Right
1707209785687,0.224968,-0.976976,0.14152,10.85,22.89,1.4,Scoop,Right
1707209785687,0.230824,-0.959408,0.162992,14.35,13.23,-0.28,Scoop,Right
1707209785687,0.203496,-0.957944,0.16104,14.07,4.06,2.17,Scoop,Right
1707209785687,0.200568,-0.976488,0.152256,14.49,-5.67,9.45,Scoop,Right
1707209785793,0.174216,-0.990152,0.168848,18.27,-4.48,15.82,Scoop,Right
1707209785793,0.171288,-0.954528,0.182512,22.82,3.57,20.37,Scoop,Right
1707209785793,0.144448,-0.976488,0.184464,24.99,-8.05,23.87,Scoop,Right
1707209785793,0.131272,-0.983808,0.142984,24.92,-9.03,26.95,Scoop,Right
1707209785793,0.094672,-1.0248,0.135176,27.16,3.85,26.53,Scoop,Right
1707209785793,0.150792,-0.976,0.177632,31.22,26.53,22.05,Scoop,Right
1707209785835,0.120536,-0.946232,0.156648,36.75,21.56,14.98,Scoop,Right
1707209785835,0.0976,-0.982832,0.155184,41.65,17.78,9.03,Scoop,Right
1707209785835,0.093208,-0.970632,0.182512,43.33,2.87,5.32,Scoop,Right
1707209785883,0.059048,-0.956968,0.211792,39.34,-19.6,4.27,Scoop,Right
1707209785883,0.036112,-0.977952,0.189832,30.31,-37.66,4.55,Scoop,Right
1707209785929,0.034648,-1.070672,0.155184,18.06,-44.52,5.11,Scoop,Right
1707209785930,0.05368,-1.098976,0.147864,4.55,-52.36,8.33,Scoop,Right
1707209785930,0.068808,-1.110688,0.176168,-17.71,-67.06,27.93,Scoop,Right
1707209785977,0.134688,-1.099952,0.262056,-34.86,-73.71,57.4,Scoop,Right
1707209785977,0.081984,-1.101904,0.257664,-40.67,-85.26,76.51,Scoop,Right
1707209786022,0.045872,-1.07604,0.195688,-35.07,-75.04,87.78,Scoop,Right
1707209786022,0.010736,-1.105808,0.16104,-20.37,-71.54,95.27,Scoop,Right
1707209786023,0.0122,-1.143872,0.123464,0.98,-68.25,101.99,Scoop,Right
1707209786073,0.003904,-1.160464,0.181048,30.73,-69.09,104.58,Scoop,Right
1707209786074,-0.05368,-1.148264,0.226432,57.75,-66.5,101.01,Scoop,Right
1707209786074,-0.125416,-1.10776,0.29036,84.35,-35.35,94.22,Scoop,Right
1707209786200,-0.107848,-1.0858,0.27328,106.33,-41.65,83.23,Scoop,Right
1707209786200,-0.142008,-1.143872,0.174216,126.14,-89.67,66.99,Scoop,Right
1707209786201,-0.27084,-1.1102,0.220576,140.35,-137.55,57.61,Scoop,Right
1707209786201,-0.16348,-1.138992,0.469456,134.61,-81.48,80.22,Scoop,Right
1707209786201,-0.1586,-0.99064,0.420656,120.68,-64.47,111.65,Scoop,Right
1707209786201,-0.267912,-0.894504,0.490928,95.34,-88.55,148.61,Scoop,Right
1707209786201,-0.365512,-0.832528,0.480192,87.85,-49.98,170.66,Scoop,Right
1707209786257,-0.437736,-0.816424,0.531432,108.22,-21.42,173.11,Scoop,Right
1707209786257,-0.443104,-0.814472,0.533384,140.91,43.89,175.91,Scoop,Right
1707209786258,-0.47824,-0.75884,0.559736,162.19,74.34,194.95,Scoop,Right
1707209786258,-0.503616,-0.671488,0.523624,161.56,85.4,225.61,Scoop,Right
1707209786304,-0.548512,-0.677832,0.511424,140.49,91.49,257.81,Scoop,Right
1707209786304,-0.560712,-0.690032,0.5246,100.94,118.37,276.43,Scoop,Right
1707209786304,-0.513864,-0.589016,0.404552,63.07,97.79,269.15,Scoop,Right
1707209786362,-0.316712,-0.533384,0.592432,41.16,36.12,237.23,Scoop,Right
1707209786362,-0.481168,-0.431392,0.56608,31.57,-24.85,176.96,Scoop,Right
1707209786362,-0.544608,-0.419192,0.493856,9.73,26.46,105.77,Scoop,Right
1707209786488,-0.392352,-0.164944,0.43432,-23.17,42.35,47.04,Scoop,Right
1707209786488,-0.448472,-0.180072,0.350384,-37.24,23.52,21.28,Scoop,Right
1707209786488,-0.599752,-0.27816,0.557784,-57.26,31.01,27.58,Scoop,Right
1707209786488,-0.447496,-0.298168,0.447496,-76.72,77.63,41.86,Scoop,Right
1707209786488,-0.5612,-0.513376,0.350872,-66.92,5.32,14.63,Scoop,Right
1707209786489,-0.62708,-0.607072,0.357216,-55.86,-86.52,-14.49,Scoop,Right
1707209786489,-0.716872,-0.46848,0.356728,-63.56,-117.74,-13.86,Scoop,Right
1707209786535,-0.623176,-0.298656,0.453352,-71.96,-68.18,3.43,Scoop,Right
1707209786537,-0.536312,-0.37576,0.516792,-66.5,-45.71,9.03,Scoop,Right
1707209786537,-0.582672,-0.383568,0.401624,-48.51,-12.81,-4.76,Scoop,Right
1707209786582,-0.664656,-0.624152,0.443104,-31.15,-15.05,-14.84,Scoop,Right
1707209786583,-0.636352,-0.628544,0.484584,-41.93,-7.0,6.23,Scoop,Right
1707209786583,-0.489464,-0.60512,0.535824,-37.45,-16.87,11.97,Scoop,Right
1707209786630,-0.510448,-0.707112,0.587552,-21.21,-45.71,-13.58,Scoop,Right
1707209786630,-0.572424,-0.652944,0.560224,-8.68,-53.13,-33.46,Scoop,Right
1707209786631,-0.609512,-0.62708,0.518744,-4.34,-35.56,-31.64,Scoop,Right
1707209786689,-0.623664,-0.657824,0.511424,-8.26,-21.35,-19.81,Scoop,Right
1707209786693,-0.618296,-0.614392,0.537288,-10.5,-12.95,-13.09,Scoop,Right
1707209786794,-0.59292,-0.58804,0.581208,-10.57,1.19,-5.6,Scoop,Right
1707209786794,-0.588528,-0.565592,0.53924,-11.41,9.59,-3.99,Scoop,Right
1707209786794,-0.625128,-0.594872,0.51972,-11.27,0.56,-10.78,Scoop,Right
1707209786795,-0.698328,-0.579744,0.49288,-12.67,-6.16,-15.26,Scoop,Right
1707209786795,-0.723216,-0.56852,0.495808,-12.39,-6.09,-9.94,Scoop,Right
1707209786796,-0.69296,-0.52948,0.504104,-11.69,2.1,0.21,Scoop,Right
1707209786796,-0.687592,-0.557296,0.506544,-11.06,5.88,4.41,Scoop,Right
1707209786844,-0.663192,-0.539728,0.516304,-12.39,7.84,4.13,Scoop,Right
1707209786844,-0.666608,-0.54656,0.508496,-16.03,11.9,3.36,Scoop,Right
1707209786845,-0.659288,-0.548024,0.489952,-16.52,9.73,-1.12,Scoop,Right
1707209786895,-0.676368,-0.586576,0.481656,-11.48,-1.4,-7.63,Scoop,Right
1707209786895,-0.683688,-0.567056,0.471896,-7.35,-6.44,-7.7,Scoop,Right
1707209786895,-0.670512,-0.567056,0.476776,-3.64,-7.28,-5.67,Scoop,Right
1707209787022,-0.654896,-0.55388,0.467016,-1.96,-7.56,-7.77,Scoop,Right
1707209787023,-0.6466,-0.511912,0.465064,-3.15,-5.32,-5.46,Scoop,Right
1707209787023,-0.657824,-0.516304,0.450912,-6.51,-1.75,-4.06,Scoop,Right
1707209787023,-0.665144,-0.526064,0.46116,-10.99,-1.33,-4.34,Scoop,Right
1707209787023,-0.684176,-0.560224,0.46604,-13.16,-3.08,-2.8,Scoop,Right
1707209787023,-0.673928,-0.5368,0.467992,-9.17,-7.28,-0.7,Scoop,Right
1707209787023,-0.655872,-0.548512,0.477264,-4.9,-8.82,0.28,Scoop,Right
1707209787121,-0.664168,-0.549488,0.45872,-2.87,-8.26,-2.59,Scoop,Right
1707209787121,-0.682224,-0.57584,0.460672,-5.67,-9.1,-3.64,Scoop,Right
1707209787122,-0.675392,-0.5734,0.474824,-8.47,-6.93,-0.42,Scoop,Right
1707209787122,-0.65392,-0.57584,0.499712,-7.49,-6.44,2.24,Scoop,Right
1707209787122,-0.648552,-0.740784,0.808128,7.84,-21.98,-3.78,Scoop,Right
1707209787122,-0.635376,-0.611952,0.549488,77.28,-12.88,-5.46,Scoop,Right
1707209787122,-0.725656,-0.601216,0.506056,80.57,-15.54,4.9,Scoop,Right
1707209787172,-0.747128,-0.61488,0.486536,60.48,-0.63,22.33,Scoop,Right
1707209787172,-0.651968,-0.519232,0.817888,42.63,-2.52,42.98,Scoop,Right
1707209787172,-0.521672,-0.5734,0.392352,22.89,-53.76,-4.2,Scoop,Right
1707209787223,-0.627568,-0.366,0.632448,-45.92,6.37,-36.89,Scoop,Right
1707209787223,-0.70028,-0.465064,0.598776,-43.82,-19.53,-16.66,Scoop,Right
1707209787223,-0.721752,-0.442128,0.598288,-46.83,-14.28,-3.15,Scoop,Right
1707209787332,-0.740296,-0.500688,0.58804,-47.25,-17.29,5.95,Scoop,Right
1707209787332,-0.720776,-0.467504,0.580232,-45.85,-29.19,5.74,Scoop,Right
1707209787333,-0.739808,-0.412848,0.526552,-38.71,-42.42,0.21,Scoop,Right
1707209787333,-0.713456,-0.365512,0.526064,-31.71,-48.23,-2.03,Scoop,Right
1707209787333,-0.703208,-0.338672,0.52704,-18.13,-58.66,-0.49,Scoop,Right
1707209787333,-0.63684,-0.316712,0.53436,2.94,-74.62,5.46,Scoop,Right
1707209787402,-0.626104,-0.28548,0.515328,23.24,-98.14,16.59,Scoop,Right
1707209787402,-0.272792,0.011712,0.98088,39.41,-118.86,21.49,Scoop,Right
1707209787402,-0.476288,-0.167384,0.770552,5.39,-150.29,19.46,Scoop,Right
1707209787514,-0.73688,-0.415776,0.933056,-14.28,-135.87,41.72,Scoop,Right
1707209787514,-0.918904,-0.744688,1.106784,-77.49,-36.47,4.83,Scoop,Right
1707209787515,-0.765184,-0.586576,0.818864,-153.3,15.12,-30.17,Scoop,Right
1707209787515,-0.527528,-0.518744,0.584136,-164.71,43.19,-49.14,Scoop,Right
1707209787515,-0.333792,-0.427976,0.48068,-127.82,36.75,-50.12,Scoop,Right
1707209787515,-0.335256,-0.454816,0.401624,-104.02,-14.49,-20.65,Scoop,Right
1707209787515,-0.508008,-0.525088,0.36356,-66.08,-64.19,35.28,Scoop,Right
1707209787631,-0.710528,-0.596824,0.427,-38.85,-76.37,63.63,Scoop,Right
1707209787631,-0.726632,-0.581696,0.635864,-25.55,-55.3,34.37,Scoop,Right
1707209787631,-0.586088,-0.513864,0.808128,-26.39,-45.85,-27.37,Scoop,Right
1707209787632,-0.417728,-0.44652,0.884256,-39.41,-47.04,-54.18,Scoop,Right
1707209787632,-0.338672,-0.454328,0.850584,-56.91,-56.21,-31.99,Scoop,Right
1707209787633,-0.4026,-0.495808,0.788608,-69.51,-75.88,13.16,Scoop,Right
1707209787633,-0.479704,-0.511424,0.732488,-69.79,-85.47,40.25,Scoop,Right
1707209787683,-0.508008,-0.526064,0.684664,-63.7,-78.82,29.75,Scoop,Right
1707209787683,-0.421632,-0.526552,0.704672,-67.9,-56.91,-1.75,Scoop,Right
1707209787684,-0.322568,-0.578768,0.660264,-76.23,-57.26,-22.68,Scoop,Right
1707209787684,-0.323056,-0.554856,0.564128,-85.33,-74.2,-12.74,Scoop,Right
1707209787820,-0.304024,-0.514352,0.471408,-83.72,-86.17,0.91,Scoop,Right
1707209787821,-0.169336,-0.5368,0.434808,-70.91,-88.55,-14.49,Scoop,Right
1707209787821,-0.048312,-0.640256,0.406016,-60.06,-74.27,-24.01,Scoop,Right
1707209787824,-0.05612,-0.708088,0.378688,-66.29,-54.53,-0.7,Scoop,Right
1707209787825,-0.203008,-0.72468,0.29524,-88.34,-35.91,38.57,Scoop,Right
1707209787825,-0.333304,-0.704184,0.132248,-113.19,-24.5,54.74,Scoop,Right
1707209787826,-0.36112,-0.752984,0.026352,-108.43,-23.1,39.27,Scoop,Right
1707209787869,-0.379176,-0.811544,-0.020984,-79.45,-41.93,19.32,Scoop,Right
1707209787869,-0.400648,-0.874008,-0.008784,-48.72,-50.61,11.48,Scoop,Right
1707209787869,-0.39772,-0.905728,0.02684,-40.32,-47.67,15.19,Scoop,Right
1707209787870,-0.364048,-0.923784,-0.005856,-50.68,-36.12,21.35,Scoop,Right
1707209787914,-0.275232,-0.885232,-0.081496,-53.97,-38.43,28.7,Scoop,Right
1707209787914,-0.171288,-0.840336,-0.1098,-30.45,-46.27,33.32,Scoop,Right
1707209787914,-0.437248,-0.670512,-0.30744,32.62,-75.67,26.88,Scoop,Right
1707209788046,-0.485072,-0.849608,-0.171776,96.6,-83.72,21.14,Scoop,Right
1707209788046,-0.48312,-0.891576,0.130296,114.38,-73.5,21.28,Scoop,Right
1707209788046,-0.6466,-1.355664,1.071648,30.59,-131.6,-18.06,Scoop,Right
1707209788046,-0.372344,-0.931104,0.868152,-49.98,-94.36,-10.36,Scoop,Right
1707209788046,0.128832,-1.081408,0.61,-37.59,-153.02,20.86,Scoop,Right
1707209788046,-0.2074,-0.874984,0.464088,-21.28,-227.64,21.07,Scoop,Right
1707209788046,0.016592,-0.991616,0.134688,-25.2,-101.43,35.14,Scoop,Right
1707209788144,-0.072224,-0.874008,0.403088,-88.34,-152.39,21.35,Scoop,Right
1707209788145,-0.165432,-0.940864,0.499712,-107.24,-154.77,35.35,Scoop,Right
1707209788145,-0.037088,-0.909144,0.401136,-113.19,-147.7,51.17,Scoop,Right
1707209788145,-0.134688,-0.813984,0.371368,-119.21,-160.23,58.8,Scoop,Right
1707209788145,-0.160552,-0.742248,0.31964,-119.77,-184.66,55.02,Scoop,Right
1707209788145,-0.278648,-0.815448,0.338672,-99.89,-177.8,42.56,Scoop,Right
1707209788198,-0.328424,-0.672952,0.305,-67.41,-157.92,33.6,Scoop,Right
1707209788198,-0.312808,-0.685152,0.32452,-35.07,-168.49,30.17,Scoop,Right
1707209788199,-0.338184,-0.721264,0.40016,1.4,-162.75,35.91,Scoop,Right
1707209788248,-0.342576,-0.754936,0.40016,42.84,-175.98,32.83,Scoop,Right
1707209788248,-0.40748,-0.8052,0.465552,63.84,-167.37,21.63,Scoop,Right
1707209788248,-0.387472,-0.869616,0.558272,67.69,-146.93,14.07,Scoop,Right
1707209788357,-0.33184,-1.032608,0.684176,59.78,-144.2,13.58,Scoop,Right
1707209788357,-0.313784,-1.094096,0.740784,40.11,-131.04,11.76,Scoop,Right
1707209788357,-0.411384,-1.083848,0.69052,22.19,-121.73,3.01,Scoop,Right
1707209788358,-0.438712,-1.077504,0.592432,5.88,-95.13,-15.82,Scoop,Right
1707209788358,-0.329888,-1.11508,0.58804,1.33,-65.87,-36.75,Scoop,Right
1707209788358,-0.243512,-1.161928,0.663192,21.14,-55.93,-48.51,Scoop,Right
1707209788455,-0.247416,-1.168272,0.734928,51.1,-41.51,-45.92,Scoop,Right
1707209788455,-0.262544,-1.143872,0.72956,68.81,-23.73,-31.43,Scoop,Right
1707209788455,-0.260104,-1.067256,0.71004,62.23,-9.31,-19.04,Scoop,Right
1707209788455,-0.238632,-0.996984,0.650992,34.51,-4.41,-11.76,Scoop,Right
1707209788456,-0.176656,-0.929152,0.602192,-6.3,-15.4,-12.88,Scoop,Right
1707209788456,-0.118096,-0.872056,0.5734,-37.8,-23.66,-18.41,Scoop,Right
1707209788508,-0.093696,-0.82716,0.524112,-50.26,-27.65,-23.1,Scoop,Right
1707209788508,-0.10248,-0.780312,0.491904,-44.52,-24.15,-17.01,Scoop,Right
1707209788508,-0.12688,-0.769088,0.479704,-35.7,-9.73,-11.13,Scoop,Right
1707209788557,-0.102968,-0.75884,0.467992,-26.11,-4.48,-12.6,Scoop,Right
1707209788558,-0.09028,-0.778848,0.462136,-22.89,-12.74,-17.29,Scoop,Right
1707209788558,-0.07808,-0.764208,0.451888,-24.71,-19.53,-17.29,Scoop,Right
1707209788662,-0.056608,-0.779824,0.461648,-21.84,-19.39,-15.82,Scoop,Right
1707209788662,-0.035624,-0.78812,0.472384,-10.71,-14.28,-15.54,Scoop,Right
1707209788662,-0.026352,-0.804712,0.480192,2.59,-7.14,-12.88,Scoop,Right
1707209788663,-0.008296,-0.818376,0.503128,8.26,-1.68,-7.21,Scoop,Right
1707209788663,0.018544,-0.840336,0.550464,10.71,-2.45,-6.93,Scoop,Right
1707209788663,0.031232,-0.877424,0.572424,8.68,-6.3,-8.82,Scoop,Right
1707209788708,0.004392,-0.876448,0.567544,4.62,-11.2,-9.66,Scoop,Right
1707209788709,0.020008,-0.882792,0.58072,1.96,-12.53,-10.15,Scoop,Right
1707209788709,0.013176,-0.867176,0.563152,0.7,-11.62,-12.32,Scoop,Right
1707209788757,0.037088,-0.860344,0.548512,1.82,-9.59,-14.0,Scoop,Right
1707209788758,0.069784,-0.853024,0.549,5.88,-2.59,-10.43,Scoop,Right
1707209788758,0.085888,-0.840336,0.550952,7.42,-8.61,-1.61,Scoop,Right
1707209788862,0.062952,-0.83692,0.556808,7.42,-11.97,-0.7,Scoop,Right
1707209788864,0.037088,-0.834968,0.57828,4.76,-19.95,-6.58,Scoop,Right
1707209788878,0.049776,-0.85888,0.588528,4.06,-14.63,-12.39,Scoop,Right
1707209788882,0.081496,-0.87596,0.581696,6.02,-4.62,-8.4,Scoop,Right
1707209788882,0.081008,-0.874984,0.571936,6.79,-4.9,2.66,Scoop,Right
1707209788883,0.082472,-0.903288,0.569984,4.62,-2.1,9.17,Scoop,Right
1707209788910,0.052216,-0.860344,0.526064,0.91,-11.13,10.15,Scoop,Right
1707209788910,0.059048,-0.852536,0.510936,-4.48,-10.29,7.77,Scoop,Right
1707209788910,0.051728,-0.847168,0.50508,-5.81,-3.01,6.16,Scoop,Right
1707209788960,0.068808,-0.852536,0.50508,-1.12,-6.51,3.29,Scoop,Right
1707209788961,0.049776,-0.840824,0.503128,3.78,0.77,7.07,Scoop,Right
1707209788961,0.055144,-0.847656,0.499712,5.74,-0.07,10.15,Scoop,Right
1707209789066,0.031232,-0.83936,0.511912,7.63,-0.56,10.22,Scoop,Right
1707209789066,0.035624,-0.843752,0.50996,10.29,1.4,8.82,Scoop,Right
1707209789066,0.0244,-0.844728,0.530456,11.06,0.91,8.19,Scoop,Right
1707209789067,0.022936,-0.847656,0.548512,10.71,0.21,6.3,Scoop,Right
1707209789067,0.03416,-0.853512,0.549488,10.99,1.19,3.29,Scoop,Right
1707209789067,0.03416,-0.850584,0.569984,10.22,1.68,3.01,Scoop,Right
1707209789113,0.036112,-0.846192,0.569008,6.02,-1.61,4.2,Scoop,Right
1707209789113,0.013664,-0.833992,0.56608,0.56,-3.36,5.39,Scoop,Right
1707209789114,-0.01464,-0.811544,0.560224,-1.47,-2.03,2.94,Scoop,Right
1707209789159,-0.017568,-0.795928,0.533872,1.26,0.49,-2.52,Scoop,Right
1707209789160,-0.006344,-0.789096,0.523136,3.43,0.42,-5.74,Scoop,Right
1707209789160,0.01464,-0.813008,0.539728,2.94,-1.26,-5.53,Scoop,Right
1707209789208,0.027328,-0.812032,0.545584,3.36,-2.17,-5.32,Scoop,Right
1707209789208,0.029768,-0.831064,0.543144,3.36,-0.49,-4.76,Scoop,Right
1707209789329,0.020008,-0.830576,0.549976,3.01,0.98,-4.41,Scoop,Right
1707209789329,0.038064,-0.83692,0.54656,3.01,1.47,-7.7,Scoop,Right
1707209789329,0.048312,-0.844728,0.535336,2.03,-0.56,-9.38,Scoop,Right
1707209789330,0.06588,-0.85888,0.544608,0.77,-0.98,-7.7,Scoop,Right
1707209789330,0.059536,-0.862784,0.534848,1.19,-3.78,-3.36,Scoop,Right
1707209789330,0.042456,-0.863272,0.535824,4.76,-2.8,-0.14,Scoop,Right
1707209789330,0.00732,-0.869128,0.54412,8.89,0.0,1.96,Scoop,Right
1707209789378,-0.020008,-0.85156,0.530456,7.91,-3.29,1.61,Scoop,Right
1707209789378,-0.047336,-0.835944,0.516304,2.03,-3.5,-1.54,Scoop,Right
1707209789378,-0.005856,-0.840336,0.524112,-2.17,-4.83,-5.11,Scoop,Right
1707209789378,0.011224,-0.849608,0.530944,-2.52,-5.88,-5.6,Scoop,Right
1707209789429,0.028792,-0.855952,0.557784,-0.77,-4.13,-3.5,Scoop,Right
1707209789429,0.044896,-0.853512,0.567544,0.28,-1.12,-4.27,Scoop,Right
1707209789558,0.064904,-0.84668,0.565592,-1.54,-0.56,-7.0,Scoop,Right
1707209789558,0.115656,-0.857904,0.564128,-4.55,0.35,-7.77,Scoop,Right
1707209789558,0.12932,-0.855952,0.554856,-6.09,-1.89,-2.59,Scoop,Right
1707209789558,0.099064,-0.851072,0.53924,-7.98,-7.84,2.59,Scoop,Right
1707209789559,0.060512,-0.834968,0.528504,-7.56,-7.98,2.59,Scoop,Right
1707209789559,0.030744,-0.824232,0.516792,-3.29,-4.48,1.26,Scoop,Right
1707209789559,0.032696,-0.817888,0.496784,1.26,-2.31,0.56,Scoop,Right
1707209789618,0.015128,-0.816912,0.49532,3.99,-2.8,2.45,Scoop,Right
1707209789618,0.017568,-0.833992,0.50996,6.37,-5.53,2.87,Scoop,Right
1707209789618,0.002928,-0.844728,0.536312,7.07,-4.55,3.08,Scoop,Right
1707209789619,-0.015616,-0.842776,0.548024,5.74,-6.72,1.4,Scoop,Right
1707209789681,-0.016592,-0.840824,0.556808,3.43,-4.34,-2.31,Scoop,Right
1707209789681,-0.006344,-0.833504,0.554856,3.5,-1.4,-5.25,Scoop,Right
1707209789682,0.010248,-0.841312,0.540216,2.24,-0.7,-5.18,Scoop,Right
1707209789682,0.03416,-0.846192,0.542168,0.14,-1.05,-4.62,Scoop,Right
1707209789737,0.042456,-0.853512,0.545096,-0.77,-4.27,-4.41,Scoop,Right
1707209789738,0.037576,-0.861808,0.550952,-0.7,-2.24,-2.59,Scoop,Right
1707209789739,0.03416,-0.85888,0.548024,0.91,0.14,-2.94,Scoop,Right
1707209789739,0.037088,-0.850096,0.530944,0.77,1.68,-5.39,Scoop,Right
1707209789783,0.052216,-0.842288,0.516792,-0.98,1.19,-6.65,Scoop,Right
1707209789784,0.068808,-0.864248,0.50264,-1.75,-0.7,-3.71,Scoop,Right
1707209789828,0.044408,-0.848632,0.50752,-0.35,-3.15,2.24,Scoop,Right
1707209789828,0.01708,-0.846192,0.514352,2.31,-2.94,2.8,Scoop,Right
1707209789828,0.005856,-0.840336,0.52216,3.99,-0.63,-0.56,Scoop,Right
1707209789880,0.027328,-0.838872,0.526552,3.71,-2.03,-3.57,Scoop,Right
1707209789881,0.053192,-0.852536,0.538264,2.31,-1.68,-3.85,Scoop,Right
1707209789881,0.038064,-0.840336,0.543632,2.87,-2.66,-1.19,Scoop,Right
1707209789992,0.020984,-0.833016,0.537776,2.59,-1.82,-1.61,Scoop,Right
1707209789992,0.027816,-0.825208,0.537776,1.75,-3.64,-3.71,Scoop,Right
1707209789992,0.030256,-0.823744,0.535336,0.91,-3.29,-4.9,Scoop,Right
1707209789993,0.043432,-0.831552,0.532896,1.82,-2.87,-4.41,Scoop,Right
1707209789993,0.046848,-0.843752,0.540704,3.15,-2.31,-3.64,Scoop,Right
1707209789993,0.036112,-0.853024,0.533872,2.94,-3.22,-2.52,Scoop,Right
1707209789993,0.03416,-0.854976,0.541192,2.45,-1.89,-3.43,Scoop,Right
1707209790054,0.053192,-0.856928,0.533384,2.45,-2.45,-4.2,Scoop,Right
1707209790055,0.058072,-0.86376,0.53192,0.14,-3.71,-2.66,Scoop,Right
1707209790055,0.04636,-0.861808,0.525088,0.21,-3.29,-0.63,Scoop,Right
1707209790107,0.028304,-0.856928,0.516792,1.54,-2.66,0.56,Scoop,Right
1707209790107,0.018056,-0.853512,0.50996,1.89,-1.54,-0.7,Scoop,Right
1707209790108,0.022448,-0.833992,0.504592,1.54,-2.52,-2.66,Scoop,Right
1707209790160,0.046848,-0.831064,0.5124,1.82,-5.74,-4.06,Scoop,Right
1707209790160,0.050264,-0.854,0.528504,2.03,-6.93,-3.43,Scoop,Right
1707209790160,0.04392,-0.856928,0.539728,1.75,-6.44,-0.98,Scoop,Right
1707209790282,0.049776,-0.857416,0.552904,1.89,-2.87,0.91,Scoop,Right
1707209790282,0.034648,-0.858392,0.556808,3.01,-2.1,1.82,Scoop,Right
1707209790283,0.026352,-0.846192,0.546072,1.47,-2.94,0.49,Scoop,Right
1707209790283,0.029768,-0.845216,0.54656,-0.77,-3.36,-1.89,Scoop,Right
1707209790283,0.051728,-0.843264,0.532408,-1.33,-2.38,-3.01,Scoop,Right
1707209790283,0.054656,-0.83936,0.533384,-0.98,-3.01,-0.49,Scoop,Right
1707209790283,0.035624,-0.840824,0.528016,1.05,-1.75,0.77,Scoop,Right
1707209790331,0.02196,-0.837896,0.525088,3.57,1.05,1.12,Scoop,Right
1707209790331,0.020496,-0.828136,0.520208,5.18,0.63,-0.91,Scoop,Right
1707209790332,0.034648,-0.834968,0.535336,4.2,0.35,-3.64,Scoop,Right
1707209790452,0.05368,-0.849608,0.542656,2.8,-2.31,-4.55,Scoop,Right
1707209790468,0.056608,-0.866688,0.549488,0.84,-4.41,-2.38,Scoop,Right
1707209790468,0.04148,-0.862296,0.542168,-0.91,-6.72,-0.07,Scoop,Right
1707209790469,0.034648,-0.859856,0.535336,-1.12,-3.78,0.56,Scoop,Right
1707209790469,0.035136,-0.847656,0.51728,-0.07,-1.75,0.63,Scoop,Right
1707209790471,0.015616,-0.828136,0.514352,1.54,-0.91,0.63,Scoop,Right
1707209790477,0.015616,-0.824232,0.512888,3.15,-0.35,-2.24,Scoop,Right
1707209790503,0.035624,-0.838872,0.514352,4.2,-0.7,-3.36,Scoop,Right
1707209790503,0.045872,-0.84424,0.521672,5.04,-1.12,-1.89,Noise,Unknown
1707209790504,0.042944,-0.856928,0.535336,4.9,-3.08,0.07,Noise,Unknown
1707209790504,0.029768,-0.853512,0.54412,3.43,-3.64,-0.14,Noise,Unknown
1707209790609,0.015128,-0.855952,0.546072,2.45,-3.64,-1.19,Noise,Unknown
1707209790610,0.012688,-0.852536,0.53924,2.31,-1.54,-2.31,Noise,Unknown
1707209790610,0.027328,-0.842288,0.5368,2.94,0.7,-2.03,Noise,Unknown
1707209790610,0.024888,-0.830088,0.530944,3.29,1.26,-0.84,Noise,Unknown
1707209790610,0.024888,-0.826672,0.5246,3.85,0.21,-1.26,Noise,Unknown
1707209790610,0.032696,-0.835456,0.523624,4.34,0.28,-2.52,Noise,Unknown
