timestamp,acc_x,acc_y,acc_z,gyro_x,gyro_y,gyro_z,Motion,Hand
1707218006361,-0.040992,-0.786656,-0.6344,0.49,-16.94,-13.09,Noise,Unknown
1707218006362,-0.023912,-1.083848,-0.602192,11.97,-2.03,18.13,Noise,Unknown
1707218006362,-0.055144,-0.665144,-0.733952,-32.27,-13.16,-22.12,Noise,Unknown
1707218006410,0.040016,-0.915,-0.733464,-16.94,-13.3,-18.48,Noise,Unknown
1707218006410,0.121024,-0.86132,-0.71736,-49.91,6.16,-5.04,Noise,Unknown
1707218006410,0.099064,-0.707112,-0.594872,-60.2,4.41,-20.37,Noise,Unknown
1707218006455,-0.006344,-0.671488,-0.646112,-68.95,-0.21,-26.67,Noise,Unknown
1707218006456,-0.040504,-0.80276,-0.698328,-36.12,0.7,-23.31,Noise,Unknown
1707218006456,-0.009272,-0.79788,-0.819352,-38.43,9.8,-22.33,Noise,Unknown
1707218006502,-0.013664,-0.75884,-0.802272,-86.8,22.26,-25.55,Noise,Unknown
1707218006502,-0.122488,-0.811544,-0.844728,-68.18,36.82,-13.44,Noise,Right
1707218006553,0.093208,-0.80276,-0.73444,-109.06,47.32,-30.38,Noise,Right
1707218006553,0.185928,-0.79544,-0.462624,-61.46,36.12,-48.3,Noise,Right
1707218006553,0.166896,-0.71004,-0.774456,-106.82,33.18,-60.83,Noise,Right
1707218006676,0.124928,-0.667584,-0.588528,-95.9,31.22,-78.47,Noise,Right
1707218006676,0.162504,-0.648064,-0.610488,-131.95,25.76,-84.77,Noise,Right
1707218006676,0.15616,-0.576328,-0.83936,-128.66,26.04,-87.29,Noise,Right
1707218006676,0.20252,-0.122,-1.052128,-125.02,35.91,-81.83,Noise,Right
1707218006678,0.079056,-0.250832,-0.793,-35.42,18.06,-101.85,Noise,Right
1707218006678,0.120536,-0.537288,-0.876448,-0.77,-3.64,-127.68,Noise,Right
1707218006678,0.207888,-0.59536,-1.030656,-21.98,1.26,-145.74,Noise,Right
1707218006796,0.36356,-0.5368,-0.980392,1.4,14.98,-161.28,Noise,Right
1707218006797,0.372832,-0.349896,-0.96868,24.64,15.54,-184.8,Noise,Right
1707218006797,0.371856,-0.318176,-0.970144,36.82,10.22,-212.45,Noise,Right
1707218006797,0.317688,-0.301584,-0.7808,-11.62,-23.52,-224.49,Noise,Right
1707218006797,0.252784,-0.23668,-0.930128,-95.55,-30.38,-211.4,Noise,Right
1707218006797,0.345992,-0.238632,-1.160952,-78.54,-10.01,-179.9,Noise,Right
1707218006797,0.354776,-0.25132,-1.045784,-89.6,2.24,-126.56,Noise,Right
1707218006852,0.424072,-0.247904,-0.870104,-147.07,-30.31,-84.07,Noise,Right
1707218006852,0.487512,-0.272792,-0.813496,-234.08,-85.54,-56.63,Noise,Right
1707218006852,0.494832,-0.281576,-0.764696,-295.12,-136.85,-31.15,Noise,Right
1707218006888,0.327936,0.226432,-1.2566,-118.79,-158.69,-37.17,Noise,Right
1707218006888,0.168848,0.218624,-0.847656,45.43,-54.88,-28.07,Noise,Right
1707218006888,0.205936,0.323056,-0.987224,36.05,13.23,-48.93,Noise,Right
1707218006933,0.128832,0.030744,-1.113128,87.22,93.59,-86.87,Noise,Right
1707218006934,0.0366,-0.018544,-0.972096,105.84,162.54,-118.58,Noise,Right
1707218006934,0.325008,0.077592,-0.827648,103.6,181.72,-160.16,Noise,Right
1707218006980,0.264008,0.14396,-0.76128,115.36,158.41,-215.95,Noise,Right
1707218006981,0.345992,0.208376,-0.791536,118.16,122.78,-255.85,Noise,Right
1707218007027,0.153232,0.19764,-0.807152,96.88,101.36,-262.71,Noise,Right
1707218007027,0.138104,0.262544,-0.928664,81.34,127.89,-219.66,Noise,Right
1707218007027,0.104432,0.299144,-0.89792,116.34,177.87,-185.85,Noise,Right
1707218007072,0.343552,0.272792,-0.831064,148.96,195.79,-214.41,Noise,Right
1707218007073,0.379176,0.196664,-0.768112,126.77,173.95,-245.77,Noise,Right
1707218007073,0.388936,0.218624,-0.709552,104.09,121.52,-234.78,Noise,Right
1707218007122,0.459696,0.277184,-0.662216,61.81,55.37,-179.06,Noise,Right
1707218007122,0.509472,0.237168,-0.570472,18.06,5.67,-86.59,Noise,Right
1707218007122,0.53436,0.238144,-0.551928,15.47,-26.95,8.19,Noise,Right
1707218007170,0.562176,0.199592,-0.642208,14.49,-47.39,31.64,Noise,Right
1707218007170,0.523624,0.180072,-0.742736,-5.53,-39.13,13.86,Noise,Right
1707218007310,0.499712,0.146888,-0.746152,-1.19,-6.72,0.98,Noise,Right
1707218007310,0.624152,0.124928,-0.688568,13.37,31.5,-4.62,Noise,Right
1707218007310,0.736392,0.081496,-0.663192,24.78,45.01,-12.11,Noise,Right
1707218007310,0.803248,0.044408,-0.63196,13.44,32.9,-18.62,Noise,Right
1707218007310,0.746152,0.155184,-0.660752,-6.44,-26.04,9.45,Noise,Right
1707218007310,0.756888,0.168848,-0.678808,-2.31,-40.18,37.24,Noise,Right
1707218007310,0.840824,0.105896,-0.696864,7.35,-51.31,46.62,Noise,Right
1707218007356,0.816912,0.074176,-0.725656,12.25,-44.31,32.2,Noise,Right
1707218007356,0.753472,0.040504,-0.74664,17.85,-22.82,0.07,Noise,Right
1707218007356,0.652944,0.028304,-0.756888,14.56,7.28,-22.75,Noise,Right
1707218007404,0.635376,-0.006832,-0.716384,14.21,31.43,-19.04,Noise,Right
1707218007404,0.703208,-0.00976,-0.696864,13.44,40.81,-10.64,Noise,Right
1707218007404,0.749568,-0.00976,-0.698328,9.94,34.93,-7.35,Noise,Right
1707218007531,0.761768,-0.00976,-0.665632,8.68,13.51,-0.28,Noise,Right
1707218007531,0.692472,0.027816,-0.640744,8.19,-10.71,10.64,Noise,Right
1707218007531,0.643672,0.061,-0.622688,3.64,-26.88,19.04,Noise,Right
1707218007531,0.599752,0.07564,-0.653432,10.15,-18.62,17.5,Noise,Right
1707218007531,0.557784,0.087352,-0.699304,13.65,10.01,6.09,Noise,Right
1707218007531,0.637816,0.040992,-0.68564,14.91,47.32,-10.64,Noise,Right
1707218007532,0.731024,-0.052704,-0.658312,12.25,65.38,-31.5,Noise,Right
1707218007642,0.769576,-0.069784,-0.643672,9.1,64.75,-36.68,Noise,Right
1707218007642,2.485872,-0.85888,-1.916864,11.34,42.77,-29.26,Noise,Right
1707218007642,0.692472,0.221064,-0.523136,-17.78,-43.89,6.23,Noise,Right
1707218007642,0.730048,0.075152,-0.686128,6.51,-47.6,36.82,Noise,Right
1707218007642,0.732,0.044408,-0.55876,8.75,-47.81,51.38,Noise,Right
1707218007643,0.75884,0.0732,-0.601216,13.58,-48.51,51.17,Noise,Right
1707218007643,0.710528,0.040504,-0.691008,17.71,-48.02,39.9,Noise,Right
1707218007744,0.74908,-0.035136,-0.764696,16.8,-44.66,27.79,Noise,Right
1707218007744,0.757864,-0.108824,-0.683688,14.91,-40.32,17.01,Noise,Right
1707218007744,0.727608,-0.11712,-0.742248,12.46,-36.12,14.28,Noise,Right
1707218007744,0.750056,-0.087352,-0.737856,7.21,-32.41,15.89,Noise,Right
1707218007744,0.722728,-0.076128,-0.752008,6.65,-28.56,21.98,Noise,Right
1707218007744,0.721264,-0.069296,-0.703696,6.79,-26.32,23.24,Noise,Right
1707218007788,0.7198,-0.018056,-0.710528,8.54,-25.55,17.08,Noise,Right
1707218007788,0.553392,0.001464,-0.706136,12.46,-28.0,14.84,Noise,Right
1707218007789,0.61732,0.005368,-0.663192,16.38,-35.14,16.59,Noise,Right
1707218007838,0.533872,-0.011712,-0.652944,22.54,-44.03,22.19,Noise,Right
1707218007838,0.8052,-0.121024,-0.713456,33.18,-48.58,31.85,Noise,Right
1707218007838,0.747616,-0.118584,-0.786656,27.3,-50.68,33.95,Noise,Right
1707218007888,0.781288,-0.112728,-0.872056,22.54,-44.45,30.45,Noise,Right
1707218007888,0.676368,-0.228872,-0.873032,14.98,-36.4,22.12,Noise,Right
1707218008014,0.631472,-0.214232,-0.879864,11.9,-26.46,16.59,Noise,Right
1707218008014,0.61244,-0.150792,-0.834968,7.84,-21.07,10.71,Noise,Right
1707218008014,0.630984,-0.098576,-0.799832,5.11,-18.76,4.76,Noise,Right
1707218008014,0.608048,-0.081008,-0.784704,9.24,-17.57,1.68,Noise,Right
1707218008014,0.593408,-0.071736,-0.7564,10.64,-16.87,2.52,Noise,Right
1707218008014,0.599264,-0.103944,-0.759816,15.89,-17.71,6.51,Noise,Right
1707218008014,0.603168,-0.127856,-0.810568,16.45,-17.57,10.29,Noise,Right
1707218008154,0.593408,-0.15372,-0.821792,15.4,-15.96,10.29,Noise,Right
1707218008155,0.58804,-0.171776,-0.820328,15.4,-14.56,7.91,Noise,Right
1707218008155,0.623176,-0.208864,-0.833504,11.48,-22.89,3.08,Noise,Right
1707218008155,0.587064,-0.178608,-0.823256,5.39,-40.32,8.61,Noise,Right
1707218008155,0.55632,-0.173728,-0.821792,4.48,-57.89,16.73,Noise,Right
1707218008155,0.534848,-0.146888,-0.816424,0.63,-66.57,21.42,Noise,Right
1707218008155,0.443104,-0.155672,-0.872544,7.84,-62.37,26.67,Noise,Right
1707218008156,0.461648,-0.192272,-0.906704,8.26,-51.87,29.75,Noise,Right
1707218008258,0.491904,-0.239608,-0.894504,3.78,-43.61,21.7,Noise,Right
1707218008258,0.440664,-0.261568,-0.931592,0.21,-33.74,14.49,Noise,Right
1707218008258,0.42456,-0.267912,-0.968192,-2.59,-24.01,12.18,Noise,Right
1707218008258,0.426024,-0.28548,-0.920368,-9.24,-21.63,12.18,Noise,Right
1707218008259,0.407968,-0.293288,-0.928664,-10.71,-26.04,17.64,Noise,Right
1707218008259,0.411872,-0.276208,-0.928664,-13.37,-39.06,34.65,Noise,Right
1707218008259,0.393816,-0.232776,-0.908656,-16.66,-56.7,44.73,Noise,Right
1707218008302,0.37332,-0.16836,-0.88572,-14.35,-65.45,48.86,Noise,Right
1707218008303,0.357216,-0.17812,-0.9028,-13.65,-58.1,43.61,Noise,Right
1707218008303,0.343552,-0.196664,-0.939888,-10.71,-28.35,23.66,Noise,Right
1707218008351,0.347944,-0.247416,-0.982832,-11.48,11.48,-16.66,Noise,Right
1707218008351,0.429928,-0.285968,-0.974536,-14.56,40.18,-11.76,Noise,Right
1707218008352,0.498736,-0.285968,-0.930128,-20.09,49.91,-21.0,Noise,Right
1707218008399,0.518256,-0.251808,-0.8784,-28.49,48.16,-32.55,Noise,Right
1707218008400,0.543632,-0.217648,-0.860344,-27.37,41.51,-31.99,Noise,Right
1707218008446,0.557784,-0.177632,-0.854488,-27.72,25.34,-22.4,Noise,Right
1707218008450,0.51728,-0.106872,-0.842288,-31.15,9.45,-12.39,Noise,Right
1707218008451,0.523136,-0.074664,-0.833992,-26.88,7.49,-5.25,Noise,Right
1707218008488,0.556808,-0.121024,-0.88816,-23.87,18.83,-17.22,Noise,Right
1707218008489,0.55144,-0.15616,-0.94916,-20.23,47.25,-39.06,Noise,Right
1707218008489,0.589504,-0.169824,-0.957456,-19.74,83.93,-59.99,Noise,Right
1707218008535,0.646112,-0.170312,-0.918904,-25.76,112.77,-84.77,Noise,Right
1707218008535,0.707112,-0.172264,-0.827648,-31.15,128.38,-96.25,Noise,Right
1707218008535,0.73444,-0.120536,-0.777872,-29.89,127.75,-94.85,Noise,Right
1707218008581,0.75152,-0.03172,-0.733464,-24.71,110.67,-86.8,Noise,Right
1707218008581,0.750544,0.040504,-0.631472,-31.57,86.03,-79.94,Noise,Right
1707218008626,0.735904,0.08784,-0.599752,-24.43,68.11,-54.04,Noise,Right
1707218008626,0.757864,0.073688,-0.615856,-17.36,58.8,-69.37,Noise,Right
1707218008626,0.745664,0.007808,-0.670512,-9.94,79.1,-85.61,Noise,Right
1707218008673,0.709064,0.023424,-0.701744,-4.9,139.72,-126.07,Noise,Right
1707218008676,0.787144,0.013176,-0.657336,-7.35,182.07,-160.37,Noise,Right
1707218008676,0.801296,0.057584,-0.5856,-5.74,193.9,-168.35,Noise,Right
1707218008719,0.79056,0.125416,-0.501664,-0.21,173.74,-147.77,Noise,Right
1707218008720,0.793,0.216672,-0.388448,-2.17,131.6,-125.3,Noise,Right
1707218008768,0.770064,0.299632,-0.310856,2.1,88.27,-104.65,Noise,Right
1707218008768,0.7564,0.294752,-0.321104,14.0,51.03,-86.24,Noise,Right
1707218008768,0.7076,0.235216,-0.455792,30.59,56.77,-93.03,Noise,Right
1707218008818,0.691008,0.22692,-0.55632,25.13,105.63,-127.61,Noise,Right
1707218008819,0.75884,0.188368,-0.517768,21.63,177.24,-146.79,Noise,Right
1707218008819,0.842776,0.189344,-0.476776,24.92,176.47,-151.55,Noise,Right
1707218008942,0.83936,0.23668,-0.418704,15.26,137.69,-134.54,Noise,Right
1707218008942,0.75884,0.35868,-0.348432,11.62,77.07,-98.42,Noise,Right
1707218008942,0.7198,0.46848,-0.305488,13.72,21.49,-64.19,Noise,Right
1707218008942,0.731512,0.470432,-0.352336,17.22,-28.7,-40.11,Noise,Right
1707218008942,0.704672,0.347456,-0.511912,21.63,-40.39,-46.62,Noise,Right
1707218008942,0.56852,0.281088,-0.790072,25.13,78.68,-123.62,Noise,Right
1707218008942,0.566568,0.33916,-0.84668,-14.49,252.56,-236.39,Noise,Right
1707218008986,0.65148,0.385032,-0.62952,-54.74,312.27,-275.73,Noise,Right
1707218008986,0.620248,0.59536,-0.32208,-73.64,254.31,-212.87,Noise,Right
1707218008987,0.529968,0.84668,-0.139568,-47.6,127.33,-104.72,Noise,Right
1707218009033,0.552416,0.909632,-0.081984,-19.95,11.83,-12.81,Noise,Right
1707218009034,0.70272,0.904752,0.03416,-20.44,-94.78,25.55,Noise,Right
1707218009034,0.646112,0.820328,-0.017568,-5.81,-167.16,23.8,Noise,Right
1707218009081,0.424072,0.652944,-0.318664,16.24,-150.43,-8.82,Noise,Right
1707218009082,0.213744,0.708576,-0.609024,-2.52,-40.6,-52.15,Noise,Right
1707218009082,0.245464,0.757376,-0.54412,-41.16,49.98,-72.45,Noise,Right
1707218009126,0.4148,0.739808,-0.378688,-45.99,85.12,-53.83,Noise,Right
1707218009126,0.616832,0.778848,-0.227896,-42.0,52.29,-14.28,Noise,Right
1707218009174,0.686128,0.850096,-0.1098,-43.89,-16.1,12.39,Noise,Right
1707218009174,0.685152,0.896944,-0.028792,-36.05,-77.91,27.86,Noise,Right
1707218009175,0.670024,0.93452,0.044408,-26.39,-130.69,35.77,Noise,Right
1707218009221,0.606096,0.931592,0.020984,-8.89,-164.99,47.88,Noise,Right
1707218009221,0.489952,0.882792,-0.086864,5.81,-176.68,57.54,Noise,Right
1707218009221,0.367952,0.862296,-0.2318,14.56,-172.13,70.7,Noise,Right
1707218009266,0.40504,0.811056,-0.26352,18.55,-155.12,87.78,Noise,Right
1707218009266,0.550952,0.719312,-0.276696,26.74,-133.07,94.08,Noise,Right
1707218009320,0.667096,0.643672,-0.265472,23.1,-122.43,78.89,Noise,Right
1707218009320,0.645624,0.658312,-0.269376,18.55,-118.44,64.47,Noise,Right
1707218009320,0.620736,0.698328,-0.272304,14.98,-113.96,59.15,Noise,Right
1707218009440,0.662216,0.672464,-0.27816,18.62,-111.72,64.89,Noise,Right
1707218009440,0.711992,0.620736,-0.311832,24.64,-118.86,74.13,Noise,Right
1707218009440,0.66124,0.660264,-0.332328,28.28,-133.42,80.5,Noise,Right
1707218009440,0.579744,0.640744,-0.37576,35.35,-134.4,83.93,Noise,Right
1707218009440,0.618784,0.549976,-0.440176,48.72,-121.17,86.59,Noise,Right
1707218009440,0.677832,0.479216,-0.513864,52.15,-104.51,85.19,Noise,Right
1707218009440,0.743224,0.449936,-0.53192,54.32,-84.35,71.96,Noise,Right
1707218009485,0.740296,0.433344,-0.542168,58.87,-76.09,61.88,Noise,Right
1707218009485,0.728096,0.35868,-0.556808,66.15,-84.42,74.41,Noise,Right
1707218009485,0.666608,0.32208,-0.543144,66.64,-122.78,102.27,Noise,Right
1707218009530,0.559248,0.35136,-0.516304,64.19,-157.43,126.84,Noise,Right
1707218009530,0.540216,0.330376,-0.569008,70.14,-160.65,138.88,Noise,Right
1707218009530,0.580232,0.225456,-0.711016,83.93,-130.41,131.67,Noise,Right
1707218009578,0.80032,-0.00732,-0.847656,77.56,-91.7,95.83,Noise,Right
1707218009578,0.78568,-0.0244,-0.913048,59.15,-55.23,41.23,Noise,Right
1707218009578,0.643672,0.039528,-0.9394,40.67,-15.12,4.48,Noise,Right
1707218009629,0.584624,0.0854,-0.881816,31.78,17.85,4.62,Noise,Right
1707218009629,0.59536,0.098088,-0.824232,39.41,20.16,33.11,Noise,Right
1707218009748,0.631472,0.067344,-0.769576,43.61,-8.54,64.05,Noise,Right
1707218009748,0.706136,0.047336,-0.732976,45.29,-49.21,90.09,Noise,Right
1707218009748,0.759328,0.031232,-0.715408,49.14,-83.93,92.75,Noise,Right
1707218009748,0.712968,0.0366,-0.760792,48.37,-97.58,63.28,Noise,Right
1707218009749,0.563152,0.035136,-0.869616,47.67,-77.91,38.99,Noise,Right
1707218009749,0.487024,-0.023912,-0.991128,47.53,-27.93,19.74,Noise,Right
1707218009749,0.502152,-0.0976,-1.020408,43.89,35.0,-0.35,Noise,Right
1707218009794,0.540216,-0.150304,-1.002352,33.81,69.58,-14.14,Noise,Right
1707218009795,0.603168,-0.142496,-0.920368,19.53,65.17,-6.65,Noise,Right
1707218009795,0.555832,-0.0854,-0.842776,13.37,23.87,30.94,Noise,Right
1707218009840,0.565104,-0.049288,-0.788608,18.41,-13.09,65.87,Noise,Right
1707218009840,0.614392,-0.08296,-0.798856,19.6,-36.12,75.04,Noise,Right
1707218009840,0.68808,-0.067832,-0.765184,19.74,-46.62,71.89,Noise,Right
1707218009887,0.609512,-0.037576,-0.762744,23.1,-52.29,37.17,Noise,Right
1707218009887,0.5246,-0.033184,-0.806664,23.17,-36.54,20.44,Noise,Right
1707218009887,0.44896,-0.045872,-0.8906,25.69,5.46,-1.54,Noise,Right
1707218009938,0.450912,0.214232,-0.805688,29.26,46.2,-12.46,Noise,Right
1707218009938,0.787632,-0.30012,-0.863272,17.85,-5.53,12.81,Noise,Right
1707218009938,0.575352,-0.156648,-0.872056,23.66,-6.58,22.61,Noise,Right
1707218010069,0.521184,-0.138104,-0.787632,8.12,-6.79,27.79,Noise,Right
1707218010069,0.464088,-0.135664,-0.701744,7.49,-9.45,39.55,Noise,Right
1707218010069,0.535824,-0.123464,-0.677344,12.74,-20.86,51.38,Noise,Right
1707218010069,0.544608,-0.074664,-0.66368,8.26,-41.65,46.97,Noise,Right
1707218010069,0.50752,-0.047336,-0.707112,13.02,-50.33,39.83,Noise,Right
1707218010069,0.470432,-0.122488,-0.785192,21.14,-39.13,12.18,Noise,Right
1707218010069,0.473848,-0.187392,-0.891576,32.55,-3.5,9.52,Noise,Right
1707218010119,0.917928,-0.628544,-1.003328,34.09,1.82,5.81,Noise,Right
1707218010119,0.647576,-0.217648,-0.914024,5.25,-18.76,7.77,Noise,Right
1707218010119,0.604632,-0.316712,-0.957456,14.49,-7.42,6.51,Noise,Right
1707218010165,0.559248,-0.297192,-0.9272,-1.19,1.82,-2.87,Noise,Right
1707218010165,0.515328,-0.232288,-0.83936,-4.76,8.33,-6.09,Noise,Right
1707218010165,0.465552,-0.181048,-0.791536,-10.71,6.79,-10.36,Noise,Right
1707218010211,0.475312,-0.152744,-0.7686,-11.27,3.36,-10.08,Noise,Right
1707218010211,0.488488,-0.12444,-0.7442,-13.09,-1.61,-11.9,Noise,Right
1707218010212,0.471896,-0.116632,-0.772016,-2.03,-6.3,-10.5,Noise,Right
1707218010259,0.5002,-0.120536,-0.794952,3.57,-9.31,-5.11,Noise,Right
1707218010259,0.498736,-0.149328,-0.816912,11.9,-9.94,2.45,Noise,Right
1707218010259,0.51484,-0.170312,-0.84912,11.41,-10.5,5.32,Noise,Right
1707218010309,0.553392,-0.191296,-0.835944,13.3,-9.1,6.44,Noise,Right
1707218010309,0.533384,-0.213744,-0.837408,9.24,-8.19,1.26,Noise,Right
1707218010310,0.504592,-0.193248,-0.837408,4.34,-6.72,-0.63,Noise,Right
1707218010355,0.47092,-0.196176,-0.83936,-0.07,-6.3,1.96,Noise,Right
1707218010356,0.4758,-0.182512,-0.854976,4.13,-9.59,4.2,Noise,Right
1707218010400,0.464576,-0.142496,-0.850096,-1.33,-14.49,2.87,Noise,Right
1707218010400,0.453352,-0.142496,-0.85888,1.68,-6.86,-2.8,Noise,Right
1707218010400,0.486536,-0.171288,-0.88084,5.46,-6.16,-0.28,Noise,Right
1707218010451,0.487512,-0.174216,-0.85888,-2.59,-5.11,-1.96,Noise,Right
1707218010451,0.508496,-0.173728,-0.855464,-0.07,-3.01,-2.03,Noise,Right
1707218010451,0.541192,-0.198616,-0.836432,2.66,-2.03,-0.84,Noise,Right
1707218010493,0.555832,-0.223016,-0.84912,2.52,-2.31,-1.68,Noise,Right
1707218010494,0.612928,-0.266936,-0.846192,-1.47,-15.75,1.82,Noise,Right
1707218010494,0.637816,-0.278648,-0.855464,-1.68,-26.25,7.77,Noise,Right
1707218010549,0.711992,-0.275232,-0.850096,-2.73,-36.33,2.8,Noise,Right
1707218010550,0.669536,-0.261568,-0.875472,-13.65,-44.24,-16.66,Noise,Right
1707218010550,0.588528,-0.250832,-0.897432,-23.8,-40.46,-23.94,Noise,Right
1707218010681,0.505568,-0.238144,-0.953552,-24.99,-27.79,-24.01,Noise,Right
1707218010681,0.486048,-0.245952,-0.975512,-29.96,-6.86,-24.57,Noise,Right
1707218010681,0.520696,-0.27084,-0.992104,-34.09,6.65,-21.49,Noise,Right
1707218010681,0.597312,-0.263032,-0.964288,-34.44,7.91,-19.18,Noise,Right
1707218010681,0.584136,-0.238632,-0.950136,-36.61,-2.66,-20.44,Noise,Right
1707218010681,0.587552,-0.189344,-0.914512,-35.98,-8.4,-21.0,Noise,Right
1707218010682,0.617808,-0.183976,-0.915488,-36.82,-9.66,-28.77,Noise,Right
1707218010727,0.56852,-0.140544,-0.952576,-40.53,-1.75,-47.81,Noise,Right
1707218010727,0.503616,-0.122488,-0.97356,-45.85,21.77,-62.93,Noise,Right
1707218010728,0.46116,-0.105408,-0.975024,-41.79,64.33,-75.6,Noise,Right
1707218010773,0.516304,-0.111264,-1.016992,-36.12,97.93,-81.55,Noise,Right
1707218010773,0.539728,-0.099064,-0.969656,-46.97,109.48,-82.32,Noise,Right
1707218010773,0.52216,-0.061,-0.88328,-52.01,108.22,-77.56,Noise,Right
1707218010819,0.576816,-0.038552,-0.781776,-50.61,106.12,-69.44,Noise,Right
1707218010819,0.62708,0.041968,-0.721752,-50.47,100.03,-74.27,Noise,Right
1707218010819,0.610488,0.132248,-0.653432,-45.08,97.23,-85.33,Noise,Right
1707218010866,0.589504,0.171288,-0.656848,-36.26,99.68,-91.28,Noise,Right
1707218010866,0.61,0.184464,-0.642696,-32.9,101.29,-88.2,Noise,Right
1707218010913,0.599752,0.200568,-0.676856,-24.85,105.49,-84.35,Noise,Right
1707218010913,0.606584,0.225944,-0.650992,-22.61,114.1,-80.92,Noise,Right
1707218010913,0.618296,0.223504,-0.613416,-20.51,122.71,-80.08,Noise,Right
1707218010960,0.681736,0.237168,-0.564128,-12.95,142.87,-86.52,Noise,Right
1707218010960,0.742736,0.23424,-0.524112,-10.92,152.39,-100.31,Noise,Right
1707218010960,0.782752,0.220576,-0.486536,-12.18,144.2,-107.17,Noise,Right
1707218011006,0.781776,0.255224,-0.41724,-9.24,121.17,-101.57,Noise,Right
1707218011007,0.728584,0.316712,-0.391376,-1.61,104.16,-97.3,Noise,Right
1707218011007,0.640256,0.40504,-0.416752,6.58,104.44,-96.39,Noise,Right
1707218011061,0.630496,0.399672,-0.44408,5.11,112.14,-91.07,Noise,Right
1707218011061,0.691008,0.362584,-0.408944,4.55,123.13,-81.97,Noise,Right
1707218011174,0.745176,0.350384,-0.384544,11.13,149.31,-87.85,Noise,Right
1707218011174,0.804224,0.3782,-0.303536,8.33,162.96,-104.3,Noise,Right
1707218011174,0.824232,0.396744,-0.24644,6.58,153.93,-112.28,Noise,Right
1707218011175,0.812032,0.435296,-0.218136,8.89,122.22,-98.77,Noise,Right
1707218011175,0.7442,0.49776,-0.20008,11.69,77.28,-66.57,Noise,Right
1707218011175,0.734928,0.561688,-0.150792,11.76,33.74,-33.6,Noise,Right
1707218011175,0.69296,0.554368,-0.162992,25.69,4.76,-14.14,Noise,Right
1707218011224,0.691496,0.58316,-0.220088,45.22,28.49,-22.61,Noise,Right
1707218011224,0.628544,0.632936,-0.259128,34.09,79.38,-56.14,Noise,Right
1707218011224,0.647088,0.610976,-0.23424,18.48,124.39,-105.63,Noise,Right
1707218011271,0.684176,0.587064,-0.20252,16.94,149.94,-87.08,Noise,Right
1707218011272,0.745664,0.605608,-0.17324,19.04,137.62,-65.03,Noise,Right
1707218011272,0.800808,0.616832,-0.142496,10.64,86.38,-39.76,Noise,Right
1707218011314,0.794464,0.63928,-0.13664,-0.84,20.16,-9.8,Noise,Right
1707218011315,0.796904,0.672952,-0.101016,-1.61,-41.23,20.02,Noise,Right
1707218011315,0.789584,0.680272,-0.100528,8.47,-96.67,39.2,Noise,Right
1707218011368,0.737856,0.674904,-0.162504,11.27,-135.52,35.63,Noise,Right
1707218011368,0.634888,0.68564,-0.245464,11.62,-134.75,29.12,Noise,Right
1707218011480,0.54412,0.69052,-0.316712,20.23,-98.42,25.06,Noise,Right
1707218011480,0.574376,0.670512,-0.357216,14.91,-45.57,19.81,Noise,Right
1707218011481,0.689544,0.592432,-0.367952,14.28,-2.73,12.32,Noise,Right
1707218011481,0.802272,0.528016,-0.359656,8.33,35.07,0.98,Noise,Right
1707218011481,0.877424,0.506056,-0.328912,7.35,11.69,-6.58,Noise,Right
1707218011481,0.867664,0.525088,-0.330864,5.18,-11.55,-4.76,Noise,Right
1707218011481,0.813496,0.579744,-0.33184,3.15,-42.63,6.65,Noise,Right
1707218011533,0.788608,0.599752,-0.321592,0.14,-70.07,15.61,Noise,Right
1707218011533,0.755912,0.594872,-0.345016,0.63,-89.53,22.54,Noise,Right
1707218011533,0.698328,0.601704,-0.349408,0.49,-97.3,29.89,Noise,Right
1707218011533,0.640744,0.621224,-0.404064,3.85,-84.98,34.23,Noise,Right
1707218011578,0.617808,0.61,-0.45384,6.23,-51.8,28.84,Noise,Right
1707218011578,0.687592,0.501664,-0.516304,3.08,-12.88,17.99,Noise,Right
1707218011625,0.79544,0.44896,-0.5124,-10.22,12.25,5.32,Noise,Right
1707218011625,0.813984,0.480192,-0.488976,-20.37,7.07,2.66,Noise,Right
1707218011626,0.808128,0.5002,-0.504592,-28.77,-21.77,12.74,Noise,Right
1707218011675,0.772504,0.543632,-0.535824,-35.42,-56.0,32.76,Noise,Right
1707218011675,0.798368,0.592432,-0.47824,-42.49,-78.4,50.19,Noise,Right
1707218011675,0.854488,0.603168,-0.4392,-37.73,-86.38,51.52,Noise,Right
1707218011718,0.789584,0.474824,-0.363072,-39.83,-74.9,36.82,Noise,Right
1707218011718,0.781776,0.51484,-0.338672,-42.77,-46.2,24.71,Noise,Right
1707218011718,0.686128,0.453352,-0.281088,-35.91,-19.53,17.57,Noise,Right
1707218011764,0.672952,0.533384,-0.249368,-45.92,5.32,14.21,Noise,Right
1707218011764,0.686616,0.587552,-0.220576,-37.94,22.54,11.76,Noise,Right
1707218011811,0.810568,0.538752,-0.011712,-43.19,4.97,19.18,Noise,Right
1707218011811,0.894016,0.457256,-0.033672,-32.97,-58.59,41.44,Noise,Right
1707218011812,0.876448,0.512888,-0.0488,-8.89,-117.6,69.86,Noise,Right
1707218011859,0.668072,0.546072,-0.094184,9.66,-169.33,86.38,Noise,Right
1707218011859,0.458232,0.559248,-0.223016,14.91,-198.45,90.72,Noise,Right
1707218011859,0.356728,0.527528,-0.366,26.74,-177.17,93.73,Noise,Right
1707218011905,0.404552,0.44652,-0.448472,32.48,-101.99,88.9,Noise,Right
1707218011905,0.557784,0.318664,-0.499712,34.02,-38.85,74.13,Noise,Right
1707218011905,0.694424,0.243024,-0.476288,31.57,-12.88,61.46,Noise,Right
1707218011952,0.728584,0.256688,-0.487024,26.74,-31.29,65.45,Noise,Right
1707218011953,0.737368,0.235216,-0.488488,29.96,-78.05,95.55,Noise,Right
1707218011999,0.742248,0.229848,-0.490928,32.76,-157.29,134.61,Noise,Right
1707218011999,0.72468,0.22204,-0.503128,37.8,-193.41,160.23,Noise,Right
1707218011999,0.696376,0.205448,-0.629032,43.61,-207.69,160.72,Noise,Right
1707218012046,0.665144,0.086376,-0.743224,59.15,-181.16,139.3,Noise,Right
1707218012046,0.644648,0.001952,-0.839848,60.13,-132.51,100.73,Noise,Right
1707218012046,0.58804,-0.017568,-0.865712,55.44,-70.21,53.83,Noise,Right
1707218012093,0.581696,-0.06832,-0.894992,57.75,-12.88,28.21,Noise,Right
1707218012093,0.593896,-0.11468,-0.902312,50.47,16.59,26.67,Noise,Right
1707218012093,0.675392,-0.143472,-0.900848,45.71,24.08,45.64,Noise,Right
1707218012139,0.747616,-0.168848,-0.870104,29.61,0.28,63.98,Noise,Right
1707218012139,0.756888,-0.158112,-0.829112,13.51,-43.33,91.77,Noise,Right
1707218012188,0.769576,-0.072712,-0.730536,8.47,-83.44,109.27,Noise,Right
1707218012193,0.813008,-0.040016,-0.682712,11.76,-98.91,98.77,Noise,Right
1707218012194,0.833992,-0.101016,-0.726144,25.2,-88.55,61.74,Noise,Right
1707218012232,0.748592,-0.183976,-0.835944,28.42,-56.49,14.91,Noise,Right
1707218012233,0.67832,-0.243024,-0.95892,26.74,0.28,-24.22,Noise,Right
1707218012233,0.66856,-0.262056,-0.968192,15.47,41.44,-30.94,Noise,Right
1707218012285,0.656848,-0.237656,-0.913536,8.26,64.4,-20.23,Noise,Right
1707218012286,0.670512,-0.235216,-0.875472,-2.73,65.94,-5.32,Noise,Right
1707218012286,0.870104,-0.148352,-0.639768,-36.54,-14.0,18.83,Noise,Right
1707218012352,0.619272,0.00976,-0.64416,-1.47,-25.55,53.83,Noise,Right
1707218012352,0.74908,-0.127368,-0.718824,19.88,-27.37,57.33,Noise,Right
1707218012352,0.805688,-0.088328,-0.705648,1.19,-52.85,33.39,Noise,Right
1707218012352,0.6954,-0.123464,-0.696864,-4.06,-62.79,15.68,Noise,Right
1707218012403,0.57096,-0.102968,-0.748592,10.64,-40.18,3.92,Noise,Right
1707218012403,0.549,-0.147376,-0.825208,13.09,-5.39,-13.79,Noise,Right
1707218012403,0.577304,-0.196176,-0.854,10.15,25.27,-38.64,Noise,Right
1707218012448,0.56852,-0.31964,-0.813496,6.16,-11.06,-24.99,Noise,Right
1707218012448,0.502152,-0.144936,-0.850584,5.32,-9.45,-15.68,Noise,Right
1707218012448,0.547048,-0.141032,-0.869128,13.72,-9.17,-5.32,Noise,Right
1707218012496,0.515328,-0.120536,-0.836432,6.02,-10.01,-3.08,Noise,Right
1707218012496,0.499224,-0.130784,-0.828136,8.33,-9.8,1.68,Noise,Right
1707218012541,0.501176,-0.10736,-0.803736,4.76,-10.71,6.65,Noise,Right
1707218012541,0.501176,-0.093208,-0.773968,5.74,-13.44,8.68,Noise,Right
1707218012541,0.5246,-0.076616,-0.77104,5.25,-16.45,5.53,Noise,Right
1707218012596,0.53436,-0.123464,-0.795928,4.62,-19.18,1.96,Noise,Right
1707218012596,0.525088,-0.123464,-0.824232,2.8,-20.44,2.8,Noise,Right
1707218012598,0.521184,-0.12932,-0.851072,0.63,-20.09,3.64,Noise,Right
1707218012723,0.532896,-0.122488,-0.855464,0.42,-20.09,3.78,Noise,Right
1707218012724,0.525576,-0.143472,-0.846192,3.08,-19.81,4.27,Noise,Right
1707218012724,0.483608,-0.138104,-0.847656,5.95,-19.53,4.76,Noise,Right
1707218012724,0.469944,-0.156648,-0.871568,7.35,-18.76,11.62,Noise,Right
1707218012724,0.498248,-0.204472,-0.908168,14.0,-21.07,21.77,Noise,Right
1707218012724,0.55876,-0.338184,-0.981856,0.42,-46.83,25.48,Noise,Right
1707218012724,0.630984,-0.66856,-1.218048,-18.06,-57.47,11.2,Noise,Right
1707218012774,0.550952,-0.88328,-1.525,-36.96,-2.66,-45.99,Noise,Right
1707218012774,0.4026,-0.817888,-1.672864,-55.02,127.75,-140.63,Noise,Right
1707218012774,0.494344,-0.781776,-1.653344,-75.95,240.1,-226.45,Noise,Right
1707218012774,0.655872,-0.620736,-1.554768,-222.81,162.12,-240.8,Noise,Right
1707218012822,0.632936,-0.305976,-1.03944,-213.01,127.82,-225.61,Noise,Right
1707218012823,0.454328,-0.223504,-0.874496,-227.5,27.58,-188.93,Noise,Right
1707218012865,-0.055632,-0.149328,-1.063352,-243.88,-19.32,-175.42,Noise,Right
1707218012866,-0.447984,0.006832,-1.481568,-160.16,93.52,-209.23,Noise,Right
1707218012866,-0.724192,0.120048,-1.252696,-203.0,299.88,-259.91,Noise,Right
1707218012911,-0.730048,0.372344,-0.752008,-380.31,511.56,-308.98,Noise,Right
1707218012912,-0.319152,0.482144,-0.10492,-489.86,561.96,-308.56,Noise,Right
1707218012912,0.04636,0.524112,0.410408,-471.8,505.61,-279.72,Noise,Right
1707218012958,0.203008,0.386984,0.530456,-363.37,370.3,-251.86,Noise,Right
1707218012958,0.304024,0.366488,0.705648,-285.74,233.38,-220.85,Noise,Right
1707218012959,0.327936,0.383568,0.693448,-233.94,152.11,-215.88,Noise,Right
1707218013006,0.00732,0.426024,0.576328,-211.19,123.48,-214.62,Noise,Right
1707218013006,-0.340136,0.443592,0.445544,-214.62,111.79,-219.24,Noise,Right
1707218013051,-0.816912,0.345016,0.577304,-262.78,112.14,-212.87,Noise,Right
1707218013052,-1.543056,1.409344,2.846992,-528.08,272.93,-280.35,Noise,Right
1707218013052,-0.94428,0.258152,1.269776,-441.49,547.19,-370.23,Noise,Right
1707218013107,-0.086864,0.175192,1.80316,-538.37,497.42,-274.12,Noise,Right
1707218013107,-0.370392,0.31476,1.94956,-105.28,325.57,-270.9,Noise,Right
1707218013107,0.158112,0.203496,1.864648,-36.82,139.16,-212.59,Noise,Right
1707218013231,-0.04636,0.327448,1.200968,105.21,-9.31,-149.1,Noise,Right
1707218013231,-0.183488,0.425048,0.732976,165.55,-93.38,-126.42,Noise,Right
1707218013231,-0.39772,0.487512,0.46604,142.38,-115.64,-138.11,Noise,Right
1707218013231,-0.430416,0.526064,0.421144,81.27,-93.03,-176.82,Noise,Right
1707218013244,-0.631472,0.580232,0.441152,72.31,-76.3,-245.35,Noise,Right
1707218013247,-0.55632,0.611464,0.450912,28.0,-64.61,-305.41,Noise,Right
1707218013247,-0.552904,0.330376,0.571936,-155.61,-55.23,-293.93,Noise,Right
1707218013286,-0.243024,0.408456,0.512888,-118.3,-57.05,-290.22,Noise,Right
1707218013286,-0.145912,-0.103944,0.811056,-114.94,-3.71,-306.04,Noise,Right
1707218013286,0.225456,-0.303048,-0.23912,-56.0,157.85,-250.11,Noise,Right
1707218013286,-1.370304,1.561112,-0.123952,275.17,241.64,-157.43,Noise,Right
1707218013333,-5.659824,-1.662128,-0.46116,588.49,402.85,-252.49,Noise,Right
1707218013333,-5.510008,0.864248,0.2806,-144.83,530.88,-208.46,Noise,Right
1707218013334,-1.670912,0.324032,1.17608,256.27,484.05,-286.86,Noise,Right
1707218013384,-0.981856,1.104344,1.031144,384.09,441.49,-316.68,Noise,Right
1707218013384,0.116144,2.15452,1.935896,336.14,392.21,-199.92,Noise,Right
1707218013430,0.770552,1.725568,3.109536,39.76,283.43,75.25,Noise,Right
1707218013430,0.915488,-0.143472,2.847968,-77.35,172.76,281.26,Noise,Right
1707218013430,0.713456,-0.364536,1.113128,-101.99,136.08,335.23,Noise,Right
1707218013472,0.052704,0.30256,-0.0244,-61.39,213.64,357.7,Noise,Right
1707218013473,-1.114592,0.377224,-0.56364,-265.72,304.78,346.64,Noise,Right
1707218013473,-2.107184,0.56852,-0.95892,-279.79,325.08,258.93,Noise,Right
1707218013521,-2.358016,0.820816,-0.930616,-201.95,273.77,135.59,Noise,Right
1707218013521,-2.129632,1.09312,-0.440176,-6.65,158.2,32.69,Noise,Right
1707218013521,-1.338096,1.65676,-0.597312,102.34,84.77,1.12,Noise,Right
1707218013567,-0.660264,1.270752,-0.57828,91.63,113.19,49.56,Noise,Right
1707218013567,0.008296,0.694424,-0.013176,63.07,194.81,98.91,Noise,Right
1707218013623,-0.162504,-0.030256,0.157624,197.4,255.92,141.75,Noise,Right
1707218013623,-0.027328,-0.093208,0.247416,342.86,309.96,131.88,Noise,Right
1707218013623,0.349408,-0.196176,0.932568,431.27,404.67,93.87,Noise,Right
1707218013742,0.604144,-0.091744,0.997472,268.45,535.5,39.41,Noise,Right
1707218013743,0.589016,0.65148,0.543632,218.54,562.8,-15.4,Noise,Right
1707218013743,2.323368,1.34688,-3.063176,717.64,537.95,-61.88,Noise,Right
1707218013743,1.081408,-0.338184,-2.088152,-226.38,414.47,125.09,Noise,Right
1707218013743,-0.102968,-0.121024,-2.216496,-344.54,258.02,130.48,Noise,Right
1707218013743,0.207888,-0.677344,-3.096848,78.12,167.79,115.01,Noise,Right
1707218013743,-0.160064,-0.717848,-3.386232,70.77,178.36,36.05,Noise,Right
1707218013887,-0.5002,-0.547536,-3.004128,168.07,164.92,-32.9,Noise,Right
1707218013888,-0.645624,-0.249856,-2.35948,214.9,75.88,-74.13,Noise,Right
1707218013888,-0.38552,0.030744,-1.967128,305.9,-77.77,-33.67,Noise,Right
1707218013888,-0.1342,0.093696,-1.379576,265.3,-192.15,35.49,Noise,Right
1707218013888,0.074176,0.152256,-0.817888,238.56,-258.79,89.04,Noise,Right
1707218013945,0.23424,0.093208,-0.211304,357.63,-269.85,118.09,Noise,Right
1707218013945,0.081984,0.128344,-0.019032,467.81,-255.43,141.75,Noise,Right
1707218013945,0.233264,0.289872,-0.5246,537.32,-236.53,155.89,Noise,Right
1707218013945,0.64904,0.032208,-1.299056,826.98,-168.07,154.84,Noise,Right
1707218013945,0.982344,-1.51768,-0.85156,567.56,-2.8,100.24,Noise,Right
1707218013945,0.523136,-0.620736,-0.615368,-110.67,240.87,2.66,Noise,Right
1707218013945,-0.115168,-0.2684,-0.194224,-229.32,347.69,-101.08,Noise,Right
1707218013990,-0.272792,-0.042944,-0.271816,-102.55,373.8,-102.34,Noise,Right
1707218013990,-0.018056,-0.036112,-0.098576,-26.88,270.2,-101.22,Noise,Right
1707218013990,-0.076128,-0.010248,-0.103456,-170.66,212.1,-71.47,Noise,Right
1707218014036,-0.354288,-0.193248,-1.074576,34.93,110.25,-49.91,Noise,Right
1707218014036,-0.085888,-0.76372,-1.386896,408.66,28.35,-62.79,Noise,Right
1707218014036,0.16348,-0.47336,-0.702232,26.46,19.39,-32.69,Noise,Right
1707218014086,0.266936,-0.413824,-0.203008,-1.19,-17.43,-4.62,Noise,Right
1707218014086,0.21228,-0.576816,-0.259128,191.24,-57.82,8.4,Noise,Right
1707218014086,0.179096,-0.582672,-0.194224,310.03,-70.07,19.53,Noise,Right
1707218014196,0.159576,-0.497272,-0.060024,243.53,-57.61,37.94,Noise,Right
1707218014197,0.114192,-0.585112,-0.211792,94.36,-44.45,59.08,Noise,Right
1707218014197,0.085888,-0.732,-0.899872,16.17,-34.16,75.11,Noise,Right
1707218014197,0.302072,-1.06872,-1.16144,240.73,-23.1,71.75,Noise,Right
1707218014197,0.135664,-1.696776,-0.362096,303.59,7.49,55.58,Noise,Right
1707218014197,0.222528,-0.80276,-0.008296,99.54,62.79,42.98,Noise,Right
1707218014298,0.164944,-0.937936,0.018056,48.58,43.75,-23.8,Noise,Right
1707218014302,0.097112,-1.153632,0.008296,-1.33,-26.46,-91.49,Noise,Right
1707218014302,-0.091256,-1.27368,-0.164944,-108.29,-96.32,-170.59,Noise,Right
1707218014307,-0.087352,-1.274656,-0.325496,-145.04,-131.74,-244.72,Noise,Right
1707218014307,0.082472,-1.058472,-0.358192,-251.51,-127.68,-283.08,Noise,Right
1707218014310,0.340136,-0.745176,-0.470432,-310.31,-104.44,-271.74,Noise,Right
1707218014348,0.76616,-0.484096,-0.747616,-223.51,-71.54,-223.09,Noise,Right
1707218014349,1.017968,-0.262056,-0.865224,-84.35,25.55,-154.7,Noise,Right
1707218014349,0.550952,-0.4026,-0.724192,63.49,101.15,-78.26,Noise,Right
1707218014472,0.438224,-0.662704,-0.57096,103.32,89.53,-40.74,Noise,Right
1707218014472,0.352824,-0.686128,-0.483608,76.65,23.66,-36.68,Noise,Right
1707218014472,0.420168,-0.747616,-0.486048,-8.4,-40.6,-47.81,Noise,Right
1707218014472,0.874984,-0.574864,-0.828136,-165.9,-63.98,-50.82,Noise,Right
1707218014472,1.063352,-0.1464,-0.842776,-110.25,7.91,-32.83,Noise,Right
1707218014473,0.648064,-0.26108,-0.542168,-8.12,117.6,-31.99,Noise,Right
1707218014473,0.616344,-0.53436,-0.424072,-18.76,157.85,-67.55,Noise,Right
1707218014595,0.35868,-0.589504,-0.484584,-48.58,122.78,-87.99,Noise,Right
1707218014595,0.411872,-0.547048,-0.546072,-48.37,43.33,-69.23,Noise,Right
1707218014596,0.655872,-0.266448,-0.483608,-143.22,-21.84,-28.28,Noise,Right
1707218014596,0.989176,-0.305488,-0.469456,-113.54,-16.03,-10.99,Noise,Right
1707218014596,0.892064,-0.382592,-0.646112,-91.28,43.26,-14.98,Noise,Right
1707218014596,0.709064,-0.466528,-0.692472,-44.31,99.47,-29.4,Noise,Right
1707218014596,0.514352,-0.494344,-0.59292,-0.42,94.15,-41.79,Noise,Right
1707218014645,0.48312,-0.413336,-0.559248,30.73,40.88,-40.74,Noise,Right
1707218014645,0.513376,-0.41236,-0.545584,3.57,-18.62,-18.83,Noise,Right
1707218014645,0.393816,-0.536312,-0.502152,16.24,-41.51,-14.77,Noise,Right
1707218014766,0.86864,-0.366,-0.520208,-19.67,-38.29,-9.52,Noise,Right
1707218014766,0.818864,-0.33184,-0.530944,4.06,4.9,-6.51,Noise,Right
1707218014766,0.684664,-0.374296,-0.519232,2.31,41.65,-22.12,Noise,Right
1707218014767,0.61976,-0.403088,-0.572424,14.28,40.11,-34.02,Noise,Right
1707218014767,0.581208,-0.379176,-0.334768,2.66,3.43,-29.96,Noise,Right
1707218014767,0.28548,-0.21472,-0.79544,-77.84,-49.42,15.89,Noise,Right
1707218014767,0.653432,-0.442128,-0.649528,28.21,-77.14,-4.76,Noise,Right
1707218014810,0.688568,-0.281088,-0.572912,18.48,-99.61,-22.54,Noise,Right
1707218014811,0.729072,-0.293288,-0.603656,26.11,-99.33,-11.55,Noise,Right
1707218014811,0.787144,-0.299144,-0.636352,43.82,-68.95,-15.75,Noise,Right
1707218014856,1.1468,-0.85888,-1.057008,45.78,-33.53,-30.03,Noise,Right
1707218014856,0.53192,-0.255224,-0.621712,-77.42,-57.61,5.95,Noise,Right
1707218014856,0.633912,-0.350384,-0.636352,-25.69,-56.77,-3.99,Noise,Right
1707218014904,0.710528,-0.27328,-0.654896,7.35,-67.27,-0.07,Noise,Right
1707218014904,0.833504,-0.318664,-0.647576,59.71,-60.76,3.99,Noise,Right
1707218014904,0.916464,-0.373808,-0.609024,61.18,-38.71,13.02,Noise,Right
1707218014952,0.941352,-0.429928,-0.57096,22.61,-24.64,29.47,Noise,Right
1707218014952,0.954528,-0.476776,-0.467992,60.55,-15.47,36.19,Noise,Right
1707218014996,0.901824,-0.516304,-0.492392,53.34,-1.96,45.43,Noise,Right
1707218014997,0.671976,-0.436272,-0.611464,44.45,17.85,66.22,Noise,Right
1707218014997,0.526064,-0.411384,-0.581696,115.08,25.41,73.22,Noise,Right
1707218015043,0.49288,-0.569496,-0.56364,227.43,10.15,70.49,Noise,Right
1707218015044,0.60512,-0.72956,-0.61,269.15,3.08,61.6,Noise,Right
1707218015044,0.837408,-0.825696,-0.50752,261.73,3.43,49.91,Noise,Right
1707218015091,1.027728,-0.945256,-0.493856,186.62,4.9,35.07,Noise,Right
1707218015092,0.742736,-0.940864,-0.257664,120.4,1.68,23.31,Noise,Right
1707218015092,0.648064,-0.787144,-0.420168,78.89,10.78,24.36,Noise,Right
1707218015138,0.571936,-0.7808,-0.53192,90.72,26.67,25.55,Noise,Right
1707218015138,0.555832,-0.72712,-0.440664,76.72,38.78,27.09,Noise,Right
1707218015185,0.490928,-0.817888,-0.2928,60.97,21.42,-5.46,Noise,Right
1707218015185,0.470432,-0.805688,-0.343552,52.78,1.19,-8.96,Noise,Right
1707218015185,0.304024,-0.756888,-0.129808,11.83,-2.38,-5.11,Noise,Right
1707218015233,0.386496,-0.98088,-0.242048,-121.87,2.73,-18.27,Noise,Right
1707218015233,0.804712,-0.785192,-0.40748,-181.23,-17.01,-58.45,Noise,Right
1707218015233,0.720776,-0.536312,-0.290848,38.64,-40.88,-121.73,Noise,Right
1707218015280,0.537288,-0.667584,-0.38552,199.92,-30.31,-183.82,Noise,Right
1707218015280,0.492392,-0.710528,-0.43676,31.22,12.67,-207.27,Noise,Right
1707218015280,0.486536,-0.382592,-0.473848,-61.11,55.72,-184.66,Noise,Right
1707218015325,0.623176,-0.262544,-0.30012,-64.19,67.55,-117.18,Noise,Right
1707218015325,0.552416,-0.459696,-0.262056,-177.8,57.68,-57.26,Noise,Right
1707218015373,0.741272,-0.383568,-0.413336,-379.12,67.9,-58.31,Noise,Right
1707218015374,0.894504,-0.36356,-0.458232,-232.61,83.72,-68.6,Noise,Right
1707218015374,0.643672,-0.510936,-0.418216,19.81,72.66,-55.86,Noise,Right
1707218015418,0.60268,-0.577304,-0.447496,28.63,37.87,-45.64,Noise,Right
1707218015418,0.582184,-0.482632,-0.41968,-22.54,3.57,-35.84,Noise,Right
1707218015418,0.64172,-0.523136,-0.287432,-51.73,-22.82,-1.4,Noise,Right
1707218015467,0.80764,-0.465552,-0.355264,-149.73,-21.98,-9.45,Noise,Right
1707218015468,0.742736,-0.386496,-0.330376,-83.02,9.52,-6.58,Noise,Right
1707218015468,0.814472,-0.323056,-0.30256,-121.52,36.89,-28.63,Noise,Right
1707218015511,0.78324,-0.351848,-0.463112,-45.99,51.38,-41.58,Noise,Right
1707218015511,0.854,-0.403088,-0.865224,-165.27,7.0,1.05,Noise,Right
1707218015566,0.803248,-0.450424,-0.523624,-55.16,-9.8,-0.14,Noise,Right
1707218015566,0.789584,-0.37332,-0.439688,-17.71,-19.11,-18.06,Noise,Right
1707218015566,0.788608,-0.310856,-0.350384,-18.62,-19.39,-15.82,Noise,Right
1707218015685,0.67344,-0.339648,-0.355752,-82.18,-28.21,5.18,Noise,Right
1707218015685,0.815936,-0.35624,-0.307928,-29.05,-31.85,18.41,Noise,Right
1707218015685,0.931104,-0.311344,-0.2928,-36.82,-41.51,21.28,Noise,Right
1707218015685,0.592432,-0.343064,-0.375272,-27.79,-38.15,18.48,Noise,Right
1707218015685,0.879864,-0.402112,-0.50752,-25.69,-48.93,21.7,Noise,Right
1707218015685,0.662704,-0.328424,-0.45384,-12.74,-48.58,16.66,Noise,Right
1707218015685,0.587552,-0.357216,-0.431392,0.49,-55.02,20.37,Noise,Right
1707218015733,0.648552,-0.310856,-0.386984,6.3,-62.79,27.79,Noise,Right
1707218015734,0.67344,-0.225456,-0.229848,-18.27,-71.54,39.62,Noise,Right
1707218015734,0.633424,-0.230336,-0.398208,-30.1,-89.18,42.49,Noise,Right
1707218015834,0.908168,-0.05612,-0.501664,-27.09,-97.79,38.71,Noise,Right
1707218015835,0.674416,-0.421632,-0.669536,7.35,-101.57,49.28,Noise,Right
1707218015835,0.610488,-0.411872,-0.803736,-8.89,-101.71,45.43,Noise,Right
1707218015835,0.65636,-0.454816,-0.916952,-8.26,-90.58,40.53,Noise,Right
1707218015835,0.5978,-0.486048,-0.923784,-1.33,-77.63,25.62,Noise,Right
1707218015835,0.635376,-0.389424,-0.8296,12.39,-63.07,21.0,Noise,Right
1707218015882,0.594872,-0.267424,-0.669048,11.48,-55.72,21.7,Noise,Right
1707218015882,0.620736,-0.276696,-0.62952,1.12,-58.66,19.32,Noise,Right
1707218015883,0.6344,-0.325984,-0.737368,-4.62,-62.72,17.99,Noise,Right
1707218015929,0.582184,-0.34648,-0.82472,-9.45,-59.78,19.18,Noise,Right
1707218015930,0.628544,-0.42944,-0.878888,1.68,-50.12,23.38,Noise,Right
1707218015930,0.630496,-0.517768,-0.909144,-8.12,-38.57,15.61,Noise,Right
1707218015980,0.613904,-0.472384,-0.892064,5.88,-31.71,-0.21,Noise,Right
1707218015980,0.5734,-0.476288,-0.864736,10.78,-21.49,-5.32,Noise,Right
1707218015980,0.616344,-0.420168,-0.742736,5.18,-12.32,-8.19,Noise,Right
1707218016108,0.586088,-0.378688,-0.698328,-9.17,-5.53,-6.02,Noise,Right
1707218016108,0.564128,-0.379176,-0.70272,5.95,-4.76,-6.72,Noise,Right
1707218016109,0.511424,-0.38064,-0.686616,-17.01,-6.44,-7.35,Noise,Right
1707218016109,0.530456,-0.376736,-0.735416,-22.19,-9.03,-7.7,Noise,Right
1707218016109,0.500688,-0.44408,-0.815936,-4.55,-7.49,-7.56,Noise,Right
1707218016109,0.56608,-0.426512,-0.815936,20.44,-1.4,-10.08,Noise,Right
1707218016109,0.582184,-0.403088,-0.789584,26.88,4.2,-11.13,Noise,Right
1707218016245,0.56852,-0.374784,-0.772016,18.76,7.7,-11.62,Noise,Right
1707218016245,0.550464,-0.34892,-0.72956,0.42,8.82,-10.99,Noise,Right
1707218016245,0.532896,-0.362584,-0.72224,3.36,8.33,-10.5,Noise,Right
1707218016245,0.526552,-0.387472,-0.74908,22.4,3.92,-8.61,Noise,Right
1707218016245,0.567544,-0.481656,-0.723704,43.61,6.93,-7.98,Noise,Right
1707218016245,0.618296,-0.504104,-0.764208,66.43,8.33,-10.64,Noise,Right
1707218016245,0.692472,-0.441152,-0.841312,92.12,19.67,-8.19,Noise,Right
1707218016246,0.790072,-0.4758,-0.601216,138.32,44.66,-8.4,Noise,Right
1707218016291,0.665144,-0.39772,-0.826672,165.97,44.03,-7.28,Noise,Right
1707218016291,0.521672,-0.427,-0.798368,245.28,46.76,-10.22,Noise,Right
1707218016291,0.424072,-0.708576,-0.701744,287.28,42.63,-16.87,Noise,Right
1707218016339,0.523136,-0.671,-0.486536,126.07,26.95,-11.97,Noise,Right
1707218016339,0.45628,-0.570472,-0.50996,-21.98,-9.87,25.34,Noise,Right
1707218016339,0.527528,-0.538264,-0.44408,-83.58,-20.09,64.47,Noise,Right
1707218016386,0.614392,-0.588528,-0.312808,-119.56,-15.75,70.7,Noise,Right
1707218016386,0.725656,-0.51972,-0.2684,-136.15,-13.72,49.56,Noise,Right
1707218016386,0.71736,-0.484584,-0.396744,-94.01,-6.72,9.45,Noise,Right
1707218016516,0.647088,-0.583648,-0.534848,-1.82,17.36,-28.77,Noise,Right
1707218016516,0.691008,-0.698328,-0.466528,5.6,27.51,-45.85,Noise,Right
1707218016516,0.723704,-0.621712,-0.404064,4.27,16.45,-42.63,Noise,Right
1707218016517,0.690032,-0.533384,-0.393328,16.73,2.38,-26.11,Noise,Right
1707218016517,0.67588,-0.5612,-0.433832,27.72,-0.63,-4.55,Noise,Right
1707218016518,0.649528,-0.448472,-0.440664,3.5,4.27,3.92,Noise,Right
1707218016518,0.586576,-0.42944,-0.418704,0.77,13.3,-2.66,Noise,Right
1707218016569,0.645624,-0.468968,-0.399672,-28.07,16.38,-18.83,Noise,Right
1707218016569,0.670024,-0.420656,-0.447496,-51.38,14.91,-23.1,Noise,Right
1707218016570,0.6344,-0.423584,-0.530944,-26.39,15.19,-16.94,Noise,Right
1707218016570,0.6344,-0.616832,-0.698816,48.93,5.04,-12.25,Noise,Right
1707218016615,0.62464,-0.59536,-0.765672,27.51,-13.44,-13.23,Noise,Right
1707218016615,0.60024,-0.282552,-0.745176,7.56,-19.88,11.27,Noise,Right
1707218016660,0.598288,-0.289384,-0.540216,-0.21,-10.92,41.23,Noise,Right
1707218016660,0.521672,-0.32452,-0.487512,-20.3,-20.37,41.79,Noise,Right
1707218016660,0.50752,-0.367952,-0.574376,-61.18,-25.9,24.36,Noise,Right
1707218016706,0.435296,-0.375272,-0.625128,-62.16,-16.38,16.1,Noise,Right
1707218016706,0.431392,-0.455792,-0.65392,-16.59,-12.95,16.24,Noise,Right
1707218016706,0.411872,-0.508984,-0.707112,21.21,-16.1,14.84,Noise,Right
1707218016755,0.360144,-0.428464,-0.690032,35.98,-19.39,14.35,Noise,Right
1707218016755,0.251808,-0.441152,-0.64904,28.49,-25.2,11.69,Noise,Right
1707218016755,0.308904,-0.409432,-0.59536,-16.1,-32.06,12.81,Noise,Right
1707218016801,0.318664,-0.513376,-0.625128,-24.57,-29.68,15.89,Noise,Right
1707218016801,0.350872,-0.673928,-0.679784,-14.42,-19.11,14.98,Noise,Right
1707218016846,0.368928,-0.805688,-0.693448,-11.48,-10.29,14.7,Noise,Right
1707218016850,0.357704,-0.765184,-0.726144,13.16,-17.29,26.11,Noise,Right
1707218016850,0.266936,-0.634888,-0.73688,23.94,-29.33,34.16,Noise,Right
1707218016898,0.2928,-0.605608,-0.679784,19.46,-47.6,30.66,Noise,Right
1707218016898,0.334768,-0.584624,-0.678808,-2.17,-63.0,27.02,Noise,Right
1707218016898,0.36112,-0.61244,-0.73444,-19.88,-62.23,30.52,Noise,Right
1707218016940,0.408456,-0.688568,-0.752496,-14.63,-50.19,34.79,Noise,Right
1707218016940,0.370392,-0.69052,-0.742248,-2.73,-47.81,31.71,Noise,Right
1707218016988,0.410408,-0.699792,-0.704672,33.67,-52.57,25.13,Noise,Right
1707218016988,0.438224,-0.680272,-0.7076,28.07,-51.24,17.92,Noise,Right
1707218016988,0.44408,-0.628544,-0.673928,8.75,-46.06,18.76,Noise,Right
1707218017033,0.448472,-0.52704,-0.664168,-7.98,-38.64,15.47,Noise,Right
1707218017033,0.426512,-0.573888,-0.64172,-19.25,-24.43,2.1,Noise,Right
1707218017034,0.418216,-0.600728,-0.671976,-2.59,-16.94,-13.93,Noise,Right
1707218017081,0.346968,-0.630984,-0.730048,12.04,-12.95,-18.2,Noise,Right
1707218017081,0.358192,-0.622688,-0.691496,8.68,-19.39,-12.88,Noise,Right
1707218017081,0.391864,-0.6466,-0.686128,4.55,-35.49,-8.19,Noise,Right
1707218017128,0.447496,-0.598776,-0.662216,13.37,-36.19,-5.81,Noise,Right
1707218017128,0.474824,-0.502152,-0.601704,1.89,-27.23,-1.75,Noise,Right
1707218017128,0.547048,-0.439688,-0.671,-77.56,-47.81,15.68,Noise,Right
1707218017174,0.51972,-0.411872,-0.76372,-80.64,-46.27,21.07,Noise,Right
1707218017174,0.511912,-0.51484,-0.847656,-59.78,-44.8,23.8,Noise,Right
1707218017221,0.502152,-0.700768,-0.969656,9.45,-39.41,17.5,Noise,Right
1707218017222,0.5002,-0.617808,-0.85156,25.27,-28.49,-0.49,Noise,Right
1707218017222,0.470432,-0.604144,-0.784704,51.31,-26.81,-14.84,Noise,Right
1707218017268,0.488976,-0.568032,-0.669048,37.52,-27.93,-19.88,Noise,Right
1707218017268,0.430416,-0.472384,-0.683688,19.67,-42.7,0.63,Noise,Right
1707218017268,0.377712,-0.415288,-0.682224,-4.48,-48.58,21.91,Noise,Right
1707218017313,0.345016,-0.357704,-0.690032,-51.17,-43.47,38.43,Noise,Right
1707218017314,0.267424,-0.488,-0.848632,-70.7,-45.15,47.46,Noise,Right
1707218017360,0.207888,-0.56364,-0.97844,-83.37,-62.02,56.21,Noise,Right
1707218017361,0.172264,-0.580232,-1.053104,-65.17,-88.06,70.14,Noise,Right
1707218017361,0.208376,-0.554368,-1.04432,-33.74,-118.93,80.71,Noise,Right
1707218017410,0.150792,-0.454328,-1.031632,-38.92,-133.63,88.13,Noise,Right
1707218017410,0.142984,-0.368928,-0.950136,-75.18,-142.73,88.27,Noise,Right
1707218017410,0.111264,-0.3416,-0.939888,-83.72,-145.6,84.56,Noise,Right
1707218017455,0.091256,-0.333792,-0.987224,-89.46,-144.34,83.16,Noise,Right
1707218017456,0.00976,-0.33916,-1.097512,-78.61,-140.0,93.17,Noise,Right
1707218017456,-0.039528,-0.372344,-1.094584,-37.17,-135.03,100.59,Noise,Right
1707218017507,-0.055144,-0.377224,-0.998936,-31.36,-139.93,102.97,Noise,Right
1707218017507,-0.081496,-0.306952,-0.953064,-28.84,-150.57,99.75,Noise,Right
1707218017574,-0.13908,-0.246928,-0.89304,-38.36,-153.09,104.37,Noise,Right
1707218017574,-0.183976,-0.223016,-0.874496,-50.68,-150.29,109.27,Noise,Right
1707218017575,-0.251808,-0.22692,-0.912072,-50.4,-145.25,106.26,Noise,Right
1707218017575,-0.284016,-0.210816,-0.899384,-43.12,-134.12,101.08,Noise,Right
1707218017575,-0.30744,-0.247904,-0.903776,-16.31,-121.59,95.13,Noise,Right
1707218017625,-0.357704,-0.253272,-0.809104,3.43,-114.38,86.24,Noise,Right
1707218017629,-0.381128,-0.247416,-0.73688,5.18,-112.14,85.82,Noise,Right
1707218017633,-0.432856,-0.260592,-0.655872,-12.53,-111.02,98.7,Noise,Right
1707218017671,-0.453352,-0.262056,-0.639768,-20.23,-120.4,114.45,Noise,Right
1707218017672,-0.486536,-0.187392,-0.62952,-30.17,-121.1,123.2,Noise,Right
1707218017672,-0.528992,-0.123464,-0.591456,-34.16,-116.9,124.95,Noise,Right
1707218017718,-0.559736,-0.095648,-0.620248,-15.26,-112.56,116.9,Noise,Right
1707218017718,-0.630496,-0.025864,-0.626104,3.78,-99.54,101.85,Noise,Right
1707218017765,-0.705648,0.040992,-0.625128,-7.63,-93.66,96.95,Noise,Right
1707218017766,-0.745664,-0.038552,-0.65148,-22.12,-103.67,105.56,Noise,Right
1707218017766,-0.780312,-0.033184,-0.60024,-45.01,-118.09,120.47,Noise,Right
1707218017820,-0.754936,-0.006344,-0.5124,-61.95,-127.68,125.93,Noise,Right
1707218017820,-0.757864,0.018544,-0.44408,-67.83,-131.88,124.53,Noise,Right
1707218017820,-0.74908,0.037576,-0.374296,-56.84,-120.26,116.48,Noise,Right
1707218017944,-0.752008,0.110776,-0.36356,-31.36,-97.65,101.85,Noise,Right
1707218017944,-0.80032,0.157624,-0.366976,2.94,-69.23,78.89,Noise,Right
1707218017944,-0.838872,0.229848,-0.345504,25.2,-46.41,37.73,Noise,Right
1707218017944,-0.883768,0.273768,-0.364048,32.27,-35.91,47.6,Noise,Right
1707218017944,-0.935984,0.282064,-0.358192,15.4,-35.35,57.12,Noise,Right
1707218017945,-0.9638,0.291824,-0.329888,-13.58,-50.26,67.06,Noise,Right
1707218017945,-0.968192,0.284992,-0.303048,-39.41,-68.88,75.6,Noise,Right
1707218018063,-0.970144,0.315248,-0.254248,-49.63,-77.98,79.59,Noise,Right
1707218018064,-0.946232,0.305,-0.219112,-36.82,-68.6,67.76,Noise,Right
1707218018064,-0.9394,0.30256,-0.211792,-3.85,-41.16,47.25,Noise,Right
1707218018064,-0.92232,0.338672,-0.24888,38.08,-5.39,28.98,Noise,Right
1707218018064,-1.007232,0.447984,-0.259616,81.34,27.23,8.89,Noise,Right
1707218018064,-1.121424,0.484584,-0.26108,72.1,28.21,-5.25,Noise,Right
1707218018065,-1.160952,0.464088,-0.320128,16.17,-1.05,8.96,Noise,Right
1707218018106,-1.15168,0.462136,-0.266936,-27.93,-52.15,26.95,Noise,Right
1707218018108,-1.104344,0.38796,-0.227408,-48.23,-54.32,34.65,Noise,Right
1707218018108,-1.068232,0.36112,-0.168848,-69.58,-49.0,31.99,Noise,Right
1707218018159,-1.015528,0.320128,-0.120536,-30.66,-15.75,16.87,Noise,Right
1707218018159,-1.131672,0.355264,-0.135176,62.02,45.57,-34.37,Noise,Right
1707218018163,-1.109712,0.339648,-0.182024,144.06,115.64,-70.63,Noise,Right
1707218018200,-1.099464,0.343552,-0.290848,193.27,169.68,-95.62,Noise,Right
1707218018201,-1.148264,0.345504,-0.364048,209.02,192.29,-104.86,Noise,Right
1707218018201,-1.164856,0.32696,-0.436272,196.49,185.08,-114.45,Noise,Right
1707218018250,-1.138504,0.306464,-0.510448,179.83,154.21,-120.89,Noise,Right
1707218018250,-1.108736,0.27816,-0.507032,108.57,113.82,-118.09,Noise,Right
1707218018251,-1.051152,0.217648,-0.448472,49.0,70.77,-120.96,Noise,Right
1707218018296,-0.901824,0.080032,-0.426512,12.11,59.92,-126.49,Noise,Right
1707218018297,-0.81496,-0.015616,-0.47824,26.32,96.46,-135.8,Noise,Right
1707218018345,-0.642208,-0.106872,-0.56364,122.99,162.68,-155.96,Noise,Right
1707218018345,-0.665632,-0.229848,-0.730048,227.36,218.82,-181.09,Noise,Right
1707218018345,-0.707112,-0.268888,-0.804712,270.13,236.95,-188.72,Noise,Right
1707218018393,-0.688568,-0.125904,-0.72712,252.42,203.49,-179.2,Noise,Right
1707218018393,-0.58072,-0.225456,-0.636352,202.65,145.6,-169.68,Noise,Right
1707218018393,-0.475312,-0.306952,-0.57096,139.37,100.31,-174.3,Noise,Right
1707218018496,-0.295728,-0.367952,-0.568032,85.4,88.41,-174.72,Noise,Right
1707218018496,-0.189832,-0.433832,-0.5978,78.26,99.82,-160.51,Noise,Right
1707218018496,-0.159576,-0.586088,-0.655872,79.03,108.64,-134.47,Noise,Right
1707218018496,-0.129808,-0.613904,-0.631472,92.68,97.65,-114.87,Noise,Right
1707218018496,-0.08296,-0.55388,-0.572424,96.95,83.16,-111.93,Noise,Right
1707218018496,-0.049776,-0.46848,-0.53436,89.39,75.25,-126.0,Noise,Right
1707218018546,-0.013176,-0.425048,-0.542656,71.82,74.41,-143.43,Noise,Right
1707218018547,0.034648,-0.427,-0.54412,43.19,62.51,-154.07,Noise,Right
1707218018547,0.08296,-0.52948,-0.6344,30.52,46.83,-153.65,Noise,Right
1707218018593,0.164456,-0.650504,-0.635864,22.33,33.74,-134.05,Noise,Right
1707218018593,0.25864,-0.63928,-0.638304,-8.19,21.56,-103.39,Noise,Right
1707218018593,0.249856,-0.579256,-0.630984,-25.06,22.47,-78.26,Noise,Right
1707218018640,0.229848,-0.531432,-0.694912,-42.35,38.57,-81.13,Noise,Right
1707218018640,0.447984,-0.482144,-0.548512,14.91,65.17,-105.28,Noise,Right
1707218018640,0.346968,-0.522648,-0.730048,39.69,80.64,-116.55,Noise,Right
1707218018689,0.332328,-0.56852,-0.778848,40.53,83.79,-116.06,Noise,Right
1707218018689,0.352824,-0.613416,-0.794952,37.52,65.94,-104.58,Noise,Right
1707218018740,0.39772,-0.654408,-0.780312,16.87,34.65,-77.28,Noise,Right
1707218018740,0.411872,-0.612928,-0.730536,-9.1,3.78,-48.3,Noise,Right
1707218018740,0.427488,-0.535824,-0.696376,-43.4,-7.07,-39.13,Noise,Right
1707218018862,0.463112,-0.500688,-0.630008,-53.69,-3.01,-47.74,Noise,Right
1707218018862,0.490928,-0.493856,-0.7076,-17.92,10.85,-59.15,Noise,Right
1707218018862,0.473848,-0.567544,-0.777872,23.87,30.87,-73.78,Noise,Right
1707218018862,0.482632,-0.548024,-0.791048,44.59,34.79,-73.85,Noise,Right
1707218018862,0.450912,-0.541192,-0.764208,34.37,31.08,-60.34,Noise,Right
1707218018862,0.46116,-0.554856,-0.731024,28.77,22.26,-50.82,Noise,Right
1707218018862,0.449448,-0.549976,-0.713944,18.13,8.26,-44.03,Noise,Right
1707218018908,0.474336,-0.568032,-0.691496,-4.69,-6.65,-36.75,Noise,Right
1707218018908,0.491904,-0.539728,-0.645136,-34.58,-19.25,-31.01,Noise,Right
1707218018909,0.528504,-0.558272,-0.6344,-48.02,-18.69,-31.15,Noise,Right
1707218018955,0.550952,-0.52704,-0.626104,-46.41,-6.3,-28.77,Noise,Right
1707218018956,0.573888,-0.55632,-0.621712,-12.88,9.45,-28.14,Noise,Right
1707218018956,0.529968,-0.569008,-0.68564,17.5,21.7,-31.01,Noise,Right
1707218019005,0.523136,-0.554368,-0.66368,38.22,23.73,-31.22,Noise,Right
1707218019005,0.50996,-0.533872,-0.679296,32.69,14.28,-29.12,Noise,Right
1707218019005,0.486536,-0.500688,-0.650016,15.05,3.64,-28.56,Noise,Right
1707218019048,0.491904,-0.49288,-0.62708,-3.22,-8.54,-26.46,Noise,Right
1707218019048,0.508984,-0.499712,-0.632448,-23.03,-17.29,-20.72,Noise,Right
1707218019049,0.550464,-0.532896,-0.640744,-34.79,-19.32,-17.85,Noise,Right
1707218019094,0.58316,-0.543144,-0.65392,-41.86,-12.04,-18.97,Noise,Right
1707218019094,0.581696,-0.538752,-0.66124,-0.98,-0.07,-13.86,Noise,Right
1707218019150,0.595848,-0.533872,-0.68564,25.9,10.85,-10.78,Noise,Right
1707218019151,0.580232,-0.467504,-0.6954,33.32,14.98,-12.11,Noise,Right
1707218019151,0.537288,-0.445056,-0.686616,39.83,12.53,-24.85,Noise,Right
1707218019203,0.513864,-0.487024,-0.699792,35.77,3.71,-36.54,Noise,Right
1707218019203,0.860832,-0.754936,-0.869128,17.22,-1.89,-41.09,Noise,Right
1707218019203,0.484096,-0.5002,-0.745176,-15.82,-27.3,-13.3,Noise,Right
1707218019204,0.53436,-0.525088,-0.634888,-14.7,-25.9,-17.08,Noise,Right
1707218019253,0.566568,-0.520208,-0.617808,-21.21,-22.12,-13.65,Noise,Right
1707218019254,0.564616,-0.504592,-0.613416,-31.22,-15.12,-4.41,Noise,Right
1707218019254,0.557784,-0.490928,-0.671976,-33.04,-13.86,-2.8,Noise,Right
1707218019389,0.57828,-0.454816,-0.72712,-23.8,-13.72,-1.96,Noise,Right
1707218019389,0.528016,-0.447496,-0.749568,-9.87,-14.42,-7.0,Noise,Right
1707218019389,0.586576,-0.477752,-0.710528,3.64,-15.75,-11.27,Noise,Right
1707218019390,0.546072,-0.494832,-0.730048,7.42,-14.35,-15.54,Noise,Right
1707218019390,0.560712,-0.507032,-0.67832,9.1,-12.25,-16.17,Noise,Right
1707218019390,0.526552,-0.474336,-0.665144,11.97,-10.08,-12.88,Noise,Right
1707218019390,0.383568,-0.462624,-0.655872,6.02,-8.4,-8.89,Noise,Right
1707218019439,0.505568,-0.435784,-0.63928,-3.22,-8.05,-4.69,Noise,Right
1707218019440,0.493856,-0.420168,-0.654896,-17.36,-10.15,-1.75,Noise,Right
1707218019440,0.50508,-0.40992,-0.7076,-23.66,-12.39,-1.05,Noise,Right
1707218019440,0.532896,-0.437248,-0.74664,-18.48,-14.21,-2.17,Noise,Right
1707218019489,0.528504,-0.436272,-0.755912,-3.01,-12.46,-3.5,Noise,Right
1707218019489,0.552416,-0.464576,-0.755912,9.1,-11.76,-6.23,Noise,Right
1707218019611,0.53192,-0.443104,-0.730048,17.5,-11.9,-9.03,Noise,Right
1707218019611,0.537288,-0.4636,-0.698816,15.19,-9.94,-8.4,Noise,Right
1707218019612,0.48312,-0.471408,-0.674904,3.64,-6.79,-6.02,Noise,Right
1707218019612,0.530944,-0.45872,-0.681248,-4.2,-7.63,-5.04,Noise,Right
1707218019612,0.501664,-0.446032,-0.703208,-9.52,-8.12,-4.69,Noise,Right
1707218019612,0.508008,-0.474336,-0.708576,-7.14,-8.89,-3.85,Noise,Right
1707218019612,0.522648,-0.476776,-0.713944,0.84,-9.31,-4.13,Noise,Right
1707218019664,0.524112,-0.464088,-0.720288,8.26,-9.52,-5.18,Noise,Right
1707218019665,0.521672,-0.442128,-0.735416,13.16,-10.01,-6.37,Noise,Right
1707218019665,0.522648,-0.443104,-0.727608,12.25,-9.87,-7.56,Noise,Right
1707218019785,0.530456,-0.454816,-0.741272,11.27,-10.29,-10.22,Noise,Right
1707218019786,0.576328,-0.497272,-0.709552,13.16,-4.13,-4.34,Noise,Right
1707218019786,0.50752,-0.48068,-0.728096,5.32,-1.82,-6.86,Noise,Right
1707218019786,0.546072,-0.46848,-0.715408,14.63,-2.17,-6.93,Noise,Right
1707218019786,0.545096,-0.447496,-0.711016,14.7,0.21,-5.74,Noise,Right
1707218019786,0.52216,-0.443592,-0.706624,15.61,0.7,-2.38,Noise,Right
1707218019786,0.522648,-0.433832,-0.72224,10.92,-7.21,-2.59,Noise,Right
1707218019930,0.56364,-0.456768,-0.729072,11.06,-14.35,-0.42,Noise,Right
1707218019930,0.603168,-0.447496,-0.743712,14.77,-12.25,6.16,Noise,Right
1707218019930,0.604632,-0.466528,-0.734928,3.57,-12.6,8.68,Noise,Right
1707218019930,0.630496,-0.465552,-0.718824,5.04,-13.65,10.15,Noise,Right
1707218019930,0.618296,-0.427488,-0.723216,-2.94,-15.96,14.91,Noise,Right
1707218019930,0.601216,-0.423096,-0.717848,-7.56,-16.45,17.5,Noise,Right
1707218019981,0.622688,-0.431392,-0.72468,-5.04,-13.58,19.81,Noise,Right
1707218019982,0.63684,-0.423584,-0.746152,-4.34,-12.32,21.84,Noise,Right
1707218019982,0.624152,-0.399672,-0.790072,2.87,-16.66,27.72,Noise,Right
1707218019982,0.625616,-0.3782,-0.820328,2.8,-28.21,38.01,Noise,Right
1707218019982,0.579744,-0.3782,-0.829112,-9.8,-45.22,50.26,Noise,Right
1707218019982,0.519232,-0.389424,-0.830576,-6.58,-66.29,62.09,Noise,Right
1707218020029,0.481168,-0.385032,-0.809592,-6.44,-79.59,68.53,Noise,Right
1707218020029,0.450912,-0.365512,-0.777872,-16.8,-85.61,76.3,Noise,Right
1707218020029,0.475312,-0.403088,-0.760792,-25.9,-83.23,84.56,Noise,Right
1707218020073,0.459208,-0.427,-0.786656,-28.84,-76.86,87.15,Noise,Right
1707218020073,0.457744,-0.364536,-0.826672,-21.0,-67.69,78.26,Noise,Right
1707218020073,0.394304,-0.272792,-0.86376,-7.49,-71.19,70.84,Noise,Right
1707218020120,0.242536,-0.246928,-0.892064,-38.78,-97.37,79.94,Noise,Right
1707218020120,0.132736,-0.404064,-0.929152,-125.65,-161.63,113.82,Noise,Right
1707218020175,0.091744,-0.447984,-0.894992,-194.32,-237.93,152.11,Noise,Right
1707218020176,0.132248,-0.427488,-0.85644,-204.4,-272.72,164.01,Noise,Right
1707218020176,0.177144,-0.381128,-0.782752,-206.29,-261.94,169.26,Noise,Right
1707218020296,0.177632,-0.266448,-0.793488,-167.3,-220.36,167.72,Noise,Right
1707218020296,0.024888,-0.222528,-0.833992,-84.98,-166.46,155.75,Noise,Right
1707218020296,-0.050264,-0.215696,-0.864736,-19.18,-114.73,125.3,Noise,Right
1707218020296,-0.225456,0.030256,-0.762256,3.92,-94.85,85.61,Noise,Right
1707218020296,-0.401136,-0.02928,-0.790072,-7.35,-114.52,84.56,Noise,Right
1707218020296,-0.443592,-0.0854,-0.774456,-91.84,-153.09,104.72,Noise,Right
1707218020296,-0.468968,-0.111264,-0.728584,-163.52,-200.97,129.71,Noise,Right
1707218020342,-0.483608,-0.133224,-0.725656,-185.92,-221.27,139.79,Noise,Right
1707218020342,-0.479216,-0.113704,-0.708088,-182.35,-207.62,132.37,Noise,Right
1707218020342,-0.442616,-0.054656,-0.635376,-145.46,-165.48,118.02,Noise,Right
1707218020387,-0.463112,-0.00732,-0.635376,-58.1,-118.37,102.2,Noise,Right
1707218020387,-0.497272,0.109312,-0.599752,-6.16,-70.07,84.98,Noise,Right
1707218020387,-0.635864,0.160552,-0.586576,20.37,-39.34,69.86,Noise,Right
1707218020435,-0.703696,0.240584,-0.55388,18.27,-30.59,66.64,Noise,Right
1707218020436,-0.77104,0.266936,-0.55144,-6.02,-44.66,68.39,Noise,Right
1707218020436,-0.794952,0.26352,-0.5612,-41.58,-81.13,77.35,Noise,Right
1707218020483,-0.806176,0.218624,-0.575352,-93.45,-114.87,87.29,Noise,Right
1707218020483,-0.759328,0.20984,-0.550464,-122.43,-134.33,93.73,Noise,Right
1707218020483,-0.70516,0.189832,-0.482144,-116.76,-133.91,95.9,Noise,Right
1707218020530,-0.664656,0.223504,-0.414312,-75.04,-110.67,92.54,Noise,Right
1707218020530,-0.696376,0.315736,-0.37332,-15.89,-60.41,84.0,Noise,Right
1707218020583,-0.754448,0.440176,-0.368928,47.67,-11.76,72.1,Noise,Right
1707218020583,-0.95892,0.540704,-0.380152,48.16,12.46,60.55,Noise,Right
1707218020584,-1.109712,0.57828,-0.379176,29.54,5.95,49.91,Noise,Right
1707218020637,-1.134112,0.526552,-0.37332,-2.94,-20.44,40.53,Noise,Right
1707218020638,-1.10776,0.498736,-0.396744,-51.87,-49.28,42.42,Noise,Right
1707218020638,-1.10044,0.481656,-0.393328,-73.43,-44.87,42.91,Noise,Right
1707218020638,-1.06384,0.476776,-0.375272,-55.72,-8.4,34.93,Noise,Right
1707218020686,-1.069208,0.467016,-0.403088,12.74,50.4,19.32,Noise,Right
1707218020686,-1.102392,0.50752,-0.472872,97.44,120.05,0.98,Noise,Right
1707218020686,-1.123864,0.645624,-0.615368,195.79,194.53,-15.33,Noise,Right
1707218020730,-1.262456,0.671,-0.681248,245.42,209.3,-53.55,Noise,Right
1707218020730,-1.3054,0.616832,-0.731512,227.15,194.11,-101.92,Noise,Right
1707218020776,-1.1468,0.523136,-0.719312,151.83,153.09,-125.93,Noise,Right
1707218020776,-0.977464,0.364048,-0.780312,76.23,118.37,-114.94,Noise,Right
1707218020776,-0.884256,0.281576,-0.752496,30.17,117.53,-95.69,Noise,Right
1707218020827,-0.769576,0.213744,-0.731024,62.3,147.0,-89.04,Noise,Right
1707218020827,-0.657824,0.178608,-0.720776,137.2,178.43,-91.28,Noise,Right
1707218020827,-0.587552,0.174216,-0.789096,207.83,193.83,-111.44,Noise,Right
1707218020868,-0.520696,0.106872,-0.908168,232.96,193.55,-136.5,Noise,Right
1707218020869,-0.471896,-0.044408,-0.853512,222.18,176.26,-157.71,Noise,Right
1707218020915,-0.350872,-0.132248,-0.75396,183.54,138.32,-154.56,Noise,Right
1707218020915,-0.213744,-0.277672,-0.672464,149.45,107.73,-138.11,Noise,Right
1707218020915,-0.129808,-0.252784,-0.623176,98.49,100.66,-115.43,Noise,Right
1707218020961,-0.020008,-0.245952,-0.545096,92.4,116.97,-100.1,Noise,Right
1707218020961,0.054168,-0.25864,-0.496296,99.47,139.23,-99.82,Noise,Right
1707218020961,0.142984,-0.243024,-0.635376,115.57,158.69,-107.87,Noise,Right
1707218021008,0.144936,-0.360632,-0.726632,146.79,164.71,-126.42,Noise,Right
1707218021008,0.210816,-0.498736,-0.743224,168.35,150.01,-142.31,Noise,Right
1707218021055,0.394792,-0.475312,-0.686616,134.05,128.87,-132.86,Noise,Right
1707218021056,0.447496,-0.418704,-0.6466,75.25,115.57,-90.72,Noise,Right
1707218021102,0.585112,-0.327936,-0.685152,22.89,152.25,-83.02,Noise,Right
1707218021295,0.739808,-0.298656,-0.786656,-51.17,3.43,-4.76,Noise,Right
1707218021519,0.623176,-0.391864,-0.68564,5.11,-30.52,-4.2,Noise,Right
1707218021846,0.490928,-0.51728,-0.909144,31.29,-34.86,2.1,Noise,Right
1707218022069,0.399672,-0.361608,-0.703696,-1.82,-1.05,-12.95,Noise,Right
1707218022298,0.621224,-0.431392,-0.83448,24.99,62.72,-16.45,Noise,Right
1707218022531,0.662216,-0.36112,-0.530456,-20.51,-57.26,4.27,Noise,Right
1707218022756,0.609024,-0.402112,-0.648552,27.02,6.79,-0.84,Noise,Right
1707218022900,0.564128,-0.354288,-0.63196,-15.61,-3.22,-18.76,Noise,Right
1707218022900,0.60512,-0.39528,-0.632936,-25.76,-10.01,-20.72,Noise,Right
1707218022900,0.684664,-0.413336,-0.608536,-22.82,-9.94,-15.4,Noise,Right
1707218022900,0.696376,-0.457744,-0.61244,-12.32,-5.18,-11.27,Noise,Right
1707218022900,0.743712,-0.44164,-0.612928,4.41,-0.21,-7.77,Noise,Right
1707218022900,0.712968,-0.420168,-0.637816,20.93,6.02,-2.45,Noise,Right
1707218022952,0.720776,-0.410408,-0.594872,41.51,9.38,2.8,Noise,Right
1707218022955,0.690032,-0.371368,-0.556808,41.51,11.2,-1.19,Noise,Right
1707218022956,0.60512,-0.33428,-0.5246,16.66,4.55,-9.38,Noise,Right
1707218022956,0.564128,-0.353312,-0.504592,-10.92,-3.64,-8.12,Noise,Right
1707218022998,0.535336,-0.381616,-0.503616,-37.1,-12.32,-5.39,Noise,Right
1707218022998,0.577792,-0.436272,-0.561688,-51.66,-18.06,-1.4,Noise,Right
1707218023044,0.640744,-0.365024,-0.562664,-51.03,-23.24,4.62,Noise,Right
1707218023045,0.686616,-0.414312,-0.653432,-11.55,-25.9,6.3,Noise,Right
1707218023045,0.75396,-0.369416,-0.6466,-5.6,-25.62,0.91,Noise,Right
1707218023090,0.838872,-0.398208,-0.68564,0.56,-20.09,-3.57,Noise,Right
1707218023090,0.723216,-0.399184,-0.789584,6.93,-9.17,-13.51,Noise,Right
1707218023090,0.89792,-0.420656,-0.7442,26.25,0.35,-13.16,Noise,Right
1707218023144,0.842776,-0.391376,-0.635864,30.1,18.97,-12.88,Noise,Right
1707218023144,0.744688,-0.411384,-0.680272,55.44,31.29,-6.37,Noise,Right
1707218023144,0.733952,-0.486536,-0.7198,69.37,33.6,-1.4,Noise,Right
1707218023273,0.701256,-0.493856,-0.738832,46.62,23.94,6.86,Noise,Right
1707218023274,0.718336,-0.465064,-0.721264,37.8,22.54,16.8,Noise,Right
1707218023274,0.65636,-0.455304,-0.743224,56.98,28.91,3.57,Noise,Right
1707218023274,0.624152,-0.479216,-0.724192,86.52,31.5,-11.13,Noise,Right
1707218023274,0.624152,-0.486536,-0.701256,63.7,20.23,-7.0,Noise,Right
1707218023274,0.530944,-0.419192,-0.65636,21.7,0.77,4.2,Noise,Right
1707218023274,0.49532,-0.402112,-0.587552,3.57,-15.89,0.49,Noise,Right
1707218023325,0.510448,-0.35868,-0.512888,-9.52,-19.88,-10.36,Noise,Right
1707218023325,0.535336,-0.354776,-0.434808,-13.3,-7.56,-20.09,Noise,Right
1707218023325,0.560224,-0.392352,-0.415776,0.7,16.66,-27.44,Noise,Right
1707218023325,0.589504,-0.416264,-0.412848,17.64,37.87,-35.42,Noise,Right
1707218023371,0.654896,-0.366,-0.406992,33.46,53.34,-48.16,Noise,Right
1707218023371,0.727608,-0.403088,-0.418704,33.6,65.73,-61.18,Noise,Right
1707218023418,0.754448,-0.480192,-0.475312,29.05,65.52,-66.92,Noise,Right
1707218023418,0.804712,-0.510936,-0.505568,20.09,45.36,-56.14,Noise,Right
1707218023418,0.806664,-0.471408,-0.46604,2.66,20.3,-37.87,Noise,Right
1707218023466,0.844728,-0.397232,-0.40016,-5.46,8.19,-30.52,Noise,Right
1707218023467,0.879376,-0.357704,-0.331352,-7.35,12.67,-28.21,Noise,Right
1707218023467,0.870104,-0.330376,-0.293288,-11.27,26.39,-20.44,Noise,Right
1707218023513,0.889136,-0.276208,-0.283528,-1.19,43.4,-21.63,Noise,Right
1707218023513,0.911584,-0.411872,-0.462136,-21.77,34.58,-20.86,Noise,Right
1707218023513,0.881328,-0.26596,-0.49044,-23.59,18.41,-18.76,Noise,Right
1707218023558,0.943792,-0.315736,-0.41968,7.77,15.33,-23.31,Noise,Right
1707218023558,0.891088,-0.28548,-0.395768,15.05,19.39,-20.37,Noise,Right
1707218023605,0.858392,-0.290848,-0.378688,12.39,18.06,-20.37,Noise,Right
1707218023605,0.8296,-0.333304,-0.362584,13.65,13.58,-18.83,Noise,Right
1707218023605,0.801296,-0.329888,-0.327448,11.27,10.78,-14.63,Noise,Right
1707218023657,0.790072,-0.305,-0.288896,-1.26,9.24,-8.4,Noise,Right
1707218023657,0.840824,-0.264984,-0.243024,-14.91,9.66,-2.8,Noise,Right
1707218023657,0.872056,-0.244976,-0.279136,-47.39,3.85,-4.9,Noise,Right
1707218023783,0.859856,-0.288408,-0.404552,-70.21,-2.87,-2.94,Noise,Right
1707218023783,0.903776,-0.35868,-0.487512,-46.69,-4.13,-2.87,Noise,Right
1707218023783,0.906704,-0.3782,-0.526064,-3.36,-1.75,-4.76,Noise,Right
1707218023783,0.891088,-0.360144,-0.466528,22.12,1.82,-7.42,Noise,Right
1707218023783,0.881328,-0.349408,-0.396744,32.69,2.52,-9.59,Noise,Right
1707218023783,0.853512,-0.307928,-0.341112,29.05,2.8,-10.43,Noise,Right
1707218023783,0.823256,-0.268888,-0.365024,15.96,2.8,-8.12,Noise,Right
1707218023922,0.813496,-0.2562,-0.360144,0.14,0.21,-5.81,Noise,Right
1707218023923,0.849608,-0.257664,-0.344528,-13.37,-3.01,-3.5,Noise,Right
1707218023923,0.885232,-0.308904,-0.352824,-18.97,-2.66,0.07,Noise,Right
1707218023923,0.900848,-0.305976,-0.38796,-21.0,-3.5,0.21,Noise,Right
1707218023923,0.874984,-0.338672,-0.464576,-4.83,-3.01,-0.91,Noise,Right
1707218023923,0.891088,-0.345016,-0.406016,9.52,-2.24,-2.1,Noise,Right
1707218023923,0.882792,-0.31964,-0.382592,16.59,-1.54,-4.27,Noise,Right
1707218023923,0.861808,-0.30744,-0.354776,13.23,-1.47,-3.78,Noise,Right
1707218024028,0.843752,-0.282064,-0.344528,5.39,-2.24,-3.99,Noise,Right
1707218024028,0.845216,-0.28792,-0.366,-5.04,-4.13,-4.2,Noise,Right
1707218024031,0.853512,-0.307928,-0.384544,-14.28,-6.02,-3.85,Noise,Right
1707218024031,0.880352,-0.334768,-0.393328,-7.21,-5.74,-2.1,Noise,Right
1707218024031,0.874008,-0.33428,-0.420656,4.06,-5.11,-1.54,Noise,Right
1707218024031,0.877424,-0.339648,-0.39284,15.68,-4.69,-0.98,Noise,Right
1707218024031,0.886208,-0.289872,-0.373808,12.81,-2.59,-2.94,Noise,Right
1707218024069,0.860832,-0.301584,-0.377712,3.71,-1.82,-4.69,Noise,Right
1707218024069,0.84668,-0.320616,-0.39284,1.05,-3.71,-5.25,Noise,Right
1707218024116,0.833016,-0.319152,-0.398208,2.94,-4.83,-6.93,Noise,Right
1707218024116,0.848632,-0.330864,-0.3904,2.8,-6.72,-3.85,Noise,Right
1707218024116,0.871568,-0.326472,-0.379176,5.18,-6.79,-1.75,Noise,Right
1707218024169,0.884256,-0.303536,-0.37576,5.25,-6.3,-0.42,Noise,Right
1707218024170,0.876448,-0.29036,-0.36112,2.59,-6.02,-0.98,Noise,Right
1707218024170,0.896456,-0.293288,-0.357216,-5.67,-5.81,-2.66,Noise,Right
1707218024293,0.870104,-0.304512,-0.376736,-11.62,-5.74,-2.73,Noise,Right
1707218024293,0.876448,-0.319152,-0.406016,-13.58,-4.27,-2.94,Noise,Right
1707218024293,0.867176,-0.331352,-0.446032,-2.17,-1.12,-4.76,Noise,Right
1707218024293,0.883768,-0.32696,-0.426024,10.85,-0.91,-2.17,Noise,Right
1707218024293,0.890112,-0.30988,-0.404552,20.09,2.8,-2.59,Noise,Right
1707218024293,0.86376,-0.293776,-0.38552,23.52,4.69,-4.97,Noise,Right
1707218024293,0.85888,-0.30744,-0.38552,22.82,5.18,-5.95,Noise,Right
1707218024429,0.840824,-0.2806,-0.372344,3.57,-1.82,-8.26,Noise,Right
1707218024429,0.83936,-0.31476,-0.381616,-2.66,-4.06,-9.24,Noise,Right
1707218024430,0.86132,-0.335256,-0.365512,-5.67,-4.27,-5.81,Noise,Right
1707218024430,0.886208,-0.325984,-0.370392,-5.95,-1.26,-3.92,Noise,Right
1707218024430,0.872056,-0.329888,-0.386984,-4.2,0.07,-5.67,Noise,Right
1707218024430,0.867664,-0.32452,-0.409432,2.03,0.91,-6.72,Noise,Right
1707218024430,0.878888,-0.32696,-0.43432,8.89,2.94,-7.49,Noise,Right
1707218024430,0.860344,-0.313784,-0.429928,16.03,3.01,-8.33,Noise,Right
1707218024477,0.873032,-0.301096,-0.407968,15.33,4.27,-8.82,Noise,Right
1707218024478,0.86132,-0.29524,-0.393816,17.01,5.46,-8.96,Noise,Right
1707218024478,0.872544,-0.302072,-0.382104,13.44,6.3,-7.7,Noise,Right
1707218024599,0.873032,-0.283528,-0.335256,-1.26,6.93,-6.58,Noise,Right
1707218024599,0.896456,-0.300608,-0.3294,-4.13,7.77,-6.23,Noise,Right
1707218024599,0.879376,-0.305488,-0.347944,-6.09,8.54,-7.35,Noise,Right
1707218024600,0.892064,-0.320128,-0.376248,8.05,8.61,-7.7,Noise,Right
1707218024600,0.904752,-0.305488,-0.362584,18.48,8.82,-9.38,Noise,Right
1707218024600,0.896944,-0.314272,-0.34892,18.27,9.03,-9.73,Noise,Right
1707218024600,0.89304,-0.296704,-0.3416,22.26,9.17,-10.43,Noise,Right
1707218024644,0.886208,-0.287432,-0.330864,19.74,8.82,-10.29,Noise,Right
1707218024644,0.885232,-0.288408,-0.321592,11.2,8.75,-10.29,Noise,Right
1707218024645,0.894016,-0.311832,-0.308416,1.47,8.19,-9.24,Noise,Right
1707218024690,0.894992,-0.288408,-0.282552,-15.26,8.4,-9.03,Noise,Right
1707218024690,0.902312,-0.291336,-0.324032,-20.58,8.4,-9.94,Noise,Right
1707218024690,0.90768,-0.29768,-0.372344,-5.04,9.31,-10.15,Noise,Right
1707218024736,0.915976,-0.272792,-0.332328,2.94,10.99,-10.57,Noise,Right
1707218024736,0.915,-0.269864,-0.352336,13.72,12.18,-10.43,Noise,Right
1707218024736,0.905728,-0.272304,-0.357216,15.33,13.16,-9.52,Noise,Right
1707218024784,0.899872,-0.277184,-0.34404,17.85,14.84,-8.61,Noise,Right
1707218024784,0.895968,-0.31232,-0.312808,13.93,16.52,-9.03,Noise,Right
1707218024828,0.908168,-0.304512,-0.262056,9.03,16.87,-10.15,Noise,Right
1707218024828,0.903776,-0.294752,-0.258152,9.59,15.61,-10.29,Noise,Right
1707218024828,0.917928,-0.191784,-0.212768,0.56,14.35,-6.93,Noise,Right
1707218024885,0.960384,-0.196664,-0.229848,-17.01,12.74,-5.39,Noise,Right
1707218024885,0.93208,-0.228872,-0.234728,-18.83,12.74,-3.64,Noise,Right
1707218024885,0.953552,-0.27328,-0.287432,-5.46,10.36,-1.19,Noise,Right
1707218025006,0.94184,-0.32208,-0.331352,15.54,9.1,-1.19,Noise,Right
1707218025006,0.910608,-0.321104,-0.28792,41.02,9.59,-3.15,Noise,Right
1707218025006,0.825208,-0.269376,-0.18056,57.82,7.28,-1.47,Noise,Right
1707218025006,0.763232,-0.271328,-0.152744,58.8,1.54,1.75,Noise,Right
1707218025006,0.64172,-0.111264,-0.1708,10.08,-7.07,3.29,Noise,Right
1707218025008,0.894016,-0.27328,-0.148352,-27.93,-16.03,13.93,Noise,Right
1707218025008,0.97844,-0.296216,-0.197152,-37.73,-18.76,15.47,Noise,Right
1707218025143,1.325896,-0.428464,-0.325496,-25.97,-21.35,14.0,Noise,Right
1707218025144,0.967216,-0.535824,-0.571936,1.47,-14.28,-7.21,Noise,Right
1707218025144,0.94428,-0.25864,-0.160064,21.49,-12.74,-8.26,Noise,Right
1707218025144,0.90768,-0.320128,0.034648,43.54,-22.12,-11.83,Noise,Right
1707218025144,0.88816,-0.245464,-0.081496,40.25,-35.56,-10.43,Noise,Right
1707218025144,0.916952,-0.236192,-0.15372,33.67,-44.45,-3.22,Noise,Right
1707218025144,0.937448,-0.203984,-0.385032,41.72,-48.72,3.29,Noise,Right
1707218025144,0.962336,-0.007808,-0.309392,55.93,-43.89,10.71,Noise,Right
1707218025194,1.0126,0.021472,-0.06344,35.28,-43.82,22.68,Noise,Right
1707218025194,1.087752,-0.186416,-0.09272,-21.49,-46.76,36.96,Noise,Right
1707218025194,1.043832,-0.192272,-0.233752,-97.02,-51.1,8.75,Noise,Right
1707218025194,1.042368,-0.266936,-0.498736,-61.18,-57.54,2.66,Noise,Right
1707218025331,1.050664,-0.426024,-0.49776,-40.04,-78.96,13.58,Noise,Right
1707218025331,1.023336,-0.414312,-0.626104,-7.63,-99.61,32.13,Noise,Right
1707218025331,0.998448,-0.374296,-0.602192,11.41,-111.79,57.47,Noise,Right
1707218025331,0.926224,-0.264984,-0.583648,9.66,-122.22,75.11,Noise,Right
1707218025331,0.900848,-0.243512,-0.560224,20.09,-125.79,79.38,Noise,Right
1707218025331,0.91012,-0.221064,-0.529968,13.02,-126.63,69.16,Noise,Right
1707218025331,0.901336,-0.199592,-0.537776,1.19,-120.54,56.98,Noise,Right
1707218025378,0.860832,-0.228872,-0.615368,-2.31,-110.81,46.9,Noise,Right
1707218025378,0.725656,-0.271328,-0.724192,13.02,-107.87,35.42,Noise,Right
1707218025378,0.579744,-0.284504,-0.79544,26.88,-123.41,25.55,Noise,Right
1707218025424,0.516792,-0.372832,-0.876936,32.83,-156.66,18.69,Noise,Right
1707218025424,0.489464,-0.400648,-0.881328,7.7,-193.76,17.57,Noise,Right
1707218025425,0.458232,-0.379664,-0.863272,-19.25,-227.92,25.55,Noise,Right
1707218025470,0.445544,-0.369416,-0.816912,-54.6,-238.56,29.54,Noise,Right
1707218025470,0.4392,-0.33916,-0.780312,-71.68,-228.27,17.22,Noise,Right
1707218025470,0.38308,-0.2928,-0.78324,-59.78,-199.08,-1.89,Noise,Right
1707218025521,0.272792,-0.318176,-0.823744,-21.42,-161.42,-29.68,Noise,Right
1707218025521,0.168848,-0.343552,-0.87596,12.32,-142.8,-53.83,Noise,Right
1707218025522,0.150792,-0.491904,-0.916952,29.61,-139.23,-66.43,Noise,Right
1707218025653,0.162016,-0.615368,-0.921832,17.5,-149.94,-64.12,Noise,Right
1707218025653,0.184464,-0.62952,-0.881816,7.7,-167.58,-39.69,Noise,Right
1707218025654,0.203984,-0.527528,-0.82228,-27.02,-163.52,-11.13,Noise,Right
1707218025654,0.199104,-0.46604,-0.711504,-43.26,-138.25,-7.7,Noise,Right
1707218025654,0.161528,-0.398208,-0.735904,-5.11,-98.77,-26.04,Noise,Right
1707218025654,0.129808,-0.428464,-0.819352,45.43,-60.97,-44.94,Noise,Right
1707218025654,0.009272,-0.463112,-0.847656,75.67,-50.54,-57.19,Noise,Right
1707218025705,0.039528,-0.473848,-0.91988,62.93,-67.2,-56.49,Noise,Right
1707218025705,0.03172,-0.556808,-0.857904,30.59,-99.68,-46.48,Noise,Right
1707218025705,0.012688,-0.51972,-0.813496,-20.23,-121.94,-30.03,Noise,Right
1707218025750,0.071736,-0.486048,-0.726144,-41.16,-120.12,-25.97,Noise,Right
1707218025750,0.1098,-0.456768,-0.702232,-36.68,-91.42,-36.61,Noise,Right
1707218025750,0.088816,-0.47824,-0.788608,-3.15,-44.03,-41.44,Noise,Right
1707218025808,0.012688,-0.523136,-0.83692,52.15,1.19,-48.51,Noise,Right
1707218025808,-0.007808,-0.465064,-0.874496,103.11,22.47,-48.44,Noise,Right
1707218025808,-0.082472,-0.429928,-0.889136,113.47,14.07,-47.81,Noise,Right
1707218025859,-0.121024,-0.432856,-0.907192,80.15,-17.64,-51.87,Noise,Right
1707218025859,-0.073688,-0.455792,-0.883768,4.41,-61.53,-47.32,Noise,Right
1707218025859,-0.049776,-0.486536,-0.796904,-47.11,-109.76,-34.58,Noise,Right
1707218025859,0.028304,-0.470432,-0.731512,-98.14,-119.98,-29.26,Noise,Right
1707218025909,0.071248,-0.528992,-0.754936,-80.57,-98.63,-32.76,Noise,Right
1707218025909,0.101504,-0.584136,-0.793976,-10.85,-49.98,-35.07,Noise,Right
1707218026027,0.122976,-0.601216,-0.781288,56.35,-0.21,-28.77,Noise,Right
1707218026027,0.013176,-0.494832,-0.825696,82.25,29.96,-22.4,Noise,Right
1707218026027,-0.071736,-0.43676,-0.855952,83.23,17.36,-21.98,Noise,Right
1707218026027,-0.158112,-0.406016,-0.82716,26.74,-28.14,-21.14,Noise,Right
1707218026027,-0.132736,-0.446032,-0.755912,-33.95,-80.5,-18.2,Noise,Right
1707218026027,-0.073688,-0.55144,-0.801296,-98.35,-115.22,-12.74,Noise,Right
1707218026027,0.006832,-0.754936,-0.850096,-51.24,-73.78,-13.44,Noise,Right
1707218026079,0.208864,-0.623664,-0.755912,-78.89,-21.91,-7.7,Noise,Right
1707218026080,-0.005856,-0.559736,-0.896944,21.49,5.88,-9.45,Noise,Right
1707218026080,0.043432,-0.4392,-0.944768,54.88,23.03,-7.98,Noise,Right
1707218026080,-0.0488,-0.34648,-0.931104,56.77,25.69,-9.24,Noise,Right
1707218026124,-0.091256,-0.33184,-0.985272,-0.21,-6.65,-3.36,Noise,Right
1707218026124,-0.036112,-0.426512,-0.7198,-23.59,-7.63,-3.08,Noise,Right
1707218026177,-0.059048,-0.468968,-0.7198,-6.16,-15.68,-2.38,Noise,Right
1707218026177,-0.078568,-0.453352,-0.720288,-18.83,-16.31,-1.68,Noise,Right
1707218026179,-0.108824,-0.430416,-0.786656,-33.88,-18.55,0.28,Noise,Right
1707218026282,-0.055144,-0.417728,-0.843752,-50.75,-21.56,-0.49,Noise,Right
1707218026282,-0.052704,-0.366976,-0.902312,-61.46,-20.37,-1.68,Noise,Right
1707218026282,0.223992,-0.481656,-0.86132,-44.31,-8.4,-3.85,Noise,Right
1707218026282,0.045872,-0.404552,-0.955016,-31.22,3.92,-6.86,Noise,Right
1707218026282,0.040504,-0.415776,-0.92476,-7.98,3.5,7.84,Noise,Right
1707218026282,0.084912,-0.4636,-0.74176,50.12,12.11,29.68,Noise,Right
1707218026282,0.086864,-0.59536,-0.68076,77.7,32.13,24.85,Noise,Right
1707218026381,-0.045872,-0.48068,-0.696376,10.71,32.97,48.3,Noise,Right
1707218026381,-0.03172,-0.443592,-0.660752,-42.28,24.36,71.96,Noise,Right
1707218026382,0.00976,-0.472872,-0.659288,-50.05,35.42,80.57,Noise,Right
1707218026382,0.103944,-0.609512,-0.699304,-9.94,70.63,105.0,Noise,Right
1707218026382,0.157624,-0.612928,-0.71004,26.95,115.01,142.45,Noise,Right
1707218026432,0.162016,-0.48312,-0.748592,57.05,163.1,166.11,Noise,Right
1707218026433,0.139568,-0.38552,-0.784216,95.97,202.3,167.58,Noise,Right
1707218026433,0.00488,-0.299632,-0.840824,117.39,229.88,152.04,Noise,Right
1707218026480,0.097112,-0.29524,-0.874984,120.05,245.14,126.63,Noise,Right
1707218026481,0.068808,-0.326472,-0.950624,124.25,245.7,89.81,Noise,Right
1707218026481,0.061,-0.368928,-0.994056,104.93,225.75,67.27,Noise,Right
1707218026525,0.089304,-0.416752,-0.9882,66.64,191.31,59.71,Noise,Right
1707218026526,0.11468,-0.487024,-0.998448,42.07,154.14,53.27,Noise,Right
1707218026526,0.223992,-0.596336,-0.976976,35.91,124.81,43.12,Noise,Right
1707218026572,0.31232,-0.670024,-0.903776,27.93,110.53,38.78,Noise,Right
1707218026572,0.362584,-0.652456,-0.831552,46.48,113.61,35.21,Noise,Right
1707218026573,0.406504,-0.645624,-0.79544,80.78,123.41,25.27,Noise,Right
1707218026625,0.379664,-0.538752,-0.793,94.01,126.42,17.64,Noise,Right
1707218026626,0.303536,-0.415288,-0.8662,82.04,112.77,10.92,Noise,Right
1707218026746,0.337208,-0.631472,-0.781776,81.83,92.12,3.92,Noise,Right
1707218026746,0.2806,-0.55632,-0.794464,-12.53,45.22,-12.46,Noise,Right
1707218026746,0.3294,-0.584136,-0.75884,-46.69,6.65,-10.85,Noise,Right
1707218026748,0.38796,-0.683688,-0.72468,-55.72,-17.64,-12.95,Noise,Right
1707218026748,0.433344,-0.696376,-0.678808,-61.67,-26.88,-7.0,Noise,Right
1707218026748,0.49044,-0.652456,-0.631472,-42.91,-12.95,5.04,Noise,Right
1707218026748,0.506056,-0.629032,-0.65148,-13.93,7.84,4.13,Noise,Right
1707218026791,0.457744,-0.638304,-0.69296,10.64,32.13,-0.91,Noise,Right
1707218026791,0.43432,-0.636352,-0.705648,41.16,43.05,-6.44,Noise,Right
1707218026791,0.413336,-0.628544,-0.738832,47.53,44.1,-4.76,Noise,Right
1707218026837,0.392352,-0.599264,-0.7564,34.93,38.29,-2.17,Noise,Right
1707218026837,0.382592,-0.592432,-0.742736,5.39,24.78,0.84,Noise,Right
1707218026837,0.373808,-0.585112,-0.74176,-17.64,6.79,0.28,Noise,Right
1707218026884,0.404064,-0.597312,-0.719312,-33.67,-6.23,-1.54,Noise,Right
1707218026884,0.43432,-0.630008,-0.681248,-45.57,-13.51,-2.52,Noise,Right
1707218026884,0.457744,-0.63928,-0.661728,-25.55,-13.58,-3.15,Noise,Right
1707218026933,0.465064,-0.621712,-0.622688,-3.57,-0.35,-6.16,Noise,Right
1707218026933,0.467016,-0.618784,-0.604144,14.42,17.43,-11.55,Noise,Right
1707218026978,0.447984,-0.630496,-0.620248,34.23,31.15,-15.75,Noise,Right
1707218026978,0.44896,-0.63928,-0.618296,39.97,36.12,-16.87,Noise,Right
1707218026978,0.433344,-0.61732,-0.633912,36.68,33.67,-13.65,Noise,Right
1707218027035,0.42456,-0.604144,-0.64172,23.31,26.04,-12.11,Noise,Right
1707218027035,0.396256,-0.620248,-0.647088,6.3,12.81,-13.02,Noise,Right
1707218027035,0.419192,-0.584136,-0.634888,-11.34,-5.81,-12.04,Noise,Right
1707218027088,0.43432,-0.597312,-0.613416,-30.59,-18.55,-12.18,Noise,Right
1707218027088,0.449448,-0.606584,-0.562176,-47.74,-22.12,-11.13,Noise,Right
1707218027088,0.455304,-0.591944,-0.53192,-23.94,-14.07,-18.06,Noise,Right
1707218027089,0.48556,-0.569984,-0.526552,5.67,5.67,-28.91,Noise,Right
1707218027137,0.483608,-0.573888,-0.571448,28.49,25.27,-35.28,Noise,Right
1707218027138,0.451888,-0.630008,-0.615856,44.31,31.5,-37.38,Noise,Right
1707218027256,0.449936,-0.632936,-0.618296,43.05,27.72,-33.25,Noise,Right
1707218027256,0.446032,-0.655384,-0.619272,22.54,18.34,-24.29,Noise,Right
1707218027256,0.452864,-0.602192,-0.593896,-7.35,6.23,-14.14,Noise,Right
1707218027256,0.45628,-0.584136,-0.577792,-22.75,-5.74,-11.41,Noise,Right
1707218027256,0.46848,-0.555344,-0.576816,-36.05,-11.2,-16.45,Noise,Right
1707218027256,0.50996,-0.577304,-0.520208,-40.74,-10.5,-20.37,Noise,Right
1707218027256,0.548512,-0.5734,-0.554856,-11.62,-1.12,-31.01,Noise,Right
1707218027308,0.560224,-0.574864,-0.573888,17.15,15.96,-35.42,Noise,Right
1707218027308,0.545096,-0.60024,-0.592432,42.7,24.36,-37.94,Noise,Right
1707218027308,0.554368,-0.608048,-0.606096,50.89,24.08,-36.89,Noise,Right
1707218027308,0.552416,-0.599264,-0.5978,28.35,16.38,-30.52,Noise,Right
1707218027355,0.575352,-0.575352,-0.590968,6.3,5.53,-23.73,Noise,Right
1707218027356,0.587552,-0.560712,-0.57828,-11.06,-4.2,-21.84,Noise,Right
1707218027399,0.608536,-0.540216,-0.559736,-31.85,-12.32,-21.21,Noise,Right
1707218027399,0.606584,-0.498248,-0.5612,-49.49,-13.44,-19.95,Noise,Right
1707218027399,0.66368,-0.569008,-0.515328,-33.39,-8.05,-19.95,Noise,Right
1707218027445,0.657336,-0.555832,-0.56364,13.79,2.52,-32.62,Noise,Right
1707218027446,0.671976,-0.520696,-0.553392,41.72,14.28,-34.02,Noise,Right
1707218027446,0.65148,-0.49044,-0.551928,47.25,17.99,-32.34,Noise,Right
1707218027490,0.704672,-0.613904,-0.508008,70.49,25.27,-27.02,Noise,Right
1707218027490,0.664656,-0.545584,-0.566568,14.49,11.55,-33.18,Noise,Right
1707218027548,0.691496,-0.491904,-0.54656,-11.76,4.9,-28.0,Noise,Right
1707218027548,0.687104,-0.5246,-0.519232,-30.94,-3.64,-24.99,Noise,Right
1707218027548,0.697352,-0.515328,-0.496784,-49.49,-7.77,-20.3,Noise,Right
1707218027599,0.642696,-0.418704,-0.593408,-44.1,0.21,-6.02,Noise,Right
1707218027599,0.565592,-0.4758,-0.620248,4.2,8.75,-6.93,Noise,Right
1707218027599,0.894016,-0.588528,-0.397232,56.56,14.91,-14.42,Noise,Right
1707218027599,0.618784,-0.447496,-0.575352,25.41,5.67,-18.69,Noise,Right
1707218027650,0.704184,-0.49532,-0.543632,13.72,-0.28,-18.69,Noise,Right
1707218027650,0.719312,-0.490928,-0.559736,-10.5,-11.13,-18.69,Noise,Right
1707218027766,0.752984,-0.50996,-0.535824,-41.37,-18.06,-3.22,Noise,Right
1707218027766,0.751032,-0.488488,-0.5368,-55.16,-15.12,12.81,Noise,Right
1707218027766,0.628056,-0.472384,-0.493856,-48.44,-5.46,18.55,Noise,Right
1707218027766,0.700768,-0.415776,-0.513864,2.31,5.04,6.37,Noise,Right
1707218027766,0.71004,-0.406504,-0.543632,37.24,13.65,-11.76,Noise,Right
1707218027766,0.711016,-0.435784,-0.58316,42.63,9.8,-17.85,Noise,Right
1707218027766,0.747128,-0.504592,-0.598776,34.65,-2.24,-18.76,Noise,Right
1707218027885,0.81496,-0.532896,-0.579744,-5.74,-13.02,-7.49,Noise,Right
1707218027886,0.82228,-0.466528,-0.550464,-29.54,-21.84,11.76,Noise,Right
1707218027886,0.769576,-0.447984,-0.516304,-26.11,-21.0,9.66,Noise,Right
1707218027886,0.691496,-0.423584,-0.503616,-14.84,-14.63,-5.04,Noise,Right
1707218027886,0.680272,-0.433344,-0.535824,-17.36,-9.94,-10.01,Noise,Right
1707218027886,0.650016,-0.477752,-0.581208,-5.81,-8.96,-13.65,Noise,Right
1707218027886,0.669536,-0.513864,-0.587064,0.35,-8.19,-9.94,Noise,Right
1707218028018,0.67832,-0.487512,-0.579256,-0.14,-6.93,2.38,Noise,Right
1707218028026,0.655384,-0.443592,-0.56852,3.22,-0.21,3.43,Noise,Right
1707218028026,0.584624,-0.456768,-0.555832,-7.28,13.3,-4.83,Noise,Right
1707218028026,0.56608,-0.42456,-0.560712,-27.51,15.68,-8.12,Noise,Right
1707218028026,0.542656,-0.449936,-0.582672,-31.92,13.23,-11.83,Noise,Right
1707218028026,0.586088,-0.47336,-0.596824,-21.7,9.38,-17.85,Noise,Right
1707218028026,0.610488,-0.492392,-0.569496,-14.28,10.22,-15.96,Noise,Right
1707218028027,0.639768,-0.501176,-0.563152,-5.67,16.03,-10.08,Noise,Right
1707218028031,0.65148,-0.475312,-0.559248,14.35,22.75,-13.37,Noise,Right
1707218028084,0.646112,-0.428464,-0.562664,25.41,27.16,-25.2,Noise,Right
1707218028084,0.635864,-0.422608,-0.571936,21.77,25.97,-33.04,Noise,Right
1707218028085,0.641232,-0.44164,-0.60024,6.23,17.29,-31.92,Noise,Right
1707218028208,0.62708,-0.507032,-0.625128,-17.43,3.15,-25.2,Noise,Right
1707218028209,0.656848,-0.526552,-0.612928,-34.65,-14.63,-14.77,Noise,Right
1707218028209,0.70028,-0.531432,-0.592432,-22.4,-23.73,-0.7,Noise,Right
1707218028209,0.749568,-0.482144,-0.524112,-11.62,-23.59,9.52,Noise,Right
1707218028209,0.74176,-0.415288,-0.469456,-0.7,-12.95,11.97,Noise,Right
1707218028209,0.7564,-0.37576,-0.46848,14.14,6.93,4.13,Noise,Right
1707218028209,0.76372,-0.363072,-0.528016,28.56,27.16,-9.03,Noise,Right
1707218028277,0.707112,-0.415288,-0.582672,36.26,32.48,-24.43,Noise,Right
1707218028277,0.687592,-0.470432,-0.606096,33.95,25.06,-26.88,Noise,Right
1707218028277,0.686616,-0.469456,-0.621224,19.11,10.78,-14.98,Noise,Right
1707218028277,0.68076,-0.44164,-0.588528,6.3,-5.32,-4.69,Noise,Right
1707218028312,0.70272,-0.410896,-0.529968,-7.63,-16.66,-2.8,Noise,Right
1707218028313,0.729072,-0.399672,-0.44896,-18.2,-13.09,-2.73,Noise,Right
1707218028313,0.77836,-0.359656,-0.404552,-16.87,5.46,-2.31,Noise,Right
1707218028368,0.790072,-0.322568,-0.37576,-1.05,35.49,-8.75,Noise,Right
1707218028368,0.933056,-0.313784,-0.37088,29.61,62.23,-27.3,Noise,Right
1707218028369,0.581208,-0.28304,-0.802272,-88.69,3.08,-5.67,Noise,Right
1707218028429,0.873032,-0.399672,-0.668072,-9.73,6.44,-3.08,Noise,Right
1707218028429,0.830088,-0.488,-0.57584,27.09,7.49,-21.63,Noise,Right
1707218028429,0.804224,-0.52948,-0.46604,43.05,14.0,-21.42,Noise,Right
1707218028531,0.734928,-0.42456,-0.397232,26.11,21.56,-21.56,Noise,Right
1707218028531,0.762744,-0.26108,-0.35868,-3.71,20.16,-19.32,Noise,Right
1707218028531,0.768112,-0.22692,-0.338184,-45.64,17.5,-14.21,Noise,Right
1707218028531,0.818864,-0.276208,-0.486536,-72.52,13.79,-9.59,Noise,Right
1707218028533,0.797392,-0.423584,-0.662216,-64.68,14.98,-9.17,Noise,Right
1707218028533,0.799832,-0.515328,-0.681248,1.61,17.71,-11.76,Noise,Right
1707218028578,0.78568,-0.4636,-0.532896,43.33,22.33,-17.57,Noise,Right
1707218028578,0.738832,-0.388936,-0.264496,54.53,22.26,-20.02,Noise,Right
1707218028578,0.727608,-0.28792,-0.328424,23.45,20.23,-18.13,Noise,Right
1707218028626,0.721752,-0.241072,-0.339648,-21.0,16.52,-12.95,Noise,Right
1707218028626,0.904752,-0.290848,-0.411384,-51.45,12.46,-10.01,Noise,Right
1707218028626,0.740296,-0.362096,-0.594384,-51.8,10.85,-9.31,Noise,Right
1707218028674,0.894992,-0.423096,-0.577304,-10.85,13.16,-10.22,Noise,Right
1707218028674,0.893528,-0.361608,-0.494344,30.31,18.48,-13.16,Noise,Right
1707218028674,0.854976,-0.267912,-0.430416,47.67,22.33,-12.74,Noise,Right
1707218028718,0.79056,-0.294264,-0.382592,39.41,22.89,-10.64,Noise,Right
1707218028718,0.728584,-0.319152,-0.394304,35.77,20.65,-6.58,Noise,Right
1707218028718,0.6222,-0.294752,-0.419192,31.36,15.61,1.05,Noise,Right
1707218028763,0.783728,-0.323544,-0.38552,21.56,7.84,8.68,Noise,Right
1707218028763,0.835944,-0.34892,-0.350872,-10.85,1.89,17.64,Noise,Right
1707218028820,0.99308,-0.323056,-0.311832,-15.75,-2.8,21.28,Noise,Right
1707218028823,1.067256,-0.346968,-0.321104,-14.21,0.63,6.86,Noise,Right
1707218028824,0.95648,-0.38308,-0.3538,-6.51,0.49,-0.77,Noise,Right
1707218028859,0.831064,-0.350872,-0.242536,-3.01,-4.27,-2.45,Noise,Right
1707218028859,0.7686,-0.381616,-0.23424,-9.17,-12.53,-2.17,Noise,Right
1707218028859,0.804712,-0.421144,-0.347944,-8.33,-22.68,-2.45,Noise,Right
1707218028905,0.826672,-0.433832,-0.421144,2.38,-31.15,-3.92,Noise,Right
1707218028906,0.731024,-0.371368,-0.383568,-19.32,-37.38,-1.82,Noise,Right
1707218028906,0.874008,-0.418704,-0.343064,3.71,-47.74,-4.13,Noise,Right
1707218028951,0.959408,-0.141032,-0.121024,2.17,-48.37,-7.28,Noise,Right
1707218028951,0.945256,-0.111752,-0.223504,-35.98,-57.47,4.48,Noise,Right
1707218028998,1.004792,-0.221064,-0.377224,-87.15,-62.93,11.2,Noise,Right
1707218028998,0.907192,-0.16836,-0.445056,-96.95,-66.29,-11.83,Noise,Right
1707218028998,0.8296,-0.272304,-0.574376,-97.09,-75.11,-8.68,Noise,Right
1707218029044,0.8052,-0.310368,-0.707112,-71.47,-99.68,1.89,Noise,Right
1707218029045,0.7442,-0.366488,-0.772992,-32.62,-134.4,36.54,Noise,Right
1707218029045,0.777384,-0.267912,-0.748104,-10.64,-161.42,55.86,Noise,Right
1707218029090,0.842776,-0.111752,-0.62708,-15.26,-172.69,63.91,Noise,Right
1707218029090,0.731512,-0.01952,-0.64172,-43.89,-166.6,48.09,Noise,Right
1707218029138,0.650992,-0.059536,-0.732488,-56.98,-147.28,17.57,Noise,Right
1707218029139,0.594872,-0.165432,-0.850584,-64.68,-137.41,-0.42,Noise,Right
1707218029139,0.518744,-0.289384,-0.922808,-77.7,-138.6,1.19,Noise,Right
1707218029188,0.468968,-0.340624,-0.944768,-76.02,-148.19,13.23,Noise,Right
1707218029188,0.474824,-0.336232,-0.95404,-65.59,-157.15,29.05,Noise,Right
1707218029188,0.432856,-0.293776,-0.943792,-50.96,-158.76,36.26,Noise,Right
1707218029235,0.400648,-0.197152,-0.921344,-28.56,-149.1,35.63,Noise,Right
1707218029235,0.332816,-0.073688,-0.969168,-11.69,-140.28,26.6,Noise,Right
1707218029235,0.222528,-0.016104,-1.031632,-1.61,-136.22,11.41,Noise,Right
1707218029290,0.133712,-0.027328,-1.06628,-11.13,-141.75,-4.76,Noise,Right
1707218029290,0.077592,-0.087352,-1.106296,-26.18,-154.63,-19.53,Noise,Right
1707218029290,0.058072,-0.169336,-1.123864,-34.44,-167.09,-27.02,Noise,Right
1707218029419,0.058072,-0.238144,-1.096536,-33.18,-172.2,-28.35,Noise,Right
1707218029419,0.020984,-0.230336,-1.029192,-40.18,-167.3,-24.57,Noise,Right
1707218029420,-0.005856,-0.200568,-0.983808,-37.1,-152.39,-20.16,Noise,Right
1707218029420,-0.079056,-0.137616,-0.976488,-27.58,-130.62,-29.82,Noise,Right
1707218029420,-0.118584,-0.084424,-0.968192,-6.16,-104.65,-43.75,Noise,Right
1707218029420,-0.149328,-0.081496,-0.981368,8.47,-91.98,-53.34,Noise,Right
1707218029420,-0.203008,-0.144448,-1.01748,2.38,-91.7,-65.03,Noise,Right
1707218029467,-0.160064,-0.189344,-1.014552,1.82,-95.27,-70.42,Noise,Right
1707218029468,-0.162504,-0.298656,-0.957944,1.4,-96.39,-66.64,Noise,Right
1707218029468,-0.126392,-0.28304,-0.931104,-7.49,-94.15,-54.95,Noise,Right
1707218029468,-0.109312,-0.256688,-0.878888,-22.96,-85.75,-42.35,Noise,Right
1707218029513,-0.161528,-0.233264,-0.887672,-13.65,-66.57,-41.23,Noise,Right
1707218029513,-0.160552,-0.213256,-0.896456,13.23,-43.75,-47.46,Noise,Right
1707218029559,-0.202032,-0.221064,-0.911584,34.23,-26.6,-51.17,Noise,Right
1707218029559,-0.218136,-0.214232,-0.935496,51.94,-20.44,-53.62,Noise,Right
1707218029559,-0.249368,-0.21716,-0.947696,50.47,-24.29,-55.51,Noise,Right
1707218029606,-0.238632,-0.25376,-0.934032,20.58,-35.42,-54.46,Noise,Right
1707218029606,-0.240584,-0.2684,-0.890112,-15.05,-51.66,-47.74,Noise,Right
1707218029606,-0.201544,-0.261568,-0.838872,-42.42,-58.38,-41.58,Noise,Right
1707218029652,-0.1708,-0.272304,-0.844728,-39.13,-44.8,-37.73,Noise,Right
1707218029652,-0.1952,-0.275232,-0.853024,-5.95,-12.32,-36.61,Noise,Right
1707218029700,-0.211792,-0.280112,-0.861808,49.7,17.29,-34.65,Noise,Right
1707218029700,-0.223992,-0.222528,-0.897432,81.48,35.0,-30.87,Noise,Right
1707218029700,-0.284016,-0.17568,-0.943792,85.33,35.42,-36.68,Noise,Right
1707218029746,-0.345016,-0.191296,-0.967216,73.99,18.76,-49.56,Noise,Right
1707218029746,-0.327448,-0.237168,-0.970632,30.52,-6.86,-53.55,Noise,Right
1707218029747,-0.329888,-0.250832,-0.915,-11.27,-38.43,-53.69,Noise,Right
1707218029799,-0.299144,-0.2928,-0.875472,-40.53,-50.33,-53.34,Noise,Right
1707218029799,-0.225456,-0.364536,-0.873032,-20.58,-41.09,-52.99,Noise,Right
1707218029799,-0.169824,-0.434808,-0.866688,17.57,-13.02,-43.12,Noise,Right
1707218029926,-0.131272,-0.388448,-0.854976,60.97,20.86,-26.25,Noise,Right
1707218029926,-0.205448,-0.247904,-0.88572,89.81,43.89,-30.17,Noise,Right
1707218029926,-0.273768,-0.222528,-0.93452,86.94,33.74,-46.2,Noise,Right
1707218029926,-0.323544,-0.27328,-0.956968,41.16,-4.69,-58.94,Noise,Right
1707218029926,-0.295728,-0.357704,-0.91744,-15.4,-58.94,-64.26,Noise,Right
1707218029926,-0.235704,-0.426512,-0.816912,-72.17,-111.02,-58.31,Noise,Right
1707218029927,-0.119072,-0.424072,-0.752984,-118.79,-128.52,-50.4,Noise,Right
1707218029977,-0.051728,-0.442128,-0.735416,-111.72,-95.76,-43.19,Noise,Right
1707218029977,0.03172,-0.540704,-0.711504,-27.16,-27.44,-26.18,Noise,Right
1707218029977,0.04636,-0.538752,-0.78812,35.7,41.02,-13.3,Noise,Right
1707218029977,-0.018056,-0.387472,-0.907192,65.31,71.26,-5.74,Noise,Right
1707218030026,0.040504,-0.649528,-1.043344,74.83,47.25,1.82,Noise,Right
1707218030026,-0.035624,-0.142496,-0.862784,24.36,-3.5,-0.56,Noise,Right
1707218030073,0.028792,-0.439688,-0.701256,51.38,2.45,-19.11,Noise,Right
1707218030074,0.05368,-0.275232,-0.652944,1.89,-14.21,-44.38,Noise,Right
1707218030074,-0.029768,-0.378688,-0.61488,-17.01,-23.03,-27.37,Noise,Right
1707218030123,0.071248,-0.504104,-0.638792,-31.29,-23.17,-3.71,Noise,Right
1707218030123,-0.13176,-0.268888,-0.813008,-92.75,-24.5,-8.54,Noise,Right
1707218030123,0.203496,-0.393816,-0.801784,45.43,-8.33,-1.75,Noise,Right
1707218030173,-0.120536,-0.403576,-0.945744,12.6,-1.61,12.25,Noise,Right
1707218030173,-0.054656,-0.589504,-0.75152,47.53,25.48,72.31,Noise,Right
1707218030173,-0.232288,-0.243024,-0.899384,41.72,20.3,37.94,Noise,Right
1707218030273,-0.223504,-0.370392,-0.870104,17.64,1.54,56.84,Noise,Right
1707218030273,-0.248392,-0.259616,-0.84668,-27.58,-33.11,73.43,Noise,Right
1707218030274,-0.230336,-0.338184,-0.769088,-31.78,-51.17,78.75,Noise,Right
1707218030274,-0.19276,-0.326472,-0.718336,-28.0,-49.7,83.16,Noise,Right
1707218030274,-0.162016,-0.269376,-0.734928,-15.19,-28.49,88.69,Noise,Right
1707218030274,-0.24156,-0.232776,-0.758352,12.53,4.06,85.96,Noise,Right
1707218030321,-0.269864,-0.210328,-0.80276,54.74,40.53,82.11,Noise,Right
1707218030322,-0.310856,-0.1952,-0.860344,73.15,62.72,86.24,Noise,Right
1707218030322,-0.375272,-0.155672,-0.91988,68.95,65.73,88.69,Noise,Right
1707218030372,-0.464576,-0.11224,-0.960384,56.14,54.39,76.72,Noise,Right
1707218030372,-0.449448,-0.121512,-0.947208,34.23,31.92,60.83,Noise,Right
1707218030372,-0.410896,-0.179584,-0.911096,-7.0,-2.73,54.88,Noise,Right
1707218030478,-0.29036,-0.254248,-0.856928,-42.49,-17.57,53.2,Noise,Right
1707218030478,-0.172264,-0.291824,-0.820328,-43.05,-7.77,51.45,Noise,Right
1707218030478,-0.186904,-0.309392,-0.865224,4.55,16.52,47.74,Noise,Right
1707218030478,-0.21228,-0.289872,-0.901336,43.82,32.48,52.08,Noise,Right
1707218030478,-0.286944,-0.230336,-0.915,52.08,21.21,52.99,Noise,Right
1707218030478,-0.352824,-0.194712,-0.896456,46.76,-8.4,48.51,Noise,Right
1707218030521,-0.37332,-0.19764,-0.864248,2.45,-49.14,44.31,Noise,Right
1707218030522,-0.326472,-0.277184,-0.828136,-41.86,-78.82,46.13,Noise,Right
1707218030522,-0.294752,-0.311344,-0.767624,-66.99,-81.34,53.27,Noise,Right
1707218030568,-0.28304,-0.325984,-0.786168,-69.09,-63.49,62.02,Noise,Right
1707218030568,-0.298656,-0.282552,-0.854976,-49.07,-31.08,68.04,Noise,Right
1707218030619,-0.351848,-0.18788,-0.935008,15.68,-3.22,64.19,Noise,Right
1707218030620,-0.423584,-0.14152,-0.967704,46.34,6.02,55.79,Noise,Right
1707218030620,-0.467016,-0.111752,-0.982832,51.87,-1.4,54.11,Noise,Right
1707218030741,-0.560712,-0.104432,-0.996008,36.12,-21.14,50.89,Noise,Right
1707218030741,-0.579744,-0.121512,-0.960384,3.08,-56.56,48.93,Noise,Right
1707218030742,-0.56608,-0.126392,-0.887672,-38.99,-79.59,49.84,Noise,Right
1707218030742,-0.38796,-0.157624,-0.792024,-64.54,-84.0,47.6,Noise,Right
1707218030742,-0.43676,-0.177632,-0.752984,-75.95,-69.58,44.45,Noise,Right
1707218030743,-0.440176,-0.158112,-0.774944,-30.1,-33.88,41.16,Noise,Right
1707218030743,-0.455304,-0.157136,-0.84424,33.46,3.36,39.9,Noise,Right
1707218030785,-0.513864,-0.121024,-0.894016,57.19,13.65,40.18,Noise,Right
1707218030785,-0.599752,-0.033672,-0.927688,65.87,8.05,33.95,Noise,Right
1707218030785,-0.685152,-0.037576,-0.962824,53.48,-16.17,27.23,Noise,Right
1707218030832,-0.679784,-0.09516,-0.928664,-1.19,-49.14,28.84,Noise,Right
1707218030832,-0.617808,-0.122,-0.855464,-50.68,-71.75,34.23,Noise,Right
1707218030833,-0.55632,-0.159576,-0.800808,-69.93,-65.73,33.25,Noise,Right
1707218030879,-0.522648,-0.178608,-0.781288,-53.55,-36.05,30.87,Noise,Right
1707218030879,-0.542168,-0.181536,-0.826672,21.0,6.16,26.04,Noise,Right
1707218030879,-0.5612,-0.133712,-0.849608,55.16,30.66,24.57,Noise,Right
1707218030926,-0.650504,-0.047824,-0.876936,59.01,34.65,22.61,Noise,Right
1707218030927,-0.713944,-0.018544,-0.918416,54.81,24.01,13.02,Noise,Right
1707218030971,-0.74176,-0.0488,-0.940864,12.6,3.57,7.35,Noise,Right
1707218030971,-0.728096,-0.132248,-0.953064,-27.65,-16.17,6.86,Noise,Right
1707218030971,-0.721264,-0.16836,-0.923296,-37.8,-20.44,4.13,Noise,Right
1707218031023,-0.694912,-0.184464,-0.892552,-35.14,-10.29,3.15,Noise,Right
1707218031023,-0.6832,-0.183488,-0.86864,-17.71,11.9,2.03,Noise,Right
1707218031024,-0.658312,-0.167872,-0.854488,9.87,35.7,-2.24,Noise,Right
1707218031091,-0.622688,-0.199592,-0.857416,33.74,62.37,-1.47,Noise,Right
1707218031091,-0.561688,-0.160552,-0.879376,69.86,88.62,2.38,Noise,Right
1707218031092,-0.644648,-0.050264,-0.89792,85.33,100.38,-20.09,Noise,Right
1707218031092,-0.6588,-0.016592,-0.9028,92.19,101.99,-41.23,Noise,Right
1707218031142,-0.647576,-0.07076,-0.917928,65.03,84.84,-53.2,Noise,Right
1707218031143,-0.623176,-0.153232,-0.924272,23.03,63.98,-58.17,Noise,Right
1707218031143,-0.555344,-0.239608,-0.93208,2.1,49.7,-57.19,Noise,Right
1707218031191,-0.462136,-0.316712,-0.896944,0.35,45.57,-53.34,Noise,Right
1707218031191,-0.38064,-0.333792,-0.843264,1.68,56.0,-43.4,Noise,Right
1707218031192,-0.3294,-0.35624,-0.816424,19.74,82.6,-30.03,Noise,Right
1707218031236,-0.207888,-0.307928,-0.836432,57.26,111.58,-15.19,Noise,Right
1707218031236,-0.257664,-0.199592,-0.896456,85.61,131.46,-31.5,Noise,Right
1707218031236,-0.31964,-0.13664,-0.881816,128.59,142.87,-69.79,Noise,Right
1707218031281,-0.243512,-0.216672,-0.872544,130.2,141.05,-84.84,Noise,Right
1707218031282,-0.221552,-0.31476,-0.89304,89.88,127.54,-83.44,Noise,Right
1707218031338,-0.13664,-0.415776,-0.894016,70.98,117.25,-77.98,Noise,Right
1707218031338,-0.061976,-0.459696,-0.887184,55.16,109.62,-63.56,Noise,Right
1707218031338,0.005856,-0.45384,-0.838384,56.56,105.0,-55.09,Noise,Right
1707218031399,0.079056,-0.423584,-0.752496,58.87,109.27,-53.83,Noise,Right
1707218031399,0.133224,-0.396744,-0.714432,60.69,121.38,-52.5,Noise,Right
1707218031399,0.187392,-0.35624,-0.76128,54.53,134.68,-53.48,Noise,Right
1707218031399,0.16104,-0.394304,-0.860832,74.34,142.17,-64.75,Noise,Right
1707218031502,0.174704,-0.434808,-0.85156,118.65,138.53,-78.75,Noise,Right
1707218031502,0.233264,-0.4392,-0.835456,116.9,126.63,-74.9,Noise,Right
1707218031502,0.293288,-0.4758,-0.78568,81.83,113.75,-63.49,Noise,Right
1707218031503,0.347944,-0.493856,-0.738832,57.96,100.38,-56.0,Noise,Right
1707218031503,0.405528,-0.504104,-0.698328,43.47,94.85,-50.19,Noise,Right
1707218031503,0.467992,-0.476288,-0.660752,38.15,91.91,-45.78,Noise,Right
1707218031547,0.513376,-0.489952,-0.657336,49.35,92.05,-45.57,Noise,Right
1707218031547,0.555832,-0.491904,-0.658312,55.79,92.26,-47.46,Noise,Right
1707218031547,0.538264,-0.502152,-0.66612,72.31,89.67,-49.07,Noise,Right
1707218031596,0.55876,-0.492392,-0.649528,81.83,82.11,-51.24,Noise,Right
1707218031596,0.542656,-0.493856,-0.630496,64.54,69.02,-47.39,Noise,Right
1707218031596,0.544608,-0.508496,-0.607072,31.64,53.76,-40.18,Noise,Right
1707218031706,0.55388,-0.50752,-0.58804,12.81,40.88,-35.07,Noise,Right
1707218031706,0.582672,-0.5002,-0.554856,3.71,31.22,-32.06,Noise,Right
1707218031706,0.606584,-0.503128,-0.511912,-4.06,24.22,-33.11,Noise,Right
1707218031706,0.6222,-0.508984,-0.515328,3.5,28.7,-34.58,Noise,Right
1707218031706,0.66856,-0.53192,-0.523136,21.35,36.26,-32.48,Noise,Right
1707218031706,0.691984,-0.510448,-0.515816,42.07,45.08,-28.49,Noise,Right
1707218031811,0.648552,-0.489464,-0.515816,52.22,50.26,-29.68,Noise,Right
1707218031812,0.6344,-0.459696,-0.516792,47.46,46.69,-34.58,Noise,Right
1707218031812,0.615856,-0.474824,-0.526552,27.02,37.59,-35.98,Noise,Right
1707218031812,0.611464,-0.481168,-0.516304,3.99,25.2,-33.95,Noise,Right
1707218031812,0.633424,-0.479704,-0.5002,-7.42,10.85,-30.94,Noise,Right
1707218031812,0.66124,-0.508984,-0.457744,-18.9,0.56,-24.85,Noise,Right
1707218031859,0.699304,-0.49044,-0.381128,-28.63,2.87,-21.42,Noise,Right
1707218031859,0.728584,-0.47092,-0.342088,-13.86,18.83,-23.59,Noise,Right
1707218031859,0.733952,-0.41236,-0.337696,-1.19,36.19,-28.98,Noise,Right
1707218031905,0.72712,-0.440664,-0.406992,20.3,50.4,-40.04,Noise,Right
1707218031906,0.72712,-0.464576,-0.44164,36.96,53.41,-46.69,Noise,Right
1707218031906,0.72712,-0.508008,-0.486536,29.19,41.37,-40.11,Noise,Right
1707218032016,0.723704,-0.555832,-0.487024,14.63,19.95,-30.1,Noise,Right
1707218032016,0.744688,-0.481168,-0.465552,-16.45,-1.4,-16.73,Noise,Right
1707218032016,0.785192,-0.463112,-0.421144,-22.47,-15.61,-13.3,Noise,Right
1707218032016,0.830088,-0.425536,-0.391376,-18.69,-11.13,-18.13,Noise,Right
1707218032016,0.826184,-0.418704,-0.382104,-3.57,9.8,-24.43,Noise,Right
1707218032016,0.81008,-0.440176,-0.40504,11.97,19.95,-29.4,Noise,Right
1707218032116,0.805688,-0.472384,-0.42212,11.76,21.28,-26.46,Noise,Right
1707218032116,0.76372,-0.469944,-0.455792,7.91,14.56,-21.14,Noise,Right
1707218032116,0.762256,-0.4636,-0.451888,8.75,6.51,-20.79,Noise,Right
1707218032116,0.752008,-0.43188,-0.431392,-1.89,-1.75,-19.74,Noise,Right
1707218032116,0.763232,-0.425536,-0.421632,-15.05,-6.02,-19.32,Noise,Right
1707218032116,0.794464,-0.448472,-0.416752,-19.25,-5.81,-17.85,Noise,Right
1707218032168,0.81252,-0.450912,-0.395768,-15.68,-1.33,-14.42,Noise,Right
1707218032168,0.816424,-0.438224,-0.3904,-6.65,7.42,-14.63,Noise,Right
1707218032168,0.843752,-0.414312,-0.395768,7.49,17.08,-16.59,Noise,Right
1707218032211,0.823256,-0.41724,-0.436272,22.68,25.13,-21.42,Noise,Right
1707218032212,0.842288,-0.432856,-0.45628,38.64,24.43,-23.24,Noise,Right
1707218032212,0.825696,-0.4148,-0.449448,20.23,13.44,-16.73,Noise,Right
1707218032258,0.826184,-0.38308,-0.434808,1.96,2.31,-17.01,Noise,Right
1707218032258,0.832528,-0.368928,-0.416752,-10.78,-6.93,-22.33,Noise,Right
1707218032303,0.839848,-0.418216,-0.399672,-12.11,-7.63,-24.01,Noise,Right
1707218032303,0.87108,-0.435296,-0.366,-4.2,-2.1,-17.92,Noise,Right
1707218032304,0.887672,-0.420656,-0.338672,10.71,9.31,-12.18,Noise,Right
1707218032360,0.881328,-0.385032,-0.3416,24.15,20.86,-12.32,Noise,Right
1707218032361,0.870104,-0.354288,-0.352824,24.5,25.83,-17.01,Noise,Right
1707218032361,0.862296,-0.35136,-0.384544,22.68,25.55,-21.49,Noise,Right
1707218032413,0.86376,-0.330864,-0.39772,15.05,17.78,-23.24,Noise,Right
1707218032414,0.826184,-0.342576,-0.406016,5.46,7.7,-25.13,Noise,Right
1707218032414,0.810568,-0.3782,-0.386008,0.28,-2.52,-25.76,Noise,Right
1707218032414,0.835944,-0.417728,-0.360632,-3.01,-7.07,-17.57,Noise,Right
1707218032463,0.851072,-0.389912,-0.321104,-1.26,-2.66,-5.18,Noise,Right
1707218032463,0.855464,-0.326472,-0.301096,14.21,9.66,-3.99,Noise,Right
1707218032583,0.869128,-0.314272,-0.296704,19.95,18.13,-6.51,Noise,Right
1707218032583,0.88572,-0.261568,-0.283528,9.59,20.44,-9.8,Noise,Right
1707218032583,0.862296,-0.266448,-0.299632,12.04,23.31,-22.33,Noise,Right
1707218032583,0.85888,-0.284504,-0.341112,13.86,24.92,-30.73,Noise,Right
1707218032583,0.857904,-0.3904,-0.431392,-37.1,-5.74,-7.28,Noise,Right
1707218032583,0.931592,-0.353312,-0.388936,-38.29,-15.19,-8.75,Noise,Right
1707218032583,0.945744,-0.401624,-0.30744,-18.9,-14.0,-14.77,Noise,Right
1707218032630,0.962336,-0.400648,-0.266448,-8.26,-2.52,-12.46,Noise,Right
1707218032630,0.918904,-0.30988,-0.281088,3.99,8.75,-10.01,Noise,Right
1707218032631,0.872056,-0.262056,-0.296216,-3.71,9.31,-12.32,Noise,Right
1707218032677,0.883768,-0.24156,-0.367952,-6.09,10.15,-11.97,Noise,Right
1707218032677,0.903776,-0.27816,-0.367464,-8.47,12.95,-9.94,Noise,Right
1707218032677,0.930128,-0.350872,-0.40504,-2.1,14.35,-9.31,Noise,Right
1707218032723,0.909144,-0.391864,-0.405528,26.67,14.49,-18.97,Noise,Right
1707218032723,0.86376,-0.408456,-0.354776,53.97,14.14,-16.45,Noise,Right
1707218032723,0.874008,-0.33916,-0.234728,57.82,17.99,-8.96,Noise,Right
1707218032770,0.830088,-0.254248,-0.195688,34.79,17.29,-7.98,Noise,Right
1707218032770,0.682712,-0.23424,-0.193736,5.25,14.28,-4.34,Noise,Right
1707218032770,0.832528,-0.238632,-0.204472,-25.13,10.5,-0.7,Noise,Right
1707218032816,0.728584,-0.307928,-0.335744,-25.9,5.67,0.77,Noise,Right
1707218032816,0.991616,-0.41968,-0.345992,-4.69,4.69,-0.91,Noise,Right
1707218032865,0.996984,-0.424072,-0.313296,23.66,7.21,-2.66,Noise,Right
1707218032865,0.948672,-0.37576,-0.284992,53.06,8.61,-5.81,Noise,Right
1707218032865,0.884256,-0.321104,-0.21472,67.9,7.07,-6.51,Noise,Right
1707218032910,0.859368,-0.284992,-0.171288,54.81,4.48,-4.41,Noise,Right
1707218032910,0.809104,-0.259616,-0.137616,17.36,0.77,-2.03,Noise,Right
1707218032910,0.848144,-0.272792,-0.105896,-10.36,-4.97,1.89,Noise,Right
1707218032956,0.950624,-0.312808,-0.096624,-22.82,-9.8,7.35,Noise,Right
1707218032956,0.857416,-0.3416,-0.243512,-23.31,-13.02,6.44,Noise,Right
1707218032956,0.899872,-0.380152,-0.318664,-22.54,-16.17,7.42,Noise,Right
1707218033002,0.972096,-0.371368,-0.326472,-10.92,-24.36,14.07,Noise,Right
1707218033002,0.995032,-0.35624,-0.250344,11.06,-22.82,8.05,Noise,Right
1707218033050,0.999912,-0.353312,-0.249856,24.43,-15.89,3.71,Noise,Right
1707218033051,0.92232,-0.340136,-0.262056,30.03,-11.9,1.75,Noise,Right
1707218033051,0.901336,-0.29524,-0.193248,46.13,-18.06,3.08,Noise,Right
1707218033096,0.879864,-0.26108,-0.102968,46.34,-27.23,3.78,Noise,Right
1707218033096,0.80764,-0.177144,-0.1464,16.17,-49.77,1.47,Noise,Right
1707218033096,0.857904,-0.144936,-0.186904,-43.05,-72.03,10.5,Noise,Right
1707218033142,0.968192,-0.27816,-0.272792,-97.16,-86.31,17.92,Noise,Right
1707218033142,0.97112,-0.307928,-0.35868,-106.82,-89.39,18.9,Noise,Right
1707218033190,1.044808,-0.400648,-0.415288,-73.29,-77.56,16.66,Noise,Right
1707218033190,1.077992,-0.468968,-0.454328,-45.71,-66.36,34.16,Noise,Right
1707218033190,1.103856,-0.467016,-0.483608,-18.62,-55.16,60.83,Noise,Right
1707218033238,0.9882,-0.366976,-0.499712,4.9,-49.77,63.14,Noise,Right
1707218033238,0.893528,-0.284016,-0.479704,22.89,-44.87,52.43,Noise,Right
1707218033239,0.826672,-0.28304,-0.49532,14.21,-48.09,45.22,Noise,Right
1707218033288,0.798368,-0.289872,-0.516304,-0.07,-55.93,36.75,Noise,Right
1707218033290,0.77592,-0.317688,-0.518744,-12.67,-66.71,34.16,Noise,Right
1707218033290,0.745664,-0.363072,-0.510936,-29.96,-78.05,36.89,Noise,Right
1707218033416,0.762744,-0.385032,-0.521672,-49.28,-90.86,44.66,Noise,Right
1707218033416,0.763232,-0.419192,-0.5368,-55.44,-97.65,50.19,Noise,Right
1707218033416,0.757864,-0.423096,-0.530944,-48.16,-95.2,56.0,Noise,Right
1707218033416,0.750056,-0.418216,-0.544608,-24.78,-81.34,58.45,Noise,Right
1707218033416,0.696376,-0.415776,-0.587064,-9.1,-67.9,59.22,Noise,Right
1707218033416,0.663192,-0.391376,-0.605608,11.62,-60.62,58.38,Noise,Right
1707218033417,0.57096,-0.367464,-0.605608,14.14,-62.23,51.59,Noise,Right
1707218033535,0.516792,-0.405528,-0.582184,7.0,-69.37,43.4,Noise,Right
1707218033535,0.493856,-0.446032,-0.5734,-19.39,-82.6,45.29,Noise,Right
1707218033535,0.462136,-0.464088,-0.616344,-46.27,-98.77,51.66,Noise,Right
1707218033535,0.447984,-0.504592,-0.671488,-47.18,-106.89,50.47,Noise,Right
1707218033535,0.491904,-0.52216,-0.697352,-48.16,-110.18,53.9,Noise,Right
1707218033535,0.47336,-0.526552,-0.710528,-42.98,-107.45,61.95,Noise,Right
1707218033536,0.410896,-0.479704,-0.703208,-29.82,-97.02,59.5,Noise,Right
1707218033599,0.349896,-0.44652,-0.713944,-16.59,-78.33,49.14,Noise,Right
1707218033603,0.306952,-0.460184,-0.76128,-0.84,-59.15,41.09,Noise,Right
1707218033603,0.259616,-0.45872,-0.796904,-3.99,-46.48,36.75,Noise,Right
1707218033704,0.217648,-0.497272,-0.830576,6.09,-39.06,31.85,Noise,Right
1707218033704,0.21228,-0.534848,-0.85156,5.74,-39.97,28.21,Noise,Right
1707218033705,0.223016,-0.521184,-0.835944,-18.34,-49.42,36.26,Noise,Right
1707218033705,0.20008,-0.38064,-0.8174,-31.43,-54.46,38.15,Noise,Right
1707218033705,0.196176,-0.494832,-0.813008,-29.12,-57.4,34.16,Noise,Right
1707218033705,0.170312,-0.503128,-0.820328,-23.66,-55.86,26.25,Noise,Right
1707218033705,0.203008,-0.509472,-0.855952,-11.9,-50.19,19.04,Noise,Right
1707218033754,0.197152,-0.528504,-0.910608,13.93,-41.65,15.05,Noise,Right
1707218033755,0.197152,-0.548024,-0.963312,37.24,-34.09,13.86,Noise,Right
1707218033755,0.191784,-0.508496,-0.987224,42.56,-33.53,19.53,Noise,Right
1707218033800,0.1342,-0.483608,-0.986736,40.6,-38.43,18.34,Noise,Right
1707218033800,0.104432,-0.499224,-0.960872,25.83,-50.68,13.72,Noise,Right
1707218033800,0.087352,-0.513376,-0.933544,-8.19,-66.78,15.75,Noise,Right
1707218033845,0.042456,-0.511912,-0.904264,-29.26,-83.16,16.59,Noise,Right
1707218033846,0.054168,-0.533384,-0.906216,-27.79,-89.6,13.02,Noise,Right
1707218033846,0.055144,-0.538752,-0.923296,-15.12,-89.25,8.05,Noise,Right
1707218033896,0.045384,-0.533872,-0.942816,9.17,-86.1,-0.77,Noise,Right
1707218033897,0.03904,-0.535824,-0.93208,29.54,-79.8,-8.82,Noise,Right
1707218033897,-0.01464,-0.518256,-0.91744,35.63,-78.61,-9.1,Noise,Right
1707218034027,-0.05856,-0.492392,-0.906704,24.22,-87.5,-10.78,Noise,Right
1707218034027,-0.096624,-0.478728,-0.88328,-1.82,-104.02,-15.54,Noise,Right
1707218034028,-0.111752,-0.494344,-0.853024,-25.76,-120.12,-19.25,Noise,Right
1707218034028,-0.096136,-0.495808,-0.808616,-49.42,-129.01,-19.04,Noise,Right
1707218034028,-0.072712,-0.489952,-0.815936,-55.58,-124.46,-22.75,Noise,Right
1707218034028,-0.091744,-0.486048,-0.827648,-39.48,-104.16,-33.95,Noise,Right
1707218034028,-0.106872,-0.494832,-0.841312,-3.43,-82.32,-41.58,Noise,Right
1707218034081,-0.170312,-0.491416,-0.877424,28.77,-66.22,-44.52,Noise,Right
1707218034081,-0.215208,-0.464088,-0.882792,43.61,-64.4,-49.42,Noise,Right
1707218034081,-0.238632,-0.45628,-0.858392,20.3,-74.48,-46.48,Noise,Right
1707218034081,-0.26596,-0.467992,-0.823744,-17.08,-95.97,-43.61,Noise,Right
1707218034163,-0.261568,-0.499712,-0.7808,-46.13,-108.43,-42.63,Noise,Right
1707218034163,-0.213744,-0.494832,-0.71004,-59.57,-108.78,-41.72,Noise,Right
1707218034163,-0.175192,-0.525576,-0.694912,-46.62,-87.29,-45.22,Noise,Right
1707218034163,-0.155184,-0.564128,-0.708576,-3.22,-52.08,-46.62,Noise,Right
1707218034277,-0.142496,-0.50752,-0.704672,44.52,-11.48,-44.59,Noise,Right
1707218034277,-0.225944,-0.4514,-0.733952,69.58,10.64,-50.96,Noise,Right
1707218034277,-0.254736,-0.435296,-0.750544,77.21,15.82,-58.1,Noise,Right
1707218034278,-0.331352,-0.465552,-0.782264,56.49,-3.78,-63.98,Noise,Right
1707218034278,-0.315736,-0.514352,-0.787632,4.27,-41.23,-57.47,Noise,Right
1707218034278,-0.300608,-0.539728,-0.755424,-42.91,-80.64,-46.62,Noise,Right
1707218034278,-0.217648,-0.540216,-0.679296,-65.38,-97.44,-45.01,Noise,Right
1707218034327,-0.149816,-0.584624,-0.63928,-57.96,-79.1,-47.6,Noise,Right
1707218034327,-0.064904,-0.647088,-0.671,-20.79,-38.64,-44.94,Noise,Right
1707218034328,-0.099552,-0.626592,-0.688568,40.39,8.19,-39.69,Noise,Right
1707218034375,-0.130296,-0.499712,-0.72224,74.83,35.49,-37.03,Noise,Right
1707218034375,-0.243024,-0.499712,-0.7808,46.48,16.8,-43.26,Noise,Right
1707218034375,-0.216184,-0.59536,-0.737368,-1.61,-28.28,-37.03,Noise,Right
1707218034425,-0.006344,-0.740296,-0.640256,-46.97,-67.97,-11.55,Noise,Right
1707218034425,-0.084424,-0.667096,-0.5612,-86.31,-92.68,2.17,Noise,Right
1707218034425,0.029768,-0.626592,-0.528016,-79.1,-71.12,-4.13,Noise,Right
1707218034554,0.076616,-0.664168,-0.593408,-71.54,-7.56,-24.01,Noise,Right
1707218034555,0.04636,-0.63196,-0.73688,-54.67,20.02,-18.97,Noise,Right
1707218034555,0.16348,-0.670512,-0.686616,44.17,64.54,-7.35,Noise,Right
1707218034555,0.32208,-0.40504,-0.427976,85.19,92.26,-7.91,Noise,Right
1707218034555,-0.149328,0.087352,-0.931104,-48.72,-9.66,8.54,Noise,Right
1707218034555,0.181048,-0.676856,-0.52948,85.82,-2.1,-28.49,Noise,Right
1707218034555,0.022448,-0.787632,-0.8418,31.43,-19.18,-19.46,Noise,Right
1707218034673,-0.251808,-0.580232,-0.671976,-78.4,-71.47,40.67,Noise,Right
1707218034674,-0.1464,-0.58316,-0.471408,-66.36,-73.57,45.22,Noise,Right
1707218034674,-0.011712,-0.632936,-0.3538,-70.49,-37.38,51.52,Noise,Right
1707218034674,-0.001464,-0.647576,-0.327936,-64.82,22.54,78.89,Noise,Right
1707218034674,-0.017568,-0.66612,-0.430904,1.82,113.89,91.98,Noise,Right
1707218034674,-0.0244,-0.777384,-0.504592,99.75,189.42,124.88,Noise,Right
1707218034674,-0.01464,-0.682224,-0.574864,142.73,234.64,160.37,Noise,Right
1707218034719,-0.047336,-0.498248,-0.642696,149.66,265.51,181.09,Noise,Right
1707218034719,-0.03416,-0.377712,-0.659288,160.72,287.49,170.24,Noise,Right
1707218034719,-0.04636,-0.311344,-0.666608,157.99,292.53,138.88,Noise,Right
1707218034765,-0.042944,-0.303536,-0.65148,145.53,282.94,100.38,Noise,Right
1707218034766,-0.04392,-0.301096,-0.64172,113.82,264.6,72.38,Noise,Right
1707218034766,0.048312,-0.344528,-0.755424,85.61,238.63,54.32,Noise,Right
1707218034819,0.083936,-0.454816,-0.86376,97.93,212.66,20.93,Noise,Right
1707218034819,0.168848,-0.605608,-0.905728,127.19,175.35,3.43,Noise,Right
1707218034819,0.208376,-0.733952,-0.913048,116.62,124.95,16.45,Noise,Right
1707218034945,0.28792,-0.694424,-0.842776,66.71,90.16,30.59,Noise,Right
1707218034946,0.293776,-0.657336,-0.81252,31.36,70.91,28.07,Noise,Right
1707218034946,0.29036,-0.633424,-0.824232,4.27,62.23,23.38,Noise,Right
1707218034946,0.293776,-0.6588,-0.891576,16.87,61.88,5.46,Noise,Right
1707218034946,0.298168,-0.757864,-0.940864,51.17,61.18,-9.87,Noise,Right
1707218034946,0.332816,-0.833992,-0.940864,84.14,51.31,-9.1,Noise,Right
1707218034946,0.330864,-0.86864,-0.93208,116.55,40.39,13.02,Noise,Right
1707218035087,0.291824,-0.931104,-0.887672,37.66,20.72,40.53,Noise,Right
1707218035087,0.282552,-0.884256,-0.858392,11.55,-5.11,50.33,Noise,Right
1707218035087,0.269864,-0.911096,-0.764696,-12.39,-21.42,47.53,Noise,Right
1707218035088,0.279136,-0.854976,-0.663192,-4.97,-14.0,34.09,Noise,Right
1707218035088,0.264008,-0.77104,-0.674904,39.76,11.55,9.31,Noise,Right
1707218035149,0.203984,-0.782752,-0.710528,84.42,28.07,-19.32,Noise,Right
1707218035149,0.198128,-0.803736,-0.728096,103.6,21.7,-38.78,Noise,Right
1707218035149,0.242536,-0.9272,-0.643672,124.6,8.82,-39.9,Noise,Right
1707218035150,0.288896,-0.95892,-0.562664,74.97,-10.71,-18.27,Noise,Right
1707218035150,0.27328,-0.914024,-0.471896,19.25,-18.34,1.82,Noise,Right
1707218035150,0.284992,-0.860832,-0.377712,-6.02,-17.85,-0.77,Noise,Right
1707218035150,0.320616,-0.81496,-0.34648,-12.04,-3.43,-11.41,Noise,Right
1707218035268,0.330864,-0.80764,-0.437248,6.16,23.59,-33.67,Noise,Right
1707218035269,0.286944,-0.874008,-0.555832,70.28,33.46,-57.61,Noise,Right
1707218035269,0.299144,-0.871568,-0.540704,112.63,15.47,-67.9,Noise,Right
1707218035269,0.323544,-0.891576,-0.432368,113.47,3.29,-57.54,Noise,Right
1707218035269,0.366,-0.88328,-0.363072,39.83,-8.96,-35.0,Noise,Right
1707218035269,0.310856,-0.809592,-0.311832,-12.81,-16.17,-19.95,Noise,Right
1707218035270,0.34648,-0.837408,-0.284992,-40.67,-22.47,-20.37,Noise,Right
1707218035313,0.387472,-0.89304,-0.266448,-45.85,-11.34,-24.78,Noise,Right
1707218035314,0.435296,-0.91988,-0.288408,8.12,16.73,-24.64,Noise,Right
1707218035314,0.389912,-0.910608,-0.338184,56.14,43.33,-20.58,Noise,Right
1707218035360,0.340136,-0.841312,-0.3904,69.65,46.55,-24.01,Noise,Right
1707218035360,0.293776,-0.789096,-0.404552,64.4,32.69,-32.69,Noise,Right
1707218035360,0.273768,-0.78812,-0.382592,32.76,-0.07,-40.25,Noise,Right
1707218035411,0.321104,-0.879864,-0.330376,-4.97,-22.4,-38.85,Noise,Right
1707218035411,0.394304,-0.928664,-0.304024,-26.88,-25.97,-24.99,Noise,Right
1707218035411,0.394792,-0.902312,-0.276208,-20.16,-14.35,-9.66,Noise,Right
1707218035458,0.357704,-0.81008,-0.23912,-9.17,3.64,-9.8,Noise,Right
1707218035458,0.392352,-0.747128,-0.275232,0.49,27.02,-23.1,Noise,Right
1707218035458,0.37576,-0.76128,-0.330376,22.82,43.89,-43.96,Noise,Right
1707218035505,0.366,-0.781776,-0.382592,44.66,42.63,-60.69,Noise,Right
1707218035505,-0.213256,-0.74664,0.061,-136.71,14.98,4.27,Noise,Right
1707218035548,0.452864,-0.833992,-0.427976,0.07,-19.39,-0.56,Noise,Right
1707218035548,0.365024,-0.74908,-0.357216,-16.31,-54.46,-20.23,Noise,Right
1707218035549,0.398696,-0.953552,-0.308416,-70.56,-24.36,-5.46,Noise,Right
1707218035598,0.44164,-0.77348,-0.3538,-103.6,-44.24,-20.44,Noise,Right
1707218035598,0.467504,-0.804224,-0.32452,-125.16,-42.56,-18.41,Noise,Right
1707218035598,0.51972,-0.75152,-0.377224,-148.26,-31.5,-12.95,Noise,Right
1707218035642,0.529968,-0.774456,-0.496296,-133.91,-16.45,-3.36,Noise,Right
1707218035642,0.493368,-0.788608,-0.655384,-70.77,-13.65,-3.71,Noise,Right
1707218035643,0.485072,-0.777384,-0.629032,4.62,-20.37,-12.74,Noise,Right
1707218035690,0.46848,-0.692472,-0.582672,20.16,-25.48,-22.61,Noise,Right
1707218035690,0.406992,-0.645136,-0.554368,-4.2,-27.44,-27.37,Noise,Right
1707218035740,0.421632,-0.625128,-0.501664,-24.99,-30.8,-28.84,Noise,Right
1707218035740,0.38796,-0.622688,-0.55632,-49.0,-34.51,-28.56,Noise,Right
1707218035740,0.40992,-0.641232,-0.596336,-42.7,-36.26,-26.32,Noise,Right
1707218035783,0.437736,-0.67832,-0.605608,-25.13,-38.57,-26.46,Noise,Right
1707218035784,0.462624,-0.651968,-0.595848,-10.64,-37.31,-26.6,Noise,Right
1707218035784,0.489464,-0.654408,-0.616832,-9.03,-34.79,-27.09,Noise,Right
1707218035830,0.478728,-0.642696,-0.621224,-18.9,-34.51,-29.47,Noise,Right
1707218035830,0.461648,-0.640256,-0.591944,-24.01,-34.23,-31.5,Noise,Right
1707218035831,0.442128,-0.652944,-0.57828,-37.17,-32.41,-26.32,Noise,Right
1707218035875,0.41724,-0.650992,-0.582184,-52.29,-37.52,-19.6,Noise,Right
1707218035876,0.435784,-0.625128,-0.56364,-47.74,-36.96,-19.32,Noise,Right
1707218035923,0.46848,-0.617808,-0.587064,-30.52,-27.09,-18.62,Noise,Right
1707218035923,0.471896,-0.618296,-0.61,-1.26,-8.61,-22.47,Noise,Right
1707218035923,0.617808,-0.637328,-0.560224,-7.42,5.25,-28.07,Noise,Right
1707218035969,0.423584,-0.539728,-0.74176,2.45,-21.63,-20.09,Noise,Right
1707218035969,0.413336,-0.541192,-0.704672,14.21,-37.66,-36.96,Noise,Right
1707218035969,0.452376,-0.571448,-0.649528,0.77,-46.34,-46.76,Noise,Right
1707218036015,0.503616,-0.718824,-0.643184,-16.24,-46.55,-33.11,Noise,Right
1707218036015,0.489464,-0.707112,-0.616832,-38.29,-45.01,-3.78,Noise,Right
1707218036066,0.474336,-0.660264,-0.601216,-34.09,-40.04,6.72,Noise,Right
1707218036066,0.47092,-0.58072,-0.570472,-23.31,-27.09,1.82,Noise,Right
1707218036066,0.465552,-0.569496,-0.631472,-3.43,-10.92,-16.59,Noise,Right
1707218036108,0.43676,-0.567544,-0.689056,9.38,-1.54,-27.79,Noise,Right
1707218036110,0.427488,-0.569008,-0.707112,19.95,-0.7,-30.24,Noise,Right
1707218036110,0.402112,-0.573888,-0.691496,7.28,-5.6,-28.84,Noise,Right
1707218036156,0.420168,-0.579744,-0.686128,-8.61,-11.41,-24.57,Noise,Right
1707218036156,0.422608,-0.589992,-0.654896,-23.1,-13.02,-22.33,Noise,Right
1707218036156,0.473848,-0.609512,-0.618784,-31.36,-7.42,-19.67,Noise,Right
1707218036202,0.481656,-0.558272,-0.596824,-26.67,13.93,-19.81,Noise,Right
1707218036202,0.501664,-0.5124,-0.605608,-3.64,39.06,-26.53,Noise,Right
1707218036253,0.466528,-0.5856,-0.44164,-77.98,75.04,-32.41,Noise,Right
1707218036253,0.45384,-0.449448,-0.941352,-55.3,20.65,-2.17,Noise,Right
1707218036253,0.410896,-0.540216,-0.810568,2.66,9.17,-17.15,Noise,Right
1707218036296,0.43676,-0.470432,-0.727608,22.75,-2.8,-34.65,Noise,Right
1707218036296,0.457256,-0.535824,-0.69784,5.11,-3.01,-37.45,Noise,Right
1707218036297,0.393328,-0.597312,-0.644648,-12.81,1.33,-34.44,Noise,Right
1707218036341,0.480192,-0.57096,-0.627568,-8.4,7.0,-23.31,Noise,Right
1707218036341,0.479216,-0.477752,-0.626592,-34.65,11.06,-20.16,Noise,Right
1707218036341,0.50264,-0.486536,-0.604632,-71.82,10.64,-20.09,Noise,Right
1707218036392,0.511912,-0.494832,-0.640744,-108.01,9.73,-19.39,Noise,Right
1707218036392,0.462624,-0.371368,-0.798368,-109.27,3.71,-22.89,Noise,Right
1707218036392,0.38308,-0.500688,-0.869616,3.5,-8.12,-18.55,Noise,Right
1707218036524,0.503128,-0.478728,-0.819352,10.99,-7.98,-37.38,Noise,Right
1707218036524,0.425048,-0.453352,-0.701744,31.92,-10.57,-39.2,Noise,Right
1707218036525,0.425536,-0.489952,-0.630984,20.58,-6.44,-22.19,Noise,Right
1707218036525,0.36112,-0.433344,-0.595848,5.53,-7.35,-11.55,Noise,Right
1707218036525,0.365024,-0.31964,-0.623176,-15.96,-15.61,-3.08,Noise,Right
1707218036525,0.445544,-0.35136,-0.701744,-26.11,-30.8,1.61,Noise,Right
1707218036579,0.459208,-0.4636,-0.770064,-37.38,-44.87,3.01,Noise,Right
1707218036579,0.438712,-0.52704,-0.83936,-16.17,-42.49,3.78,Noise,Right
1707218036579,0.50752,-0.523136,-0.769088,8.26,-36.68,3.43,Noise,Right
1707218036621,0.56852,-0.398696,-0.749568,36.89,-27.23,6.58,Noise,Right
1707218036621,0.620248,-0.365512,-0.722728,35.28,-18.9,16.59,Noise,Right
1707218036621,0.549976,-0.3904,-0.847168,30.66,-14.0,20.3,Noise,Right
1707218036667,0.488488,-0.310856,-0.723704,10.22,-15.75,16.38,Noise,Right
1707218036667,0.514352,-0.286456,-0.911096,-0.84,-15.4,5.6,Noise,Right
1707218036669,0.569496,-0.381616,-0.908656,1.82,-16.31,0.07,Noise,Right
1707218036716,0.598776,-0.476288,-0.845704,6.37,-10.64,-6.09,Noise,Right
1707218036716,0.569008,-0.443592,-0.805688,6.37,-0.56,-8.19,Noise,Right
1707218036764,0.53192,-0.430904,-0.799832,9.17,5.18,-4.97,Noise,Right
1707218036765,0.529968,-0.43432,-0.732488,7.35,11.9,1.19,Noise,Right
1707218036765,0.435784,-0.259616,-0.742736,18.62,9.45,-2.38,Noise,Right
1707218036816,0.440176,-0.342576,-0.733952,7.21,4.34,-6.16,Noise,Right
1707218036816,0.427976,-0.386984,-0.751032,-9.24,1.26,-5.88,Noise,Right
1707218036821,0.402112,-0.3904,-0.791536,-17.71,0.14,-6.02,Noise,Right
1707218036862,0.403088,-0.445544,-0.855952,5.32,-1.19,-7.07,Noise,Right
1707218036862,0.4148,-0.41968,-0.793976,6.79,2.66,-6.58,Noise,Right
1707218036862,0.435296,-0.377712,-0.778848,5.88,2.8,-5.88,Noise,Right
1707218036928,0.4148,-0.386496,-0.800808,2.66,2.1,-5.32,Noise,Right
1707218036928,0.454328,-0.417728,-0.760304,3.08,3.22,-3.01,Noise,Right
1707218036928,0.493368,-0.38064,-0.76128,1.4,3.85,-3.78,Noise,Right
1707218036928,0.48556,-0.413824,-0.77592,3.08,3.29,-3.15,Noise,Right
1707218036979,0.451888,-0.394792,-0.807152,5.95,2.1,-7.49,Noise,Right
1707218036979,0.50264,-0.380152,-0.759328,11.55,3.36,-3.92,Noise,Right
1707218036980,0.460184,-0.385032,-0.76372,10.29,3.01,-5.46,Noise,Right
1707218037028,0.467504,-0.401624,-0.733464,2.94,2.66,-5.88,Noise,Right
1707218037028,0.420656,-0.42456,-0.769576,-3.5,3.22,-6.3,Noise,Right
1707218037028,0.410896,-0.37088,-0.779336,-5.32,3.36,-3.15,Noise,Right
1707218037073,0.403088,-0.381128,-0.757864,0.42,1.05,0.91,Noise,Right
1707218037073,0.388936,-0.408944,-0.772016,-1.89,-1.54,0.28,Noise,Right
1707218037118,0.40016,-0.406504,-0.772016,1.82,-5.39,0.07,Noise,Right
1707218037118,0.416752,-0.368928,-0.752984,-0.42,-10.57,-0.7,Noise,Right
1707218037118,0.406992,-0.374296,-0.706624,-6.09,-17.43,0.35,Noise,Right
1707218037173,0.52948,-0.381128,-0.711504,-13.51,-22.96,-2.24,Noise,Right
1707218037173,0.550464,-0.417728,-0.778848,-19.53,-25.06,-2.73,Noise,Right
1707218037173,0.614392,-0.500688,-0.802272,-21.28,-23.31,-5.67,Noise,Right
1707218037295,0.7076,-0.486048,-0.760304,-4.97,-13.37,-5.39,Noise,Right
1707218037295,0.506544,-0.36356,-0.815936,-1.26,-7.21,-9.17,Noise,Right
1707218037295,0.67588,-0.388448,-0.674416,21.07,3.85,5.81,Noise,Right
1707218037296,0.586576,-0.333792,-0.720288,21.28,12.11,14.56,Noise,Right
1707218037296,0.51972,-0.260592,-0.784704,9.59,10.43,12.32,Noise,Right
1707218037296,0.53192,-0.326472,-0.854,1.89,6.3,7.14,Noise,Right
1707218037296,0.48556,-0.381128,-0.84668,0.49,6.65,1.12,Noise,Right
1707218037438,0.487024,-0.453352,-0.903288,6.23,9.38,-1.82,Noise,Right
1707218037439,0.475312,-0.560712,-0.872056,11.34,18.83,-3.29,Noise,Right
1707218037439,0.525576,-0.509472,-0.793488,27.58,29.75,4.27,Noise,Right
1707218037439,0.549,-0.623176,-0.774944,73.08,41.93,19.04,Noise,Right
1707218037439,0.533872,-0.628544,-0.789584,89.39,47.46,23.1,Noise,Right
1707218037439,0.426024,-0.526552,-0.83204,84.49,33.67,26.32,Noise,Right
1707218037439,0.340624,-0.45628,-0.862784,77.84,7.98,19.74,Noise,Right
1707218037439,0.276208,-0.451888,-0.918904,57.47,-18.69,8.96,Noise,Right
1707218037546,0.275232,-0.5978,-0.913536,14.42,-41.58,9.03,Noise,Right
1707218037546,0.306464,-0.630984,-0.881328,14.91,-51.38,16.17,Noise,Right
1707218037546,0.308904,-0.611952,-0.800808,26.81,-46.13,25.48,Noise,Right
1707218037546,0.306464,-0.590968,-0.697352,33.6,-35.49,33.32,Noise,Right
1707218037546,0.378688,-0.416752,-0.567544,31.78,-19.53,34.23,Noise,Right
1707218037546,0.262056,-0.325008,-0.509472,24.43,-8.54,-2.52,Noise,Right
1707218037546,0.366976,-0.413824,-0.473848,9.66,12.46,-32.69,Noise,Right
1707218037645,0.4026,-0.50508,-0.537288,21.77,28.98,-40.18,Noise,Right
1707218037646,0.455304,-0.560224,-0.543144,48.72,34.93,-43.54,Noise,Right
1707218037646,0.5002,-0.543632,-0.50752,52.5,27.79,-36.96,Noise,Right
1707218037646,0.520696,-0.54412,-0.472872,21.91,16.03,-29.12,Noise,Right
1707218037646,0.598776,-0.533384,-0.469944,-0.91,6.93,-21.35,Noise,Right
1707218037646,0.62708,-0.525088,-0.467992,-20.02,3.15,-17.85,Noise,Right
1707218037692,0.667096,-0.515816,-0.48556,-20.23,8.61,-13.23,Noise,Right
1707218037693,0.68076,-0.49288,-0.502152,-0.49,28.91,-16.94,Noise,Right
1707218037693,0.65392,-0.461648,-0.543632,24.29,49.14,-19.88,Noise,Right
1707218037740,0.614392,-0.404064,-0.575352,38.43,60.55,-23.17,Noise,Right
1707218037741,0.580232,-0.378688,-0.60024,37.03,63.07,-31.08,Noise,Right
1707218037788,0.545584,-0.353312,-0.63684,31.36,50.96,-37.31,Noise,Right
1707218037789,0.64416,-0.555344,-0.819352,-19.46,17.29,-25.27,Noise,Right
1707218037789,0.555344,-0.467016,-0.710528,-63.0,-29.82,-1.19,Noise,Right
1707218037833,0.630984,-0.425536,-0.582672,-43.33,-42.63,-12.6,Noise,Right
1707218037833,0.721264,-0.427,-0.494832,-38.01,-28.98,-0.14,Noise,Right
1707218037833,0.652456,-0.413336,-0.474336,-52.64,-7.7,6.79,Noise,Right
1707218037890,0.512888,-0.338672,-0.51484,-12.32,22.96,-14.56,Noise,Right
1707218037890,0.717848,-0.399184,-0.369416,111.09,97.16,-65.03,Noise,Right
1707218037890,0.51972,-0.706136,-1.42008,-109.55,20.16,-18.9,Noise,Right
1707218037956,0.589504,-0.742248,-0.891088,16.73,-18.76,24.29,Noise,Right
1707218037956,0.765672,-0.637816,-0.6222,110.18,-12.39,15.54,Noise,Right
1707218037956,0.721264,-0.682712,-0.692472,49.35,-1.33,18.2,Noise,Right
1707218037956,0.290848,-0.562664,0.01464,-0.14,-23.24,24.92,Noise,Right
1707218038004,0.501664,-0.389912,-0.70272,-73.29,-56.28,40.74,Noise,Right
1707218038004,0.50996,-0.478728,-0.612928,-100.52,-64.75,30.45,Noise,Right
1707218038005,0.464088,-0.403576,-0.564128,-92.47,-50.75,14.77,Noise,Right
1707218038052,0.55144,-0.4514,-0.587552,-32.69,-9.73,3.92,Noise,Right
1707218038052,0.569984,-0.469456,-0.747616,36.68,27.58,-12.11,Noise,Right
1707218038052,0.577792,-0.49288,-0.655872,70.07,45.01,-15.12,Noise,Right
1707218038098,0.55388,-0.492392,-0.673928,59.29,37.66,-8.47,Noise,Right
1707218038098,0.525088,-0.456768,-0.66368,29.61,16.52,-3.57,Noise,Right
1707218038143,0.510448,-0.427488,-0.622688,-3.22,-7.42,0.77,Noise,Right
1707218038143,0.54656,-0.430904,-0.601704,-29.4,-22.47,0.49,Noise,Right
1707218038143,0.621712,-0.460184,-0.572912,-25.27,-18.48,-4.06,Noise,Right
1707218038200,0.705648,-0.545584,-0.606096,6.37,-1.54,-5.6,Noise,Right
1707218038200,0.718824,-0.549488,-0.631472,47.53,10.22,-6.3,Noise,Right
1707218038200,0.722728,-0.510936,-0.60024,73.36,12.18,-6.58,Noise,Right
1707218038253,0.669536,-0.42212,-0.564128,67.97,9.45,-7.14,Noise,Right
1707218038254,0.564616,-0.46116,-0.66856,24.01,-9.38,-8.68,Noise,Right
1707218038254,0.514352,-0.43432,-0.567544,4.97,-24.99,-13.72,Noise,Right
1707218038254,0.535336,-0.497272,-0.546072,-16.73,-27.23,-10.57,Noise,Right
1707218038301,0.528504,-0.521672,-0.52948,-30.17,-19.46,8.82,Noise,Right
1707218038302,0.578768,-0.58804,-0.573888,-12.88,-9.52,31.78,Noise,Right
1707218038345,0.616344,-0.54168,-0.63684,22.47,-2.03,43.82,Noise,Right
1707218038345,0.655384,-0.487024,-0.674904,36.89,0.28,41.3,Noise,Right
1707218038345,0.60024,-0.440176,-0.664656,11.62,-2.73,26.32,Noise,Right
1707218038404,0.535824,-0.521184,-0.744688,-22.33,-9.03,9.8,Noise,Right
1707218038404,0.47336,-0.522648,-0.736392,-35.35,-14.7,-5.53,Noise,Right
1707218038404,0.38552,-0.5978,-0.794464,-23.66,-18.62,-16.1,Noise,Right
1707218038454,0.39772,-0.609024,-0.759328,-63.42,-25.41,-13.16,Noise,Right
1707218038454,0.388448,-0.537776,-0.737856,-121.87,-38.15,2.31,Noise,Right
1707218038454,0.474824,-0.54412,-0.69052,-117.88,-23.66,-2.38,Noise,Right
1707218038505,0.549,-0.573888,-0.69784,-60.41,12.81,-17.29,Noise,Right
1707218038505,0.596336,-0.761768,-0.855952,66.92,50.61,-15.61,Noise,Right
1707218038505,0.62464,-0.7198,-0.876448,138.6,61.25,9.03,Noise,Right
1707218038625,0.512888,-0.547536,-0.872056,121.1,38.15,28.77,Noise,Right
1707218038625,0.378688,-0.457744,-0.854,73.99,-6.51,20.65,Noise,Right
1707218038625,0.293776,-0.542168,-0.793,12.18,-54.95,11.34,Noise,Right
1707218038626,0.244,-0.484096,-0.728096,-72.45,-94.92,17.64,Noise,Right
1707218038626,0.257664,-0.528016,-0.662704,-104.86,-117.04,15.26,Noise,Right
1707218038626,0.381128,-0.550952,-0.602192,-99.54,-101.99,4.55,Noise,Right
1707218038626,0.42456,-0.612928,-0.602192,-1.89,-51.73,-9.45,Noise,Right
1707218038670,0.493856,-0.589992,-0.586576,78.26,5.32,-15.26,Noise,Right
1707218038670,0.459208,-0.53924,-0.599752,106.05,39.13,-21.91,Noise,Right
1707218038670,0.449936,-0.513376,-0.569008,98.28,50.19,-35.14,Noise,Right
1707218038715,0.444568,-0.523136,-0.548024,77.35,45.85,-38.43,Noise,Right
1707218038716,0.42456,-0.503128,-0.573888,37.94,28.49,-39.13,Noise,Right
1707218038716,0.448472,-0.50996,-0.550464,13.51,2.24,-37.31,Noise,Right
1707218038769,0.49776,-0.54412,-0.528992,-11.41,-23.38,-29.12,Noise,Right
1707218038769,0.580232,-0.5002,-0.436272,-19.67,-28.98,-18.2,Noise,Right
1707218038769,0.60512,-0.40016,-0.372832,-10.22,-3.5,-28.0,Noise,Right
1707218038878,0.669536,-0.34404,-0.329888,11.83,35.91,-46.06,Noise,Right
1707218038878,1.081896,-0.847168,-0.595848,23.45,80.01,-61.53,Noise,Right
1707218038879,0.666608,-0.25864,-0.959408,-186.83,-13.86,-11.41,Noise,Right
1707218038879,0.820816,-0.623176,-0.925248,-47.53,-20.16,-9.24,Noise,Right
1707218038879,0.865224,-0.538752,-0.677832,19.95,-13.58,-15.12,Noise,Right
1707218038879,0.735416,-0.527528,-0.587064,28.98,-2.24,-19.32,Noise,Right
1707218038979,0.59048,-0.49044,-0.527528,10.29,12.95,-2.38,Noise,Right
1707218038979,0.491416,-0.469456,-0.527528,13.37,18.97,17.99,Noise,Right
1707218038979,0.491416,-0.3294,-0.4392,1.26,26.25,34.16,Noise,Right
1707218038979,0.518744,-0.398696,-0.494344,-17.36,26.04,31.36,Noise,Right
1707218038980,0.560712,-0.322568,-0.471408,-37.66,43.54,21.14,Noise,Right
1707218038980,0.60268,-0.407968,-0.614392,-12.67,66.99,12.67,Noise,Right
1707218039029,0.549488,-0.443592,-0.758352,39.97,84.77,-10.85,Noise,Right
1707218039029,0.511424,-0.34648,-1.318088,-63.0,28.91,1.47,Noise,Right
1707218039029,0.569496,-0.572912,-1.081408,74.2,-14.35,7.7,Noise,Right
1707218039083,0.686128,-0.643672,-0.813496,137.83,-12.6,-14.56,Noise,Right
1707218039083,0.59536,-0.67588,-0.806664,41.93,-31.08,31.92,Noise,Right
1707218039083,0.555832,-0.58316,-0.76372,1.12,-53.62,66.99,Noise,Right
1707218039203,0.49532,-0.420656,-0.67588,-8.96,-70.28,56.35,Noise,Right
1707218039203,0.433832,-0.365512,-0.615856,-22.33,-72.8,30.45,Noise,Right
1707218039204,0.424072,-0.42456,-0.627568,-11.2,-51.31,1.96,Noise,Right
1707218039204,0.4148,-0.49288,-0.625128,17.08,-18.69,-19.95,Noise,Right
1707218039204,0.400648,-0.53436,-0.674904,49.35,-3.29,-29.4,Noise,Right
1707218039204,0.408456,-0.526064,-0.66124,61.11,-1.4,-36.4,Noise,Right
1707218039204,0.392352,-0.525576,-0.63196,60.62,-11.2,-41.23,Noise,Right
1707218039250,0.429928,-0.528992,-0.545096,28.07,-28.21,-38.36,Noise,Right
1707218039250,0.47336,-0.542168,-0.47824,5.6,-36.4,-34.79,Noise,Right
1707218039250,0.519232,-0.538752,-0.415776,-14.7,-25.69,-31.43,Noise,Right
1707218039292,0.6588,-0.532408,-0.40992,-8.4,-0.49,-26.39,Noise,Right
1707218039292,0.66856,-0.481168,-0.465064,5.11,30.8,-32.97,Noise,Right
1707218039293,0.671,-0.505568,-0.518744,42.91,51.38,-49.63,Noise,Right
1707218039340,0.939888,-0.745664,-0.889136,63.63,64.05,-52.5,Noise,Right
1707218039340,0.575352,-0.391376,-0.746152,-61.46,1.61,-0.77,Noise,Right
1707218039340,0.735904,-0.537288,-0.53924,14.91,-14.77,-6.37,Noise,Right
1707218039389,0.723216,-0.538752,-0.511912,-9.17,-8.05,-7.07,Noise,Right
1707218039389,0.726632,-0.515816,-0.54168,-34.23,-3.92,-9.45,Noise,Right
1707218039433,0.622688,-0.521672,-0.560712,-35.84,3.5,0.56,Noise,Right
1707218039433,0.65636,-0.479216,-0.53924,-33.6,8.61,10.71,Noise,Right
1707218039433,0.67588,-0.460184,-0.513864,-29.82,30.24,27.44,Noise,Right
1707218039478,0.606584,-0.44896,-0.611464,6.79,41.09,14.63,Noise,Right
1707218039479,0.656848,-0.331352,-0.388448,114.17,76.58,-12.46,Noise,Right
1707218039479,0.571936,-0.539728,-0.510448,89.46,93.31,-32.41,Noise,Right
1707218039528,0.22448,-0.349408,-1.258064,-130.62,22.4,28.0,Noise,Right
1707218039529,0.479704,-0.427976,-0.732488,11.97,-9.38,19.95,Noise,Right
1707218039646,0.604632,-0.419192,-0.636352,-14.0,-22.33,1.82,Noise,Right
1707218039646,0.64172,-0.549488,-0.748592,-8.19,-25.34,-1.47,Noise,Right
1707218039646,0.510448,-0.618296,-0.713456,-17.36,-25.62,-25.55,Noise,Right
1707218039646,1.109224,-0.256688,-1.405928,10.15,0.49,10.5,Noise,Right
1707218039646,0.715896,-0.598288,-0.49044,10.29,1.54,37.1,Noise,Right
1707218039646,0.531432,-0.402112,-0.560224,-23.03,9.87,8.82,Noise,Right
1707218039646,0.385032,-0.397232,-0.555832,-68.6,-1.19,4.62,Noise,Right
1707218039764,0.508008,-0.528016,-0.609024,-16.52,-10.43,3.64,Noise,Right
1707218039764,0.527528,-0.504592,-0.582184,-1.33,-23.94,-5.04,Noise,Right
1707218039765,0.540704,-0.526552,-0.53924,-5.18,-34.79,-13.86,Noise,Right
1707218039765,0.5368,-0.586088,-0.526064,-7.63,-39.27,-11.97,Noise,Right
1707218039765,0.557296,-0.589992,-0.499712,0.0,-38.85,-3.5,Noise,Right
1707218039765,0.589016,-0.56852,-0.47336,-3.99,-27.93,14.21,Noise,Right
1707218039765,0.60512,-0.442616,-0.53192,-36.82,-19.74,24.99,Noise,Right
1707218039765,0.51484,-0.379176,-0.725168,-67.97,-27.44,16.94,Noise,Right
1707218039820,0.597312,-0.415288,-0.720288,-67.41,-33.39,12.46,Noise,Right
1707218039867,0.543632,-0.491904,-0.774456,-30.45,-38.64,7.63,Noise,Right
1707218039867,0.62464,-0.483608,-0.684664,-5.39,-37.38,3.99,Noise,Right
1707218039867,0.581208,-0.508984,-0.668072,6.02,-35.35,4.9,Noise,Right
1707218039867,0.52948,-0.484584,-0.633912,16.31,-36.12,6.58,Noise,Right
1707218039867,0.545584,-0.476776,-0.572424,6.09,-36.82,8.33,Noise,Right
1707218039914,0.477264,-0.43676,-0.57096,-27.3,-37.52,9.66,Noise,Right
1707218039914,0.49044,-0.44408,-0.630984,-56.7,-35.63,14.21,Noise,Right
1707218039962,0.527528,-0.391376,-0.734928,-86.31,-33.32,20.58,Noise,Right
1707218039963,0.504592,-0.458232,-0.991616,-78.05,-31.64,17.64,Noise,Right
1707218039963,0.469456,-0.494832,-0.915488,-43.47,-28.7,14.77,Noise,Right
1707218040012,0.491416,-0.550464,-0.922808,-1.89,-23.24,7.84,Noise,Right
1707218040012,0.4514,-0.523136,-0.867664,23.73,-17.5,1.89,Noise,Right
1707218040013,0.407968,-0.512888,-0.817888,31.85,-12.95,-1.47,Noise,Right
1707218040055,0.44896,-0.565592,-0.756888,20.3,-9.52,-9.8,Noise,Right
1707218040056,0.377712,-0.529968,-0.77104,6.3,-5.95,-11.83,Noise,Right
1707218040056,0.41236,-0.542168,-0.761768,-0.98,-2.8,-10.71,Noise,Right
1707218040104,0.37576,-0.518744,-0.78324,-5.46,1.89,-11.9,Noise,Right
1707218040104,0.465064,-0.545584,-0.806176,14.35,5.25,-6.16,Noise,Right
1707218040104,0.45628,-0.452376,-0.775432,22.33,6.23,-10.71,Noise,Right
1707218040153,0.429928,-0.452376,-0.775432,20.51,5.67,-18.76,Noise,Right
1707218040153,0.5002,-0.47824,-0.7808,26.53,4.83,-23.24,Noise,Right
1707218040199,0.46604,-0.49044,-0.731024,45.29,3.15,-26.88,Noise,Right
1707218040199,0.438712,-0.487512,-0.660752,53.48,0.14,-29.19,Noise,Right
1707218040199,0.486048,-0.487512,-0.618784,51.87,-2.73,-29.19,Noise,Right
1707218040250,0.452864,-0.511912,-0.60756,43.82,-6.09,-29.89,Noise,Right
1707218040250,0.432368,-0.447984,-0.563152,40.18,-9.1,-21.49,Noise,Right
1707218040250,0.482144,-0.440664,-0.599752,27.65,-9.31,-9.24,Noise,Right
1707218040376,0.49776,-0.393816,-0.576816,4.9,-13.86,-5.95,Noise,Right
1707218040376,0.499224,-0.39284,-0.610488,-11.97,-22.19,-5.39,Noise,Right
1707218040376,0.513376,-0.413336,-0.676368,-19.6,-28.63,-5.46,Noise,Right
1707218040376,0.455792,-0.419192,-0.710528,-19.11,-35.07,-4.48,Noise,Right
1707218040376,0.464576,-0.447984,-0.700768,10.92,-41.79,-4.83,Noise,Right
1707218040376,0.554856,-0.47336,-0.697352,24.78,-43.54,-3.78,Noise,Right
1707218040376,0.51484,-0.465552,-0.737368,25.55,-38.71,0.49,Noise,Right
1707218040427,0.473848,-0.3782,-0.740784,2.94,-32.48,6.58,Noise,Right
1707218040427,0.485072,-0.350872,-0.7564,-3.22,-33.95,9.03,Noise,Right
1707218040427,0.479216,-0.439688,-0.750544,-21.0,-35.0,7.49,Noise,Right
1707218040427,0.53924,-0.480192,-0.798856,-22.4,-34.86,8.4,Noise,Right
1707218040474,0.504104,-0.486048,-0.80276,-6.86,-31.92,10.85,Noise,Right
1707218040474,0.483608,-0.481656,-0.75884,-1.54,-31.5,6.86,Noise,Right
1707218040522,0.49532,-0.504592,-0.765672,14.28,-28.63,7.0,Noise,Right
1707218040522,0.466528,-0.484584,-0.774456,15.26,-22.82,4.41,Noise,Right
1707218040523,0.443104,-0.43676,-0.779824,7.77,-18.62,4.41,Noise,Right
1707218040569,0.383568,-0.416264,-0.79788,-8.12,-17.85,0.56,Noise,Right
1707218040569,0.401624,-0.44896,-0.828136,-15.12,-15.61,2.31,Noise,Right
1707218040569,0.49776,-0.503616,-0.837896,-8.96,-12.04,1.96,Noise,Right
1707218040616,0.426024,-0.500688,-0.814472,0.63,-5.95,1.26,Noise,Right
1707218040616,0.399184,-0.450912,-0.837408,4.62,-2.1,2.03,Noise,Right
1707218040616,0.474824,-0.528992,-0.8052,32.27,3.01,5.81,Noise,Right
1707218040663,0.450424,-0.525088,-0.767624,35.21,6.37,-2.17,Noise,Right
1707218040663,0.450912,-0.479216,-0.743224,31.85,7.35,-5.95,Noise,Right
1707218040711,0.449936,-0.506056,-0.760304,6.16,3.22,-4.48,Noise,Right
1707218040711,0.4636,-0.508984,-0.793,-0.84,-0.42,-3.64,Noise,Right
1707218040711,0.4758,-0.521672,-0.813008,14.7,-1.75,-4.55,Noise,Right
1707218040761,0.46848,-0.538752,-0.81252,15.96,-2.8,-3.71,Noise,Right
1707218040761,0.479216,-0.569008,-0.82472,3.78,-3.99,4.97,Noise,Right
1707218040762,0.451888,-0.535824,-0.80032,-16.66,-6.65,15.26,Noise,Right
1707218040886,0.462624,-0.517768,-0.793,-22.54,-10.64,22.96,Noise,Right
1707218040886,0.462136,-0.481168,-0.767624,-31.64,-16.17,22.61,Noise,Right
1707218040886,0.47092,-0.478728,-0.777872,-34.86,-19.18,18.97,Noise,Right
1707218040886,0.48312,-0.481656,-0.793,-27.37,-18.97,14.42,Noise,Right
1707218040886,0.496784,-0.472384,-0.814472,-10.22,-12.04,8.68,Noise,Right
1707218040887,0.491416,-0.47092,-0.86376,3.64,0.14,3.85,Noise,Right
1707218040887,0.450912,-0.49044,-0.914024,19.74,7.77,-0.21,Noise,Right
1707218041023,0.406016,-0.501176,-0.922808,8.96,8.61,3.01,Noise,Right
1707218041023,0.394792,-0.519232,-0.917928,0.42,2.24,12.18,Noise,Right
1707218041023,0.372344,-0.507032,-0.919392,-3.92,-10.57,15.68,Noise,Right
1707218041023,0.379664,-0.51484,-0.840824,-3.71,-23.24,14.56,Noise,Right
1707218041023,0.406504,-0.503616,-0.811056,-4.69,-26.53,15.4,Noise,Right
1707218041023,0.418704,-0.506544,-0.808616,5.32,-21.98,9.66,Noise,Right
1707218041024,0.41724,-0.526552,-0.796416,16.87,-10.85,4.34,Noise,Right
1707218041024,0.388448,-0.528992,-0.796904,26.95,0.56,6.16,Noise,Right
1707218041068,0.323544,-0.504104,-0.801296,30.52,5.88,4.06,Noise,Right
1707218041068,0.272304,-0.496296,-0.770064,20.86,5.11,4.06,Noise,Right
1707218041068,0.237656,-0.488976,-0.755912,2.52,-1.82,4.97,Noise,Right
1707218041116,0.235704,-0.492392,-0.732488,-17.29,-10.57,8.26,Noise,Right
1707218041116,0.243512,-0.520696,-0.718336,-31.01,-18.62,9.73,Noise,Right
1707218041116,0.263032,-0.521184,-0.730536,-21.42,-19.53,7.7,Noise,Right
1707218041167,0.2928,-0.54656,-0.68076,1.26,-11.9,9.1,Noise,Right
1707218041168,0.298656,-0.500688,-0.678808,24.85,1.47,5.18,Noise,Right
1707218041168,0.267424,-0.477752,-0.664168,39.41,17.71,-1.12,Noise,Right
1707218041296,0.218624,-0.474336,-0.676856,36.96,26.04,-4.69,Noise,Right
1707218041296,0.171776,-0.46604,-0.6832,21.91,22.54,-5.53,Noise,Right
1707218041296,0.196176,-0.485072,-0.709064,5.25,9.17,-5.74,Noise,Right
1707218041296,0.207888,-0.540704,-0.691984,-5.6,-2.31,-4.55,Noise,Right
1707218041296,0.252784,-0.570472,-0.69296,-7.63,-13.44,0.91,Noise,Right
1707218041296,0.29036,-0.568032,-0.667584,-3.64,-17.57,4.13,Noise,Right
1707218041296,0.32696,-0.554368,-0.64416,9.17,-10.5,2.8,Noise,Right
1707218041432,0.332328,-0.518744,-0.633424,13.16,5.67,0.98,Noise,Right
1707218041433,0.298168,-0.518256,-0.678808,28.21,25.34,-6.16,Noise,Right
1707218041433,0.267424,-0.518256,-0.718336,36.26,30.66,-9.24,Noise,Right
1707218041433,0.267424,-0.515816,-0.738344,30.73,23.38,-8.05,Noise,Right
1707218041433,0.223992,-0.519232,-0.74908,13.02,3.22,-7.49,Noise,Right
1707218041433,0.274256,-0.541192,-0.762256,-3.85,-17.57,-2.87,Noise,Right
1707218041433,0.306952,-0.55632,-0.718336,-19.32,-28.49,1.61,Noise,Right
1707218041433,0.327448,-0.585112,-0.711992,-17.92,-30.59,5.46,Noise,Right
1707218041536,0.332816,-0.549,-0.697352,-8.05,-27.3,7.0,Noise,Right
1707218041536,0.342088,-0.515816,-0.687104,0.35,-16.66,-0.56,Noise,Right
1707218041536,0.332816,-0.5368,-0.693936,11.97,-1.19,-6.23,Noise,Right
1707218041536,0.321104,-0.508008,-0.732,23.66,11.62,-7.91,Noise,Right
1707218041536,0.29036,-0.494832,-0.753472,26.6,14.49,-13.3,Noise,Right
1707218041536,0.259128,-0.486536,-0.781776,16.31,6.79,-15.68,Noise,Right
1707218041538,0.290848,-0.514352,-0.810568,-1.96,-6.72,-13.86,Noise,Right
1707218041583,0.32452,-0.557784,-0.812032,-9.8,-16.73,-12.18,Noise,Right
1707218041584,0.342576,-0.582184,-0.801784,-5.04,-20.93,-6.65,Noise,Right
1707218041584,0.371856,-0.576816,-0.764208,-0.21,-22.33,-2.87,Noise,Right
1707218041636,0.380152,-0.552904,-0.735416,10.01,-16.03,-5.46,Noise,Right
1707218041636,0.379176,-0.546072,-0.724192,14.21,-3.92,-9.8,Noise,Right
1707218041636,0.375272,-0.540704,-0.74908,21.7,9.1,-11.9,Noise,Right
1707218041742,0.33672,-0.54412,-0.77836,29.47,14.0,-13.3,Noise,Right
1707218041742,0.305,-0.4758,-0.788608,26.6,4.48,-13.44,Noise,Right
1707218041743,0.292312,-0.506544,-0.8296,3.78,-14.49,-14.91,Noise,Right
1707218041743,0.289872,-0.541192,-0.827648,-4.41,-32.48,-15.75,Noise,Right
1707218041743,0.305488,-0.576328,-0.801296,-18.83,-51.59,-10.36,Noise,Right
1707218041743,0.345016,-0.574864,-0.771528,-27.23,-63.63,-4.9,Noise,Right
1707218041788,0.362584,-0.559248,-0.759816,-18.76,-60.13,-8.19,Noise,Right
1707218041788,0.379176,-0.571448,-0.751032,1.89,-40.88,-13.86,Noise,Right
1707218041788,0.364048,-0.557296,-0.77104,22.68,-18.41,-15.47,Noise,Right
1707218041833,0.329888,-0.56852,-0.787144,40.18,0.7,-16.1,Noise,Right
1707218041833,0.299144,-0.513864,-0.83448,50.47,6.37,-16.45,Noise,Right
1707218041885,0.289384,-0.490928,-0.873032,39.76,-16.73,-18.2,Noise,Right
1707218041885,0.095648,-0.45872,-0.883768,24.22,-21.56,-24.5,Noise,Right
1707218041886,0.366976,-0.5856,-0.818864,-2.1,-49.7,-26.67,Noise,Right
1707218042008,0.269376,-0.570472,-0.889136,-22.89,-85.82,-17.43,Noise,Right
1707218042009,0.301584,-0.599752,-0.824232,-31.15,-99.61,-12.04,Noise,Right
1707218042009,0.34404,-0.606096,-0.767624,-21.0,-94.71,-9.66,Noise,Right
1707218042009,0.367952,-0.57584,-0.752496,1.96,-58.87,-9.52,Noise,Right
1707218042009,0.313784,-0.53192,-0.774456,44.8,-18.69,-20.72,Noise,Right
1707218042009,0.264496,-0.540216,-0.801784,69.09,5.39,-28.07,Noise,Right
1707218042009,0.197152,-0.516792,-0.857904,65.38,3.64,-25.55,Noise,Right
1707218042052,0.144936,-0.508496,-0.874496,52.15,-17.64,-28.42,Noise,Right
1707218042052,0.04148,-0.482144,-0.912072,19.32,-63.77,-31.92,Noise,Right
1707218042052,0.269376,-0.540216,-0.83936,-19.46,-102.55,-32.9,Noise,Right
1707218042098,0.178608,-0.581696,-0.832528,-37.94,-130.06,-29.12,Noise,Right
1707218042098,0.308416,-0.646112,-0.763232,-35.42,-121.45,-27.86,Noise,Right
1707218042098,0.344528,-0.6588,-0.733952,2.87,-87.64,-29.61,Noise,Right
1707218042143,0.322568,-0.626592,-0.708088,50.82,-1.82,-31.92,Noise,Right
1707218042147,0.248392,-0.60024,-0.717848,77.63,-3.29,-32.83,Noise,Right
1707218042193,0.161528,-0.54412,-0.730536,77.7,-1.89,-31.85,Noise,Right
1707218042193,0.078568,-0.508984,-0.779336,53.34,-31.01,-32.97,Noise,Right
1707218042193,0.063928,-0.56608,-0.795928,17.78,-77.49,-35.63,Noise,Right
1707218042238,0.099064,-0.618296,-0.798368,-18.9,-126.14,-33.39,Noise,Right
1707218042238,0.166408,-0.645136,-0.737856,-53.62,-161.7,-26.74,Noise,Right
1707218042238,0.235704,-0.657824,-0.6588,-56.56,-159.25,-27.86,Noise,Right
1707218042296,0.26352,-0.586576,-0.423096,-46.9,-111.65,-34.16,Noise,Right
1707218042296,0.197152,-0.913048,-0.711016,14.98,-30.17,-40.95,Noise,Right
1707218042296,0.333792,-0.789584,-0.659776,62.93,29.4,-26.81,Noise,Right
1707218042345,0.19032,-0.620736,-0.763232,104.58,48.3,-32.76,Noise,Right
1707218042345,0.128832,-0.603656,-0.674416,114.87,37.45,-40.6,Noise,Right
1707218042345,0.127856,-0.718336,-0.664656,59.92,-3.5,-24.92,Noise,Right
1707218042398,0.141032,-0.68076,-0.485072,26.46,-28.56,-10.22,Noise,Right
1707218042398,0.318664,-0.708576,-0.315248,43.75,6.09,-25.83,Noise,Right
1707218042398,0.335744,-0.739808,-0.389912,-6.02,29.61,-12.81,Noise,Right
1707218042519,0.280112,-0.59048,-0.532896,-50.26,18.2,-11.48,Noise,Right
1707218042519,0.26108,-0.513864,-0.60512,-57.82,6.72,-12.46,Noise,Right
1707218042520,0.272792,-0.530456,-0.635864,-58.31,-2.8,-9.66,Noise,Right
1707218042520,0.249368,-0.639768,-0.658312,-21.35,-7.35,-7.7,Noise,Right
1707218042520,0.213256,-0.589016,-0.55632,-1.12,-12.81,-2.17,Noise,Right
1707218042520,0.146888,-0.553392,-0.46116,4.27,-22.33,-0.63,Noise,Right
1707218042520,0.11712,-0.569984,-0.386008,-24.57,-30.8,8.33,Noise,Right
1707218042566,0.298168,-0.728096,-0.35136,-66.08,-31.71,23.38,Noise,Right
1707218042567,0.089304,-0.623176,-0.381128,-147.63,-58.31,66.92,Noise,Right
1707218042567,0.195688,-0.534848,-0.318664,-113.54,-31.71,76.23,Noise,Right
1707218042614,0.142984,-0.457256,-0.347944,-110.67,25.27,90.02,Noise,Right
1707218042614,0.053192,-0.419192,-0.524112,-85.82,88.06,100.94,Noise,Right
1707218042614,-0.00976,-0.473848,-0.630984,-8.05,125.93,111.93,Noise,Right
1707218042656,-0.061488,-0.38308,-0.66124,13.93,135.8,132.72,Noise,Right
1707218042656,-0.071248,-0.274744,-0.640256,-32.27,131.04,150.5,Noise,Right
1707218042711,-0.00244,-0.195688,-0.691984,-49.84,127.12,145.95,Noise,Right
1707218042711,-0.121024,-0.25864,-0.685152,-65.38,131.18,128.66,Noise,Right
1707218042711,0.070272,-0.154208,-0.760304,-41.86,140.63,134.68,Noise,Right
1707218042829,0.372344,-0.232288,-0.985272,-69.79,131.25,141.47,Noise,Right
1707218042829,0.249368,-0.36112,-1.170224,-49.35,114.87,112.28,Noise,Right
1707218042829,0.12444,-0.41968,-1.17852,-4.2,102.2,67.83,Noise,Right
1707218042829,0.157624,-0.364048,-1.044808,25.34,81.69,62.51,Noise,Right
1707218042829,0.122,-0.327448,-1.007232,-1.26,42.28,86.17,Noise,Right
1707218042829,0.073688,-0.188368,-0.966728,-56.84,4.69,92.33,Noise,Right
1707218042829,-0.042944,-0.220088,-0.982832,-41.51,5.25,94.64,Noise,Right
1707218042876,0.432856,0.00488,-1.035536,-28.91,12.6,86.24,Noise,Right
1707218042876,0.390888,-0.372344,-1.202432,88.27,39.06,68.67,Noise,Right
1707218042876,0.215208,-0.935984,-1.220488,133.0,58.8,-6.37,Noise,Right
1707218042927,0.304512,-0.854976,-1.175592,33.74,36.75,-23.87,Noise,Right
1707218042927,0.26352,-0.615368,-1.113128,-32.69,-10.43,24.64,Noise,Right
1707218042927,0.224968,-0.465064,-1.095072,-44.66,-33.04,56.42,Noise,Right
1707218042975,0.1952,-0.37576,-0.964776,-68.32,-37.8,48.79,Noise,Right
1707218042975,0.226432,-0.386008,-0.911584,-35.28,-29.96,15.96,Noise,Right
1707218042975,0.340624,-0.478728,-0.926712,21.56,-3.64,-11.76,Noise,Right
1707218043022,0.379664,-0.572424,-0.976976,61.95,16.24,-23.73,Noise,Right
1707218043022,0.336232,-0.625128,-1.118984,98.63,24.78,-21.63,Noise,Right
1707218043022,0.242048,-0.750544,-1.008208,94.22,21.77,-8.26,Noise,Right
1707218043071,0.248392,-0.696864,-0.88328,22.61,-3.71,20.16,Noise,Right
1707218043072,0.218624,-0.571448,-0.789096,-39.76,-32.76,47.81,Noise,Right
1707218043072,0.241072,-0.494344,-0.776408,-43.68,-27.3,56.42,Noise,Right
1707218043175,0.274256,-0.521672,-0.745664,1.26,-6.93,43.33,Noise,Right
1707218043176,0.258152,-0.610976,-0.8052,53.34,11.13,13.16,Noise,Right
1707218043176,0.255712,-0.597312,-0.866688,84.98,18.55,-35.07,Noise,Right
1707218043176,0.222528,-0.66124,-0.862784,98.63,12.32,-22.82,Noise,Right
1707218043176,0.19764,-0.7198,-0.794952,61.95,-2.94,-3.85,Noise,Right
1707218043176,0.166896,-0.629032,-0.716384,-23.31,-19.46,21.14,Noise,Right
1707218043220,0.150792,-0.491416,-0.709552,-48.58,-28.91,29.12,Noise,Right
1707218043220,0.16592,-0.421144,-0.688568,-19.39,-24.43,19.74,Noise,Right
1707218043221,0.262056,-0.523136,-0.720776,41.93,-12.6,0.28,Noise,Right
1707218043270,0.116144,-0.391864,-0.819352,-45.71,-45.29,17.36,Noise,Right
1707218043270,0.133224,-0.671,-0.904264,3.15,-43.33,13.86,Noise,Right
1707218043318,0.102968,-0.704672,-0.901336,9.03,-30.59,6.86,Noise,Right
1707218043319,0.145912,-0.604144,-0.862784,-26.95,-12.39,2.24,Noise,Right
1707218043319,0.156648,-0.483608,-0.779824,-41.51,-4.13,8.82,Noise,Right
1707218043441,0.163968,-0.441152,-0.791048,-45.78,-4.83,15.47,Noise,Right
1707218043441,0.09516,-0.46116,-0.788608,-47.81,-8.12,20.58,Noise,Right
1707218043441,0.115656,-0.496296,-0.808128,-47.67,-14.84,21.49,Noise,Right
1707218043441,0.118584,-0.55876,-0.812032,-27.79,-21.14,20.79,Noise,Right
1707218043441,0.142496,-0.606584,-0.919392,30.45,-29.68,12.74,Noise,Right
1707218043441,0.069784,-0.631472,-0.847656,95.27,-31.22,4.13,Noise,Right
1707218043441,0.105896,-0.564616,-0.843264,57.68,-23.31,-3.99,Noise,Right
1707218043483,0.072224,-0.470432,-0.828136,37.52,-19.95,-4.48,Noise,Right
1707218043483,0.061976,-0.503616,-0.81008,-10.43,-2.87,-0.56,Noise,Right
1707218043484,0.022448,-0.528992,-0.770552,-74.97,9.87,1.68,Noise,Right
1707218043531,0.065392,-0.515816,-0.839848,-121.03,16.87,3.08,Noise,Right
1707218043531,0.121024,-0.508008,-0.832528,-106.26,13.16,0.56,Noise,Right
1707218043531,0.125416,-0.52216,-0.828624,-102.13,12.39,-0.77,Noise,Right
1707218043578,0.097112,-0.48068,-0.85156,-128.66,14.77,-3.29,Noise,Right
1707218043578,0.166896,-0.062952,-1.203408,-165.62,18.2,-4.76,Noise,Right
1707218043578,0.096624,-0.40992,-0.928664,1.96,-6.3,-2.66,Noise,Right
1707218043626,0.097112,-0.396256,-0.884256,2.45,-4.06,-2.52,Noise,Right
1707218043626,0.100528,-0.39772,-0.898896,2.1,-3.85,-2.73,Noise,Right
1707218043673,0.093696,-0.387472,-0.8906,2.24,-4.06,-2.8,Noise,Right
1707218043673,0.101504,-0.397232,-0.894992,2.24,-3.99,-2.73,Noise,Right
1707218043673,0.0976,-0.40016,-0.891576,2.59,-4.13,-2.73,Noise,Right
1707218043726,0.096624,-0.393328,-0.890112,2.17,-4.13,-2.66,Noise,Right
1707218043726,0.094184,-0.399184,-0.896456,2.45,-4.06,-2.8,Noise,Right
1707218043727,0.098088,-0.398696,-0.894016,2.45,-4.13,-2.59,Noise,Right
1707218043849,0.100528,-0.397232,-0.892064,1.96,-4.27,-2.73,Noise,Right
1707218043849,0.097112,-0.401624,-0.8906,2.31,-4.06,-2.8,Noise,Right
1707218043850,0.09516,-0.402112,-0.889624,2.24,-4.06,-2.94,Noise,Right
1707218043850,0.098576,-0.394304,-0.894992,2.38,-4.06,-2.73,Noise,Right
1707218043850,0.09516,-0.39284,-0.893528,2.31,-4.13,-2.73,Noise,Right
1707218043850,0.096136,-0.401624,-0.898408,2.17,-3.85,-2.66,Noise,Right
1707218043850,0.089792,-0.394792,-0.899384,2.45,-4.06,-2.73,Noise,Right
1707218043985,0.099064,-0.388448,-0.901824,2.31,-3.99,-2.73,Noise,Right
1707218043986,0.097112,-0.394304,-0.900848,2.31,-3.92,-2.66,Noise,Right
1707218043986,0.094672,-0.398696,-0.88816,2.59,-3.85,-2.66,Noise,Right
1707218043986,0.093696,-0.393328,-0.89548,2.24,-4.13,-2.66,Noise,Right
1707218043986,0.097112,-0.40016,-0.889624,2.45,-4.06,-2.8,Noise,Right
1707218043986,0.100528,-0.393328,-0.892552,2.38,-3.99,-2.8,Noise,Right
1707218043986,0.094184,-0.394792,-0.896944,2.45,-3.99,-2.8,Noise,Right
1707218043986,0.094184,-0.396256,-0.894016,2.31,-4.13,-2.73,Noise,Right
1707218044035,0.093208,-0.392352,-0.885232,2.38,-3.99,-2.66,Noise,Right
1707218044035,0.090768,-0.406016,-0.904752,3.01,-4.69,-2.38,Noise,Right
1707218044035,0.105408,-0.375272,-0.865712,1.19,-3.57,-3.08,Noise,Right
1707218044155,0.103944,-0.371368,-0.875472,2.03,-3.08,-3.08,Noise,Right
1707218044155,0.113216,-0.372344,-0.862784,1.61,-3.29,-2.94,Noise,Right
1707218044155,0.099552,-0.39528,-0.906216,1.4,-4.2,-2.38,Noise,Right
1707218044155,0.086376,-0.38796,-0.886208,2.31,-4.06,-2.66,Noise,Right
1707218044155,0.098088,-0.391376,-0.886208,2.17,-3.71,-2.73,Noise,Right
1707218044155,0.096136,-0.403088,-0.897432,2.59,-4.13,-2.87,Noise,Right
1707218044155,0.099064,-0.388448,-0.881816,2.03,-3.78,-2.73,Noise,Right
1707218059581,0.554368,-0.145912,-0.809592,-1.68,-0.77,-2.31,Noise,Right
1707218059582,0.56364,-0.142984,-0.804712,-1.61,-0.84,-2.38,Noise,Right
1707218059628,0.568032,-0.14884,-0.808616,-1.26,-1.19,-2.24,Noise,Right
1707218059628,0.573888,-0.138592,-0.809104,-1.33,-0.98,-2.94,Noise,Right
1707218059628,0.564128,-0.156648,-0.80276,5.04,-2.87,-11.27,Noise,Right
1707218059686,0.551928,-0.152256,-0.812032,2.38,-1.96,-8.19,Noise,Right
1707218059689,0.552904,-0.146888,-0.808128,-1.33,-0.84,-2.59,Noise,Right
1707218059690,0.555344,-0.142496,-0.80764,-1.68,-0.35,-3.85,Noise,Right
1707218059735,0.552904,-0.140056,-0.808616,-0.49,-0.21,-6.44,Noise,Right
1707218059736,0.562664,-0.147864,-0.81008,0.42,-1.26,-4.27,Noise,Right
1707218059736,0.56364,-0.149816,-0.81008,1.26,-2.03,-4.9,Noise,Right
1707218059736,0.559248,-0.14884,-0.804712,-0.63,-0.42,-7.07,Noise,Right
1707218059781,0.570472,-0.131272,-0.79544,3.15,-2.45,-9.8,Noise,Right
1707218059782,0.560712,-0.147864,-0.811544,9.52,-3.92,-18.62,Noise,Right
1707218059828,0.556808,-0.150792,-0.81008,7.42,-4.34,-9.73,Noise,Right
1707218059829,0.552904,-0.154696,-0.813984,1.12,-1.19,-3.43,Noise,Right
1707218059829,0.549488,-0.150304,-0.820328,-1.75,-0.98,-1.96,Noise,Right
1707218059881,0.557784,-0.15616,-0.813496,-1.68,-0.42,-2.38,Noise,Right
1707218059882,0.554368,-0.16836,-0.81252,-1.47,-0.63,-2.59,Noise,Right
1707218059882,0.565104,-0.14396,-0.809592,-3.22,0.77,-5.81,Noise,Right
1707218059940,0.559736,-0.148352,-0.80764,-2.03,0.42,-6.93,Noise,Right
1707218059940,0.560712,-0.123464,-0.8174,-4.41,1.33,-3.85,Noise,Right
1707218059940,0.540704,-0.17324,-0.80764,-7.14,2.03,-0.35,Noise,Right
1707218059985,0.557784,-0.142008,-0.805688,-1.61,-0.56,-2.24,Noise,Right
1707218059985,0.567056,-0.142496,-0.804224,-0.35,-1.89,-1.61,Noise,Right
1707218059986,0.571936,-0.150304,-0.804224,0.7,-2.31,-0.63,Noise,Right
1707218060031,0.564616,-0.145424,-0.811544,1.26,-2.8,-0.42,Noise,Right
1707218060032,0.559248,-0.145912,-0.813008,0.63,-2.45,-0.7,Noise,Right
1707218060032,0.558272,-0.155672,-0.808128,0.35,-1.96,-0.91,Noise,Right
1707218060079,0.554856,-0.153232,-0.808128,-0.49,-1.47,-1.33,Noise,Right
1707218060079,0.551928,-0.142984,-0.811056,-1.33,-0.91,-2.17,Noise,Right
1707218060079,0.574376,-0.10492,-0.796416,-2.52,-0.35,-0.84,Noise,Right
1707218060126,0.552416,-0.155672,-0.811544,-0.98,-1.47,-1.47,Noise,Right
1707218060126,0.57828,-0.145912,-0.81496,-1.33,-1.05,-2.1,Noise,Right
1707218060126,0.567544,-0.154696,-0.863272,-1.33,-0.7,-2.24,Noise,Right
1707218060174,0.55388,-0.158112,-0.793488,-1.4,-1.33,-1.96,Noise,Right
1707218060174,0.55144,-0.149328,-0.806664,-1.68,-0.77,-2.31,Noise,Right
1707218060277,0.562176,-0.138104,-0.815936,-1.47,-0.7,-2.38,Noise,Right
1707218060277,0.559248,-0.147864,-0.813008,-1.75,-0.7,-2.45,Noise,Right
1707218060277,0.569008,-0.14152,-0.808128,-1.4,-0.42,-2.17,Noise,Right
1707218060277,0.542168,-0.2074,-0.800808,-7.7,0.91,1.75,Noise,Right
1707218060277,0.562664,-0.165432,-0.796416,-2.1,-1.33,-0.77,Noise,Right
1707218060277,0.567056,-0.149328,-0.810568,-0.49,-1.47,-1.96,Noise,Right
1707218060328,0.560224,-0.143472,-0.804712,-1.26,-0.77,-2.31,Noise,Right
1707218060328,0.55632,-0.155184,-0.811056,-1.4,-0.56,-2.31,Noise,Right
1707218060329,0.550464,-0.154208,-0.813008,-1.26,-0.91,-2.31,Noise,Right
1707218060376,0.559736,-0.141032,-0.808128,-1.4,-1.12,-2.31,Noise,Right
1707218060376,0.558272,-0.147376,-0.809104,-1.61,-0.7,-2.52,Noise,Right
1707218060376,0.554856,-0.15372,-0.81008,-1.4,-0.63,-2.38,Noise,Right
1707218060422,0.556808,-0.148352,-0.81496,-1.61,-0.7,-2.31,Noise,Right
1707218060423,0.559736,-0.146888,-0.808616,-1.47,-1.05,-2.31,Noise,Right
1707218060423,0.5612,-0.145912,-0.806664,-1.4,-0.77,-2.38,Noise,Right
1707218060468,0.559248,-0.14396,-0.799344,-1.12,-0.7,-2.17,Noise,Right
1707218060468,0.560712,-0.149816,-0.806664,-1.47,-0.91,-2.45,Noise,Right
1707218060469,0.56364,-0.149816,-0.811056,-1.33,-0.84,-2.31,Noise,Right
1707218060521,0.559248,-0.157136,-0.805688,-1.26,-1.12,-2.17,Noise,Right
1707218060521,0.55632,-0.150792,-0.810568,-1.61,-0.91,-2.31,Noise,Right
1707218060635,0.555832,-0.145912,-0.80276,-1.47,-0.98,-2.45,Noise,Right
1707218060635,0.555344,-0.144936,-0.809104,-1.33,-0.77,-2.45,Noise,Right
1707218060635,0.552416,-0.147376,-0.805688,-1.54,-0.77,-2.38,Noise,Right
1707218060635,0.557296,-0.154208,-0.813008,-1.47,-0.63,-2.38,Noise,Right
1707218060635,0.560712,-0.147864,-0.811544,-1.05,-0.91,-2.38,Noise,Right
1707218060636,0.561688,-0.151768,-0.806176,-1.68,-0.77,-2.24,Noise,Right
1707218060636,0.556808,-0.14884,-0.813008,-1.33,-0.91,-2.59,Noise,Right
1707218060685,0.556808,-0.151768,-0.803736,-1.47,-0.84,-2.24,Noise,Right
1707218060685,0.565104,-0.149816,-0.807152,-1.19,-0.84,-2.24,Noise,Right
1707218060685,0.557784,-0.148352,-0.81008,-1.33,-0.84,-2.31,Noise,Right
1707218060746,0.561688,-0.148352,-0.809104,-1.26,-1.4,-2.31,Noise,Right
1707218060746,0.550952,-0.144448,-0.806664,-1.4,-1.75,-2.03,Noise,Right
1707218060751,0.556808,-0.151768,-0.809104,-1.33,-0.7,-2.24,Noise,Right
1707218060779,0.560712,-0.152256,-0.813984,-1.61,-0.42,-2.52,Noise,Right
1707218060779,0.55388,-0.157136,-0.812032,-1.82,0.91,-2.73,Noise,Right
1707218060779,0.559736,-0.144936,-0.808128,-1.96,-0.56,-2.66,Noise,Right
1707218060831,0.55632,-0.144936,-0.8052,-0.98,-0.98,-2.31,Noise,Right
1707218060831,0.55876,-0.144448,-0.801784,-1.54,-0.77,-2.31,Noise,Right
1707218060831,0.560712,-0.149816,-0.804712,-1.26,-0.7,-2.31,Noise,Right
1707218060960,0.562664,-0.150304,-0.81008,-1.4,-1.05,-2.17,Noise,Right
1707218060960,0.560224,-0.152744,-0.813496,-1.19,-0.77,-2.24,Noise,Right
1707218060960,0.559736,-0.149816,-0.808616,-1.19,-0.84,-2.24,Noise,Right
1707218060960,0.557784,-0.148352,-0.804224,-1.54,-1.05,-2.24,Noise,Right
1707218060960,0.554856,-0.14396,-0.804224,-1.47,-1.54,-2.31,Noise,Right
1707218060960,0.5612,-0.150304,-0.811056,-1.4,-1.05,-2.17,Noise,Right
1707218060960,0.555832,-0.149816,-0.809104,-1.33,-1.26,-2.24,Noise,Right
1707218061012,0.557784,-0.153232,-0.815448,-1.61,-0.77,-2.31,Noise,Right
1707218061012,0.552904,-0.144936,-0.805688,-1.4,-0.77,-2.45,Noise,Right
1707218061012,0.559736,-0.149328,-0.808128,-1.47,-0.14,-2.59,Noise,Right
1707218061012,0.559736,-0.146888,-0.804712,-1.4,-0.56,-2.31,Noise,Right
1707218061058,0.557784,-0.150304,-0.811544,-1.33,-1.19,-2.17,Noise,Right
1707218061058,0.5612,-0.147864,-0.806176,-1.47,-1.75,-2.17,Noise,Right
1707218061104,0.55144,-0.145424,-0.802272,-1.26,-1.61,-2.1,Noise,Right
1707218061105,0.557784,-0.155184,-0.81008,-1.47,-1.05,-2.31,Noise,Right
1707218061105,0.549,-0.145912,-0.809104,-1.47,-0.49,-2.38,Noise,Right
1707218061152,0.552416,-0.14396,-0.808128,-1.61,-0.42,-2.24,Noise,Right
1707218061152,0.55876,-0.147864,-0.810568,-1.47,-0.35,-2.52,Noise,Right
1707218061153,0.554856,-0.150304,-0.804712,-1.4,-0.7,-2.31,Noise,Right
1707218061199,0.557784,-0.14884,-0.811056,-1.61,-1.05,-2.31,Noise,Right
1707218061199,0.560712,-0.14396,-0.807152,-1.33,-1.05,-2.24,Noise,Right
1707218061199,0.554856,-0.149816,-0.811056,-1.54,-1.05,-2.31,Noise,Right
1707218061245,0.55144,-0.14884,-0.807152,-1.26,-1.19,-2.38,Noise,Right
1707218061246,0.55876,-0.147376,-0.804712,-1.4,-0.84,-2.17,Noise,Right
1707218061292,0.55876,-0.145912,-0.811056,-1.4,-0.77,-2.31,Noise,Right
1707218061292,0.55388,-0.147376,-0.807152,-1.19,-1.12,-2.17,Noise,Right
1707218061293,0.555344,-0.155184,-0.810568,-1.33,-1.47,-2.31,Noise,Right
1707218061341,0.554856,-0.150304,-0.806176,-1.54,-1.05,-2.24,Noise,Right
1707218061341,0.557784,-0.149816,-0.807152,-1.61,-0.56,-2.45,Noise,Right
1707218061341,0.552416,-0.142496,-0.809592,-1.4,-0.14,-2.52,Noise,Right
1707218061384,0.559736,-0.15128,-0.808128,-1.4,0.28,-2.66,Noise,Right
1707218061384,0.565592,-0.144936,-0.809104,-1.54,1.19,-2.73,Noise,Right
1707218061384,0.55632,-0.149328,-0.809104,-1.61,-0.7,-2.38,Noise,Right
1707218061440,0.558272,-0.150304,-0.81008,-1.26,-0.91,-2.45,Noise,Right
1707218061441,0.561688,-0.148352,-0.810568,-1.47,-1.19,-2.24,Noise,Right
1707218061496,0.551928,-0.147864,-0.808128,-1.26,-1.75,-2.03,Noise,Right
1707218061497,0.553392,-0.154696,-0.813008,-1.47,-1.54,-2.03,Noise,Right
1707218061498,0.550952,-0.15128,-0.809104,-1.4,-2.24,-1.89,Noise,Right
1707218061498,0.55144,-0.144448,-0.804224,-1.61,-2.1,-1.96,Noise,Right
1707218061611,0.554856,-0.142496,-0.808616,-1.96,0.42,-2.45,Noise,Right
1707218061611,0.568032,-0.144936,-0.81252,-1.47,1.68,-2.87,Noise,Right
1707218061611,0.560224,-0.15616,-0.809104,-1.61,1.68,-3.08,Noise,Right
1707218061611,0.556808,-0.150304,-0.81496,-1.61,-0.49,-2.45,Noise,Right
1707218061612,0.565104,-0.138104,-0.808128,-1.33,-1.05,-2.24,Noise,Right
1707218061612,0.554368,-0.142008,-0.811056,-1.26,-1.89,-2.1,Noise,Right
1707218061666,0.611464,-0.056608,-0.772016,-2.66,-1.05,-0.7,Noise,Right
1707218061667,0.5124,-0.193248,-0.82716,-7.07,0.98,6.02,Noise,Right
1707218061667,0.554368,-0.152256,-0.815448,-1.89,-1.12,-1.12,Noise,Right
1707218061667,0.552416,-0.147864,-0.807152,-1.4,-0.56,-2.03,Noise,Right
1707218061726,0.55388,-0.15128,-0.80764,-1.75,0.0,-2.8,Noise,Right
1707218061726,0.555344,-0.148352,-0.811544,-1.61,-0.21,-2.66,Noise,Right
1707218061726,0.556808,-0.144448,-0.801784,-1.47,-0.21,-2.45,Noise,Right
1707218061771,0.564128,-0.138104,-0.8052,-1.54,0.28,-2.38,Noise,Right
1707218061771,0.560712,-0.150304,-0.81008,-1.33,-0.7,-2.31,Noise,Right
1707218061771,0.563152,-0.145912,-0.80276,-1.4,-0.91,-2.17,Noise,Right
1707218061819,0.559248,-0.146888,-0.808616,-1.19,-0.91,-2.24,Noise,Right
1707218061819,0.555832,-0.150792,-0.808128,-1.26,-1.05,-2.17,Noise,Right
1707218061819,0.55876,-0.15372,-0.810568,-1.68,-0.84,-2.38,Noise,Right
1707218061864,0.562664,-0.147376,-0.812032,-1.26,-1.4,-2.17,Noise,Right
1707218061864,0.555344,-0.147376,-0.805688,-1.47,-1.19,-2.31,Noise,Right
1707218061913,0.562176,-0.144936,-0.802272,-1.4,-1.05,-2.24,Noise,Right
1707218061913,0.561688,-0.14884,-0.810568,-1.26,-1.26,-2.31,Noise,Right
1707218061913,0.55632,-0.150304,-0.80276,-1.4,-0.63,-2.45,Noise,Right
1707218062019,0.55632,-0.150792,-0.811056,-1.96,-0.07,-2.66,Noise,Right
1707218062019,0.557296,-0.154208,-0.810568,-1.47,-0.49,-2.31,Noise,Right
1707218062019,0.559248,-0.145912,-0.809592,-1.26,-1.33,-2.1,Noise,Right
1707218062020,0.557296,-0.15128,-0.811056,-1.47,-0.7,-2.45,Noise,Right
1707218062020,0.559248,-0.151768,-0.815448,-1.54,-0.56,-2.24,Noise,Right
1707218062020,0.555832,-0.150304,-0.813008,-1.4,-1.05,-2.38,Noise,Right
1707218062020,0.555344,-0.146888,-0.8052,-1.33,-1.05,-2.38,Noise,Right
1707218062066,0.559248,-0.145424,-0.803248,-1.54,-0.98,-2.31,Noise,Right
1707218062066,0.556808,-0.149816,-0.809592,-1.54,-1.33,-2.45,Noise,Right
1707218062111,0.555344,-0.150304,-0.813496,-1.47,-1.12,-2.38,Noise,Right
1707218062111,0.558272,-0.151768,-0.811056,-1.4,-0.21,-2.45,Noise,Right
1707218062111,0.558272,-0.147376,-0.809104,-1.33,0.49,-2.66,Noise,Right
1707218062160,0.565592,-0.149328,-0.810568,-1.33,0.21,-2.1,Noise,Right
1707218062161,0.563152,-0.152256,-0.812032,-1.33,-1.54,-2.31,Noise,Right
1707218062161,0.550952,-0.148352,-0.806664,-1.4,-1.61,-2.1,Noise,Right
1707218062206,0.55632,-0.154696,-0.808616,-1.05,-1.33,-2.17,Noise,Right
1707218062206,0.557784,-0.154696,-0.810568,-1.26,-0.98,-2.24,Noise,Right
1707218062256,0.552416,-0.144936,-0.804712,-1.47,-0.7,-2.45,Noise,Right
1707218062256,0.559736,-0.150304,-0.806664,-1.26,-0.98,-2.31,Noise,Right
1707218062257,0.55876,-0.153232,-0.81008,-1.33,-1.89,-2.31,Noise,Right
1707218062334,0.55876,-0.150792,-0.808616,-1.68,-3.22,-2.03,Noise,Right
1707218062338,0.55876,-0.1464,-0.806176,-1.54,-2.31,-2.24,Noise,Right
1707218062338,0.552416,-0.142496,-0.80764,-1.4,0.56,-2.66,Noise,Right
1707218062338,0.551928,-0.145912,-0.805688,-1.26,4.2,-3.01,Noise,Right
1707218062373,0.548512,-0.151768,-0.806176,-1.54,0.91,-2.8,Noise,Right
1707218062373,0.554856,-0.147376,-0.809104,-1.54,-0.7,-2.31,Noise,Right
1707218062373,0.560224,-0.146888,-0.8052,-1.47,-1.12,-2.24,Noise,Right
1707218062421,0.552416,-0.142984,-0.808128,-1.05,-3.01,-1.54,Noise,Right
1707218062421,0.55632,-0.145424,-0.80276,-1.12,-1.82,-2.1,Noise,Right
1707218062421,0.5612,-0.147864,-0.808616,-1.61,-1.89,-2.24,Noise,Right
1707218062466,0.559248,-0.150304,-0.812032,-1.61,-1.33,-2.31,Noise,Right
1707218062468,0.5612,-0.14884,-0.81008,-1.75,-1.19,-2.1,Noise,Right
1707218062468,0.550464,-0.142496,-0.80764,-1.47,-1.05,-2.45,Noise,Right
1707218062514,0.550464,-0.1464,-0.809592,-1.33,0.56,-2.52,Noise,Right
1707218062514,0.56364,-0.145912,-0.808616,-1.68,1.82,-2.8,Noise,Right
1707218062514,0.55876,-0.153232,-0.808128,-1.54,0.63,-2.73,Noise,Right
1707218062567,0.561688,-0.14884,-0.81008,-1.26,-0.77,-2.45,Noise,Right
1707218062567,0.5612,-0.147864,-0.804712,-1.4,-0.91,-2.24,Noise,Right
1707218062631,0.55876,-0.146888,-0.804712,-1.26,-2.38,-2.03,Noise,Right
1707218062632,0.561688,-0.151768,-0.811544,-1.26,-2.03,-1.96,Noise,Right
1707218062632,0.558272,-0.15372,-0.811544,-1.33,-1.19,-2.1,Noise,Right
1707218062632,0.55632,-0.152744,-0.810568,-1.54,-0.7,-2.31,Noise,Right
1707218062632,0.554368,-0.143472,-0.806664,-1.4,-0.49,-2.38,Noise,Right
1707218062685,0.559248,-0.148352,-0.808616,-1.19,-0.77,-2.38,Noise,Right
1707218062685,0.557784,-0.153232,-0.812032,-1.26,-0.77,-2.38,Noise,Right
1707218062686,0.558272,-0.150304,-0.812032,-1.54,-0.7,-2.38,Noise,Right
1707218062735,0.5612,-0.150304,-0.812032,-1.12,-1.12,-2.24,Noise,Right
1707218062735,0.558272,-0.149816,-0.81496,-1.47,-1.05,-2.31,Noise,Right
1707218062735,0.558272,-0.150304,-0.806664,-1.47,-0.7,-2.38,Noise,Right
1707218062837,0.555344,-0.149816,-0.808128,-1.4,-0.63,-2.31,Noise,Right
1707218062837,0.55876,-0.148352,-0.811056,-1.33,-1.05,-2.17,Noise,Right
1707218062837,0.551928,-0.147864,-0.809104,-1.61,-0.98,-2.31,Noise,Right
1707218062837,0.557296,-0.14884,-0.812032,-1.47,-0.98,-2.24,Noise,Right
1707218062838,0.55876,-0.150792,-0.810568,-1.54,-2.45,-2.31,Noise,Right
1707218062838,0.55876,-0.149816,-0.813496,-1.61,-2.45,-1.96,Noise,Right
1707218062888,0.550464,-0.149816,-0.807152,-1.54,-3.5,-1.89,Noise,Right
1707218062888,0.549488,-0.145424,-0.806176,-1.68,-1.96,-2.17,Noise,Right
1707218062888,0.555344,-0.149816,-0.808616,-1.47,-0.14,-2.45,Noise,Right
1707218062938,0.55388,-0.148352,-0.805688,-0.98,1.61,-2.73,Noise,Right
1707218062938,0.557296,-0.152256,-0.810568,-1.26,2.8,-2.87,Noise,Right
1707218063041,0.556808,-0.152744,-0.809104,-1.33,-0.28,-2.52,Noise,Right
1707218063041,0.559248,-0.154696,-0.810568,-1.4,-1.26,-2.24,Noise,Right
1707218063041,0.560712,-0.147376,-0.813008,-1.54,-1.68,-2.17,Noise,Right
1707218063041,0.553392,-0.146888,-0.806664,-1.61,-2.38,-2.17,Noise,Right
1707218063041,0.552416,-0.146888,-0.806664,-1.4,-1.75,-2.24,Noise,Right
1707218063092,0.555344,-0.152256,-0.810568,-1.26,-0.7,-2.59,Noise,Right
1707218063093,0.555832,-0.154696,-0.81252,-1.4,-0.35,-2.45,Noise,Right
1707218063093,0.555832,-0.151768,-0.812032,-1.54,-0.35,-2.31,Noise,Right
1707218063143,0.552904,-0.147376,-0.808128,-1.61,-0.7,-2.38,Noise,Right
1707218063143,0.554856,-0.155184,-0.811056,-1.4,-1.54,-2.38,Noise,Right
1707218063143,0.554856,-0.149816,-0.809592,-1.33,-1.89,-2.17,Noise,Right
1707218063248,0.55388,-0.14884,-0.809592,-1.4,-1.89,-2.31,Noise,Right
1707218063248,0.55388,-0.145424,-0.810568,-1.61,-1.4,-2.31,Noise,Right
1707218063248,0.553392,-0.146888,-0.80764,-1.61,-1.12,-2.31,Noise,Right
1707218063248,0.549488,-0.142984,-0.808616,-1.54,-1.19,-2.17,Noise,Right
1707218063249,0.560224,-0.144936,-0.804224,-1.61,-1.4,-2.24,Noise,Right
1707218063249,0.554856,-0.151768,-0.808616,-1.61,-1.54,-2.24,Noise,Right
1707218063292,0.55144,-0.144448,-0.808128,-1.4,-0.91,-2.17,Noise,Right
1707218063292,0.54656,-0.145912,-0.809592,-1.54,-0.35,-2.52,Noise,Right
1707218063292,0.549488,-0.146888,-0.809592,-1.4,0.84,-2.45,Noise,Right
1707218063341,0.552416,-0.152256,-0.810568,-1.4,0.98,-2.59,Noise,Right
1707218063341,0.558272,-0.150304,-0.815936,-1.4,0.7,-2.59,Noise,Right
1707218063341,0.55632,-0.149816,-0.807152,-1.54,-0.21,-2.59,Noise,Right
1707218063389,0.557784,-0.15372,-0.809592,-1.33,-1.61,-2.31,Noise,Right
1707218063392,0.559736,-0.152256,-0.809592,-1.68,-1.75,-2.38,Noise,Right
1707218063509,0.554368,-0.15128,-0.809592,-1.54,-1.47,-2.38,Noise,Right
1707218063510,0.555344,-0.146888,-0.810568,-1.33,-1.54,-2.24,Noise,Right
1707218063510,0.549976,-0.142984,-0.81008,-1.54,-0.21,-2.38,Noise,Right
1707218063510,0.556808,-0.15128,-0.813496,-1.47,1.61,-2.59,Noise,Right
1707218063510,0.564128,-0.151768,-0.812032,-1.47,0.84,-2.66,Noise,Right
1707218063510,0.563152,-0.149328,-0.812032,-1.89,0.56,-2.73,Noise,Right
1707218063510,0.560224,-0.149328,-0.811056,-1.47,-1.47,-2.31,Noise,Right
1707218063558,0.55388,-0.1464,-0.803736,-1.19,-2.31,-1.89,Noise,Right
1707218063558,0.5612,-0.149816,-0.813496,-1.54,-4.34,-1.75,Noise,Right
1707218063558,0.55632,-0.152256,-0.8174,-1.54,-4.62,-1.61,Noise,Right
1707218063603,0.549976,-0.147376,-0.811056,-1.96,-3.71,-1.82,Noise,Right
1707218063603,0.54656,-0.149816,-0.809592,-1.47,-1.61,-2.31,Noise,Right
1707218063603,0.554368,-0.149816,-0.809104,-1.61,0.98,-2.59,Noise,Right
1707218063653,0.548512,-0.14396,-0.80764,-1.54,2.17,-2.59,Noise,Right
1707218063653,0.549976,-0.142984,-0.808616,-1.12,2.52,-2.73,Noise,Right
1707218063653,0.560712,-0.147864,-0.812032,-1.26,2.1,-2.66,Noise,Right
1707218063760,0.556808,-0.147864,-0.804712,-1.05,-0.14,-2.66,Noise,Right
1707218063760,0.555344,-0.147376,-0.809592,-1.47,-0.91,-2.38,Noise,Right
1707218063760,0.557784,-0.150792,-0.815448,-1.26,-1.05,-2.24,Noise,Right
1707218063760,0.55632,-0.155672,-0.81252,-1.82,-1.82,-2.17,Noise,Right
1707218063760,0.560712,-0.150304,-0.813496,-1.4,-2.17,-2.17,Noise,Right
1707218063760,0.554368,-0.147376,-0.806664,-1.26,-3.57,-2.1,Noise,Right
1707218063805,0.555344,-0.149328,-0.811544,-1.82,-1.96,-2.03,Noise,Right
1707218063806,0.552904,-0.145424,-0.80276,-1.33,-1.82,-2.17,Noise,Right
1707218063806,0.553392,-0.14884,-0.81008,-1.61,-0.77,-2.24,Noise,Right
1707218063850,0.555832,-0.147864,-0.813008,-0.56,-0.77,-2.1,Noise,Right
1707218063850,0.556808,-0.152256,-0.813984,-1.47,-0.49,-2.38,Noise,Right
1707218063850,0.557784,-0.145424,-0.807152,-1.54,-0.84,-2.24,Noise,Right
1707218063901,0.555344,-0.142496,-0.808128,-1.19,-0.56,-2.38,Noise,Right
1707218063901,0.55632,-0.15128,-0.813008,-1.05,-0.56,-2.59,Noise,Right
1707218064020,0.554368,-0.150792,-0.813008,-1.54,-1.12,-2.45,Noise,Right
1707218064021,0.55144,-0.152256,-0.815448,-1.68,-2.31,-2.24,Noise,Right
1707218064021,0.547048,-0.145424,-0.808128,-1.82,-1.89,-2.17,Noise,Right
1707218064021,0.550952,-0.142496,-0.811056,-1.4,-0.84,-2.38,Noise,Right
1707218064021,0.550952,-0.145912,-0.806664,-1.47,0.07,-2.45,Noise,Right
1707218064022,0.557296,-0.150792,-0.813984,-1.47,0.35,-2.52,Noise,Right
1707218064022,0.55144,-0.145424,-0.809104,-1.4,0.63,-2.59,Noise,Right
1707218064068,0.550952,-0.144936,-0.809592,-1.26,1.82,-2.59,Noise,Right
1707218064069,0.562664,-0.152256,-0.813496,-1.33,1.82,-2.73,Noise,Right
1707218064069,0.564128,-0.151768,-0.815448,-1.4,0.21,-2.38,Noise,Right
1707218064114,0.562176,-0.150792,-0.809592,-1.4,-1.54,-2.17,Noise,Right
1707218064114,0.557784,-0.154696,-0.81496,-1.68,-6.02,-1.61,Noise,Right
1707218064114,0.550952,-0.145424,-0.802272,-1.61,-4.27,-1.89,Noise,Right
1707218064169,0.549976,-0.140056,-0.80764,-1.75,-1.26,-2.24,Noise,Right
1707218064169,0.554368,-0.145912,-0.804224,-1.33,0.63,-2.45,Noise,Right
1707218064169,0.549976,-0.147376,-0.81252,-1.4,1.96,-2.66,Noise,Right
1707218064225,0.549488,-0.149816,-0.805688,-1.12,3.36,-2.87,Noise,Right
1707218064225,0.572912,-0.149816,-0.814472,-1.75,1.96,-2.94,Noise,Right
1707218064225,0.560712,-0.151768,-0.809592,-1.75,1.68,-2.8,Noise,Right
1707218064225,0.562176,-0.147864,-0.811056,-1.26,-2.1,-1.82,Noise,Right
1707218064282,0.555344,-0.151768,-0.813984,-1.54,-2.03,-2.1,Noise,Right
1707218064282,0.565104,-0.15128,-0.817888,-1.68,-4.9,-1.68,Noise,Right
1707218064333,0.55144,-0.151768,-0.811056,-1.75,-6.09,-1.61,Noise,Right
1707218064333,0.553392,-0.145424,-0.807152,-1.12,-3.57,-1.75,Noise,Right
1707218064333,0.552904,-0.147864,-0.80764,-1.96,-2.87,-2.24,Noise,Right
1707218064333,0.545584,-0.145912,-0.8052,-1.4,-0.14,-2.38,Noise,Right
1707218064382,0.550952,-0.145424,-0.806176,-1.12,3.01,-2.87,Noise,Right
1707218064382,0.550952,-0.148352,-0.80276,-1.05,3.57,-2.8,Noise,Right
1707218064382,0.557296,-0.149328,-0.810568,-1.19,4.55,-2.8,Noise,Right
1707218064427,0.55144,-0.139568,-0.808616,-1.33,-2.17,-1.68,Noise,Right
1707218064427,0.56608,-0.162504,-0.819352,-2.31,-3.43,16.87,Noise,Right
1707218064475,0.56364,-0.155672,-0.8052,-7.63,-7.07,7.56,Noise,Right
1707218064475,0.574376,-0.15616,-0.764696,-8.4,-1.12,7.84,Noise,Right
1707218064475,0.554368,-0.14396,-0.800808,-9.24,2.45,9.17,Noise,Right
1707218064580,0.569008,-0.118584,-0.801784,-9.45,6.3,9.38,Noise,Right
1707218064580,0.518744,-0.137128,-0.815448,-7.14,5.95,4.55,Noise,Right
1707218064580,0.57096,-0.147376,-0.819352,-8.33,6.58,7.14,Noise,Right
1707218064580,0.572912,-0.07564,-0.81008,-8.89,3.36,7.63,Noise,Right
1707218064580,0.568032,-0.04148,-0.811056,-6.09,1.82,7.7,Noise,Right
1707218064580,0.525576,-0.149816,-0.838872,-3.92,-0.21,-0.7,Noise,Right
1707218064627,0.550952,-0.158112,-0.812032,0.77,-1.54,-5.53,Noise,Right
1707218064627,0.54412,-0.194224,-0.818864,1.12,-3.99,-5.81,Noise,Right
1707218064627,0.554368,-0.162992,-0.816912,2.59,-2.87,-8.12,Noise,Right
1707218064677,0.554856,-0.15372,-0.807152,1.68,-4.76,-6.79,Noise,Right
1707218064677,0.543632,-0.159088,-0.806664,-0.98,-3.15,-2.94,Noise,Right
1707218064677,0.542168,-0.160064,-0.811056,-1.33,0.77,-2.52,Noise,Right
1707218064783,0.553392,-0.151768,-0.811056,-2.24,3.08,-3.29,Noise,Right
1707218064784,0.565592,-0.150792,-0.813984,-1.61,1.96,-3.15,Noise,Right
1707218064784,0.556808,-0.151768,-0.813496,-1.19,-0.98,-2.87,Noise,Right
1707218064784,0.564616,-0.128832,-0.805688,-0.42,-0.91,-3.85,Noise,Right
1707218064784,0.567056,-0.130296,-0.80032,3.08,-2.24,-8.89,Noise,Right
1707218064784,0.552416,-0.150792,-0.81008,3.15,-2.31,-8.96,Noise,Right
1707218064826,0.573888,-0.147376,-0.804712,0.28,-1.68,-4.2,Noise,Right
1707218064828,0.552904,-0.152744,-0.811056,-1.19,-2.45,-1.75,Noise,Right
1707218064828,0.558272,-0.150792,-0.806664,-1.54,0.35,-2.38,Noise,Right
1707218064873,0.556808,-0.149328,-0.806176,-1.75,-0.63,-2.66,Noise,Right
1707218064873,0.557296,-0.150792,-0.81252,-1.47,-0.77,-2.52,Noise,Right
1707218064873,0.551928,-0.156648,-0.811544,-0.42,-1.05,-2.87,Noise,Right
1707218064924,0.568032,-0.135176,-0.805688,-3.99,0.21,-0.42,Noise,Right
1707218064924,0.551928,-0.1586,-0.805688,-0.7,-1.33,-3.85,Noise,Right
1707218065044,0.555344,-0.149328,-0.815448,0.49,-1.68,-5.32,Noise,Right
1707218065044,0.551928,-0.16104,-0.805688,-0.77,-1.05,-3.01,Noise,Right
1707218065044,0.555832,-0.159576,-0.81008,-1.05,-1.82,-2.8,Noise,Right
1707218065045,0.567544,-0.148352,-0.811056,-1.47,0.07,-2.8,Noise,Right
1707218065045,0.555344,-0.14884,-0.806176,-1.54,-0.49,-2.94,Noise,Right
1707218065045,0.559736,-0.150304,-0.805688,-1.96,0.14,-4.41,Noise,Right
1707218065045,0.55876,-0.147376,-0.807152,-2.52,0.14,-3.36,Noise,Right
1707218065182,0.5612,-0.152256,-0.808128,-1.75,-0.21,-2.8,Noise,Right
1707218065182,0.55876,-0.152744,-0.809592,0.35,-1.89,-1.89,Noise,Right
1707218065182,0.559736,-0.15128,-0.81252,0.63,-2.31,-0.98,Noise,Right
1707218065182,0.554856,-0.1464,-0.808128,-1.26,-1.12,-2.24,Noise,Right
1707218065182,0.55876,-0.144936,-0.809104,-1.33,-0.77,-2.45,Noise,Right
1707218065183,0.554368,-0.149328,-0.811056,-1.61,-0.63,-2.31,Noise,Right
1707218065183,0.56608,-0.141032,-0.800808,-1.12,-0.84,-3.29,Noise,Right
1707218065183,0.5612,-0.149328,-0.81008,2.03,-1.68,-9.38,Noise,Right
1707218065231,0.552416,-0.154208,-0.81496,1.61,-1.4,-7.84,Noise,Right
1707218065231,0.55876,-0.150304,-0.812032,-0.63,-0.84,-4.48,Noise,Right
1707218065232,0.554856,-0.147376,-0.811056,-1.96,-0.7,-2.87,Noise,Right
1707218065232,0.557296,-0.147864,-0.808616,-1.33,-0.63,-2.24,Noise,Right
1707218065363,0.55388,-0.1586,-0.809104,-2.94,-0.49,-0.49,Noise,Right
1707218065363,0.562664,-0.147864,-0.803736,-0.35,-1.68,-1.54,Noise,Right
1707218065363,0.560712,-0.149328,-0.81252,0.21,-2.03,-1.47,Noise,Right
1707218065363,0.55632,-0.15128,-0.809104,-1.61,-1.05,-2.17,Noise,Right
1707218065363,0.55876,-0.15128,-0.813496,-1.4,-0.84,-2.59,Noise,Right
1707218065363,0.566568,-0.1464,-0.807152,-1.61,-0.77,-3.57,Noise,Right
1707218065364,0.560712,-0.150792,-0.810568,0.98,-1.19,-7.77,Noise,Right
1707218065413,0.553392,-0.144936,-0.809592,-1.47,-0.07,-5.11,Noise,Right
1707218065413,0.564616,-0.144448,-0.80764,-2.8,0.21,-3.57,Noise,Right
1707218065413,0.556808,-0.147864,-0.800808,-2.31,-0.49,-2.73,Noise,Right
1707218065460,0.56364,-0.1464,-0.802272,-0.91,-1.4,-1.89,Noise,Right
1707218065460,0.561688,-0.144448,-0.80276,0.14,-2.52,-0.7,Noise,Right
1707218065460,0.555832,-0.156648,-0.813984,0.77,-2.52,-0.56,Noise,Right
1707218065506,0.559248,-0.148352,-0.8052,-1.26,-0.98,-1.89,Noise,Right
1707218065507,0.5612,-0.15128,-0.81252,-1.4,-0.7,-2.52,Noise,Right
1707218065507,0.55876,-0.15128,-0.811056,-1.33,-0.7,-2.59,Noise,Right
1707218065553,0.56364,-0.140056,-0.804712,-0.14,-1.05,-3.92,Noise,Right
1707218065553,0.553392,-0.14884,-0.81008,2.03,-1.89,-7.84,Noise,Right
1707218065553,0.55876,-0.141032,-0.8052,1.82,-1.61,-7.28,Noise,Right
1707218065601,0.554856,-0.145912,-0.8052,1.61,-1.4,-7.07,Noise,Right
1707218065601,0.555832,-0.152256,-0.813984,0.63,-1.33,-5.18,Noise,Right
1707218065646,0.558272,-0.152744,-0.813984,-0.84,-1.19,-3.01,Noise,Right
1707218065647,0.559248,-0.146888,-0.805688,-1.33,-0.84,-2.24,Noise,Right
1707218065647,0.55632,-0.145912,-0.804712,-1.47,-0.77,-2.31,Noise,Right
1707218065695,0.559248,-0.15372,-0.813008,-1.4,-0.63,-2.45,Noise,Right
1707218065695,0.55388,-0.150304,-0.81008,-1.47,-0.91,-2.45,Noise,Right
1707218065695,0.551928,-0.147376,-0.808616,-1.4,-1.05,-2.45,Noise,Right
1707218065745,0.550464,-0.14396,-0.809592,-3.15,-0.56,-2.24,Noise,Right
1707218065745,0.559248,-0.148352,-0.803736,-1.54,-0.77,-2.38,Noise,Right
1707218065745,0.557296,-0.146888,-0.806176,-1.54,-0.7,-2.52,Noise,Right
1707218065873,0.560224,-0.149328,-0.809104,-1.47,-1.12,-2.45,Noise,Right
1707218065873,0.560712,-0.153232,-0.813496,-1.33,-0.77,-2.24,Noise,Right
1707218065873,0.559736,-0.149816,-0.811056,-1.4,-0.77,-2.31,Noise,Right
1707218065873,0.558272,-0.150304,-0.80764,-1.33,-0.77,-2.31,Noise,Right
1707218065873,0.561688,-0.144448,-0.80764,-1.61,-0.63,-2.38,Noise,Right
1707218065873,0.552904,-0.144936,-0.811544,-1.26,-0.98,-2.17,Noise,Right
1707218065873,0.556808,-0.148352,-0.815448,-1.47,-0.84,-2.38,Noise,Right
1707218065927,0.559248,-0.150792,-0.811544,-1.4,-0.91,-2.31,Noise,Right
1707218065927,0.562176,-0.149328,-0.808128,-1.61,-0.7,-2.52,Noise,Right
1707218065927,0.560224,-0.145424,-0.809592,-1.47,-0.7,-2.45,Noise,Right
1707218065927,0.561688,-0.149328,-0.808616,-1.47,-0.91,-2.52,Noise,Right
1707218065973,0.557784,-0.15128,-0.809104,-1.19,-0.98,-2.1,Noise,Right
1707218065973,0.560224,-0.150304,-0.809592,-1.47,-0.84,-2.17,Noise,Right
1707218066022,0.560712,-0.14884,-0.81252,-1.47,-0.77,-2.24,Noise,Right
1707218066022,0.559248,-0.15372,-0.810568,-1.19,-0.84,-2.59,Noise,Right
1707218066022,0.553392,-0.148352,-0.808616,-1.4,-0.63,-2.45,Noise,Right
1707218066074,0.55632,-0.149328,-0.81008,-1.54,-0.7,-2.31,Noise,Right
1707218066074,0.559736,-0.15128,-0.80764,-1.47,-0.84,-2.45,Noise,Right
1707218066074,0.560224,-0.145912,-0.80276,-1.33,-0.91,-2.45,Noise,Right
1707218066201,0.559736,-0.150792,-0.814472,-2.24,-0.21,-2.38,Noise,Right
1707218066201,0.560224,-0.14884,-0.809104,-1.33,-0.84,-2.31,Noise,Right
1707218066201,0.559736,-0.150792,-0.811056,-1.61,-0.77,-2.17,Noise,Right
1707218066201,0.555344,-0.149328,-0.810568,-1.26,-0.98,-2.31,Noise,Right
1707218066201,0.555832,-0.151768,-0.814472,-1.47,-0.7,-2.31,Noise,Right
1707218066201,0.559736,-0.149816,-0.81008,-1.33,-0.77,-2.24,Noise,Right
1707218066201,0.5612,-0.147376,-0.808128,-1.4,-0.98,-2.31,Noise,Right
1707218066257,0.557296,-0.154696,-0.811056,-1.47,-0.91,-2.45,Noise,Right
1707218066257,0.560712,-0.14396,-0.811056,-0.98,-1.05,-2.31,Noise,Right
1707218066257,0.554856,-0.145912,-0.80764,-1.4,-0.63,-2.31,Noise,Right
1707218066257,0.560224,-0.149816,-0.81008,-1.26,-0.91,-2.24,Noise,Right
1707218066383,0.559248,-0.147864,-0.805688,-0.98,-0.91,-2.24,Noise,Right
1707218066383,0.559736,-0.146888,-0.805688,-1.47,-0.63,-2.38,Noise,Right
1707218066383,0.55632,-0.151768,-0.813496,-1.47,-0.77,-2.52,Noise,Right
1707218066383,0.554856,-0.153232,-0.810568,-1.54,-0.56,-2.24,Noise,Right
1707218066384,0.560712,-0.154696,-0.810568,-1.33,-0.84,-2.17,Noise,Right
1707218066384,0.5612,-0.150304,-0.809104,-1.4,-0.84,-2.52,Noise,Right
1707218066384,0.560224,-0.149328,-0.809104,-1.4,-0.91,-2.38,Noise,Right
1707218066521,0.557296,-0.147864,-0.808616,-1.54,-0.7,-2.38,Noise,Right
1707218066521,0.556808,-0.152744,-0.815448,-1.05,-0.98,-2.24,Noise,Right
1707218066521,0.559248,-0.150792,-0.813984,-1.47,-0.77,-2.24,Noise,Right
1707218066521,0.562664,-0.145424,-0.80276,-1.61,-0.7,-2.38,Noise,Right
1707218066522,0.558272,-0.149816,-0.810568,-1.47,-0.63,-2.52,Noise,Right
1707218066522,0.566568,-0.142984,-0.803736,-1.4,-0.84,-2.59,Noise,Right
1707218066522,0.55388,-0.1464,-0.809592,0.35,-1.19,-4.69,Noise,Right
1707218066522,0.559736,-0.131272,-0.813984,0.84,-1.19,-6.09,Noise,Right
1707218066627,0.570472,-0.147376,-0.801296,1.82,-1.68,-7.28,Noise,Right
1707218066627,0.55388,-0.15372,-0.806664,1.33,-1.61,-5.88,Noise,Right
1707218066627,0.55144,-0.166408,-0.811056,0.7,-1.68,-5.11,Noise,Right
1707218066627,0.554368,-0.149816,-0.80764,-1.19,-2.94,-1.75,Noise,Right
1707218066627,0.552904,-0.147376,-0.805688,-1.33,-1.05,-2.24,Noise,Right
1707218066628,0.554856,-0.149816,-0.809104,-1.47,0.28,-2.52,Noise,Right
1707218066628,0.59536,-0.150792,-0.81008,-1.89,2.1,-3.43,Noise,Right
1707218066676,0.569496,-0.130784,-0.80276,-1.68,-0.49,-4.27,Noise,Right
1707218066676,0.556808,-0.12932,-0.814472,-0.56,-0.84,-5.88,Noise,Right
1707218066676,0.566568,-0.118584,-0.805688,1.82,-1.33,-9.03,Noise,Right
1707218066721,0.570472,-0.158112,-0.798856,2.8,-2.1,-10.01,Noise,Right
1707218066721,0.560224,-0.158112,-0.795928,4.27,-3.01,-7.63,Noise,Right
1707218066768,0.54168,-0.089792,-0.78324,4.48,-4.13,-4.69,Noise,Right
1707218066768,0.583648,-0.123952,-0.752984,-0.56,-5.88,-1.68,Noise,Right
1707218066768,0.55876,-0.171288,-0.810568,-2.52,0.21,-0.49,Noise,Right
1707218066814,0.543144,-0.158112,-0.811056,-4.97,1.4,1.33,Noise,Right
1707218066814,0.530944,-0.143472,-0.828136,-2.8,0.42,-0.07,Noise,Right
1707218066814,0.549976,-0.154208,-0.814472,-1.26,0.07,-1.61,Noise,Right
1707218066864,0.560712,-0.15372,-0.810568,0.35,-0.14,-2.17,Noise,Right
1707218066865,0.560224,-0.145912,-0.808128,1.19,0.0,-3.85,Noise,Right
1707218066865,0.546072,-0.141032,-0.806176,3.01,-0.56,-6.23,Noise,Right
1707218066994,0.54168,-0.155184,-0.793976,1.89,-3.22,-7.42,Noise,Right
1707218066994,0.554856,-0.166408,-0.808616,-1.12,-5.95,-6.93,Noise,Right
1707218066995,0.540216,-0.13176,-0.822768,1.47,-5.11,-7.42,Noise,Right
1707218066995,0.596824,-0.135664,-0.770552,3.78,-3.64,-9.8,Noise,Right
1707218066995,0.569984,-0.162992,-0.8174,3.22,3.15,-9.03,Noise,Right
1707218066995,0.59292,-0.160064,-0.848632,2.17,1.19,-3.43,Noise,Right
1707218066995,0.552416,-0.130784,-0.816912,1.96,4.34,-3.92,Noise,Right
1707218067053,0.560712,-0.14884,-0.826672,1.05,4.41,-3.5,Noise,Right
1707218067053,0.549,-0.12932,-0.799832,2.66,4.2,-4.48,Noise,Right
1707218067053,0.565592,-0.143472,-0.793,0.35,2.73,-5.39,Noise,Right
1707218067138,0.565592,-0.172752,-0.816912,3.57,1.4,-4.83,Noise,Right
1707218067138,0.562664,-0.15372,-0.794952,7.42,0.49,-4.97,Noise,Right
1707218067139,0.581696,-0.165432,-0.787144,6.3,0.77,-4.97,Noise,Right
1707218067139,0.59048,-0.174216,-0.7686,3.22,1.75,-3.29,Noise,Right
1707218067139,0.575352,-0.160064,-0.777384,-1.33,1.61,-0.63,Noise,Right
1707218067139,0.549,-0.15128,-0.799832,-4.76,0.91,0.91,Noise,Right
1707218067186,0.542168,-0.149816,-0.82228,-4.27,0.42,-1.19,Noise,Right
1707218067188,0.5368,-0.138104,-0.81252,-1.89,-1.12,-4.48,Noise,Right
1707218067238,0.575352,-0.1586,-0.815448,-0.35,-0.98,-6.09,Noise,Right
1707218067238,0.555832,-0.161528,-0.80032,2.94,-0.98,-6.37,Noise,Right
1707218067238,0.558272,-0.163968,-0.811544,2.59,-0.98,-4.97,Noise,Right
1707218067343,0.547536,-0.162992,-0.80276,3.01,-1.96,-4.13,Noise,Right
1707218067344,0.557784,-0.147864,-0.791048,1.4,-3.43,-3.85,Noise,Right
1707218067344,0.57096,-0.150792,-0.789584,-0.91,-4.48,-3.78,Noise,Right
1707218067344,0.564128,-0.148352,-0.791536,-3.99,-4.83,-3.22,Noise,Right
1707218067344,0.56608,-0.14884,-0.799832,-6.09,-5.53,-3.36,Noise,Right
1707218067344,0.56608,-0.147864,-0.806664,-6.02,-6.51,-3.85,Noise,Right
1707218067344,0.560224,-0.157624,-0.819352,-4.48,-6.37,-3.92,Noise,Right
1707218067386,0.56364,-0.154208,-0.818864,-1.19,-5.53,-3.71,Noise,Right
1707218067386,0.574864,-0.150304,-0.796416,-1.4,-2.87,-3.08,Noise,Right
1707218067435,0.564128,-0.154208,-0.835456,-3.01,-1.82,-2.38,Noise,Right
1707218067435,0.565104,-0.144448,-0.821792,-0.21,0.49,-1.89,Noise,Right
1707218067435,0.54412,-0.147376,-0.806664,1.26,1.05,-2.03,Noise,Right
1707218067486,0.562664,-0.153232,-0.793976,0.49,0.49,-2.31,Noise,Right
1707218067486,0.553392,-0.150792,-0.798368,-2.24,-1.61,-2.52,Noise,Right
1707218067486,0.55876,-0.153232,-0.799832,-3.78,-2.66,-3.01,Noise,Right
1707218067616,0.568032,-0.148352,-0.794952,-5.11,-3.5,-3.15,Noise,Right
1707218067616,0.559248,-0.146888,-0.829112,-5.25,-3.29,-2.59,Noise,Right
1707218067616,0.568032,-0.1464,-0.819352,-2.73,-1.68,-2.1,Noise,Right
1707218067616,0.56608,-0.143472,-0.825208,-0.42,1.12,-1.05,Noise,Right
1707218067617,0.557784,-0.157136,-0.819352,2.59,3.01,-0.98,Noise,Right
1707218067617,0.554856,-0.16104,-0.799832,2.94,3.01,-0.98,Noise,Right
1707218067617,0.551928,-0.150304,-0.78812,1.12,1.61,-1.26,Noise,Right
1707218067666,0.552416,-0.15616,-0.794952,-0.77,-1.26,-2.59,Noise,Right
1707218067666,0.547048,-0.152256,-0.797392,-1.47,-3.78,-3.57,Noise,Right
1707218067668,0.567544,-0.148352,-0.787632,-3.43,-4.76,-4.48,Noise,Right
1707218067668,0.56364,-0.149816,-0.797392,-6.58,-2.73,-2.87,Noise,Right
1707218067712,0.5612,-0.167384,-0.82228,-1.54,-1.96,-3.57,Noise,Right
1707218067712,0.571936,-0.146888,-0.8174,3.85,1.19,-4.62,Noise,Right
1707218067758,0.56364,-0.149328,-0.818864,5.46,3.36,-3.64,Noise,Right
1707218067758,0.55876,-0.150792,-0.803736,5.25,4.9,-3.64,Noise,Right
1707218067760,0.562176,-0.154208,-0.80032,3.64,4.83,-3.78,Noise,Right
1707218067806,0.559248,-0.157136,-0.79788,3.43,3.22,-4.13,Noise,Right
1707218067806,0.563152,-0.164944,-0.789096,4.2,1.75,-6.16,Noise,Right
1707218067806,0.571936,-0.166896,-0.784216,3.43,0.49,-7.77,Noise,Right
1707218067854,0.572912,-0.16592,-0.763232,0.98,-0.28,-7.21,Noise,Right
1707218067854,0.588528,-0.159088,-0.782752,-3.99,0.56,-6.09,Noise,Right
1707218067854,0.611952,-0.168848,-0.806664,-4.13,3.85,-5.18,Noise,Right
1707218067898,0.621712,-0.16104,-0.821304,-0.28,9.87,-3.01,Noise,Right
1707218067899,0.61976,-0.15128,-0.822768,4.76,17.22,-1.61,Noise,Right
1707218067949,0.601216,-0.165432,-0.8052,7.77,23.45,-1.12,Noise,Right
1707218067949,0.59292,-0.162992,-0.86376,12.46,26.46,-1.12,Noise,Right
1707218067949,0.58316,-0.186904,-0.894504,13.86,22.05,-1.19,Noise,Right
1707218068060,0.617808,-0.205936,-0.878888,16.31,16.1,-1.19,Noise,Right
1707218068061,0.631472,-0.193736,-0.824232,17.71,10.92,-1.89,Noise,Right
1707218068061,0.659776,-0.1952,-0.78568,13.37,9.87,-1.68,Noise,Right
1707218068061,0.658312,-0.208864,-0.782264,9.03,14.0,-1.47,Noise,Right
1707218068061,0.670024,-0.199592,-0.818376,9.03,20.3,0.91,Noise,Right
1707218068061,0.683688,-0.210328,-0.854976,14.07,26.6,2.1,Noise,Right
1707218068061,0.671976,-0.20008,-0.869616,21.21,29.47,3.92,Noise,Right
1707218068171,0.657824,-0.181048,-0.915976,26.11,29.82,7.28,Noise,Right
1707218068174,0.625128,-0.16592,-0.97844,25.9,20.58,8.96,Noise,Right
1707218068175,0.625616,-0.175192,-0.981368,29.54,6.09,5.6,Noise,Right
1707218068175,0.630496,-0.176656,-0.918416,36.33,-6.02,1.4,Noise,Right
1707218068175,0.66856,-0.188856,-0.821792,39.62,-12.25,-3.29,Noise,Right
1707218068175,0.691008,-0.205448,-0.731024,40.74,-9.31,-5.46,Noise,Right
1707218068209,0.71736,-0.248392,-0.698328,39.34,3.43,-5.32,Noise,Right
1707218068209,0.698816,-0.274744,-0.730048,40.11,15.96,-2.31,Noise,Right
1707218068209,0.679784,-0.281576,-0.759328,38.43,21.49,4.2,Noise,Right
1707218068256,0.668072,-0.2928,-0.832528,37.24,24.78,11.9,Noise,Right
1707218068256,0.621224,-0.245464,-0.892064,37.45,18.06,17.22,Noise,Right
1707218068304,0.58804,-0.219112,-0.925736,40.67,6.51,15.89,Noise,Right
1707218068305,0.570472,-0.195688,-0.867176,50.4,-5.81,8.33,Noise,Right
1707218068305,0.600728,-0.188856,-0.73688,52.92,-14.21,-2.45,Noise,Right
1707218068427,0.629032,-0.240584,-0.655872,50.61,-13.16,-10.99,Noise,Right
1707218068428,0.643184,-0.28548,-0.60024,50.82,-5.04,-16.24,Noise,Right
1707218068428,0.629032,-0.307928,-0.576328,50.54,7.14,-17.71,Noise,Right
1707218068428,0.635376,-0.3294,-0.564616,43.05,16.31,-17.29,Noise,Right
1707218068428,0.622688,-0.37088,-0.650016,36.82,21.91,-13.79,Noise,Right
1707218068428,0.621224,-0.384056,-0.745176,36.54,21.21,-6.79,Noise,Right
1707218068428,0.599264,-0.377224,-0.804224,39.76,11.69,-0.7,Noise,Right
1707218068570,0.568032,-0.320616,-0.75884,45.78,-1.33,0.77,Noise,Right
1707218068570,0.550952,-0.263032,-0.669536,44.73,-15.33,-5.53,Noise,Right
1707218068570,0.585112,-0.29524,-0.586088,41.09,-23.24,-15.89,Noise,Right
1707218068570,0.603168,-0.338184,-0.510936,40.32,-20.44,-26.04,Noise,Right
1707218068570,0.65148,-0.325496,-0.456768,40.32,-8.26,-31.5,Noise,Right
1707218068570,0.669536,-0.381128,-0.45384,37.66,9.45,-34.09,Noise,Right
1707218068570,0.687592,-0.428464,-0.525088,40.67,26.04,-33.32,Noise,Right
1707218068571,0.665632,-0.466528,-0.608048,46.55,34.09,-26.88,Noise,Right
1707218068627,0.629032,-0.45872,-0.637816,47.88,30.94,-17.71,Noise,Right
1707218068627,0.606096,-0.419192,-0.623664,43.54,16.31,-11.34,Noise,Right
1707218068628,0.603656,-0.37332,-0.579744,39.69,2.45,-11.83,Noise,Right
1707218068628,0.610488,-0.369904,-0.535824,36.05,-7.7,-17.64,Noise,Right
1707218068672,0.650992,-0.371368,-0.468968,36.4,-9.52,-24.99,Noise,Right
1707218068672,0.695888,-0.396744,-0.432856,38.92,-2.87,-31.99,Noise,Right
1707218068673,0.72224,-0.430904,-0.435296,41.16,8.89,-31.71,Noise,Right
1707218068723,0.727608,-0.4758,-0.473848,44.03,20.37,-26.32,Noise,Right
1707218068724,0.71492,-0.457256,-0.506544,44.66,26.18,-18.76,Noise,Right
1707218068726,0.6832,-0.436272,-0.50752,43.19,23.1,-14.35,Noise,Right
1707218068767,0.667096,-0.408944,-0.467992,35.07,13.86,-13.23,Noise,Right
1707218068767,0.6832,-0.41724,-0.452376,31.78,9.24,-14.98,Noise,Right
1707218068817,0.70028,-0.38796,-0.42212,34.51,10.15,-18.69,Noise,Right
1707218068817,0.72712,-0.428464,-0.387472,32.27,8.68,-24.57,Noise,Right
1707218068817,0.741272,-0.47092,-0.3782,34.72,12.88,-25.83,Noise,Right
1707218068938,0.754936,-0.46848,-0.396744,34.23,15.33,-23.94,Noise,Right
1707218068938,0.76128,-0.49288,-0.43188,33.88,12.6,-21.14,Noise,Right
1707218068938,0.750544,-0.499712,-0.452864,35.07,7.77,-16.31,Noise,Right
1707218068938,0.736392,-0.438712,-0.40748,32.06,-0.98,-10.64,Noise,Right
1707218068938,0.745664,-0.434808,-0.406504,22.33,-7.49,-8.89,Noise,Right
1707218068938,0.772504,-0.41968,-0.38552,23.17,-7.49,-11.06,Noise,Right
1707218068938,0.783728,-0.416752,-0.374784,20.93,-3.64,-12.95,Noise,Right
1707218068988,0.815448,-0.443104,-0.327936,23.03,7.49,-14.63,Noise,Right
1707218068988,0.820328,-0.471408,-0.308416,22.82,23.59,-13.23,Noise,Right
1707218068989,0.803736,-0.47336,-0.332328,23.66,37.66,-9.66,Noise,Right
1707218069089,0.788608,-0.469944,-0.394304,19.18,40.53,-5.74,Noise,Right
1707218069089,0.759328,-0.488,-0.467992,17.15,33.6,-2.73,Noise,Right
1707218069090,0.713456,-0.484096,-0.532408,19.53,17.29,-0.35,Noise,Right
1707218069090,0.707112,-0.45384,-0.496784,22.96,-5.46,-1.05,Noise,Right
1707218069090,0.727608,-0.41724,-0.358192,23.94,-23.66,-5.67,Noise,Right
1707218069090,0.76616,-0.433344,-0.26596,0.07,-25.2,-9.03,Noise,Right
1707218069140,0.814472,-0.433344,-0.186904,17.78,-10.15,-11.9,Noise,Right
1707218069140,0.699792,-0.396256,-0.267424,19.04,12.67,-18.41,Noise,Right
1707218069140,0.860832,-0.504104,-0.220088,4.76,33.39,-10.08,Noise,Right
1707218069188,0.840824,-0.506056,-0.315736,2.59,44.59,-5.67,Noise,Right
1707218069188,0.82716,-0.532896,-0.394304,5.32,42.7,-1.05,Noise,Right
1707218069188,0.798856,-0.528016,-0.44896,7.07,30.8,6.44,Noise,Right
1707218069295,0.762256,-0.494344,-0.466528,9.03,14.56,11.13,Noise,Right
1707218069295,0.762256,-0.42212,-0.408456,11.76,-3.08,8.54,Noise,Right
1707218069296,0.801784,-0.453352,-0.305976,11.76,-12.32,1.96,Noise,Right
1707218069296,0.81252,-0.46604,-0.189344,11.69,-7.07,-0.77,Noise,Right
1707218069296,0.827648,-0.50752,-0.155184,5.81,5.74,-1.68,Noise,Right
1707218069296,0.806176,-0.503128,-0.21716,1.19,17.64,0.84,Noise,Right
1707218069345,0.766648,-0.469944,-0.30744,-2.66,20.09,1.68,Noise,Right
1707218069345,0.738832,-0.432856,-0.369416,-3.99,14.49,-2.59,Noise,Right
1707218069345,0.75152,-0.448472,-0.405528,-3.5,4.9,-8.26,Noise,Right
1707218069464,0.788608,-0.487024,-0.379664,0.77,-2.38,-10.92,Noise,Right
1707218069464,0.8052,-0.519232,-0.345504,2.87,-6.79,-7.07,Noise,Right
1707218069464,0.8174,-0.511424,-0.30744,2.17,-9.45,-0.7,Noise,Right
1707218069465,0.810568,-0.50996,-0.270352,1.82,-7.91,3.01,Noise,Right
1707218069465,0.799344,-0.467504,-0.255224,2.8,-4.76,2.94,Noise,Right
1707218069465,0.788608,-0.447496,-0.256688,0.0,-3.08,0.42,Noise,Right
1707218069465,0.779336,-0.44652,-0.30256,-4.97,-1.47,-2.31,Noise,Right
1707218069512,0.767624,-0.457256,-0.330376,-5.46,-0.63,-5.95,Noise,Right
1707218069512,0.769576,-0.450912,-0.345504,-2.66,-1.33,-9.31,Noise,Right
1707218069512,0.792512,-0.5002,-0.368928,-2.8,-3.64,-10.15,Noise,Right
1707218069558,0.802272,-0.50508,-0.34892,1.05,-5.46,-9.31,Noise,Right
1707218069558,0.799832,-0.474824,-0.333304,0.84,-7.49,-6.3,Noise,Right
1707218069559,0.794464,-0.485072,-0.3416,-1.33,-12.39,-5.74,Noise,Right
1707218069605,0.782752,-0.489464,-0.341112,-0.98,-18.34,-5.04,Noise,Right
1707218069605,0.791536,-0.506056,-0.33184,-5.6,-23.66,-3.43,Noise,Right
1707218069606,0.804712,-0.493856,-0.30256,-6.86,-24.22,-1.33,Noise,Right
1707218069650,0.84912,-0.489464,-0.272304,-8.4,-18.48,-0.14,Noise,Right
1707218069651,0.874008,-0.491416,-0.276696,-7.49,-6.86,0.56,Noise,Right
1707218069702,0.861808,-0.468968,-0.306464,-2.59,6.65,0.14,Noise,Right
1707218069703,0.802272,-0.469944,-0.37576,-0.98,13.93,-0.63,Noise,Right
1707218069703,0.772992,-0.475312,-0.441152,1.96,13.23,-2.17,Noise,Right
1707218069803,0.733464,-0.469456,-0.467504,2.94,5.6,-3.43,Noise,Right
1707218069803,0.725168,-0.487024,-0.457744,2.73,-3.92,-3.64,Noise,Right
1707218069804,0.738344,-0.470432,-0.391864,1.75,-10.85,-5.04,Noise,Right
1707218069804,0.7808,-0.46604,-0.311832,0.28,-13.3,-6.58,Noise,Right
1707218069804,0.808616,-0.478728,-0.256688,-2.1,-10.29,-6.93,Noise,Right
1707218069804,0.804712,-0.479216,-0.243512,-4.69,-6.86,-5.95,Noise,Right
1707218069851,0.783728,-0.465552,-0.271328,-10.29,-6.58,-5.32,Noise,Right
1707218069852,0.789096,-0.495808,-0.33672,-11.97,-7.21,-3.71,Noise,Right
1707218069852,0.791048,-0.48068,-0.38064,-9.31,-10.08,-2.52,Noise,Right
1707218069899,0.744688,-0.467992,-0.426512,-7.42,-17.08,-0.91,Noise,Right
1707218069900,0.720776,-0.413336,-0.440176,-7.7,-28.98,-1.89,Noise,Right
1707218069900,0.70028,-0.420168,-0.435784,-10.64,-41.51,-6.09,Noise,Right
1707218069943,0.710528,-0.393328,-0.39528,-8.75,-48.72,-11.97,Noise,Right
1707218069943,0.736392,-0.38552,-0.340136,-9.1,-50.47,-20.16,Noise,Right
1707218069944,0.792024,-0.438224,-0.3172,-10.5,-46.06,-25.34,Noise,Right
1707218069990,0.840824,-0.486536,-0.325008,-9.52,-36.61,-22.75,Noise,Right
1707218069991,0.84912,-0.508496,-0.349408,-8.96,-27.72,-14.21,Noise,Right
1707218070040,0.831064,-0.518256,-0.413336,-9.94,-20.93,-2.59,Noise,Right
1707218070040,0.782752,-0.480192,-0.42212,-10.43,-21.35,8.89,Noise,Right
1707218070040,0.757376,-0.420168,-0.424072,-14.77,-26.18,14.84,Noise,Right
1707218070109,0.713456,-0.394304,-0.415288,-16.94,-31.08,13.65,Noise,Right
1707218070109,0.69052,-0.375272,-0.39528,-17.64,-34.16,6.93,Noise,Right
1707218070109,0.68808,-0.383568,-0.37332,-19.32,-36.82,-2.1,Noise,Right
1707218070109,0.72956,-0.41724,-0.34404,-21.07,-37.1,-8.82,Noise,Right
1707218070160,0.776896,-0.460184,-0.305976,-25.06,-32.97,-8.61,Noise,Right
1707218070161,0.801784,-0.486048,-0.308904,-29.89,-22.89,-3.22,Noise,Right
1707218070161,0.79788,-0.489464,-0.33428,-35.14,-10.85,6.09,Noise,Right
1707218070208,0.759816,-0.472872,-0.425536,-41.72,-3.85,17.15,Noise,Right
1707218070208,0.699792,-0.445056,-0.525576,-46.27,-5.04,24.99,Noise,Right
1707218070208,0.648552,-0.392352,-0.60512,-46.76,-12.95,26.11,Noise,Right
1707218070253,0.615856,-0.370392,-0.628544,-42.7,-25.06,20.51,Noise,Right
1707218070253,0.616344,-0.328912,-0.567056,-37.94,-32.55,11.06,Noise,Right
1707218070253,0.660264,-0.308904,-0.482144,-33.67,-33.6,-2.31,Noise,Right
1707218070299,0.72224,-0.367464,-0.423096,-33.32,-26.88,-10.29,Noise,Right
1707218070311,0.74664,-0.454816,-0.435784,-38.08,-15.26,-6.23,Noise,Right
1707218070311,0.748592,-0.482144,-0.498736,-44.38,-6.79,7.07,Noise,Right
1707218070349,0.709552,-0.469456,-0.574376,-51.45,-4.34,22.26,Noise,Right
1707218070350,0.663192,-0.44164,-0.670024,-51.38,-4.76,32.27,Noise,Right
1707218070469,0.583648,-0.346968,-0.70516,-44.94,-9.31,35.35,Noise,Right
1707218070469,0.557784,-0.266448,-0.691984,-43.05,-19.81,28.91,Noise,Right
1707218070469,0.560712,-0.268888,-0.66368,-42.14,-28.84,16.66,Noise,Right
1707218070469,0.606584,-0.294264,-0.626104,-37.45,-30.17,4.06,Noise,Right
1707218070469,0.660264,-0.32208,-0.548512,-35.0,-25.55,-5.95,Noise,Right
1707218070469,0.671976,-0.38552,-0.547536,-39.9,-17.08,-5.04,Noise,Right
1707218070470,0.669048,-0.429928,-0.610976,-48.16,-11.55,5.04,Noise,Right
1707218070520,0.640744,-0.4026,-0.674416,-52.36,-9.1,17.78,Noise,Right
1707218070520,0.616832,-0.35868,-0.699304,-51.38,-6.93,24.43,Noise,Right
1707218070520,0.584624,-0.316224,-0.714432,-47.95,-3.22,24.71,Noise,Right
1707218070623,0.571936,-0.296216,-0.716384,-42.21,-2.17,20.51,Noise,Right
1707218070623,0.561688,-0.27572,-0.68076,-37.52,-3.01,15.4,Noise,Right
1707218070623,0.57096,-0.278648,-0.654408,-39.41,-2.87,10.99,Noise,Right
1707218070623,0.546072,-0.279136,-0.691008,-41.44,-3.64,8.89,Noise,Right
1707218070623,0.532896,-0.304512,-0.769576,-48.79,-11.27,10.78,Noise,Right
1707218070624,0.552904,-0.283528,-0.769576,-46.27,-17.64,10.22,Noise,Right
1707218070624,0.5734,-0.237168,-0.702232,-40.04,-17.92,4.9,Noise,Right
1707218070670,0.607072,-0.237168,-0.620248,-36.26,-10.71,-1.89,Noise,Right
1707218070670,0.640256,-0.244488,-0.5612,-37.17,0.56,-5.81,Noise,Right
1707218070721,0.635864,-0.311832,-0.629032,-45.57,13.44,-1.68,Noise,Right
1707218070721,0.5978,-0.3172,-0.765184,-53.55,18.27,8.96,Noise,Right
1707218070722,0.581696,-0.314272,-0.916952,-56.98,11.48,20.79,Noise,Right
1707218070835,0.535336,-0.245952,-0.970632,-43.47,0.84,25.27,Noise,Right
1707218070840,0.506544,-0.144448,-0.908168,-30.38,-12.88,18.27,Noise,Right
1707218070844,0.544608,-0.099552,-0.8052,-26.74,-23.24,3.22,Noise,Right
1707218070844,0.599752,-0.151768,-0.733464,-24.29,-22.12,-11.69,Noise,Right
1707218070845,0.650016,-0.196664,-0.682712,-26.04,-13.44,-18.9,Noise,Right
1707218070846,0.679784,-0.274744,-0.724192,-35.14,-2.73,-14.56,Noise,Right
1707218070847,0.696864,-0.282064,-0.798368,-40.88,5.81,-2.94,Noise,Right
1707218070872,0.672952,-0.25376,-0.897432,-42.21,9.87,7.49,Noise,Right
1707218070872,0.648552,-0.211304,-0.964776,-40.18,7.07,13.93,Noise,Right
1707218070918,0.611464,-0.20008,-1.016992,-34.72,0.42,15.33,Noise,Right
1707218070918,0.609512,-0.159088,-1.00772,-22.61,-9.1,12.81,Noise,Right
1707218070919,0.207888,0.662704,-0.152256,-19.25,-20.37,8.19,Noise,Right
1707218071278,0.584624,-0.194224,-0.776408,-5.74,-5.11,-5.74,Noise,Right
1707218071322,0.550464,-0.18056,-0.806664,-10.5,-5.74,-3.92,Noise,Right
1707218071322,0.533384,-0.177632,-0.815936,-11.69,-3.71,-3.85,Noise,Right
1707218071374,0.53192,-0.169824,-0.821792,-11.2,0.42,-3.57,Noise,Right
1707218071374,0.535336,-0.159088,-0.811544,-8.33,6.93,-4.83,Noise,Right
1707218071374,0.557784,-0.182512,-0.84668,-2.45,16.73,-6.65,Noise,Right
1707218071504,0.56608,-0.157136,-0.874984,8.12,23.94,-9.73,Noise,Right
1707218071505,0.6222,-0.185928,-0.854,12.04,24.78,-9.87,Noise,Right
1707218071505,0.615856,-0.20496,-0.893528,4.76,21.84,-9.1,Noise,Right
1707218071505,0.655872,-0.251808,-0.909144,6.58,18.97,-7.98,Noise,Right
1707218071506,0.667584,-0.24644,-0.887672,9.73,18.48,-2.8,Noise,Right
1707218071506,0.682224,-0.232288,-0.85156,6.23,19.39,2.38,Noise,Right
1707218071506,0.682224,-0.202032,-0.874496,4.97,23.24,6.65,Noise,Right
1707218071556,0.66612,-0.188368,-0.90768,4.69,26.32,7.42,Noise,Right
1707218071557,0.67344,-0.19764,-0.970144,11.13,29.75,6.58,Noise,Right
1707218071557,0.68808,-0.183488,-1.006256,23.45,31.99,4.48,Noise,Right
1707218071557,0.685152,-0.201056,-1.030656,32.69,30.8,3.01,Noise,Right
1707218071603,0.67832,-0.213256,-1.052128,40.53,27.02,3.85,Noise,Right
1707218071603,0.65636,-0.221552,-1.062376,45.5,17.43,6.58,Noise,Right
1707218071603,0.64172,-0.22204,-1.016504,50.68,4.62,5.81,Noise,Right
1707218071650,0.643672,-0.232288,-0.930128,53.83,-6.09,3.57,Noise,Right
1707218071651,0.6588,-0.230824,-0.801784,55.72,-9.38,0.63,Noise,Right
1707218071651,0.667096,-0.252296,-0.700768,52.15,-2.87,-0.91,Noise,Right
1707218071698,0.660752,-0.270352,-0.672464,49.28,11.06,0.91,Noise,Right
1707218071698,0.645136,-0.277184,-0.726144,45.71,24.99,4.48,Noise,Right
1707218071744,0.621712,-0.2928,-0.805688,45.57,31.64,8.12,Noise,Right
1707218071745,0.592432,-0.296216,-0.88084,54.04,29.26,10.71,Noise,Right
1707218071745,0.533872,-0.28304,-0.912072,62.51,18.27,12.6,Noise,Right
1707218071792,0.524112,-0.244,-0.84912,67.9,1.47,9.73,Noise,Right
1707218071792,0.513864,-0.215208,-0.750056,70.63,-11.2,1.26,Noise,Right
1707218071792,0.523136,-0.233752,-0.635376,71.61,-16.45,-11.97,Noise,Right
1707218071836,0.569496,-0.37332,-0.518744,70.14,-11.69,-22.75,Noise,Right
1707218071836,0.609512,-0.319152,-0.464576,62.93,1.82,-28.07,Noise,Right
1707218071836,0.615856,-0.378688,-0.502152,58.38,20.79,-26.18,Noise,Right
1707218071892,0.63928,-0.426024,-0.53924,56.35,34.02,-19.81,Noise,Right
1707218071893,0.602192,-0.423096,-0.601216,56.35,38.92,-11.27,Noise,Right
1707218071940,0.56608,-0.380152,-0.659288,53.9,32.55,-5.04,Noise,Right
1707218071940,0.547048,-0.381128,-0.709552,52.78,17.29,-3.08,Noise,Right
1707218071940,0.528504,-0.322568,-0.665144,60.76,1.19,-7.63,Noise,Right
1707218072059,0.515816,-0.293288,-0.576816,55.44,-16.8,-17.29,Noise,Right
1707218072059,0.535336,-0.333304,-0.508984,49.91,-28.98,-27.72,Noise,Right
1707218072060,0.603168,-0.33672,-0.399672,48.09,-30.31,-38.43,Noise,Right
1707218072060,0.663192,-0.398696,-0.345016,44.38,-20.79,-45.57,Noise,Right
1707218072060,0.704184,-0.436272,-0.331352,50.33,-1.82,-49.84,Noise,Right
1707218072060,0.725168,-0.477264,-0.36112,39.06,13.3,-37.1,Noise,Right
1707218072060,0.718336,-0.501664,-0.41236,36.96,25.97,-25.62,Noise,Right
1707218072106,0.666608,-0.491416,-0.469456,33.32,29.89,-15.89,Noise,Right
1707218072106,0.635864,-0.472872,-0.538264,30.1,23.24,-9.59,Noise,Right
1707218072106,0.609024,-0.412848,-0.538752,29.68,8.82,-10.43,Noise,Right
1707218072226,0.610976,-0.37576,-0.482632,29.75,-6.51,-18.2,Noise,Right
1707218072226,0.640256,-0.357216,-0.416264,28.7,-18.13,-29.75,Noise,Right
1707218072226,0.699304,-0.413336,-0.37576,28.91,-20.72,-38.29,Noise,Right
1707218072226,0.730048,-0.45872,-0.361608,27.16,-18.13,-39.2,Noise,Right
1707218072226,0.777384,-0.498736,-0.357704,26.25,-9.73,-33.18,Noise,Right
1707218072226,0.780312,-0.491416,-0.33916,22.4,0.14,-24.36,Noise,Right
1707218072226,0.783728,-0.499224,-0.358192,18.2,13.3,-16.45,Noise,Right
1707218072273,0.770064,-0.472872,-0.403576,15.89,23.94,-10.29,Noise,Right
1707218072274,0.75396,-0.448472,-0.45628,14.0,25.76,-7.42,Noise,Right
1707218072274,0.728096,-0.44896,-0.487024,12.39,19.81,-6.3,Noise,Right
1707218072320,0.717848,-0.432856,-0.475312,12.04,11.48,-8.26,Noise,Right
1707218072320,0.728096,-0.429928,-0.456768,12.11,4.27,-11.13,Noise,Right
1707218072320,0.736392,-0.434808,-0.435784,14.35,2.17,-15.05,Noise,Right
1707218072365,0.7686,-0.423584,-0.403576,13.02,1.96,-17.29,Noise,Right
1707218072366,0.794464,-0.499224,-0.437248,10.22,3.85,-15.61,Noise,Right
1707218072366,0.774456,-0.4758,-0.430904,13.93,8.61,-10.36,Noise,Right
1707218072416,0.760304,-0.477264,-0.437248,10.92,9.66,-6.02,Noise,Right
1707218072421,0.751032,-0.4514,-0.42212,9.03,10.71,-3.57,Noise,Right
1707218072459,0.745176,-0.421144,-0.4148,8.26,12.04,-4.76,Noise,Right
1707218072460,0.743224,-0.427976,-0.416264,7.91,13.51,-9.31,Noise,Right
1707218072460,0.752984,-0.443104,-0.442616,10.22,13.09,-12.39,Noise,Right
1707218072505,0.76616,-0.473848,-0.4758,12.74,10.99,-12.04,Noise,Right
1707218072506,0.764696,-0.432856,-0.435296,16.8,7.63,-11.13,Noise,Right
1707218072506,0.762744,-0.451888,-0.40504,12.81,4.2,-11.62,Noise,Right
1707218072551,0.765184,-0.44896,-0.396744,13.65,5.25,-11.62,Noise,Right
1707218072551,0.76372,-0.447984,-0.388936,10.29,5.74,-10.99,Noise,Right
1707218072552,0.792512,-0.452864,-0.345992,6.79,7.91,-10.71,Noise,Right
1707218072604,0.808128,-0.48556,-0.34892,7.21,14.35,-9.31,Noise,Right
1707218072604,0.813008,-0.489464,-0.32452,5.67,17.08,-4.55,Noise,Right
1707218072720,0.8174,-0.5246,-0.345504,2.73,18.97,2.8,Noise,Right
1707218072720,0.777384,-0.467504,-0.390888,6.58,19.04,7.07,Noise,Right
1707218072721,0.755912,-0.391376,-0.37332,9.1,12.18,1.12,Noise,Right
1707218072721,0.755912,-0.40748,-0.354288,8.82,7.07,-7.0,Noise,Right
1707218072721,0.782752,-0.446032,-0.345504,6.23,5.04,-12.6,Noise,Right
1707218072721,0.803736,-0.501664,-0.366,4.27,5.46,-12.67,Noise,Right
1707218072721,0.81984,-0.5368,-0.377712,3.15,4.9,-6.44,Noise,Right
1707218072769,0.835944,-0.492392,-0.338672,1.82,4.9,0.91,Noise,Right
1707218072769,0.827648,-0.447008,-0.327448,-0.56,7.49,3.15,Noise,Right
1707218072769,0.796904,-0.438712,-0.34404,-1.4,13.79,1.54,Noise,Right
1707218072814,0.78324,-0.450912,-0.410408,-1.89,14.91,-1.05,Noise,Right
1707218072815,0.781288,-0.464088,-0.430416,1.12,9.24,-1.61,Noise,Right
1707218072815,0.791048,-0.4636,-0.393816,4.76,4.76,-0.28,Noise,Right
1707218072862,0.79056,-0.452864,-0.327936,7.63,5.04,-0.28,Noise,Right
1707218072862,0.789584,-0.445056,-0.27816,4.76,6.02,-1.54,Noise,Right
1707218072863,0.78568,-0.471896,-0.293288,0.77,6.72,-2.66,Noise,Right
1707218072911,0.814472,-0.4636,-0.307928,-0.56,7.42,-2.52,Noise,Right
1707218072912,0.838384,-0.477264,-0.299144,-1.61,8.75,-0.77,Noise,Right
1707218072912,0.816912,-0.46604,-0.30988,-1.47,13.93,1.82,Noise,Right
1707218073042,0.809592,-0.442616,-0.34404,-4.48,15.54,3.57,Noise,Right
1707218073043,0.779824,-0.455792,-0.384544,-3.57,14.63,3.43,Noise,Right
1707218073043,0.734928,-0.428464,-0.399184,-3.22,6.65,1.19,Noise,Right
1707218073043,0.738832,-0.461648,-0.413824,-5.39,-5.53,-0.42,Noise,Right
1707218073043,0.740784,-0.460672,-0.386984,-3.99,-17.57,-1.19,Noise,Right
1707218073043,0.748592,-0.449936,-0.355264,-2.73,-26.88,-1.54,Noise,Right
1707218073043,0.742248,-0.440664,-0.301584,-5.18,-35.98,-2.03,Noise,Right
1707218073096,0.748592,-0.456768,-0.277184,-9.17,-41.37,-2.38,Noise,Right
1707218073096,0.753472,-0.430416,-0.225944,-10.71,-43.19,-4.13,Noise,Right
1707218073096,0.783728,-0.403576,-0.184464,-16.17,-40.81,-6.79,Noise,Right
1707218073096,0.817888,-0.455792,-0.209352,-20.16,-34.65,-8.54,Noise,Right
1707218073144,0.823744,-0.453352,-0.23912,-20.44,-30.17,-5.39,Noise,Right
1707218073144,0.799344,-0.464088,-0.300608,-28.28,-33.25,1.4,Noise,Right
1707218073190,0.75396,-0.509472,-0.393328,-34.02,-43.61,11.34,Noise,Right
1707218073190,0.679296,-0.46116,-0.438712,-35.7,-61.18,22.19,Noise,Right
1707218073191,0.621224,-0.398208,-0.439688,-40.67,-84.98,27.23,Noise,Right
1707218073235,0.608048,-0.327448,-0.395768,-42.35,-103.04,22.26,Noise,Right
1707218073235,0.643184,-0.286456,-0.315248,-43.82,-111.51,8.89,Noise,Right
1707218073235,0.724192,-0.310856,-0.20984,-44.31,-105.21,-5.67,Noise,Right
1707218073283,0.794952,-0.356728,-0.096136,-46.76,-84.28,-13.09,Noise,Right
1707218073283,0.808128,-0.488488,-0.114192,-57.12,-55.23,-4.76,Noise,Right
1707218073283,0.762744,-0.574376,-0.264984,-64.89,-27.72,17.85,Noise,Right
1707218073329,0.62708,-0.540216,-0.442128,-76.58,-16.66,45.92,Noise,Right
1707218073330,0.533872,-0.470432,-0.6344,-89.95,-23.8,67.55,Noise,Right
1707218073374,0.442128,-0.353312,-0.774944,-90.79,-39.06,73.85,Noise,Right
1707218073375,0.384056,-0.213744,-0.789096,-83.44,-58.94,61.95,Noise,Right
1707218073375,0.371368,-0.103456,-0.744688,-87.15,-72.94,42.7,Noise,Right
1707218073425,0.482144,-0.12444,-0.548024,-72.31,-69.79,2.31,Noise,Right
1707218073426,0.582672,-0.232776,-0.42212,-67.48,-46.55,-19.46,Noise,Right
1707218073426,0.631472,-0.341112,-0.492392,-72.17,-12.25,-19.25,Noise,Right
1707218073552,0.653432,-0.471408,-0.693448,-96.46,6.86,8.82,Noise,Right
1707218073553,0.624152,-0.492392,-0.912072,-105.7,17.71,42.14,Noise,Right
1707218073553,0.530456,-0.327448,-0.99552,-98.42,18.69,64.19,Noise,Right
1707218073553,0.499712,-0.23912,-0.978928,-90.93,10.22,67.34,Noise,Right
1707218073553,0.400648,-0.11224,-1.004304,-74.2,4.13,54.95,Noise,Right
1707218073553,0.411384,-0.018544,-0.904752,-55.51,-1.82,24.08,Noise,Right
1707218073554,0.450424,-0.025864,-0.879864,-54.18,-8.47,-5.74,Noise,Right
1707218073690,0.5124,-0.11956,-0.911584,-61.39,-14.7,-22.4,Noise,Right
1707218073690,0.589992,-0.251808,-0.92476,-67.27,-14.84,-22.26,Noise,Right
1707218073690,0.603656,-0.271816,-0.91012,-61.46,-3.01,-12.39,Noise,Right
1707218073690,0.616344,-0.22936,-0.940864,-59.99,11.34,-1.05,Noise,Right
1707218073690,0.587552,-0.236192,-1.02236,-58.17,19.39,8.47,Noise,Right
1707218073690,0.538264,-0.20252,-1.107272,-49.49,18.34,14.98,Noise,Right
1707218073691,0.506056,-0.142984,-1.12484,-42.56,5.46,16.73,Noise,Right
1707218073691,0.511424,-0.110776,-1.096048,-39.97,-14.77,12.25,Noise,Right
1707218073733,0.576328,-0.122488,-1.05652,-35.21,-29.12,6.72,Noise,Right
1707218073733,0.61732,-0.136152,-0.972096,-25.69,-30.87,2.52,Noise,Right
1707218073733,0.65636,-0.1586,-0.850096,-14.7,-17.57,0.42,Noise,Right
1707218073781,0.633424,-0.166896,-0.769088,-8.96,3.78,2.17,Noise,Right
1707218073782,0.610976,-0.169336,-0.806176,-14.77,24.08,7.84,Noise,Right
1707218073782,0.526064,-0.190808,-0.925248,-22.47,28.84,15.68,Noise,Right
1707218073826,0.496296,-0.185928,-0.996496,-28.84,21.49,22.05,Noise,Right
1707218073826,0.449448,-0.148352,-1.045296,-25.48,9.87,23.94,Noise,Right
1707218073826,0.41724,-0.10004,-1.026264,-18.76,-6.72,18.83,Noise,Right
1707218073871,0.429928,-0.062464,-0.97112,-10.64,-20.23,8.26,Noise,Right
1707218073873,0.475312,-0.055632,-0.857416,-3.43,-26.18,-4.48,Noise,Right
1707218073919,0.545096,-0.093696,-0.76616,-3.43,-21.84,-12.39,Noise,Right
1707218073919,0.586576,-0.142496,-0.714432,-4.62,-6.23,-12.6,Noise,Right
1707218073919,0.602192,-0.152744,-0.723704,-7.98,14.0,-6.86,Noise,Right
1707218073965,0.583648,-0.166896,-0.798368,-15.05,29.54,2.87,Noise,Right
1707218073965,0.53924,-0.172264,-0.877912,-15.33,38.29,11.69,Noise,Right
1707218073965,0.496784,-0.14152,-0.92964,-10.5,39.76,16.94,Noise,Right
1707218074013,0.625616,-0.224968,-1.159976,45.64,67.34,22.4,Noise,Right
1707218074013,0.548512,-0.035136,-0.940376,8.61,5.11,19.6,Noise,Right
1707218074013,0.5124,-0.093696,-0.888648,-4.55,-18.69,8.12,Noise,Right
1707218074060,0.564128,-0.108336,-0.799832,1.4,-24.01,0.0,Noise,Right
1707218074061,0.636352,-0.135176,-0.697352,9.03,-5.18,-2.31,Noise,Right
1707218074109,0.55876,-0.135664,-0.830576,3.92,-5.46,-10.85,Noise,Right
1707218074109,0.499712,-0.116144,-0.796904,-0.49,-6.09,-12.81,Noise,Right
1707218074109,0.601704,-0.21472,-0.748104,1.47,4.41,-10.92,Noise,Right
1707218074154,0.499224,-0.140056,-0.811056,3.99,14.42,4.69,Noise,Right
1707218074154,0.522648,-0.140544,-0.833504,10.08,25.13,8.54,Noise,Right
1707218074154,0.55632,-0.16348,-0.759328,-6.72,-0.21,2.24,Noise,Right
1707218074201,0.578768,-0.145424,-0.849608,-5.18,7.63,1.33,Noise,Right
1707218074202,0.56608,-0.114192,-0.793,-1.26,-0.56,-2.24,Noise,Right
1707218074202,0.548024,-0.143472,-0.817888,-2.87,-2.17,0.35,Noise,Right
1707218074247,0.55632,-0.14152,-0.789584,-2.45,-9.17,0.77,Noise,Right
1707218074248,0.57584,-0.1586,-0.804712,-4.2,-8.68,1.82,Noise,Right
1707218074294,0.59048,-0.183976,-0.80032,-2.31,0.21,-1.68,Noise,Right
1707218074294,0.539728,-0.149816,-0.813496,-1.33,0.49,-2.45,Noise,Right
1707218074294,0.549,-0.153232,-0.81984,-0.7,6.09,-3.08,Noise,Right
1707218074347,0.55632,-0.144448,-0.813984,-1.12,2.66,-1.82,Noise,Right
1707218074347,0.540704,-0.176168,-0.7808,-3.22,3.15,-0.07,Noise,Right
1707218074347,0.563152,-0.142496,-0.803248,-3.5,-0.21,0.63,Noise,Right
1707218074471,0.564616,-0.143472,-0.817888,-3.57,-1.61,0.98,Noise,Right
1707218074471,0.560712,-0.133224,-0.80032,-1.47,-8.4,-1.96,Noise,Right
1707218074471,0.572424,-0.162504,-0.80276,-1.26,-5.88,-2.8,Noise,Right
1707218074471,0.530456,-0.148352,-0.788608,-1.05,-4.55,-1.89,Noise,Right
1707218074472,0.553392,-0.147864,-0.821792,-1.54,-0.07,-2.66,Noise,Right
1707218074472,0.532896,-0.144448,-0.806664,-1.12,3.15,-2.94,Noise,Right
1707218074472,0.545096,-0.165432,-0.821304,0.21,8.54,-5.11,Noise,Right
1707218074607,0.549,-0.1952,-0.802272,0.98,1.61,-10.57,Noise,Right
1707218074607,0.56364,-0.140056,-0.81252,-5.32,3.15,-7.7,Noise,Right
1707218074607,0.557784,-0.140544,-0.811056,-8.75,5.25,-8.54,Noise,Right
1707218074607,0.575352,-0.145912,-0.80032,-10.5,6.09,-10.57,Noise,Right
1707218074607,0.572912,-0.162016,-0.83936,-7.49,12.67,-11.13,Noise,Right
1707218074607,0.598288,-0.190808,-0.899384,3.85,15.61,-10.78,Noise,Right
1707218074608,0.625616,-0.183,-0.918416,2.31,14.42,-5.18,Noise,Right
1707218074608,0.643672,-0.157136,-0.906704,0.98,16.17,-1.47,Noise,Right
1707218074655,0.66124,-0.123952,-0.915,0.21,23.52,-1.4,Noise,Right
1707218074655,0.682224,-0.113704,-0.952576,6.79,33.88,-6.02,Noise,Right
1707218074655,0.700768,-0.140056,-1.00528,17.29,38.22,-8.54,Noise,Right
1707218074703,0.672952,-0.187392,-1.07604,23.94,36.26,-5.74,Noise,Right
1707218074703,0.67344,-0.196176,-1.09556,31.43,25.2,-0.84,Noise,Right
1707218074703,0.637328,-0.175192,-1.102392,37.24,10.15,3.78,Noise,Right
1707218074755,0.629032,-0.167872,-1.048224,40.95,-7.21,4.97,Noise,Right
1707218074756,0.622688,-0.13664,-0.945744,48.09,-16.59,1.54,Noise,Right
1707218074756,0.6344,-0.115168,-0.80764,49.0,-17.08,-4.2,Noise,Right
1707218074879,0.642208,-0.133712,-0.720288,48.86,-5.95,-12.04,Noise,Right
1707218074879,0.650504,-0.159576,-0.6832,48.16,12.81,-18.34,Noise,Right
1707218074879,0.63684,-0.2318,-0.772992,45.99,30.31,-18.55,Noise,Right
1707218074879,0.649528,-0.272304,-0.851072,50.47,38.01,-12.81,Noise,Right
1707218074879,0.61,-0.273768,-0.911096,60.27,36.33,-4.62,Noise,Right
1707218074879,0.56608,-0.223992,-0.938424,63.84,22.89,2.8,Noise,Right
1707218074879,0.539728,-0.198616,-0.906216,65.31,4.06,5.18,Noise,Right
1707218074933,0.511912,-0.131272,-0.778848,70.0,-9.45,-3.64,Noise,Right
1707218074934,0.554856,-0.121024,-0.642208,70.0,-14.77,-21.56,Noise,Right
1707218074934,0.626104,-0.165432,-0.534848,69.79,-7.49,-37.31,Noise,Right
1707218074934,0.651968,-0.23668,-0.483608,68.25,7.0,-45.15,Noise,Right
1707218074980,0.662216,-0.320616,-0.499712,64.89,22.19,-44.38,Noise,Right
1707218074980,0.651968,-0.389424,-0.5734,60.34,33.32,-34.23,Noise,Right
1707218075026,0.645136,-0.384544,-0.652456,54.18,37.66,-18.55,Noise,Right
1707218075027,0.620248,-0.34404,-0.70028,53.41,32.9,-8.68,Noise,Right
1707218075027,0.593408,-0.306952,-0.6954,56.49,21.21,-6.02,Noise,Right
1707218075074,0.56608,-0.245464,-0.634888,59.29,8.61,-10.08,Noise,Right
1707218075074,0.57096,-0.203008,-0.531432,57.47,-2.8,-22.61,Noise,Right
1707218075074,0.61732,-0.225456,-0.462136,49.91,-9.38,-37.73,Noise,Right
1707218075118,0.689544,-0.36112,-0.469944,46.9,-4.48,-43.89,Noise,Right
1707218075119,0.694912,-0.38796,-0.455792,52.99,5.46,-42.14,Noise,Right
1707218075119,0.714432,-0.369904,-0.43676,49.91,12.39,-35.49,Noise,Right
1707218075166,0.716872,-0.379664,-0.431392,41.16,19.67,-28.07,Noise,Right
1707218075167,0.724192,-0.38064,-0.460672,33.46,27.51,-17.71,Noise,Right
1707218075212,0.705648,-0.364536,-0.503616,35.07,32.62,-14.35,Noise,Right
1707218075212,0.686616,-0.345504,-0.538264,33.6,28.56,-12.53,Noise,Right
1707218075212,0.662216,-0.325496,-0.539728,33.39,17.99,-13.16,Noise,Right
1707218075266,0.67588,-0.328912,-0.517768,31.22,5.25,-17.64,Noise,Right
1707218075266,0.701744,-0.345016,-0.467992,33.88,-3.5,-21.77,Noise,Right
1707218075266,0.72956,-0.360632,-0.428952,32.83,-8.82,-24.99,Noise,Right
1707218075322,0.765184,-0.366976,-0.38064,31.5,-10.15,-24.71,Noise,Right
1707218075322,0.794464,-0.394792,-0.342576,28.07,-4.13,-23.1,Noise,Right
1707218075322,0.778848,-0.400648,-0.363072,26.11,5.74,-18.48,Noise,Right
1707218075369,0.77104,-0.406016,-0.416264,23.73,15.26,-14.14,Noise,Right
1707218075370,0.759816,-0.376248,-0.432856,23.24,20.65,-10.78,Noise,Right
1707218075370,0.754936,-0.374784,-0.475312,20.51,20.79,-8.82,Noise,Right
1707218075415,0.73932,-0.352336,-0.48312,20.16,15.19,-9.38,Noise,Right
1707218075415,0.74908,-0.36112,-0.494832,17.64,7.63,-11.2,Noise,Right
1707218075415,0.767624,-0.37088,-0.48068,19.39,1.75,-14.07,Noise,Right
1707218075467,0.775432,-0.38064,-0.431392,21.28,-2.1,-16.45,Noise,Right
1707218075468,0.809104,-0.36844,-0.358192,21.77,-3.01,-18.06,Noise,Right
1707218075468,0.823744,-0.369904,-0.316712,18.41,1.82,-17.99,Noise,Right
1707218075525,0.821792,-0.4026,-0.345992,10.78,9.59,-15.26,Noise,Right
1707218075526,0.810568,-0.427,-0.423096,8.05,16.17,-10.99,Noise,Right
1707218075526,0.789584,-0.438224,-0.482144,11.62,18.13,-6.02,Noise,Right
1707218075576,0.754936,-0.379176,-0.48556,13.72,13.02,-3.15,Noise,Right
1707218075577,0.772016,-0.36112,-0.45872,11.2,5.25,-4.34,Noise,Right
1707218075578,0.788608,-0.357704,-0.425048,11.48,1.54,-7.14,Noise,Right
1707218075629,0.808128,-0.369904,-0.394304,11.83,3.57,-11.55,Noise,Right
1707218075629,0.813496,-0.374784,-0.371856,12.25,7.21,-12.67,Noise,Right
1707218075629,0.844728,-0.394792,-0.369904,9.8,10.29,-12.32,Noise,Right
1707218075629,0.855952,-0.432856,-0.38552,8.54,13.3,-9.1,Noise,Right
1707218075676,0.84912,-0.434808,-0.391376,6.65,15.47,-3.36,Noise,Right
1707218075676,0.829112,-0.442128,-0.428464,3.5,14.56,4.55,Noise,Right
1707218075722,0.808128,-0.434808,-0.429928,4.2,11.27,10.43,Noise,Right
1707218075723,0.782264,-0.374296,-0.397232,6.79,10.36,11.55,Noise,Right
1707218075723,0.786656,-0.322568,-0.359656,6.72,8.82,5.6,Noise,Right
1707218075766,0.80276,-0.341112,-0.340624,8.26,9.8,-2.66,Noise,Right
1707218075766,0.833992,-0.393816,-0.3416,8.47,13.79,-7.56,Noise,Right
1707218075768,0.835944,-0.435784,-0.36356,8.89,16.8,-7.56,Noise,Right
1707218075813,0.840336,-0.452376,-0.378688,6.58,15.68,-2.59,Noise,Right
1707218075813,0.840336,-0.449448,-0.376248,3.01,12.46,4.48,Noise,Right
1707218075861,0.83204,-0.430416,-0.348432,1.19,12.95,8.54,Noise,Right
1707218075861,0.801296,-0.416264,-0.37576,0.56,14.07,8.96,Noise,Right
1707218075861,0.767624,-0.384056,-0.388936,-1.68,9.8,6.65,Noise,Right
1707218075908,0.782752,-0.38064,-0.381128,-1.96,7.84,2.45,Noise,Right
1707218075908,0.782752,-0.499224,-0.373808,-1.4,5.53,-3.36,Noise,Right
1707218075908,0.811056,-0.415776,-0.361608,0.91,5.39,-6.37,Noise,Right
1707218075956,0.812032,-0.435784,-0.352824,3.5,5.25,-6.51,Noise,Right
1707218075956,0.819352,-0.447984,-0.344528,2.45,2.59,-3.57,Noise,Right
1707218075956,0.8174,-0.442616,-0.34404,1.96,1.47,-0.21,Noise,Right
1707218076002,0.804224,-0.40748,-0.337208,0.0,-0.77,1.19,Noise,Right
1707218076002,0.801784,-0.384056,-0.35624,-2.31,-0.35,0.07,Noise,Right
1707218076002,0.803736,-0.390888,-0.369904,-1.75,0.56,-3.08,Noise,Right
1707218076050,0.811056,-0.416752,-0.378688,-1.61,-0.7,-5.67,Noise,Right
1707218076050,0.84424,-0.443592,-0.369416,-0.84,-2.8,-4.76,Noise,Right
1707218076105,0.847168,-0.435784,-0.327936,-0.49,-3.22,-0.7,Noise,Right
1707218076110,0.834968,-0.420168,-0.306952,-1.89,-1.75,2.87,Noise,Right
1707218076110,0.809104,-0.401624,-0.333792,-3.64,-0.21,4.27,Noise,Right
1707218076158,0.786168,-0.393328,-0.355752,-3.5,-2.24,1.89,Noise,Right
1707218076158,0.77104,-0.41236,-0.376248,-2.38,-7.14,-0.7,Noise,Right
1707218076158,0.774944,-0.405528,-0.382104,-2.1,-12.18,-2.1,Noise,Right
1707218076158,0.78812,-0.388936,-0.359656,-3.22,-17.29,-3.64,Noise,Right
1707218076205,0.795928,-0.413336,-0.334768,-5.32,-19.95,-4.97,Noise,Right
1707218076206,0.796416,-0.425536,-0.329888,-4.9,-18.48,-4.83,Noise,Right
1707218076251,0.790072,-0.399184,-0.2928,-5.04,-17.92,-7.0,Noise,Right
1707218076253,0.827648,-0.417728,-0.319152,-12.04,-17.15,-6.86,Noise,Right
1707218076253,0.840824,-0.446032,-0.34404,-11.62,-14.49,-3.43,Noise,Right
1707218076299,0.816424,-0.438224,-0.361608,-11.41,-16.94,2.03,Noise,Right
1707218076299,0.782752,-0.434808,-0.385032,-13.09,-24.36,8.61,Noise,Right
1707218076299,0.730048,-0.395768,-0.349896,-14.63,-36.47,12.04,Noise,Right
1707218076346,0.684664,-0.376248,-0.333792,-19.11,-49.14,10.99,Noise,Right
1707218076346,0.650992,-0.362584,-0.294752,-24.29,-61.6,8.47,Noise,Right
1707218076346,0.6588,-0.335744,-0.244488,-29.33,-68.25,3.01,Noise,Right
1707218076396,0.701744,-0.315248,-0.183,-35.28,-67.62,-3.99,Noise,Right
1707218076396,0.772992,-0.332328,-0.13664,-41.65,-56.91,-7.98,Noise,Right
1707218076396,0.81252,-0.390888,-0.169336,-47.11,-38.57,-6.23,Noise,Right
1707218076528,0.779824,-0.46116,-0.284016,-51.87,-23.1,4.9,Noise,Right
1707218076528,0.716384,-0.440664,-0.421632,-62.51,-20.51,22.05,Noise,Right
1707218076528,0.654896,-0.429928,-0.560712,-72.59,-30.31,38.29,Noise,Right
1707218076530,0.596336,-0.329888,-0.61488,-70.91,-41.65,45.57,Noise,Right
1707218076530,0.55632,-0.2562,-0.620736,-65.59,-52.78,39.13,Noise,Right
1707218076530,0.550464,-0.171776,-0.52704,-56.49,-57.75,21.35,Noise,Right
1707218076530,0.603168,-0.17812,-0.410408,-56.07,-54.67,-3.92,Noise,Right
1707218076579,0.687104,-0.295728,-0.38796,-63.49,-39.76,-13.93,Noise,Right
1707218076579,0.748104,-0.355264,-0.406016,-66.22,-16.94,-9.87,Noise,Right
1707218076579,0.730536,-0.399184,-0.537288,-80.57,-4.06,5.67,Noise,Right
1707218076630,0.700768,-0.439688,-0.698328,-91.7,-2.38,26.11,Noise,Right
1707218076634,0.6466,-0.389424,-0.813984,-88.62,-8.68,43.4,Noise,Right
1707218076638,0.593408,-0.2928,-0.857416,-79.17,-21.63,50.4,Noise,Right
1707218076672,0.569496,-0.203984,-0.829112,-71.75,-33.46,45.57,Noise,Right
1707218076672,0.555344,-0.150304,-0.782752,-62.09,-41.09,30.03,Noise,Right
1707218076672,0.572912,-0.094184,-0.694912,-55.79,-43.47,9.24,Noise,Right
1707218076717,0.61732,-0.197152,-0.676368,-61.95,-29.47,-9.1,Noise,Right
1707218076717,0.639768,-0.246928,-0.732,-68.95,-14.56,-8.54,Noise,Right
1707218076764,0.6832,-0.279624,-0.825208,-72.73,-0.98,-1.68,Noise,Right
1707218076764,0.670024,-0.283528,-0.930616,-69.51,7.42,9.24,Noise,Right
1707218076765,0.661728,-0.264496,-1.0004,-60.06,9.45,18.48,Noise,Right
1707218076810,0.635864,-0.226432,-1.03212,-51.17,1.82,24.29,Noise,Right
1707218076810,0.620736,-0.179096,-1.01504,-43.61,-11.34,25.97,Noise,Right
1707218076810,0.628056,-0.132248,-0.965264,-38.43,-24.64,22.82,Noise,Right
1707218076858,0.640744,-0.123464,-0.914512,-38.01,-32.13,20.09,Noise,Right
1707218076858,0.662704,-0.160552,-0.853512,-34.51,-25.27,17.15,Noise,Right
1707218076859,0.661728,-0.144936,-0.779336,-23.59,-5.67,14.42,Noise,Right
1707218076970,0.64172,-0.120536,-0.774944,-21.49,14.14,12.81,Noise,Right
1707218076970,0.594872,-0.15616,-0.872544,-32.41,21.84,17.01,Noise,Right
1707218076970,0.576328,-0.218624,-1.014552,-43.05,16.1,24.64,Noise,Right
1707218076970,0.5612,-0.225456,-1.09556,-41.51,3.15,32.9,Noise,Right
1707218076971,0.527528,-0.171776,-1.072136,-42.84,-13.65,50.47,Noise,Right
1707218076971,0.50996,-0.063928,-0.973072,-19.67,-28.84,29.54,Noise,Right
1707218077027,0.506056,-0.047336,-0.875472,-11.97,-31.43,14.56,Noise,Right
1707218077027,0.5368,-0.060024,-0.748104,-3.22,-21.28,-2.17,Noise,Right
1707218077027,0.555832,-0.0854,-0.676856,1.89,-2.52,-14.98,Noise,Right
1707218077027,0.567056,-0.149328,-0.713944,-4.34,14.28,-17.01,Noise,Right
1707218077074,0.554368,-0.235704,-0.833992,-12.88,22.89,-9.17,Noise,Right
1707218077074,0.539728,-0.252296,-0.92476,-14.42,21.28,4.27,Noise,Right
1707218077121,0.511912,-0.17568,-0.946232,-12.32,11.69,13.23,Noise,Right
1707218077122,0.481656,-0.109312,-0.923784,-10.29,-2.8,12.18,Noise,Right
1707218077122,0.489952,-0.06588,-0.8662,-8.47,-15.61,4.06,Noise,Right
1707218077170,0.518744,-0.087352,-0.786168,-6.58,-20.93,-7.35,Noise,Right
1707218077170,0.551928,-0.122,-0.715408,-3.92,-16.73,-15.96,Noise,Right
1707218077170,0.579744,-0.160064,-0.675392,-7.07,-5.32,-17.43,Noise,Right
1707218077275,0.598776,-0.183976,-0.696864,-12.25,9.1,-13.02,Noise,Right
1707218077275,0.611464,-0.191784,-0.75152,-15.75,21.98,-5.18,Noise,Right
1707218077275,0.649528,0.033184,-0.71492,5.95,-11.55,16.45,Noise,Right
1707218077459,0.562664,-0.148352,-0.815448,-3.78,-2.24,1.12,Noise,Right
1707218077682,0.555344,-0.147376,-0.80032,-2.1,0.07,-3.43,Noise,Right
1707218077857,0.71004,-0.174704,-0.902312,20.51,13.72,-0.21,Noise,Right
1707218077996,0.727608,-0.197152,-0.876448,22.05,18.34,1.82,Noise,Right
1707218077996,0.73688,-0.184464,-0.868152,25.97,26.88,3.92,Noise,Right
1707218077996,0.732,-0.18544,-0.887184,29.33,35.7,7.0,Noise,Right
1707218077996,0.711504,-0.18788,-0.913536,34.3,42.0,9.38,Noise,Right
1707218077996,0.662704,-0.199104,-0.964288,39.76,43.47,11.9,Noise,Right
1707218077996,0.652944,-0.197152,-0.977464,44.17,38.08,13.58,Noise,Right
1707218077996,0.62708,-0.179584,-0.98576,49.98,29.54,13.3,Noise,Right
1707218078101,0.5978,-0.17568,-0.967704,56.35,16.24,10.64,Noise,Right
1707218078101,0.5978,-0.154208,-0.877424,59.57,1.26,4.55,Noise,Right
1707218078101,0.629032,-0.183976,-0.789584,57.33,-7.07,-3.22,Noise,Right
1707218078101,0.650016,-0.211792,-0.691008,62.65,-0.91,-11.13,Noise,Right
1707218078101,0.667096,-0.184952,-0.589992,63.49,10.71,-17.78,Noise,Right
1707218078101,0.685152,-0.260592,-0.586576,57.19,27.93,-22.61,Noise,Right
1707218078101,0.696864,-0.324032,-0.63928,56.91,43.26,-19.88,Noise,Right
1707218078146,0.697352,-0.37088,-0.719312,59.85,50.82,-10.36,Noise,Right
1707218078146,0.642696,-0.358192,-0.782752,63.07,46.34,3.01,Noise,Right
1707218078146,0.589016,-0.325496,-0.833016,63.84,26.6,11.76,Noise,Right
1707218078195,0.551928,-0.216184,-0.770552,67.2,1.68,9.45,Noise,Right
1707218078197,0.548512,-0.180072,-0.661728,66.57,-17.64,-4.06,Noise,Right
1707218078240,0.584136,-0.183488,-0.540704,63.98,-25.2,-21.21,Noise,Right
1707218078240,0.657824,-0.237168,-0.477264,60.97,-19.32,-34.44,Noise,Right
1707218078240,0.701744,-0.319152,-0.445544,59.22,-5.46,-39.55,Noise,Right
1707218078290,0.718336,-0.399184,-0.46604,60.62,13.02,-36.61,Noise,Right
1707218078290,0.730048,-0.426024,-0.458232,63.21,24.43,-29.12,Noise,Right
1707218078290,0.711504,-0.421144,-0.49776,61.88,32.97,-18.41,Noise,Right
1707218078340,0.672952,-0.416752,-0.53924,58.66,30.52,-9.31,Noise,Right
1707218078341,0.6466,-0.367464,-0.53436,57.89,20.58,-4.62,Noise,Right
1707218078341,0.642696,-0.339648,-0.488976,55.58,7.77,-7.21,Noise,Right
1707218078399,0.659776,-0.305488,-0.408456,51.59,-1.26,-13.37,Noise,Right
1707218078399,0.703208,-0.345504,-0.345992,44.94,-3.43,-20.86,Noise,Right
1707218078399,0.722728,-0.40504,-0.349408,44.24,4.2,-25.69,Noise,Right
1707218078444,0.894992,-0.440176,-0.142984,51.17,16.17,-31.64,Noise,Right
1707218078444,0.708576,-0.420656,-0.3416,36.68,23.59,-21.84,Noise,Right
1707218078444,0.71004,-0.403576,-0.386496,35.07,26.74,-19.11,Noise,Right
1707218078490,0.70028,-0.415776,-0.426024,28.84,23.24,-17.43,Noise,Right
1707218078490,0.716872,-0.428952,-0.445544,27.93,15.4,-15.68,Noise,Right
1707218078490,0.720776,-0.415776,-0.441152,30.03,7.35,-15.61,Noise,Right
1707218078545,0.73688,-0.404552,-0.408944,29.96,-2.45,-16.1,Noise,Right
1707218078546,0.75396,-0.391376,-0.347944,29.75,-6.51,-17.71,Noise,Right
1707218078546,0.805688,-0.393328,-0.266448,25.97,-5.18,-20.51,Noise,Right
1707218078605,0.81252,-0.433344,-0.262056,22.33,7.77,-21.84,Noise,Right
1707218078605,0.804224,-0.440664,-0.298168,18.62,17.99,-18.13,Noise,Right
1707218078606,0.798856,-0.45628,-0.369904,11.2,22.47,-12.11,Noise,Right
1707218078709,0.801296,-0.484096,-0.46604,12.18,22.47,-7.42,Noise,Right
1707218078709,0.753472,-0.447496,-0.488,21.42,14.77,-3.99,Noise,Right
1707218078709,0.722728,-0.3904,-0.43432,21.35,-1.26,-2.73,Noise,Right
1707218078709,0.714432,-0.384056,-0.399184,16.59,-14.0,-7.14,Noise,Right
1707218078709,0.748592,-0.371368,-0.355752,16.03,-21.56,-14.14,Noise,Right
1707218078709,0.779824,-0.386984,-0.298656,16.87,-23.24,-22.05,Noise,Right
1707218078709,0.849608,-0.41236,-0.23424,15.96,-15.75,-25.62,Noise,Right
1707218078755,0.878888,-0.462136,-0.231312,13.23,-1.54,-23.73,Noise,Right
1707218078755,0.754936,-0.49532,-0.293776,10.5,14.07,-14.98,Noise,Right
1707218078801,0.83448,-0.475312,-0.369904,8.47,20.79,-5.25,Noise,Right
1707218078802,0.806176,-0.476288,-0.44652,3.99,17.29,3.08,Noise,Right
1707218078802,0.793488,-0.435784,-0.484096,4.97,9.38,8.19,Noise,Right
1707218078856,0.7686,-0.381616,-0.449448,7.77,0.42,7.21,Noise,Right
1707218078856,0.774456,-0.37088,-0.401624,9.03,-6.02,-1.33,Noise,Right
1707218078856,0.794952,-0.388936,-0.340624,11.97,-4.76,-10.43,Noise,Right
1707218078981,0.81496,-0.415776,-0.301096,13.58,0.7,-15.96,Noise,Right
1707218078981,0.845216,-0.458232,-0.289872,10.5,7.28,-14.7,Noise,Right
1707218078981,0.83692,-0.483608,-0.320616,7.0,12.95,-9.45,Noise,Right
1707218078982,0.816912,-0.487512,-0.369416,3.64,14.63,-1.75,Noise,Right
1707218078982,0.802272,-0.468968,-0.415776,2.38,12.04,3.5,Noise,Right
1707218078982,0.7808,-0.450424,-0.420168,4.9,6.02,5.39,Noise,Right
1707218078982,0.781776,-0.415776,-0.374784,7.0,-2.45,4.55,Noise,Right
1707218079034,0.797392,-0.399184,-0.30744,9.17,-6.23,-0.21,Noise,Right
1707218079034,0.803736,-0.398208,-0.250344,8.54,-5.74,-4.97,Noise,Right
1707218079034,0.829112,-0.418216,-0.228384,4.13,-1.05,-7.7,Noise,Right
1707218079034,0.851072,-0.43676,-0.250832,0.42,7.63,-8.12,Noise,Right
1707218079082,0.848144,-0.460672,-0.308416,-2.45,15.05,-5.74,Noise,Right
1707218079082,0.842776,-0.465064,-0.374784,-3.5,16.66,-0.63,Noise,Right
1707218079082,0.808128,-0.450912,-0.404552,-2.59,11.9,3.01,Noise,Right
1707218079128,0.772016,-0.414312,-0.40992,-1.33,3.08,3.22,Noise,Right
1707218079128,0.765184,-0.428464,-0.39528,-0.21,-6.23,0.35,Noise,Right
1707218079175,0.770552,-0.435784,-0.358192,2.8,-13.23,-1.4,Noise,Right
1707218079175,0.773968,-0.437736,-0.30256,1.47,-18.76,-0.77,Noise,Right
1707218079175,0.783728,-0.425536,-0.276696,-0.63,-20.79,-1.89,Noise,Right
1707218079221,0.813008,-0.413824,-0.220576,-2.59,-17.08,-5.39,Noise,Right
1707218079221,0.82716,-0.403576,-0.22448,-4.13,-9.66,-7.56,Noise,Right
1707218079221,0.839848,-0.416752,-0.270352,-6.72,-3.08,-8.47,Noise,Right
1707218079266,0.830576,-0.4514,-0.330864,-9.03,-2.31,-6.79,Noise,Right
1707218079268,0.82228,-0.478728,-0.400648,-13.16,-8.12,0.84,Noise,Right
1707218079311,0.786168,-0.477264,-0.440176,-14.07,-19.46,11.62,Noise,Right
1707218079312,0.72468,-0.427,-0.450424,-13.51,-35.84,17.36,Noise,Right
1707218079312,0.71492,-0.384544,-0.408944,-15.33,-55.65,15.4,Noise,Right
1707218079365,0.70028,-0.36356,-0.338184,-14.21,-67.9,6.09,Noise,Right
1707218079365,0.721264,-0.34892,-0.259128,-13.51,-71.75,-5.6,Noise,Right
1707218079365,0.770552,-0.367464,-0.193248,-15.47,-68.6,-16.31,Noise,Right
1707218079488,0.828624,-0.43432,-0.188368,-19.74,-56.21,-17.99,Noise,Right
1707218079488,0.867176,-0.47092,-0.23668,-25.2,-44.66,-10.71,Noise,Right
1707218079488,0.838384,-0.5124,-0.357704,-33.39,-39.62,5.46,Noise,Right
1707218079490,0.764696,-0.513864,-0.478728,-41.44,-46.83,25.27,Noise,Right
1707218079490,0.68808,-0.452376,-0.533384,-45.85,-61.81,40.95,Noise,Right
1707218079490,0.610488,-0.366488,-0.54656,-47.39,-79.8,44.52,Noise,Right
1707218079490,0.56608,-0.280112,-0.50508,-47.95,-94.22,35.7,Noise,Right
1707218079626,0.584624,-0.253272,-0.425048,-46.34,-99.19,19.11,Noise,Right
1707218079626,0.649528,-0.281576,-0.311832,-45.01,-88.97,1.12,Noise,Right
1707218079628,0.73932,-0.358192,-0.211304,-46.2,-61.88,-8.68,Noise,Right
1707218079628,0.774944,-0.477752,-0.224968,-50.19,-23.8,-5.32,Noise,Right
1707218079628,0.733952,-0.54656,-0.38552,-59.57,5.6,16.03,Noise,Right
1707218079628,0.653432,-0.569496,-0.62708,-72.8,15.26,45.5,Noise,Right
1707218079628,0.53436,-0.459208,-0.798368,-76.72,6.16,71.47,Noise,Right
1707218079629,0.428464,-0.292312,-0.839848,-78.47,-17.08,79.52,Noise,Right
1707218079734,0.432856,-0.19032,-0.763232,-80.85,-40.74,68.04,Noise,Right
1707218079734,0.415288,-0.138104,-0.762256,-82.95,-56.07,46.06,Noise,Right
1707218079735,0.52704,-0.189832,-0.666608,-71.47,-54.67,14.0,Noise,Right
1707218079735,0.63196,-0.274744,-0.575352,-58.87,-32.76,-5.67,Noise,Right
1707218079735,0.689544,-0.335256,-0.537776,-54.53,-2.17,-4.97,Noise,Right
1707218079735,0.682712,-0.416752,-0.6344,-63.84,23.87,10.64,Noise,Right
1707218079735,0.592432,-0.449936,-0.826184,-74.2,32.97,35.91,Noise,Right
1707218079778,0.495808,-0.396744,-0.980392,-80.22,22.33,57.26,Noise,Right
1707218079778,0.450912,-0.274744,-0.994544,-85.47,-2.45,67.55,Noise,Right
1707218079778,0.211304,-0.144448,-0.957944,-87.36,-27.93,59.99,Noise,Right
1707218079827,0.430416,-0.119072,-0.93208,-64.47,-41.86,33.18,Noise,Right
1707218079827,0.467016,-0.064904,-0.837896,-51.1,-39.41,9.1,Noise,Right
1707218079875,0.547048,-0.103944,-0.76128,-45.78,-18.34,-10.29,Noise,Right
1707218079875,0.577304,-0.20008,-0.793,-43.96,10.85,-17.08,Noise,Right
1707218079875,0.577304,-0.271328,-0.893528,-50.26,31.08,-9.03,Noise,Right
1707218079918,0.548512,-0.333304,-1.022848,-55.79,36.96,7.42,Noise,Right
1707218079920,0.497272,-0.313296,-1.1102,-54.11,27.51,25.83,Noise,Right
1707218079920,0.456768,-0.217648,-1.112152,-53.06,8.47,36.96,Noise,Right
1707218079976,0.454328,-0.137616,-1.074088,-50.68,-13.72,37.17,Noise,Right
1707218079977,0.4636,-0.099552,-1.006256,-40.67,-27.65,26.32,Noise,Right
1707218079977,0.503616,-0.091256,-0.931104,-26.04,-28.91,9.94,Noise,Right
1707218080029,0.54656,-0.087352,-0.81008,-11.62,-18.9,-6.65,Noise,Right
1707218080029,0.568032,-0.149816,-0.7564,-8.82,-2.1,-16.17,Noise,Right
1707218080029,0.56364,-0.20496,-0.764208,-14.14,13.09,-15.19,Noise,Right
1707218080076,0.547048,-0.251808,-0.858392,-22.96,21.21,-4.97,Noise,Right
1707218080076,0.498736,-0.255224,-0.94916,-29.4,17.64,9.66,Noise,Right
1707218080076,0.437248,-0.191296,-1.0004,-30.66,7.14,20.23,Noise,Right
1707218080123,0.406504,-0.099552,-1.005768,-31.01,-7.21,19.95,Noise,Right
1707218080123,0.416752,-0.067832,-0.979416,-25.34,-18.48,8.12,Noise,Right
1707218080123,0.451888,-0.047824,-0.9272,-14.14,-22.33,-6.72,Noise,Right
1707218080169,0.499712,-0.069784,-0.8296,-4.9,-19.88,-19.53,Noise,Right
1707218080170,0.537288,-0.137616,-0.7686,-3.71,-9.24,-25.83,Noise,Right
1707218080170,0.570472,-0.197152,-0.776408,-7.07,3.64,-22.75,Noise,Right
1707218080215,0.579256,-0.24888,-0.845216,-13.09,13.23,-11.06,Noise,Right
1707218080215,0.56608,-0.255712,-0.882304,-15.61,15.33,3.29,Noise,Right
1707218080262,0.549,-0.20496,-0.8784,-14.56,14.0,14.28,Noise,Right
1707218080263,0.512888,-0.135176,-0.875472,-13.86,10.92,17.71,Noise,Right
1707218080263,0.4758,-0.09028,-0.891088,-13.93,4.62,13.79,Noise,Right
1707218080309,0.45628,-0.080032,-0.875472,-14.21,-3.01,5.81,Noise,Right
1707218080309,0.456768,-0.073688,-0.854976,-12.88,-10.22,-2.24,Noise,Right
1707218080310,0.4758,-0.07808,-0.800808,-8.89,-10.78,-10.5,Noise,Right
1707218080355,0.517768,-0.092232,-0.7442,-8.12,-4.34,-17.22,Noise,Right
1707218080355,0.553392,-0.136152,-0.722728,-9.31,7.07,-18.76,Noise,Right
1707218080401,0.880352,-0.63684,-0.550952,125.09,122.99,-5.25,Noise,Right
1707218080401,0.471408,-0.35136,-1.506456,-37.24,-25.06,-7.42,Noise,Right
1707218080401,0.603168,-0.089792,-0.77348,-36.75,-23.87,-2.1,Noise,Right
1707218080448,0.554368,-0.14152,-0.772504,-44.94,-19.18,17.5,Noise,Right
1707218080450,0.472872,-0.082472,-0.7686,-22.89,-5.04,9.31,Noise,Right
1707218080450,0.45384,-0.094184,-0.843264,2.45,21.49,6.16,Noise,Right
1707218080556,0.501664,-0.045872,-0.784216,32.62,41.86,0.56,Noise,Right
1707218080556,0.90036,-0.331352,-1.101416,3.78,14.63,-20.86,Noise,Right
1707218080556,0.569008,-0.147864,-0.769576,-0.56,1.61,-4.48,Noise,Right
1707218080557,0.536312,-0.137128,-0.767136,-0.49,6.86,-4.55,Noise,Right
1707218080557,0.586576,-0.170312,-0.8296,-1.4,5.11,-2.38,Noise,Right
1707218080558,0.577792,-0.166896,-0.831552,-5.81,-0.07,4.13,Noise,Right
1707218080603,0.452864,-0.093696,-0.661728,-9.24,-6.3,7.21,Noise,Right
1707218080603,0.568032,-0.111752,-0.793976,-5.46,-8.82,3.57,Noise,Right
1707218080603,0.549976,-0.1342,-0.810568,-1.4,-1.61,-2.24,Noise,Right
1707218080652,0.557296,-0.156648,-0.813496,-1.68,0.56,-2.52,Noise,Right
1707218080652,0.544608,-0.158112,-0.807152,-1.26,1.96,-2.66,Noise,Right
1707218080653,0.557784,-0.155184,-0.821304,-1.26,3.92,-3.01,Noise,Right
1707218080765,0.557784,-0.142496,-0.804712,-1.05,5.11,-3.36,Noise,Right
1707218080765,0.566568,-0.142984,-0.799832,-1.05,2.52,-3.99,Noise,Right
1707218080765,0.559248,-0.156648,-0.812032,0.63,-1.75,-5.11,Noise,Right
1707218080765,0.569008,-0.14152,-0.818864,0.35,-6.09,-3.29,Noise,Right
1707218080765,0.562664,-0.154696,-0.81984,-1.82,-9.24,-1.19,Noise,Right
1707218080765,0.525576,-0.077104,-0.808128,-1.89,-6.93,-1.4,Noise,Right
1707218080861,0.556808,-0.15372,-0.816912,-1.68,0.0,-2.38,Noise,Right
1707218080861,0.53924,-0.11712,-0.798368,1.19,1.68,-6.58,Noise,Right
1707218080861,0.569984,-0.170312,-0.829112,1.33,9.03,-12.39,Noise,Right
1707218080861,0.576328,-0.154208,-0.817888,-13.72,-2.1,-16.24,Noise,Right
1707218080861,0.569008,-0.17324,-0.833992,-25.34,-1.54,-16.87,Noise,Right
1707218080861,0.906216,-0.180072,-1.077504,-37.73,-12.04,-17.64,Noise,Right
1707218080915,0.533384,-0.219112,-0.869128,-16.45,16.73,-7.49,Noise,Right
1707218080916,0.60512,-0.191296,-0.997472,-0.63,16.59,4.13,Noise,Right
1707218080916,0.598288,-0.137128,-1.034072,2.52,8.19,17.36,Noise,Right
1707218080962,0.56852,-0.069296,-0.992592,5.46,-1.19,17.22,Noise,Right
1707218080962,0.584136,-0.04148,-0.9516,8.4,-2.03,9.8,Noise,Right
1707218080962,0.60756,-0.01464,-0.907192,19.53,6.37,-2.45,Noise,Right
1707218081011,0.623664,-0.067344,-0.923784,26.18,16.31,-15.33,Noise,Right
1707218081012,0.653432,-0.161528,-0.957456,31.36,21.28,-18.83,Noise,Right
1707218081012,0.69052,-0.2196,-0.960872,34.51,20.23,-12.6,Noise,Right
1707218081057,0.675392,-0.244976,-0.965752,35.28,17.57,-0.63,Noise,Right
1707218081057,0.65148,-0.249856,-0.979416,34.02,12.81,11.55,Noise,Right
1707218081057,0.611952,-0.191784,-0.9882,35.91,5.39,19.04,Noise,Right
1707218081104,0.589504,-0.1342,-0.955016,40.32,-1.82,18.34,Noise,Right
1707218081104,0.544608,-0.099552,-0.89792,45.78,-4.62,10.57,Noise,Right
1707218081149,0.55388,-0.08296,-0.81252,50.54,-2.31,-1.82,Noise,Right
1707218081150,0.564616,-0.113704,-0.7564,50.33,5.39,-13.58,Noise,Right
1707218081150,0.581696,-0.201544,-0.789096,48.23,16.03,-20.3,Noise,Right
1707218081206,0.58804,-0.2562,-0.813496,53.9,25.27,-21.56,Noise,Right
1707218081206,0.569496,-0.273768,-0.831552,59.01,29.05,-19.25,Noise,Right
1707218081206,0.569008,-0.290848,-0.858392,58.1,21.42,-14.0,Noise,Right
1707218081257,0.547536,-0.305488,-0.859856,60.13,9.17,-7.07,Noise,Right
1707218081257,0.557296,-0.240584,-0.786168,59.5,-2.8,-4.48,Noise,Right
1707218081257,0.5612,-0.211792,-0.699304,54.88,-10.22,-6.3,Noise,Right
1707218081307,0.58316,-0.19764,-0.587064,54.32,-7.56,-16.45,Noise,Right
1707218081308,0.607072,-0.242536,-0.537776,49.98,4.34,-26.39,Noise,Right
1707218081308,0.6344,-0.3172,-0.564128,49.77,21.0,-31.71,Noise,Right
1707218081428,0.6344,-0.340624,-0.608048,51.1,35.84,-27.93,Noise,Right
1707218081428,0.626104,-0.361608,-0.666608,51.52,41.86,-21.42,Noise,Right
1707218081428,0.587552,-0.35624,-0.742248,53.83,38.78,-14.14,Noise,Right
1707218081428,0.570472,-0.3416,-0.774456,59.78,26.67,-11.34,Noise,Right
1707218081428,0.559248,-0.266448,-0.690032,65.87,8.96,-13.86,Noise,Right
1707218081428,0.562176,-0.244976,-0.568032,60.2,-9.03,-21.98,Noise,Right
1707218081428,0.600728,-0.304512,-0.489464,51.31,-15.54,-29.96,Noise,Right
1707218081473,0.643184,-0.353312,-0.459208,51.24,-8.05,-34.09,Noise,Right
1707218081474,0.704184,-0.35868,-0.394792,53.97,7.14,-34.37,Noise,Right
1707218081474,0.684664,-0.369416,-0.443104,50.61,26.25,-32.55,Noise,Right
1707218081520,0.73932,-0.408456,-0.4758,44.66,40.67,-23.87,Noise,Right
1707218081520,0.701256,-0.437248,-0.564128,41.09,46.27,-14.07,Noise,Right
1707218081520,0.63928,-0.421144,-0.638792,39.97,38.08,-5.39,Noise,Right
1707218081566,0.593408,-0.399184,-0.650504,38.64,18.76,-1.33,Noise,Right
1707218081566,0.575352,-0.324032,-0.581208,39.55,-0.63,-4.48,Noise,Right
1707218081566,0.613904,-0.31232,-0.492392,37.1,-12.95,-14.84,Noise,Right
1707218081617,0.64904,-0.301584,-0.388936,38.5,-13.79,-28.14,Noise,Right
1707218081617,0.725656,-0.347456,-0.33184,36.54,-4.41,-39.48,Noise,Right
1707218081733,0.772016,-0.413336,-0.32696,35.49,9.8,-43.68,Noise,Right
1707218081733,0.724192,-0.450424,-0.432368,35.07,24.08,-38.78,Noise,Right
1707218081733,0.765672,-0.482632,-0.43432,29.96,31.29,-27.23,Noise,Right
1707218081733,0.752008,-0.464088,-0.493856,28.42,32.97,-15.96,Noise,Right
1707218081733,0.741272,-0.410408,-0.492392,26.04,25.2,-9.52,Noise,Right
1707218081733,0.730048,-0.369904,-0.476288,22.96,14.56,-9.38,Noise,Right
1707218081733,0.732,-0.36112,-0.445056,21.14,6.65,-14.98,Noise,Right
1707218081784,0.750544,-0.366976,-0.420168,21.7,3.36,-21.28,Noise,Right
1707218081784,0.77836,-0.403576,-0.404552,20.58,1.75,-24.22,Noise,Right
1707218081784,0.799832,-0.448472,-0.403088,22.05,4.2,-22.61,Noise,Right
1707218081833,0.807152,-0.446032,-0.372832,24.29,6.93,-17.08,Noise,Right
1707218081833,0.786168,-0.41724,-0.352336,21.07,10.64,-13.02,Noise,Right
1707218081833,0.78568,-0.399672,-0.364536,14.42,14.35,-10.71,Noise,Right
1707218081876,0.789584,-0.402112,-0.409432,10.71,18.06,-10.57,Noise,Right
1707218081877,0.782752,-0.425048,-0.459208,12.81,18.48,-11.13,Noise,Right
1707218081877,0.7686,-0.40992,-0.450424,16.8,11.62,-10.71,Noise,Right
1707218081924,0.762744,-0.424072,-0.427,14.7,2.45,-8.54,Noise,Right
1707218081924,0.773968,-0.39284,-0.367952,12.32,-3.92,-8.26,Noise,Right
1707218081925,0.801784,-0.378688,-0.323056,10.85,-2.17,-11.27,Noise,Right
1707218081971,0.82716,-0.390888,-0.308904,9.59,3.71,-14.63,Noise,Right
1707218081971,0.844728,-0.413824,-0.309392,8.82,12.46,-14.14,Noise,Right
1707218082022,0.854,-0.442128,-0.328912,8.89,21.42,-10.85,Noise,Right
1707218082023,0.8418,-0.451888,-0.36356,5.46,25.83,-4.62,Noise,Right
1707218082023,0.784704,-0.428464,-0.379176,4.2,26.53,0.07,Noise,Right
1707218082091,0.765672,-0.40504,-0.406504,2.31,22.4,0.56,Noise,Right
1707218082092,0.760792,-0.38552,-0.443592,3.08,12.32,-3.15,Noise,Right
1707218082092,0.799344,-0.4026,-0.438224,6.58,2.03,-8.12,Noise,Right
1707218082092,0.827648,-0.388936,-0.366488,10.64,-2.87,-10.5,Noise,Right
1707218082092,0.859368,-0.416752,-0.310368,6.79,-3.43,-11.27,Noise,Right
1707218082140,0.869128,-0.430904,-0.289384,4.13,2.73,-7.7,Noise,Right
1707218082141,0.85644,-0.42944,-0.300608,2.31,10.08,-3.78,Noise,Right
1707218082187,0.838384,-0.401136,-0.316224,1.47,16.31,-3.64,Noise,Right
1707218082187,0.809104,-0.384056,-0.366488,-0.21,20.02,-4.97,Noise,Right
1707218082187,0.824232,-0.443104,-0.413336,0.63,18.06,-5.67,Noise,Right
1707218082231,0.842288,-0.461648,-0.40992,3.57,13.37,-2.52,Noise,Right
1707218082232,0.804712,-0.462624,-0.411384,6.93,10.78,3.15,Noise,Right
1707218082232,0.789584,-0.402112,-0.364048,7.91,3.99,4.83,Noise,Right
1707218082277,0.793488,-0.365512,-0.306952,6.93,1.68,0.91,Noise,Right
1707218082277,0.809592,-0.372832,-0.303048,3.15,2.59,-3.15,Noise,Right
1707218082277,0.833016,-0.386496,-0.30256,1.82,5.67,-5.81,Noise,Right
1707218082330,0.847168,-0.399184,-0.315248,0.21,8.05,-6.16,Noise,Right
1707218082330,0.855952,-0.421632,-0.323056,0.28,9.52,-5.95,Noise,Right
1707218082388,0.852536,-0.429928,-0.34892,-0.21,10.85,-3.29,Noise,Right
1707218082388,0.848144,-0.432368,-0.355752,0.0,9.87,-1.05,Noise,Right
1707218082388,0.850096,-0.439688,-0.338184,-0.35,7.77,1.33,Noise,Right
1707218082389,0.8418,-0.42944,-0.320128,0.42,8.4,3.64,Noise,Right
1707218082436,0.828136,-0.419192,-0.31232,-1.75,6.3,4.27,Noise,Right
1707218082437,0.812032,-0.421144,-0.325008,-0.98,4.55,1.96,Noise,Right
1707218082437,0.806664,-0.4148,-0.31232,2.03,2.73,0.49,Noise,Right
1707218082481,0.811544,-0.394304,-0.296216,2.31,1.54,-0.63,Noise,Right
1707218082481,0.824232,-0.39284,-0.305976,-0.28,2.31,-2.38,Noise,Right
1707218082481,0.83936,-0.41724,-0.343064,-1.96,3.36,-4.13,Noise,Right
1707218082540,0.840336,-0.438224,-0.34404,-1.47,3.85,-3.85,Noise,Right
1707218082540,0.83936,-0.45384,-0.342088,-2.8,2.73,-2.38,Noise,Right
1707218082592,0.832528,-0.454816,-0.33184,-1.19,1.89,-0.35,Noise,Right
1707218082592,0.81984,-0.43188,-0.310856,-0.77,-0.98,0.7,Noise,Right
1707218082593,0.811544,-0.438224,-0.305488,-0.98,-4.69,1.47,Noise,Right
1707218082593,0.796416,-0.413336,-0.290848,0.63,-7.28,1.12,Noise,Right
1707218082637,0.790072,-0.383568,-0.284992,-1.96,-8.26,-0.84,Noise,Right
1707218082637,0.799344,-0.386008,-0.30012,-3.5,-7.0,-4.97,Noise,Right
1707218082638,0.838872,-0.410896,-0.342088,-4.2,-4.41,-6.23,Noise,Right
1707218082684,0.838872,-0.44164,-0.356728,-2.1,-4.55,-4.41,Noise,Right
1707218082684,0.837896,-0.4636,-0.349408,-0.56,-8.89,0.0,Noise,Right
1707218082728,0.830576,-0.438712,-0.308416,-0.7,-12.11,3.43,Noise,Right
1707218082728,0.808616,-0.422608,-0.291336,-2.03,-13.79,3.36,Noise,Right
1707218082728,0.799344,-0.403088,-0.307928,-2.59,-13.16,0.28,Noise,Right
1707218082776,0.802272,-0.4026,-0.32452,-3.29,-13.79,-2.8,Noise,Right
1707218082776,0.812032,-0.421144,-0.348432,-3.99,-15.26,-4.97,Noise,Right
1707218082776,0.82716,-0.447496,-0.360144,-3.92,-16.45,-4.06,Noise,Right
1707218082822,0.83936,-0.44408,-0.351848,-1.89,-15.82,-1.05,Noise,Right
1707218082822,0.828624,-0.447984,-0.356728,-1.89,-15.19,2.31,Noise,Right
1707218082868,0.807152,-0.427,-0.352824,-1.26,-15.61,4.48,Noise,Right
1707218082868,0.779336,-0.411384,-0.363072,-2.52,-20.79,4.41,Noise,Right
1707218082868,0.765672,-0.433344,-0.360144,-4.13,-28.14,2.45,Noise,Right
1707218082914,0.765184,-0.432856,-0.345016,-1.54,-33.88,-0.35,Noise,Right
1707218082914,0.782264,-0.427,-0.297192,-3.22,-38.29,-4.55,Noise,Right
1707218082914,0.806176,-0.452376,-0.287432,-5.67,-37.17,-7.63,Noise,Right
1707218082963,0.823256,-0.472384,-0.284504,-7.28,-34.02,-5.25,Noise,Right
1707218082964,0.816424,-0.479704,-0.30256,-12.6,-28.98,1.89,Noise,Right
1707218083012,0.799832,-0.477264,-0.349896,-17.08,-25.97,8.61,Noise,Right
1707218083012,0.752008,-0.461648,-0.408944,-16.66,-26.25,11.97,Noise,Right
1707218083012,0.6832,-0.435784,-0.447008,-15.19,-32.06,12.53,Noise,Right
1707218083119,0.637816,-0.418704,-0.442616,-13.93,-44.87,9.45,Noise,Right
1707218083120,0.646112,-0.385032,-0.37332,-14.07,-58.45,2.52,Noise,Right
1707218083120,0.687592,-0.406504,-0.254248,-15.19,-62.09,-5.11,Noise,Right
1707218083120,0.741272,-0.4148,-0.163968,-18.06,-52.5,-11.27,Noise,Right
1707218083120,0.782264,-0.432368,-0.162504,-27.3,-38.5,-12.32,Noise,Right
1707218083120,0.831552,-0.488976,-0.234728,-39.62,-23.45,-4.9,Noise,Right
1707218083121,0.813008,-0.528504,-0.361608,-42.14,-11.2,7.63,Noise,Right
1707218083220,0.750544,-0.506056,-0.445544,-47.67,-10.22,22.96,Noise,Right
1707218083220,0.679296,-0.463112,-0.536312,-51.38,-14.14,35.84,Noise,Right
1707218083220,0.596336,-0.364536,-0.608048,-54.67,-24.99,41.02,Noise,Right
1707218083220,0.592432,-0.291824,-0.60512,-52.36,-35.77,33.67,Noise,Right
1707218083220,0.596336,-0.243024,-0.545096,-45.57,-39.06,18.27,Noise,Right
1707218083221,0.634888,-0.246928,-0.486048,-45.29,-37.31,1.12,Noise,Right
1707218083271,0.681248,-0.309392,-0.46116,-48.51,-29.47,-9.87,Noise,Right
1707218083271,0.722728,-0.403088,-0.508496,-55.79,-18.97,-7.28,Noise,Right
1707218083271,0.720288,-0.454328,-0.606584,-60.48,-10.92,7.42,Noise,Right
1707218083317,0.684664,-0.43676,-0.684664,-61.95,-10.64,23.59,Noise,Right
1707218083318,0.638792,-0.355264,-0.711992,-60.41,-16.31,33.88,Noise,Right
1707218083367,0.611464,-0.259616,-0.693936,-59.22,-24.36,32.9,Noise,Right
1707218083367,0.61488,-0.210328,-0.648064,-59.15,-30.52,22.82,Noise,Right
1707218083367,0.638792,-0.215696,-0.642696,-55.37,-27.79,9.24,Noise,Right
1707218083411,0.643672,-0.234728,-0.654896,-51.52,-22.4,0.77,Noise,Right
1707218083411,0.657336,-0.270352,-0.675392,-50.96,-16.03,-1.4,Noise,Right
1707218083411,0.650504,-0.276696,-0.687592,-49.91,-8.4,0.07,Noise,Right
1707218083459,0.650992,-0.258152,-0.738832,-55.44,-4.76,3.64,Noise,Right
1707218083459,0.65392,-0.285968,-0.798368,-58.1,-4.48,9.17,Noise,Right
1707218083459,0.639768,-0.285968,-0.832528,-53.9,-4.13,14.91,Noise,Right
1707218083505,0.593896,-0.255224,-0.860832,-46.9,-8.75,18.62,Noise,Right
1707218083505,0.589992,-0.220088,-0.875472,-48.3,-18.13,19.6,Noise,Right
1707218083556,0.57584,-0.198128,-0.870104,-45.5,-27.16,16.52,Noise,Right
1707218083556,0.598288,-0.210816,-0.833016,-39.13,-30.24,10.57,Noise,Right
1707218083557,0.616832,-0.175192,-0.722728,-28.07,-23.31,4.97,Noise,Right
1707218083631,0.616344,-0.142496,-0.627568,-28.0,-9.59,-2.45,Noise,Right
1707218083631,0.626592,-0.199592,-0.67832,-39.69,3.78,-4.76,Noise,Right
1707218083631,0.60268,-0.287432,-0.786168,-43.82,11.27,-0.7,Noise,Right
1707218083631,0.57828,-0.2806,-0.87352,-46.97,7.35,9.45,Noise,Right
1707218083631,0.558272,-0.249856,-0.928176,-48.72,-4.27,19.39,Noise,Right
1707218083689,0.553392,-0.234728,-0.956968,-47.46,-16.52,25.27,Noise,Right
1707218083689,0.51972,-0.205936,-0.967216,-41.09,-25.2,26.39,Noise,Right
1707218083739,0.5246,-0.116144,-0.881328,-30.38,-31.78,21.07,Noise,Right
1707218083739,0.540216,-0.057096,-0.748592,-20.51,-25.97,5.67,Noise,Right
1707218083739,0.571448,-0.00244,-0.640256,-15.05,-8.54,-33.32,Noise,Right
1707218083740,0.60024,-0.089304,-0.694424,-26.53,8.54,-32.34,Noise,Right
1707218083784,0.624152,-0.221064,-0.825696,-31.5,20.23,-32.48,Noise,Right
1707218083784,0.61732,-0.284504,-0.94184,-30.73,19.39,-18.76,Noise,Right
1707218083784,0.603168,-0.284992,-0.996984,-30.94,6.72,-1.12,Noise,Right
1707218083830,0.58316,-0.239608,-1.007232,-26.88,-9.94,11.55,Noise,Right
1707218083830,0.59048,-0.16592,-0.970632,-21.21,-24.64,16.73,Noise,Right
1707218083830,0.564616,-0.10248,-0.918904,-20.93,-35.84,15.4,Noise,Right
1707218083876,0.59292,-0.072224,-0.833016,-22.82,-38.5,9.17,Noise,Right
1707218083877,0.614392,-0.062464,-0.74908,-19.25,-27.02,-0.14,Noise,Right
1707218083924,0.630984,-0.069784,-0.703208,-16.87,-5.39,-8.61,Noise,Right
1707218083924,0.626592,-0.118584,-0.729072,-17.57,16.73,-12.18,Noise,Right
1707218083924,0.621712,-0.179096,-0.81252,-18.62,30.8,-8.26,Noise,Right
1707218083977,0.593896,-0.20984,-0.910608,-18.13,33.39,2.8,Noise,Right
1707218083977,1.1224,0.22692,-0.887672,-4.13,-93.1,30.66,Noise,Right
1707218083977,0.325008,0.263032,-0.016592,-37.87,-51.59,22.33,Noise,Right
1707218084101,0.609512,-0.168848,-0.848144,-0.63,-27.23,10.71,Noise,Right
1707218084101,0.487512,-0.00488,-0.72468,7.35,-21.07,0.28,Noise,Right
1707218084101,0.518256,-0.10004,-0.779336,9.66,-8.4,-7.77,Noise,Right
1707218084101,0.508496,-0.13176,-0.75884,13.3,2.94,-18.27,Noise,Right
1707218084102,0.58804,-0.182512,-0.699304,17.64,23.52,-18.27,Noise,Right
1707218084102,0.489464,-0.190808,-0.874496,31.01,39.41,-5.6,Noise,Right
1707218084102,0.544608,-0.128832,-0.824232,1.12,7.63,-7.21,Noise,Right
1707218084239,0.567056,-0.16592,-0.845216,-1.05,0.07,-8.33,Noise,Right
1707218084239,0.555832,-0.159576,-0.812032,-6.09,2.1,-3.36,Noise,Right
1707218084239,0.560224,-0.17568,-0.81252,-7.14,1.33,6.09,Noise,Right
1707218084239,0.476288,-0.169336,-0.855464,-3.85,-2.1,9.38,Noise,Right
1707218084239,0.581208,-0.149328,-0.803248,-5.6,-3.08,6.16,Noise,Right
1707218084239,0.570472,-0.146888,-0.823744,-2.31,-4.2,-1.89,Noise,Right
1707218084284,0.537288,-0.144936,-0.807152,-1.68,-3.29,-1.96,Noise,Right
1707218084284,0.548024,-0.150792,-0.808128,-1.4,1.33,-2.59,Noise,Right
1707218084284,0.547536,-0.147376,-0.80764,-1.19,4.34,-3.08,Noise,Right
1707218084284,0.549976,-0.142984,-0.809592,-1.75,2.87,-3.29,Noise,Right
1707218084284,0.565104,-0.142984,-0.810568,-2.52,0.35,-1.33,Noise,Right
1707218084333,0.55876,-0.153232,-0.81008,-0.63,-0.77,-2.66,Noise,Right
1707218084333,0.559248,-0.146888,-0.81008,-1.19,-1.12,-2.38,Noise,Right
1707218084333,0.558272,-0.14884,-0.810568,-1.4,-1.33,-2.24,Noise,Right
1707218084382,0.566568,-0.147376,-0.805688,-1.26,-1.4,-2.03,Noise,Right
1707218084382,0.560224,-0.149328,-0.808128,-0.98,-2.24,-1.89,Noise,Right
1707218084382,0.549976,-0.144448,-0.805688,-1.26,-1.89,-2.1,Noise,Right
1707218084509,0.551928,-0.147376,-0.805688,-1.33,1.33,-3.01,Noise,Right
1707218084509,0.555832,-0.150792,-0.807152,-3.22,0.35,-2.94,Noise,Right
1707218084509,0.581696,-0.122976,-0.80276,-9.66,3.29,0.63,Noise,Right
1707218084509,0.5734,-0.133712,-0.807152,-9.17,3.71,-1.4,Noise,Right
1707218084509,0.576816,-0.127368,-0.803248,-9.31,5.18,-5.88,Noise,Right
1707218084510,0.560712,-0.059536,-0.805688,-10.99,6.65,-6.44,Noise,Right
1707218084510,0.538264,-0.168848,-0.840336,-9.31,6.44,-7.77,Noise,Right
1707218084562,0.554368,-0.127368,-0.811056,1.47,8.68,-11.55,Noise,Right
1707218084562,0.57828,-0.125416,-0.791536,-0.84,6.44,-13.3,Noise,Right
1707218084563,0.58072,-0.143472,-0.792024,-3.15,4.69,-13.86,Noise,Right
1707218084563,0.613416,-0.159088,-0.787632,-5.74,4.69,-10.71,Noise,Right
1707218084607,0.613416,-0.13908,-0.774944,-7.28,6.44,-5.88,Noise,Right
1707218084607,0.60756,-0.12932,-0.787144,-7.98,10.5,-1.75,Noise,Right
1707218084655,0.657336,-0.078568,-0.798368,-7.14,17.64,-1.26,Noise,Right
1707218084655,0.690032,-0.124928,-0.903288,-5.11,27.23,-1.47,Noise,Right
1707218084655,0.680272,-0.15616,-0.998936,6.79,32.27,0.77,Noise,Right
1707218084701,0.641232,-0.125904,-1.003816,17.36,25.76,3.36,Noise,Right
1707218084701,0.6222,-0.135176,-1.016016,17.71,9.87,4.69,Noise,Right
1707218084701,0.633424,-0.160064,-1.006256,15.75,-10.08,6.44,Noise,Right
1707218084751,0.65148,-0.16348,-0.928176,19.25,-24.71,7.77,Noise,Right
1707218084751,0.679784,-0.139568,-0.8174,20.09,-27.79,6.58,Noise,Right
1707218084751,0.698816,-0.15616,-0.76128,16.38,-17.57,5.88,Noise,Right
1707218084794,0.6954,-0.148352,-0.741272,19.25,3.08,4.69,Noise,Right
1707218084795,0.687104,-0.140056,-0.77836,20.23,25.2,3.71,Noise,Right
1707218084842,0.687592,-0.17324,-0.891088,20.02,38.64,6.16,Noise,Right
1707218084842,0.659776,-0.227896,-0.994544,27.51,42.14,12.46,Noise,Right
1707218084842,0.502152,-0.212768,-1.000888,40.18,38.57,19.18,Noise,Right
1707218084890,0.563152,-0.15372,-0.987712,45.36,29.47,21.77,Noise,Right
1707218084890,0.533872,-0.101992,-0.953064,43.75,12.67,18.06,Noise,Right
1707218084890,0.537288,-0.117608,-0.915,42.98,-3.71,6.65,Noise,Right
1707218084934,0.576328,-0.156648,-0.822768,47.11,-13.44,-5.39,Noise,Right
1707218084934,0.618784,-0.167384,-0.7076,50.82,-10.22,-15.89,Noise,Right
1707218084989,0.643184,-0.180072,-0.635864,46.69,-0.56,-22.19,Noise,Right
1707218084989,0.682712,-0.286944,-0.653432,40.25,13.16,-23.1,Noise,Right
1707218084989,0.694424,-0.364048,-0.706624,43.12,25.9,-13.86,Noise,Right
1707218085040,0.65636,-0.366976,-0.7686,44.87,32.27,1.82,Noise,Right
1707218085040,0.601704,-0.310856,-0.821304,44.03,29.19,14.49,Noise,Right
1707218085041,0.550952,-0.2562,-0.84668,47.53,19.67,17.22,Noise,Right
1707218085041,0.5124,-0.149328,-0.77348,51.17,6.37,9.38,Noise,Right
1707218085099,0.50996,-0.15128,-0.67344,46.97,-6.65,-8.26,Noise,Right
1707218085099,0.572912,-0.186416,-0.574376,45.43,-7.42,-27.3,Noise,Right
1707218085149,0.626592,-0.277184,-0.567056,40.81,1.12,-37.17,Noise,Right
1707218085149,0.682712,-0.35868,-0.5734,42.56,14.49,-35.35,Noise,Right
1707218085149,0.67832,-0.412848,-0.593408,45.36,27.02,-28.07,Noise,Right
1707218085149,0.691496,-0.400648,-0.58072,49.35,36.61,-19.18,Noise,Right
1707218085199,0.674904,-0.372832,-0.594384,47.11,38.71,-9.94,Noise,Right
1707218085200,0.621224,-0.359168,-0.606584,41.51,32.2,-4.76,Noise,Right
1707218085200,0.611464,-0.328424,-0.59536,37.66,21.63,-3.99,Noise,Right
1707218085330,0.61244,-0.324032,-0.564616,36.19,11.69,-8.05,Noise,Right
1707218085331,0.620736,-0.31964,-0.49288,36.4,5.95,-15.47,Noise,Right
1707218085331,0.636352,-0.352824,-0.45384,34.09,5.46,-22.26,Noise,Right
1707218085331,0.678808,-0.37576,-0.430904,36.05,12.74,-26.81,Noise,Right
1707218085331,0.650016,-0.386496,-0.456768,42.07,21.07,-33.11,Noise,Right
1707218085331,0.692472,-0.441152,-0.421144,29.61,28.49,-19.6,Noise,Right
1707218085331,0.699304,-0.436272,-0.486048,31.15,36.26,-11.13,Noise,Right
1707218085382,0.681736,-0.42456,-0.52704,30.87,36.12,-6.79,Noise,Right
1707218085382,0.654896,-0.362584,-0.522648,32.62,29.33,-5.53,Noise,Right
1707218085382,0.643672,-0.347944,-0.491416,29.12,18.13,-10.85,Noise,Right
1707218085382,0.650504,-0.357704,-0.45872,26.53,10.22,-16.52,Noise,Right
1707218085428,0.674416,-0.345992,-0.386984,27.23,8.4,-22.96,Noise,Right
1707218085429,0.716384,-0.378688,-0.354776,24.36,12.04,-28.84,Noise,Right
1707218085429,0.752496,-0.42212,-0.366488,22.33,20.58,-28.84,Noise,Right
1707218085477,0.786168,-0.456768,-0.410896,22.47,27.02,-23.45,Noise,Right
1707218085477,0.784216,-0.460672,-0.457256,25.9,29.61,-15.33,Noise,Right
1707218085522,0.76128,-0.428952,-0.43432,25.97,24.57,-9.94,Noise,Right
1707218085522,0.728584,-0.40992,-0.430416,21.77,15.68,-7.28,Noise,Right
1707218085522,0.76128,-0.39772,-0.41236,19.6,7.91,-7.98,Noise,Right
1707218085569,0.789096,-0.36112,-0.337208,22.12,4.55,-13.37,Noise,Right
1707218085571,0.794952,-0.398696,-0.293288,19.88,5.46,-16.45,Noise,Right
1707218085571,0.804712,-0.399184,-0.261568,17.43,11.06,-17.08,Noise,Right
1707218085617,0.803248,-0.431392,-0.305488,9.59,16.1,-14.35,Noise,Right
1707218085620,0.80764,-0.430904,-0.367952,7.84,20.79,-10.57,Noise,Right
1707218085620,0.814472,-0.416752,-0.439688,7.07,20.58,-7.14,Noise,Right
1707218085664,0.820328,-0.43676,-0.491904,10.43,14.91,-4.34,Noise,Right
1707218085664,0.797392,-0.417728,-0.466528,15.05,4.9,-1.89,Noise,Right
1707218085712,0.799344,-0.388936,-0.39284,13.3,-3.85,-0.35,Noise,Right
1707218085712,0.811056,-0.375272,-0.328912,11.06,-5.04,-1.89,Noise,Right
1707218085712,0.823744,-0.3538,-0.280112,9.66,2.59,-6.37,Noise,Right
1707218085756,0.841312,-0.366976,-0.277672,6.86,14.14,-11.48,Noise,Right
1707218085756,0.854488,-0.417728,-0.32452,6.23,23.94,-13.86,Noise,Right
1707218085756,0.857904,-0.477752,-0.38064,6.23,29.33,-9.87,Noise,Right
1707218085816,0.832528,-0.467016,-0.409432,10.99,30.8,-1.12,Noise,Right
1707218085818,0.819352,-0.439688,-0.415776,9.03,25.76,6.72,Noise,Right
1707218085818,0.789096,-0.417728,-0.435784,11.76,18.55,9.17,Noise,Right
1707218085865,0.777872,-0.36356,-0.388936,11.41,6.72,7.77,Noise,Right
1707218085866,0.790072,-0.363072,-0.340624,11.83,-0.91,0.42,Noise,Right
1707218085866,0.801296,-0.356728,-0.28304,13.58,-1.89,-8.96,Noise,Right
1707218085911,0.840336,-0.378688,-0.230336,10.36,2.24,-14.63,Noise,Right
1707218085912,0.874984,-0.422608,-0.228872,4.55,8.54,-14.98,Noise,Right
1707218085912,0.885232,-0.46604,-0.286944,-1.26,15.82,-10.08,Noise,Right
1707218085956,0.886696,-0.481168,-0.330376,-2.59,20.86,-1.96,Noise,Right
1707218085956,0.854976,-0.455304,-0.36356,4.55,27.65,3.78,Noise,Right
1707218085957,0.855464,-0.387472,-0.3782,7.56,27.44,4.06,Noise,Right
1707218086005,0.843752,-0.396256,-0.353312,13.09,24.43,0.35,Noise,Right
1707218086005,0.845704,-0.430416,-0.323544,11.13,17.71,-1.61,Noise,Right
1707218086048,0.866688,-0.459696,-0.266448,10.64,12.88,-0.7,Noise,Right
1707218086050,0.865224,-0.428464,-0.242536,7.21,10.99,1.96,Noise,Right
1707218086050,0.855952,-0.396744,-0.198128,4.97,13.58,0.98,Noise,Right
1707218086095,0.853024,-0.373808,-0.203496,1.05,20.79,-2.52,Noise,Right
1707218086096,0.8418,-0.388936,-0.258152,-0.28,29.47,-5.81,Noise,Right
1707218086096,0.845704,-0.41968,-0.308416,-0.7,31.5,-8.26,Noise,Right
1707218086143,0.848144,-0.452376,-0.349408,1.54,29.33,-6.93,Noise,Right
1707218086144,0.831064,-0.472384,-0.366976,4.41,21.21,-3.92,Noise,Right
1707218086144,0.848144,-0.43188,-0.311344,7.14,9.52,0.35,Noise,Right
1707218086191,0.856928,-0.406992,-0.247904,8.89,3.08,1.19,Noise,Right
1707218086191,0.870592,-0.398696,-0.194712,9.03,2.66,-1.89,Noise,Right
1707218086236,0.870592,-0.428952,-0.181048,8.4,5.74,-3.57,Noise,Right
1707218086236,0.879864,-0.416752,-0.206424,5.18,9.73,-2.31,Noise,Right
1707218086236,0.874496,-0.433832,-0.2196,1.61,11.27,-0.07,Noise,Right
1707218086286,0.8662,-0.444568,-0.213256,-0.7,16.1,1.89,Noise,Right
1707218086286,0.843752,-0.4148,-0.232776,-2.03,20.02,3.57,Noise,Right
1707218086286,0.8174,-0.416264,-0.277672,-2.52,18.83,2.03,Noise,Right
1707218086331,0.811544,-0.415776,-0.277184,-1.26,10.57,-0.21,Noise,Right
1707218086331,0.811544,-0.45384,-0.25376,3.64,2.17,-1.89,Noise,Right
1707218086331,0.845216,-0.417728,-0.188368,5.32,-4.76,-2.17,Noise,Right
1707218086379,0.864248,-0.421632,-0.160552,3.85,-7.0,-3.29,Noise,Right
1707218086379,0.86132,-0.43188,-0.170312,1.96,-5.32,-3.71,Noise,Right
1707218086429,0.85644,-0.425048,-0.184952,-0.84,-3.64,-3.71,Noise,Right
1707218086430,0.855952,-0.411872,-0.216672,-3.29,-2.8,-4.34,Noise,Right
1707218086430,0.853512,-0.413336,-0.244976,-4.76,-2.87,-4.69,Noise,Right
1707218086552,0.84668,-0.418216,-0.244488,-6.02,-5.18,-4.83,Noise,Right
1707218086552,0.821792,-0.426512,-0.223504,-6.58,-9.03,-4.34,Noise,Right
1707218086552,0.796904,-0.411384,-0.221064,-10.85,-14.7,-4.69,Noise,Right
1707218086553,0.786656,-0.410896,-0.24644,-12.95,-20.93,-6.86,Noise,Right
1707218086553,0.803248,-0.426024,-0.2684,-9.66,-27.51,-9.31,Noise,Right
1707218086553,0.803248,-0.442128,-0.264496,-5.32,-35.07,-10.5,Noise,Right
1707218086554,0.813008,-0.419192,-0.2318,-2.59,-41.37,-10.29,Noise,Right
1707218086615,0.83936,-0.374296,-0.179584,-5.32,-45.85,-11.2,Noise,Right
1707218086616,0.881328,-0.392352,-0.164456,-10.99,-44.1,-13.16,Noise,Right
1707218086616,0.894016,-0.433344,-0.206912,-13.23,-36.19,-11.41,Noise,Right
1707218086616,0.910608,-0.45628,-0.237168,-12.46,-31.64,-4.97,Noise,Right
1707218086658,0.852536,-0.479216,-0.288896,-12.32,-30.66,5.6,Noise,Right
1707218086658,0.793976,-0.449448,-0.31476,-16.87,-38.29,14.63,Noise,Right
1707218086658,0.741272,-0.394792,-0.336232,-15.26,-47.53,17.85,Noise,Right
1707218086709,0.698816,-0.319152,-0.311832,-16.59,-59.85,10.85,Noise,Right
1707218086710,0.70272,-0.326472,-0.284016,-17.29,-72.45,-2.03,Noise,Right
1707218086710,0.711992,-0.328912,-0.225456,-15.54,-76.86,-13.65,Noise,Right
1707218086753,0.764696,-0.352336,-0.170312,-20.37,-77.56,-20.23,Noise,Right
1707218086753,0.84424,-0.370392,-0.13664,-26.6,-69.16,-20.72,Noise,Right
1707218086799,0.891576,-0.421144,-0.178608,-33.39,-56.35,-14.0,Noise,Right
1707218086799,0.854976,-0.491904,-0.27084,-38.08,-46.48,1.68,Noise,Right
1707218086799,0.778848,-0.484584,-0.35624,-43.54,-46.69,22.26,Noise,Right
1707218086846,0.677344,-0.442128,-0.408456,-52.92,-57.05,40.18,Noise,Right
1707218086846,0.613416,-0.379664,-0.429928,-56.14,-64.82,46.97,Noise,Right
1707218086846,0.569984,-0.263032,-0.40016,-55.51,-66.57,40.81,Noise,Right
1707218086893,0.594384,-0.215696,-0.332816,-55.86,-59.5,24.5,Noise,Right
1707218086893,0.671976,-0.20984,-0.284016,-52.5,-37.24,5.67,Noise,Right
1707218086893,0.708088,-0.265472,-0.335744,-53.41,-11.48,-7.84,Noise,Right
1707218086941,0.70272,-0.382104,-0.520696,-64.33,2.03,-5.53,Noise,Right
1707218086941,0.65636,-0.474336,-0.733952,-70.77,-1.82,9.59,Noise,Right
1707218086942,0.64172,-0.48068,-0.841312,-66.92,-20.72,27.93,Noise,Right
1707218086987,0.637816,-0.386008,-0.81496,-59.15,-42.7,40.81,Noise,Right
1707218086987,0.65636,-0.271328,-0.69052,-52.92,-59.57,40.88,Noise,Right
1707218087043,0.654896,-0.210816,-0.562664,-53.55,-64.54,31.36,Noise,Right
1707218087043,0.667096,-0.210816,-0.471896,-58.1,-52.99,20.16,Noise,Right
1707218087043,0.63928,-0.238632,-0.48312,-64.4,-30.66,11.9,Noise,Right
1707218087094,0.664168,-0.250344,-0.57096,-75.18,-7.98,10.08,Noise,Right
1707218087094,0.6832,-0.281088,-0.733464,-80.43,8.54,11.48,Noise,Right
1707218087095,0.686616,-0.344528,-0.928176,-75.6,14.91,18.97,Noise,Right
1707218087095,0.60024,-0.345504,-1.030656,-58.45,3.64,27.93,Noise,Right
1707218087147,0.524112,-0.262056,-1.014064,-48.16,-21.21,32.83,Noise,Right
1707218087147,0.575352,-0.179584,-0.865224,-49.63,-47.46,30.87,Noise,Right
1707218087263,0.479216,-0.09028,-0.796904,-55.3,-56.28,16.1,Noise,Right
1707218087263,0.599264,-0.101504,-0.714432,-55.02,-46.48,-0.56,Noise,Right
1707218087263,0.654896,-0.142496,-0.726144,-57.75,-22.47,-11.48,Noise,Right
1707218087263,0.688568,-0.218624,-0.806664,-54.95,6.02,-14.91,Noise,Right
1707218087263,0.682224,-0.267912,-0.9028,-49.42,25.06,-10.5,Noise,Right
1707218087264,0.660752,-0.304024,-1.026264,-47.74,27.93,2.87,Noise,Right
1707218087264,0.617808,-0.310368,-1.108248,-42.56,14.28,17.92,Noise,Right
1707218087314,0.572912,-0.212768,-1.075552,-35.7,-10.57,27.93,Noise,Right
1707218087314,0.559248,-0.133712,-0.961848,-35.84,-35.07,27.79,Noise,Right
1707218087314,0.568032,-0.087352,-0.830088,-31.08,-44.38,15.33,Noise,Right
1707218087361,0.596336,-0.056608,-0.704184,-25.9,-36.19,-0.28,Noise,Right
1707218087362,0.625128,-0.099552,-0.650504,-23.94,-14.42,-14.0,Noise,Right
1707218087362,0.655384,-0.149816,-0.698328,-26.74,11.34,-17.36,Noise,Right
1707218087411,0.659776,-0.220088,-0.835944,-31.78,29.26,-10.43,Noise,Right
1707218087412,0.636352,-0.266936,-0.97844,-32.97,32.9,4.97,Noise,Right
1707218087412,0.574376,-0.261568,-1.097024,-25.69,25.69,21.98,Noise,Right
1707218087519,0.542168,-0.146888,-1.079944,-18.76,3.08,33.46,Noise,Right
1707218087519,0.474336,-0.060024,-1.020896,-14.91,-26.46,22.12,Noise,Right
1707218087519,0.481656,-0.016592,-0.88084,-11.27,-45.08,6.16,Noise,Right
1707218087519,0.511912,-0.0244,-0.74908,-10.15,-47.46,-12.95,Noise,Right
1707218087519,2.202832,-0.128344,-1.369328,-6.51,73.01,-4.76,Noise,Right
1707218087519,0.693448,-0.271328,-0.625128,10.57,-32.27,7.7,Noise,Right
1707218087566,0.559248,-0.05856,-0.591456,0.56,-14.56,-18.76,Noise,Right
1707218087566,0.750056,-0.16592,-0.596824,-4.41,33.32,-1.33,Noise,Right
1707218087566,0.310856,-0.396744,-1.10044,-10.71,26.46,10.5,Noise,Right
1707218087688,0.43432,-0.209352,-0.964776,-6.86,7.42,12.11,Noise,Right
1707218087688,0.422608,-0.08296,-0.834968,-5.53,-6.37,3.64,Noise,Right
1707218087688,1.006256,-0.460672,-1.114104,-14.0,-22.19,-5.18,Noise,Right
1707218087688,0.591456,-0.081984,-0.900848,1.61,-13.09,4.13,Noise,Right
1707218087688,0.638304,-0.20496,-0.690032,8.82,-11.27,-9.66,Noise,Right
1707218087688,0.530456,-0.147864,-0.786656,-0.91,-2.73,-1.96,Noise,Right
1707218087689,0.555832,-0.130296,-0.682712,-3.29,4.55,-4.34,Noise,Right
1707218087732,0.601216,-0.194712,-0.902312,-16.66,21.07,3.29,Noise,Right
1707218087732,0.538752,-0.091744,-0.808128,0.28,7.21,-5.74,Noise,Right
1707218087733,0.515816,-0.145424,-0.792024,-4.83,3.01,-3.29,Noise,Right
1707218087779,0.586576,-0.182024,-0.808616,-6.65,1.47,0.84,Noise,Right
1707218087779,0.57096,-0.148352,-0.789096,-3.15,-1.54,6.37,Noise,Right
1707218087780,0.603168,-0.152256,-0.805688,-5.53,-3.57,5.25,Noise,Right
1707218087824,0.589992,-0.173728,-0.793976,-3.29,-6.79,0.7,Noise,Right
1707218087824,0.556808,-0.131272,-0.798856,-1.89,-7.35,-1.26,Noise,Right
1707218087825,0.550464,-0.158112,-0.821792,-2.1,-3.99,-1.82,Noise,Right
1707218087875,0.528992,-0.154208,-0.815936,-1.75,-0.35,-2.03,Noise,Right
1707218087875,0.545584,-0.144936,-0.813008,-1.4,-0.28,-2.38,Noise,Right
1707218087922,0.534848,-0.141032,-0.794952,-0.84,3.22,-3.36,Noise,Right
1707218087923,0.55632,-0.153232,-0.828136,0.7,6.72,-6.23,Noise,Right
1707218087923,0.559736,-0.159088,-0.818864,0.07,5.11,-6.79,Noise,Right
1707218087968,0.555832,-0.152256,-0.806664,-3.29,1.19,-4.83,Noise,Right
1707218087968,0.55388,-0.1464,-0.8052,-3.57,0.98,-4.2,Noise,Right
1707218087968,0.554856,-0.144448,-0.799344,-4.13,1.33,-4.62,Noise,Right
1707218088013,0.589016,-0.15372,-0.821792,-3.85,-3.36,-8.54,Noise,Right
1707218088013,0.599264,-0.07808,-0.800808,-33.95,-11.55,-13.37,Noise,Right
1707218088014,0.76372,-0.06832,-0.64172,-17.01,2.87,-14.21,Noise,Right
1707218088067,0.77592,-0.20008,-0.84424,-4.06,21.98,-14.14,Noise,Right
1707218088067,0.726144,-0.180072,-0.91256,6.02,39.27,-4.97,Noise,Right
1707218088120,0.712968,-0.184464,-1.02968,2.03,45.99,9.8,Noise,Right
1707218088121,0.68076,-0.179584,-1.08824,10.08,42.56,16.31,Noise,Right
1707218088121,0.648064,-0.138104,-1.108248,20.65,34.51,17.92,Noise,Right
1707218088121,0.639768,-0.122976,-1.108248,27.44,20.44,15.61,Noise,Right
1707218088171,0.632448,-0.130784,-1.086288,31.08,1.05,12.95,Noise,Right
1707218088171,0.654408,-0.149816,-1.018456,35.7,-14.56,10.01,Noise,Right
1707218088171,0.649528,-0.156648,-0.91988,41.79,-19.11,7.35,Noise,Right
1707218088309,0.659776,-0.143472,-0.81252,47.6,-13.23,1.19,Noise,Right
1707218088309,0.660264,-0.150792,-0.752984,47.04,1.47,-2.66,Noise,Right
1707218088309,0.641232,-0.215208,-0.778848,43.68,16.8,-3.08,Noise,Right
1707218088309,0.6222,-0.259616,-0.82472,46.97,27.93,0.14,Noise,Right
1707218088310,0.589992,-0.2562,-0.860832,47.88,30.38,6.79,Noise,Right
1707218088310,0.569984,-0.245952,-0.8784,48.86,25.83,11.48,Noise,Right
1707218088310,0.539728,-0.228384,-0.9394,51.17,17.22,14.77,Noise,Right
1707218088354,0.525576,-0.180072,-0.885232,57.54,5.11,11.9,Noise,Right
1707218088354,0.516304,-0.129808,-0.772504,65.1,-1.05,-0.49,Noise,Right
1707218088355,0.520208,-0.135664,-0.685152,61.67,-1.4,-14.49,Noise,Right
1707218088401,0.569496,-0.150792,-0.589016,55.72,3.85,-27.09,Noise,Right
1707218088401,0.597312,-0.36844,-0.5978,46.9,17.08,-35.07,Noise,Right
1707218088401,0.625616,-0.362096,-0.630008,49.7,32.27,-35.56,Noise,Right
1707218088447,0.61244,-0.394792,-0.69052,55.65,41.58,-26.46,Noise,Right
1707218088447,0.603656,-0.3904,-0.710528,56.07,35.77,-14.0,Noise,Right
1707218088447,0.577792,-0.374784,-0.72712,59.36,27.37,-5.53,Noise,Right
1707218088494,0.542656,-0.269376,-0.653432,61.46,13.3,-3.78,Noise,Right
1707218088494,0.540216,-0.205936,-0.535336,56.21,-0.98,-11.76,Noise,Right
1707218088494,0.55388,-0.238632,-0.467016,48.72,-6.86,-26.88,Noise,Right
1707218088539,0.599264,-0.272792,-0.40504,46.62,-2.87,-40.18,Noise,Right
1707218088539,0.62464,-0.307928,-0.39284,42.0,8.75,-48.16,Noise,Right
1707218088589,0.704672,-0.378688,-0.423096,37.31,23.17,-51.66,Noise,Right
1707218088589,0.716872,-0.447496,-0.493856,36.61,38.22,-41.23,Noise,Right
1707218088589,0.68808,-0.443592,-0.564128,43.12,46.9,-30.45,Noise,Right
1707218088639,0.668072,-0.3904,-0.57828,43.68,41.3,-19.95,Noise,Right
1707218088639,0.64416,-0.364536,-0.57828,40.11,26.67,-16.45,Noise,Right
1707218088640,0.64416,-0.34404,-0.53192,36.82,10.36,-17.71,Noise,Right
1707218088695,0.668072,-0.318176,-0.434808,36.47,1.19,-23.73,Noise,Right
1707218088695,0.703208,-0.321104,-0.376736,32.13,1.4,-30.52,Noise,Right
1707218088695,0.752984,-0.343552,-0.352824,29.19,9.03,-35.42,Noise,Right
1707218088746,0.800808,-0.391864,-0.382104,27.51,22.68,-34.65,Noise,Right
1707218088746,0.799832,-0.447984,-0.435296,31.15,34.09,-29.47,Noise,Right
1707218088746,0.777384,-0.444568,-0.465552,34.44,35.56,-20.51,Noise,Right
1707218088808,0.751032,-0.42212,-0.469456,30.24,28.21,-11.9,Noise,Right
1707218088809,0.740784,-0.364536,-0.434808,23.87,16.66,-7.84,Noise,Right
1707218088809,0.75396,-0.361608,-0.41968,18.13,9.1,-9.1,Noise,Right
1707218088809,0.762744,-0.339648,-0.392352,20.16,8.47,-12.81,Noise,Right
1707218088867,0.770064,-0.352336,-0.371856,20.51,8.61,-18.41,Noise,Right
1707218088867,0.779824,-0.38552,-0.373808,20.58,9.59,-20.93,Noise,Right
1707218088867,0.799832,-0.388448,-0.376736,20.23,11.83,-19.74,Noise,Right
1707218088867,0.823256,-0.4148,-0.410896,18.9,12.95,-16.66,Noise,Right
1707218088915,0.815448,-0.4148,-0.425048,20.72,12.6,-13.02,Noise,Right
1707218088915,0.79056,-0.399672,-0.426024,19.39,7.7,-9.17,Noise,Right
1707218088962,0.78812,-0.393816,-0.401624,16.73,1.54,-6.93,Noise,Right
1707218088962,0.79056,-0.38064,-0.376248,16.52,-0.49,-6.37,Noise,Right
1707218088962,0.801296,-0.342576,-0.325008,15.05,2.17,-8.89,Noise,Right
1707218089008,0.825696,-0.3538,-0.316712,11.27,8.68,-13.23,Noise,Right
1707218089008,0.84668,-0.390888,-0.338672,11.13,16.38,-15.19,Noise,Right
1707218089008,0.845704,-0.41236,-0.405528,12.67,22.19,-10.78,Noise,Right
1707218089056,0.826672,-0.41236,-0.45384,15.12,20.02,-6.86,Noise,Right
1707218089056,0.823744,-0.43432,-0.493856,15.61,12.46,-2.17,Noise,Right
1707218089056,0.801296,-0.365512,-0.42944,21.7,4.62,1.19,Noise,Right
1707218089106,0.799344,-0.318176,-0.33672,17.99,-3.5,-3.22,Noise,Right
1707218089106,0.808128,-0.321104,-0.259128,12.32,-3.29,-9.87,Noise,Right
1707218089151,0.857416,-0.366488,-0.237168,4.76,4.9,-14.21,Noise,Right
1707218089152,0.876936,-0.40748,-0.281576,1.47,15.54,-13.02,Noise,Right
1707218089152,0.909144,-0.447496,-0.345992,-0.77,22.12,-6.51,Noise,Right
1707218089196,0.896456,-0.469944,-0.408944,3.5,27.93,3.01,Noise,Right
1707218089196,0.8418,-0.405528,-0.409432,11.41,28.14,9.17,Noise,Right
1707218089196,0.810568,-0.373808,-0.407968,11.83,20.72,9.24,Noise,Right
1707218089244,0.798368,-0.363072,-0.367952,14.49,13.93,4.55,Noise,Right
1707218089244,0.786168,-0.35868,-0.33672,11.34,6.51,-1.19,Noise,Right
1707218089244,0.801784,-0.365024,-0.291336,6.79,0.0,-6.79,Noise,Right
1707218089298,0.842288,-0.384544,-0.277184,3.99,1.4,-10.57,Noise,Right
1707218089299,0.852048,-0.404552,-0.274744,1.19,6.09,-11.06,Noise,Right
1707218089354,0.859856,-0.4392,-0.340136,-2.59,9.73,-6.86,Noise,Right
1707218089355,0.84912,-0.411384,-0.340624,-2.24,10.15,-2.45,Noise,Right
1707218089355,0.833504,-0.398696,-0.3294,-2.24,9.8,-0.63,Noise,Right
1707218089355,0.82228,-0.393816,-0.34892,-1.4,10.43,-0.49,Noise,Right
1707218089461,0.831064,-0.409432,-0.364048,1.4,6.65,-0.14,Noise,Right
1707218089461,0.809104,-0.407968,-0.339648,5.04,0.42,0.0,Noise,Right
1707218089461,0.796904,-0.394304,-0.283528,3.99,-7.42,-0.7,Noise,Right
1707218089461,0.79544,-0.37576,-0.254736,0.84,-11.13,-2.17,Noise,Right
1707218089461,0.808616,-0.363072,-0.255224,-2.45,-9.31,-5.74,Noise,Right
1707218089461,0.830576,-0.381616,-0.28548,-3.71,-5.67,-8.89,Noise,Right
1707218089506,0.850584,-0.401136,-0.33184,-4.34,-3.92,-8.19,Noise,Right
1707218089506,0.850096,-0.418704,-0.365512,-2.24,-4.62,-5.04,Noise,Right
1707218089506,0.830576,-0.4148,-0.388448,-0.28,-10.64,-1.26,Noise,Right
1707218089553,0.781288,-0.443592,-0.402112,1.96,-23.73,2.38,Noise,Right
1707218089553,0.751032,-0.422608,-0.36844,5.46,-36.12,4.2,Noise,Right
1707218089554,0.736392,-0.365024,-0.308904,4.9,-48.72,0.56,Noise,Right
1707218089604,0.742736,-0.349408,-0.235216,1.61,-57.47,-7.28,Noise,Right
1707218089605,0.777872,-0.369904,-0.196176,-4.27,-57.82,-14.84,Noise,Right
1707218089605,0.821792,-0.406016,-0.167872,-7.7,-52.71,-18.13,Noise,Right
1707218089736,0.857416,-0.443592,-0.152744,-14.7,-43.12,-13.16,Noise,Right
1707218089736,0.855464,-0.435784,-0.209352,-21.98,-30.8,-3.92,Noise,Right
1707218089736,0.853512,-0.436272,-0.29524,-27.65,-22.05,4.2,Noise,Right
1707218089736,0.801784,-0.443104,-0.388448,-26.95,-20.44,11.83,Noise,Right
1707218089736,0.742736,-0.455792,-0.450912,-24.01,-28.77,17.29,Noise,Right
1707218089736,0.67344,-0.421144,-0.442616,-19.18,-44.87,20.02,Noise,Right
1707218089736,0.613904,-0.397232,-0.381128,-20.3,-64.96,19.18,Noise,Right
1707218094467,0.552904,-0.145912,-0.808616,-1.33,-0.63,-2.38,Noise,Right
1707218094468,0.551928,-0.148352,-0.811056,-1.4,-0.98,-2.03,Noise,Right
1707218094468,0.557296,-0.157624,-0.809104,-1.26,-0.91,-2.38,Noise,Right
1707218094468,0.557784,-0.152256,-0.811056,-1.33,-0.91,-2.31,Noise,Right
1707218094468,0.556808,-0.149816,-0.810568,-1.61,-0.7,-2.31,Noise,Right
1707218094468,0.55388,-0.151768,-0.814472,-1.33,-0.84,-2.24,Noise,Right
1707218094471,0.556808,-0.150304,-0.812032,-1.33,-0.77,-2.31,Noise,Right
1707218094471,0.552416,-0.1464,-0.80764,-1.4,-0.84,-2.38,Noise,Right
1707218094515,0.559736,-0.152256,-0.815936,-1.4,-0.63,-2.17,Noise,Right
1707218094515,0.55388,-0.145912,-0.804712,-1.26,-0.98,-2.38,Noise,Right
1707218094515,0.550952,-0.1464,-0.80764,-1.33,-0.77,-2.24,Noise,Right
1707218094558,0.557784,-0.152744,-0.81008,-1.47,-0.56,-2.1,Noise,Right
1707218094558,0.555344,-0.149816,-0.810568,-1.26,-0.77,-2.38,Noise,Right
1707218094558,0.555832,-0.149816,-0.810568,-1.33,-0.77,-2.24,Noise,Right
1707218094608,0.558272,-0.149816,-0.811056,-0.7,-0.91,-2.38,Noise,Right
1707218094608,0.559248,-0.155184,-0.813496,-1.47,-0.98,-2.52,Noise,Right
1707218094651,0.555832,-0.150792,-0.81008,-1.47,-0.91,-2.31,Noise,Right
1707218094651,0.55876,-0.151768,-0.808128,-1.05,-1.05,-2.24,Noise,Right
1707218094651,0.555832,-0.152256,-0.81496,-1.54,-0.91,-2.24,Noise,Right
1707218094699,0.552416,-0.145912,-0.806176,-1.47,-0.77,-2.52,Noise,Right
1707218094699,0.550952,-0.148352,-0.81252,-1.75,-0.77,-2.45,Noise,Right
1707218094699,0.549,-0.148352,-0.808128,-1.26,-0.77,-2.38,Noise,Right
1707218094744,0.554368,-0.144936,-0.816424,-1.54,-0.7,-2.24,Noise,Right
1707218094744,0.55144,-0.14396,-0.803736,-1.4,-0.7,-2.38,Noise,Right
1707218094744,0.55876,-0.154696,-0.806664,-1.4,-0.7,-2.24,Noise,Right
1707218094789,0.561688,-0.15128,-0.801784,-1.54,-1.05,-2.31,Noise,Right
1707218094790,0.555832,-0.151768,-0.811056,-1.33,-0.7,-2.38,Noise,Right
1707218094836,0.555344,-0.152256,-0.819352,-1.61,-0.91,-2.45,Noise,Right
1707218094836,0.555832,-0.15372,-0.818864,-1.68,-0.91,-2.31,Noise,Right
1707218094836,0.562176,-0.153232,-0.821304,-1.33,-0.84,-2.24,Noise,Right
1707218094886,0.561688,-0.149816,-0.815936,-1.54,-0.77,-2.66,Noise,Right
1707218094886,0.557784,-0.143472,-0.803248,-1.19,-0.91,-2.45,Noise,Right
1707218094887,0.557296,-0.150304,-0.817888,-1.4,-0.84,-2.45,Noise,Right
1707218094995,0.554856,-0.151768,-0.815448,-0.7,-0.63,-2.38,Noise,Right
1707218094995,0.559736,-0.154696,-0.809104,-1.47,-0.84,-2.45,Noise,Right
1707218094995,0.560224,-0.147376,-0.81252,-1.4,-0.77,-2.17,Noise,Right
1707218094995,0.552416,-0.14884,-0.813008,-1.47,-0.77,-2.38,Noise,Right
1707218094995,0.558272,-0.14884,-0.81008,-1.68,-0.84,-2.45,Noise,Right
1707218094996,0.557784,-0.152256,-0.816912,-1.4,-0.84,-2.17,Noise,Right
1707218095098,0.552416,-0.146888,-0.804224,-1.54,-0.77,-2.38,Noise,Right
1707218095098,0.559736,-0.150792,-0.808616,-1.75,-0.77,-2.45,Noise,Right
1707218095098,0.55876,-0.148352,-0.808616,-1.4,-0.56,-2.38,Noise,Right
1707218095098,0.55632,-0.14884,-0.808128,-1.4,-0.84,-2.24,Noise,Right
1707218095098,0.555344,-0.154208,-0.813496,-1.4,-0.77,-2.31,Noise,Right
1707218095098,0.557296,-0.149328,-0.813008,-1.61,-0.63,-2.38,Noise,Right
1707218095149,0.554368,-0.15128,-0.808128,-1.33,-1.12,-2.17,Noise,Right
1707218095149,0.553392,-0.147864,-0.80764,-1.47,-0.77,-2.31,Noise,Right
1707218095149,0.555344,-0.154696,-0.808128,-1.4,-0.7,-2.17,Noise,Right
1707218095198,0.557296,-0.151768,-0.813008,-1.33,-0.77,-2.31,Noise,Right
1707218095198,0.556808,-0.155672,-0.811544,-0.84,-0.77,-2.31,Noise,Right
1707218095199,0.553392,-0.148352,-0.811056,-1.47,-0.91,-2.31,Noise,Right
1707218095300,0.549488,-0.142984,-0.799344,-1.12,-0.63,-2.17,Noise,Right
1707218095300,0.56852,-0.148352,-0.830576,-1.19,-0.56,-2.17,Noise,Right
1707218095300,0.547048,-0.160552,-0.794464,-1.4,-0.77,-2.45,Noise,Right
1707218095300,0.562664,-0.16592,-0.809104,-1.47,-0.91,-2.38,Noise,Right
1707218095300,0.556808,-0.151768,-0.803736,-1.54,-1.05,-2.45,Noise,Right
1707218095300,0.554856,-0.142496,-0.813008,-1.61,-0.77,-2.52,Noise,Right
1707218095349,0.547536,-0.147376,-0.808128,-1.4,-0.7,-2.31,Noise,Right
1707218095349,0.550952,-0.149328,-0.811544,-1.47,-0.7,-2.38,Noise,Right
1707218095349,0.555832,-0.152256,-0.813984,-1.33,-0.77,-2.38,Noise,Right
1707218095396,0.560712,-0.148352,-0.801784,-1.26,-0.77,-2.31,Noise,Right
1707218095397,0.560224,-0.147864,-0.81252,-1.26,-0.84,-2.31,Noise,Right
1707218095397,0.55632,-0.149328,-0.807152,-1.33,-0.77,-2.38,Noise,Right
1707218122218,-0.42944,-0.272792,0.73688,22.05,84.56,24.5,Noise,Right
1707218122219,-0.392352,-0.412848,0.81496,10.36,69.65,7.28,Noise,Right
1707218122219,-0.569008,-0.239608,0.750056,0.35,44.1,-11.2,Noise,Right
1707218122337,-0.549,-0.292312,0.69052,3.5,64.82,-21.56,Noise,Right
1707218122337,-0.6954,-0.342088,0.746152,8.33,79.8,-21.21,Noise,Right
1707218122337,-0.737856,-0.301584,0.688568,7.49,53.41,-12.46,Noise,Right
1707218122340,-0.713456,-0.250832,0.607072,5.81,38.08,-7.98,Noise,Right
1707218122340,-0.606584,-0.267424,0.633912,5.18,23.31,-13.02,Noise,Right
1707218122340,-0.536312,-0.370392,0.682712,3.43,0.91,-13.3,Noise,Right
1707218122386,-0.635864,-0.361608,0.691984,3.08,-19.39,-16.52,Noise,Right
1707218122386,-0.720776,-0.352336,0.757376,-2.8,-22.05,-15.61,Noise,Right
1707218122387,-0.719312,-0.306464,0.799344,2.73,-4.9,-7.35,Noise,Right
1707218122433,-0.74664,-0.289384,0.721752,7.0,15.26,-4.2,Noise,Right
1707218122433,-0.722728,-0.230336,0.682712,7.14,20.79,-2.94,Noise,Right
1707218122433,-0.721752,-0.225944,0.664656,5.04,21.42,-3.92,Noise,Right
1707218122479,-0.672464,-0.301096,0.640256,1.68,7.21,-4.34,Noise,Right
1707218122479,-0.690032,-0.310368,0.586576,-1.89,-11.83,-1.33,Noise,Right
1707218122480,-0.733952,-0.35624,0.628056,-5.95,-17.36,4.06,Noise,Right
1707218122525,-0.771528,-0.399184,0.654896,-4.69,3.01,13.3,Noise,Right
1707218122525,-0.698328,-0.430416,0.7076,-7.0,29.96,21.21,Noise,Right
1707218122525,-0.691496,-0.404064,0.694912,-3.78,43.89,28.84,Noise,Right
1707218122577,-0.620248,-0.310856,0.677832,-2.17,44.59,29.68,Noise,Right
1707218122577,-0.62464,-0.268888,0.663192,2.87,23.31,20.72,Noise,Right
1707218122577,-0.604144,-0.205936,0.642208,4.69,-6.51,9.8,Noise,Right
1707218122711,-0.62952,-0.131272,0.66856,4.76,-31.36,1.12,Noise,Right
1707218122714,-0.682712,-0.093696,0.700768,9.03,-29.05,-2.8,Noise,Right
1707218122714,-0.74176,-0.046848,0.712968,35.07,-10.08,-5.95,Noise,Right
1707218122715,-0.686616,-0.038552,0.711016,26.81,10.08,-6.86,Noise,Right
1707218122715,-0.647088,-0.142008,0.8052,28.0,16.38,-13.3,Noise,Right
1707218122715,-0.60268,-0.216672,0.797392,28.91,7.77,-20.44,Noise,Right
1707218122716,-0.663192,-0.20984,0.696864,35.0,1.68,-27.23,Noise,Right
1707218122762,-0.652456,-0.275232,0.672952,35.0,-5.88,-24.36,Noise,Right
1707218122762,-0.686616,-0.253272,0.683688,38.57,-5.32,-20.86,Noise,Right
1707218122763,-0.72712,-0.289384,0.775432,39.13,4.69,-16.8,Noise,Right
1707218122809,-0.746152,-0.330864,0.812032,36.54,14.7,-21.98,Noise,Right
1707218122809,-0.784216,-0.312808,0.777872,47.95,31.99,-16.38,Noise,Right
1707218122809,-0.681736,-0.338184,0.772016,57.19,36.12,-15.05,Noise,Right
1707218122852,-0.717848,-0.328424,0.742736,62.58,31.29,-13.3,Noise,Right
1707218122852,-0.654896,-0.29768,0.68808,69.37,25.9,-12.53,Noise,Right
1707218122853,-0.6832,-0.27328,0.671976,70.0,21.14,-18.2,Noise,Right
1707218122902,-0.703696,-0.223504,0.647576,66.01,3.64,-16.1,Noise,Right
1707218122902,-0.718824,-0.284016,0.655872,65.17,-4.13,-18.34,Noise,Right
1707218122902,-0.732,-0.232288,0.612928,64.82,6.37,-18.76,Noise,Right
1707218122950,-0.843264,-0.213256,0.65636,66.64,19.88,-18.48,Noise,Right
1707218122950,-0.709552,-0.15372,0.643672,67.06,17.71,-12.74,Noise,Right
1707218122951,-0.49044,-0.244488,0.64172,69.02,30.1,-20.86,Noise,Right
1707218122996,-0.74908,-0.103944,0.657824,65.38,7.0,-20.44,Noise,Right
1707218122997,-0.68808,-0.114192,0.696376,65.59,-10.92,-21.91,Noise,Right
1707218123050,-0.720288,-0.141032,0.742736,60.48,-25.27,-23.52,Noise,Right
1707218123050,-0.836432,-0.028792,0.691984,69.23,-47.11,-19.04,Noise,Right
1707218123050,-0.80276,-0.140544,0.689544,76.3,-21.63,-17.29,Noise,Right
1707218123105,-0.692472,-0.171776,0.705648,61.32,12.53,-4.69,Noise,Right
1707218123105,-0.763232,-0.121512,0.648064,53.55,1.47,-5.46,Noise,Right
1707218123105,-0.672952,-0.065392,0.620248,57.82,1.47,-8.33,Noise,Right
1707218123105,-0.648064,-0.11468,0.636352,64.75,17.08,-21.84,Noise,Right
1707218123150,-0.630984,-0.099064,0.643184,57.26,-4.9,-18.97,Noise,Right
1707218123150,-0.67832,-0.11224,0.695888,51.66,-11.9,-18.48,Noise,Right
1707218123195,-0.702232,-0.123464,0.748592,45.29,-3.36,-29.61,Noise,Right
1707218123195,-0.945744,-0.018544,0.711016,42.77,-15.61,-30.66,Noise,Right
1707218123195,-0.83692,-0.00244,0.589504,46.2,-13.23,-15.4,Noise,Right
1707218123245,-0.752496,-0.087352,0.62952,44.66,12.74,-7.56,Noise,Right
1707218123246,-0.611464,0.0122,0.703696,35.63,28.21,-4.62,Noise,Right
1707218123250,-0.58072,-0.072712,0.71736,33.81,-0.91,-4.9,Noise,Right
1707218123295,-0.682712,0.00244,0.68564,33.74,-21.14,-7.21,Noise,Right
1707218123295,-0.710528,-0.016592,0.747128,40.18,24.08,-15.61,Noise,Right
1707218123413,-0.752496,0.05856,0.701744,45.01,-1.4,-14.7,Noise,Right
1707218123413,-0.793976,0.142984,0.698328,51.52,13.72,-16.45,Noise,Right
1707218123414,-0.910608,0.011712,0.654896,43.19,-6.65,-9.52,Noise,Right
1707218123414,-0.790072,0.00976,0.587064,38.57,17.64,-4.48,Noise,Right
1707218123414,-0.699792,0.022448,0.56852,31.85,28.91,-3.36,Noise,Right
1707218123414,-0.616344,0.033672,0.592432,24.85,6.72,-6.16,Noise,Right
1707218123414,-0.760792,0.07808,0.564616,26.53,-18.55,-12.18,Noise,Right
1707218123462,-0.801296,0.1342,0.590968,25.83,-11.27,-9.66,Noise,Right
1707218123462,-0.767136,0.122976,0.625616,21.0,-5.46,-8.12,Noise,Right
1707218123462,-0.718336,0.013176,0.662704,7.49,-2.87,-3.15,Noise,Right
1707218123509,-0.79788,0.062464,0.506544,4.55,-0.7,-5.67,Noise,Right
1707218123509,-0.768112,0.022936,0.582184,12.18,-12.67,-6.37,Noise,Right
1707218123509,-0.696376,0.00244,0.611952,6.09,-17.57,-4.2,Noise,Right
1707218123564,-0.699792,-0.015616,0.681736,-1.54,-26.04,-7.14,Noise,Right
1707218123564,-0.725656,0.06344,0.724192,0.84,-16.1,-4.97,Noise,Right
1707218123565,-0.741272,0.0366,0.752496,2.24,5.81,-1.12,Noise,Right
1707218123666,-0.760792,0.073688,0.654896,2.24,10.99,0.42,Noise,Right
1707218123666,-0.77836,0.062464,0.620736,0.49,7.56,1.12,Noise,Right
1707218123666,-0.7686,0.041968,0.62952,-1.4,8.05,2.24,Noise,Right
1707218123666,-0.697352,0.016104,0.619272,-0.21,5.88,-1.12,Noise,Right
1707218123666,-0.720288,0.013664,0.587552,-0.07,-6.23,-5.88,Noise,Right
1707218123667,-0.743224,-0.016592,0.567544,2.38,-14.63,-11.06,Noise,Right
1707218123713,-0.707112,-0.023424,0.564128,-3.29,-24.92,-8.75,Noise,Right
1707218123713,-0.756888,0.025864,0.594872,0.07,-24.78,-8.33,Noise,Right
1707218123713,-0.663192,-0.000488,0.671488,-3.43,-24.43,-0.98,Noise,Right
1707218123778,-0.669048,0.04392,0.767624,-12.88,-33.67,5.53,Noise,Right
1707218123781,-0.847656,0.040504,0.814472,-29.75,-24.08,4.55,Noise,Right
1707218123781,-0.856928,0.132248,0.640744,-23.31,0.98,-1.33,Noise,Right
1707218123821,-0.711016,0.0366,0.604144,-45.22,10.15,8.89,Noise,Right
1707218123821,-0.690032,-0.023424,0.491416,-37.1,-7.84,0.07,Noise,Right
1707218123821,-0.64172,-0.078568,0.59536,-38.29,-31.71,-4.41,Noise,Right
1707218123821,-0.652456,-0.11712,0.709552,-40.67,-27.3,0.98,Noise,Right
1707218123868,-0.626104,-0.085888,0.852536,-65.8,-51.03,6.86,Noise,Right
1707218123868,-0.664656,0.058072,0.743712,-53.9,-36.4,3.29,Noise,Right
1707218123914,-0.68808,-0.05124,0.670024,-65.38,-25.62,7.84,Noise,Right
1707218123914,-0.666608,0.04636,0.643184,-64.12,-14.14,17.43,Noise,Right
1707218123914,-0.616832,0.120048,0.701256,-66.78,-19.11,22.54,Noise,Right
1707218123961,-0.693448,-0.086376,0.772504,-53.41,-38.92,12.95,Noise,Right
1707218123961,-0.684664,-0.098576,0.743712,-69.72,-38.99,20.23,Noise,Right
1707218123961,-0.743712,-0.000976,0.637328,-72.31,-47.11,8.96,Noise,Right
1707218124009,-0.593408,-0.182512,0.6832,-76.72,-52.01,16.1,Noise,Right
1707218124009,-0.593896,-0.077104,0.667584,-85.33,-69.09,23.73,Noise,Right
1707218124009,-0.604632,-0.119072,0.780312,-75.67,-36.96,32.9,Noise,Right
1707218124054,-0.5124,-0.11712,0.834968,-84.56,-48.72,38.5,Noise,Right
1707218124054,-0.517768,-0.17812,0.798368,-79.66,-34.09,32.48,Noise,Right
1707218124098,-0.557784,-0.20984,0.727608,-81.97,-43.54,23.24,Noise,Right
1707218124098,-0.626104,-0.183488,0.701744,-92.12,-49.42,16.38,Noise,Right
1707218124098,-0.618296,-0.229848,0.801296,-86.52,-38.99,17.43,Noise,Right
1707218124144,-0.595848,-0.308904,0.905728,-77.42,-28.42,22.47,Noise,Right
1707218124145,-0.49044,-0.396256,0.940864,-69.3,-24.08,29.12,Noise,Right
1707218124145,-0.427488,-0.425536,0.920368,-63.84,-20.79,28.98,Noise,Right
1707218124196,-0.5002,-0.430904,0.787144,-66.01,-27.16,21.98,Noise,Right
1707218124196,-0.533872,-0.362584,0.694424,-69.79,-33.81,18.06,Noise,Right
1707218124279,-0.552904,-0.390888,0.772016,-73.99,-43.26,18.83,Noise,Right
1707218124279,-0.565104,-0.313296,0.871568,-55.86,-29.05,22.12,Noise,Right
1707218124279,-0.61732,-0.351848,0.940376,-38.92,0.91,21.7,Noise,Right
1707218124279,-0.575352,-0.274744,1.118008,-39.83,7.56,17.29,Noise,Right
1707218124279,-0.564128,-0.220576,1.082872,-25.62,8.33,10.85,Noise,Right
1707218124381,-0.537288,-0.176168,0.926224,-6.79,5.6,0.77,Noise,Right
1707218124381,-0.594872,-0.223992,0.79056,-1.82,1.89,-0.49,Noise,Right
1707218124381,-0.631472,-0.252296,0.660264,-6.86,-2.31,6.02,Noise,Right
1707218124381,-0.610976,-0.328912,0.638304,-18.9,-1.68,16.87,Noise,Right
1707218124381,-0.51972,-0.376248,0.656848,-13.23,5.04,28.7,Noise,Right
1707218124382,-0.339648,-0.413336,0.740296,-13.72,12.39,33.81,Noise,Right
1707218124486,-0.378688,-0.386984,0.869128,-18.41,-4.13,24.22,Noise,Right
1707218124486,-0.446032,-0.391376,1.003328,-18.41,-19.95,12.11,Noise,Right
1707218124486,-0.582184,-0.386008,0.982344,-26.6,-32.34,19.6,Noise,Right
1707218124486,-0.567544,-0.328912,0.855464,-17.78,-40.81,18.97,Noise,Right
1707218124486,-0.743224,-0.14884,0.584136,4.2,-38.36,0.56,Noise,Right
1707218124486,-0.71736,-0.296704,0.609512,17.43,7.91,4.97,Noise,Right
1707218124486,-0.554368,-0.327936,0.59536,18.62,18.27,-0.84,Noise,Right
1707218124536,-0.571936,-0.353312,0.549976,20.09,15.82,-12.95,Noise,Right
1707218124536,-0.473848,-0.53192,0.823256,16.66,-23.8,-25.55,Noise,Right
1707218124658,0.086864,-0.549488,0.546072,-11.69,-122.36,-22.12,Noise,Right
1707218124658,-0.301096,-0.460184,0.80276,-24.71,-172.83,-28.0,Noise,Right
1707218124658,-0.54656,-0.404552,1.158024,-35.14,-198.8,-31.78,Noise,Right
1707218124659,-0.604632,-0.338672,1.254648,-35.84,-169.75,-36.4,Noise,Right
1707218124659,-0.479704,-0.293288,1.057008,-30.38,-146.09,-36.61,Noise,Right
1707218124659,-0.479216,-0.247904,0.944768,-28.84,-122.78,-29.89,Noise,Right
1707218124659,-0.33916,-0.304024,0.899384,-22.4,-69.16,-13.16,Noise,Right
1707218124774,-0.215696,-0.403576,0.774944,-8.05,-16.45,3.57,Noise,Right
1707218124775,-0.164456,-0.338672,0.825208,5.25,7.7,14.14,Noise,Right
1707218124775,-0.15372,-0.356728,0.925736,13.02,22.47,16.52,Noise,Right
1707218124775,-0.160552,-0.347944,0.935984,12.39,15.96,10.99,Noise,Right
1707218124775,-0.189344,-0.33672,0.939888,8.54,3.29,1.75,Noise,Right
1707218124775,-0.29524,-0.308416,0.984296,9.24,-1.26,-8.05,Noise,Right
1707218124775,-0.342576,-0.277672,0.942328,12.32,9.8,-20.23,Noise,Right
1707218124841,-0.306952,-0.330864,0.877912,18.55,26.95,-27.93,Noise,Right
1707218124845,-0.3294,-0.327448,0.806664,24.5,55.51,-29.68,Noise,Right
1707218124849,-0.060512,-0.474336,0.751032,29.19,54.04,-32.06,Noise,Right
1707218124850,-0.115656,-0.45628,0.804224,20.79,14.14,-34.72,Noise,Right
1707218124960,-0.244488,-0.38552,0.931104,15.05,-12.46,-36.68,Noise,Right
1707218124960,-0.273768,-0.368928,1.016016,23.59,-4.27,-35.14,Noise,Right
1707218124960,-0.298168,-0.31476,1.009184,31.15,-2.66,-36.12,Noise,Right
1707218124961,-0.40992,-0.257176,1.013576,42.28,14.21,-36.68,Noise,Right
1707218124962,-0.397232,-0.330376,0.930616,48.23,45.92,-33.25,Noise,Right
1707218124962,-0.368928,-0.39284,0.874008,47.6,71.33,-30.1,Noise,Right
1707218124962,-0.259616,-0.438224,0.7808,44.31,72.1,-31.36,Noise,Right
1707218125013,-0.240584,-0.452864,0.766648,42.28,50.26,-34.72,Noise,Right
1707218125014,-0.267424,-0.427,0.833504,41.02,29.47,-36.4,Noise,Right
1707218125014,-0.282552,-0.410408,0.915488,39.06,19.81,-38.5,Noise,Right
1707218125014,-0.332328,-0.296216,0.938912,37.24,23.94,-39.27,Noise,Right
1707218125060,-0.45628,-0.232776,0.93208,38.85,34.09,-38.71,Noise,Right
1707218125060,-0.548512,-0.19032,0.951112,42.35,60.62,-33.88,Noise,Right
1707218125106,-0.533384,-0.198128,0.8662,41.16,81.2,-27.37,Noise,Right
1707218125106,-0.432856,-0.221552,0.808616,40.53,79.1,-24.01,Noise,Right
1707218125106,-0.309392,-0.217648,0.766648,41.72,56.77,-23.38,Noise,Right
1707218125153,-0.339648,-0.25132,0.751032,39.06,35.0,-22.96,Noise,Right
1707218125154,-0.366976,-0.182512,0.774456,35.07,7.63,-26.95,Noise,Right
1707218125154,-0.445056,-0.200568,0.896456,35.21,6.3,-35.56,Noise,Right
1707218125205,-0.534848,-0.169824,0.933056,33.6,14.98,-39.55,Noise,Right
1707218125206,-0.53924,-0.17324,0.898896,39.76,46.48,-41.44,Noise,Right
1707218125206,-0.503616,-0.204472,0.818376,39.2,79.66,-42.91,Noise,Right
1707218125301,-0.51728,-0.338184,0.803248,32.76,76.09,-38.29,Noise,Right
1707218125302,-0.536312,-0.282552,0.654896,24.78,43.05,-30.94,Noise,Right
1707218125302,-0.509472,-0.333792,0.772016,25.27,51.59,-29.54,Noise,Right
1707218125302,-0.474336,-0.314272,0.826672,36.75,61.67,-37.8,Noise,Right
1707218125302,-0.337696,-0.38308,0.920368,42.98,74.97,-37.66,Noise,Right
1707218125302,-0.330376,-0.406016,0.968192,28.63,63.84,-21.21,Noise,Right
1707218125356,-0.474336,-0.237656,0.87352,24.78,29.75,-23.03,Noise,Right
1707218125356,-0.633424,-0.17568,0.857416,25.2,12.11,-27.02,Noise,Right
1707218125357,-0.612928,-0.26352,0.804712,26.95,24.92,-25.83,Noise,Right
1707218125403,-0.631472,-0.254736,0.743712,27.51,24.36,-28.07,Noise,Right
1707218125403,-0.70516,-0.171288,0.65636,25.55,32.41,-25.13,Noise,Right
1707218125403,-0.630496,-0.246928,0.750056,27.51,73.36,-15.47,Noise,Right
1707218125446,-0.502152,-0.290848,0.818376,36.05,92.4,-10.08,Noise,Right
1707218125446,-0.487512,-0.26108,0.828136,36.05,80.43,-11.41,Noise,Right
1707218125493,-0.605608,-0.101504,0.718336,32.48,50.05,-16.31,Noise,Right
1707218125494,-0.676368,-0.116632,0.66368,26.39,17.08,-17.22,Noise,Right
1707218125494,-0.752984,-0.083936,0.638792,19.53,-7.84,-18.06,Noise,Right
1707218125546,-0.78568,-0.081984,0.625128,16.38,-14.49,-13.86,Noise,Right
1707218125547,-0.784704,-0.10492,0.616832,10.64,-5.53,-11.9,Noise,Right
1707218125547,-0.779336,-0.134688,0.65392,10.57,20.86,-5.74,Noise,Right
1707218125674,-0.710528,-0.210328,0.765184,13.65,54.67,-2.45,Noise,Right
1707218125674,-0.56364,-0.255224,0.780312,18.83,67.97,3.92,Noise,Right
1707218125674,-0.555344,-0.165432,0.74664,15.19,34.79,0.77,Noise,Right
1707218125674,-0.696864,-0.109312,0.682712,10.08,0.63,-4.97,Noise,Right
1707218125674,-0.789584,-0.118096,0.664168,11.13,5.32,-3.22,Noise,Right
1707218125674,-0.732,-0.132736,0.664656,10.85,18.62,0.7,Noise,Right
1707218125675,-0.708576,-0.143472,0.60512,10.5,14.49,0.98,Noise,Right
1707218125811,-0.714432,-0.165432,0.64416,10.92,7.21,-2.31,Noise,Right
1707218125811,-0.713944,-0.215208,0.67832,13.23,15.33,0.35,Noise,Right
1707218125811,-0.744688,-0.287432,0.692472,12.39,24.57,-0.98,Noise,Right
1707218125812,-0.66368,-0.189832,0.628056,6.23,19.88,4.27,Noise,Right
1707218125812,-0.72712,-0.154208,0.582184,0.56,-8.05,-3.08,Noise,Right
1707218125812,-0.745664,-0.18056,0.589504,-1.75,-10.29,-2.52,Noise,Right
1707218125812,-0.691008,-0.177144,0.6222,-4.55,-17.85,-1.75,Noise,Right
1707218125812,-0.674904,-0.172264,0.66856,-7.35,-28.56,-1.54,Noise,Right
1707218125919,-0.685152,-0.17324,0.694912,-7.14,-32.97,-1.82,Noise,Right
1707218125927,-0.696376,-0.159088,0.703208,-6.72,-36.96,-1.89,Noise,Right
1707218125927,-0.73688,-0.18544,0.74176,-7.35,-29.33,-1.61,Noise,Right
1707218125931,-0.751032,-0.19764,0.68808,-10.15,-5.04,1.4,Noise,Right
1707218125932,-0.701744,-0.175192,0.643672,-12.88,-10.85,1.26,Noise,Right
1707218125932,-0.716872,-0.179584,0.638304,-18.69,-17.15,3.85,Noise,Right
1707218125936,-0.743712,-0.127368,0.648552,-23.59,-24.92,7.0,Noise,Right
1707218125961,-0.742248,-0.108824,0.660752,-28.56,-27.3,6.86,Noise,Right
1707218125961,-0.679784,-0.0854,0.7076,-27.23,-22.68,9.8,Noise,Right
1707218126007,-0.589992,-0.118096,0.740784,-30.31,-26.6,15.54,Noise,Right
1707218126008,-0.594384,-0.11712,0.77348,-33.04,-49.98,10.92,Noise,Right
1707218126008,-0.618784,-0.163968,0.762744,-34.86,-61.18,11.55,Noise,Right
1707218126059,-0.682224,-0.21472,0.720776,-36.89,-65.66,10.64,Noise,Right
1707218126060,-0.752008,-0.28792,0.67588,-42.07,-58.24,12.67,Noise,Right
1707218126060,-0.637816,-0.28304,0.569984,-48.37,-53.55,15.75,Noise,Right
1707218126104,-0.546072,-0.254248,0.587064,-54.04,-68.32,19.04,Noise,Right
1707218126105,-0.494344,-0.289384,0.715896,-56.49,-86.03,18.83,Noise,Right
1707218126105,-0.421144,-0.296704,0.82716,-58.73,-95.62,18.76,Noise,Right
1707218126152,-0.415288,-0.3294,0.846192,-55.44,-94.43,22.54,Noise,Right
1707218126153,-0.533384,-0.306952,0.864736,-55.44,-77.07,21.49,Noise,Right
1707218126223,-0.609024,-0.293288,0.865224,-52.78,-54.32,17.85,Noise,Right
1707218126223,-0.574864,-0.305488,0.783728,-49.28,-49.21,25.55,Noise,Right
1707218126223,-0.454816,-0.333304,0.731512,-48.23,-55.79,29.61,Noise,Right
1707218126223,-0.465064,-0.335256,0.70028,-48.44,-75.95,29.75,Noise,Right
1707218126223,-0.447008,-0.287432,0.767624,-43.4,-72.59,42.98,Noise,Right
1707218126271,-0.464576,-0.289384,0.867664,-35.84,-54.46,47.95,Noise,Right
1707218126271,-0.446032,-0.296216,1.014552,-34.16,-29.54,50.61,Noise,Right
1707218126271,-0.45872,-0.27084,0.997472,-40.53,-29.33,40.67,Noise,Right
1707218126318,-0.433832,-0.289384,0.902312,-43.26,-27.93,44.38,Noise,Right
1707218126319,-0.46604,-0.293288,0.792512,-44.94,-32.13,42.98,Noise,Right
1707218126319,-0.518256,-0.367464,0.721752,-47.18,-38.36,42.0,Noise,Right
1707218126368,-0.436272,-0.352824,0.65392,-44.52,-40.67,43.47,Noise,Right
1707218126368,-0.345504,-0.418216,0.769576,-37.38,-37.52,40.11,Noise,Right
1707218126414,-0.271816,-0.472872,0.909144,-31.15,-30.45,34.86,Noise,Right
1707218126414,-0.171288,-0.541192,1.084336,-28.98,-8.12,27.3,Noise,Right
1707218126414,-0.193248,-0.454816,1.040416,-30.45,-33.11,13.58,Noise,Right
1707218126465,-0.349896,-0.308904,0.90036,-31.08,-59.36,4.55,Noise,Right
1707218126466,-0.454816,-0.2684,0.835944,-26.53,-58.66,3.85,Noise,Right
1707218126466,-0.502152,-0.265472,0.834968,-21.91,-63.35,2.52,Noise,Right
1707218126591,-0.506056,-0.329888,0.86376,-16.31,-52.57,3.43,Noise,Right
1707218126591,-0.381128,-0.396744,0.877424,-8.89,-16.8,8.75,Noise,Right
1707218126591,-0.317688,-0.422608,0.887184,-7.77,-8.75,6.37,Noise,Right
1707218126592,-0.201056,-0.461648,0.884744,-10.22,-0.84,5.6,Noise,Right
1707218126592,-0.311832,-0.386496,0.865224,-15.26,-21.0,2.52,Noise,Right
1707218126592,-0.359656,-0.342576,0.863272,-14.0,-21.91,5.18,Noise,Right
1707218126592,-0.345992,-0.363072,0.89548,-9.03,-14.84,7.63,Noise,Right
1707218126636,-0.383568,-0.408944,0.880352,-5.67,-5.39,9.03,Noise,Right
1707218126636,-0.408944,-0.375272,0.863272,-3.5,13.16,13.72,Noise,Right
1707218126636,-0.385032,-0.42944,0.82228,-2.17,22.26,17.57,Noise,Right
1707218126736,-0.311832,-0.42456,0.813984,-4.41,15.47,18.41,Noise,Right
1707218126736,-0.389912,-0.452376,0.768112,-9.94,-1.75,18.2,Noise,Right
1707218126736,-0.366976,-0.442128,0.782752,-12.46,-13.3,17.99,Noise,Right
1707218126736,-0.28792,-0.533384,0.812032,-13.72,-19.95,13.16,Noise,Right
1707218126737,-0.341112,-0.484584,0.860832,-17.08,-29.47,6.58,Noise,Right
1707218126737,-0.435296,-0.528992,0.95892,-12.88,10.22,16.8,Noise,Right
1707218126786,-0.330864,-0.467504,0.852536,0.14,57.12,14.63,Noise,Right
1707218126787,-0.359656,-0.406504,0.8662,9.87,93.45,28.21,Noise,Right
1707218126787,-0.345504,-0.414312,0.821792,17.99,92.33,29.89,Noise,Right
1707218126835,-0.407968,-0.340624,0.797392,23.94,60.2,22.89,Noise,Right
1707218126835,-0.438224,-0.267912,0.770552,26.18,20.79,11.41,Noise,Right
1707218126835,-0.536312,-0.262544,0.786168,25.62,25.34,12.39,Noise,Right
1707218126880,-0.65392,-0.199104,0.8052,23.94,40.32,17.78,Noise,Right
1707218126881,-0.629032,-0.140056,0.823256,28.63,102.76,30.31,Noise,Right
1707218126925,-0.367464,-0.160064,0.840336,45.99,173.81,46.41,Noise,Right
1707218126925,-0.40504,-0.29524,0.787632,54.81,177.59,45.43,Noise,Right
1707218126925,-0.477264,-0.32696,0.794464,35.21,104.72,33.88,Noise,Right
1707218126972,-0.519232,-0.298168,0.699792,17.5,42.14,13.09,Noise,Right
1707218126972,-0.566568,-0.281576,0.681736,7.84,-3.08,-3.99,Noise,Right
1707218126972,-0.666608,-0.325496,0.745664,5.39,-8.19,-13.86,Noise,Right
1707218127018,-0.678808,-0.335744,0.750056,6.79,4.97,-16.38,Noise,Right
1707218127018,-0.67832,-0.211304,0.683688,8.19,-11.83,-19.74,Noise,Right
1707218127018,-0.538264,-0.320616,0.6954,11.9,-1.61,-22.26,Noise,Right
1707218127067,-0.549488,-0.293288,0.74664,16.38,-9.8,-26.04,Noise,Right
1707218127067,-0.640744,-0.312808,0.81008,17.15,-18.9,-29.33,Noise,Right
1707218127113,-0.69296,-0.298168,0.828624,22.75,-7.7,-25.06,Noise,Right
1707218127113,-0.718824,-0.29768,0.804712,32.97,13.58,-21.14,Noise,Right
1707218127113,-0.689056,-0.345016,0.83936,39.69,33.11,-16.87,Noise,Right
1707218127159,-0.616344,-0.362584,0.738344,40.04,34.23,-21.63,Noise,Right
1707218127160,-0.611952,-0.316224,0.66856,37.45,19.95,-23.24,Noise,Right
1707218127160,-0.608048,-0.257664,0.6344,35.35,6.3,-20.58,Noise,Right
1707218127209,-0.769088,-0.299632,0.77836,31.85,-4.62,-29.12,Noise,Right
1707218127209,-0.837408,-0.21716,0.801784,35.07,18.06,-11.2,Noise,Right
1707218127209,-0.714432,-0.203008,0.77348,43.61,43.75,-3.22,Noise,Right
1707218127258,-0.637816,-0.188368,0.759816,49.14,48.93,-2.66,Noise,Right
1707218127258,-0.60268,-0.256688,0.732,53.13,42.56,-1.54,Noise,Right
1707218127352,-0.66612,-0.2196,0.706624,52.71,34.02,-5.11,Noise,Right
1707218127353,-0.652944,-0.230824,0.664168,46.62,14.91,-12.39,Noise,Right
1707218127353,-0.660264,-0.26108,0.6344,41.86,-2.17,-16.59,Noise,Right
1707218127353,-0.660752,-0.260592,0.652944,39.41,-11.97,-21.07,Noise,Right
1707218127353,-0.740296,-0.223992,0.690032,36.96,-15.47,-22.33,Noise,Right
1707218127354,-0.60756,-0.084912,0.690032,39.76,8.4,-20.44,Noise,Right
1707218127408,-0.84912,-0.193248,0.877424,46.2,33.25,-10.36,Noise,Right
1707218127408,-0.69296,-0.17568,0.855464,53.13,44.03,-3.01,Noise,Right
1707218127408,-0.672952,-0.196176,0.814472,62.44,43.4,-7.98,Noise,Right
1707218127454,-0.63928,-0.223504,0.725168,63.7,27.44,-15.19,Noise,Right
1707218127454,-0.623176,-0.216672,0.690032,60.76,10.01,-15.89,Noise,Right
1707218127454,-0.627568,-0.152744,0.636352,65.38,-10.78,-21.0,Noise,Right
1707218127501,-0.379176,-0.295728,0.587552,65.31,19.04,-28.84,Noise,Right
1707218127501,-0.931592,-0.16104,0.633912,73.29,7.07,-42.35,Noise,Right
1707218127501,-0.821792,-0.154208,0.62708,71.05,-11.62,-28.0,Noise,Right
1707218127547,-0.589992,-0.146888,0.653432,75.95,18.97,-28.63,Noise,Right
1707218127547,-0.587064,-0.23912,0.7686,61.6,35.35,-30.31,Noise,Right
1707218127547,-0.677344,-0.149816,0.707112,62.72,-3.99,-32.55,Noise,Right
1707218127595,-0.65636,-0.155184,0.664656,61.6,-4.48,-33.88,Noise,Right
1707218127595,-0.687592,-0.144936,0.62708,66.22,-19.32,-37.94,Noise,Right
1707218127595,-0.677832,-0.163968,0.65148,62.02,-11.62,-42.21,Noise,Right
1707218127646,-0.671,-0.124928,0.642208,56.35,0.07,-52.22,Noise,Right
1707218127646,-0.942328,-0.140056,0.666608,52.78,-25.06,-47.74,Noise,Right
1707218127764,-0.825208,-0.13176,0.645136,57.4,-9.87,-21.56,Noise,Right
1707218127764,-0.677344,-0.127856,0.750056,54.53,17.01,-17.5,Noise,Right
1707218127764,-0.682224,-0.070272,0.713456,55.58,18.83,-16.52,Noise,Right
1707218127765,-0.689544,-0.011712,0.70028,51.87,11.55,-15.05,Noise,Right
1707218127765,-0.83448,0.038552,0.599752,49.84,3.64,-8.26,Noise,Right
1707218127765,-0.857904,0.053192,0.621224,49.14,23.24,-0.14,Noise,Right
1707218127765,-0.749568,-0.025376,0.632448,47.6,28.21,2.59,Noise,Right
1707218127813,-0.740784,-0.055144,0.602192,42.0,20.16,-2.1,Noise,Right
1707218127813,-0.732,-0.091256,0.6344,40.95,6.65,-3.71,Noise,Right
1707218127813,-0.700768,-0.000488,0.577304,46.9,15.47,-8.54,Noise,Right
1707218127862,-0.65392,-0.150792,0.67832,40.32,20.09,-6.44,Noise,Right
1707218127862,-0.652944,-0.139568,0.683688,28.84,-4.83,-11.2,Noise,Right
1707218127862,-0.720288,-0.014152,0.61732,25.55,-18.06,-14.14,Noise,Right
1707218127908,-0.853512,0.000488,0.645624,28.91,17.43,-5.81,Noise,Right
1707218127908,-0.816424,0.002928,0.710528,28.98,31.36,-1.96,Noise,Right
1707218127908,-0.762256,0.038552,0.664656,27.86,31.29,-2.24,Noise,Right
1707218127953,-0.760304,0.0122,0.611464,30.31,26.46,0.14,Noise,Right
1707218127953,-0.676856,0.013176,0.618784,32.34,11.41,0.49,Noise,Right
1707218127953,-0.691496,-0.023424,0.62464,29.12,-8.33,-3.08,Noise,Right
1707218128005,-0.77592,-0.000976,0.667096,25.34,-14.35,-7.35,Noise,Right
1707218128005,-0.884256,0.0244,0.674904,24.43,0.35,-10.08,Noise,Right
1707218128123,-0.793,0.101992,0.63928,25.34,31.29,-7.84,Noise,Right
1707218128124,-0.759816,0.103944,0.620248,22.4,34.72,-6.79,Noise,Right
1707218128124,-0.764208,0.112728,0.469456,19.32,18.41,-5.25,Noise,Right
1707218128124,-0.77348,0.113704,0.42456,18.97,4.62,-6.58,Noise,Right
1707218128124,-0.694424,-0.005368,0.528504,9.59,-2.45,0.21,Noise,Right
1707218128124,-0.773968,0.057096,0.621712,11.48,-21.21,-2.31,Noise,Right
1707218128125,-0.713456,-0.025376,0.730048,14.07,-8.61,-3.64,Noise,Right
1707218128171,-0.76128,-0.040016,0.755912,12.25,-13.86,-2.66,Noise,Right
1707218128172,-0.850096,0.002928,0.64904,9.38,-10.36,-10.36,Noise,Right
1707218128172,-0.887184,-0.005856,0.564616,5.74,-0.91,-12.95,Noise,Right
1707218128275,-0.788608,-0.007808,0.506544,1.96,5.67,-13.65,Noise,Right
1707218128275,-0.693936,-0.006344,0.465552,-2.24,-8.05,-10.5,Noise,Right
1707218128275,-0.677344,0.031232,0.560712,-2.73,-21.7,-8.33,Noise,Right
1707218128275,-0.77836,0.053192,0.642696,1.68,-30.87,-7.7,Noise,Right
1707218128275,-0.846192,0.074176,0.709552,8.54,-18.9,-7.91,Noise,Right
1707218128275,-0.807152,0.040016,0.704672,6.16,2.17,-3.78,Noise,Right
1707218128275,-0.809592,0.03904,0.59048,2.66,-1.54,-4.2,Noise,Right
1707218128325,-0.809104,0.032696,0.492392,-4.06,-3.71,-2.17,Noise,Right
1707218128325,-0.70272,-0.022936,0.56364,-9.87,-9.73,2.87,Noise,Right
1707218128375,-0.799832,-0.033184,0.662704,-17.15,-22.68,0.91,Noise,Right
1707218128375,-0.835944,0.041968,0.69052,-22.61,-0.21,-4.69,Noise,Right
1707218128375,-0.840336,0.033184,0.679296,-20.37,10.43,-0.77,Noise,Right
1707218128430,-0.766648,0.032208,0.61,-16.17,26.6,3.64,Noise,Right
1707218128430,-0.657824,-0.034648,0.53436,-17.99,27.86,7.91,Noise,Right
1707218128430,-0.603168,-0.05368,0.471408,-21.21,4.83,8.26,Noise,Right
1707218128430,-0.5978,-0.00488,0.492392,-15.33,-33.04,0.49,Noise,Right
1707218128477,-0.779824,-0.03416,0.607072,-19.6,-39.83,2.87,Noise,Right
1707218128477,-0.880352,-0.013664,0.71492,-16.8,-19.18,10.15,Noise,Right
1707218128524,-0.880352,-0.02684,0.721752,-37.59,10.43,25.76,Noise,Right
1707218128525,-0.848144,0.101992,0.62464,-45.78,12.04,9.24,Noise,Right
1707218128525,-0.845216,0.054656,0.504104,-53.48,-12.25,7.07,Noise,Right
1707218128578,-0.76128,0.104432,0.514352,-54.39,-17.22,11.48,Noise,Right
1707218128578,-0.661728,-0.00732,0.581696,-47.25,-34.72,13.51,Noise,Right
1707218128579,-0.617808,-0.03416,0.69296,-31.71,-31.29,15.82,Noise,Right
1707218128621,-0.748592,-0.145424,0.73932,-34.79,-36.33,13.58,Noise,Right
1707218128622,-0.809592,-0.05612,0.61488,-74.55,-26.32,17.43,Noise,Right
1707218128680,-0.969168,0.098576,0.407968,-54.88,-19.67,4.41,Noise,Right
1707218128682,-0.889624,0.021472,0.584136,-54.95,15.89,18.69,Noise,Right
1707218128683,-0.712968,-0.039528,0.733952,-54.18,23.45,22.61,Noise,Right
1707218128683,-0.608536,-0.1342,0.760304,-51.52,25.9,21.42,Noise,Right
1707218128724,-0.545584,-0.175192,0.731512,-53.2,-11.9,14.14,Noise,Right
1707218128724,-0.65392,-0.193736,0.654896,-60.83,-48.37,-0.98,Noise,Right
1707218128724,-0.760792,-0.10004,0.650016,-63.91,-20.72,3.08,Noise,Right
1707218128770,-0.785192,-0.091744,0.571936,-60.83,-16.24,9.45,Noise,Right
1707218128770,-0.796416,-0.07076,0.561688,-58.52,-7.49,11.76,Noise,Right
1707218128825,-0.826672,-0.10736,0.578768,-66.78,6.02,16.24,Noise,Right
1707218128825,-0.76128,-0.122976,0.644648,-67.97,9.52,21.14,Noise,Right
1707218128825,-0.691984,-0.188368,0.718336,-67.97,-9.38,24.57,Noise,Right
1707218128946,-0.623176,-0.20496,0.792024,-71.96,-43.33,27.93,Noise,Right
1707218128946,-0.700768,-0.205448,0.825208,-73.5,-49.07,21.77,Noise,Right
1707218128947,-0.715896,-0.171288,0.709552,-68.32,-39.9,18.27,Noise,Right
1707218128947,-0.812032,-0.13176,0.609512,-65.52,-19.74,22.26,Noise,Right
1707218128947,-0.808128,-0.15128,0.54168,-62.37,-3.64,29.33,Noise,Right
1707218128947,-0.73444,-0.190808,0.553392,-64.4,-1.54,37.1,Noise,Right
1707218128947,-0.670024,-0.274744,0.577304,-71.96,-7.91,33.39,Noise,Right
1707218128990,-0.650016,-0.341112,0.672952,-77.77,-24.71,27.72,Noise,Right
1707218128991,-0.581208,-0.498248,0.7808,-81.69,-39.97,27.86,Noise,Right
1707218128991,-0.559736,-0.351848,0.90768,-81.34,-49.7,19.95,Noise,Right
1707218129090,-0.707112,-0.433832,0.908168,-66.71,-54.74,7.49,Noise,Right
1707218129090,-0.731024,-0.2806,0.806664,-61.81,-54.11,14.21,Noise,Right
1707218129090,-0.735416,-0.229848,0.854488,-53.06,-24.92,14.14,Noise,Right
1707218129090,-0.736392,-0.121024,0.81984,-40.11,-1.68,16.52,Noise,Right
1707218129090,-0.684664,-0.228872,0.749568,-29.47,9.17,10.22,Noise,Right
1707218129090,-0.55144,-0.232288,0.713944,-22.82,-0.91,1.05,Noise,Right
1707218129147,-0.588528,-0.256688,0.58804,-35.14,-38.71,-9.1,Noise,Right
1707218129147,-0.610976,-0.211304,0.540704,-48.58,-81.48,-15.12,Noise,Right
1707218129147,-0.74908,-0.245464,0.63684,-51.1,-110.46,-14.49,Noise,Right
1707218129195,-0.770064,-0.111264,0.725656,-43.4,-102.41,-1.05,Noise,Right
1707218129195,-0.729072,-0.169824,0.909632,-27.02,-74.83,7.42,Noise,Right
1707218129195,-0.533872,-0.238144,1.00772,-7.49,-42.14,-5.04,Noise,Right
1707218129239,-0.420656,-0.36112,1.002352,-1.96,-57.96,-26.88,Noise,Right
1707218129240,-0.319152,-0.366,0.933544,-3.29,-90.51,-50.82,Noise,Right
1707218129240,-0.362584,-0.48312,0.843264,-7.0,-126.21,-67.34,Noise,Right
1707218129286,-0.415288,-0.41968,0.869128,-15.96,-149.17,-66.71,Noise,Right
1707218129286,-0.511912,-0.413824,0.766648,-16.17,-160.09,-58.38,Noise,Right
1707218129335,-0.479704,-0.299144,0.838384,-0.28,-86.52,-37.24,Noise,Right
1707218129335,-0.42212,-0.330376,0.897432,13.37,-49.42,-17.71,Noise,Right
1707218129335,-0.365512,-0.299632,0.889624,25.34,-38.71,-8.33,Noise,Right
1707218129381,-0.358192,-0.325496,0.886208,28.28,-34.93,-6.23,Noise,Right
1707218129382,-0.325984,-0.376248,0.943792,28.77,-17.43,-7.49,Noise,Right
1707218129382,-0.266936,-0.425536,0.969656,26.6,-17.64,-12.39,Noise,Right
1707218129424,-0.2562,-0.416264,0.96136,26.04,-30.59,-17.01,Noise,Right
1707218129424,-0.22692,-0.408456,0.950136,26.25,-37.52,-17.99,Noise,Right
1707218129425,-0.358192,-0.402112,0.924272,23.66,-37.52,-16.1,Noise,Right
1707218129474,-0.307928,-0.30988,0.879376,23.24,-15.68,-12.67,Noise,Right
1707218129474,-0.368928,-0.293288,0.874984,30.94,10.36,-9.87,Noise,Right
1707218129522,-0.386984,-0.223504,0.870592,42.63,41.93,-6.58,Noise,Right
1707218129523,-0.373808,-0.243512,0.869128,49.56,57.89,-7.14,Noise,Right
1707218129523,-0.27816,-0.257664,0.842288,50.54,56.98,-10.15,Noise,Right
1707218129571,-0.196176,-0.327936,0.835944,47.04,25.69,-18.55,Noise,Right
1707218129572,-0.214232,-0.34404,0.907192,44.66,1.05,-23.24,Noise,Right
1707218129572,-0.311832,-0.276696,0.928176,43.54,-9.94,-28.91,Noise,Right
1707218129613,-0.411384,-0.225456,0.938424,43.19,4.48,-29.33,Noise,Right
1707218129613,-0.49288,-0.213256,0.955016,43.54,17.08,-25.41,Noise,Right
1707218129614,-0.410896,-0.235216,0.916952,45.08,60.48,-17.57,Noise,Right
1707218129663,-0.313784,-0.240096,0.867664,45.99,69.72,-14.7,Noise,Right
1707218129663,-0.315248,-0.230336,0.827648,49.56,60.62,-18.2,Noise,Right
1707218129664,-0.296704,-0.229848,0.814472,48.3,36.12,-22.26,Noise,Right
1707218129711,-0.336232,-0.267912,0.89304,40.95,20.51,-25.48,Noise,Right
1707218129711,-0.407968,-0.204472,0.887184,37.94,18.62,-29.26,Noise,Right
1707218129808,-0.479704,-0.163968,0.924272,39.83,23.8,-30.24,Noise,Right
1707218129808,-0.51728,-0.162016,0.945256,42.35,41.58,-26.67,Noise,Right
1707218129808,-0.500688,-0.135664,0.895968,42.49,56.21,-24.85,Noise,Right
1707218129808,-0.467504,-0.067344,0.813984,43.4,48.23,-26.25,Noise,Right
1707218129809,-0.446032,-0.233264,0.74664,40.88,47.67,-29.33,Noise,Right
1707218129809,-0.407968,-0.191296,0.776896,39.41,29.82,-28.91,Noise,Right
1707218129912,-0.455304,-0.22448,0.86864,36.89,22.54,-29.4,Noise,Right
1707218129913,-0.462624,-0.19032,0.925248,37.94,27.16,-31.08,Noise,Right
1707218129913,-0.449448,-0.21472,0.969656,35.77,29.96,-34.51,Noise,Right
1707218129913,-0.526064,-0.027816,0.871568,40.18,39.97,-43.54,Noise,Right
1707218129913,-0.633424,-0.170312,0.8784,45.64,70.28,-37.94,Noise,Right
1707218129913,-0.57584,-0.123952,0.821304,46.06,82.46,-33.67,Noise,Right
1707218130017,-0.484584,-0.20496,0.79544,50.33,75.81,-34.09,Noise,Right
1707218130017,-0.552416,-0.221064,0.748104,49.63,49.63,-33.81,Noise,Right
1707218130017,-0.447496,-0.252296,0.706136,55.09,43.33,-33.39,Noise,Right
1707218130017,-0.445056,-0.321592,0.789584,53.62,34.72,-34.72,Noise,Right
1707218130017,-0.456768,-0.252296,0.835944,50.54,29.26,-44.38,Noise,Right
1707218130018,-0.538264,-0.192272,0.897432,53.06,72.31,-54.6,Noise,Right
1707218130065,-0.724192,-0.061488,0.903288,53.48,64.47,-50.61,Noise,Right
1707218130065,-0.861808,0.02928,0.799344,56.0,52.22,-39.13,Noise,Right
1707218130065,-0.888648,-0.0244,0.678808,50.96,63.07,-26.53,Noise,Right
1707218130114,-0.7808,-0.01464,0.553392,47.88,68.88,-28.21,Noise,Right
1707218130114,-0.598776,-0.117608,0.567544,40.6,58.52,-22.26,Noise,Right
1707218130114,-0.4514,-0.21228,0.682224,33.18,34.16,-13.23,Noise,Right
1707218130222,-0.511912,-0.197152,0.723216,33.32,15.75,-15.96,Noise,Right
1707218130222,-0.581208,-0.17812,0.70272,37.31,25.48,-25.83,Noise,Right
1707218130222,-0.731024,-0.062952,0.752496,37.24,46.55,-25.27,Noise,Right
1707218130222,-0.916464,0.030256,0.664168,34.44,37.45,-21.07,Noise,Right
1707218130223,-0.908168,0.083448,0.59536,28.56,42.14,-10.5,Noise,Right
1707218130223,-0.806664,-0.013664,0.50752,16.03,31.43,-5.32,Noise,Right
1707218130318,-0.788608,0.001952,0.530944,6.09,3.5,-3.01,Noise,Right
1707218130320,-0.769576,-0.0732,0.604632,3.5,2.45,-6.16,Noise,Right
1707218130320,-0.635864,-0.096136,0.71004,2.17,12.53,-0.42,Noise,Right
1707218130320,-0.619272,-0.163968,0.670024,-0.98,9.73,4.27,Noise,Right
1707218130320,-0.691008,-0.11224,0.562176,0.91,-3.01,-3.64,Noise,Right
1707218130320,-0.73444,-0.062464,0.545096,3.01,-1.47,-2.8,Noise,Right
1707218130377,-0.781776,-0.013664,0.559248,1.54,-6.93,-0.63,Noise,Right
1707218130378,-0.820816,0.116144,0.598776,-2.03,-10.99,0.84,Noise,Right
1707218130378,-0.825208,0.005368,0.6466,-5.81,-10.36,0.35,Noise,Right
1707218130494,-0.767136,-0.008296,0.707112,-5.81,-2.03,-1.12,Noise,Right
1707218130494,-0.799832,-0.106872,0.733952,-4.2,15.96,0.7,Noise,Right
1707218130494,-0.784704,-0.057096,0.63684,-2.66,24.64,-2.8,Noise,Right
1707218130495,-0.745176,-0.076616,0.569496,1.05,34.02,-1.33,Noise,Right
1707218130495,-0.691496,-0.09516,0.508984,-1.61,26.39,0.91,Noise,Right
1707218130495,-0.68808,-0.089792,0.461648,-7.77,-10.64,0.35,Noise,Right
1707218130495,-0.78812,-0.07076,0.50752,-13.51,-50.47,-2.73,Noise,Right
1707218130547,-0.758352,-0.06344,0.691008,-15.19,-49.14,-0.7,Noise,Right
1707218130547,-0.771528,-0.052216,0.797392,-12.25,-34.02,-0.07,Noise,Right
1707218130547,-0.776408,-0.055144,0.804224,-6.93,-12.53,1.33,Noise,Right
1707218130547,-0.82716,-0.04148,0.71248,-4.41,-4.83,0.35,Noise,Right
1707218130603,-0.818376,-0.04392,0.576816,-5.53,2.8,-0.14,Noise,Right
1707218130604,-0.799344,-0.075152,0.435784,-11.76,-10.57,0.91,Noise,Right
1707218130604,-0.72224,-0.094184,0.433832,-20.37,-29.33,5.6,Noise,Right
1707218130665,-0.699792,-0.09272,0.57584,-29.89,-48.3,5.67,Noise,Right
1707218130665,-0.679784,-0.08052,0.744688,-34.3,-47.32,6.3,Noise,Right
1707218130665,-0.68564,-0.066856,0.774944,-34.65,-29.12,3.57,Noise,Right
1707218130784,-0.684176,-0.14152,0.750544,-33.39,-16.87,4.27,Noise,Right
1707218130784,-0.643184,-0.107848,0.684664,-33.95,-22.61,8.05,Noise,Right
1707218130785,-0.727608,-0.069784,0.67588,-36.47,-43.12,1.75,Noise,Right
1707218130785,-0.749568,0.002928,0.691496,-39.2,-47.88,3.78,Noise,Right
1707218130785,-0.709552,-0.089304,0.6832,-42.07,-65.17,3.5,Noise,Right
1707218130785,-0.709552,-0.132248,0.638792,-50.61,-75.04,6.79,Noise,Right
1707218130786,-0.712968,-0.083448,0.596336,-58.1,-61.67,15.33,Noise,Right
1707218130905,-0.630496,-0.127856,0.64904,-58.94,-48.65,19.95,Noise,Right
1707218130905,-0.556808,-0.167384,0.730536,-54.18,-38.08,22.68,Noise,Right
1707218130905,-0.502152,-0.204472,0.776408,-55.37,-42.42,22.12,Noise,Right
1707218130905,-0.494344,-0.262056,0.798368,-55.23,-55.65,0.07,Noise,Right
1707218130905,-0.525088,-0.2562,0.764208,-60.69,-79.66,16.59,Noise,Right
1707218130906,-0.572912,-0.1952,0.777872,-62.02,-90.58,20.09,Noise,Right
1707218130906,-0.640256,-0.219112,0.801784,-60.69,-96.32,19.39,Noise,Right
1707218131039,-0.646112,-0.206424,0.78324,-58.1,-81.2,27.23,Noise,Right
1707218131039,-0.52704,-0.1708,0.76616,-55.79,-53.48,36.54,Noise,Right
1707218131039,-0.536312,-0.205448,0.793976,-52.92,-55.58,39.41,Noise,Right
1707218131039,-0.551928,-0.184464,0.893528,-49.0,-42.14,42.91,Noise,Right
1707218131039,-0.496784,-0.238144,0.942328,-47.88,-31.78,45.64,Noise,Right
1707218131039,-0.403576,-0.305,0.933056,-48.37,-25.27,41.44,Noise,Right
1707218131039,-0.498248,-0.401624,0.840824,-54.11,-40.18,36.4,Noise,Right
1707218131040,-0.589016,-0.303048,0.654408,-62.3,-46.76,40.53,Noise,Right
1707218131084,-0.503128,-0.315736,0.59048,-67.13,-47.67,49.49,Noise,Right
1707218131084,-0.40016,-0.351848,0.6588,-69.23,-67.27,56.49,Noise,Right
1707218131085,-0.38796,-0.330864,0.8052,-71.12,-73.01,54.04,Noise,Right
1707218131221,-0.353312,-0.30988,1.020408,-69.16,-85.54,48.44,Noise,Right
1707218131227,-0.382592,-0.34892,1.145824,-61.53,-45.43,38.99,Noise,Right
1707218131227,-0.206424,-0.376248,1.031632,-52.43,-31.01,32.76,Noise,Right
1707218131227,-0.359656,-0.376248,0.9028,-49.98,-41.02,24.5,Noise,Right
1707218131228,-0.47336,-0.298168,0.77348,-52.15,-52.36,26.67,Noise,Right
1707218131232,-0.487512,-0.327448,0.755424,-51.38,-54.04,30.59,Noise,Right
1707218131233,-0.433832,-0.362584,0.761768,-51.94,-62.23,34.72,Noise,Right
1707218131255,-0.397232,-0.385032,0.810568,-54.25,-59.08,35.56,Noise,Right
1707218131255,-0.510936,-0.47336,0.99308,-47.88,-75.25,47.53,Noise,Right
1707218131255,-0.187392,-0.51484,0.992104,-38.85,-19.67,43.47,Noise,Right
1707218131311,-0.11956,-0.542656,0.973072,-32.27,-8.47,28.63,Noise,Right
1707218131311,-0.216672,-0.45384,0.955992,-28.98,-11.76,16.59,Noise,Right
1707218131312,-0.359168,-0.418704,0.9272,-30.24,-28.56,10.36,Noise,Right
1707218131364,-0.369904,-0.369904,0.81984,-29.19,-34.58,5.6,Noise,Right
1707218131365,-0.515816,-0.424072,0.851072,-25.9,-30.8,7.98,Noise,Right
1707218131366,-0.452864,-0.416264,0.87352,-20.3,0.84,12.53,Noise,Right
1707218131366,-0.306464,-0.445056,0.788608,-13.09,34.23,16.87,Noise,Right
1707218131414,-0.299632,-0.488976,0.835944,-10.71,6.37,20.93,Noise,Right
1707218131415,-0.040016,-0.532896,0.816424,-9.73,-0.07,8.82,Noise,Right
1707218131531,-0.20984,-0.44408,0.874496,-14.77,-23.45,-6.16,Noise,Right
1707218131532,-0.372832,-0.365512,0.900848,-11.27,-16.24,-10.64,Noise,Right
1707218131532,-0.420656,-0.390888,0.91012,-2.1,7.42,-10.78,Noise,Right
1707218131532,-0.486048,-0.379664,0.88816,5.32,27.72,-8.82,Noise,Right
1707218131532,-0.442616,-0.340624,0.874496,9.94,39.97,-3.64,Noise,Right
1707218131532,-0.327448,-0.397232,0.805688,14.56,45.57,-3.71,Noise,Right
1707218131533,-0.258152,-0.457744,0.699792,22.19,42.7,-5.6,Noise,Right
1707218131586,-0.217648,-0.477264,0.717848,29.12,20.58,-6.72,Noise,Right
1707218131586,-0.358192,-0.49776,0.793488,32.2,17.22,-2.1,Noise,Right
1707218131586,-0.475312,-0.459208,0.879376,35.77,47.53,5.04,Noise,Right
1707218131708,-0.450424,-0.4392,0.915,37.8,94.22,13.3,Noise,Right
1707218131708,-0.492392,-0.408456,0.886696,37.17,111.79,7.28,Noise,Right
1707218131709,-0.4514,-0.370392,0.776896,33.04,93.94,1.68,Noise,Right
1707218131709,-0.394792,-0.379664,0.728584,23.87,61.6,-3.15,Noise,Right
1707218131709,-0.406504,-0.398208,0.750544,16.52,16.03,-12.74,Noise,Right
1707218131710,-0.412848,-0.33428,0.737368,11.34,0.7,-16.24,Noise,Right
1707218131710,-0.59048,-0.398208,0.858392,13.51,16.66,-11.97,Noise,Right
1707218131821,-0.587064,-0.333792,0.801296,20.16,37.59,-5.25,Noise,Right
1707218131822,-0.600728,-0.28792,0.793,24.78,63.84,-2.24,Noise,Right
1707218131822,-0.528016,-0.333792,0.802272,28.14,76.79,-3.15,Noise,Right
1707218131822,-0.475312,-0.413824,0.831552,28.28,90.65,-5.95,Noise,Right
1707218131822,-0.503616,-0.381128,0.773968,24.64,43.54,-14.77,Noise,Right
1707218131822,-0.565592,-0.3782,0.729072,20.51,10.5,-23.1,Noise,Right
1707218131822,-0.567056,-0.435784,0.72712,16.87,0.98,-25.83,Noise,Right
1707218131870,-0.703208,-0.322568,0.782752,22.68,31.78,-15.82,Noise,Right
1707218131870,-0.5978,-0.330376,0.772504,27.86,37.66,-7.14,Noise,Right
1707218131870,-0.58072,-0.309392,0.765672,31.99,38.22,-7.56,Noise,Right
1707218131918,-0.615856,-0.291336,0.746152,35.07,39.2,-7.28,Noise,Right
1707218131918,-0.624152,-0.324032,0.768112,36.12,35.49,-6.72,Noise,Right
1707218131919,-0.611952,-0.324032,0.7686,39.2,28.0,-9.8,Noise,Right
1707218131966,-0.63196,-0.327448,0.743224,39.55,20.79,-12.46,Noise,Right
1707218131966,-0.66612,-0.3416,0.792512,45.5,21.14,-11.13,Noise,Right
1707218131966,-0.582184,-0.317688,0.774456,55.09,35.63,-16.1,Noise,Right
1707218132012,-0.762256,-0.298656,0.762256,59.22,37.17,-19.81,Noise,Right
1707218132012,-0.653432,-0.298168,0.68808,62.72,39.41,-7.35,Noise,Right
1707218132012,-0.662216,-0.256688,0.68076,61.95,38.29,-5.04,Noise,Right
1707218132059,-0.651968,-0.372344,0.691496,62.09,51.24,5.67,Noise,Right
1707218132059,-0.7198,-0.2806,0.655384,61.18,29.96,-4.06,Noise,Right
1707218132105,-0.679296,-0.255224,0.703208,58.59,28.28,-7.14,Noise,Right
1707218132105,-0.654896,-0.255712,0.745176,61.46,20.02,-14.14,Noise,Right
1707218132105,-0.633912,-0.247904,0.759328,65.24,25.06,-12.81,Noise,Right
1707218132151,-0.613416,-0.176656,0.680272,71.82,22.47,-14.0,Noise,Right
1707218132152,-0.624152,-0.31232,0.647088,80.01,43.4,-32.27,Noise,Right
1707218132152,-0.742248,-0.21472,0.641232,63.98,22.47,-18.83,Noise,Right
1707218132205,-0.742248,-0.205936,0.599752,67.27,-21.21,-13.86,Noise,Right
1707218132206,-0.628056,-0.345016,0.710528,63.63,-13.02,-10.99,Noise,Right
1707218132207,-0.620248,-0.311344,0.820328,64.33,7.56,-32.48,Noise,Right
1707218132331,-0.727608,-0.294264,0.837408,64.96,-0.21,-36.75,Noise,Right
1707218132331,-0.816424,-0.211304,0.824232,68.6,20.3,-32.9,Noise,Right
1707218132332,-0.704672,-0.0854,0.704672,77.91,31.08,-13.3,Noise,Right
1707218132332,-0.686616,-0.087352,0.618784,86.24,33.18,-4.69,Noise,Right
1707218132332,-0.638792,-0.146888,0.544608,85.75,33.53,-15.19,Noise,Right
1707218132332,-0.65636,-0.11224,0.572424,75.39,4.34,-24.08,Noise,Right
1707218132332,-0.8174,-0.060512,0.696376,63.14,-25.62,-30.66,Noise,Right
1707218132389,-0.796416,-0.171776,0.725656,61.67,-31.08,-23.03,Noise,Right
1707218132390,-0.760792,-0.094672,0.706136,57.47,-9.73,-21.35,Noise,Right
1707218132390,-0.81008,-0.0854,0.677344,58.38,7.84,-14.77,Noise,Right
1707218132390,-0.830088,-0.023912,0.632448,56.84,28.56,-7.77,Noise,Right
1707218132469,-0.732,0.006344,0.578768,55.44,44.24,-0.56,Noise,Right
1707218132470,-0.674416,0.09272,0.47336,54.32,18.2,1.75,Noise,Right
1707218132470,-0.8052,0.079544,0.525088,50.96,-12.74,-17.85,Noise,Right
1707218132470,-0.833016,0.024888,0.660752,51.17,-9.52,8.4,Noise,Right
1707218132470,-0.738344,-0.030744,0.779336,32.55,-7.7,6.37,Scoop,Right
1707218132572,-0.762744,-0.027816,0.71248,33.46,-5.11,3.71,Scoop,Right
1707218132572,-0.72224,-0.067344,0.723704,33.32,13.44,2.52,Scoop,Right
1707218132572,-0.700768,-0.040504,0.648552,35.63,22.96,1.82,Scoop,Right
1707218132572,-0.705648,0.008784,0.523136,36.54,18.06,1.12,Scoop,Right
1707218132572,-0.697352,0.099552,0.489952,36.26,11.9,2.73,Scoop,Right
1707218132572,-0.723216,0.084424,0.547048,34.3,-12.32,3.08,Scoop,Right
1707218132679,-0.733464,0.075152,0.670024,23.94,-26.32,5.74,Scoop,Right
1707218132679,-0.764208,0.037576,0.726144,19.74,-20.23,7.77,Scoop,Right
1707218132679,-0.778848,0.006832,0.715896,16.31,-3.57,7.77,Scoop,Right
1707218132680,-0.760792,0.008296,0.625616,16.38,12.46,5.88,Scoop,Right
1707218132680,-0.73688,0.038552,0.578768,14.42,15.96,5.46,Scoop,Right
1707218132680,-0.752496,0.061,0.557296,13.86,7.7,4.69,Scoop,Right
1707218132776,-0.782752,0.061488,0.549976,6.3,0.0,0.63,Scoop,Right
1707218132776,-0.663192,0.100528,0.55144,1.96,-19.46,-3.99,Scoop,Right
1707218132776,-0.79544,0.147376,0.561688,5.25,-9.24,-0.07,Scoop,Right
1707218132776,-0.67832,0.081984,0.691496,3.78,0.63,0.7,Scoop,Right
1707218132776,-0.712968,0.046848,0.699304,2.59,-3.43,2.59,Scoop,Right
1707218132776,-0.767624,0.064904,0.635376,2.24,0.14,1.82,Scoop,Right
1707218132886,-0.798856,0.055144,0.541192,3.08,14.35,2.73,Scoop,Right
1707218132886,-0.840824,0.038552,0.467992,-1.75,21.35,2.66,Scoop,Right
1707218132886,-0.779336,0.067832,0.418704,-10.92,14.77,1.96,Scoop,Right
1707218132886,-0.771528,0.086376,0.490928,-25.83,-4.83,3.08,Scoop,Right
1707218132886,-0.783728,0.099552,0.584136,-29.68,-19.11,1.26,Scoop,Right
1707218132886,-0.714432,0.036112,0.682712,-39.06,-23.17,3.29,Scoop,Right
1707218132939,-0.689056,-0.018544,0.726144,-43.19,-18.55,6.93,Scoop,Right
1707218132939,-0.635376,-0.041968,0.67832,-43.96,-11.69,8.12,Scoop,Right
1707218132939,-0.686616,-0.041968,0.610488,-55.02,-22.61,5.11,Scoop,Right
1707218132990,-0.796904,0.015128,0.550464,-50.89,-13.37,8.47,Scoop,Right
1707218132991,-0.852048,0.066856,0.59536,-43.68,10.78,6.93,Scoop,Right
1707218132991,-0.8784,0.03172,0.61976,-40.04,11.55,5.88,Scoop,Right
1707218133037,-0.82228,0.032696,0.621224,-45.01,16.03,13.79,Scoop,Right
1707218133037,-0.732488,0.0,0.668072,-70.35,-7.98,23.73,Scoop,Right
1707218133037,-0.6588,0.032208,0.726144,-65.52,-11.34,16.24,Scoop,Right
1707218133166,-0.604144,-0.05124,0.804712,-69.86,-33.81,14.21,Scoop,Right
1707218133166,-0.620736,-0.077592,0.808128,-75.81,-36.61,8.19,Scoop,Right
1707218133166,-0.766648,-0.022936,0.600728,-64.75,-26.53,11.62,Scoop,Right
1707218133166,-0.88328,-0.0244,0.471896,-60.13,2.31,24.78,Scoop,Right
1707218133166,-0.717848,-0.149328,0.47336,-56.28,-0.42,19.39,Scoop,Right
1707218133166,-0.801296,-0.015128,0.552904,-77.14,-15.61,31.99,Scoop,Right
1707218133167,-0.729072,-0.018544,0.715408,-76.93,-31.22,32.55,Scoop,Right
1707218133226,-0.5856,-0.163968,0.874984,-71.19,-16.8,23.66,Scoop,Right
1707218133226,-0.650992,-0.284992,1.006256,-73.57,-18.48,13.16,Scoop,Right
1707218133226,-0.696864,-0.272792,0.776896,-86.66,-22.96,5.88,Scoop,Right
1707218133226,-0.705648,-0.01464,0.550952,-96.81,1.47,21.07,Scoop,Right
1707218133351,-0.81008,-0.089304,0.3538,-77.21,-9.1,17.22,Scoop,Right
1707218133352,-0.681248,-0.16836,0.488976,-80.99,-8.26,10.29,Scoop,Right
1707218133352,-0.71248,-0.217648,0.53436,-73.01,-43.26,7.28,Scoop,Right
1707218133352,-0.740296,-0.183976,0.723216,-102.13,-68.81,42.84,Scoop,Right
1707218133352,-0.633424,-0.276208,0.8662,-102.48,-45.57,40.25,Scoop,Right
1707218133352,-0.593896,-0.26596,0.98576,-88.41,-25.13,36.47,Scoop,Right
1707218133352,-0.63196,-0.27816,0.888648,-80.08,-20.23,26.18,Scoop,Right
1707218133401,-0.66124,-0.189832,0.66612,-76.58,-14.28,17.5,Scoop,Right
1707218133402,-0.69296,-0.242048,0.5612,-77.07,-9.31,13.16,Scoop,Right
1707218133402,-0.802272,-0.262544,0.545096,-82.95,-21.14,17.22,Scoop,Right
1707218133448,-0.650016,-0.252296,0.627568,-91.91,-13.72,27.93,Scoop,Right
1707218133448,-0.602192,-0.294752,0.646112,-93.73,-23.17,28.49,Scoop,Right
1707218133449,-0.542168,-0.403088,0.806664,-88.76,-21.14,24.36,Scoop,Right
1707218133494,-0.567056,-0.465552,0.979416,-85.12,-30.66,17.78,Scoop,Right
1707218133495,-0.66368,-0.518744,0.90768,-71.54,-43.19,10.01,Scoop,Right
1707218133495,-0.676368,-0.367464,0.68076,-67.41,-18.48,11.76,Scoop,Right
1707218133549,-0.664656,-0.282552,0.60024,-70.42,-19.39,15.68,Scoop,Right
1707218133549,-0.714432,-0.27328,0.674904,-58.1,-13.65,18.62,Scoop,Right
1707218133549,-0.67832,-0.40016,0.710528,-45.85,0.56,24.01,Scoop,Right
1707218133678,-0.573888,-0.427,0.78324,-44.31,6.93,33.74,Scoop,Right
1707218133678,-0.58804,-0.509472,0.682712,-40.11,-25.97,25.76,Scoop,Right
1707218133678,-0.628544,-0.491904,0.67588,-40.04,-36.96,18.9,Scoop,Right
1707218133678,-0.625616,-0.524112,0.699792,-41.02,-29.96,18.06,Scoop,Right
1707218133678,-0.69296,-0.322568,0.73932,-51.31,-15.12,21.84,Scoop,Right
1707218133678,-0.65148,-0.42944,0.793,-29.89,-8.19,9.8,Scoop,Right
1707218133678,-0.680272,-0.245952,0.688568,-38.85,-0.07,9.1,Scoop,Right
1707218133736,-0.645624,-0.119072,0.608536,-34.72,10.57,12.18,Scoop,Right
1707218133737,-0.559736,-0.12932,0.6588,-24.29,22.05,9.87,Scoop,Right
1707218133738,-0.508984,-0.246928,0.777384,-15.19,30.73,5.32,Scoop,Right
1707218133738,-0.598288,-0.229848,0.803248,-1.54,1.33,-2.8,Scoop,Right
1707218133806,-0.675392,-0.304512,0.86132,5.18,-8.89,-6.09,Scoop,Right
1707218133806,-0.662704,-0.283528,0.798856,16.03,2.1,-6.86,Scoop,Right
1707218133806,-0.632936,-0.333792,0.774456,31.01,6.93,-13.02,Scoop,Right
1707218133807,-0.64904,-0.305488,0.784216,45.92,13.86,-20.72,Scoop,Right
1707218133850,-0.654408,-0.283528,0.803736,65.73,33.39,-32.76,Scoop,Right
1707218133851,-0.386008,-0.53192,0.704672,53.48,36.54,-33.74,Scoop,Right
1707218133851,-0.43676,-0.639768,0.731024,61.74,14.14,-42.42,Scoop,Right
1707218133904,-0.521184,-0.460672,0.7442,78.96,-2.8,-59.78,Scoop,Right
1707218133905,-0.672952,-0.44164,0.765672,87.5,-6.65,-72.59,Scoop,Right
1707218133905,-0.513376,-0.504104,0.91256,100.94,-6.02,-63.35,Scoop,Right
1707218134011,-0.71492,-0.554856,0.809592,117.6,-5.53,-59.15,Scoop,Right
1707218134011,-0.740296,-0.303536,0.627568,133.77,5.67,-58.1,Scoop,Right
1707218134011,-0.6466,-0.262544,0.635376,119.63,2.38,-44.94,Scoop,Right
1707218134012,-0.63196,-0.423096,0.664168,113.82,20.37,-47.53,Scoop,Right
1707218134012,-0.52704,-0.23424,0.729072,116.69,22.05,-60.41,Scoop,Right
1707218134012,-0.624152,-0.329888,0.772992,113.61,24.85,-45.71,Scoop,Right
1707218134109,-0.82716,-0.40748,0.635864,126.63,29.26,-35.21,Scoop,Right
1707218134109,-0.659288,-0.189832,0.853024,127.89,53.2,-29.54,Scoop,Right
1707218134109,-0.793488,-0.271816,0.85888,146.65,61.88,-58.59,Scoop,Right
1707218134110,-0.77104,-0.357704,0.806176,112.28,51.45,-29.61,Scoop,Right
1707218134110,-0.620736,-0.289872,0.792512,74.83,31.01,-25.13,Scoop,Right
1707218134110,-0.587064,-0.237656,0.728096,59.01,-6.86,-27.79,Scoop,Right
1707218134161,-0.610976,-0.154208,0.41968,102.76,-44.45,-44.87,Scoop,Right
1707218134161,-0.45384,-0.238632,0.55632,104.72,-37.38,-19.74,Scoop,Right
1707218134162,-0.47336,-0.141032,0.728584,123.27,-65.59,-38.36,Scoop,Right
1707218134210,-0.694424,-0.325008,0.994544,104.72,-12.6,-19.67,Scoop,Right
1707218134210,-0.624152,-0.179096,0.905728,91.77,23.8,-31.85,Scoop,Right
1707218134313,-0.666608,-0.125416,0.777872,84.98,2.38,-29.54,Scoop,Right
1707218134313,-0.790072,-0.055632,0.596824,80.85,-25.27,-22.54,Scoop,Right
1707218134313,-0.856928,0.042944,0.4514,84.42,-54.95,-26.81,Scoop,Right
1707218134313,-0.7442,0.0244,0.485072,73.5,-20.44,-7.77,Scoop,Right
1707218134313,-0.715896,0.00244,0.624152,56.28,-50.75,-2.94,Scoop,Right
1707218134314,-0.78568,-0.008784,0.844728,41.58,-34.23,6.58,Scoop,Right
1707218134314,-0.690032,-0.030256,0.9028,40.18,4.27,15.68,Scoop,Right
1707218134364,-0.557784,0.003904,0.89792,41.93,29.75,20.3,Scoop,Right
1707218134365,-0.620736,0.079544,0.846192,47.6,32.13,14.84,Scoop,Right
1707218134365,-0.675392,0.045384,0.794952,60.13,40.67,13.58,Scoop,Right
1707218134411,-0.610976,0.086864,0.737368,42.35,25.62,16.87,Scoop,Right
1707218134412,-0.689544,0.094184,0.630984,36.61,-3.43,17.29,Scoop,Right
1707218134458,-0.70516,0.116144,0.602192,36.12,-0.07,16.38,Scoop,Right
1707218134459,-0.767136,0.098576,0.739808,37.38,9.17,12.39,Scoop,Right
1707218134459,-0.659288,0.154208,0.80764,26.46,24.5,10.85,Scoop,Right
1707218134509,-0.573888,0.148352,0.718336,17.92,17.99,7.28,Scoop,Right
1707218134509,-0.61488,0.16348,0.521672,19.32,-2.73,9.8,Scoop,Right
1707218134558,-0.631472,0.023912,0.536312,7.7,-22.47,8.68,Scoop,Right
1707218134558,-0.691496,0.052216,0.510936,-3.85,-42.7,3.22,Scoop,Right
1707218134558,-0.72956,-0.015616,0.60024,-6.58,-31.5,3.85,Scoop,Right
1707218134677,-0.752008,0.062464,0.55144,-18.34,-22.89,-1.47,Scoop,Right
1707218134678,-0.625128,0.063928,0.576328,-27.51,-14.21,-6.02,Scoop,Right
1707218134678,-0.456768,0.09028,0.637816,-34.44,-20.37,-6.16,Scoop,Right
1707218134678,-0.471896,0.11224,0.763232,-38.01,-39.55,-8.33,Scoop,Right
1707218134678,-0.602192,0.109312,0.86864,-36.12,-42.7,-8.4,Scoop,Right
1707218134679,-0.610976,0.101504,0.944768,-31.85,-25.48,-6.72,Scoop,Right
1707218134679,-0.689056,0.102968,0.916464,-30.87,-12.67,-4.69,Scoop,Right
1707218134728,-0.728584,0.05856,0.829112,-26.95,5.88,-6.65,Scoop,Right
1707218134729,-0.655872,0.001952,0.77104,-22.75,27.09,-3.64,Scoop,Right
1707218134729,-0.618784,0.006344,0.677832,-20.86,28.91,-1.47,Scoop,Right
1707218134830,-0.572424,0.014152,0.638304,-15.82,23.87,1.68,Scoop,Right
1707218134830,-0.571448,0.06588,0.713944,-7.98,11.27,2.8,Scoop,Right
1707218134830,-0.680272,0.043432,0.780312,-0.35,-4.55,3.99,Scoop,Right
1707218134830,-0.715896,0.025376,0.78324,8.26,2.8,16.03,Scoop,Right
1707218134830,-0.715896,0.020984,0.840824,-1.05,9.31,21.91,Scoop,Right
1707218134830,-0.61,0.018056,0.757864,-15.26,3.85,21.98,Scoop,Right
1707218134880,-0.694912,0.03172,0.7076,-27.37,-24.29,18.76,Scoop,Right
1707218134880,-0.641232,0.024888,0.647576,-38.99,-42.21,14.07,Scoop,Right
1707218134880,-0.575352,-0.04392,0.870592,-45.5,-56.56,7.28,Scoop,Right
1707218134923,-0.537776,-0.017568,0.919392,-51.52,-39.34,12.95,Scoop,Right
1707218134923,-0.53924,-0.049288,1.004792,-42.14,-20.23,14.14,Scoop,Right
1707218134924,-0.550952,0.010248,0.92964,-22.4,2.1,7.28,Scoop,Right
1707218134970,-0.49288,-0.092232,0.84668,-49.63,3.5,8.89,Scoop,Right
1707218134971,-0.603656,0.106384,0.609512,-55.3,-11.62,5.81,Scoop,Right
1707218134971,-0.732,0.111752,0.548024,-41.3,-29.82,-1.19,Scoop,Right
1707218135017,-0.669048,0.127856,0.746152,-49.35,-31.36,3.29,Scoop,Right
1707218135018,-0.688568,-0.005368,0.846192,-55.44,-40.88,-8.96,Scoop,Right
1707218135018,-0.526064,-0.051728,1.001376,-92.68,-27.86,7.0,Scoop,Right
1707218135071,-0.533384,-0.203984,0.916952,-93.45,-28.42,0.84,Scoop,Right
1707218135071,-0.538752,-0.101992,0.65148,-86.66,-9.45,13.51,Scoop,Right
1707218135132,-0.461648,-0.096136,0.557296,-78.54,9.03,25.34,Scoop,Right
1707218135133,-0.487512,-0.173728,0.685152,-77.21,3.01,37.8,Scoop,Right
1707218135133,-0.45384,-0.189344,0.799832,-82.53,-13.93,34.79,Scoop,Right
1707218135133,-0.549976,-0.206424,0.91256,-71.61,-15.19,19.53,Scoop,Right
1707218135188,-0.56364,-0.259616,0.884256,-66.36,9.45,24.92,Scoop,Right
1707218135189,-0.558272,-0.220088,1.033584,-85.61,20.3,28.07,Scoop,Right
1707218135189,-0.627568,-0.25132,0.94428,-76.93,9.1,13.09,Scoop,Right
1707218135234,-0.62708,-0.115168,0.81008,-77.98,14.63,17.29,Scoop,Right
1707218135235,-0.515328,-0.325984,0.672464,-57.4,-12.39,1.61,Scoop,Right
1707218135235,-0.474336,-0.289384,0.65636,-78.26,-34.65,21.07,Scoop,Right
1707218135283,-0.513864,-0.327448,0.648064,-81.9,-32.34,32.9,Scoop,Right
1707218135283,-0.535824,-0.396744,0.64172,-81.41,-29.96,32.69,Scoop,Right
1707218135283,-0.406016,-0.347944,0.801784,-73.92,3.22,25.48,Scoop,Right
1707218135409,-0.584136,-0.417728,0.863272,-72.94,-8.68,20.79,Scoop,Right
1707218135409,-0.6344,-0.264984,0.939888,-85.89,-40.74,39.69,Scoop,Right
1707218135410,-0.584624,-0.319152,0.909144,-76.23,-11.55,14.07,Scoop,Right
1707218135410,-0.565104,-0.35868,0.635376,-72.03,-29.19,6.09,Scoop,Right
1707218135410,-0.603168,-0.351848,0.64172,-73.08,-46.13,11.62,Scoop,Right
1707218135410,-0.560712,-0.42456,0.663192,-69.79,-31.99,17.64,Scoop,Right
1707218135410,-0.420656,-0.443592,0.64416,-64.54,-17.36,31.08,Scoop,Right
1707218135482,-0.421144,-0.522648,0.806176,-66.64,-31.36,38.99,Scoop,Right
1707218135483,-0.47092,-0.60512,1.027728,-60.83,-35.21,44.38,Scoop,Right
1707218135486,-0.427,-0.438712,1.001376,-26.46,-33.6,21.98,Scoop,Right
1707218135487,-0.569984,-0.44896,0.860344,-7.84,-2.66,12.6,Scoop,Right
1707218135527,-0.477752,-0.463112,0.823744,-22.26,3.01,11.97,Scoop,Right
1707218135527,-0.56608,-0.381128,0.689544,-24.29,-14.42,-5.74,Scoop,Right
1707218135527,-0.565592,-0.33916,0.58072,-36.75,-24.15,0.14,Scoop,Right
1707218135528,-0.693448,-0.40016,0.606096,-35.7,-57.68,5.32,Scoop,Right
1707218135581,-0.460672,-0.389424,0.667584,-38.92,-51.03,7.84,Scoop,Right
1707218135581,-0.243024,-0.426024,0.765184,-42.14,-62.02,-0.7,Scoop,Right
1707218135699,-0.318664,-0.430904,0.917928,-30.73,-73.08,-18.62,Scoop,Right
1707218135699,-0.511912,-0.43432,0.935496,-19.88,-76.86,-27.37,Scoop,Right
1707218135699,-0.526064,-0.44896,0.969656,-11.9,-55.3,-21.91,Scoop,Right
1707218135699,-0.5368,-0.531432,0.796904,-12.6,-87.22,-22.19,Scoop,Right
1707218135699,-0.515328,-0.401136,0.752496,-24.01,-109.62,-27.23,Scoop,Right
1707218135699,-0.42212,-0.491904,0.796904,-26.67,-91.56,-32.62,Scoop,Right
1707218135699,-0.249856,-0.535824,0.848144,-24.43,-97.86,-35.56,Scoop,Right
1707218135748,-0.2074,-0.584136,0.92232,-25.13,-122.15,-37.1,Scoop,Right
1707218135748,-0.228872,-0.545584,1.087752,-22.89,-100.94,-34.44,Scoop,Right
1707218135748,-0.272792,-0.488976,1.087264,-7.56,-69.16,-30.94,Scoop,Right
1707218135796,-0.267424,-0.42212,1.036512,8.61,-27.3,-22.4,Scoop,Right
1707218135796,-0.194224,-0.46848,1.015528,20.58,10.29,-17.5,Scoop,Right
1707218135796,-0.181048,-0.488976,0.876448,21.63,4.34,-21.42,Scoop,Right
1707218135852,-0.113216,-0.532896,0.786656,17.57,11.76,-17.5,Scoop,Right
1707218135852,-0.147864,-0.535824,0.67832,17.08,20.44,-11.41,Scoop,Right
1707218135852,-0.188368,-0.482632,0.641232,20.51,30.45,-5.88,Scoop,Right
1707218135900,-0.242536,-0.488976,0.717848,29.4,24.85,-7.77,Scoop,Right
1707218135900,-0.282552,-0.47336,0.832528,40.74,38.08,-9.59,Scoop,Right
1707218135901,-0.306464,-0.488488,0.918416,44.1,43.54,-10.08,Scoop,Right
1707218135901,-0.128344,-0.481168,0.965752,40.32,56.56,-10.99,Scoop,Right
1707218135952,-0.128344,-0.538752,0.886696,30.59,37.38,-15.19,Scoop,Right
1707218135953,-0.172752,-0.49532,0.844728,21.07,4.34,-21.21,Scoop,Right
1707218136054,-0.25864,-0.46116,0.78324,26.46,-3.22,-23.03,Scoop,Right
1707218136054,-0.296216,-0.434808,0.813008,36.96,1.96,-24.43,Scoop,Right
1707218136054,-0.325984,-0.42456,0.909144,47.95,26.04,-24.64,Scoop,Right
1707218136054,-0.31964,-0.438712,0.935496,55.86,50.33,-24.71,Scoop,Right
1707218136054,-0.294752,-0.435296,0.955504,62.37,66.78,-26.81,Scoop,Right
1707218136055,-0.31476,-0.399184,0.954528,69.3,78.33,-27.58,Scoop,Right
1707218136105,-0.227408,-0.447984,0.883768,72.73,76.09,-26.18,Scoop,Right
1707218136105,-0.246928,-0.434808,0.808128,73.43,56.63,-33.81,Scoop,Right
1707218136105,-0.218624,-0.48068,0.808128,68.88,32.06,-40.67,Scoop,Right
1707218136224,-0.271816,-0.469944,0.845216,66.57,16.87,-47.6,Scoop,Right
1707218136224,-0.386496,-0.40504,0.85644,67.62,26.25,-53.48,Scoop,Right
1707218136225,-0.44652,-0.313784,0.881816,70.14,50.61,-52.57,Scoop,Right
1707218136225,-0.50264,-0.278648,0.850096,76.86,71.82,-49.63,Scoop,Right
1707218136225,-0.492392,-0.235216,0.844728,80.5,96.81,-41.44,Scoop,Right
1707218136225,-0.368928,-0.288408,0.887184,83.79,103.11,-37.31,Scoop,Right
1707218136225,-0.311344,-0.298656,0.909632,72.94,74.34,-37.94,Scoop,Right
1707218136276,-0.366488,-0.35868,0.877912,72.24,53.55,-39.06,Scoop,Right
1707218136276,-0.391376,-0.305,0.847656,59.64,37.59,-38.36,Scoop,Right
1707218136276,-0.333304,-0.27572,0.813984,64.26,27.02,-39.69,Scoop,Right
1707218136362,-0.552904,-0.330864,0.860344,62.02,28.7,-40.25,Scoop,Right
1707218136362,-0.57584,-0.290848,0.833504,61.95,47.6,-33.6,Scoop,Right
1707218136363,-0.560712,-0.225944,0.790072,65.52,73.57,-28.21,Scoop,Right
1707218136363,-0.456768,-0.276696,0.8418,63.77,80.92,-23.52,Scoop,Right
1707218136363,-0.484584,-0.30744,0.81496,63.42,74.06,-23.17,Scoop,Right
1707218136363,-0.465064,-0.221064,0.79788,59.5,74.48,-19.11,Scoop,Right
1707218136414,-0.488976,-0.277184,0.782264,59.57,61.6,-20.58,Scoop,Right
1707218136414,-0.457256,-0.273768,0.730536,58.03,43.05,-21.91,Scoop,Right
1707218136414,-0.383568,-0.28792,0.77348,64.75,64.89,-39.2,Scoop,Right
1707218136462,-0.650016,-0.125904,0.700768,58.8,21.91,-37.94,Scoop,Right
1707218136462,-0.835944,-0.0488,0.672952,53.76,27.09,-31.15,Scoop,Right
1707218136567,-0.815448,-0.061,0.731024,54.53,83.58,-19.11,Scoop,Right
1707218136567,-0.615368,-0.07808,0.72712,55.58,94.22,-14.49,Scoop,Right
1707218136567,-0.592432,-0.123464,0.702232,47.32,65.45,-13.09,Scoop,Right
1707218136568,-0.59536,-0.093208,0.650992,35.49,33.11,-16.52,Scoop,Right
1707218136568,-0.640256,-0.13664,0.62464,31.85,13.02,-14.63,Scoop,Right
1707218136568,-0.672952,-0.026352,0.64904,31.99,2.8,-18.55,Scoop,Right
1707218136568,-0.723704,-0.057096,0.69296,27.58,4.41,-18.13,Scoop,Right
1707218136617,-0.741272,-0.069784,0.630984,23.94,11.76,-13.79,Scoop,Right
1707218136617,-0.770064,-0.088816,0.589504,21.07,19.11,-9.66,Scoop,Right
1707218136617,-0.778848,-0.119072,0.613416,13.79,33.04,-8.89,Scoop,Right
1707218136661,-0.633912,-0.11468,0.713456,16.73,41.86,-2.03,Scoop,Right
1707218136661,-0.583648,-0.144936,0.782752,14.49,25.41,-0.63,Scoop,Right
1707218136710,-0.733464,-0.074664,0.677344,6.44,-1.68,-2.52,Scoop,Right
1707218136710,-0.773968,-0.105408,0.619272,8.19,-0.84,0.35,Scoop,Right
1707218136710,-0.758352,-0.106384,0.575352,3.57,6.44,-1.54,Scoop,Right
1707218136755,-0.706136,-0.11712,0.514352,0.0,13.3,-1.61,Scoop,Right
1707218136755,-0.670512,-0.181536,0.58804,-2.45,-1.89,-7.28,Scoop,Right
1707218136755,-0.430416,-0.230336,0.707112,-7.14,-16.24,-16.24,Scoop,Right
1707218136806,-0.860344,-0.0732,0.744688,-5.53,-14.0,-14.42,Scoop,Right
1707218136806,-0.80032,-0.11224,0.754448,-2.66,-5.04,-3.43,Scoop,Right
1707218136878,-0.73444,-0.091744,0.690032,-1.26,-3.85,-0.98,Scoop,Right
1707218136878,-0.824232,-0.059536,0.563152,-5.11,-13.51,-0.56,Scoop,Right
1707218136878,-0.816424,-0.086864,0.532896,-11.97,-12.18,1.47,Scoop,Right
1707218136878,-0.751032,-0.102968,0.491416,-18.55,-20.02,1.54,Scoop,Right
1707218136926,-0.742248,-0.096624,0.511912,-23.38,-27.58,5.81,Scoop,Right
1707218136926,-0.76372,-0.074176,0.627568,-25.06,-35.0,8.05,Scoop,Right
1707218136927,-0.765672,-0.130784,0.82228,-27.93,-33.18,10.22,Scoop,Right
1707218136927,-0.648064,-0.178608,0.88328,-26.25,-3.36,13.79,Scoop,Right
1707218136975,-0.503128,-0.187392,0.79788,-27.16,-13.09,13.16,Scoop,Right
1707218136975,-0.568032,-0.217648,0.63684,-29.89,-47.53,5.88,Scoop,Right
1707218136976,-0.72956,-0.230336,0.47336,-39.69,-66.78,7.07,Scoop,Right
1707218137084,-0.73932,-0.089304,0.439688,-60.2,-76.51,8.96,Scoop,Right
1707218137085,-0.733464,-0.032696,0.54168,-64.61,-92.96,8.54,Scoop,Right
1707218137085,-0.730536,-0.061976,0.765672,-64.33,-87.78,15.89,Scoop,Right
1707218137086,-0.713944,-0.085888,0.886696,-55.37,-59.29,29.12,Scoop,Right
1707218137086,-0.664168,-0.177632,0.946232,-54.74,-26.46,35.98,Scoop,Right
1707218137086,-0.504104,-0.31964,0.877424,-56.91,-17.01,35.56,Scoop,Right
1707218137126,-0.330864,-0.349896,0.767624,-62.86,-53.27,32.69,Scoop,Right
1707218137126,-0.532408,-0.309392,0.648552,-66.22,-92.33,23.38,Scoop,Right
1707218137126,-0.539728,-0.301584,0.657336,-66.15,-107.45,26.81,Scoop,Right
1707218137178,-0.540704,-0.200568,0.757864,-63.7,-91.28,28.91,Scoop,Right
1707218137179,-0.53192,-0.228872,0.906704,-56.35,-66.57,33.18,Scoop,Right
1707218137282,-0.495808,-0.227896,1.006256,-51.45,-25.48,40.18,Scoop,Right
1707218137282,-0.384056,-0.226432,1.009672,-37.38,-5.32,39.9,Scoop,Right
1707218137283,-0.324032,-0.342576,0.976488,-36.4,-11.62,30.87,Scoop,Right
1707218137283,-0.41724,-0.295728,0.926712,-45.92,-37.66,21.42,Scoop,Right
1707218137283,-0.545584,-0.279136,0.826672,-52.15,-73.92,16.24,Scoop,Right
1707218137283,-0.574864,-0.256688,0.73688,-49.07,-53.2,30.31,Scoop,Right
1707218137283,-0.565592,-0.259128,0.723216,-51.31,-43.89,32.69,Scoop,Right
1707218137327,-0.545584,-0.137616,0.757864,-44.03,-14.21,45.85,Scoop,Right
1707218137328,-0.46116,-0.25864,0.891088,-40.6,10.64,56.91,Scoop,Right
1707218137373,-0.327936,-0.31964,1.016504,-32.76,1.47,34.3,Scoop,Right
1707218137373,-0.204472,-0.414312,0.984296,-24.92,-13.58,20.58,Scoop,Right
1707218137374,-0.30256,-0.351848,0.948184,-28.7,-35.63,16.66,Scoop,Right
1707218137428,-0.487512,-0.317688,0.855952,-30.1,-49.7,7.0,Scoop,Right
1707218137429,-0.610488,-0.274256,0.743712,-32.83,-38.71,10.01,Scoop,Right
1707218137429,-0.55388,-0.27816,0.660752,-33.95,-36.05,13.37,Scoop,Right
1707218137489,-0.506056,-0.33672,0.67344,-31.64,-26.04,16.94,Scoop,Right
1707218137489,-0.345016,-0.357704,0.801784,-28.07,-13.16,17.15,Scoop,Right
1707218137490,-0.203008,-0.388936,0.846192,-30.03,-25.69,10.29,Scoop,Right
1707218137590,-0.159088,-0.380152,0.844728,-31.08,-47.67,2.73,Scoop,Right
1707218137590,-0.277672,-0.314272,0.858392,-28.98,-54.39,0.28,Scoop,Right
1707218137590,-0.443104,-0.264984,0.921832,-26.25,-51.73,-1.4,Scoop,Right
1707218137591,-0.607072,-0.258152,0.91988,-19.6,-26.04,-1.54,Scoop,Right
1707218137591,-0.58316,-0.193248,0.759328,-13.72,3.08,4.97,Scoop,Right
1707218137591,-0.425048,-0.34892,0.799344,-16.73,17.36,11.48,Scoop,Right
1707218137591,-0.299632,-0.398208,0.80764,-20.79,-4.62,11.55,Scoop,Right
1707218137636,-0.242536,-0.433832,0.818376,-26.81,-32.27,4.76,Scoop,Right
1707218137636,-0.144936,-0.450912,0.886208,-32.9,-53.27,0.07,Scoop,Right
1707218137636,-0.211304,-0.42944,0.943304,-38.92,-73.5,-5.53,Scoop,Right
1707218137689,-0.524112,-0.320616,0.987224,-41.23,-66.15,-8.68,Scoop,Right
1707218137689,-0.450912,-0.283528,0.937936,-31.85,-17.5,-0.28,Scoop,Right
1707218137689,-0.385032,-0.39284,0.862784,-23.87,0.77,5.95,Scoop,Right
1707218137801,-0.349896,-0.366488,0.8418,-19.74,4.69,9.73,Scoop,Right
1707218137801,-0.305488,-0.369416,0.88816,-12.53,-7.7,7.63,Scoop,Right
1707218137802,-0.260592,-0.376736,0.957944,-2.73,-31.22,-0.49,Scoop,Right
1707218137802,-0.261568,-0.399184,1.026264,2.1,-31.78,-6.93,Scoop,Right
1707218137802,-0.278648,-0.490928,1.028704,4.62,-16.94,-6.3,Scoop,Right
1707218137802,-0.395768,-0.449936,0.956968,7.42,9.73,-3.71,Scoop,Right
1707218137899,-0.333304,-0.540704,0.882304,15.26,25.76,-12.67,Scoop,Right
1707218137899,-0.160064,-0.55144,0.815448,20.37,20.51,-16.31,Scoop,Right
1707218137899,-0.242536,-0.55388,0.877424,19.04,-3.5,-20.3,Scoop,Right
1707218137899,-0.340136,-0.54412,0.88328,13.51,-22.75,-18.9,Scoop,Right
1707218137899,-0.314272,-0.443104,0.90768,17.5,-26.25,-19.46,Scoop,Right
1707218137900,-0.33428,-0.502152,0.930616,19.74,-17.57,-15.89,Scoop,Right
1707218137948,-0.447496,-0.452864,0.853024,18.41,3.78,-14.7,Scoop,Right
1707218137948,-0.374784,-0.459696,0.811056,20.93,21.14,-10.29,Scoop,Right
1707218137948,-0.258152,-0.514352,0.78812,24.29,29.26,-5.04,Scoop,Right
1707218137999,-0.235704,-0.5856,0.804712,20.58,16.66,-6.58,Scoop,Right
1707218138000,-0.283528,-0.505568,0.796416,15.75,-7.0,-6.44,Scoop,Right
1707218138000,-0.365024,-0.431392,0.790072,11.48,-20.02,-2.87,Scoop,Right
1707218138041,-0.433344,-0.38552,0.750544,5.46,-26.25,2.73,Scoop,Right
1707218138042,-0.49044,-0.301584,0.77836,-4.41,-22.89,7.63,Scoop,Right
1707218138092,-0.510448,-0.336232,0.787632,-9.03,-8.26,16.59,Scoop,Right
1707218138092,-0.464576,-0.321592,0.790072,-13.3,7.77,26.88,Scoop,Right
1707218138093,-0.384544,-0.43188,0.817888,-15.75,23.73,32.55,Scoop,Right
1707218138145,-0.286456,-0.44164,0.83936,-15.82,32.41,37.24,Scoop,Right
1707218138145,-0.22204,-0.508496,0.768112,-14.42,18.62,34.86,Scoop,Right
1707218138145,-0.216672,-0.558272,0.830088,-12.74,10.36,31.92,Scoop,Right
1707218138264,-0.426512,-0.546072,0.83692,-9.31,13.93,35.7,Scoop,Right
1707218138264,-0.367952,-0.58072,0.867176,-2.59,45.85,36.26,Scoop,Right
1707218138264,-0.452376,-0.509472,0.860344,5.67,51.59,29.75,Scoop,Right
1707218138264,-0.329888,-0.647088,0.888648,11.83,29.82,19.67,Scoop,Right
1707218138264,-0.198128,-0.547536,0.82716,4.62,8.61,14.77,Scoop,Right
1707218138264,-0.176168,-0.481168,0.7442,-5.88,-47.95,-4.69,Scoop,Right
1707218138264,-0.421632,-0.454816,0.769576,-2.59,-68.18,-12.46,Scoop,Right
1707218138306,-0.52948,-0.433344,0.810568,-4.97,-27.58,11.76,Scoop,Right
1707218138306,-0.5368,-0.310856,0.769088,0.63,17.99,26.88,Scoop,Right
1707218138306,-0.621712,-0.159576,0.852536,26.88,102.55,39.69,Scoop,Right
1707218138355,-0.257664,-0.201056,0.821304,51.59,158.76,48.65,Scoop,Right
1707218138356,-0.314272,-0.196664,0.88572,52.15,164.57,47.11,Scoop,Right
1707218138356,-0.488,-0.171776,0.912072,39.2,107.03,23.66,Scoop,Right
1707218138406,-0.579256,-0.064416,0.805688,30.24,62.44,12.74,Scoop,Right
1707218138406,-0.668072,-0.049288,0.687592,25.76,61.46,8.05,Scoop,Right
1707218138406,-0.719312,-0.07076,0.691008,22.54,84.35,9.38,Scoop,Right
1707218138511,-0.6344,-0.060512,0.584624,29.82,109.9,10.57,Scoop,Right
1707218138511,-0.43676,-0.142496,0.60512,30.8,136.92,10.71,Scoop,Right
1707218138511,-0.330376,-0.373808,0.642208,28.91,116.06,4.62,Scoop,Right
1707218138511,-0.437248,-0.41236,0.597312,21.56,51.31,-5.11,Scoop,Right
1707218138511,-0.575352,-0.45384,0.733464,5.74,-2.17,-17.99,Scoop,Right
1707218138511,-0.695888,-0.428464,0.822768,0.42,1.19,-31.64,Scoop,Right
1707218138556,-0.722728,-0.416752,0.908168,-5.11,5.32,-44.8,Scoop,Right
1707218138556,-0.710528,-0.360144,0.848632,3.08,7.42,-39.06,Scoop,Right
1707218138556,-0.732488,-0.271328,0.755424,10.99,4.83,-38.01,Scoop,Right
1707218138606,-0.718824,-0.125416,0.715896,19.11,4.76,-35.14,Scoop,Right
1707218138606,-0.676856,-0.255224,0.660264,21.56,-10.15,-36.4,Scoop,Right
1707218138719,-0.72468,-0.280112,0.681736,19.53,-26.81,-36.54,Scoop,Right
1707218138719,-0.876936,-0.254736,0.797392,23.8,-0.56,-36.89,Scoop,Right
1707218138719,-0.700768,-0.276696,0.73688,35.63,17.08,-20.23,Scoop,Right
1707218138719,-0.721264,-0.28548,0.735416,48.44,36.61,-9.24,Scoop,Right
1707218138719,-0.68808,-0.298656,0.760792,52.22,49.84,-5.74,Scoop,Right
1707218138719,-0.703208,-0.340136,0.837408,53.48,71.19,-15.89,Scoop,Right
1707218138720,-0.728584,-0.241072,0.709064,50.47,31.36,-16.87,Scoop,Right
1707218138827,-0.719312,-0.328424,0.671,48.44,31.36,-19.95,Scoop,Right
1707218138827,-0.687592,-0.324032,0.589504,45.08,19.04,-21.28,Scoop,Right
1707218138827,-0.700768,-0.322568,0.62952,46.2,16.8,-16.59,Scoop,Right
1707218138828,-0.662216,-0.367952,0.671488,47.95,23.8,-8.82,Scoop,Right
1707218138828,-0.709064,-0.217648,0.71248,56.28,19.88,-8.05,Scoop,Right
1707218138828,-0.77348,-0.269376,0.842776,61.25,40.88,-8.33,Scoop,Right
1707218138924,-0.823744,-0.2806,0.767624,82.95,86.45,-25.9,Scoop,Right
1707218138924,-0.832528,-0.12688,0.660264,82.46,32.55,-15.19,Scoop,Right
1707218138925,-0.69296,-0.233752,0.720776,83.86,47.74,-14.84,Scoop,Right
1707218138925,-0.665144,-0.359168,0.611952,92.05,19.46,-13.09,Scoop,Right
1707218138925,-0.610488,-0.427976,0.658312,76.79,11.48,-3.5,Scoop,Right
1707218138925,-0.694424,-0.360632,0.564616,80.5,-29.26,-15.4,Scoop,Right
1707218139029,-0.636352,-0.366488,0.626592,77.91,-29.61,-14.77,Scoop,Right
1707218139029,-0.534848,-0.390888,0.667096,80.15,-8.75,-22.12,Scoop,Right
1707218139029,-0.842776,-0.255224,0.683688,86.38,-4.69,-32.83,Scoop,Right
1707218139029,-0.832528,-0.164456,0.786168,88.97,36.19,-30.87,Scoop,Right
1707218139029,-0.809104,-0.108336,0.753472,94.92,47.53,-26.11,Scoop,Right
1707218139030,-0.801296,-0.073688,0.661728,97.51,46.9,-23.59,Scoop,Right
1707218139074,-0.796904,-0.040504,0.59048,102.83,31.85,-9.45,Scoop,Right
1707218139074,-0.658312,-0.203496,0.576328,93.52,23.59,-4.2,Scoop,Right
1707218139075,-0.471896,-0.135664,0.450424,88.48,-23.31,-20.23,Scoop,Right
1707218139130,-0.718824,-0.072712,0.453352,80.71,-70.35,-18.9,Scoop,Right
1707218139130,-0.89304,-0.069784,0.544608,82.04,-41.86,-14.07,Scoop,Right
1707218139130,-0.759328,-0.117608,0.624152,73.22,-8.54,-9.45,Scoop,Right
1707218139190,-0.915,0.023912,0.587552,60.34,4.76,-1.75,Scoop,Right
1707218139195,-0.848632,0.13664,0.58804,55.72,12.53,-0.14,Scoop,Right
1707218139200,-0.867176,0.122976,0.559248,47.95,15.96,6.16,Scoop,Right
1707218139200,-0.752984,0.084912,0.555832,40.18,4.9,15.05,Scoop,Right
1707218139231,-0.757376,0.183976,0.564128,42.91,-20.02,13.3,Scoop,Right
1707218139232,-0.799344,-0.155672,0.701744,22.05,-22.12,14.21,Scoop,Right
1707218139275,-0.840824,-0.060512,0.673928,28.98,-1.33,13.16,Scoop,Right
1707218139275,-0.74664,0.008296,0.5734,24.78,26.04,7.42,Scoop,Right
1707218139275,-0.723216,-0.079544,0.47336,24.08,33.67,6.72,Scoop,Right
1707218139323,-0.676856,-0.008296,0.43432,19.39,15.96,5.88,Scoop,Right
1707218139324,-0.689544,-0.018544,0.450424,10.92,-7.35,0.35,Scoop,Right
1707218139324,-0.659776,0.02928,0.60024,7.84,-21.56,3.92,Scoop,Right
1707218139373,-0.758352,0.055632,0.738832,6.58,-25.97,6.86,Scoop,Right
1707218139373,-0.816912,0.109312,0.760792,8.61,-11.9,8.54,Scoop,Right
1707218139415,-0.855464,0.154696,0.68564,10.43,16.59,8.61,Scoop,Right
1707218139416,-0.842776,0.122976,0.559248,7.91,24.85,6.65,Scoop,Right
1707218139416,-0.82228,0.07564,0.387472,3.78,24.5,3.71,Scoop,Right
1707218139472,-0.758352,-0.109312,0.299632,-0.84,10.15,0.0,Scoop,Right
1707218139472,-0.743712,-0.034648,0.349408,-6.65,-7.07,-5.53,Scoop,Right
1707218139472,-0.664656,0.006344,0.4758,-9.94,-17.01,-8.05,Scoop,Right
1707218139594,-0.670512,-0.006344,0.649528,-12.6,-19.04,-5.67,Scoop,Right
1707218139594,-0.621712,0.03416,0.754448,-16.03,-9.66,2.24,Scoop,Right
1707218139594,-0.781288,0.08296,0.691984,-25.06,-20.09,6.02,Scoop,Right
1707218139595,-0.907192,0.091744,0.546072,-37.24,-15.82,11.9,Scoop,Right
1707218139595,-0.952576,0.177632,0.491416,-56.84,-10.71,6.51,Scoop,Right
1707218139595,-0.852536,0.155184,0.51484,-59.08,4.2,9.31,Scoop,Right
1707218139595,-0.82228,0.125904,0.596824,-58.24,-11.62,-6.72,Scoop,Right
1707218139742,-0.64904,-0.054656,0.6588,-58.17,-17.08,-9.31,Scoop,Right
1707218139743,-0.515816,-0.105408,0.678808,-67.83,-32.13,-6.16,Scoop,Right
1707218139743,-0.591456,-0.06344,0.628056,-65.73,-35.91,2.17,Scoop,Right
1707218139744,-0.774456,-0.009272,0.689056,-70.07,-49.35,-0.42,Scoop,Right
1707218139744,-0.8052,0.040992,0.71736,-61.32,-12.25,8.05,Scoop,Right
1707218139792,-0.80764,0.0366,0.678808,-51.8,-10.57,11.34,Scoop,Right
1707218139793,-0.898896,0.069296,0.609512,-71.4,-9.24,8.89,Scoop,Right
1707218139793,-0.79056,-0.067344,0.604632,-78.96,0.63,4.55,Scoop,Right
1707218139793,-0.620248,-0.074664,0.573888,-89.46,-27.37,-7.0,Scoop,Right
1707218139793,-0.5734,-0.143472,0.630496,-84.0,-27.16,3.57,Scoop,Right
1707218139794,-0.668072,-0.233264,0.811056,-71.05,-42.28,5.67,Scoop,Right
1707218139794,-0.589016,-0.264008,0.867176,-72.87,-33.04,7.14,Scoop,Right
1707218139841,-0.6344,-0.070272,0.774456,-63.49,4.13,15.05,Scoop,Right
1707218139841,-0.667096,-0.277672,0.689544,-62.37,-11.55,7.98,Scoop,Right
1707218139841,-0.687104,0.026352,0.540216,-71.96,-14.91,4.62,Scoop,Right
1707218139953,-0.684176,-0.113216,0.638792,-75.88,-28.7,8.19,Scoop,Right
1707218139953,-0.64904,-0.159088,0.716384,-59.78,-77.0,-1.96,Scoop,Right
1707218139953,-0.718824,-0.141032,0.854976,-75.81,-81.55,4.9,Scoop,Right
1707218139954,-0.777384,-0.187392,0.89792,-66.5,-40.81,9.87,Scoop,Right
1707218139954,-0.67344,-0.271328,0.881328,-58.73,-7.84,9.8,Scoop,Right
1707218139954,-0.588528,-0.259616,0.71248,-62.51,-9.17,9.66,Scoop,Right
1707218139954,-0.542168,-0.238144,0.623176,-62.09,-9.73,9.45,Scoop,Right
1707218140009,-0.476288,-0.27816,0.653432,-58.73,-25.41,10.22,Scoop,Right
1707218140009,-0.57828,-0.27084,0.743712,-61.95,-44.17,6.72,Scoop,Right
1707218140010,-0.670024,-0.233752,0.75152,-56.84,-37.94,0.07,Scoop,Right
1707218140054,-0.66368,-0.259128,0.804224,-51.31,-17.43,1.68,Scoop,Right
1707218140055,-0.526552,-0.331352,0.91988,-46.9,-6.02,1.12,Scoop,Right
1707218140055,-0.58804,-0.334768,0.843264,-42.07,-10.15,-4.27,Scoop,Right
1707218140100,-0.644648,-0.30256,0.686616,-35.0,-20.65,-4.76,Scoop,Right
1707218140101,-0.611952,-0.301096,0.671488,-31.43,-27.51,-2.17,Scoop,Right
1707218140153,-0.869616,-0.299632,0.711992,-30.31,-16.94,-1.75,Scoop,Right
1707218140153,-0.722728,-0.3294,0.654896,-32.34,7.35,1.05,Scoop,Right
1707218140154,-0.632936,-0.359168,0.628544,-37.8,14.21,6.65,Scoop,Right
1707218140258,-0.582184,-0.464576,0.623176,-44.52,8.33,6.72,Scoop,Right
1707218140259,-0.556808,-0.504104,0.668072,-49.35,7.49,7.91,Scoop,Right
1707218140259,-0.537776,-0.600728,0.755424,-50.68,-11.55,3.85,Scoop,Right
1707218140259,-0.625128,-0.606096,0.713456,-52.99,-37.94,1.19,Scoop,Right
1707218140259,-0.638304,-0.598288,0.689544,-51.87,-56.07,6.79,Scoop,Right
1707218140260,-0.619272,-0.712968,0.6344,-39.55,-49.14,4.76,Scoop,Right
1707218140308,-0.549488,-0.445056,0.63196,-57.82,-44.59,23.59,Scoop,Right
1707218140308,-0.554856,-0.59292,0.6466,-38.43,-54.46,-0.84,Scoop,Right
1707218140308,-0.60756,-0.40992,0.707112,-53.34,-55.58,19.46,Scoop,Right
1707218140428,-0.379664,-0.421632,0.816912,-34.65,-68.46,16.24,Scoop,Right
1707218140428,-0.516792,-0.381616,0.898408,-29.82,-84.7,-7.98,Scoop,Right
1707218140428,-0.571936,-0.163968,0.922808,-35.21,-96.46,-21.07,Scoop,Right
1707218140428,-0.618296,-0.279136,0.869616,-27.02,-96.32,-33.67,Scoop,Right
1707218140428,-0.645136,-0.249856,0.86376,-21.98,-79.66,-27.79,Scoop,Right
1707218140428,-0.674904,-0.344528,0.862784,-11.27,-50.47,-7.28,Scoop,Right
1707218140428,-0.515328,-0.417728,0.832528,-5.74,-31.57,5.04,Scoop,Right
1707218140472,-0.349896,-0.47092,0.829112,0.07,-18.27,4.9,Scoop,Right
1707218140472,-0.252296,-0.47336,0.757864,2.24,-33.67,-1.68,Scoop,Right
1707218140472,-0.250344,-0.47092,0.787632,6.37,-43.96,-7.14,Scoop,Right
1707218140519,-0.30744,-0.450912,0.86864,18.41,-36.26,-10.71,Scoop,Right
1707218140519,-0.335256,-0.464576,0.951112,30.59,-23.31,-17.15,Scoop,Right
1707218140519,-0.352336,-0.442128,0.953064,35.7,-24.29,-28.98,Scoop,Right
1707218140569,-0.430904,-0.416752,0.920368,37.31,-21.28,-37.38,Scoop,Right
1707218140569,-0.468968,-0.404064,0.835456,35.35,-1.75,-38.08,Scoop,Right
1707218140569,-0.37332,-0.442616,0.776408,35.21,13.86,-35.7,Scoop,Right
1707218140619,-0.287432,-0.484584,0.724192,42.91,22.68,-32.34,Scoop,Right
1707218140619,-0.274256,-0.460672,0.741272,49.91,16.24,-30.03,Scoop,Right
1707218140733,-0.276208,-0.505568,0.81496,60.9,13.23,-33.74,Scoop,Right
1707218140734,-0.2928,-0.494832,0.89304,66.36,26.25,-32.06,Scoop,Right
1707218140734,-0.365512,-0.461648,0.90036,68.25,32.76,-35.91,Scoop,Right
1707218140734,-0.45628,-0.427,0.876936,71.19,36.82,-39.83,Scoop,Right
1707218140734,-0.511424,-0.43188,0.859368,70.28,56.35,-40.46,Scoop,Right
1707218140735,-0.382592,-0.424072,0.79544,74.27,68.53,-40.67,Scoop,Right
1707218140735,-0.415288,-0.386008,0.802272,75.18,57.68,-36.89,Scoop,Right
1707218140785,-0.482144,-0.3294,0.659288,70.63,49.91,-34.09,Scoop,Right
1707218140785,-0.354288,-0.416752,0.818864,69.79,53.55,-29.47,Scoop,Right
1707218140785,-0.357216,-0.391864,0.88572,66.22,44.73,-32.62,Scoop,Right
1707218140829,-0.506056,-0.30012,0.896944,62.09,38.15,-36.05,Scoop,Right
1707218140829,-0.548024,-0.23912,0.860344,63.91,41.37,-33.67,Scoop,Right
1707218140829,-0.517768,-0.228872,0.793976,66.22,59.01,-30.17,Scoop,Right
1707218140879,-0.52216,-0.196176,0.712968,66.92,68.04,-28.7,Scoop,Right
1707218140880,-0.538752,-0.28548,0.693448,67.2,69.86,-28.28,Scoop,Right
1707218140880,-0.57828,-0.269376,0.68564,59.92,62.72,-26.11,Scoop,Right
1707218140972,-0.562664,-0.255712,0.711016,61.11,66.08,-27.72,Scoop,Right
1707218140972,-0.488488,-0.241072,0.831064,54.46,60.27,-24.43,Scoop,Right
1707218140972,-0.5734,-0.282064,0.88816,54.18,42.14,-28.49,Scoop,Right
1707218140973,-0.643672,-0.2196,0.806664,54.25,40.04,-31.71,Scoop,Right
1707218140973,-0.680272,-0.118096,0.772016,53.83,47.46,-33.67,Scoop,Right
1707218140973,-0.691008,-0.064904,0.723704,53.76,59.08,-27.37,Scoop,Right
1707218141075,-0.611952,-0.240584,0.681736,52.22,74.76,-22.19,Scoop,Right
1707218141075,-0.629032,-0.20252,0.64904,47.18,67.62,-19.81,Scoop,Right
1707218141075,-0.608536,-0.186904,0.640256,54.74,77.21,-23.73,Scoop,Right
1707218141075,-0.505568,-0.316224,0.72712,53.9,83.93,-8.89,Scoop,Right
1707218141075,-0.507032,-0.256688,0.781776,47.6,51.8,-16.45,Scoop,Right
1707218141075,-0.651968,-0.328424,0.789096,34.79,12.53,-20.3,Scoop,Right
1707218141122,-0.793488,-0.202032,0.716872,33.95,11.76,-23.52,Scoop,Right
1707218141122,-0.765184,-0.249368,0.715408,32.34,49.0,-14.7,Scoop,Right
1707218141166,-0.727608,-0.071736,0.616832,35.35,50.89,-22.47,Scoop,Right
1707218141166,-0.725168,-0.133224,0.603656,33.67,57.96,-19.46,Scoop,Right
1707218141166,-0.711016,-0.14152,0.571936,35.7,59.92,-8.47,Scoop,Right
1707218141213,-0.6466,-0.153232,0.61732,39.69,53.06,-3.85,Scoop,Right
1707218141214,-0.630008,-0.138592,0.691496,33.6,15.12,-5.88,Scoop,Right
1707218141214,-0.79056,-0.144936,0.687104,20.86,-15.89,-5.53,Scoop,Right
1707218141261,-0.879376,-0.144448,0.615368,18.62,-14.21,-7.28,Scoop,Right
1707218141261,-0.939888,-0.137616,0.55632,13.86,3.92,-4.83,Scoop,Right
1707218141261,-0.86132,-0.114192,0.477752,8.12,27.72,-3.5,Scoop,Right
1707218141318,-0.718824,-0.110776,0.451888,3.43,20.51,-2.8,Scoop,Right
1707218141318,-0.705648,-0.122,0.491904,0.0,-0.7,-3.29,Scoop,Right
1707218141433,-0.748104,-0.201056,0.579744,-1.05,-11.62,2.03,Scoop,Right
1707218141433,-0.676368,-0.176168,0.654896,-2.1,-9.66,3.15,Scoop,Right
1707218141434,-0.742248,-0.132736,0.630008,-3.57,-13.44,-2.1,Scoop,Right
1707218141434,-0.77836,-0.130784,0.589504,-3.01,-9.45,-0.84,Scoop,Right
1707218141434,-0.8052,-0.149328,0.543632,-3.43,-6.3,-0.07,Scoop,Right
1707218141434,-0.790072,-0.153232,0.506056,-4.27,-2.94,1.05,Scoop,Right
1707218141434,-0.78568,-0.127368,0.5246,-7.77,-8.4,1.26,Scoop,Right
1707218141481,-0.855952,-0.163968,0.608536,-13.16,-17.43,0.49,Scoop,Right
1707218141481,-0.818864,-0.106872,0.648064,-16.94,-0.98,0.0,Scoop,Right
1707218141481,-0.723704,-0.149328,0.74176,-19.25,2.1,0.98,Scoop,Right
1707218141525,-0.638304,-0.155184,0.564616,-22.75,-14.21,0.42,Scoop,Right
1707218141525,-0.638304,-0.213744,0.467504,-26.81,-34.93,-2.38,Scoop,Right
1707218141525,-0.659776,-0.179584,0.427976,-35.98,-65.52,-2.52,Scoop,Right
1707218141584,-0.772016,-0.16592,0.535336,-42.42,-81.69,3.99,Scoop,Right
1707218141584,-0.85156,-0.129808,0.70516,-52.22,-83.86,6.23,Scoop,Right
1707218141585,-0.89792,-0.131272,0.808616,-60.69,-65.94,6.23,Scoop,Right
1707218141701,-0.713456,-0.210816,0.81984,-58.87,-29.82,5.46,Scoop,Right
1707218141702,-0.620248,-0.22448,0.715896,-55.93,-36.05,8.96,Scoop,Right
1707218141702,-0.54656,-0.312808,0.674904,-52.85,-43.26,9.59,Scoop,Right
1707218141702,-0.45872,-0.355752,0.690032,-50.4,-66.99,6.02,Scoop,Right
1707218141702,-0.44896,-0.280112,0.645624,-56.14,-98.28,6.65,Scoop,Right
1707218141702,-0.642208,-0.267424,0.636352,-59.08,-121.87,1.68,Scoop,Right
1707218141703,-0.682712,-0.20008,0.708576,-56.84,-109.34,10.78,Scoop,Right
1707218141793,-0.746152,-0.135176,0.786656,-56.14,-88.62,22.75,Scoop,Right
1707218141793,-0.728096,-0.223016,0.901824,-57.75,-60.13,23.8,Scoop,Right
1707218141793,-0.653432,-0.264984,0.928664,-47.6,-21.56,32.48,Scoop,Right
1707218141794,-0.454816,-0.32452,0.851072,-44.17,-9.31,36.75,Scoop,Right
1707218141794,-0.427976,-0.361608,0.731512,-47.25,-33.6,34.58,Scoop,Right
1707218141839,-0.47336,-0.371856,0.5978,-54.39,-64.96,28.7,Scoop,Right
1707218141840,-0.43188,-0.432368,0.615368,-61.67,-98.0,28.42,Scoop,Right
1707218141842,-0.466528,-0.285968,0.708576,-71.19,-115.22,31.22,Scoop,Right
1707218141892,-0.52704,-0.338184,0.876936,-62.72,-84.35,32.13,Scoop,Right
1707218141892,-0.451888,-0.32452,0.913536,-59.29,-61.39,37.31,Scoop,Right
1707218141892,-0.374296,-0.349408,0.96868,-60.34,-55.16,37.24,Scoop,Right
1707218141994,-0.424072,-0.36844,0.921832,-60.55,-54.88,32.55,Scoop,Right
1707218141994,-0.384544,-0.373808,0.80276,-56.98,-58.45,36.26,Scoop,Right
1707218141994,-0.441152,-0.3904,0.703696,-57.47,-72.45,35.28,Scoop,Right
1707218141994,-0.456768,-0.455304,0.632448,-56.49,-78.26,33.25,Scoop,Right
1707218141994,-0.326472,-0.40748,0.745176,-53.13,-73.15,36.61,Scoop,Right
1707218141994,-0.272792,-0.427976,0.876448,-52.01,-80.64,30.73,Scoop,Right
1707218141995,-0.27572,-0.428464,1.01016,-43.89,-76.51,21.98,Scoop,Right
1707218142052,-0.243024,-0.364536,1.011136,-40.53,-53.9,25.48,Scoop,Right
1707218142052,-0.223016,-0.374784,1.001864,-36.05,-45.22,24.43,Scoop,Right
1707218142052,-0.356728,-0.33672,1.009184,-30.52,-47.04,22.82,Scoop,Right
1707218142103,-0.426024,-0.303536,0.898896,-20.93,-43.54,19.95,Scoop,Right
1707218142104,-0.372344,-0.405528,0.825208,-17.99,-48.44,14.77,Scoop,Right
1707218142104,-0.335744,-0.508496,0.763232,-22.47,-61.6,7.84,Scoop,Right
1707218142150,-0.288408,-0.518744,0.691008,-29.89,-58.8,3.01,Scoop,Right
1707218142150,-0.29524,-0.467016,0.754936,-26.67,-59.57,2.52,Scoop,Right
1707218142151,-0.242536,-0.562664,0.942328,-17.43,-20.3,8.12,Scoop,Right
1707218142196,-0.202032,-0.543632,0.910608,-1.96,-1.68,7.63,Scoop,Right
1707218142197,-0.096624,-0.431392,0.896944,19.67,-10.01,0.14,Scoop,Right
1707218142197,-0.13908,-0.506544,1.034072,17.01,-24.29,11.27,Scoop,Right
1707218142243,-0.184464,-0.428952,1.072136,17.36,-33.04,13.23,Scoop,Right
1707218142243,-0.254248,-0.374784,0.999912,9.8,-28.91,17.57,Scoop,Right
1707218142290,-0.304024,-0.263032,0.859856,9.31,-31.64,17.08,Scoop,Right
1707218142290,-0.366,-0.2074,0.845216,18.27,-17.78,13.79,Scoop,Right
1707218142290,-0.451888,-0.209352,0.860344,24.78,0.14,-3.78,Scoop,Right
1707218142339,-0.338672,-0.368928,0.89548,30.45,40.81,-18.41,Scoop,Right
1707218142339,-0.09272,-0.465552,0.935008,30.52,57.61,-30.94,Scoop,Right
1707218142339,-0.016104,-0.628544,1.072136,-5.67,16.45,-31.22,Scoop,Right
1707218142393,-0.252296,-0.388936,0.922808,-27.51,-3.64,-9.73,Scoop,Right
1707218142394,-0.298656,-0.555832,0.830576,8.47,20.79,-7.49,Scoop,Right
1707218142394,-0.233264,-0.624152,0.89304,20.02,43.89,5.18,Scoop,Right
1707218142505,-0.284992,-0.577792,0.859368,13.3,23.31,-10.99,Scoop,Right
1707218142505,-0.218136,-0.5734,0.823744,8.47,10.36,-14.35,Scoop,Right
1707218142505,-0.267912,-0.552416,0.771528,7.84,-15.82,-15.61,Scoop,Right
1707218142505,-0.37088,-0.574864,0.840824,8.54,-23.1,-11.76,Scoop,Right
1707218142506,-0.371856,-0.621224,0.829112,10.99,-12.04,-3.22,Scoop,Right
1707218142506,-0.375272,-0.594384,0.826672,8.82,-0.35,5.81,Scoop,Right
1707218142506,-0.29768,-0.519232,0.841312,2.38,-2.87,11.76,Scoop,Right
1707218142558,-0.33672,-0.40992,0.830088,-0.91,2.38,23.45,Scoop,Right
1707218142558,-0.404552,-0.3538,0.888648,-4.55,8.19,23.94,Scoop,Right
1707218142558,-0.355752,-0.323056,0.886696,4.41,20.02,29.05,Scoop,Right
1707218142604,-0.349896,-0.361608,0.890112,14.91,14.49,22.19,Scoop,Right
1707218142604,-0.347944,-0.388448,0.82716,21.63,21.28,28.28,Scoop,Right
1707218142648,-0.319152,-0.398208,0.722728,28.98,34.16,30.94,Scoop,Right
1707218142650,-0.238632,-0.44408,0.811544,24.01,38.08,41.93,Scoop,Right
1707218142650,-0.303048,-0.351848,0.83204,27.37,14.77,41.65,Scoop,Right
1707218142700,-0.381616,-0.433344,0.998448,10.29,25.76,41.16,Scoop,Right
1707218142700,-0.487024,-0.304512,0.915976,8.96,56.0,39.34,Scoop,Right
1707218142701,-0.499712,-0.35624,0.861808,11.69,108.64,41.93,Scoop,Right
1707218142812,-0.426512,-0.396744,0.802272,5.53,113.75,41.3,Scoop,Right
1707218142813,-0.384544,-0.377224,0.724192,-6.51,113.33,44.52,Scoop,Right
1707218142813,-0.385032,-0.432856,0.67832,-6.93,86.38,33.46,Scoop,Right
1707218142813,-0.377224,-0.372832,0.647088,-3.01,77.14,35.21,Scoop,Right
1707218142813,-0.47092,-0.37576,0.671488,-5.88,61.53,30.17,Scoop,Right
1707218142813,-0.64172,-0.316224,0.703208,1.4,65.8,33.88,Scoop,Right
1707218142813,-0.630008,-0.264496,0.735904,-2.52,91.42,31.92,Scoop,Right
1707218142918,-0.45384,-0.337696,0.839848,-13.79,84.49,21.49,Scoop,Right
1707218142918,-0.505568,-0.266936,0.830088,-15.47,17.78,-0.77,Scoop,Right
1707218142918,-0.7198,-0.111264,0.776896,-19.04,10.78,-9.38,Scoop,Right
1707218142919,-0.671976,-0.133712,0.774456,-10.64,12.74,-13.58,Scoop,Right
1707218142919,-0.58072,-0.131272,0.682712,-3.15,3.99,-17.15,Scoop,Right
1707218142919,-0.645136,-0.109312,0.680272,-0.21,-5.25,-19.39,Scoop,Right
1707218143016,-0.640744,-0.139568,0.7442,7.0,0.49,-19.6,Scoop,Right
1707218143017,-0.600728,-0.214232,0.792024,13.72,16.94,-18.76,Scoop,Right
1707218143017,-0.508984,-0.288896,0.763232,14.49,10.22,-26.81,Scoop,Right
1707218143017,-0.528016,-0.274256,0.698328,16.31,-1.12,-31.92,Scoop,Right
1707218143017,-0.582672,-0.320128,0.738832,21.84,-10.15,-37.8,Scoop,Right
1707218143017,-0.570472,-0.39284,0.7686,23.8,-12.81,-40.18,Scoop,Right
1707218143071,-0.609024,-0.466528,0.806176,19.18,-12.18,-42.63,Scoop,Right
1707218143072,-0.629032,-0.357216,0.700768,29.68,-4.69,-44.03,Scoop,Right
1707218143072,-0.526552,-0.431392,0.789584,31.78,5.11,-39.48,Scoop,Right
1707218143119,-0.58316,-0.38796,0.74908,39.06,-6.86,-45.15,Scoop,Right
1707218143119,-0.567544,-0.445544,0.835456,42.42,4.83,-37.87,Scoop,Right
1707218143119,-0.511424,-0.525576,0.85156,44.66,7.98,-32.9,Scoop,Right
1707218143168,-0.652944,-0.36112,0.756888,54.32,51.73,-47.88,Scoop,Right
1707218143169,-0.743224,-0.286456,0.780312,56.56,9.87,-30.17,Scoop,Right
1707218143288,-0.660752,-0.264984,0.8296,59.78,20.93,-27.02,Scoop,Right
1707218143288,-0.843752,-0.284016,0.876448,67.27,37.17,-32.48,Scoop,Right
1707218143288,-0.607072,-0.307928,0.813008,71.82,47.18,-20.72,Scoop,Right
1707218143288,-0.64172,-0.31232,0.772504,68.25,40.53,-23.1,Scoop,Right
1707218143289,-0.571936,-0.420656,0.768112,63.7,41.3,-21.14,Scoop,Right
1707218143289,-0.611952,-0.345016,0.736392,58.38,16.03,-26.81,Scoop,Right
1707218143289,-0.662216,-0.4392,0.767624,59.01,31.43,-19.46,Scoop,Right
1707218143333,-0.605608,-0.364536,0.747128,64.05,37.87,-15.61,Scoop,Right
1707218143334,-0.64416,-0.263032,0.688568,71.61,24.29,-20.3,Scoop,Right
1707218143334,-0.730048,-0.248392,0.66856,73.92,22.75,-17.29,Scoop,Right
1707218143382,-0.723216,-0.233264,0.73444,76.02,42.35,-13.23,Scoop,Right
1707218143383,-0.671488,-0.14884,0.7808,75.88,48.72,-17.29,Scoop,Right
1707218143383,-0.533384,-0.315736,0.815936,74.83,26.11,-22.61,Scoop,Right
1707218143432,-0.655384,-0.29524,0.7564,62.65,9.8,-19.53,Scoop,Right
1707218143432,-0.698328,-0.207888,0.647088,63.14,9.03,-18.48,Scoop,Right
1707218143432,-0.623176,-0.271816,0.635864,68.53,10.36,-13.58,Scoop,Right
1707218143532,-0.650992,-0.29524,0.589992,74.69,-0.14,-8.82,Scoop,Right
1707218143532,-0.69784,-0.223504,0.62708,74.9,-3.08,-13.3,Scoop,Right
1707218143532,-0.671976,-0.230336,0.682712,71.61,31.92,-20.51,Scoop,Right
1707218143533,-0.743712,-0.1586,0.742248,68.46,38.99,-27.37,Scoop,Right
1707218143533,-0.70516,-0.148352,0.884744,67.55,54.6,-19.18,Scoop,Right
1707218143533,-0.55388,-0.169824,0.772016,72.8,29.82,-11.2,Scoop,Right
1707218143658,-0.664168,-0.135176,0.677832,71.19,-0.98,-11.9,Scoop,Right
1707218143659,-0.7564,-0.109312,0.618784,70.98,-12.04,-13.16,Scoop,Right
1707218143659,-0.808616,-0.015128,0.5368,75.18,5.25,-13.44,Scoop,Right
1707218143659,-0.843752,-0.040016,0.561688,72.45,44.94,-2.31,Scoop,Right
1707218143659,-0.864736,0.0,0.573888,69.3,63.35,1.61,Scoop,Right
1707218143660,-0.738832,-0.040016,0.601704,60.27,77.21,0.49,Scoop,Right
1707218143660,-0.627568,0.034648,0.61,49.28,43.75,-4.27,Scoop,Right
1707218143706,-0.703208,0.079056,0.534848,37.94,-0.35,-5.39,Scoop,Right
1707218143706,-0.774944,0.056608,0.573888,29.82,-15.82,0.28,Scoop,Right
1707218143706,-0.824232,0.034648,0.582184,26.46,-12.53,6.02,Scoop,Right
1707218143751,-0.84912,0.010736,0.544608,24.15,2.38,7.35,Scoop,Right
1707218143751,-0.794952,0.000976,0.5002,24.57,11.62,1.75,Scoop,Right
1707218143752,-0.713944,-0.117608,0.49044,21.35,22.82,0.42,Scoop,Right
1707218143806,-0.661728,-0.13176,0.497272,2.31,-0.77,-1.68,Scoop,Right
1707218143806,-0.69296,-0.079056,0.488488,0.0,-15.89,-2.73,Scoop,Right
1707218143806,-0.69784,-0.054656,0.612928,-4.62,-28.07,-4.69,Scoop,Right
1707218143872,-0.781776,0.026352,0.631472,-8.05,-38.71,-7.7,Scoop,Right
1707218143872,-0.86376,0.086864,0.644648,-6.58,-23.45,-3.71,Scoop,Right
1707218143872,-0.8662,0.081496,0.609512,-7.49,-11.76,0.21,Scoop,Right
1707218143923,-0.848632,0.06588,0.523624,-10.92,-1.89,3.92,Scoop,Right
1707218143923,-0.831552,0.041968,0.479704,-19.32,5.67,6.58,Scoop,Right
1707218143923,-0.772016,0.00976,0.488488,-31.71,3.22,8.96,Scoop,Right
1707218143923,-0.7198,-0.019032,0.57096,-43.26,-4.9,8.47,Scoop,Right
1707218143977,-0.657824,-0.081496,0.667096,-54.53,-14.56,5.18,Scoop,Right
1707218143977,-0.667096,-0.128832,0.705648,-62.37,-27.02,-1.12,Scoop,Right
1707218143977,-0.662704,-0.10004,0.616832,-67.76,-29.26,-1.26,Scoop,Right
1707218144099,-0.719312,-0.067344,0.51972,-66.15,-28.63,3.5,Scoop,Right
1707218144100,-0.6832,-0.00976,0.530944,-62.3,-33.11,7.98,Scoop,Right
1707218144100,-0.707112,-0.045872,0.684176,-55.37,-60.2,-2.59,Scoop,Right
1707218144100,-0.717848,-0.077592,0.792512,-62.23,-36.68,12.25,Scoop,Right
1707218144100,-0.68076,-0.1586,0.821792,-44.31,-22.19,-0.28,Scoop,Right
1707218144100,-0.518256,-0.147376,0.831064,-78.75,-17.71,14.77,Scoop,Right
1707218144102,-0.66368,-0.112728,0.630496,-71.96,-32.2,8.68,Scoop,Right
1707218144219,-0.70516,-0.103944,0.610976,-73.29,-61.46,8.47,Scoop,Right
1707218144219,-0.650016,-0.054656,0.681248,-73.92,-62.79,10.71,Scoop,Right
1707218144220,-0.666608,-0.247904,0.750056,-65.8,-68.67,1.26,Scoop,Right
1707218144220,-0.74176,-0.161528,0.767136,-73.15,-58.38,1.96,Scoop,Right
1707218144220,-0.689056,-0.210816,0.752496,-78.47,-11.69,8.75,Scoop,Right
1707218144221,-0.591944,-0.159088,0.759816,-75.18,1.89,13.86,Scoop,Right
1707218144221,-0.516792,-0.385032,0.85888,-47.53,-3.92,-2.24,Scoop,Right
1707218144266,-0.468968,-0.334768,0.899872,-53.13,-29.82,2.45,Scoop,Right
1707218144266,-0.59048,-0.388936,0.8174,-65.59,-35.0,14.07,Scoop,Right
1707218144266,-0.73444,-0.262544,0.640256,-52.99,-37.24,3.64,Scoop,Right
1707218144353,-0.723216,-0.212768,0.565104,-62.23,-0.7,16.87,Scoop,Right
1707218144353,-0.7442,-0.266448,0.603168,-51.94,-19.67,6.09,Scoop,Right
1707218144353,-0.590968,-0.420656,0.7198,-48.72,3.92,24.29,Scoop,Right
1707218144353,-0.549,-0.250344,0.750544,-67.34,-6.37,21.49,Scoop,Right
1707218144354,-0.583648,-0.380152,0.750544,-59.57,-22.05,18.76,Scoop,Right
1707218144409,-0.59048,-0.339648,0.886696,-61.25,-24.78,24.43,Scoop,Right
1707218144409,-0.664168,-0.3782,0.870592,-48.72,-26.74,13.3,Scoop,Right
1707218144409,-0.648552,-0.330864,0.716872,-45.5,-10.71,14.84,Scoop,Right
1707218144410,-0.62952,-0.383568,0.604144,-46.41,-8.75,14.14,Scoop,Right
1707218144458,-0.629032,-0.379664,0.491904,-50.61,-18.69,10.99,Scoop,Right
1707218144458,-0.639768,-0.41724,0.520208,-56.0,-33.74,12.04,Scoop,Right
1707218144458,-0.523136,-0.488,0.723216,-58.17,-48.02,8.96,Scoop,Right
1707218144558,-0.593896,-0.36112,0.817888,-64.61,-57.96,21.84,Scoop,Right
1707218144559,-0.658312,-0.399184,0.910608,-61.53,-57.96,18.76,Scoop,Right
1707218144559,-0.625616,-0.432856,1.031632,-42.14,-43.12,12.18,Scoop,Right
1707218144559,-0.630984,-0.437248,0.991128,-33.11,-36.89,11.9,Scoop,Right
1707218144559,-0.578768,-0.450912,0.923296,-26.6,-27.65,10.43,Scoop,Right
1707218144608,-0.591944,-0.37576,0.799344,-21.0,-51.52,-0.84,Scoop,Right
1707218144608,-0.546072,-0.350384,0.7442,-33.6,-72.31,-0.21,Scoop,Right
1707218144608,-0.628056,-0.313296,0.709552,-27.93,-80.36,-8.05,Scoop,Right
1707218144655,-0.684664,-0.29524,0.77104,-16.31,-64.96,-2.03,Scoop,Right
1707218144655,-0.47824,-0.312808,0.779824,-4.13,-49.77,3.01,Scoop,Right
1707218144656,-0.325496,-0.401624,0.858392,-4.13,-36.68,-3.71,Scoop,Right
1707218144708,-0.313296,-0.401136,0.909144,-5.88,-43.68,-15.4,Scoop,Right
1707218144708,-0.330864,-0.443104,0.94428,-2.59,-57.47,-20.93,Scoop,Right
1707218144708,-0.356728,-0.43676,0.916464,-2.24,-84.0,-26.25,Scoop,Right
1707218144848,-0.462136,-0.415288,0.854,-0.77,-91.91,-31.92,Scoop,Right
1707218144848,-0.3904,-0.406504,0.816912,18.62,-32.62,-28.84,Scoop,Right
1707218144849,-0.31964,-0.401624,0.844728,33.04,-5.95,-27.58,Scoop,Right
1707218144849,-0.269376,-0.447984,0.850584,43.68,26.53,-24.15,Scoop,Right
1707218144849,-0.091256,-0.47824,0.889136,51.87,21.91,-21.0,Scoop,Right
1707218144849,-0.270352,-0.415776,0.9028,51.38,8.05,-22.47,Scoop,Right
1707218144849,-0.362584,-0.3538,0.882304,55.02,14.56,-23.24,Scoop,Right
1707218144964,-0.403088,-0.390888,0.908656,58.94,19.18,-26.32,Scoop,Right
1707218144965,-0.531432,-0.35624,0.906704,59.43,28.28,-30.94,Scoop,Right
1707218144965,-0.433832,-0.3538,0.854976,62.3,49.35,-37.59,Scoop,Right
1707218144965,-0.272304,-0.41968,0.779336,56.0,46.76,-34.37,Scoop,Right
1707218144965,-0.325008,-0.397232,0.728584,57.82,42.56,-29.33,Scoop,Right
1707218144965,-0.330864,-0.377224,0.772504,58.73,29.33,-28.91,Scoop,Right
1707218144966,-0.298656,-0.413824,0.862296,52.71,19.53,-29.19,Scoop,Right
1707218145026,-0.377224,-0.351848,0.908168,53.41,22.82,-32.2,Scoop,Right
1707218145029,-0.436272,-0.318664,0.89792,54.88,29.75,-33.74,Scoop,Right
1707218145030,-0.514352,-0.25864,0.877912,57.26,38.08,-36.05,Scoop,Right
1707218145030,-0.579744,-0.260592,0.847656,60.55,63.21,-35.14,Scoop,Right
1707218145065,-0.548512,-0.255224,0.81252,61.11,85.68,-31.64,Scoop,Right
1707218145065,-0.544608,-0.238144,0.723704,57.12,85.75,-30.87,Scoop,Right
1707218145171,-0.36112,-0.279136,0.725656,48.65,62.72,-26.6,Scoop,Right
1707218145172,-0.386496,-0.4026,0.79788,42.98,32.06,-22.47,Scoop,Right
1707218145172,-0.423096,-0.264008,0.818376,37.87,10.85,-30.03,Scoop,Right
1707218145172,-0.47336,-0.240584,0.894016,38.64,9.38,-39.27,Scoop,Right
1707218145172,-0.52948,-0.313296,0.896456,42.63,12.11,-33.74,Scoop,Right
1707218145172,-0.552904,-0.266448,0.862784,50.12,22.75,-38.15,Scoop,Right
1707218145173,-0.62952,-0.239608,0.804712,45.57,32.9,-35.7,Scoop,Right
1707218145223,-0.594872,-0.266936,0.748592,45.5,57.75,-30.66,Scoop,Right
1707218145223,-0.530944,-0.250344,0.733952,45.01,72.52,-26.46,Scoop,Right
1707218145223,-0.52704,-0.303048,0.752496,46.27,74.69,-20.86,Scoop,Right
1707218145353,-0.541192,-0.260592,0.779824,50.19,76.37,-18.27,Scoop,Right
1707218145354,-0.481656,-0.316224,0.855464,55.02,78.47,-18.27,Scoop,Right
1707218145354,-0.347944,-0.375272,0.873032,48.79,59.29,-18.13,Scoop,Right
1707218145354,-0.494832,-0.253272,0.761768,47.95,39.62,-24.36,Scoop,Right
1707218145355,-0.637328,-0.16348,0.71492,47.18,17.85,-33.18,Scoop,Right
1707218145355,-0.809592,-0.12688,0.706624,47.25,34.58,-31.57,Scoop,Right
1707218145355,-0.854976,-0.081984,0.679784,46.13,61.6,-22.75,Scoop,Right
1707218145414,-0.823256,-0.055144,0.627568,43.54,80.36,-16.24,Scoop,Right
1707218145415,-0.755424,-0.061976,0.61488,42.63,94.36,-10.43,Scoop,Right
1707218145415,-0.63684,-0.110288,0.599752,36.96,84.49,-5.25,Scoop,Right
1707218145415,-0.53924,-0.194712,0.5978,23.1,30.31,-7.42,Scoop,Right
1707218145540,-0.636352,-0.08784,0.65148,13.3,-12.6,-12.32,Scoop,Right
1707218145541,-0.7686,-0.210816,0.672952,11.13,-12.04,-13.65,Scoop,Right
1707218145541,-0.823256,-0.082472,0.606096,14.14,9.17,-4.34,Scoop,Right
1707218145541,-0.754936,-0.175192,0.621224,12.67,21.84,1.12,Scoop,Right
1707218145541,-0.80276,-0.023912,0.491904,16.38,11.48,-0.7,Scoop,Right
1707218145541,-0.806664,-0.133224,0.544608,13.51,9.52,2.8,Scoop,Right
1707218145541,-0.71492,-0.177144,0.61976,8.33,6.23,4.97,Scoop,Right
1707218145591,-0.66612,-0.176168,0.66612,7.91,-5.6,1.68,Scoop,Right
1707218145592,-0.8174,-0.218624,0.713456,1.47,-7.84,-0.35,Scoop,Right
1707218145592,-0.779824,-0.201544,0.644648,2.73,29.54,2.45,Scoop,Right
1707218145643,-0.70272,-0.168848,0.577792,3.36,34.02,1.82,Scoop,Right
1707218145643,-0.691008,-0.1586,0.469944,-1.19,17.43,0.21,Scoop,Right
1707218145643,-0.731512,-0.158112,0.465552,-6.3,-6.93,-2.73,Scoop,Right
1707218145644,-0.746152,-0.142984,0.537288,-10.43,-25.27,-2.59,Scoop,Right
1707218145781,-0.722728,-0.137128,0.62708,-14.49,-39.06,-2.87,Scoop,Right
1707218145781,-0.764208,-0.132248,0.733464,-16.03,-41.02,-2.1,Scoop,Right
1707218145781,-0.772016,-0.144936,0.78568,-13.58,-18.41,0.56,Scoop,Right
1707218145782,-0.720288,-0.15128,0.711504,-10.22,-3.36,1.12,Scoop,Right
1707218145782,-0.757376,-0.151768,0.572912,-12.18,-5.39,-0.28,Scoop,Right
1707218145782,-0.804712,-0.176656,0.538752,-18.41,-1.54,2.17,Scoop,Right
1707218145782,-0.775432,-0.128344,0.513376,-27.65,-8.82,5.53,Scoop,Right
1707218145824,-0.750056,-0.118584,0.543144,-38.15,-24.92,7.7,Scoop,Right
1707218145825,-0.694424,-0.128832,0.610488,-45.64,-47.53,4.41,Scoop,Right
1707218145825,-0.64904,-0.171776,0.759328,-50.47,-51.03,6.93,Scoop,Right
1707218145872,-0.61244,-0.1952,0.86376,-44.52,-47.67,3.5,Scoop,Right
1707218145872,-0.553392,-0.230336,0.884744,-43.61,-41.09,6.65,Scoop,Right
1707218145872,-0.655384,-0.20496,0.747128,-38.08,-53.48,1.75,Scoop,Right
1707218145924,-0.740784,-0.186904,0.641232,-34.93,-48.65,4.2,Scoop,Right
1707218145924,-0.760792,-0.203496,0.590968,-36.96,-40.18,9.52,Scoop,Right
1707218145924,-0.724192,-0.202032,0.610976,-40.11,-44.38,8.61,Scoop,Right
1707218146052,-0.717848,-0.240096,0.68076,-38.85,-45.85,8.4,Scoop,Right
1707218146053,-0.587064,-0.232776,0.731024,-42.84,-35.7,19.95,Scoop,Right
1707218146053,-0.459696,-0.30012,0.833016,-43.33,-37.17,16.59,Scoop,Right
1707218146053,-0.367464,-0.368928,0.829112,-41.23,-57.26,9.87,Scoop,Right
1707218146053,-0.45628,-0.32208,0.826672,-46.55,-83.3,8.33,Scoop,Right
1707218146053,-0.691008,-0.199104,0.80764,-46.76,-97.23,2.45,Scoop,Right
1707218146053,-0.751032,-0.17812,0.804712,-39.97,-69.3,5.39,Scoop,Right
1707218146171,-0.693448,-0.200568,0.798856,-33.6,-33.46,15.26,Scoop,Right
1707218146171,-0.6588,-0.203008,0.831552,-38.36,-16.66,22.96,Scoop,Right
1707218146171,-0.586576,-0.286944,0.815936,-29.19,8.61,25.34,Scoop,Right
1707218146171,-0.394304,-0.303048,0.809104,-28.56,-2.24,26.46,Scoop,Right
1707218146171,-0.41236,-0.352824,0.788608,-23.17,-27.86,19.39,Scoop,Right
1707218146171,-0.4148,-0.333792,0.787632,-26.6,-53.27,17.01,Scoop,Right
1707218146172,-0.485072,-0.305976,0.80764,-32.76,-79.87,13.58,Scoop,Right
1707218146217,-0.59292,-0.28304,0.770064,-31.43,-79.87,13.37,Scoop,Right
1707218146217,-0.599264,-0.276696,0.756888,-29.54,-63.07,26.39,Scoop,Right
1707218146217,-0.674416,-0.22448,0.775432,-27.79,-31.85,30.73,Scoop,Right
1707218146264,-0.620248,-0.233752,0.796416,-19.74,1.4,30.45,Scoop,Right
1707218146264,-0.460672,-0.310368,0.846192,-22.61,10.92,29.05,Scoop,Right
1707218146264,-0.354776,-0.391864,0.820816,-18.62,-6.86,19.11,Scoop,Right
1707218146313,-0.299144,-0.411384,0.792512,-23.94,-37.94,15.75,Scoop,Right
1707218146313,-0.292312,-0.40504,0.800808,-31.08,-72.24,17.29,Scoop,Right
1707218146313,-0.38796,-0.3172,0.796416,-32.76,-87.5,16.45,Scoop,Right
1707218146361,-0.43188,-0.269376,0.803736,-28.77,-89.95,9.03,Scoop,Right
1707218146361,-0.486536,-0.294264,0.884256,-26.95,-72.73,10.15,Scoop,Right
1707218146362,-0.423096,-0.294752,0.870592,-25.27,-57.68,10.57,Scoop,Right
1707218146406,-0.391376,-0.322568,0.854,-24.78,-51.87,9.66,Scoop,Right
1707218146406,-0.36112,-0.333792,0.859368,-25.06,-51.45,6.09,Scoop,Right
1707218146534,-0.32452,-0.348432,0.86864,-28.49,-69.58,2.31,Scoop,Right
1707218146534,-0.333304,-0.359656,0.926224,-27.44,-77.42,0.42,Scoop,Right
1707218146534,-0.264496,-0.332328,0.964776,-23.03,-75.39,-2.31,Scoop,Right
1707218146534,-0.28548,-0.31476,0.974536,-15.89,-73.29,-4.48,Scoop,Right
1707218146534,-0.412848,-0.305,0.984296,-8.4,-58.24,-8.75,Scoop,Right
1707218146534,-0.47092,-0.146888,0.89548,3.92,-19.95,-8.61,Scoop,Right
1707218146534,-0.311832,-0.227408,0.935984,19.25,14.35,-12.46,Scoop,Right
1707218146583,-0.182024,-0.437736,0.979904,14.14,11.27,-9.8,Scoop,Right
1707218146583,-0.174216,-0.447008,0.913048,2.38,-10.29,-9.52,Scoop,Right
1707218146584,-0.177632,-0.471408,0.89304,-3.99,-30.59,-10.71,Scoop,Right
1707218146584,-0.265472,-0.406504,0.86376,-10.64,-51.24,-7.63,Scoop,Right
1707218146628,-0.376736,-0.444568,0.86132,-11.62,-56.56,-4.62,Scoop,Right
1707218146628,-0.38308,-0.498248,0.870104,-9.38,-29.54,-0.56,Scoop,Right
1707218146672,-0.34648,-0.549,0.81984,-8.68,-11.13,2.73,Scoop,Right
1707218146672,-0.254736,-0.577792,0.80032,-8.47,-6.3,8.89,Scoop,Right
1707218146672,-0.116632,-0.62464,0.824232,-3.15,-18.83,12.88,Scoop,Right
1707218146726,-0.100528,-0.613904,0.945744,0.56,-32.83,13.79,Scoop,Right
1707218146726,-0.179584,-0.49288,1.018456,-6.3,-48.86,7.91,Scoop,Right
1707218146726,-0.27816,-0.344528,0.98576,-5.18,-57.26,9.03,Scoop,Right
1707218146812,-0.428464,-0.274744,1.027728,3.08,-36.4,16.03,Scoop,Right
1707218146812,-0.465552,-0.266936,1.001864,16.52,12.18,30.31,Scoop,Right
1707218146813,-0.396256,-0.335256,0.90524,26.04,64.19,43.05,Scoop,Right
1707218146813,-0.252296,-0.383568,0.802272,26.18,80.5,47.18,Scoop,Right
1707218146813,-0.188856,-0.447496,0.781288,21.0,78.82,46.62,Scoop,Right
1707218146911,-0.089792,-0.465552,0.78812,15.26,54.74,43.12,Scoop,Right
1707218146911,-0.09028,-0.475312,0.877424,9.73,28.42,33.25,Scoop,Right
1707218146911,-0.263032,-0.396256,0.94428,8.19,12.88,16.87,Scoop,Right
1707218146911,-0.403088,-0.343552,0.98576,13.09,45.15,18.9,Scoop,Right
1707218146911,-0.358192,-0.388936,0.925248,16.59,74.13,28.49,Scoop,Right
1707218146911,-0.190808,-0.511912,0.915,12.74,47.81,29.05,Scoop,Right
1707218146953,-0.333304,-0.349408,0.780312,-0.98,-9.87,5.04,Scoop,Right
1707218146954,-0.386984,-0.394792,0.77104,-11.83,-17.92,4.48,Scoop,Right
1707218146954,-0.29768,-0.359656,0.804224,-16.45,-8.54,12.04,Scoop,Right
1707218147003,-0.48312,-0.449936,0.852048,-13.16,13.3,12.95,Scoop,Right
1707218147003,-0.45628,-0.096624,0.812032,-2.59,81.62,24.36,Scoop,Right
1707218147054,-0.467016,-0.116144,0.836432,21.77,150.99,27.3,Scoop,Right
1707218147055,-0.398208,-0.164456,0.906216,40.88,166.04,23.24,Scoop,Right
1707218147055,-0.393328,-0.169824,0.908168,52.22,159.32,22.05,Scoop,Right
1707218147055,-0.515328,-0.11224,0.76372,53.34,126.0,16.38,Scoop,Right
1707218147191,-0.567056,-0.141032,0.728584,37.8,92.75,7.7,Scoop,Right
1707218147191,-0.577304,-0.137128,0.706136,24.29,62.93,-7.07,Scoop,Right
1707218147191,-0.63196,-0.123952,0.68076,16.24,49.91,-11.13,Scoop,Right
1707218147191,-0.769088,-0.106872,0.547048,3.78,61.6,-4.76,Scoop,Right
1707218147191,-0.615368,-0.191784,0.686616,11.76,35.77,-14.07,Scoop,Right
1707218147191,-0.701256,-0.191784,0.714432,16.38,56.7,-7.63,Scoop,Right
1707218147191,-0.632448,-0.320128,0.70516,15.47,82.11,7.77,Scoop,Right
1707218147235,-0.604144,-0.448472,0.675392,14.21,63.49,4.41,Scoop,Right
1707218147235,-0.643672,-0.41236,0.838872,11.27,23.94,-13.51,Scoop,Right
1707218147235,-0.647576,-0.356728,0.802272,13.44,13.79,-23.03,Scoop,Right
1707218147282,-0.621712,-0.37332,0.78324,16.45,13.79,-29.68,Scoop,Right
1707218147282,-0.58072,-0.375272,0.725656,20.65,11.41,-35.49,Scoop,Right
1707218147282,-0.671976,-0.330864,0.762256,21.42,9.24,-46.34,Scoop,Right
1707218147332,-0.755912,-0.266448,0.745664,31.5,8.12,-44.24,Scoop,Right
1707218147332,-0.775432,-0.266936,0.759328,38.01,12.6,-43.26,Scoop,Right
1707218147332,-0.858392,-0.237168,0.745664,46.83,26.74,-35.77,Scoop,Right
1707218147382,-0.748592,-0.224968,0.693936,53.48,33.74,-21.91,Scoop,Right
1707218147382,-0.76616,-0.195688,0.668072,58.66,53.97,-14.07,Scoop,Right
1707218147382,-0.712968,-0.213256,0.696376,58.52,56.14,-8.89,Scoop,Right
1707218147521,-0.696864,-0.247416,0.703208,56.21,49.63,-10.99,Scoop,Right
1707218147521,-0.711504,-0.293288,0.626104,52.57,32.62,-13.86,Scoop,Right
1707218147521,-0.759816,-0.235704,0.549488,45.92,20.23,-13.93,Scoop,Right
1707218147521,-0.771528,-0.203984,0.516792,43.33,28.77,-9.31,Scoop,Right
1707218147521,-0.815448,-0.210328,0.53924,46.41,38.22,-8.33,Scoop,Right
1707218147521,-0.79056,-0.211792,0.592432,50.4,52.85,-6.23,Scoop,Right
1707218147521,-0.673928,-0.253272,0.691496,53.62,54.81,-3.92,Scoop,Right
1707218147626,-0.689544,-0.18544,0.663192,53.41,36.26,-7.49,Scoop,Right
1707218147626,-0.781288,-0.2196,0.64416,57.75,26.67,-12.95,Scoop,Right
1707218147626,-0.806176,-0.277672,0.65392,58.1,38.08,-9.31,Scoop,Right
1707218147627,-1.031632,-0.218136,0.660264,59.29,41.86,-22.26,Scoop,Right
1707218147627,-0.770064,-0.2196,0.605608,60.13,65.73,-2.94,Scoop,Right
1707218147628,-0.909144,-0.130296,0.502152,68.39,54.11,-3.99,Scoop,Right
1707218147628,-0.890112,-0.179584,0.516792,67.27,66.71,-3.71,Scoop,Right
1707218147674,-0.784216,-0.146888,0.463112,75.04,63.77,-2.1,Scoop,Right
1707218147674,-0.723704,-0.183976,0.567544,59.85,46.27,2.66,Scoop,Right
1707218147675,-0.808616,-0.218136,0.567056,53.83,17.01,-3.01,Scoop,Right
1707218147718,-0.765184,-0.203008,0.620736,53.34,12.53,-3.99,Scoop,Right
1707218147718,-0.897432,-0.199104,0.537776,56.0,11.9,1.89,Scoop,Right
1707218147767,-0.921832,-0.123464,0.47824,57.75,22.05,2.94,Scoop,Right
1707218147768,-0.902312,-0.122,0.429928,57.89,42.91,4.9,Scoop,Right
1707218147768,-0.897432,-0.089304,0.381128,53.27,36.33,0.49,Scoop,Right
1707218147896,-0.942816,-0.075152,0.335744,54.39,33.95,-4.69,Scoop,Right
1707218147896,-0.814472,-0.122488,0.404064,48.16,26.04,-4.69,Scoop,Right
1707218147897,-0.80032,-0.061,0.43676,48.79,4.97,-2.45,Scoop,Right
1707218147897,-0.81984,0.00488,0.52948,57.68,19.74,4.2,Scoop,Right
1707218147897,-0.84668,-0.135176,0.639768,51.52,7.98,9.87,Scoop,Right
1707218147897,-0.939888,-0.033672,0.507032,50.89,-4.41,3.36,Scoop,Right
1707218147898,-1.013088,0.041968,0.40504,48.65,14.77,4.41,Scoop,Right
1707218148033,-0.997472,0.041968,0.3172,43.82,39.55,8.89,Scoop,Right
1707218148034,-0.927688,0.061488,0.229848,36.26,51.45,14.77,Scoop,Right
1707218148034,-0.916952,0.070272,0.200568,32.97,41.44,12.18,Scoop,Right
1707218148034,-0.826672,0.023424,0.276208,28.56,27.23,8.47,Scoop,Right
1707218148034,-0.781776,0.028304,0.400648,21.42,0.0,6.23,Scoop,Right
1707218148034,-0.87352,0.002928,0.406016,18.41,-17.57,5.88,Scoop,Right
1707218148035,-0.894504,0.019032,0.398696,15.19,-21.91,2.38,Scoop,Right
1707218148035,-0.86132,0.023912,0.389424,17.43,-9.73,4.48,Scoop,Right
1707218148092,-0.879376,0.003416,0.381616,15.12,-8.54,5.32,Scoop,Right
1707218148092,-0.904752,0.035136,0.3294,11.97,-7.63,7.0,Scoop,Right
1707218148092,-0.933544,0.020984,0.307928,4.83,-16.73,4.13,Scoop,Right
1707218148092,-0.967704,0.09516,0.309392,2.94,-29.26,1.19,Scoop,Right
1707218148136,-0.93452,0.030256,0.431392,0.0,-8.54,1.33,Scoop,Right
1707218148137,-0.888648,0.055632,0.473848,3.08,-5.53,-1.68,Scoop,Right
1707218148137,-0.896944,0.00244,0.486536,1.61,1.54,0.98,Scoop,Right
1707218148184,-0.858392,0.016104,0.406992,1.05,2.94,1.33,Scoop,Right
1707218148185,-0.855464,0.013176,0.305976,0.49,-0.91,0.98,Scoop,Right
1707218148244,-0.881328,0.04148,0.257176,-0.77,-10.71,-0.28,Scoop,Right
1707218148244,-0.904752,0.054656,0.276208,-2.45,-14.91,-1.47,Scoop,Right
1707218148244,-0.88328,0.052216,0.31964,-5.6,-19.95,-0.49,Scoop,Right
1707218148244,-0.91744,0.055144,0.367952,-9.73,-25.97,-2.24,Scoop,Right
1707218148301,-0.887184,0.016592,0.450912,-14.84,-23.59,-3.43,Scoop,Right
1707218148301,-0.835944,-0.013664,0.471896,-20.37,-21.7,-3.71,Scoop,Right
1707218148301,-0.8784,0.013664,0.479216,-25.69,-11.2,-0.77,Scoop,Right
1707218148422,-0.859368,0.059536,0.454816,-30.52,-5.88,-1.54,Scoop,Right
1707218148423,-0.845704,0.06588,0.420656,-29.61,-12.53,-1.68,Scoop,Right
1707218148423,-0.858392,0.04392,0.372344,-24.57,-21.21,-5.6,Scoop,Right
1707218148423,-0.871568,0.038552,0.346968,-31.92,-42.14,-8.26,Scoop,Right
1707218148424,-0.87596,0.063928,0.349896,-39.97,-48.16,-12.53,Scoop,Right
1707218148424,-0.843752,0.066368,0.400648,-37.94,-57.19,-13.02,Scoop,Right
1707218148424,-0.884744,-0.00732,0.513864,-33.6,-59.71,-12.32,Scoop,Right
1707218148466,-0.847656,-0.06344,0.693936,-45.08,-48.51,-9.38,Scoop,Right
1707218148466,-0.801784,-0.069784,0.682224,-57.19,-50.54,-8.68,Scoop,Right
1707218148466,-0.794464,-0.0976,0.55144,-64.75,-58.31,-5.53,Scoop,Right
1707218148516,-0.83936,-0.09028,0.425048,-65.59,-73.01,-9.94,Scoop,Right
1707218148516,-0.774456,-0.033672,0.34404,-65.17,-70.14,-3.43,Scoop,Right
1707218148516,-0.742248,-0.174216,0.511912,-57.82,-95.27,-10.92,Scoop,Right
1707218148560,-0.738344,-0.093696,0.60512,-60.9,-80.64,-1.61,Scoop,Right
1707218148560,-0.727608,-0.194224,0.72956,-54.81,-77.42,-3.22,Scoop,Right
1707218148560,-0.6832,-0.099064,0.750056,-63.07,-53.76,1.96,Scoop,Right
1707218148610,-0.698816,-0.090768,0.760304,-56.7,-52.5,-2.38,Scoop,Right
1707218148610,-0.662216,-0.210816,0.773968,-51.66,-71.19,-3.15,Scoop,Right
1707218148739,-0.714432,-0.016104,0.66856,-65.73,-73.15,0.21,Scoop,Right
1707218148743,-0.799832,-0.051728,0.522648,-55.72,-53.9,8.68,Scoop,Right
1707218148748,-0.739808,-0.10248,0.571448,-58.17,-56.98,9.38,Scoop,Right
1707218148751,-0.671,-0.146888,0.64172,-61.46,-62.93,5.18,Scoop,Right
1707218148751,-0.616832,-0.181048,0.710528,-65.24,-74.97,-0.7,Scoop,Right
1707218148751,-0.63196,-0.22936,0.796904,-67.48,-74.34,-2.03,Scoop,Right
1707218148751,-0.66124,-0.247416,0.885232,-62.23,-64.61,3.01,Scoop,Right
1707218148787,-0.604144,-0.316224,0.934032,-50.68,-45.64,5.81,Scoop,Right
1707218148787,-0.556808,-0.343064,0.9028,-40.95,-32.69,5.32,Scoop,Right
1707218148787,-0.56364,-0.363072,0.833992,-40.81,-34.16,9.59,Scoop,Right
1707218148839,-0.670512,-0.307928,0.738832,-39.9,-33.32,11.27,Scoop,Right
1707218148840,-0.64416,-0.301584,0.691496,-48.44,-32.76,14.77,Scoop,Right
1707218148840,-0.660264,-0.25376,0.699304,-52.01,-35.77,19.81,Scoop,Right
1707218148840,-0.665144,-0.325496,0.742248,-38.5,-32.13,12.46,Scoop,Right
1707218148889,-0.533872,-0.335256,0.804224,-46.83,-22.82,22.33,Scoop,Right
1707218148889,-0.395768,-0.420656,0.886208,-28.0,-8.33,15.96,Scoop,Right
1707218148890,-0.432368,-0.410408,0.824232,-23.8,-30.52,7.0,Scoop,Right
1707218148955,-0.491904,-0.40504,0.792512,-21.84,-37.17,6.93,Scoop,Right
1707218148955,-0.508008,-0.399672,0.805688,-22.89,-36.26,15.05,Scoop,Right
1707218148955,-0.630008,-0.378688,0.81008,-31.71,-42.28,17.01,Scoop,Right
1707218148955,-0.609512,-0.423096,0.771528,-33.11,-20.86,22.05,Scoop,Right
1707218149010,-0.55632,-0.343064,0.748104,-44.45,-25.41,29.61,Scoop,Right
1707218149010,-0.548512,-0.279624,0.711504,-52.43,-52.85,23.38,Scoop,Right
1707218149011,-0.638304,-0.27328,0.754936,-42.21,-64.19,13.3,Scoop,Right
1707218149056,-0.650504,-0.230824,0.88328,-45.29,-36.33,20.3,Scoop,Right
1707218149057,-0.523136,-0.215696,0.909632,-37.24,-17.08,14.49,Scoop,Right
1707218149057,-0.52216,-0.198128,0.887672,-23.17,-18.2,6.79,Scoop,Right
1707218149103,-0.478728,-0.213744,0.930616,-17.08,-13.72,4.76,Scoop,Right
1707218149103,-0.396256,-0.318664,0.903288,-13.93,-26.67,-6.16,Scoop,Right
1707218149151,-0.464088,-0.363072,0.816912,-23.1,-41.65,-15.68,Scoop,Right
1707218149151,-0.540704,-0.34892,0.740784,-38.43,-63.0,-22.33,Scoop,Right
1707218149151,-0.535824,-0.348432,0.756888,-42.63,-59.29,-22.26,Scoop,Right
1707218149201,-0.57096,-0.364048,0.752008,-27.16,-34.58,-14.42,Scoop,Right
1707218149201,-0.397232,-0.42212,0.835456,-11.06,-13.37,-9.52,Scoop,Right
1707218149201,-0.285968,-0.455792,0.921832,-0.07,-0.14,-9.24,Scoop,Right
1707218149325,-0.299144,-0.461648,1.000888,11.41,5.18,-6.44,Scoop,Right
1707218149325,-0.316224,-0.464088,0.978928,16.03,-5.39,-9.1,Scoop,Right
1707218149326,-0.349896,-0.408944,0.915,22.47,-7.7,-15.26,Scoop,Right
1707218149326,-0.42456,-0.427,0.820816,32.76,-17.99,-16.66,Scoop,Right
1707218149326,-0.432368,-0.404064,0.828136,30.17,-14.98,-13.93,Scoop,Right
1707218149326,-0.430904,-0.380152,0.787144,31.85,3.08,-9.45,Scoop,Right
1707218149326,-0.439688,-0.34892,0.731512,35.63,9.73,-9.52,Scoop,Right
1707218149457,-0.45872,-0.36112,0.800808,38.5,12.88,-7.56,Scoop,Right
1707218149457,-0.367952,-0.287432,0.837408,41.93,12.11,-14.56,Scoop,Right
1707218149457,-0.317688,-0.311832,0.888648,45.5,13.44,-24.36,Scoop,Right
1707218149457,-0.245952,-0.416752,0.924272,43.47,3.71,-26.32,Scoop,Right
1707218149457,-0.362096,-0.328912,0.881328,41.09,-3.5,-30.31,Scoop,Right
1707218149457,-0.537288,-0.290848,0.851072,34.72,-9.1,-29.33,Scoop,Right
1707218149457,-0.60756,-0.284992,0.822768,34.86,8.96,-22.75,Scoop,Right
1707218149509,-0.583648,-0.259128,0.785192,29.75,33.6,-21.07,Scoop,Right
1707218149510,-0.464088,-0.360632,0.796416,18.55,29.82,-25.27,Scoop,Right
1707218149510,-0.318664,-0.254248,0.74664,20.37,28.42,-21.42,Scoop,Right
1707218149510,-0.281576,-0.3538,0.796416,19.88,5.95,-24.08,Scoop,Right
1707218149636,-0.391376,-0.329888,0.83448,23.1,0.56,-23.59,Scoop,Right
1707218149636,-0.468968,-0.330864,0.871568,23.87,9.1,-23.59,Scoop,Right
1707218149638,-0.506544,-0.29036,0.842288,25.9,16.1,-23.38,Scoop,Right
1707218149638,-0.533384,-0.31476,0.862784,24.71,27.86,-20.02,Scoop,Right
1707218149638,-0.5368,-0.303048,0.831064,26.81,34.93,-16.94,Scoop,Right
1707218149638,-0.50996,-0.299144,0.774944,28.07,45.36,-14.14,Scoop,Right
1707218149638,-0.339648,-0.265472,0.775432,27.65,47.74,-13.23,Scoop,Right
1707218149752,-0.395768,-0.330864,0.778848,28.63,19.11,-19.32,Scoop,Right
1707218149752,-0.467504,-0.272304,0.78812,25.06,4.2,-20.58,Scoop,Right
1707218149752,-0.508984,-0.247904,0.837408,23.17,5.53,-22.96,Scoop,Right
1707218149753,-0.545584,-0.282064,0.86132,25.97,20.16,-22.61,Scoop,Right
1707218149753,-0.549488,-0.27328,0.874984,25.2,33.53,-21.49,Scoop,Right
1707218149753,-0.49532,-0.191784,0.813984,30.59,41.58,-25.27,Scoop,Right
1707218149753,-0.491904,-0.357216,0.84912,27.65,35.49,-29.89,Scoop,Right
1707218149802,-0.520696,-0.222528,0.737368,25.34,23.31,-36.82,Scoop,Right
1707218149805,-0.49044,-0.345504,0.737856,26.46,18.69,-39.27,Scoop,Right
1707218149805,-0.534848,-0.288896,0.786656,26.74,9.38,-39.83,Scoop,Right
1707218149846,-0.507032,-0.303536,0.83692,32.62,19.18,-45.29,Scoop,Right
1707218149846,-0.54412,-0.363072,0.91012,34.23,38.43,-36.26,Scoop,Right
1707218149847,-0.492392,-0.320128,0.883768,41.72,58.31,-31.5,Scoop,Right
1707218149892,-0.522648,-0.335744,0.874984,40.11,62.09,-24.43,Scoop,Right
1707218149892,-0.515328,-0.316712,0.801296,35.0,51.31,-21.7,Scoop,Right
1707218149893,-0.582672,-0.333792,0.738344,32.34,41.65,-25.97,Scoop,Right
1707218149940,-0.579256,-0.317688,0.732488,25.76,36.26,-27.16,Scoop,Right
1707218149940,-0.487024,-0.3538,0.723216,30.03,45.22,-29.4,Scoop,Right
1707218149940,-0.475312,-0.367464,0.77104,34.44,38.15,-28.14,Scoop,Right
1707218149986,-0.508984,-0.389424,0.809592,41.02,59.08,-22.47,Scoop,Right
1707218149987,-0.532408,-0.322568,0.768112,50.12,77.14,-19.18,Scoop,Right
1707218150034,-0.711504,-0.233264,0.777384,51.73,77.14,-20.93,Scoop,Right
1707218150035,-0.786168,-0.18056,0.635376,48.44,83.23,-20.44,Scoop,Right
1707218150035,-0.796416,-0.12932,0.586088,43.4,85.96,-16.59,Scoop,Right
1707218150088,-0.786168,-0.09272,0.523624,36.68,74.76,-16.24,Scoop,Right
1707218150089,-0.62708,-0.165432,0.515816,26.81,44.59,-12.46,Scoop,Right
1707218150089,-0.62708,-0.250832,0.567544,13.37,18.34,-7.0,Scoop,Right
1707218150144,-0.649528,-0.270352,0.596336,16.87,6.58,-9.94,Scoop,Right
1707218150144,-0.772992,-0.213256,0.654896,23.1,22.12,-9.8,Scoop,Right
1707218150144,-0.807152,-0.235216,0.692472,24.99,42.49,-5.74,Scoop,Right
1707218150187,-0.892552,-0.183976,0.60756,23.52,54.67,-1.33,Scoop,Right
1707218150188,-0.845216,-0.135176,0.521184,16.73,41.02,2.38,Scoop,Right
1707218150188,-0.869128,-0.090768,0.433832,11.55,23.31,0.7,Scoop,Right
1707218150234,-0.815936,-0.143472,0.494832,5.6,18.55,4.76,Scoop,Right
1707218150235,-0.68076,-0.176168,0.59048,2.1,7.0,1.82,Scoop,Right
1707218150235,-0.61,-0.295728,0.689056,-0.98,-6.79,7.0,Scoop,Right
1707218150284,-0.713944,-0.2684,0.67832,2.87,-2.31,2.45,Scoop,Right
1707218150285,-0.684664,-0.238144,0.640256,6.16,-0.14,2.94,Scoop,Right
1707218150331,-0.80032,-0.17324,0.579256,8.47,-6.86,-0.07,Scoop,Right
1707218150334,-0.915488,-0.137128,0.574376,7.42,-6.37,0.28,Scoop,Right
1707218150335,-0.938912,-0.130296,0.557296,3.85,2.73,2.87,Scoop,Right
1707218150377,-0.85156,-0.149328,0.540704,-0.21,2.94,2.94,Scoop,Right
1707218150377,-0.75884,-0.194224,0.557784,-4.9,-1.26,3.78,Scoop,Right
1707218150377,-0.672952,-0.206424,0.5978,-5.67,-3.99,4.06,Scoop,Right
1707218150429,-0.645624,-0.254736,0.6466,-4.13,-4.13,3.85,Scoop,Right
1707218150429,-0.63928,-0.218624,0.630984,-0.77,-4.55,1.19,Scoop,Right
1707218150429,-0.667096,-0.20252,0.548024,0.56,-18.9,0.0,Scoop,Right
1707218150559,-0.808128,-0.18788,0.511424,-0.56,-24.57,3.29,Scoop,Right
1707218150560,-0.874008,-0.125416,0.50508,-10.78,-32.2,7.91,Scoop,Right
1707218150560,-0.903776,-0.079056,0.516304,-21.84,-39.55,5.04,Scoop,Right
1707218150560,-0.894992,-0.064904,0.543144,-31.85,-46.13,5.53,Scoop,Right
1707218150560,-0.79056,-0.157136,0.66124,-31.15,-47.53,3.15,Scoop,Right
1707218150560,-0.682224,-0.170312,0.6588,-31.22,-37.8,10.36,Scoop,Right
1707218150560,-0.601216,-0.279624,0.677344,-31.5,-27.09,13.72,Scoop,Right
1707218150608,-0.571448,-0.225944,0.660752,-29.12,-43.68,6.3,Scoop,Right
1707218150608,-0.571936,-0.23424,0.704184,-26.39,-40.32,5.95,Scoop,Right
1707218150608,-0.555832,-0.238144,0.715408,-28.77,-52.5,9.24,Scoop,Right
1707218150608,-0.691008,-0.196176,0.663192,-28.98,-63.42,3.5,Scoop,Right
1707218150653,-0.8174,-0.131272,0.635376,-33.32,-61.32,6.02,Scoop,Right
1707218150653,-0.862784,-0.111752,0.61976,-35.21,-56.49,3.36,Scoop,Right
1707218150700,-0.769576,-0.168848,0.675392,-34.37,-44.66,10.29,Scoop,Right
1707218150700,-0.639768,-0.218136,0.72468,-37.94,-41.72,17.92,Scoop,Right
1707218150701,-0.513376,-0.249368,0.761768,-42.63,-39.48,18.34,Scoop,Right
1707218150747,-0.44652,-0.330376,0.759328,-42.14,-45.08,15.75,Scoop,Right
1707218150747,-0.401136,-0.277184,0.723216,-42.28,-60.13,10.85,Scoop,Right
1707218150747,-0.442128,-0.301096,0.777872,-39.76,-76.93,-1.96,Scoop,Right
1707218150799,-0.543632,-0.30012,0.833504,-41.02,-87.36,-7.28,Scoop,Right
1707218150799,-0.627568,-0.23668,0.823256,-37.59,-86.52,-8.33,Scoop,Right
1707218150799,-0.664656,-0.24888,0.811544,-37.73,-68.81,-4.27,Scoop,Right
1707218150906,-0.705648,-0.282552,0.790072,-35.42,-34.58,1.33,Scoop,Right
1707218150907,-0.63196,-0.333304,0.752008,-32.62,-9.45,9.87,Scoop,Right
1707218150907,-0.464088,-0.325496,0.706624,-34.72,-23.66,5.53,Scoop,Right
1707218150907,-0.404552,-0.396256,0.735904,-31.29,-34.23,2.73,Scoop,Right
1707218150907,-0.333304,-0.467992,0.7686,-32.9,-48.23,4.41,Scoop,Right
1707218150907,-0.306464,-0.455792,0.774944,-41.79,-67.34,8.33,Scoop,Right
1707218151008,-0.449936,-0.376736,0.792512,-46.62,-93.87,-2.8,Scoop,Right
1707218151009,-0.650992,-0.303536,0.842288,-42.42,-89.53,-2.94,Scoop,Right
1707218151009,-0.6344,-0.304512,0.909144,-29.19,-53.13,4.13,Scoop,Right
1707218151009,-0.532408,-0.342088,0.93452,-22.82,-22.05,11.55,Scoop,Right
1707218151010,-0.467992,-0.352824,0.906704,-21.56,-8.89,10.08,Scoop,Right
1707218151010,-0.427,-0.36356,0.767624,-23.1,-14.77,8.61,Scoop,Right
1707218151061,-0.349408,-0.384544,0.654408,-29.26,-30.73,9.87,Scoop,Right
1707218151061,-0.33672,-0.369904,0.610488,-39.34,-69.23,5.67,Scoop,Right
1707218151062,-0.345016,-0.38064,0.709064,-40.32,-101.99,2.8,Scoop,Right
1707218151185,-0.413824,-0.37088,0.90524,-35.49,-88.9,2.17,Scoop,Right
1707218151186,-0.34404,-0.37576,0.964288,-30.87,-71.33,7.07,Scoop,Right
1707218151186,-0.401624,-0.384056,1.003816,-27.58,-55.16,11.06,Scoop,Right
1707218151186,-0.371856,-0.344528,0.996984,-22.82,-25.41,17.64,Scoop,Right
1707218151186,-0.394792,-0.354776,0.869128,-16.52,-10.99,22.19,Scoop,Right
1707218151186,-0.34404,-0.389912,0.80276,-18.83,-23.38,19.88,Scoop,Right
1707218151186,-0.277184,-0.447984,0.729072,-25.9,-55.16,13.86,Scoop,Right
1707218151244,-0.296704,-0.443592,0.777872,-30.17,-75.46,8.05,Scoop,Right
1707218151244,-0.246928,-0.494344,0.874984,-28.56,-77.21,6.86,Scoop,Right
1707218151244,-0.208376,-0.447984,0.9394,-26.74,-85.4,7.35,Scoop,Right
1707218151244,-0.327448,-0.386984,0.986248,-17.92,-69.58,12.67,Scoop,Right
1707218151288,-0.44408,-0.260104,0.986736,-4.97,-36.33,9.1,Scoop,Right
1707218151289,-0.298168,-0.36844,1.003816,5.53,-5.04,21.77,Scoop,Right
1707218151289,-0.196664,-0.427976,1.020896,5.67,-3.78,16.24,Scoop,Right
1707218151338,-0.176656,-0.481168,0.918904,-3.01,-18.34,3.29,Scoop,Right
1707218151339,-0.13176,-0.543144,0.8296,-6.09,-27.93,-0.56,Scoop,Right
1707218151389,-0.175192,-0.567544,0.800808,-1.96,-34.44,-6.37,Scoop,Right
1707218151394,-0.226432,-0.697352,0.808616,1.33,-31.71,-5.74,Scoop,Right
1707218151396,-0.242048,-0.751032,0.82228,-0.84,-27.58,-4.06,Scoop,Right
1707218151428,-0.243512,-0.674416,0.78568,-0.21,-19.67,-7.91,Scoop,Right
1707218151428,-0.108336,-0.730048,0.857904,3.85,-15.54,-1.96,Scoop,Right
1707218151428,-0.115656,-0.674416,0.96136,2.59,-26.67,4.34,Scoop,Right
1707218151477,-0.264984,-0.53924,0.944768,1.26,-36.61,-0.63,Scoop,Right
1707218151477,-0.306952,-0.416264,0.904752,3.22,-30.1,5.53,Scoop,Right
1707218151478,-0.295728,-0.30012,0.842776,5.46,-34.09,7.63,Scoop,Right
1707218151523,-0.320616,-0.308904,0.801784,4.55,-32.83,12.6,Scoop,Right
1707218151524,-0.310368,-0.362584,0.786656,2.1,-34.51,18.27,Scoop,Right
1707218151571,-0.354288,-0.42456,0.858392,1.89,-11.83,28.84,Scoop,Right
1707218151571,-0.240096,-0.46604,0.851072,4.55,34.51,42.56,Scoop,Right
1707218151571,-0.135176,-0.486048,0.804712,6.16,48.58,46.27,Scoop,Right
1707218151619,-0.066856,-0.527528,0.867664,3.71,45.57,37.66,Scoop,Right
1707218151619,-0.01464,-0.586576,0.90524,3.99,28.98,28.35,Scoop,Right
1707218151619,-0.160064,-0.63684,0.962336,3.01,22.19,15.26,Scoop,Right
1707218151668,-0.296216,-0.558272,0.903776,4.97,58.31,10.78,Scoop,Right
1707218151668,-0.286944,-0.522648,0.789096,9.59,87.29,14.56,Scoop,Right
1707218151668,-0.379664,-0.440176,0.810568,8.68,97.72,15.26,Scoop,Right
1707218151714,-0.476288,-0.344528,0.795928,11.48,128.38,20.23,Scoop,Right
1707218151714,-0.173728,-0.388936,0.752496,24.78,113.05,20.02,Scoop,Right
1707218151714,-0.396744,-0.325984,0.821304,32.06,126.56,28.14,Scoop,Right
1707218151762,-0.432368,-0.2928,0.812032,50.4,157.78,35.91,Scoop,Right
1707218151762,-0.41724,-0.403088,0.807152,56.7,189.98,44.03,Scoop,Right
1707218151762,-0.521184,-0.404064,0.792024,34.02,166.6,40.18,Scoop,Right
1707218151812,-0.593896,-0.334768,0.694424,20.79,133.49,28.49,Scoop,Right
1707218151812,-0.545584,-0.286456,0.631472,17.01,109.55,24.78,Scoop,Right
1707218151864,-0.594872,-0.287432,0.664656,13.16,73.71,17.15,Scoop,Right
1707218151865,-0.535824,-0.2196,0.60024,12.25,35.91,9.24,Scoop,Right
1707218151865,-0.658312,-0.232288,0.687104,9.87,7.98,0.14,Scoop,Right
1707218151986,-0.701744,-0.212768,0.711992,5.11,9.87,-0.7,Scoop,Right
1707218151986,-0.760792,-0.200568,0.704672,0.98,32.34,1.54,Scoop,Right
1707218151986,-0.668072,-0.199592,0.674904,3.08,48.58,3.71,Scoop,Right
1707218151986,-0.60024,-0.25376,0.704184,8.4,46.55,-0.28,Scoop,Right
1707218151986,-0.61976,-0.261568,0.701744,12.67,29.19,-7.63,Scoop,Right
1707218151986,-0.556808,-0.301584,0.69052,15.54,-1.26,-18.13,Scoop,Right
1707218151986,-0.637328,-0.333304,0.691496,15.33,-28.14,-29.12,Scoop,Right
1707218152103,-0.794464,-0.337208,0.75396,17.15,-14.07,-29.68,Scoop,Right
1707218152104,-0.737856,-0.38308,0.772016,25.34,15.19,-24.22,Scoop,Right
1707218152104,-0.711992,-0.40504,0.799344,29.89,28.63,-23.8,Scoop,Right
1707218152104,-0.693448,-0.394304,0.763232,37.59,44.17,-18.9,Scoop,Right
1707218152104,-0.674416,-0.427,0.7076,45.64,41.23,-17.57,Scoop,Right
1707218152105,-0.661728,-0.37576,0.705648,44.45,31.57,-18.48,Scoop,Right
1707218152105,-0.723704,-0.3294,0.655872,44.31,9.94,-20.58,Scoop,Right
1707218152155,-0.817888,-0.294752,0.658312,46.27,13.09,-17.01,Scoop,Right
1707218152155,-0.79788,-0.288408,0.667584,48.72,28.84,-11.06,Scoop,Right
1707218152155,-0.764696,-0.367952,0.609512,53.27,47.6,-5.95,Scoop,Right
1707218152204,-0.726144,-0.262544,0.639768,57.68,53.27,-1.89,Scoop,Right
1707218152205,-0.774944,-0.240096,0.628056,59.71,48.23,-2.1,Scoop,Right
1707218152205,-0.67344,-0.31232,0.601704,63.0,39.9,-1.12,Scoop,Right
1707218152324,-0.732976,-0.246928,0.567544,58.45,25.34,-4.34,Scoop,Right
1707218152324,-0.786168,-0.334768,0.626592,52.43,21.42,-5.88,Scoop,Right
1707218152325,-0.811056,-0.08052,0.537776,59.08,24.22,-12.18,Scoop,Right
1707218152325,-0.752008,-0.267424,0.626104,44.66,42.42,-3.29,Scoop,Right
1707218152325,-0.90036,-0.08052,0.595848,62.02,36.96,-13.58,Scoop,Right
1707218152325,-0.696376,-0.216184,0.674416,64.19,62.37,1.47,Scoop,Right
1707218152325,-0.635376,-0.378688,0.67832,68.11,52.29,10.78,Scoop,Right
1707218152453,-0.661728,-0.39284,0.652944,55.58,14.07,3.64,Scoop,Right
1707218152453,-0.765184,-0.332816,0.589992,40.53,-18.34,-6.37,Scoop,Right
1707218152458,-0.81252,-0.243024,0.51728,48.93,-11.41,-6.72,Scoop,Right
1707218152458,-0.873032,-0.249856,0.571936,57.05,16.1,-7.63,Scoop,Right
1707218152459,-0.903776,-0.147376,0.552416,62.51,46.76,-3.15,Scoop,Right
1707218152461,-0.922808,-0.104432,0.620248,71.12,76.51,-0.49,Scoop,Right
1707218152461,-0.764696,-0.190808,0.669048,76.02,85.61,3.64,Scoop,Right
1707218152492,-0.757864,-0.183,0.598288,71.68,67.97,5.18,Scoop,Right
1707218152493,-0.726632,-0.205936,0.530944,72.94,48.58,7.91,Scoop,Right
1707218152493,-0.716384,-0.205936,0.464576,71.75,18.55,6.93,Scoop,Right
1707218152539,-0.809104,-0.193736,0.467992,69.86,-12.18,3.01,Scoop,Right
1707218152539,-0.916464,-0.119072,0.476776,67.2,-3.43,-0.49,Scoop,Right
1707218152539,-0.97112,-0.04392,0.443592,64.47,31.78,2.73,Scoop,Right
1707218152585,-0.990152,0.072712,0.408456,64.47,63.91,3.92,Scoop,Right
1707218152585,-0.911584,0.075152,0.422608,63.49,81.62,4.55,Scoop,Right
1707218152585,-0.743224,-0.003904,0.447984,54.18,68.74,10.15,Scoop,Right
1707218152635,-0.778848,0.018056,0.375272,45.22,18.48,11.2,Scoop,Right
1707218152636,-0.865224,0.061,0.328424,34.02,-15.96,8.19,Scoop,Right
1707218152636,-0.880352,0.000976,0.376736,28.77,-18.83,10.99,Scoop,Right
1707218152683,-0.856928,-0.00976,0.40748,28.98,-13.16,10.64,Scoop,Right
1707218152683,-0.9272,0.020496,0.393328,31.29,7.35,12.95,Scoop,Right
1707218152683,-0.834968,-0.022936,0.425048,28.0,18.83,11.83,Scoop,Right
1707218152733,-0.8784,-0.031232,0.410408,20.65,1.12,5.39,Scoop,Right
1707218152733,-0.88816,0.012688,0.406992,11.69,-8.89,0.63,Scoop,Right
1707218152854,-0.903776,0.093208,0.321592,13.79,-8.68,-1.05,Scoop,Right
1707218152854,-0.849608,-0.048312,0.386496,3.57,-20.37,1.19,Scoop,Right
1707218152854,-0.877912,0.056608,0.336232,2.52,-24.36,1.75,Scoop,Right
1707218152854,-0.872056,0.01708,0.395768,4.9,-24.36,0.0,Scoop,Right
1707218152854,-0.892552,-0.017568,0.435784,7.28,-20.02,-0.14,Scoop,Right
1707218152855,-0.865712,-0.044896,0.483608,3.36,-21.77,-0.56,Scoop,Right
1707218152855,-0.9028,-0.009272,0.411872,0.91,-19.11,-1.82,Scoop,Right
1707218152898,-0.891576,-0.022448,0.353312,-3.08,-15.47,-3.85,Scoop,Right
1707218152899,-0.87352,0.025864,0.308904,-7.28,-23.87,-5.6,Scoop,Right
1707218152899,-0.871568,0.020008,0.32696,-10.01,-23.87,-5.6,Scoop,Right
1707218152946,-0.892552,0.044408,0.37332,-13.3,-35.0,-4.76,Scoop,Right
1707218152947,-0.876936,0.069296,0.474824,-18.41,-43.33,-2.8,Scoop,Right
1707218152947,-0.908168,0.059048,0.588528,-24.29,-28.77,-0.42,Scoop,Right
1707218152991,-0.892552,0.046848,0.593896,-29.33,-12.74,-2.8,Scoop,Right
1707218152991,-0.817888,0.003904,0.506056,-32.55,-8.68,-3.22,Scoop,Right
1707218152992,-0.822768,-0.016592,0.427,-41.09,-16.94,-3.15,Scoop,Right
1707218153036,-0.815448,0.071736,0.343552,-44.17,-10.64,3.99,Scoop,Right
1707218153036,-0.831552,0.058072,0.340136,-33.53,-22.75,-4.69,Scoop,Right
1707218153093,-0.850584,-0.030256,0.508984,-39.69,-39.9,-14.14,Scoop,Right
1707218153093,-0.790072,-0.055144,0.571448,-41.37,-40.18,-12.67,Scoop,Right
1707218153093,-0.755424,-0.088328,0.577792,-52.29,-37.66,-6.09,Scoop,Right
1707218153152,-0.752984,-0.067832,0.56364,-61.67,-61.04,-10.85,Scoop,Right
1707218153152,-0.784216,-0.063928,0.508984,-67.27,-63.84,-9.73,Scoop,Right
1707218153152,-0.774456,-0.033184,0.468968,-62.02,-56.49,-10.15,Scoop,Right
1707218153152,-0.81496,-0.079544,0.595848,-44.24,-56.98,-15.96,Scoop,Right
1707218153261,-0.765184,-0.173728,0.827648,-50.75,-37.52,-4.27,Scoop,Right
1707218153262,-0.660264,-0.200568,0.73444,-49.35,-24.15,-0.7,Scoop,Right
1707218153262,-0.680272,-0.181536,0.684664,-64.19,-68.39,-2.31,Scoop,Right
1707218153262,-0.7442,-0.077592,0.545096,-67.06,-87.29,-10.78,Scoop,Right
1707218153262,-0.78812,-0.079056,0.478728,-67.34,-102.06,-6.23,Scoop,Right
1707218153262,-0.818376,-0.154696,0.581208,-64.82,-98.42,-8.54,Scoop,Right
1707218153263,-0.752008,-0.15616,0.70028,-71.33,-94.99,-10.29,Scoop,Right
1707218153363,-0.804712,-0.124928,0.803736,-79.8,-67.34,-4.62,Scoop,Right
1707218153363,-0.539728,-0.244976,0.851072,-71.89,-33.67,3.99,Scoop,Right
1707218153363,-0.554368,-0.267424,0.769088,-63.84,-34.16,8.47,Scoop,Right
1707218153363,-0.587064,-0.36356,0.737368,-55.16,-42.49,2.45,Scoop,Right
1707218153363,-0.504592,-0.414312,0.711504,-52.85,-59.64,-0.7,Scoop,Right
1707218153363,-0.575352,-0.355264,0.679296,-61.81,-65.59,4.76,Scoop,Right
1707218153412,-0.632936,-0.338672,0.736392,-57.4,-73.01,-0.7,Scoop,Right
1707218153413,-0.71248,-0.279624,0.772016,-56.49,-41.3,8.61,Scoop,Right
1707218153413,-0.64172,-0.287432,0.815936,-52.22,-23.73,9.24,Scoop,Right
1707218153465,-0.521184,-0.335256,0.815936,-38.15,-11.69,12.11,Scoop,Right
1707218153466,-0.479704,-0.413824,0.857416,-37.31,-14.49,23.87,Scoop,Right
1707218153574,-0.550464,-0.382104,0.781776,-40.53,-37.38,20.72,Scoop,Right
1707218153574,-0.652456,-0.377712,0.635376,-37.66,-56.07,11.55,Scoop,Right
1707218153574,-0.704672,-0.377224,0.677832,-43.4,-50.05,14.77,Scoop,Right
1707218153574,-0.652456,-0.423584,0.736392,-35.91,-14.98,23.17,Scoop,Right
1707218153574,-0.640744,-0.365024,0.763232,-41.23,-5.39,13.02,Scoop,Right
1707218153575,-0.487024,-0.416752,0.774944,-31.5,2.66,16.31,Scoop,Right
1707218153575,-0.460184,-0.434808,0.809592,-25.41,-13.65,14.35,Scoop,Right
1707218153672,-0.523624,-0.404552,0.875472,-36.75,-38.36,7.98,Scoop,Right
1707218153672,-0.62464,-0.469456,0.835944,-30.73,-35.98,4.97,Scoop,Right
1707218153672,-0.571448,-0.424072,0.800808,-36.96,-29.33,17.57,Scoop,Right
1707218153672,-0.584136,-0.443592,0.7442,-47.67,-33.04,20.44,Scoop,Right
1707218153673,-0.667096,-0.318176,0.67344,-46.41,-31.5,15.05,Scoop,Right
1707218153673,-0.622688,-0.305488,0.714432,-32.55,-14.35,12.25,Scoop,Right
1707218153729,-0.474824,-0.341112,0.789096,-32.62,-15.12,8.33,Scoop,Right
1707218153729,-0.47336,-0.3172,0.794952,-32.48,-29.4,-2.45,Scoop,Right
1707218153730,-0.48068,-0.220576,0.78812,-34.79,-41.09,-5.6,Scoop,Right
1707218153861,-0.514352,-0.235216,0.809104,-23.94,-43.61,-9.38,Scoop,Right
1707218153862,-0.496784,-0.285968,0.8662,-17.85,-37.17,-9.38,Scoop,Right
1707218153862,-0.547536,-0.33916,0.86864,-15.96,-49.35,-16.1,Scoop,Right
1707218153862,-0.603168,-0.345992,0.81008,-13.65,-52.36,-24.57,Scoop,Right
1707218153862,-0.456768,-0.385032,0.859368,-7.42,-47.11,-34.09,Scoop,Right
1707218153862,-0.301096,-0.476288,0.875472,-0.49,-37.24,-36.12,Scoop,Right
1707218153863,-0.281088,-0.50752,0.848632,2.59,-32.55,-31.71,Scoop,Right
1707218153912,-0.30988,-0.521672,0.830576,9.38,-33.46,-28.35,Scoop,Right
1707218153912,-0.325496,-0.482632,0.850096,15.19,-22.33,-23.73,Scoop,Right
1707218153913,-0.429928,-0.40016,0.84912,23.1,-15.4,-21.56,Scoop,Right
1707218153913,-0.493856,-0.39772,0.889624,28.28,5.18,-16.59,Scoop,Right
1707218153960,-0.503128,-0.380152,0.894992,35.7,37.73,-13.51,Scoop,Right
1707218153961,-0.318664,-0.422608,0.90524,34.79,42.91,-16.24,Scoop,Right
1707218153961,-0.284504,-0.393816,0.804712,36.05,28.49,-22.4,Scoop,Right
1707218154010,-0.297192,-0.394304,0.833504,39.2,17.78,-23.94,Scoop,Right
1707218154010,-0.335256,-0.44896,0.833016,43.12,0.35,-26.88,Scoop,Right
1707218154127,-0.428464,-0.411384,0.860832,44.45,-1.82,-27.51,Scoop,Right
1707218154127,-0.545096,-0.40748,0.870104,45.99,16.17,-24.99,Scoop,Right
1707218154127,-0.539728,-0.379176,0.90524,50.54,43.47,-23.03,Scoop,Right
1707218154127,-0.419192,-0.394792,0.91256,54.46,73.92,-19.88,Scoop,Right
1707218154128,-0.350384,-0.414312,0.847168,57.33,64.33,-19.95,Noise,Unknown
1707218154128,-0.343552,-0.38552,0.801784,57.19,51.03,-24.01,Noise,Unknown
1707218154128,-0.380152,-0.372832,0.74908,56.0,33.46,-27.02,Noise,Unknown
1707218154179,-0.422608,-0.364536,0.732976,55.02,26.04,-25.97,Noise,Unknown
1707218154179,-0.484584,-0.384056,0.743224,55.51,32.62,-21.98,Noise,Unknown
1707218154179,-0.519232,-0.332328,0.745664,51.8,32.06,-27.37,Noise,Unknown
1707218154225,-0.529968,-0.2806,0.78812,48.93,46.34,-29.54,Noise,Unknown
1707218154225,-0.5612,-0.251808,0.736392,49.42,52.22,-32.97,Noise,Unknown
1707218154226,-0.54656,-0.224968,0.732488,45.29,53.2,-27.58,Noise,Unknown
