timestamp,acc_x,acc_y,acc_z,gyro_x,gyro_y,gyro_z,Motion,Hand
1677415630392,-0.945744,-0.165432,-0.309392,2.66,-1.05,-2.59,Noise,Unknown
1677415630392,-0.94428,-0.170312,-0.306952,3.15,-2.17,-2.03,Noise,Unknown
1677415630394,-0.950624,-0.16836,-0.29768,2.8,-4.41,-1.68,Noise,Unknown
1677415630394,-0.947208,-0.155184,-0.28304,2.1,-5.25,-1.12,Noise,Unknown
1677415630394,-0.939888,-0.150792,-0.272304,0.63,-3.99,-0.35,Noise,Unknown
1677415630394,-0.946232,-0.146888,-0.28792,1.33,-2.03,-0.77,Noise,Unknown
1677415630516,-0.939888,-0.146888,-0.298168,2.1,-1.82,-2.1,Noise,Unknown
1677415630517,-0.941352,-0.154696,-0.296216,3.92,-0.91,-3.15,Noise,Unknown
1677415630517,-0.929152,-0.16104,-0.29036,3.43,0.07,-1.54,Noise,Unknown
1677415630517,-0.928176,-0.161528,-0.290848,2.1,1.47,1.26,Noise,Unknown
1677415630517,-0.926712,-0.159088,-0.296216,-1.19,2.17,3.08,Noise,Unknown
1677415630517,-0.952576,-0.164456,-0.300608,0.42,4.76,2.45,Stab,Right
1677415630517,-0.915976,-0.155672,-0.331352,-1.54,3.22,-0.84,Stab,Right
1677415630576,-0.948672,-0.150792,-0.344528,2.66,5.18,-0.56,Stab,Right
1677415630579,-0.96136,-0.161528,-0.363072,-1.68,3.15,-0.63,Stab,Right
1677415630579,-0.967704,-0.169824,-0.344528,-1.61,-0.49,-2.03,Stab,Right
1677415630579,-0.93452,-0.171288,-0.326472,-0.56,-0.98,-3.22,Stab,Right
1677415630701,-0.908168,-0.172752,-0.293288,-0.63,-0.77,-2.94,Stab,Right
1677415630701,-0.869128,-0.181048,-0.260104,-3.43,2.31,-2.03,Stab,Right
1677415630701,-0.882792,-0.173728,-0.237656,-3.22,10.64,0.42,Stab,Right
1677415630701,-0.857416,-0.164456,-0.277672,-6.79,17.71,2.8,Stab,Right
1677415630702,-0.89304,-0.162992,-0.33184,-3.43,22.05,6.37,Stab,Right
1677415630702,-0.88328,-0.140544,-0.347944,-1.12,20.58,7.28,Stab,Right
1677415630702,-0.89792,-0.13664,-0.342576,-2.66,10.64,3.36,Stab,Right
1677415630807,-0.93208,-0.162992,-0.330376,-2.66,4.06,3.36,Stab,Right
1677415630807,-0.92232,-0.169824,-0.30012,-3.08,3.43,4.83,Stab,Right
1677415630808,-0.91256,-0.174216,-0.305976,-5.53,4.9,9.73,Stab,Right
1677415630808,-0.91988,-0.146888,-0.338672,-8.47,10.29,15.54,Stab,Right
1677415630808,-0.919392,-0.128832,-0.37332,-7.07,16.66,22.12,Stab,Right
1677415630808,-0.91988,-0.101504,-0.389912,-7.91,18.27,24.29,Stab,Right
1677415630903,-0.893528,-0.064904,-0.40748,-10.08,18.83,23.45,Stab,Right
1677415630904,-0.889136,-0.053192,-0.416752,-10.43,17.57,21.91,Stab,Right
1677415630904,-0.87108,-0.06344,-0.427976,-12.74,16.94,21.0,Stab,Right
1677415630904,-0.889136,-0.071248,-0.441152,-13.58,16.66,20.65,Stab,Right
1677415630904,-0.8784,-0.067832,-0.427976,-13.23,18.27,21.07,Stab,Right
1677415630904,-0.866688,-0.070272,-0.418704,-17.43,19.39,22.68,Stab,Right
1677415630957,-0.882792,-0.084424,-0.438224,-16.17,20.51,26.53,Stab,Right
1677415630957,-0.88328,-0.047824,-0.460184,-17.57,22.19,30.59,Stab,Right
1677415630957,-0.425048,0.879376,-1.748016,-16.38,16.66,30.73,Stab,Right
1677415631076,-0.854488,0.313296,-0.840336,-23.52,-68.18,-21.49,Stab,Right
1677415631077,-1.0736,0.030744,-0.402112,-14.49,-81.55,-40.74,Stab,Right
1677415631077,-0.976488,-0.123464,-0.302072,-19.25,-46.76,-15.96,Stab,Right
1677415631077,-0.89304,-0.17812,-0.269376,-7.21,-10.36,9.59,Stab,Right
1677415631077,-0.849608,-0.12444,-0.309392,-9.17,1.19,22.4,Stab,Right
1677415631077,-0.869128,-0.128344,-0.223992,-5.46,-1.19,29.4,Stab,Right
1677415631077,-0.928176,0.018544,-0.296216,66.29,54.46,-3.08,Stab,Right
1677415631212,-0.884256,0.117608,-0.432856,-7.21,67.48,-30.1,Stab,Right
1677415631212,-0.915488,-0.016592,-0.485072,34.02,23.66,-27.72,Stab,Right
1677415631213,-0.901824,-0.08296,-0.520208,22.05,-16.45,-33.46,Stab,Right
1677415631213,-0.992104,-0.09516,-0.476776,31.57,-43.47,-30.87,Stab,Right
1677415631213,-1.071648,-0.11712,-0.450912,15.54,-58.59,-18.06,Stab,Right
1677415631213,-0.988688,-0.08052,-0.340624,18.41,-59.5,4.34,Stab,Right
1677415631213,-0.9882,-0.07564,-0.335744,10.5,-53.62,27.58,Stab,Right
1677415631213,-1.067256,-0.096624,-0.30988,-1.12,-47.53,42.49,Stab,Right
1677415631316,-1.028216,-0.091744,-0.276696,-15.54,-45.08,48.23,Stab,Right
1677415631316,-0.996496,-0.080032,-0.283528,-15.96,-46.13,54.67,Stab,Right
1677415631316,-0.946232,-0.02196,-0.316224,-5.95,-47.18,60.27,Stab,Right
1677415631316,-0.882304,0.00244,-0.347944,16.52,-40.46,65.87,Stab,Right
1677415631316,-1.074088,-0.023424,-0.348432,-1.75,-31.43,70.42,Stab,Right
1677415631316,-1.001376,-0.013176,-0.239608,-18.76,-30.66,60.34,Stab,Right
1677415631316,-0.851072,0.069296,-0.216672,-3.01,-32.83,48.51,Stab,Right
1677415631418,-0.908168,0.050264,-0.236192,7.14,-35.63,33.18,Stab,Right
1677415631418,-0.977464,-0.010736,-0.233264,11.41,-43.96,16.94,Stab,Right
1677415631418,-0.992592,0.014152,-0.218624,25.2,-56.14,-0.56,Stab,Right
1677415631418,-1.008696,-0.028304,-0.263032,35.21,-60.9,-23.66,Stab,Right
1677415631418,-1.001864,-0.048312,-0.25376,52.22,-57.26,-61.67,Stab,Right
1677415631418,-0.947208,0.022936,-0.143472,61.11,-55.72,-91.63,Stab,Right
1677415631522,-0.9394,0.029768,-0.068808,56.14,-68.6,-97.44,Stab,Right
1677415631522,-0.975512,0.033184,-0.036112,35.63,-82.53,-85.61,Stab,Right
1677415631523,-0.94916,0.010736,-0.013664,20.3,-89.81,-63.14,Stab,Right
1677415631523,-0.930128,-0.020984,-0.073688,35.7,-88.27,-37.59,Stab,Right
1677415631523,-0.991128,-0.040992,-0.130784,60.41,-76.93,-22.12,Stab,Right
1677415631523,-0.947208,-0.04636,-0.15128,72.8,-50.4,-20.72,Stab,Right
1677415631621,-0.920856,-0.098088,-0.1342,69.51,-22.12,-34.02,Stab,Right
1677415631621,-0.976976,-0.215696,-0.20008,49.77,12.18,-55.72,Stab,Right
1677415631621,-0.935008,-0.093696,-0.084912,82.04,48.23,-85.4,Stab,Right
1677415631621,-0.941352,-0.078568,-0.0244,103.11,42.98,-91.7,Stab,Right
1677415631622,-0.930128,-0.005856,0.005856,137.06,12.74,-101.5,Stab,Right
1677415631725,-0.839848,-0.033672,-0.04148,102.13,-25.55,-88.27,Stab,Right
1677415631725,-0.903288,-0.084424,-0.181536,77.14,-46.34,-43.05,Stab,Right
1677415631725,-0.793976,-0.38064,-0.1708,52.29,-52.57,-4.69,Stab,Right
1677415631725,-0.945256,-0.313296,-0.149816,-52.29,-61.39,22.89,Stab,Right
1677415631725,-0.9882,-0.277184,-0.075152,-78.19,-63.35,33.74,Stab,Right
1677415631725,-0.905728,-0.216672,-0.011712,-94.15,-63.7,26.25,Stab,Right
1677415631826,-0.856928,-0.208376,0.01464,-114.24,-66.71,8.12,Stab,Right
1677415631826,-0.88084,-0.206424,-0.029768,-133.63,-72.59,-13.37,Stab,Right
1677415631827,-1.028704,-0.1708,0.017568,-143.29,-76.65,-20.72,Stab,Right
1677415631827,-1.01016,-0.096136,0.110288,-156.8,-73.78,-9.66,Stab,Right
1677415631827,-0.976488,-0.077104,0.09516,-125.09,-63.14,3.92,Stab,Right
1677415631827,-1.017968,-0.130784,0.0976,-97.79,-48.58,12.11,Stab,Right
1677415631932,-0.992592,-0.132736,0.119072,-88.97,-35.7,14.98,Stab,Right
1677415631932,-1.008208,-0.11224,0.10492,-65.8,-26.25,17.92,Stab,Right
1677415631932,-0.943304,-0.143472,0.071248,-36.68,-17.92,17.43,Stab,Right
1677415631933,-0.970632,-0.090768,0.075152,-28.7,-12.32,9.03,Stab,Right
1677415631933,-1.018944,-0.111752,0.06832,-17.5,-3.99,-0.63,Stab,Right
1677415631933,-0.964776,-0.144936,0.03172,-18.2,2.52,-8.61,Stab,Right
1677415631933,-1.006744,-0.147376,0.040504,-23.38,4.41,-17.64,Stab,Right
1677415632032,-1.006744,-0.179096,0.021472,-10.64,3.99,-21.07,Stab,Right
1677415632032,-1.023336,-0.253272,0.01952,-2.94,-4.62,-21.14,Stab,Right
1677415632032,-0.99308,-0.228872,0.028304,4.97,-17.08,-19.18,Stab,Right
1677415632032,-0.996984,-0.221064,0.027816,14.84,-26.88,-16.59,Stab,Right
1677415632032,-0.91256,-0.223992,-0.015616,19.88,-32.97,-18.48,Stab,Right
1677415632133,-0.9516,-0.218136,0.020008,8.61,-40.67,-19.04,Stab,Right
1677415632133,-0.99796,-0.176656,0.121512,-9.73,-53.83,-27.02,Stab,Right
1677415632134,-1.011136,-0.25864,0.0732,11.2,-41.72,-32.55,Stab,Right
1677415632134,-0.883768,-0.291336,0.08052,0.91,-38.08,-37.59,Stab,Right
1677415632134,-1.049688,-0.247416,0.142008,20.72,-52.71,-47.88,Stab,Right
1677415632134,-0.933056,-0.24888,0.131272,43.19,-72.59,-48.65,Stab,Right
1677415632188,-0.950136,-0.244,0.199592,17.78,-65.94,-28.49,Stab,Right
1677415632188,-0.921832,-0.231312,0.299632,-4.13,-41.65,-12.46,Stab,Right
1677415632188,-0.875472,-0.313296,0.298168,-9.17,-14.56,-0.14,Stab,Right
1677415632188,-0.892064,-0.294752,0.274744,-5.32,-1.26,9.24,Stab,Right
1677415632323,-0.921832,-0.238144,0.167384,13.58,4.97,18.06,Stab,Right
1677415632323,-1.004304,-0.142496,-0.020008,22.82,12.74,27.02,Stab,Right
1677415632323,-1.04676,-0.09516,-0.131272,1.26,18.48,34.23,Stab,Right
1677415632323,-1.031632,-0.157624,-0.02196,-40.18,6.09,23.24,Stab,Right
1677415632324,-0.990152,-0.3294,0.1952,-58.59,-19.11,-10.85,Stab,Right
1677415632324,-0.950136,-0.55388,0.4392,-38.43,-42.0,-44.31,Stab,Right
1677415632324,-0.904752,-0.73444,0.654896,8.33,-57.54,-52.64,Stab,Right
1677415632387,-0.872544,-0.769576,0.709552,54.39,-46.2,-18.27,Stab,Right
1677415632387,-0.869616,-0.57828,0.582672,66.29,0.77,44.94,Stab,Right
1677415632387,-0.898408,-0.332816,0.321104,43.89,60.34,105.56,Stab,Right
1677415632387,-0.998936,-0.010248,-0.033672,21.56,106.68,145.74,Stab,Right
1677415632512,-1.073112,0.334768,-0.4148,13.86,113.68,137.48,Stab,Right
1677415632512,-1.069208,0.477264,-0.686128,6.51,60.48,73.78,Stab,Right
1677415632512,-1.05652,0.316224,-0.551928,-48.09,-24.71,-11.83,Stab,Right
1677415632512,-1.018944,0.037576,-0.15616,-65.52,-93.1,-78.05,Stab,Right
1677415632512,-0.870104,-0.32696,0.323544,-53.9,-131.67,-109.55,Stab,Right
1677415632513,-0.73932,-0.61976,0.82228,-28.77,-140.42,-99.96,Stab,Right
1677415632513,-0.687104,-0.808616,1.084336,2.38,-95.62,-55.44,Stab,Right
1677415632647,-0.699792,-0.833016,1.047736,20.37,-14.77,9.52,Stab,Right
1677415632647,-0.76616,-0.562664,0.74664,28.63,67.97,77.56,Stab,Right
1677415632648,-1.00772,-0.19032,0.246928,33.32,117.53,122.43,Stab,Right
1677415632648,-1.21024,0.244488,-0.313784,34.16,134.33,131.53,Stab,Right
1677415632648,-1.264896,0.497272,-0.86376,27.3,114.1,91.63,Stab,Right
1677415632648,-1.160952,0.50508,-0.955504,-33.39,30.45,26.53,Stab,Right
1677415632648,-1.047736,0.377224,-0.47336,-89.39,-65.45,-37.31,Stab,Right
1677415632648,-0.820328,0.023912,0.099552,-88.41,-125.44,-86.66,Stab,Right
1677415632697,-0.66856,-0.352336,0.685152,-78.47,-141.12,-107.03,Stab,Right
1677415632698,-0.662216,-0.709064,1.033584,-48.3,-109.69,-88.76,Stab,Right
1677415632698,-0.735904,-0.915488,1.03944,-10.08,-28.7,-40.81,Stab,Right
1677415632698,-0.81984,-0.71492,0.774456,13.72,33.6,22.75,Stab,Right
1677415632834,-1.015528,-0.37332,0.316712,32.06,64.12,75.95,Stab,Right
1677415632834,-1.228296,0.0244,-0.189832,46.13,71.47,99.26,Stab,Right
1677415632835,-1.321504,0.386008,-0.674416,42.91,59.78,86.66,Stab,Right
1677415632835,-1.172176,0.508984,-0.791536,9.66,6.58,43.4,Stab,Right
1677415632835,-0.953552,0.415288,-0.342088,-40.39,-70.49,-14.0,Stab,Right
1677415632835,-0.7442,0.033672,0.27084,-50.33,-131.95,-77.14,Stab,Right
1677415632835,-0.604632,-0.388448,0.82716,-18.97,-154.14,-122.57,Stab,Right
1677415632957,-0.61976,-0.781288,1.123376,12.67,-133.14,-117.25,Stab,Right
1677415632957,-0.674416,-0.942816,1.01748,35.21,-66.85,-58.8,Stab,Right
1677415632957,-0.851072,-0.7076,0.74176,69.58,21.98,22.96,Stab,Right
1677415632957,-1.21512,-0.361608,0.117608,66.08,77.56,86.31,Stab,Right
1677415632958,-1.417152,0.203984,-0.459208,48.23,102.97,130.27,Stab,Right
1677415632958,-1.324432,0.744688,-0.87352,46.9,79.66,134.4,Stab,Right
1677415632958,-0.861808,0.747128,-0.809592,-3.71,-0.77,52.22,Stab,Right
1677415632958,-0.635864,0.515328,-0.055632,-68.11,-120.75,-60.41,Stab,Right
1677415633014,-0.547048,-0.044896,0.581696,-63.77,-186.27,-152.53,Stab,Right
1677415633015,-0.488976,-0.569984,1.053592,-20.86,-193.97,-180.39,Stab,Right
1677415633015,-0.57096,-1.009184,1.295152,18.76,-131.95,-131.67,Stab,Right
1677415633139,-0.554368,-1.068232,1.192184,35.56,-30.73,-16.17,Stab,Right
1677415633139,-0.894504,-0.854488,0.740296,45.43,69.65,77.28,Stab,Right
1677415633139,-1.112152,-0.268888,0.198128,47.46,113.96,127.89,Stab,Right
1677415633139,-1.340048,0.276696,-0.357216,78.26,121.66,152.46,Stab,Right
1677415633139,-1.165344,0.632448,-0.789584,68.6,85.96,124.18,Stab,Right
1677415633141,-0.897432,0.553392,-0.615856,-8.12,-5.46,37.73,Stab,Right
1677415633141,-0.7442,0.415288,0.115656,-81.55,-112.28,-55.44,Stab,Right
1677415633261,-0.515328,-0.026352,0.759328,-69.16,-169.61,-114.1,Stab,Right
1677415633262,-0.47824,-0.521672,1.201456,-25.76,-158.13,-124.11,Stab,Right
1677415633262,-0.560712,-0.898896,1.341024,12.18,-78.82,-76.02,Stab,Right
1677415633262,-0.765672,-0.76128,1.073112,24.5,21.07,16.38,Stab,Right
1677415633262,-1.059448,-0.463112,0.574864,25.06,83.23,73.64,Stab,Right
1677415633262,-1.288808,0.010248,-0.072712,36.68,98.56,97.65,Stab,Right
1677415633262,-1.340536,0.403576,-0.523624,40.11,67.97,85.47,Stab,Right
1677415633262,-1.096536,0.50996,-0.573888,1.19,-6.09,40.81,Stab,Right
1677415633363,-0.899872,0.434808,-0.179584,-38.92,-93.45,-12.81,Stab,Right
1677415633363,-0.656848,0.122,0.367952,-40.11,-145.74,-63.77,Stab,Right
1677415633363,-0.427488,-0.247904,1.05652,-20.93,-154.56,-81.69,Stab,Right
1677415633363,-0.315248,-0.654408,1.426912,13.79,-115.78,-59.71,Stab,Right
1677415633363,-0.30744,-0.759328,1.419592,29.68,-44.8,-17.29,Stab,Right
1677415633363,-0.577304,-0.501664,1.146312,37.87,25.34,14.21,Stab,Right
1677415633468,-1.06384,-0.2562,0.542168,48.86,75.88,26.46,Stab,Right
1677415633468,-1.404952,0.015128,-0.224968,44.45,87.85,30.87,Stab,Right
1677415633468,-1.607472,0.461648,-0.630496,35.35,48.79,42.35,Stab,Right
1677415633468,-1.31272,0.577792,-0.562176,-0.91,-30.1,45.5,Stab,Right
1677415633468,-0.858392,0.438712,0.000976,-40.74,-107.87,6.86,Stab,Right
1677415633468,-0.431392,0.084912,0.70272,-44.24,-152.18,-54.88,Stab,Right
1677415633568,-0.235704,-0.30744,1.352736,-19.53,-150.85,-77.49,Stab,Right
1677415633568,-0.18056,-0.643184,1.4396,4.2,-94.36,-56.42,Stab,Right
1677415633568,-0.345992,-0.687592,1.289296,27.44,-22.61,-16.38,Stab,Right
1677415633568,-0.772992,-0.533872,0.905728,31.01,40.04,15.61,Stab,Right
1677415633568,-1.184376,-0.302072,0.3904,27.37,77.84,52.08,Stab,Right
1677415633568,-1.40056,0.032696,-0.141032,32.55,78.33,51.52,Stab,Right
1677415633669,-1.289296,0.293288,-0.324032,18.27,13.93,53.55,Stab,Right
1677415633669,-0.879864,0.370392,0.067344,-16.38,-73.99,24.57,Stab,Right
1677415633669,-0.55388,0.17324,0.577792,-23.73,-128.31,-27.37,Stab,Right
1677415633669,-0.289384,-0.14396,1.03456,-19.53,-128.31,-68.67,Stab,Right
1677415633669,-0.27572,-0.434808,1.287344,-4.13,-85.61,-60.55,Stab,Right
1677415633669,-0.4392,-0.416264,1.173152,15.19,-6.02,-18.97,Stab,Right
1677415633771,-0.77348,-0.305488,0.813496,0.91,52.36,15.05,Stab,Right
1677415633772,-1.197552,-0.093696,0.315736,18.62,82.81,31.22,Stab,Right
1677415633772,-1.311256,0.122976,-0.015128,12.95,72.03,42.35,Stab,Right
1677415633772,-1.07116,0.155184,0.055632,-13.58,6.3,37.1,Stab,Right
1677415633772,-0.792024,0.07808,0.579744,-23.94,-86.17,5.04,Stab,Right
1677415633772,-0.541192,-0.118096,0.91012,-11.13,-97.86,-28.49,Stab,Right
1677415633876,-0.477752,-0.284992,1.05164,12.46,-71.12,-37.73,Stab,Right
1677415633876,-0.523136,-0.29524,0.992592,22.4,-19.6,-15.68,Stab,Right
1677415633876,-0.700768,-0.232288,0.83936,15.12,18.9,34.79,Stab,Right
1677415633877,-0.838872,-0.07808,0.620248,17.78,39.62,31.64,Stab,Right
1677415633877,-0.915,0.062464,0.381128,19.32,37.24,26.88,Stab,Right
1677415633877,-0.914024,0.159576,0.293776,13.93,7.0,11.69,Stab,Right
1677415633976,-0.89792,0.089792,0.35136,7.42,-32.48,-11.55,Stab,Right
1677415633977,-0.890112,-0.066856,0.511424,2.59,-56.7,-29.26,Stab,Right
1677415633977,-0.768112,-0.193248,0.716384,3.29,-63.84,-25.76,Stab,Right
1677415633977,-0.64904,-0.264008,0.913536,7.0,-52.01,-8.19,Stab,Right
1677415633977,-0.593408,-0.191296,0.915,18.83,-22.33,10.29,Stab,Right
1677415633977,-0.623176,-0.073688,0.8052,21.56,2.94,16.38,Stab,Right
1677415634025,-0.704672,0.000488,0.67344,22.4,10.29,13.79,Stab,Right
1677415634026,-0.778848,0.001952,0.58072,20.86,0.91,7.56,Stab,Right
1677415634026,-0.752496,0.023424,0.5978,13.93,-11.69,2.87,Stab,Right
1677415634159,-0.750544,0.012688,0.631472,12.39,-12.74,0.0,Stab,Right
1677415634159,-0.745664,0.020984,0.624152,10.85,-9.52,0.14,Stab,Right
1677415634159,-0.728096,0.020984,0.625128,8.61,-11.2,1.68,Stab,Right
1677415634159,-0.709552,-0.011224,0.678808,12.11,-19.18,-3.57,Stab,Right
1677415634159,-0.704672,-0.08052,0.737856,15.4,-13.93,-3.22,Stab,Right
1677415634159,-0.725656,-0.103944,0.733952,10.15,-0.84,2.38,Stab,Right
1677415634159,-0.775432,-0.11224,0.711504,6.09,3.29,4.55,Stab,Right
1677415634284,-0.752984,-0.10248,0.6954,11.55,2.38,0.77,Stab,Right
1677415634284,-0.695888,-0.061,0.696376,22.96,-3.36,-5.95,Stab,Right
1677415634284,-0.642208,-0.008784,0.698328,26.46,-9.87,-7.42,Stab,Right
1677415634285,-0.62952,0.035624,0.688568,22.4,-13.16,-5.67,Stab,Right
1677415634285,-0.66368,0.047824,0.691496,9.73,-10.57,-2.24,Stab,Right
1677415634285,-0.687104,0.021472,0.6954,-6.44,-3.43,-0.28,Stab,Right
1677415634285,-0.72956,-0.005856,0.694912,-11.69,2.03,-1.68,Stab,Right
1677415634285,-0.756888,-0.020008,0.6832,-6.65,5.6,-5.81,Stab,Right
1677415634387,-0.805688,-0.057096,0.68808,5.81,2.38,-11.76,Stab,Right
1677415634387,-0.787144,-0.066368,0.725168,10.78,0.21,-13.3,Stab,Right
1677415634387,-0.735904,-0.085888,0.746152,9.24,5.25,-9.87,Stab,Right
1677415634387,-0.660752,-0.10004,0.782264,5.95,12.6,-7.35,Stab,Right
1677415634387,-0.639768,-0.088816,0.794952,6.37,19.81,-2.45,Stab,Right
1677415634387,-0.70272,-0.028304,0.701256,5.25,35.63,5.46,Stab,Right
1677415634488,-0.729072,0.033672,0.579744,-1.96,55.3,16.52,Stab,Right
1677415634488,-0.786656,0.072712,0.50996,-8.33,55.23,19.53,Stab,Right
1677415634488,-0.777384,0.099552,0.495808,-5.25,39.48,7.77,Stab,Right
1677415634488,-0.770552,0.089792,0.50264,-1.82,20.93,-8.82,Stab,Right
1677415634488,-0.76616,0.040504,0.535824,-5.04,11.69,-22.47,Stab,Right
1677415634489,-0.798856,-0.043432,0.57584,-6.58,7.14,-24.57,Stab,Right
1677415634536,-0.806664,-0.096624,0.625128,0.84,2.73,-19.39,Stab,Right
1677415634536,-0.78568,-0.101992,0.670024,3.99,1.26,-10.36,Stab,Right
1677415634536,-0.784216,-0.119072,0.67832,3.78,9.17,-4.69,Stab,Right
1677415634667,-0.77104,-0.093696,0.672464,0.91,19.6,-0.21,Stab,Right
1677415634667,-0.774944,-0.074176,0.662704,-1.4,26.88,4.13,Stab,Right
1677415634667,-0.75152,-0.060024,0.655384,-4.27,31.5,7.07,Stab,Right
1677415634667,-0.731024,-0.025864,0.665632,-8.68,35.28,7.21,Stab,Right
1677415634667,-0.667584,-0.018544,0.693936,-11.2,38.43,5.39,Stab,Right
1677415634667,-0.587552,-0.050752,0.728584,-10.01,40.39,1.54,Stab,Right
1677415634668,-0.51972,-0.076128,0.76372,1.05,38.85,-2.45,Stab,Right
1677415634797,-0.524112,-0.101504,0.752496,18.62,38.22,-7.0,Stab,Right
1677415634797,-0.703208,-0.090768,0.611952,39.06,58.94,-13.86,Stab,Right
1677415634799,-1.024312,-0.055144,0.30988,52.85,102.55,-21.56,Stab,Right
1677415634799,-1.27368,0.066856,-0.108824,41.3,135.38,-0.91,Stab,Right
1677415634799,-1.397632,0.23424,-0.406504,22.19,130.76,6.93,Stab,Right
1677415634799,-1.320528,0.30744,-0.334768,-16.66,64.33,32.27,Stab,Right
1677415634799,-1.150216,0.243512,-0.048312,-59.36,-13.86,24.5,Stab,Right
1677415634799,-0.96868,0.09028,0.30012,-55.44,-60.83,-14.28,Stab,Right
1677415634898,-0.732,-0.138592,0.698816,-34.86,-87.5,-71.05,Stab,Right
1677415634898,-0.633424,-0.347944,1.027728,-3.5,-95.97,-72.17,Stab,Right
1677415634898,-0.552904,-0.498248,1.187792,23.17,-64.33,-57.19,Stab,Right
1677415634898,-0.502152,-0.492392,1.219512,33.53,-3.29,-12.39,Stab,Right
1677415634898,-0.622688,-0.33916,1.054568,31.57,76.58,39.27,Stab,Right
1677415634898,-0.659288,-0.103456,0.659776,31.08,151.9,67.76,Stab,Right
1677415635003,-0.859856,0.188856,0.06832,37.45,183.89,62.37,Stab,Right
1677415635003,-1.033584,0.463112,-0.56852,54.11,139.37,22.61,Stab,Right
1677415635003,-1.267336,0.474336,-0.67344,49.28,28.21,-37.52,Stab,Right
1677415635003,-1.233664,0.367952,-0.510448,-9.31,-71.61,-77.77,Stab,Right
1677415635003,-1.148264,0.0976,-0.10248,-43.19,-99.68,-88.76,Stab,Right
1677415635003,-0.880352,-0.199104,0.44896,-59.71,-87.15,-76.58,Stab,Right
1677415635104,-0.630008,-0.433832,0.944768,-50.47,-67.62,-57.75,Stab,Right
1677415635105,-0.472872,-0.581208,1.242448,-22.19,-31.08,-34.16,Stab,Right
1677415635105,-0.416264,-0.597312,1.283928,4.34,18.9,-1.54,Stab,Right
1677415635105,-0.670512,-0.42212,0.96136,37.8,82.11,30.45,Stab,Right
1677415635105,-0.984784,-0.19764,0.322568,52.15,129.01,49.56,Stab,Right
1677415635105,-1.3054,0.101504,-0.326472,52.15,135.66,46.55,Stab,Right
1677415635208,-1.4518,0.323544,-0.783728,38.29,89.6,28.63,Stab,Right
1677415635208,-1.364448,0.435784,-0.759816,-3.64,14.84,6.72,Stab,Right
1677415635208,-1.190232,0.320128,-0.379664,-40.88,-48.23,-27.02,Stab,Right
1677415635208,-0.909144,0.081008,0.16104,-60.27,-81.83,-62.37,Stab,Right
1677415635208,-0.711016,-0.2196,0.6466,-54.04,-85.82,-79.59,Stab,Right
1677415635208,-0.56852,-0.485072,1.048224,-37.31,-62.23,-64.89,Stab,Right
1677415635315,-0.524112,-0.711992,1.177056,-17.08,-18.41,-33.88,Stab,Right
1677415635315,-0.6588,-0.671976,1.024312,28.28,39.13,0.84,Stab,Right
1677415635315,-0.873032,-0.4514,0.619272,48.51,92.96,35.56,Stab,Right
1677415635315,-1.063352,-0.121512,0.091256,49.84,127.4,75.46,Stab,Right
1677415635315,-1.17852,0.234728,-0.419192,49.56,110.95,81.06,Stab,Right
1677415635315,-1.120448,0.496784,-0.692472,37.03,72.59,48.3,Stab,Right
1677415635417,-1.011624,0.44896,-0.54412,-11.34,-7.7,-11.69,Stab,Right
1677415635417,-0.885232,0.260104,-0.153232,-41.51,-65.94,-68.32,Stab,Right
1677415635417,-0.680272,-0.026352,0.398208,-61.81,-94.5,-95.27,Stab,Right
1677415635417,-0.576816,-0.368928,0.811056,-50.75,-88.55,-100.59,Stab,Right
1677415635417,-0.412848,-0.52948,1.055544,-28.0,-45.08,-77.21,Stab,Right
1677415635417,-0.56852,-0.679784,1.08824,28.35,1.54,-33.25,Stab,Right
1677415635522,-0.686128,-0.489952,0.709552,63.35,60.13,9.38,Stab,Right
1677415635522,-0.987224,-0.282552,0.169336,64.47,118.23,44.59,Stab,Right
1677415635522,-1.26148,-0.01708,-0.362584,50.54,148.47,59.22,Stab,Right
1677415635522,-1.275144,0.238144,-0.78324,45.36,124.53,44.73,Stab,Right
1677415635522,-1.277096,0.270352,-0.750544,0.49,54.46,13.09,Stab,Right
1677415635522,-1.19804,0.198128,-0.489464,-32.48,-32.41,-40.39,Stab,Right
1677415635522,-1.113128,-0.03416,-0.118584,-47.46,-76.79,-77.21,Stab,Right
1677415635617,-0.96624,-0.266448,0.341112,-58.1,-85.89,-83.58,Stab,Right
1677415635617,-0.856928,-0.451888,0.661728,-38.92,-67.13,-63.63,Stab,Right
1677415635617,-0.803248,-0.568032,0.833016,-17.36,-19.04,-23.66,Stab,Right
1677415635617,-0.732976,-0.500688,0.811544,-1.96,30.59,13.65,Stab,Right
1677415635618,-0.84912,-0.34404,0.574864,31.64,67.62,29.82,Stab,Right
1677415635723,-1.048224,-0.174704,0.172264,46.83,93.94,36.33,Stab,Right
1677415635723,-1.282952,0.016104,-0.26108,45.5,111.3,40.53,Stab,Right
1677415635723,-1.347856,0.179584,-0.671976,32.76,105.91,36.82,Stab,Right
1677415635723,-1.216584,0.241072,-0.72712,-1.47,69.79,24.22,Stab,Right
1677415635723,-1.124352,0.148352,-0.456768,-37.45,10.78,-5.46,Stab,Right
1677415635723,-1.036512,-0.006832,-0.140056,-52.01,-46.2,-48.51,Stab,Right
1677415635724,-0.958432,-0.210816,0.123952,-46.2,-80.99,-88.27,Stab,Right
1677415635819,-0.932568,-0.386496,0.404552,-38.01,-88.41,-94.92,Stab,Right
1677415635819,-0.91988,-0.462624,0.572424,-25.97,-69.09,-73.78,Stab,Right
1677415635819,-0.941352,-0.517768,0.594872,-11.06,-30.59,-36.12,Stab,Right
1677415635819,-0.959408,-0.494832,0.523136,-6.02,16.03,3.57,Stab,Right
1677415635819,-0.948672,-0.426512,0.41968,-3.08,50.96,42.35,Stab,Right
1677415635926,-0.970632,-0.305,0.225456,7.21,70.56,58.73,Stab,Right
1677415635926,-1.006744,-0.213744,0.03172,14.77,75.11,56.49,Stab,Right
1677415635926,-1.029192,-0.098576,-0.112728,8.61,68.11,46.69,Stab,Right
1677415635926,-1.025288,-0.03904,-0.192272,6.37,48.58,33.32,Stab,Right
1677415635926,-1.043832,-0.043432,-0.208864,5.81,20.79,13.16,Stab,Right
1677415635926,-1.031632,-0.040992,-0.185928,5.32,-8.96,-4.48,Stab,Right
1677415636032,-1.033584,-0.07808,-0.113704,3.85,-30.73,-17.36,Stab,Right
1677415636032,-1.033584,-0.127368,-0.038552,-2.38,-35.49,-23.17,Stab,Right
1677415636033,-1.018944,-0.16348,0.025864,-5.39,-34.23,-19.6,Stab,Right
1677415636033,-0.998448,-0.20008,0.083448,-7.98,-29.89,-12.04,Stab,Right
1677415636033,-0.987712,-0.218624,0.118096,-6.37,-25.13,-3.57,Stab,Right
1677415636033,-0.964288,-0.218624,0.14884,-1.12,-21.7,1.96,Stab,Right
1677415636033,-0.942816,-0.21228,0.142496,5.67,-18.76,5.25,Stab,Right
1677415636132,-0.925248,-0.199592,0.14396,6.37,-16.03,6.44,Stab,Right
1677415636132,-0.908168,-0.176656,0.144936,4.55,-12.6,8.82,Stab,Right
1677415636132,-0.884256,-0.152744,0.159088,3.78,-8.61,11.27,Stab,Right
1677415636132,-0.872544,-0.116144,0.142008,5.32,-3.78,11.83,Stab,Right
1677415636132,-0.854976,-0.093208,0.142984,6.16,-1.05,9.52,Stab,Right
1677415636132,-0.83936,-0.057584,0.13908,7.14,-1.33,2.38,Stab,Right
1677415636228,-0.827648,-0.05124,0.1342,11.55,-5.74,-8.4,Stab,Right
1677415636228,-0.894992,-0.08296,0.087352,11.34,-7.28,-23.24,Stab,Right
1677415636228,-1.0248,-0.164944,-0.108824,1.4,0.42,-34.16,Stab,Right
1677415636228,-1.1956,-0.252296,-0.119072,-1.82,11.9,-35.77,Stab,Right
1677415636228,-1.31028,-0.321592,-0.213744,-5.04,11.76,-24.71,Stab,Right
1677415636277,-1.340048,-0.311832,-0.192272,-7.28,-1.05,-4.2,Stab,Right
1677415636277,-1.267824,-0.274256,-0.097112,-10.22,-17.57,34.65,Stab,Right
1677415636277,-1.124352,-0.24888,0.054168,-12.46,-29.12,24.64,Stab,Right
1677415636403,-0.887672,-0.241072,0.309392,-16.59,-43.96,20.93,Stab,Right
1677415636403,-0.655872,-0.223016,0.540704,-3.92,-63.98,14.98,Stab,Right
1677415636403,-0.558272,-0.24156,0.652456,21.42,-64.4,4.69,Stab,Right
1677415636403,-0.564616,-0.16348,0.629032,52.78,-31.43,-1.89,Stab,Right
1677415636403,-0.734928,-0.079056,0.374296,77.49,17.78,-2.31,Stab,Right
1677415636403,-1.043344,0.033672,-0.188368,80.29,78.05,3.29,Stab,Right
1677415636403,-1.335656,0.186416,-0.770064,45.08,112.56,21.91,Stab,Right
1677415636536,-1.480592,0.217648,-1.050664,-16.38,82.11,36.82,Stab,Right
1677415636537,-1.01992,-0.091256,-0.145424,-90.09,-124.32,-68.88,Stab,Right
1677415636666,-0.449936,-0.638792,1.257576,-36.26,-154.21,-91.63,Stab,Right
1677415636903,-1.003816,-0.625128,0.686616,40.95,87.99,49.35,Stab,Right
1677415637116,-1.338584,0.378688,-0.538752,15.05,60.76,87.08,Stab,Right
1677415637338,-0.280112,-0.210328,1.15656,-30.8,-128.87,-50.26,Stab,Right
1677415637457,-0.33184,-0.423096,1.204384,3.99,-73.36,-46.34,Stab,Right
1677415637458,-0.412848,-0.486048,1.097512,10.71,-8.12,-22.75,Stab,Right
1677415637458,-0.768112,-0.376248,0.8174,22.61,34.79,7.63,Stab,Right
1677415637458,-1.181448,-0.166408,0.296704,32.9,63.98,27.37,Stab,Right
1677415637458,-1.454728,0.059536,-0.1952,23.52,71.82,34.79,Stab,Right
1677415637458,-1.33956,0.255712,-0.333792,2.87,17.01,32.69,Stab,Right
1677415637459,-0.918416,0.264984,0.045384,-29.54,-72.59,18.06,Stab,Right
1677415637561,-0.510936,0.068808,0.599264,-45.36,-140.84,-20.72,Stab,Right
1677415637561,-0.362096,-0.197152,1.059448,-16.31,-152.11,-67.34,Stab,Right
1677415637561,-0.36844,-0.44896,1.21268,18.27,-112.84,-83.23,Stab,Right
1677415637561,-0.454816,-0.488488,1.153632,25.76,-38.92,-45.36,Stab,Right
1677415637561,-0.711504,-0.401136,0.912072,53.13,18.2,12.88,Stab,Right
1677415637561,-1.018456,-0.189832,0.543144,45.01,56.14,42.49,Stab,Right
1677415637624,-1.185352,0.067344,0.198616,39.97,61.25,45.85,Stab,Right
1677415637624,-1.14924,0.220576,0.027816,23.73,27.16,33.81,Stab,Right
1677415637625,-0.973072,0.242536,0.125904,1.61,-50.75,19.25,Stab,Right
1677415637744,-0.804712,0.17812,0.4148,-13.79,-77.35,2.59,Stab,Right
1677415637744,-0.681248,-0.007808,0.654896,-14.7,-84.7,-13.93,Stab,Right
1677415637745,-0.664168,-0.16836,0.806176,-10.29,-70.77,-22.4,Stab,Right
1677415637745,-0.6466,-0.261568,0.892064,-4.9,-49.77,-11.9,Stab,Right
1677415637745,-0.637328,-0.252296,0.915,2.66,-31.99,9.31,Stab,Right
1677415637745,-0.613904,-0.176168,0.881328,12.39,-14.56,20.3,Stab,Right
1677415637745,-0.64416,-0.060024,0.797392,21.7,-2.38,20.58,Stab,Right
1677415637807,-0.752008,0.022936,0.669536,20.44,4.27,17.57,Stab,Right
1677415637808,-0.853512,0.043432,0.545584,12.25,7.56,16.1,Stab,Right
1677415637808,-0.865712,0.0488,0.494832,2.03,3.57,16.8,Stab,Right
1677415637808,-0.768112,0.06588,0.521184,3.29,-14.42,11.9,Stab,Right
1677415637933,-0.693936,0.052216,0.608536,7.91,-34.44,-1.19,Stab,Right
1677415637933,-0.665144,-0.0244,0.708088,4.76,-35.49,-8.82,Stab,Right
1677415637933,-0.63684,-0.13664,0.81496,-14.21,19.81,9.38,Stab,Right
1677415637934,-0.574376,-0.094672,0.815448,-8.33,15.26,14.49,Stab,Right
1677415637934,-0.539728,-0.081984,0.845704,8.33,0.63,3.01,Stab,Right
1677415637934,-0.548512,-0.05368,0.81984,14.21,-9.73,-4.27,Stab,Right
1677415637934,-0.596824,-0.058072,0.714432,14.56,-14.35,-5.04,Stab,Right
1677415638073,-0.648064,-0.044408,0.692472,16.38,-15.47,-6.65,Stab,Right
1677415638073,-0.696376,-0.066368,0.655384,16.17,-12.25,-7.35,Stab,Right
1677415638074,-0.731512,-0.060024,0.656848,14.07,-1.82,-14.7,Stab,Right
1677415638074,-0.776408,-0.113216,0.664168,11.9,14.14,-14.0,Stab,Right
1677415638074,-0.728584,-0.116632,0.749568,7.7,20.51,-6.16,Stab,Right
1677415638074,-0.66612,-0.123464,0.837896,6.93,26.04,1.26,Stab,Right
1677415638074,-0.610488,-0.161528,0.871568,7.77,35.35,-0.28,Stab,Right
1677415638074,-0.549488,-0.16592,0.896456,9.52,48.72,-1.26,Stab,Right
1677415638176,-0.570472,-0.105408,0.814472,27.3,64.61,9.03,Stab,Right
1677415638176,-0.671488,0.010248,0.623176,54.53,77.63,13.16,Stab,Right
1677415638177,-0.81984,0.122488,0.383568,47.04,84.56,14.77,Stab,Right
1677415638177,-0.957456,0.203496,0.215208,25.41,90.79,10.5,Stab,Right
1677415638177,-1.061888,0.253272,0.055144,20.3,80.15,2.52,Stab,Right
1677415638177,-1.104832,0.282064,-0.053192,16.45,48.93,-8.33,Stab,Right
1677415638177,-1.049688,0.279624,0.01952,-3.36,5.81,-15.96,Stab,Right
1677415638278,-0.941352,0.150792,0.313784,-27.16,-39.62,-24.43,Stab,Right
1677415638278,-0.758352,-0.059048,0.663192,-37.38,-66.92,-37.1,Stab,Right
1677415638278,-0.475312,-0.276696,1.077992,-24.08,-85.12,-47.74,Stab,Right
1677415638279,-0.27816,-0.460184,1.41764,11.41,-82.18,-56.49,Stab,Right
1677415638279,-0.212768,-0.472384,1.584048,45.99,-35.35,-41.51,Stab,Right
1677415638279,-0.326472,-0.3416,1.251232,72.73,67.76,-2.03,Stab,Right
1677415638382,-0.665144,-0.215696,0.74664,60.34,161.07,29.75,Stab,Right
1677415638383,-0.955504,0.094184,0.151768,39.48,208.74,49.21,Stab,Right
1677415638383,-1.308816,0.382104,-0.519232,46.27,198.38,46.2,Stab,Right
1677415638383,-1.367864,0.58072,-0.830088,42.21,116.13,11.2,Stab,Right
1677415638383,-1.290272,0.577304,-0.63684,-10.71,-2.52,-23.94,Stab,Right
1677415638383,-1.157536,0.427,-0.309392,-50.47,-84.21,-53.69,Stab,Right
1677415638482,-0.811056,0.114192,0.254736,-73.99,-108.71,-63.14,Stab,Right
1677415638482,-0.538752,-0.177632,0.733464,-71.4,-107.31,-59.01,Stab,Right
1677415638482,-0.343064,-0.407968,1.108736,-58.66,-79.24,-46.48,Stab,Right
1677415638482,-0.186416,-0.54168,1.326384,-26.46,-33.95,-25.48,Stab,Right
1677415638482,-0.144448,-0.504104,1.445456,-3.15,25.06,-7.42,Stab,Right
1677415638482,-0.284016,-0.433344,1.163392,49.0,85.82,5.95,Stab,Right
1677415638587,-0.649528,-0.270352,0.718824,59.15,153.58,15.68,Stab,Right
1677415638587,-1.10044,-0.084424,0.07076,50.82,201.53,24.01,Stab,Right
1677415638587,-1.472784,0.098576,-0.539728,50.68,202.86,14.42,Stab,Right
1677415638587,-1.638216,0.289384,-0.813984,36.33,123.2,4.48,Stab,Right
1677415638587,-1.597224,0.421144,-0.742736,-4.48,31.36,-0.07,Stab,Right
1677415638587,-1.482544,0.304512,-0.441152,-38.57,-22.82,-15.19,Stab,Right
1677415638687,-1.226344,0.159576,-0.01952,-69.3,-43.75,-32.2,Stab,Right
1677415638687,-0.974536,-0.049288,0.392352,-77.7,-55.16,-31.36,Stab,Right
1677415638687,-0.811056,-0.250832,0.748592,-66.71,-56.98,-24.01,Stab,Right
1677415638688,-0.679784,-0.377712,0.940864,-47.04,-42.28,-16.24,Stab,Right
1677415638688,-0.61976,-0.460672,1.003328,-20.16,-12.88,-11.41,Stab,Right
1677415638688,-0.599752,-0.430904,0.961848,6.51,24.5,-4.83,Stab,Right
1677415638788,-0.617808,-0.345016,0.821304,30.45,52.01,4.83,Stab,Right
1677415638790,-0.68808,-0.201544,0.625616,47.46,71.12,9.94,Stab,Right
1677415638790,-0.803736,-0.062952,0.2928,63.0,89.53,9.03,Stab,Right
1677415638790,-0.90524,0.064904,0.016104,64.19,96.32,0.49,Stab,Right
1677415638790,-0.974048,0.145912,-0.148352,52.57,87.29,-11.13,Stab,Right
1677415638790,-1.019432,0.16348,-0.221552,39.76,66.99,-25.76,Stab,Right
1677415638897,-1.036512,0.121024,-0.212768,24.99,45.57,-42.91,Stab,Right
1677415638897,-1.055056,0.05368,-0.155184,9.24,27.93,-54.25,Stab,Right
1677415638897,-1.086288,-0.055632,-0.087352,-10.15,20.58,-60.76,Stab,Right
1677415638897,-1.104344,-0.138104,-0.00244,-23.73,16.17,-61.25,Stab,Right
1677415638897,-1.126792,-0.220576,0.050752,-33.74,12.74,-54.81,Stab,Right
1677415638898,-1.145824,-0.253272,0.106872,-30.87,11.06,-41.09,Stab,Right
1677415638998,-1.139968,-0.28792,0.16592,-19.46,6.23,-28.35,Stab,Right
1677415638998,-1.11752,-0.28792,0.18788,-7.7,0.63,-16.31,Stab,Right
1677415638998,-1.106784,-0.279136,0.217648,0.42,-1.54,-8.61,Stab,Right
1677415638998,-1.074088,-0.250832,0.227408,7.21,0.77,-3.22,Stab,Right
1677415638998,-1.07604,-0.249856,0.206912,10.29,6.58,0.21,Stab,Right
1677415638998,-1.064328,-0.21716,0.189344,8.82,15.4,4.76,Stab,Right
1677415639095,-1.062376,-0.19032,0.151768,9.31,19.46,10.08,Stab,Right
1677415639096,-1.051152,-0.162504,0.130784,10.99,18.34,12.25,Stab,Right
1677415639096,-1.033096,-0.149816,0.106872,11.27,15.89,12.04,Stab,Right
1677415639096,-1.029192,-0.147864,0.079544,12.25,13.16,11.9,Stab,Right
1677415639096,-1.026264,-0.127856,0.05368,13.58,9.24,12.25,Stab,Right
1677415639096,-1.020408,-0.096624,0.033184,12.39,3.43,9.52,Stab,Right
1677415639160,-1.003328,-0.090768,0.044408,7.84,-3.01,3.29,Stab,Right
1677415639160,-0.98576,-0.093208,0.052216,6.16,-9.73,-4.34,Stab,Right
1677415639160,-0.971608,-0.10004,0.058072,5.88,-14.63,-11.41,Stab,Right
1677415639278,-0.972096,-0.104432,0.070272,6.02,-16.52,-16.31,Stab,Right
1677415639278,-0.967704,-0.118096,0.069296,5.6,-15.68,-19.25,Stab,Right
1677415639278,-0.959408,-0.11468,0.067832,3.15,-14.84,-19.11,Stab,Right
1677415639279,-0.954528,-0.127368,0.074176,-0.91,-16.17,-16.24,Stab,Right
1677415639279,-0.948672,-0.125416,0.087352,-3.22,-15.61,-13.09,Stab,Right
1677415639279,-0.9394,-0.125416,0.105408,-3.08,-14.14,-12.39,Stab,Right
1677415639279,-0.945256,-0.144936,0.116632,-3.29,-13.72,-14.77,Stab,Right
1677415639335,-0.930128,-0.155184,0.137128,-1.61,-14.49,-15.47,Stab,Right
1677415639335,-0.965752,-0.211304,0.166896,2.94,-15.82,-11.27,Stab,Right
1677415639335,-0.964776,-0.221064,0.179096,7.91,-11.62,-6.3,Stab,Right
1677415639335,-0.965752,-0.226432,0.193736,6.44,-2.52,17.5,Stab,Right
1677415639473,-0.969656,-0.240096,0.204472,3.71,5.88,6.23,Stab,Right
1677415639473,-0.984296,-0.230824,0.207888,7.21,10.92,11.76,Stab,Right
1677415639473,-1.01016,-0.221552,0.174216,11.48,17.22,17.29,Stab,Right
1677415639473,-1.084336,-0.209352,0.074176,18.9,29.47,24.71,Stab,Right
1677415639473,-1.136064,-0.149328,-0.07808,33.6,36.61,27.58,Stab,Right
1677415639474,-1.258552,-0.01952,-0.321104,55.93,30.66,18.76,Stab,Right
1677415639474,-1.39324,0.08784,-0.66856,56.77,7.7,-0.21,Stab,Right
1677415639600,-1.428864,0.061,-0.769088,-1.33,-25.83,-13.44,Stab,Right
1677415639601,-1.416664,-0.03416,-0.598288,-59.36,-65.94,-18.62,Stab,Right
1677415639601,-1.270752,-0.130296,-0.273768,-74.2,-104.51,-21.28,Stab,Right
1677415639601,-1.043344,-0.27084,0.119072,-65.73,-140.07,-14.91,Stab,Right
1677415639601,-0.706136,-0.390888,0.7076,-42.0,-172.41,-1.54,Stab,Right
1677415639601,-0.445544,-0.435296,1.165832,-7.21,-175.91,9.87,Stab,Right
1677415639601,-0.291824,-0.480192,1.400072,38.78,-124.6,17.71,Stab,Right
1677415639601,-0.293288,-0.471896,1.343464,48.16,-24.92,27.37,Stab,Right
1677415639715,-0.419192,-0.324032,1.08092,42.07,81.13,48.09,Stab,Right
1677415639716,-0.64416,-0.076128,0.620736,39.06,140.42,69.72,Stab,Right
1677415639716,-1.038952,0.090768,-0.177144,44.94,164.08,72.73,Stab,Right
1677415639716,-1.419104,0.276208,-0.924272,57.4,144.69,51.17,Stab,Right
1677415639716,-1.536224,0.408456,-1.269776,38.85,57.82,21.42,Stab,Right
1677415639716,-1.455216,0.376248,-1.108248,-31.22,-70.84,-11.9,Stab,Right
1677415639716,-1.209264,0.238144,-0.542656,-65.87,-161.21,-50.54,Stab,Right
1677415639813,-0.886696,0.003904,0.244976,-74.06,-207.83,-68.81,Stab,Right
1677415639813,-0.608536,-0.320128,0.837896,-52.01,-204.4,-69.02,Stab,Right
1677415639813,-0.410408,-0.528016,1.27612,-24.71,-164.64,-48.93,Stab,Right
1677415639813,-0.303048,-0.638792,1.452288,-3.29,-86.73,-7.7,Stab,Right
1677415639813,-0.282064,-0.627568,1.417152,0.91,9.73,43.54,Stab,Right
1677415639814,-0.457256,-0.440176,1.052616,21.0,94.64,61.88,Stab,Right
1677415639866,-0.830576,-0.17812,0.36356,71.05,136.01,55.23,Stab,Right
1677415639866,-1.306864,0.0732,-0.4392,58.31,140.7,42.0,Stab,Right
1677415639866,-1.53232,0.284504,-0.965264,36.4,91.63,36.75,Stab,Right
1677415639992,-1.489376,0.42456,-1.049688,-2.17,-0.7,38.43,Stab,Right
1677415639992,-1.236592,0.456768,-0.71492,-37.73,-99.33,16.87,Stab,Right
1677415639992,-0.89548,0.276696,-0.0488,-62.23,-138.25,-25.13,Stab,Right
1677415639993,-0.572424,-0.063928,0.61244,-64.82,-165.9,-58.52,Stab,Right
1677415639993,-0.315736,-0.32696,1.146312,-32.2,-169.54,-71.82,Stab,Right
1677415639993,-0.284504,-0.56364,1.403,3.5,-128.73,-60.62,Stab,Right
1677415639993,-0.30744,-0.648552,1.454728,19.11,-45.57,-20.23,Stab,Right
1677415640123,-0.605608,-0.569984,1.054568,36.33,57.96,20.02,Stab,Right
1677415640123,-0.992592,-0.298656,0.416752,48.86,116.9,46.06,Stab,Right
1677415640123,-1.384456,0.01952,-0.31476,55.37,135.73,65.24,Stab,Right
1677415640123,-1.3664,0.345016,-0.807152,47.46,91.91,67.13,Stab,Right
1677415640123,-1.340048,0.538752,-0.867176,3.15,-0.77,44.94,Stab,Right
1677415640123,-1.02968,0.543144,-0.480192,-38.22,-89.11,2.31,Stab,Right
1677415640123,-0.756888,0.31964,0.070272,-62.72,-127.19,-39.2,Stab,Right
1677415640123,-0.537776,-0.075152,0.67588,-66.36,-144.27,-69.09,Stab,Right
1677415640224,-0.318176,-0.388936,1.200968,-43.96,-138.25,-78.33,Stab,Right
1677415640224,-0.233264,-0.63928,1.537688,-15.05,-108.08,-59.78,Stab,Right
1677415640224,-0.311344,-0.718824,1.566968,19.53,-35.28,-22.68,Stab,Right
1677415640224,-0.623664,-0.663192,1.167296,38.92,69.58,17.22,Stab,Right
1677415640224,-1.101904,-0.376248,0.475312,56.07,131.95,41.65,Stab,Right
1677415640224,-1.647488,-0.049776,-0.304512,52.71,151.27,60.76,Stab,Right
1677415640330,-1.689456,0.342088,-0.793488,41.79,107.73,81.83,Stab,Right
1677415640330,-1.448872,0.598776,-0.8662,2.24,12.81,75.95,Stab,Right
1677415640330,-1.080432,0.657336,-0.460672,-32.9,-87.64,30.38,Stab,Right
1677415640330,-0.709064,0.407968,0.098088,-63.07,-140.28,-23.24,Stab,Right
1677415640330,-0.393816,0.061488,0.738832,-69.58,-162.89,-59.57,Stab,Right
1677415640331,-0.284992,-0.29036,1.191208,-45.5,-144.48,-71.26,Stab,Right
1677415640427,-0.31232,-0.609024,1.39568,-31.85,-89.67,-47.46,Stab,Right
1677415640427,-0.457744,-0.711016,1.38348,-28.07,3.15,-3.15,Stab,Right
1677415640427,-0.791048,-0.632448,1.010648,0.28,71.82,38.22,Stab,Right
1677415640427,-1.1468,-0.377712,0.443592,22.82,106.4,56.42,Stab,Right
1677415640427,-1.413248,0.027328,-0.135176,39.41,97.02,73.5,Stab,Right
1677415640427,-1.378112,0.384056,-0.5124,38.71,39.41,75.18,Stab,Right
1677415640531,-1.083848,0.66612,-0.471896,17.78,-54.6,47.18,Stab,Right
1677415640531,-0.722728,0.525088,-0.094672,-18.97,-122.92,-3.85,Stab,Right
1677415640531,-0.498248,0.288408,0.39528,-50.47,-149.87,-55.44,Stab,Right
1677415640531,-0.426512,-0.114192,0.843264,-53.62,-142.24,-85.75,Stab,Right
1677415640531,-0.423584,-0.46848,1.158512,-42.07,-107.17,-74.76,Stab,Right
1677415640531,-0.472872,-0.632448,1.327848,-29.33,-40.04,-36.68,Stab,Right
1677415640634,-0.679784,-0.567544,1.170712,-1.68,6.79,1.75,Stab,Right
1677415640635,-0.949648,-0.397232,0.781288,24.85,47.04,26.04,Stab,Right
1677415640635,-1.193648,-0.069784,0.279136,30.1,63.63,43.68,Stab,Right
1677415640635,-1.16388,0.27572,-0.027816,22.26,46.48,64.33,Stab,Right
1677415640635,-0.955992,0.379664,-0.045384,-5.95,-6.65,57.4,Stab,Right
1677415640635,-0.73444,0.329888,0.2684,-29.82,-67.41,14.0,Stab,Right
1677415640736,-0.574376,0.0976,0.603168,-28.42,-95.9,-33.04,Stab,Right
1677415640737,-0.425048,-0.125416,0.92232,-17.5,-99.33,-55.44,Stab,Right
1677415640737,-0.396256,-0.259616,1.092632,-3.57,-76.93,-49.56,Stab,Right
1677415640737,-0.504592,-0.271816,1.077992,6.72,-35.35,-28.63,Stab,Right
1677415640737,-0.731024,-0.242048,0.846192,11.2,17.78,-6.09,Stab,Right
1677415640737,-0.933544,-0.02196,0.547536,13.72,41.16,11.62,Stab,Right
1677415640838,-1.057008,-0.03416,0.3294,1.05,38.99,26.46,Stab,Right
1677415640838,-1.018456,0.024888,0.305488,-6.44,11.76,30.87,Stab,Right
1677415640838,-0.93696,0.001952,0.408456,-7.91,-22.54,15.89,Stab,Right
1677415640838,-0.759816,-0.0366,0.581696,-4.48,-46.76,-3.71,Stab,Right
1677415640838,-0.625616,-0.124928,0.856928,1.75,-33.81,-9.52,Stab,Right
1677415640838,-0.584624,-0.151768,0.917928,-9.94,8.33,-5.95,Stab,Right
1677415640939,-0.674904,-0.089792,0.818864,1.54,5.74,3.15,Stab,Right
1677415640939,-0.687104,-0.055144,0.733952,18.06,-2.87,-17.08,Stab,Right
1677415640939,-0.62708,-0.005368,0.698328,22.82,-6.86,-4.48,Stab,Right
1677415640939,-0.550464,0.052216,0.684664,24.22,-14.35,-5.88,Stab,Right
1677415640939,-0.55632,0.047336,0.635864,22.47,-17.22,-6.86,Stab,Right
1677415640939,-0.674904,-0.017568,0.554856,11.34,-5.04,-8.96,Stab,Right
1677415641041,-0.780312,-0.091256,0.518256,-0.63,14.49,-18.2,Stab,Right
1677415641042,-0.82472,-0.128344,0.5246,-2.87,17.99,-15.89,Stab,Right
1677415641042,-0.819352,-0.14884,0.565592,6.09,9.1,-9.38,Stab,Right
1677415641042,-0.76616,-0.116144,0.634888,14.98,7.35,-8.96,Stab,Right
1677415641042,-0.70272,-0.10004,0.699792,19.32,8.96,-11.83,Stab,Right
1677415641042,-0.688568,-0.123464,0.738344,20.09,18.76,-14.28,Stab,Right
1677415641146,-0.71004,-0.107848,0.741272,16.31,33.88,-7.14,Stab,Right
1677415641146,-0.712968,-0.094672,0.717848,7.7,57.47,7.91,Stab,Right
1677415641146,-0.719312,-0.075152,0.66612,-2.52,77.98,21.42,Stab,Right
1677415641146,-0.71736,-0.07808,0.61976,-7.28,91.91,26.25,Stab,Right
1677415641146,-0.747128,-0.06344,0.555344,-3.78,97.16,24.57,Stab,Right
1677415641146,-0.725168,-0.012688,0.525088,9.94,92.33,18.34,Stab,Right
1677415641250,-0.709064,0.042944,0.517768,23.94,78.47,10.08,Stab,Right
1677415641250,-0.70028,0.052704,0.501664,29.89,68.18,-0.91,Stab,Right
1677415641250,-0.71248,0.038552,0.476776,27.65,72.66,-12.04,Stab,Right
1677415641251,-0.772992,0.018056,0.431392,20.3,89.53,-22.05,Stab,Right
1677415641251,-0.862296,-0.027328,0.37088,5.53,110.04,-26.32,Stab,Right
1677415641251,-0.955992,-0.085888,0.2928,-18.62,135.87,-12.32,Stab,Right
1677415641251,-0.98088,-0.137128,0.23668,-50.05,172.62,19.46,Stab,Right
1677415641349,-1.0126,-0.160064,0.183488,-56.91,193.34,56.91,Stab,Right
1677415641349,-0.974536,-0.10004,0.15616,-25.2,178.57,78.33,Stab,Right
1677415641349,-0.890112,0.061,0.11956,22.05,135.73,72.59,Stab,Right
1677415641349,-0.898408,0.17568,0.076616,72.59,77.49,25.06,Stab,Right
1677415641349,-0.998448,0.196664,-0.178608,91.28,22.68,-34.72,Stab,Right
1677415641459,-1.136064,0.172752,-0.318664,75.39,6.93,-70.42,Stab,Right
1677415641459,-1.24196,0.077592,-0.364048,36.4,7.42,-69.37,Stab,Right
1677415641459,-1.254648,0.011712,-0.232776,1.68,-0.84,-45.64,Stab,Right
1677415641459,-1.181448,-0.062464,-0.016592,-8.4,-25.48,-24.5,Stab,Right
1677415641459,-1.067256,-0.151768,0.347944,-2.73,-55.23,-25.76,Stab,Right
1677415641459,-0.996984,-0.242048,0.424072,12.95,-74.48,-36.82,Stab,Right
1677415641558,-0.91744,-0.253272,0.545096,35.35,-68.67,-40.74,Stab,Right
1677415641558,-0.857904,-0.175192,0.538264,52.78,-40.6,-26.67,Stab,Right
1677415641558,-0.855464,-0.091256,0.406992,62.09,4.55,-8.68,Stab,Right
1677415641558,-0.916952,-0.004392,0.174216,45.85,52.29,10.22,Stab,Right
1677415641558,-0.99308,0.101992,-0.102968,18.41,99.12,29.4,Stab,Right
1677415641558,-0.996984,0.198616,-0.264008,-5.53,107.59,43.82,Stab,Right
1677415641558,-0.978928,0.233752,-0.306464,-11.27,73.5,32.48,Stab,Right
1677415641607,-0.963312,0.176168,-0.242048,-0.63,14.56,-13.79,Stab,Right
1677415641607,-1.004792,0.094184,-0.16104,9.94,-41.16,-69.86,Stab,Right
1677415641607,-1.03212,-0.043432,-0.011712,11.41,-71.75,-86.24,Stab,Right
1677415641742,-1.043344,-0.170312,0.150304,9.17,-69.72,-77.21,Stab,Right
1677415641743,-1.014552,-0.243512,0.282064,0.7,-52.71,-53.41,Stab,Right
1677415641743,-0.967704,-0.272792,0.374784,-6.37,-24.08,-21.63,Stab,Right
1677415641743,-0.921344,-0.267912,0.39284,-9.17,7.84,13.37,Stab,Right
1677415641743,-0.887672,-0.206912,0.352336,-3.08,36.33,35.0,Stab,Right
1677415641743,-0.881816,-0.1098,0.235704,7.28,59.08,40.88,Stab,Right
1677415641743,-0.937936,-0.016104,0.075152,10.85,72.1,36.68,Stab,Right
1677415641798,-0.99796,0.027816,-0.071736,4.55,76.02,32.76,Stab,Right
1677415641798,-1.041392,0.047336,-0.155672,-1.96,68.25,28.42,Stab,Right
1677415641798,-1.075064,0.045872,-0.195688,-0.49,53.69,17.08,Stab,Right
1677415641798,-1.093608,0.039528,-0.210816,8.47,29.68,0.07,Stab,Right
1677415641930,-1.128744,0.059048,-0.188368,-8.4,15.05,-14.77,Stab,Right
1677415641930,-1.140944,0.013176,-0.160064,-7.0,8.05,-18.06,Stab,Right
1677415641930,-1.142896,-0.023424,-0.101016,-13.23,5.11,-10.5,Stab,Right
1677415641930,-1.1102,-0.036112,-0.061,-14.42,5.25,3.15,Stab,Right
1677415641930,-1.103368,-0.04392,-0.036112,-14.98,4.97,9.87,Stab,Right
1677415641930,-1.071648,-0.023424,-0.02928,-15.05,2.87,9.24,Stab,Right
1677415641930,-1.031632,0.006832,-0.00488,-23.45,1.68,8.54,Stab,Right
1677415642066,-1.074088,-0.033184,-0.006344,-10.64,-2.1,12.6,Stab,Right
1677415642066,-1.040904,0.005856,-0.035624,-15.82,-2.1,21.35,Stab,Right
1677415642066,-1.043344,-0.016104,-0.072224,-25.2,4.41,30.59,Stab,Right
1677415642066,-0.992592,0.118096,-0.094184,-39.13,10.57,33.6,Stab,Right
1677415642066,-0.983808,0.049776,-0.054168,-50.82,13.93,34.3,Stab,Right
1677415642066,-0.998448,0.00488,-0.063928,-34.16,11.69,28.56,Stab,Right
1677415642066,-1.001864,0.112728,-0.088328,-62.51,11.83,30.66,Stab,Right
1677415642066,-1.009184,0.071736,-0.081008,-109.48,15.4,38.36,Stab,Right
1677415642171,-0.88084,-0.01952,-0.077104,-98.35,23.87,42.49,Stab,Right
1677415642171,-1.169736,0.12688,-0.014152,59.01,40.32,56.14,Stab,Right
1677415642171,-0.9272,-0.017568,-0.107848,24.78,73.22,72.94,Stab,Right
1677415642171,-1.053592,-0.0732,-0.123464,43.33,96.11,63.7,Stab,Right
1677415642172,-0.97112,0.102968,-0.088816,49.0,98.14,42.56,Stab,Right
1677415642172,-1.006256,0.169336,-0.123952,81.2,74.55,35.77,Stab,Right
1677415642172,-0.987224,0.176168,-0.156648,98.42,43.89,39.62,Stab,Right
1677415642273,-0.951112,0.167872,-0.181536,110.11,17.29,45.99,Stab,Right
1677415642273,-0.901824,-0.015128,-0.261568,110.6,1.82,47.74,Stab,Right
1677415642273,-0.914024,0.057584,-0.25132,69.79,-11.2,34.37,Stab,Right
1677415642273,-0.906704,0.125904,-0.230336,39.83,-27.79,16.66,Stab,Right
1677415642273,-0.915,0.147864,-0.262544,31.85,-35.98,2.73,Stab,Right
1677415642273,-0.935496,0.160064,-0.31232,7.56,-29.82,-7.49,Stab,Right
1677415642337,-0.961848,0.120536,-0.315736,9.8,-7.77,-20.86,Stab,Right
1677415642337,-0.920368,0.159576,-0.232776,17.15,13.02,-40.25,Stab,Right
1677415642337,-0.901336,0.170312,-0.273768,0.7,22.4,-41.86,Stab,Right
1677415642458,-0.914512,0.150304,-0.232288,-9.1,21.56,-36.68,Stab,Right
1677415642459,-0.88816,0.156648,-0.16348,-43.54,9.52,-34.02,Stab,Right
1677415642459,-0.962824,0.11224,-0.166896,-19.11,-13.02,-42.28,Stab,Right
1677415642459,-0.988688,0.1098,-0.209352,-13.37,-26.95,-42.0,Stab,Right
1677415642459,-0.989176,0.09028,-0.186416,-6.65,-32.34,-36.68,Stab,Right
1677415642459,-1.003816,0.055632,-0.175192,4.34,-40.81,-29.75,Stab,Right
1677415642459,-1.009184,0.044408,-0.13176,5.39,-54.18,-22.4,Stab,Right
1677415642577,-1.015528,0.03904,-0.101504,0.77,-67.55,-22.61,Stab,Right
1677415642577,-1.035536,0.001464,-0.073688,-1.47,-64.82,-23.38,Stab,Right
1677415642577,-1.043344,-0.024888,-0.04636,-24.64,-54.39,-22.82,Stab,Right
1677415642577,-1.035536,0.001464,-0.044408,-30.1,-36.19,-17.64,Stab,Right
1677415642577,-1.020408,0.000488,-0.047824,-22.4,-22.26,-3.01,Stab,Right
1677415642577,-1.010648,0.00732,-0.0732,-1.96,-11.06,8.61,Stab,Right
1677415642578,-1.00528,0.03172,-0.074664,-1.61,2.38,13.58,Stab,Right
1677415642578,-1.001376,0.05856,-0.086376,-2.17,15.54,16.66,Stab,Right
1677415642681,-1.021872,0.091744,-0.115656,-0.7,21.28,18.69,Stab,Right
1677415642682,-0.99308,0.094672,-0.117608,1.47,24.64,17.78,Stab,Right
1677415642682,-0.875472,0.064904,-0.103456,-16.38,24.92,14.49,Stab,Right
1677415642682,-0.991616,0.084424,-0.138104,-0.42,23.03,8.05,Stab,Right
1677415642682,-0.857904,0.11224,-0.111752,5.11,27.09,4.55,Stab,Right
1677415642682,-0.975512,0.133224,-0.166408,-7.7,26.74,1.19,Stab,Right
1677415642783,-0.962336,0.143472,-0.220088,-3.29,18.83,-2.24,Stab,Right
1677415642784,-0.955992,0.13664,-0.236192,1.75,6.02,-8.33,Stab,Right
1677415642784,-0.976488,0.132736,-0.231312,4.13,-3.99,-18.06,Stab,Right
1677415642784,-0.974536,0.105896,-0.209352,2.31,-8.05,-23.87,Stab,Right
1677415642784,-0.960872,0.055632,-0.188368,1.96,-10.29,-22.89,Stab,Right
1677415642784,-0.985272,0.025864,-0.189344,1.4,-11.13,-17.71,Stab,Right
1677415642891,-0.980392,0.028792,-0.161528,4.9,-9.87,-11.62,Stab,Right
1677415642891,-0.99552,0.040016,-0.155184,6.93,-7.84,-6.93,Stab,Right
1677415642891,-0.979904,0.061488,-0.150304,7.28,-6.44,-5.32,Stab,Right
1677415642891,-0.992592,0.077592,-0.151768,5.18,-7.21,-4.83,Stab,Right
1677415642891,-0.998448,0.075152,-0.155672,4.34,-7.91,-7.63,Stab,Right
1677415642891,-1.002352,0.069296,-0.147376,6.37,-5.88,-13.65,Stab,Right
1677415642986,-0.972584,0.037088,-0.140056,10.43,-3.08,-19.11,Stab,Right
1677415642987,-0.95404,0.010736,-0.137616,12.04,0.21,-20.37,Stab,Right
1677415642987,-0.946232,-0.008296,-0.147376,10.36,2.8,-15.12,Stab,Right
1677415642987,-0.948672,-0.00976,-0.157624,9.59,4.06,-7.35,Stab,Right
1677415642987,-0.955504,0.004392,-0.167872,8.4,4.69,-1.4,Stab,Right
1677415642987,-0.96868,0.022448,-0.171776,9.31,4.48,0.49,Stab,Right
1677415643091,-0.974536,0.05368,-0.1708,12.04,4.55,-1.68,Stab,Right
1677415643091,-0.981368,0.044408,-0.173728,14.49,5.67,-6.23,Stab,Right
1677415643091,-0.98088,0.060024,-0.179584,13.16,6.79,-10.15,Stab,Right
1677415643091,-0.97356,0.052216,-0.183488,11.34,5.53,-10.64,Stab,Right
1677415643091,-0.979904,0.044408,-0.194712,9.1,3.15,-10.71,Stab,Right
1677415643091,-0.963312,0.036112,-0.182024,7.49,0.77,-10.15,Stab,Right
1677415643194,-0.971608,0.038552,-0.189344,4.69,-2.31,-9.45,Stab,Right
1677415643194,-0.959408,0.034648,-0.183,2.8,-4.06,-9.03,Stab,Right
1677415643194,-0.965264,0.016592,-0.17324,1.47,-3.57,-8.54,Stab,Right
1677415643194,-0.964288,0.027328,-0.166408,3.01,-2.52,-5.53,Stab,Right
1677415643194,-0.962824,0.03172,-0.160064,4.06,-1.61,-2.59,Stab,Right
1677415643194,-0.96868,0.021472,-0.162504,4.34,-0.56,-2.94,Stab,Right
1677415643299,-0.97844,0.01952,-0.181536,4.76,0.21,-2.38,Stab,Right
1677415643299,-0.989664,0.016592,-0.193248,6.23,0.42,-0.35,Stab,Right
1677415643299,-0.986736,0.020984,-0.18788,7.77,0.7,0.77,Stab,Right
1677415643299,-0.978928,0.015128,-0.192272,8.19,-0.35,3.99,Stab,Right
1677415643299,-1.0004,0.049776,-0.190808,7.91,-1.61,9.45,Stab,Right
1677415643299,-1.005768,0.073688,-0.20008,5.88,-1.47,11.13,Stab,Right
1677415643397,-1.0004,0.085888,-0.201544,5.25,-3.15,8.75,Stab,Right
1677415643397,-0.989176,0.090768,-0.200568,3.92,-6.79,5.11,Stab,Right
1677415643397,-0.996008,0.071736,-0.198616,1.4,-10.64,1.89,Stab,Right
1677415643397,-0.993568,0.064416,-0.179584,1.12,-11.9,-0.28,Stab,Right
1677415643398,-0.982344,0.055632,-0.1708,1.82,-9.8,-2.03,Stab,Right
1677415643398,-0.991616,0.061488,-0.16836,3.29,-5.32,-3.85,Stab,Right
1677415643505,-0.987712,0.059536,-0.1708,3.85,-0.56,-7.0,Stab,Right
1677415643506,-0.98088,0.067344,-0.165432,5.95,2.38,-11.55,Stab,Right
1677415643506,-0.9882,0.049288,-0.194712,7.28,4.41,-15.26,Stab,Right
1677415643506,-0.978928,0.020496,-0.19764,6.23,4.83,-17.71,Stab,Right
1677415643506,-0.97844,0.009272,-0.218624,6.86,4.55,-16.73,Stab,Right
1677415643506,-0.981856,-0.00244,-0.227408,6.72,3.57,-12.95,Stab,Right
1677415643568,-0.993568,-0.006344,-0.239608,5.67,3.08,-8.12,Stab,Right
1677415643568,-0.986736,0.00732,-0.237656,4.76,0.63,-3.85,Stab,Right
1677415643568,-0.977952,0.017568,-0.237656,3.78,-3.85,-0.49,Stab,Right
1677415643691,-0.97356,0.029768,-0.223992,3.57,-8.75,0.77,Stab,Right
1677415643691,-0.959408,0.041968,-0.203496,2.17,-13.72,0.21,Stab,Right
1677415643692,-0.962336,0.028304,-0.186416,1.68,-14.98,-0.84,Stab,Right
1677415643692,-0.969168,0.02928,-0.177632,1.26,-12.04,-1.33,Stab,Right
1677415643692,-0.964776,0.015616,-0.169824,1.19,-7.35,-1.4,Stab,Right
1677415643692,-0.963312,0.020008,-0.175192,0.07,-4.76,0.35,Stab,Right
1677415643692,-0.959408,0.042944,-0.179584,0.07,-3.36,1.26,Stab,Right
1677415646308,-0.978928,0.025376,-0.260592,3.08,-4.9,2.03,Stab,Right
1677415646308,-0.966728,0.028304,-0.242048,3.01,-8.96,0.63,Stab,Right
1677415646308,-0.954528,0.02684,-0.225456,2.17,-11.27,-0.91,Stab,Right
1677415646308,-0.95892,0.022448,-0.209352,1.82,-9.24,-3.08,Stab,Right
1677415646438,-0.953064,0.010248,-0.207888,3.08,-3.99,-3.36,Stab,Right
1677415646439,-0.9394,0.018056,-0.216672,3.99,0.98,-2.73,Stab,Right
1677415646439,-0.941352,0.028792,-0.245464,3.43,3.92,-1.26,Stab,Right
1677415646445,-0.948672,0.03904,-0.251808,1.68,3.57,0.91,Stab,Right
1677415646445,-0.942816,0.047824,-0.26596,-0.56,0.14,2.59,Stab,Right
1677415646445,-0.941352,0.057096,-0.25864,-1.4,-4.97,1.68,Stab,Right
1677415646445,-0.950624,0.04636,-0.238632,-0.07,-6.44,-1.4,Stab,Right
1677415646498,-0.96624,0.040504,-0.246928,-0.49,-2.17,-4.2,Stab,Right
1677415646498,-0.986248,0.021472,-0.281576,1.12,5.81,-6.23,Stab,Right
1677415646498,-0.958432,-0.000488,-0.309392,7.63,12.04,-9.52,Stab,Right
1677415646498,-0.938424,-0.012688,-0.313296,10.57,11.2,-11.2,Stab,Right
1677415646563,-0.9028,-0.02928,-0.258152,9.87,1.12,-7.35,Stab,Right
1677415646563,-0.878888,-0.040992,-0.225456,3.36,-12.74,-0.7,Stab,Right
1677415646563,-0.908168,-0.04392,-0.197152,0.77,-20.65,4.34,Stab,Right
1677415646563,-0.93452,-0.040504,-0.168848,0.91,-18.2,4.76,Stab,Right
1677415646619,-0.95892,-0.038064,-0.164456,2.38,-9.38,1.75,Stab,Right
1677415646619,-0.986248,-0.038064,-0.179584,4.34,2.73,-0.49,Stab,Right
1677415646619,-0.996008,-0.038064,-0.201056,6.86,9.24,-1.33,Stab,Right
1677415646744,-0.999912,-0.040992,-0.220088,10.15,11.9,-1.4,Stab,Right
1677415646744,-1.004792,-0.02196,-0.237168,11.76,12.32,-0.42,Stab,Right
1677415646744,-1.029192,-0.017568,-0.274744,11.34,12.67,0.77,Stab,Right
1677415646744,-1.031632,-0.005856,-0.308904,10.22,13.79,2.1,Stab,Right
1677415646744,-1.03456,0.003416,-0.34404,9.38,12.25,2.1,Stab,Right
1677415646744,-1.01992,-0.003904,-0.354288,10.71,8.82,1.68,Stab,Right
1677415646744,-0.996008,-0.025376,-0.337208,9.59,2.38,2.94,Stab,Right
1677415646805,-0.975512,-0.0244,-0.323544,10.08,-5.25,7.0,Stab,Right
1677415646805,-0.969656,-0.027816,-0.294752,9.03,-11.06,12.11,Stab,Right
1677415646805,-0.972096,-0.013664,-0.267912,7.0,-15.68,16.24,Stab,Right
1677415646805,-0.986248,0.01708,-0.23424,5.74,-17.85,18.55,Stab,Right
1677415646940,-0.992592,0.0366,-0.221064,5.18,-19.18,17.99,Stab,Right
1677415646940,-0.990152,0.046848,-0.20496,5.67,-19.53,15.82,Stab,Right
1677415646940,-0.981368,0.058072,-0.19032,5.74,-18.48,12.04,Stab,Right
1677415646940,-0.981856,0.076128,-0.18056,5.18,-14.0,8.82,Stab,Right
1677415646940,-0.89304,-0.08784,0.091256,89.74,7.28,0.91,Stab,Right
1677415646941,-0.867176,0.151768,-0.243512,32.76,98.07,-31.92,Stab,Right
1677415646941,-0.97112,0.020496,-0.713944,78.89,74.06,-64.75,Stab,Right
1677415647070,-0.890112,-0.015128,-0.406016,54.53,10.78,-59.57,Stab,Right
1677415647070,-1.001376,-0.093696,-0.476776,80.78,-3.71,-37.94,Stab,Right
1677415647070,-0.921344,-0.050264,-0.369416,84.0,-16.59,-13.09,Stab,Right
1677415647070,-1.019432,-0.14396,-0.303048,174.3,-25.13,-4.76,Stab,Right
1677415647071,-1.15168,-0.234728,-0.169824,127.96,-17.71,42.21,Stab,Right
1677415647071,-1.39812,-0.243024,-0.128344,111.86,-21.49,82.53,Stab,Right
1677415647071,-1.498648,-0.402112,0.006832,84.0,-47.39,94.08,Stab,Right
1677415647071,-1.214144,-0.250344,0.059048,62.16,-92.05,70.98,Stab,Right
1677415647188,-1.078968,-0.103944,0.057584,87.08,-109.69,35.98,Stab,Right
1677415647188,-1.046272,-0.076616,-0.040992,97.51,-120.96,6.93,Stab,Right
1677415647188,-1.037,-0.027328,-0.222528,94.22,-119.49,-8.47,Stab,Right
1677415647188,-0.991128,0.028304,-0.269864,74.13,-92.96,-10.92,Stab,Right
1677415647188,-0.932568,0.027816,-0.241072,50.4,-59.78,-6.51,Stab,Right
1677415647188,-0.879864,0.032696,-0.20252,46.27,-55.09,-6.86,Stab,Right
1677415647189,-0.769576,0.06588,-0.182024,65.59,-79.66,-14.77,Stab,Right
1677415647293,-0.7076,0.071736,-0.242048,89.81,-133.98,-29.82,Stab,Right
1677415647294,-0.651968,0.04148,-0.15616,103.74,-210.07,-63.28,Stab,Right
1677415647294,-0.603656,0.020008,0.2074,139.51,-325.78,-110.53,Stab,Right
1677415647294,-0.965752,0.060024,0.39528,86.52,-439.39,-125.65,Stab,Right
1677415647294,-0.798368,-0.121024,0.729072,47.11,-532.77,-133.77,Stab,Right
1677415647294,-0.930128,-0.20252,1.104832,101.22,-590.03,-112.91,Stab,Right
1677415647294,-0.865712,-0.138104,1.305888,165.06,-585.34,-39.48,Stab,Right
1677415647394,-0.533872,-0.088328,1.416176,234.71,-507.57,18.27,Stab,Right
1677415647394,-0.522648,0.062464,1.499136,323.68,-441.77,17.5,Stab,Right
1677415647394,-0.47092,0.149816,1.318088,259.56,-394.94,-15.54,Stab,Right
1677415647395,-0.374296,0.157136,1.166808,227.99,-342.58,-66.22,Stab,Right
1677415647395,-0.049776,-0.138104,1.123864,120.82,-278.11,-79.1,Stab,Right
1677415647395,-0.04392,-0.116144,0.996008,-16.94,-213.43,-53.83,Stab,Right
1677415647493,-0.245952,-0.023424,0.764208,-28.07,-135.66,-12.67,Stab,Right
1677415647493,-0.461648,0.274744,0.497272,18.76,-46.48,3.71,Stab,Right
1677415647493,-0.574376,0.559248,0.323056,-32.9,87.22,-2.73,Stab,Right
1677415647493,-0.65636,0.5246,0.027328,-90.51,255.43,-63.98,Stab,Right
1677415647493,-0.77592,-0.282552,-0.166408,-68.88,426.86,-151.83,Stab,Right
1677415647493,-1.113616,-0.382104,-0.575352,-179.06,578.76,-119.56,Stab,Right
1677415647547,-1.105808,-0.177632,-0.44164,-134.47,670.25,-28.63,Stab,Right
1677415647547,-1.209264,0.152256,0.045872,-174.93,699.72,68.6,Stab,Right
1677415647547,-0.990152,0.134688,0.41236,-226.03,668.36,145.32,Stab,Right
1677415647681,-1.1224,0.061976,0.472872,-204.05,612.71,169.12,Stab,Right
1677415647681,-1.447896,0.061,0.393816,-230.09,599.48,156.31,Stab,Right
1677415647682,-1.567944,-0.037088,0.194712,-229.39,615.02,132.3,Stab,Right
1677415647682,-1.470832,0.004392,-0.215696,-178.85,603.68,126.98,Stab,Right
1677415647682,-1.269776,0.111752,-0.516304,-178.85,533.75,141.68,Stab,Right
1677415647682,-1.223904,0.062952,-0.384056,-148.26,403.97,147.84,Stab,Right
1677415647683,-1.079456,0.060512,-0.07808,-130.2,203.77,115.64,Stab,Right
1677415647798,-0.88816,0.116144,-0.04392,-41.3,-82.6,46.13,Stab,Right
1677415647798,-0.916464,0.036112,0.004392,45.5,-334.11,-33.04,Stab,Right
1677415647798,-1.207312,-0.337696,0.145912,36.96,-539.21,-105.77,Stab,Right
1677415647798,-1.369816,-0.277184,0.577304,49.42,-629.65,-199.08,Stab,Right
1677415647798,-1.27368,-0.327448,1.097024,45.78,-683.69,-229.39,Stab,Right
1677415647798,-1.12484,-0.182024,1.152168,57.96,-666.82,-203.7,Stab,Right
1677415647798,-1.0248,-0.061976,1.1712,55.23,-606.2,-165.27,Stab,Right
1677415647904,-0.896456,-0.08296,1.104344,35.0,-566.72,-152.32,Stab,Right
1677415647905,-0.811544,-0.16348,0.984784,2.45,-545.3,-168.49,Stab,Right
1677415647905,-0.732,-0.267912,0.920368,-40.88,-517.72,-194.18,Stab,Right
1677415647905,-0.833992,-0.243024,0.960872,-58.24,-459.97,-197.4,Stab,Right
1677415647905,-0.814472,-0.111752,0.967216,-25.41,-383.6,-172.13,Stab,Right
1677415647905,-0.793976,-0.007808,0.979416,-3.57,-289.8,-131.74,Stab,Right
1677415647905,-0.948184,-0.138104,0.798368,2.94,-180.32,-97.16,Stab,Right
1677415648007,-1.267336,-0.257176,0.447008,14.84,-30.94,-64.19,Stab,Right
1677415648007,-1.347856,-0.302072,-0.006832,26.95,151.34,-12.18,Stab,Right
1677415648007,-1.051152,-0.29768,-0.19764,-3.08,360.57,48.58,Stab,Right
1677415648007,-0.715408,-0.155184,-0.129808,-72.59,526.61,71.33,Stab,Right
1677415648007,-0.687592,-0.09272,0.222528,-95.97,645.61,38.71,Stab,Right
1677415648007,-0.603168,-0.02928,0.626104,-108.15,652.12,-7.42,Stab,Right
1677415648070,-0.465064,0.022936,0.95404,-104.09,540.05,-30.17,Stab,Right
1677415648070,-0.770064,0.004392,1.087264,-68.81,334.88,9.1,Stab,Right
1677415648070,-0.721752,-0.040504,0.647088,42.28,162.05,75.88,Stab,Right
1677415648193,-0.549976,-0.237168,-0.466528,85.68,78.82,134.05,Stab,Right
1677415648193,-0.772504,-0.277184,-0.470432,72.94,84.98,129.22,Stab,Right
1677415648193,-1.009672,-0.26108,-0.159088,-31.01,23.38,97.02,Stab,Right
1677415648193,-1.464,-0.235216,0.584624,-49.84,-49.98,71.33,Stab,Right
1677415648193,-1.416664,-0.223992,0.962824,-41.72,-62.51,55.37,Stab,Right
1677415648193,-1.281,-0.235704,1.638216,-20.44,-2.52,55.09,Stab,Right
1677415648194,-1.095072,-0.007808,1.669936,59.36,31.99,66.22,Stab,Right
1677415648252,-0.991616,0.05856,0.845216,132.44,76.51,97.51,Stab,Right
1677415648252,-1.070184,0.147376,-0.414312,153.58,131.46,100.52,Stab,Right
1677415648252,-1.05652,0.16836,-1.604056,74.2,157.5,86.17,Stab,Right
1677415648252,-0.980392,0.128832,-1.657248,-27.02,144.76,63.63,Stab,Right
1677415648381,-0.975024,-0.063928,-0.42456,-117.46,75.67,36.12,Stab,Right
1677415648381,-1.057008,-0.15128,0.989664,-125.58,-59.22,-3.08,Stab,Right
1677415648382,-1.069696,-0.081984,2.106208,-52.01,-198.03,-43.12,Stab,Right
1677415648382,-1.179008,0.097112,2.325808,-0.63,-217.42,-38.71,Stab,Right
1677415648382,-1.544032,-0.11468,2.756712,122.29,-70.35,3.64,Stab,Right
1677415648382,-1.273192,-0.311344,0.411872,291.2,65.66,78.82,Stab,Right
1677415648382,-0.927688,-0.30744,-2.402912,277.9,208.11,138.18,Stab,Right
1677415648497,-0.256688,0.11956,-3.7698,122.99,269.01,141.19,Stab,Right
1677415648497,0.01952,0.054656,-2.499536,-125.37,237.86,125.3,Stab,Right
1677415648497,-0.0122,-0.051728,-0.595848,-252.7,103.88,69.58,Stab,Right
1677415648497,-0.179096,-0.086864,1.418616,-225.05,-60.41,-6.86,Stab,Right
1677415648497,-1.048712,0.081008,2.987048,-64.75,-205.17,-68.25,Stab,Right
1677415648497,-1.741672,0.382104,3.165656,21.35,-290.22,-100.59,Stab,Right
1677415648497,-1.832928,-0.022448,2.466352,110.67,-157.08,-72.17,Stab,Right
1677415648622,-1.760704,-0.06344,0.030256,234.22,39.06,-4.27,Stab,Right
1677415648623,-1.334192,0.018544,-1.896368,172.69,229.53,65.1,Stab,Right
1677415648623,-0.72224,0.36112,-2.899696,19.74,296.45,99.82,Stab,Right
1677415648623,-0.167872,0.415776,-2.15452,-81.9,293.09,121.38,Stab,Right
1677415648623,-0.20984,0.240584,-0.542656,-161.56,204.4,107.8,Stab,Right
1677415648623,-0.628056,0.293288,1.319064,-150.01,51.03,72.8,Stab,Right
1677415648623,-1.28832,0.532896,2.4766,-83.44,-81.48,48.23,Stab,Right
1677415648623,-2.177944,0.56852,2.740608,20.16,-189.28,37.17,Stab,Right
1677415648721,-1.868552,0.331352,1.639192,117.53,-236.18,40.32,Stab,Right
1677415648722,-1.072624,-0.013176,-0.601704,230.65,-128.73,74.55,Stab,Right
1677415648722,-0.336232,0.289872,-2.612264,169.05,-2.24,93.03,Stab,Right
1677415648722,-0.377712,0.477264,-2.533208,-10.08,43.33,99.82,Stab,Right
1677415648722,-0.44652,0.403088,-0.994056,-141.96,23.45,76.93,Stab,Right
1677415648786,-0.811056,0.294264,1.001864,-138.95,-55.65,-5.11,Stab,Right
1677415648786,-1.159,0.669536,1.834392,-102.13,-39.48,-93.59,Stab,Right
1677415648786,-1.493768,0.549,2.28872,25.69,-15.75,-129.08,Stab,Right
1677415648786,-1.630896,0.228384,1.092632,137.62,-39.2,-95.2,Stab,Right
1677415648909,-1.108248,0.137616,-1.077504,171.15,-33.88,-38.64,Stab,Right
1677415648910,-0.288896,0.1708,-2.550288,81.34,27.65,26.67,Stab,Right
1677415648910,-0.10248,0.46848,-2.255048,-43.75,51.87,75.46,Stab,Right
1677415648910,-0.166408,0.271816,-0.424072,-170.66,17.92,85.61,Stab,Right
1677415648910,-0.283528,0.23424,1.6958,-171.43,-50.82,54.88,Stab,Right
1677415648910,-1.5372,-0.482632,1.382504,-63.28,-119.35,-3.08,Stab,Right
1677415648910,-1.779248,0.526552,3.35988,53.2,14.49,-168.0,Stab,Right
1677415649032,-2.592256,0.519232,1.400072,140.49,-10.99,-168.35,Stab,Right
1677415649032,-1.945656,-0.000488,-1.17364,191.73,127.12,-47.11,Stab,Right
1677415649032,-0.7808,0.02928,-2.92312,209.44,206.43,44.66,Stab,Right
1677415649032,0.559736,0.438224,-3.431616,77.42,152.18,82.74,Stab,Right
1677415649032,0.58804,0.455792,-1.748016,-191.8,9.17,130.48,Stab,Right
1677415649032,0.308416,0.38552,0.783728,-326.97,-158.76,113.75,Stab,Right
1677415649032,-0.218624,0.4758,2.179408,-180.6,-274.61,60.2,Stab,Right
1677415649032,-1.164368,1.831952,3.566792,-156.87,-103.95,-170.66,Stab,Right
1677415649133,-1.848056,0.433832,3.21836,-78.82,-101.99,-212.45,Stab,Right
1677415649133,-2.985584,-0.372344,0.988688,-106.61,-4.48,-136.99,Stab,Right
1677415649133,-2.072536,-0.242048,-1.323944,145.53,213.15,67.9,Stab,Right
1677415649133,-0.066856,0.725168,-3.230072,188.02,338.38,166.18,Stab,Right
1677415649134,1.5372,1.376648,-2.59128,35.21,268.59,180.95,Stab,Right
1677415649134,1.226344,0.42212,-0.230336,-226.73,73.64,159.95,Stab,Right
1677415649235,-0.055632,0.106384,1.687504,-239.75,-141.12,72.8,Stab,Right
1677415649235,-1.496208,0.244488,2.584936,-35.14,-289.73,-11.9,Stab,Right
1677415649236,-1.758264,1.825608,2.573224,-333.9,-161.21,-159.18,Stab,Right
1677415649236,-2.663504,0.164456,1.525488,47.88,-26.88,-117.74,Stab,Right
1677415649236,-2.328248,0.269864,0.057584,144.06,97.58,75.39,Stab,Right
1677415649236,-1.48108,0.590968,-1.857328,223.93,154.14,136.57,Stab,Right
1677415649339,0.711504,0.68076,-2.785992,84.07,56.56,131.46,Stab,Right
1677415649339,1.102392,0.845216,-1.907104,-138.32,-119.14,134.68,Stab,Right
1677415649339,0.606584,0.420168,0.379664,-328.51,-284.06,75.6,Stab,Right
1677415649339,-0.322568,0.089304,1.858792,-256.97,-330.68,-18.76,Stab,Right
1677415649339,-1.055056,-0.118584,2.728896,-20.44,-81.83,-145.39,Stab,Right
1677415649339,-2.175504,0.31232,3.446256,-115.43,-22.12,-165.55,Stab,Right
1677415649439,-2.388272,-0.030744,1.997872,131.88,26.39,62.65,Stab,Right
1677415649439,-1.539152,0.242536,-0.676856,257.6,39.97,205.8,Stab,Right
1677415649439,0.209352,0.948184,-2.707912,146.16,56.49,183.05,Stab,Right
1677415649440,1.215608,0.691008,-2.372168,-36.96,-18.97,121.1,Stab,Right
1677415649440,1.280024,0.174704,-0.977464,-218.47,-122.57,15.96,Stab,Right
1677415649440,0.354288,-0.140056,0.397232,-231.28,-171.92,-106.82,Stab,Right
1677415649543,-0.44896,0.122,1.524512,-227.57,-56.0,-209.16,Stab,Right
1677415649544,-1.525976,0.20008,2.572736,-52.36,44.03,-269.92,Stab,Right
1677415649544,-2.294088,0.615856,2.81332,-37.52,86.38,-169.4,Stab,Right
1677415649544,-1.641144,0.068808,1.713368,171.64,49.63,113.61,Stab,Right
1677415649544,-0.543144,0.550952,-0.821304,283.15,45.64,192.5,Stab,Right
1677415649544,0.348432,0.772016,-2.277496,76.09,30.52,177.31,Stab,Right
1677415649647,0.777384,1.031144,-1.95688,-37.38,-14.84,130.55,Stab,Right
1677415649647,0.499224,0.633912,-0.5612,-183.47,-51.38,61.46,Stab,Right
1677415649647,-0.183488,0.323544,1.267824,-135.52,-68.25,-1.75,Stab,Right
1677415649647,-1.16876,-0.792512,1.914912,-125.65,100.66,-87.85,Stab,Right
1677415649647,-2.043256,0.141032,2.831864,90.51,210.7,-210.98,Stab,Right
1677415649648,-2.01788,0.103456,1.699704,239.75,219.17,-207.2,Stab,Right
1677415649748,-2.060336,0.547048,-0.06832,179.2,207.27,-110.53,Stab,Right
1677415649749,-0.654408,0.981856,-1.176568,205.38,196.84,27.3,Stab,Right
1677415649749,0.452376,0.869616,-1.732888,141.89,142.17,118.37,Stab,Right
1677415649749,0.796416,0.874984,-1.31272,-67.34,55.65,137.62,Stab,Right
1677415649749,0.3172,0.552904,-0.161528,-178.01,-25.97,120.82,Stab,Right
1677415649749,-0.33184,0.215208,1.1468,-158.2,-82.95,88.76,Stab,Right
1677415649849,-1.214144,-0.2684,0.465552,-77.42,-81.2,52.57,Stab,Right
1677415649850,-2.01544,0.622688,2.302384,29.4,73.15,-59.43,Stab,Right
1677415649850,-2.417552,0.538752,1.688968,63.49,34.65,-5.53,Stab,Right
1677415649850,-2.144272,0.577304,0.874496,153.09,25.06,112.14,Stab,Right
1677415649850,-1.162904,0.678808,-0.789096,214.9,28.98,151.55,Stab,Right
1677415649850,0.171288,0.754448,-1.74948,172.97,10.36,115.01,Stab,Right
1677415649954,0.847168,0.799344,-1.63724,-19.11,-67.55,68.25,Stab,Right
1677415649954,0.40748,0.664168,-1.103856,-138.46,-148.61,3.78,Stab,Right
1677415649954,-0.130296,0.44652,-0.284016,-213.99,-187.46,-86.17,Stab,Right
1677415649954,-0.891576,0.47336,0.804224,-259.56,-119.35,-153.79,Stab,Right
1677415649954,-1.586976,0.367464,2.434144,-131.74,-49.21,-211.47,Stab,Right
1677415649954,-2.244312,0.404552,2.462936,-39.06,-46.83,-212.52,Stab,Right
1677415650055,-2.509296,0.68808,1.423984,118.02,-91.35,-149.94,Stab,Right
1677415650055,-2.074976,0.818376,-0.464576,183.96,-131.25,4.76,Stab,Right
1677415650055,-1.043832,0.720288,-1.91296,175.14,-104.16,137.69,Stab,Right
1677415650055,-0.056608,0.93696,-2.34728,32.48,-106.89,145.95,Stab,Right
1677415650055,0.671,0.708088,-1.271728,-161.7,-162.82,127.96,Stab,Right
1677415650055,0.517768,0.391864,-0.119072,-258.09,-235.62,78.47,Stab,Right
1677415650156,0.34404,0.193736,0.940376,-258.23,-275.03,7.56,Stab,Right
1677415650156,0.184464,0.505568,1.003328,-361.13,-169.26,-101.43,Stab,Right
1677415650156,-0.333304,0.10736,2.990464,-183.05,-92.26,-100.8,Stab,Right
1677415650156,-0.753472,-0.000488,3.398432,-38.92,-88.48,-23.73,Stab,Right
1677415650156,-1.653832,0.121024,2.339472,116.48,-101.22,5.81,Stab,Right
1677415650156,-1.954928,0.409432,0.26108,221.48,-108.43,7.21,Stab,Right
1677415650208,-1.577704,0.775432,-1.83,196.77,-94.08,67.48,Stab,Right
1677415650208,-0.867176,0.980392,-2.43268,72.59,-60.13,64.96,Stab,Right
1677415650208,-0.104432,0.755912,-1.504016,-86.66,-68.18,41.23,Stab,Right
1677415650265,0.760792,0.329888,0.152744,-218.12,-107.38,29.05,Stab,Right
1677415650265,1.181936,0.15372,1.279536,-216.3,-59.08,-38.99,Stab,Right
1677415650265,1.52012,-0.222528,2.59128,-189.49,37.94,-84.42,Stab,Right
1677415650365,0.922808,-0.295728,3.095872,-85.19,98.56,-104.72,Stab,Right
1677415650365,-1.276608,-0.152256,2.651304,28.07,109.97,-109.76,Stab,Right
1677415650365,-2.460496,0.28304,1.088728,153.23,30.1,-78.47,Stab,Right
1677415650365,-2.344352,0.6466,-0.362096,147.49,-66.15,11.13,Stab,Right
1677415650365,-1.628944,0.949648,-0.928664,103.18,-107.03,83.72,Stab,Right
1677415650365,-0.457744,0.915,-1.00772,26.25,-93.8,97.16,Stab,Right
1677415650477,-0.11224,0.659776,-0.601216,-78.96,-47.67,99.82,Stab,Right
1677415650477,0.022936,0.4514,0.196664,-138.18,-19.46,63.98,Stab,Right
1677415650477,0.480192,0.225456,1.20292,-145.11,3.71,17.01,Stab,Right
1677415650477,0.465552,0.00244,1.755824,-125.37,12.18,6.51,Stab,Right
1677415650478,-0.013176,-0.109312,2.00568,-85.05,1.75,-6.3,Stab,Right
1677415650478,-0.440664,0.030744,1.7568,-40.81,-35.91,-28.14,Stab,Right
1677415650565,-0.88816,0.183976,1.049688,14.07,-62.44,-39.06,Stab,Right
1677415650565,-1.338584,0.503128,0.152256,45.71,-71.26,-28.91,Stab,Right
1677415650565,-1.379088,0.67832,-0.521184,3.22,-59.85,0.91,Stab,Right
1677415650565,-0.735416,0.661728,-0.247904,-17.85,-34.86,42.42,Stab,Right
1677415650566,0.47336,0.363072,0.404552,-100.8,20.86,76.16,Stab,Right
1677415650566,1.284904,0.1098,1.274168,-88.55,120.12,60.9,Stab,Right
1677415650673,1.204384,-0.104432,1.818776,-80.22,148.33,11.48,Stab,Right
1677415650673,0.325984,-0.1952,2.128168,-79.03,100.38,-48.51,Stab,Right
1677415650674,-0.740296,-0.050264,2.013488,-28.14,15.89,-76.86,Stab,Right
1677415650674,-1.536712,0.142984,1.251232,57.33,-55.51,-60.06,Stab,Right
1677415650674,-1.938824,0.432856,0.311344,83.79,-75.74,-18.41,Stab,Right
1677415650674,-1.672376,0.725168,-0.258152,78.61,-38.22,23.31,Stab,Right
1677415650770,-0.803248,0.72956,-0.303536,34.37,28.35,54.95,Stab,Right
1677415650770,0.134688,0.528016,0.22448,-41.02,80.08,63.49,Stab,Right
1677415650770,0.608048,0.252784,0.920856,-85.47,96.32,46.55,Stab,Right
1677415650770,0.495808,0.06832,1.493768,-94.36,64.61,21.63,Stab,Right
1677415650770,0.065392,-0.02196,1.656272,-77.49,3.29,-3.5,Stab,Right
1677415650770,-0.361608,0.0366,1.499624,-31.99,-57.47,-20.79,Stab,Right
1677415650876,-0.915488,0.213744,1.111664,14.84,-76.44,-24.29,Stab,Right
1677415650876,-1.091168,0.36356,0.63196,41.58,-50.75,-11.83,Stab,Right
1677415650876,-0.979904,0.375272,0.454816,25.97,14.28,13.02,Stab,Right
1677415650876,-0.815936,0.413336,0.593896,3.57,42.07,27.16,Stab,Right
1677415650876,-0.664168,0.391864,0.73444,-9.52,46.34,31.15,Stab,Right
1677415650877,-0.285968,0.342088,0.988688,-21.91,24.78,38.71,Stab,Right
1677415650981,-0.101016,0.220576,1.1956,-30.59,-1.26,43.89,Stab,Right
1677415650981,-0.133224,0.179096,1.269288,-21.91,-21.63,29.82,Stab,Right
1677415650981,-0.272304,0.19032,1.156072,-3.22,-20.93,5.6,Stab,Right
1677415650981,-0.350872,0.239608,0.95404,7.56,-9.45,-6.72,Stab,Right
1677415650981,-0.24644,0.275232,0.845216,12.74,-2.03,-10.01,Stab,Right
1677415650981,-0.091256,0.265472,0.833992,13.09,0.21,-12.39,Stab,Right
1677415651079,-0.093208,0.224968,0.8174,5.25,-0.21,-19.11,Stab,Right
1677415651079,-0.270352,0.236192,0.78324,0.84,-1.26,-25.97,Stab,Right
1677415651080,-0.622688,0.26352,0.747128,-9.59,-5.81,-32.34,Stab,Right
1677415651080,-0.906216,0.35136,0.775432,-20.79,-12.6,-26.95,Stab,Right
1677415651080,-0.908656,0.35868,0.79544,-13.09,-17.92,-6.65,Stab,Right
1677415651080,-0.698328,0.298168,0.835944,-2.38,-8.75,8.61,Stab,Right
1677415651182,-0.413824,0.230336,1.006256,-5.81,20.3,6.44,Stab,Right
1677415651182,-0.18056,0.1464,1.042856,-1.33,17.78,-6.79,Stab,Right
1677415651348,-2.126216,0.632448,-0.55876,167.02,90.3,-48.3,Stab,Right
1677415651497,-0.840336,0.05124,0.20008,269.78,10.64,-3.71,Stab,Right
1677415651595,-0.818376,0.294264,-1.359568,251.72,-37.94,-20.16,Stab,Right
1677415651595,-1.012112,0.52216,-2.251144,128.45,-72.24,-42.84,Stab,Right
1677415651595,-0.836432,0.79056,-2.016416,-31.15,-61.18,-52.99,Stab,Right
1677415651595,-0.30988,0.696864,-0.604144,-141.26,1.19,-26.18,Stab,Right
1677415651595,0.258152,0.232288,0.948184,-170.94,90.44,-4.62,Stab,Right
1677415651696,0.38308,-0.192272,2.439512,-130.06,134.19,-29.82,Stab,Right
1677415651696,0.12688,-0.238144,3.241784,-51.59,103.6,-82.6,Stab,Right
1677415651697,-0.494344,-0.121024,3.03048,34.86,51.73,-86.52,Stab,Right
1677415651697,-1.032608,-0.145912,1.72508,187.18,39.83,-26.32,Stab,Right
1677415651697,-1.414224,0.03904,-0.589016,278.67,28.35,-3.85,Stab,Right
1677415651697,-1.870016,0.34404,-2.31312,166.67,-6.16,-20.72,Stab,Right
1677415651794,-1.985184,0.672952,-2.4522,24.43,-23.52,-47.88,Stab,Right
1677415651795,-1.443992,0.765672,-1.579168,-137.9,-1.19,-19.81,Stab,Right
1677415651795,-0.72468,0.38552,-0.157624,-218.19,39.13,13.72,Stab,Right
1677415651795,-0.111264,0.350872,1.475712,-230.72,52.01,5.74,Stab,Right
1677415651795,-0.103944,-0.13908,2.501488,-95.69,14.42,-44.17,Stab,Right
1677415651795,-0.006832,-0.274256,3.180296,-126.91,-43.19,-78.54,Stab,Right
1677415651898,-0.160064,-0.521184,3.019256,-53.34,-54.18,-87.29,Stab,Right
1677415651898,-0.718824,-0.401136,1.608936,176.47,3.22,-18.06,Stab,Right
1677415651898,-1.604056,-0.059536,-0.257176,279.93,99.05,18.69,Stab,Right
1677415651898,-2.234064,0.530456,-2.05204,208.88,138.32,25.69,Stab,Right
1677415651898,-1.9154,0.862296,-2.482944,173.74,129.85,6.23,Stab,Right
1677415651898,-0.814472,0.532896,-1.763632,-68.74,60.62,-24.29,Stab,Right
1677415651999,-0.26352,0.466528,-0.36844,-286.72,3.43,-23.03,Stab,Right
1677415651999,0.43432,0.578768,1.247328,-255.36,-35.28,-33.53,Stab,Right
1677415651999,0.1464,-0.375272,2.529792,-143.29,-60.83,-57.75,Stab,Right
1677415652000,-0.240584,-0.6466,2.873832,-69.16,-32.9,-66.64,Stab,Right
1677415652000,-1.2688,-0.525088,2.348744,61.46,0.49,-38.5,Stab,Right
1677415652000,-1.774368,-0.229848,1.02968,185.29,52.78,28.77,Stab,Right
1677415652102,-1.813408,0.193736,-0.482632,250.6,104.58,71.33,Stab,Right
1677415652102,-1.688968,0.829112,-1.911008,176.68,109.62,59.22,Stab,Right
1677415652102,-0.970144,0.782264,-1.980792,56.14,49.91,19.53,Stab,Right
1677415652102,-0.299632,0.66124,-1.23708,-107.59,-13.72,0.63,Stab,Right
1677415652102,0.179584,0.404064,0.129808,-222.32,-31.5,-15.26,Stab,Right
1677415652102,0.270352,-0.19764,1.818776,-138.74,-32.55,-65.52,Stab,Right
1677415652203,-0.205448,-0.584136,2.936784,-176.89,-32.83,-92.05,Stab,Right
1677415652203,-1.133136,-0.816912,2.727432,-70.0,-27.79,-105.77,Stab,Right
1677415652203,-1.628944,-0.487024,1.794376,128.38,-10.99,-40.6,Stab,Right
1677415652203,-1.517192,-0.051728,0.195688,247.87,42.63,58.1,Stab,Right
1677415652204,-1.667496,0.691496,-1.718736,301.0,118.44,99.19,Stab,Right
1677415652204,-1.47864,1.370792,-3.150528,168.84,158.06,69.93,Stab,Right
1677415652308,-0.607072,0.898896,-2.312144,-41.44,84.07,-13.93,Stab,Right
1677415652308,-0.121512,0.36356,-0.614392,-274.33,-13.51,-52.5,Stab,Right
1677415652308,-0.028792,-0.059536,1.112152,-306.32,-70.35,-86.52,Stab,Right
1677415652308,-0.460184,-0.869616,2.980704,-205.03,-98.14,-112.63,Stab,Right
1677415652308,-0.648552,-1.176568,3.8064,-128.31,-116.62,-81.41,Stab,Right
1677415652308,-1.294664,-1.279048,2.94752,74.34,-71.96,-33.18,Stab,Right
1677415652407,-1.833904,-0.425536,1.025288,294.91,48.86,77.21,Stab,Right
1677415652407,-1.40056,0.366,-1.364448,359.24,173.88,152.11,Stab,Right
1677415652407,-1.063352,1.770952,-4.000624,254.1,259.35,147.21,Stab,Right
1677415652407,0.079056,1.050664,-3.355976,24.85,193.41,60.2,Stab,Right
1677415652409,0.25132,0.508008,-1.217072,-169.33,45.29,-32.97,Stab,Right
1677415652409,0.116144,-0.190808,1.250256,-270.9,-10.85,-110.74,Stab,Right
1677415652510,-0.610488,-0.952576,2.997784,-195.44,-27.44,-166.32,Stab,Right
1677415652510,-1.407392,-1.11508,3.783952,2.94,-70.35,-210.49,Stab,Right
1677415652511,-1.92272,-1.162416,3.200792,101.64,-87.01,-170.1,Stab,Right
1677415652511,-2.003728,-0.72956,0.943792,239.05,18.2,-43.96,Stab,Right
1677415652511,-1.355176,-0.284016,-1.377624,343.7,198.73,98.21,Stab,Right
1677415652511,-0.91744,1.226344,-3.593144,356.86,308.84,98.14,Stab,Right
1677415652616,0.33184,0.636352,-3.33304,105.91,190.61,47.46,Stab,Right
1677415652617,0.084912,0.466528,-1.892464,-132.72,-101.64,-21.91,Stab,Right
1677415652617,-0.0366,0.342576,0.403088,-314.09,-314.02,-101.78,Stab,Right
1677415652617,-0.130296,-0.881816,1.549888,-200.34,-309.89,-113.05,Stab,Right
1677415652617,-0.295728,-1.152656,3.76248,21.49,-143.22,-110.81,Stab,Right
1677415652618,-0.926224,-1.075552,3.39404,49.07,-22.54,-79.52,Stab,Right
1677415652664,-1.962736,-0.708576,1.901736,203.7,99.12,-15.68,Stab,Right
1677415652665,-2.252608,-0.189344,-1.069696,282.87,201.39,69.93,Stab,Right
1677415652665,-2.055944,0.84424,-3.2086,147.56,228.13,66.01,Stab,Right
1677415652791,-1.194136,0.98332,-3.356952,4.06,66.71,38.22,Stab,Right
1677415652791,-0.218624,0.913536,-1.620648,-176.89,-133.0,44.94,Stab,Right
1677415652791,0.426512,0.39284,0.945256,-233.38,-261.17,28.49,Stab,Right
1677415652792,0.78812,0.811056,2.484896,-440.93,-213.43,-66.36,Stab,Right
1677415652792,0.117608,-1.18584,2.8304,-113.4,-102.2,-140.84,Stab,Right
1677415652792,-1.041392,-1.145336,2.568832,60.62,12.46,-178.15,Stab,Right
1677415652792,-2.224304,-0.49288,0.871568,117.74,91.35,-90.09,Stab,Right
1677415652921,-2.458544,-0.149328,-0.887672,181.58,154.21,71.54,Stab,Right
1677415652921,-2.12524,0.887672,-2.286768,79.31,157.92,137.9,Stab,Right
1677415652921,-1.009672,1.21024,-2.344352,-25.27,104.58,158.9,Stab,Right
1677415652922,0.259128,0.642696,-0.395768,-118.37,28.07,148.82,Stab,Right
1677415652922,0.52704,-0.337208,1.055544,-120.68,-60.62,102.41,Stab,Right
1677415652922,0.350872,-0.226432,2.350208,-41.02,-38.08,-29.89,Stab,Right
1677415652922,-0.609512,-0.877912,2.579568,-58.45,-6.51,-119.56,Stab,Right
1677415652923,-1.901248,-0.820816,2.260416,153.02,-0.14,-194.39,Stab,Right
1677415653022,-2.487336,-0.235216,0.777384,104.79,20.3,-86.52,Stab,Right
1677415653022,-2.095472,0.02928,-0.876936,212.03,72.24,93.1,Stab,Right
1677415653022,-1.718736,0.872056,-2.289208,188.65,148.89,184.73,Stab,Right
1677415653022,-0.386008,1.49084,-2.496608,89.46,168.21,172.06,Stab,Right
1677415653022,0.320128,0.760304,-1.44936,-93.94,127.54,145.32,Stab,Right
1677415653022,0.436272,0.300608,0.43432,-136.15,8.4,70.42,Stab,Right
1677415653126,-0.257176,0.193736,1.179984,-308.98,-68.46,-41.86,Stab,Right
1677415653126,-1.268312,-0.79788,2.381928,-29.19,-46.62,-158.62,Stab,Right
1677415653126,-1.85928,-0.833016,2.684488,103.46,-52.64,-226.1,Stab,Right
1677415653126,-2.390224,-0.445544,1.7202,118.44,-44.24,-173.53,Stab,Right
1677415653126,-1.796816,-0.182512,0.244976,214.2,37.94,-11.13,Stab,Right
1677415653126,-1.372256,0.079056,-1.457168,249.13,169.26,133.14,Stab,Right
1677415653232,-0.40504,1.27612,-2.207224,232.4,210.7,125.79,Stab,Right
1677415653232,0.478728,0.691496,-2.021296,39.76,103.81,89.81,Stab,Right
1677415653232,0.127368,0.505568,-0.904264,-97.65,-113.33,5.67,Stab,Right
1677415653232,-0.476776,0.050264,-0.269864,-255.57,-313.67,-117.6,Stab,Right
1677415653233,-0.99308,0.156648,0.491904,-134.61,-306.81,-172.76,Stab,Right
1677415653233,-1.145824,-0.152256,1.157048,-130.13,-214.9,-123.27,Stab,Right
1677415653233,-1.362984,-0.237168,1.36884,-33.53,-137.55,-56.49,Stab,Right
1677415653330,-1.284904,-0.230824,1.3298,24.64,-51.24,-13.16,Stab,Right
1677415653330,-1.197552,-0.111264,0.95892,77.28,26.95,14.21,Stab,Right
1677415653330,-0.964288,0.040992,0.320128,110.11,81.34,34.65,Stab,Right
1677415653330,-0.842288,0.46604,-0.27816,88.62,69.44,29.89,Stab,Right
1677415653330,-0.662216,0.410408,-0.487024,34.44,12.39,2.87,Stab,Right
1677415653433,-0.766648,0.38796,-0.359168,-19.11,-65.52,-28.0,Stab,Right
1677415653433,-0.935984,0.333792,-0.111264,-57.96,-127.26,-61.81,Stab,Right
1677415653434,-1.099464,0.193736,0.076128,-69.16,-146.51,-71.33,Stab,Right
1677415653434,-1.18096,0.163968,0.386496,-94.5,-101.22,-70.77,Stab,Right
1677415653434,-1.192672,-0.016592,0.661728,-31.43,-63.7,-62.72,Stab,Right
1677415653434,-1.030168,-0.000488,0.77348,-21.49,-46.9,-41.23,Stab,Right
1677415653541,-0.764696,-0.040016,0.915488,19.6,-30.59,-2.1,Stab,Right
1677415653541,-0.63196,-0.010248,0.8784,57.61,7.7,-3.08,Stab,Right
1677415653541,-0.598288,0.001952,0.72468,73.71,56.63,6.37,Stab,Right
1677415653542,-0.603168,0.06344,0.506056,96.74,68.39,2.31,Stab,Right
1677415653542,-0.632936,0.183,0.135176,94.43,43.19,-17.85,Stab,Right
1677415653542,-0.767624,0.26596,-0.247904,32.2,3.57,-35.14,Stab,Right
1677415653542,-1.04188,0.232288,-0.315736,-30.45,-29.12,-33.88,Stab,Right
1677415653681,-1.245376,0.152256,-0.230336,-59.92,-52.01,-7.07,Stab,Right
1677415653681,-1.204384,0.122,0.00976,-56.63,-38.99,18.62,Stab,Right
1677415653681,-1.123376,-0.00488,0.376736,-37.24,-11.48,25.2,Stab,Right
1677415653681,-1.05408,-0.072712,0.774944,-10.43,11.13,20.02,Stab,Right
1677415653682,-0.927688,-0.099552,1.124352,0.42,17.43,12.18,Stab,Right
1677415653682,-0.857416,-0.1342,1.197064,19.25,15.05,8.47,Stab,Right
1677415653682,-0.835456,-0.108336,1.047248,54.11,18.13,12.18,Stab,Right
1677415653808,-0.83692,-0.052704,0.824232,94.15,29.12,19.95,Stab,Right
1677415653809,-0.87352,0.120048,0.325984,131.11,36.89,15.4,Stab,Right
1677415653809,-0.95892,0.352336,-0.206424,123.69,23.45,-4.76,Stab,Right
1677415653809,-0.998936,0.399184,-0.490928,66.64,-12.88,-25.13,Stab,Right
1677415653809,-1.051152,0.366976,-0.528992,-1.12,-45.99,-26.39,Stab,Right
1677415653809,-1.1468,0.290848,-0.354288,-54.81,-53.83,-16.73,Stab,Right
1677415653809,-1.096536,0.21228,-0.10004,-65.17,-48.51,-10.01,Stab,Right
1677415653809,-1.0126,0.137128,0.189344,-56.35,-40.81,-10.01,Stab,Right
1677415653929,-0.870592,0.111264,0.41236,-50.82,-42.21,-17.01,Stab,Right
1677415653929,-0.843264,0.143472,0.513376,-50.12,-54.11,-24.5,Stab,Right
1677415653929,-0.841312,0.120048,0.515816,-59.01,-62.37,-23.1,Stab,Right
1677415653929,-0.905728,0.090768,0.498736,-58.31,-57.47,-14.14,Stab,Right
1677415653929,-0.94184,0.05368,0.584136,-43.68,-44.1,-11.06,Stab,Right
1677415653929,-0.926712,-0.025864,0.715408,-41.3,-32.06,-15.26,Stab,Right
1677415653929,-0.8174,-0.11224,0.857904,-29.82,-26.53,-15.47,Stab,Right
1677415654049,-0.664656,-0.154208,0.8662,-3.99,-31.57,-13.23,Stab,Right
1677415654049,-0.579256,-0.074176,0.702232,28.0,-40.67,-13.02,Stab,Right
1677415654049,-0.60268,0.01708,0.467992,33.81,-46.62,-14.14,Stab,Right
1677415654049,-0.64416,0.090768,0.284016,13.3,-43.96,-16.52,Stab,Right
1677415654049,-0.741272,0.073688,0.20984,-7.56,-29.4,-16.59,Stab,Right
1677415654049,-0.887184,0.01464,0.229848,-30.31,-4.83,-16.03,Stab,Right
1677415654049,-1.020408,-0.034648,0.318664,-31.43,12.53,-19.88,Stab,Right
1677415654049,-1.081408,-0.07076,0.458232,-31.78,14.91,-23.17,Stab,Right
1677415654150,-1.023824,-0.089304,0.543632,-28.77,-4.2,-22.47,Stab,Right
1677415654150,-0.915,-0.07076,0.620736,-23.45,-35.42,-19.53,Stab,Right
1677415654150,-0.815936,-0.077592,0.680272,-31.78,-69.44,-12.88,Stab,Right
1677415654150,-0.816912,-0.013176,0.711016,-23.31,-77.07,-9.87,Stab,Right
1677415654150,-0.8662,-0.01464,0.6954,-17.22,-62.44,-5.18,Stab,Right
1677415654150,-0.865712,0.001464,0.638304,-8.4,-34.72,4.06,Stab,Right
1677415654257,-0.847656,-0.014152,0.578768,2.03,-3.5,12.6,Stab,Right
1677415654257,-0.847168,0.010736,0.526064,18.83,23.31,9.8,Stab,Right
1677415654257,-0.826184,0.027816,0.442128,17.43,25.06,2.87,Stab,Right
1677415654258,-0.78812,0.015128,0.381616,-1.47,7.49,-3.57,Stab,Right
1677415654258,-0.760792,0.021472,0.410408,-19.11,-15.19,-7.91,Stab,Right
1677415654258,-0.81252,-0.01464,0.474824,-25.2,-29.68,-10.01,Stab,Right
1677415654358,-0.872544,-0.029768,0.540704,-26.11,-32.97,-9.8,Stab,Right
1677415654358,-0.874008,-0.078568,0.59292,-24.92,-28.28,-3.29,Stab,Right
1677415654358,-0.845216,-0.115656,0.593408,-14.42,-15.68,6.3,Stab,Right
1677415654359,-0.826672,-0.142984,0.62708,-9.17,0.28,12.74,Stab,Right
1677415654359,-0.74908,-0.179584,0.728096,-12.74,14.0,15.05,Stab,Right
1677415654359,-0.701744,-0.203984,0.823256,-7.35,26.04,15.33,Stab,Right
1677415654404,-0.669048,-0.228384,0.948184,3.29,33.18,12.95,Stab,Right
1677415654404,-0.660752,-0.213744,0.950136,21.42,28.07,7.91,Stab,Right
1677415654406,-0.699304,-0.121512,0.799344,44.1,20.16,7.07,Stab,Right
1677415654456,-0.826184,-0.032696,0.496296,59.36,20.37,11.55,Stab,Right
1677415654457,-1.004304,0.111264,0.071248,58.94,27.65,14.42,Stab,Right
1677415654560,-1.27124,0.24644,-0.484096,-0.7,40.25,21.42,Stab,Right
1677415654560,-1.364936,0.132248,-0.293288,-51.45,41.65,27.51,Stab,Right
1677415654561,-1.2444,-0.00488,0.230824,-83.93,38.29,32.06,Stab,Right
1677415654561,-1.081896,-0.141032,1.056032,-87.29,21.21,33.18,Stab,Right
1677415654561,-0.870592,-0.244976,1.658712,-77.42,-9.66,28.7,Stab,Right
1677415654562,-0.826672,-0.284504,1.777296,-12.88,-36.33,24.01,Stab,Right
1677415654662,-0.835944,-0.237656,1.55184,51.31,-39.27,38.08,Stab,Right
1677415654664,-0.820816,-0.13176,1.096048,93.73,-12.6,62.44,Stab,Right
1677415654664,-0.833504,0.058072,0.42944,140.91,32.62,77.63,Stab,Right
1677415654665,-0.9638,0.309392,-0.381128,123.9,58.31,67.41,Stab,Right
1677415654665,-1.03944,0.573888,-1.13948,73.15,31.85,27.3,Stab,Right
1677415654665,-1.030168,0.445056,-0.928176,-67.83,-32.06,-10.92,Stab,Right
1677415654776,-0.923296,0.32208,-0.233752,-160.44,-86.1,-20.3,Stab,Right
1677415654776,-0.635376,0.05368,0.5856,-147.14,-110.18,-5.88,Stab,Right
1677415654776,-0.328912,-0.175192,1.2688,-100.1,-106.12,5.18,Stab,Right
1677415654776,-0.408944,-0.316224,1.655296,-61.18,-78.68,4.83,Stab,Right
1677415654777,-0.604144,-0.335744,1.845616,-20.23,-39.69,0.14,Stab,Right
1677415654777,-0.793976,-0.284992,1.708488,35.49,-9.94,4.41,Stab,Right
1677415654867,-1.043344,-0.176168,1.045784,102.06,16.52,24.92,Stab,Right
1677415654867,-1.217072,0.111752,0.1586,132.72,23.59,43.05,Stab,Right
1677415654867,-1.225856,0.477752,-0.802272,97.72,9.1,47.18,Stab,Right
1677415654868,-1.129232,0.588528,-1.037,49.91,-30.1,28.7,Stab,Right
1677415654869,-0.808616,0.475312,-0.562176,-85.12,-63.98,7.28,Stab,Right
1677415654869,-0.478728,0.272792,0.145912,-114.17,-75.88,-10.22,Stab,Right
1677415654869,-0.186416,-0.018056,1.036024,-92.61,-78.12,-23.03,Stab,Right
1677415654969,-0.216184,-0.217648,1.57624,-88.76,-76.65,-28.49,Stab,Right
1677415654970,-0.453352,-0.332816,1.865624,-57.33,-61.67,-26.32,Stab,Right
1677415654970,-0.63928,-0.421632,1.858792,2.94,-37.24,-14.28,Stab,Right
1677415654970,-0.940376,-0.323056,1.316136,80.22,-7.63,6.44,Stab,Right
1677415654970,-1.230736,-0.035136,0.404064,134.54,12.74,27.51,Stab,Right
1677415654970,-1.231712,0.37576,-0.569008,116.06,13.3,44.73,Stab,Right
1677415655073,-0.987224,0.609512,-1.22244,81.48,-9.38,38.5,Stab,Right
1677415655073,-0.572424,0.560712,-0.828136,-21.07,-38.57,12.81,Stab,Right
1677415655073,-0.182512,0.381128,0.028304,-129.64,-51.1,-14.98,Stab,Right
1677415655073,0.136152,-0.069296,1.116056,-118.09,-49.91,-39.06,Stab,Right
1677415655074,0.100528,-0.376248,1.982744,-120.47,-51.66,-53.27,Stab,Right
1677415655074,-0.359656,-0.580232,2.346304,-83.44,-46.62,-52.36,Stab,Right
1677415655142,-0.8784,-0.70516,2.21308,-14.35,-28.28,-35.21,Stab,Right
1677415655142,-1.5982,-0.542656,1.539152,85.82,-1.33,0.63,Stab,Right
1677415655143,-1.852448,-0.096624,0.355752,166.46,21.84,45.22,Stab,Right
1677415655263,-1.6592,0.447984,-0.846192,161.7,34.3,84.07,Stab,Right
1677415655264,-1.30296,0.860344,-1.480104,124.11,32.2,101.15,Stab,Right
1677415655264,-0.609512,0.739808,-1.03212,0.07,-0.91,75.74,Stab,Right
1677415655264,-0.407968,0.51728,-0.191784,-123.48,-36.89,30.87,Stab,Right
1677415655264,0.117608,0.151768,0.967216,-119.21,-60.9,3.99,Stab,Right
1677415655264,0.354288,-0.228872,1.858792,-133.0,-72.8,-2.73,Stab,Right
1677415655265,-0.083448,-0.398208,2.319464,-86.03,-62.37,-3.64,Stab,Right
1677415655381,-0.436272,-0.46604,2.207224,-7.42,-39.97,2.24,Stab,Right
1677415655382,-1.018456,-0.27084,1.516216,82.04,-9.03,22.68,Stab,Right
1677415655382,-1.498648,-0.054168,0.437248,129.36,19.25,52.22,Stab,Right
1677415655382,-1.728496,0.433344,-0.468968,127.75,29.75,74.97,Stab,Right
1677415655382,-1.425936,0.781288,-0.901824,63.77,15.26,86.38,Stab,Right
1677415655382,-0.471408,0.684176,-0.26108,-9.87,-6.23,75.46,Stab,Right
1677415655383,0.247416,0.44164,0.5734,-45.08,-14.49,48.93,Stab,Right
1677415655383,0.695888,0.175192,1.497184,-71.47,-14.21,18.27,Stab,Right
1677415655480,0.389424,-0.027816,1.996896,-93.45,-11.97,-18.62,Stab,Right
1677415655480,0.03416,-0.202032,2.13744,-63.07,-7.49,-41.16,Stab,Right
1677415655480,-0.770552,-0.365512,1.80804,0.84,0.35,-36.47,Stab,Right
1677415655480,-1.7568,-0.162016,0.843752,66.71,2.73,-9.94,Stab,Right
1677415655480,-2.10328,0.372344,-0.097112,106.68,-15.75,27.51,Stab,Right
1677415655480,-1.243424,0.58804,-0.50752,83.58,-31.43,67.97,Stab,Right
1677415655588,-0.309392,0.664168,-0.286456,59.99,-23.8,82.25,Stab,Right
1677415655588,0.463112,0.46604,0.243024,71.89,0.98,52.15,Stab,Right
1677415655588,0.868152,0.467504,1.03456,21.35,24.92,13.72,Stab,Right
1677415655588,0.411872,0.13908,1.330776,-76.86,17.64,-52.08,Stab,Right
1677415655588,-0.093208,-0.077104,1.484496,-73.64,-3.15,-98.07,Stab,Right
1677415655588,-1.064816,-0.119072,1.330776,-71.33,-32.13,-98.7,Stab,Right
1677415655690,-1.693848,-0.080032,1.05652,-17.78,-52.29,-47.6,Stab,Right
1677415655690,-1.651392,0.11224,0.593896,52.01,-57.05,15.33,Stab,Right
1677415655691,-1.36396,0.345016,0.277672,82.95,-43.19,58.52,Stab,Right
1677415655691,-0.777872,0.516792,0.334768,89.81,-18.76,68.18,Stab,Right
1677415655691,-0.059048,0.54656,0.565592,54.11,7.28,49.14,Stab,Right
1677415655691,0.333792,0.432856,0.859856,1.89,25.41,10.5,Stab,Right
1677415655790,0.328424,0.291336,1.209264,-14.84,29.54,-29.75,Stab,Right
1677415655790,-0.048312,0.117608,1.2322,-10.01,14.14,-56.49,Stab,Right
1677415655791,-0.487512,0.072224,1.0736,14.84,-6.58,-59.5,Stab,Right
1677415655791,-0.94672,0.098088,0.617808,37.38,-20.86,-44.31,Stab,Right
1677415655791,-1.415688,0.27816,0.027816,41.37,-30.1,-22.12,Stab,Right
1677415655791,-1.455216,0.494832,-0.405528,31.5,-35.84,0.14,Stab,Right
1677415655890,-1.099464,0.569008,-0.389424,-3.01,-31.36,9.1,Stab,Right
1677415655890,-0.618784,0.542656,0.11712,-53.13,-13.58,9.52,Stab,Right
1677415655890,-0.101016,0.30256,0.89792,-78.68,9.66,1.12,Stab,Right
1677415655890,0.237168,0.045384,1.58356,-71.05,23.24,-22.12,Stab,Right
1677415655890,0.115168,-0.08784,2.003728,-60.62,25.41,-47.39,Stab,Right
1677415655890,-0.225456,-0.214232,2.034472,-28.07,18.41,-53.34,Stab,Right
1677415655993,-0.754936,-0.267424,1.645048,35.42,8.19,-38.78,Stab,Right
1677415655993,-1.162904,-0.095648,1.01992,97.23,6.02,-4.97,Stab,Right
1677415655993,-1.336144,0.203984,0.217648,132.72,5.67,29.89,Stab,Right
1677415655993,-1.27856,0.572424,-0.603656,120.54,6.37,51.03,Stab,Right
1677415655994,-0.999912,0.870104,-1.10044,81.13,5.95,43.47,Stab,Right
1677415655994,-0.579256,0.837408,-0.911096,-18.34,-1.89,16.73,Stab,Right
1677415656098,-0.180072,0.560712,-0.19276,-136.85,-2.03,-5.25,Stab,Right
1677415656098,0.00488,0.195688,0.860832,-122.29,2.52,-30.59,Stab,Right
1677415656098,0.061,-0.092232,1.840736,-148.96,-2.73,-54.04,Stab,Right
1677415656098,-0.06832,-0.327936,2.265296,-154.91,-7.49,-71.33,Stab,Right
1677415656098,-0.421632,-0.549488,2.273104,-124.25,-10.92,-70.42,Stab,Right
1677415656098,-0.78324,-0.53192,1.904664,1.96,-2.8,-45.43,Stab,Right
1677415656200,-1.077504,-0.300608,1.161928,115.99,22.12,11.48,Stab,Right
1677415656200,-1.128256,0.055632,0.315736,177.8,54.18,63.28,Stab,Right
1677415656200,-1.21268,0.512888,-0.459208,177.94,79.31,85.89,Stab,Right
1677415656201,-1.10532,0.8662,-1.042368,95.2,74.97,66.85,Stab,Right
1677415656201,-0.66124,0.827648,-0.847656,-25.2,36.68,16.24,Stab,Right
1677415656201,-0.2562,0.569984,-0.257664,-122.71,4.62,-26.39,Stab,Right
1677415656300,-0.172264,0.22936,0.506544,-106.54,-9.1,-54.67,Stab,Right
1677415656300,-0.113704,-0.050752,1.548912,-122.92,-22.61,-68.25,Stab,Right
1677415656300,-0.084424,-0.324032,2.046672,-157.01,-29.26,-70.0,Stab,Right
1677415656300,-0.3172,-0.511912,2.16428,-111.72,-21.14,-59.78,Stab,Right
1677415656300,-0.647576,-0.584624,1.873432,2.59,-3.15,-39.06,Stab,Right
1677415656300,-1.07604,-0.331352,1.284904,113.61,24.01,2.59,Stab,Right
1677415656401,-1.261968,0.03904,0.372832,162.89,48.44,40.53,Stab,Right
1677415656401,-1.347368,0.532896,-0.50996,144.27,60.9,61.25,Stab,Right
1677415656401,-1.181936,0.952576,-1.106296,80.08,54.95,50.82,Stab,Right
1677415656401,-0.603168,0.864248,-0.869128,-27.51,34.44,15.33,Stab,Right
1677415656401,-0.159088,0.55876,-0.19764,-107.59,27.44,-18.27,Stab,Right
1677415656401,-0.08296,0.101992,0.848144,-89.95,28.98,-51.73,Stab,Right
1677415656505,-0.217648,-0.205448,1.776808,-132.72,15.47,-78.05,Stab,Right
1677415656505,-0.520208,-0.491416,2.173552,-140.98,-10.08,-83.72,Stab,Right
1677415656505,-0.792512,-0.694424,2.211616,-40.81,-24.43,-65.38,Stab,Right
1677415656505,-1.125328,-0.545584,1.799256,57.75,-18.97,-22.61,Stab,Right
1677415656505,-1.321504,-0.211304,0.948672,161.21,12.04,29.82,Stab,Right
1677415656505,-1.401048,0.248392,-0.03172,199.85,45.15,63.56,Stab,Right
1677415656612,-1.29564,0.765184,-0.921832,165.2,64.47,66.64,Stab,Right
1677415656612,-1.160952,0.920368,-1.131672,49.28,45.92,34.79,Stab,Right
1677415656612,-0.845216,0.741272,-0.741272,-60.83,13.37,-9.17,Stab,Right
1677415656612,-0.5856,0.49044,-0.23424,-117.11,-9.31,-25.62,Stab,Right
1677415656612,-0.493856,0.179584,0.42456,-127.82,-18.69,-25.48,Stab,Right
1677415656613,-0.184464,-0.13664,1.326384,-113.12,-28.77,-21.49,Stab,Right
1677415656710,-0.105896,-0.386008,1.921256,-104.23,-37.17,-20.58,Stab,Right
1677415656710,-0.193248,-0.46604,2.02764,-25.06,-34.02,-23.73,Stab,Right
1677415656710,-0.421632,-0.469944,1.794376,39.76,-21.42,-27.79,Stab,Right
1677415656710,-0.96136,-0.282552,1.071648,97.23,-5.11,-22.05,Stab,Right
1677415656710,-1.470832,0.089304,0.229848,120.05,9.59,-3.85,Stab,Right
1677415656710,-1.804136,0.42944,-0.643672,83.23,5.67,10.29,Stab,Right
1677415656817,-1.953464,0.81008,-1.004304,16.52,-12.46,12.6,Stab,Right
1677415656817,-1.275144,0.67588,-0.845216,-51.45,-28.84,24.64,Stab,Right
1677415656817,-1.138016,0.486536,-0.505568,-103.04,-23.03,42.28,Stab,Right
1677415656817,-0.96136,0.186904,0.198616,-111.79,-6.72,49.77,Stab,Right
1677415656817,-0.797392,-0.15128,1.16144,-126.77,3.5,42.91,Stab,Right
1677415656819,-0.757864,-0.49776,1.730936,-133.42,2.66,32.76,Stab,Right
1677415656917,-0.733952,-0.374784,1.990064,-70.07,-1.4,30.03,Stab,Right
1677415656917,-0.29036,-0.394304,1.93248,-8.26,-2.1,45.43,Stab,Right
1677415656917,-0.31964,-0.202032,1.664568,68.88,9.24,60.83,Stab,Right
1677415656917,-0.388936,-0.053192,0.948672,109.62,30.52,56.21,Stab,Right
1677415656919,-0.66612,0.23912,0.321592,127.26,46.83,35.0,Stab,Right
1677415656919,-0.903288,0.562176,-0.13664,51.94,36.47,15.33,Stab,Right
1677415657017,-0.813008,0.50996,-0.27328,-28.7,10.5,4.06,Stab,Right
1677415657017,-0.494344,0.386496,0.195688,-54.11,-6.44,8.4,Stab,Right
1677415657017,-0.032696,0.13664,0.831064,-77.98,-9.1,12.81,Stab,Right
1677415657017,0.201544,-0.111752,1.445456,-73.01,-7.0,0.56,Stab,Right
1677415657017,0.083448,-0.316712,1.6592,-39.97,-7.0,-28.84,Stab,Right
1677415657017,-0.674904,-0.304512,1.525488,-3.5,-8.47,-54.6,Stab,Right
1677415657124,-1.270264,-0.1464,1.169736,33.88,-13.23,-54.53,Stab,Right
1677415657124,-1.598688,0.166408,0.620248,64.19,-19.18,-20.93,Stab,Right
1677415657124,-1.436672,0.359656,0.021472,73.57,-20.44,15.89,Stab,Right
1677415657125,-1.05164,0.46116,-0.14396,62.86,-8.54,34.58,Stab,Right
1677415657125,-0.445056,0.418216,0.086864,34.51,13.09,27.58,Stab,Right
1677415657125,0.10736,0.305,0.474336,-11.9,39.76,5.67,Stab,Right
1677415657224,0.252784,0.14152,0.836432,-43.82,60.13,-28.21,Stab,Right
1677415657224,0.219112,-0.07076,1.341512,-34.02,63.28,-58.8,Stab,Right
1677415657224,0.101016,-0.1952,1.44204,-12.88,47.18,-84.14,Stab,Right
1677415657225,0.033672,-0.325008,1.452776,26.53,26.11,-102.48,Stab,Right
1677415657225,-0.269864,-0.321104,1.232688,75.53,11.41,-106.12,Stab,Right
1677415657225,-0.758352,-0.222528,0.714432,87.08,16.38,-73.99,Stab,Right
1677415657351,-1.332728,-0.083448,-0.00976,106.33,43.19,-65.8,Stab,Right
1677415657351,-1.897832,0.260104,-0.684664,71.61,58.1,-62.16,Stab,Right
1677415657353,-2.16916,0.489952,-0.636352,19.95,40.39,-77.28,Stab,Right
1677415657353,-1.797792,0.488976,-0.24644,-14.14,18.9,-70.28,Stab,Right
1677415657353,-1.433256,0.374296,-0.007808,-29.68,18.69,-21.42,Stab,Right
1677415657353,-1.129232,0.245464,0.260592,-28.07,38.71,30.31,Stab,Right
1677415657354,-0.89304,0.119072,0.530944,-14.56,70.42,42.35,Stab,Right
1677415657429,-0.801784,0.01464,0.664168,-20.09,94.01,30.66,Stab,Right
1677415657429,-0.787632,-0.048312,0.66368,-19.25,106.47,16.87,Stab,Right
1677415657429,-0.828136,-0.015128,0.551928,-7.77,104.65,7.63,Stab,Right
1677415657429,-0.830576,0.022936,0.384056,-1.61,98.07,5.81,Stab,Right
1677415657429,-0.860832,0.020008,0.275232,5.81,89.32,3.29,Stab,Right
1677415657530,-0.96624,0.018544,0.31476,2.17,72.52,-6.09,Stab,Right
1677415657530,-1.018944,0.066856,0.288896,18.76,46.41,-9.94,Stab,Right
1677415657531,-1.08092,0.093696,0.388448,9.1,6.3,-9.17,Stab,Right
1677415657531,-0.92964,0.07076,0.374784,-6.79,-29.26,2.17,Stab,Right
1677415657531,-0.908656,0.035136,0.34404,-22.19,-34.51,22.82,Stab,Right
1677415657531,-1.091168,-0.027328,0.255224,-25.13,-19.67,38.43,Stab,Right
1677415657631,-1.247816,0.02196,0.177144,-21.7,-2.31,41.65,Stab,Right
1677415657631,-1.218048,0.082472,0.170312,-7.91,6.44,29.26,Stab,Right
1677415657631,-1.054568,0.089792,0.14396,-0.28,0.91,11.13,Stab,Right
1677415657631,-1.012112,0.081008,0.23668,-18.83,-3.57,7.7,Stab,Right
1677415657631,-0.904264,0.075152,0.4758,-29.61,-4.06,12.95,Stab,Right
1677415657631,-0.803248,0.101016,0.538264,-29.05,1.12,24.01,Stab,Right
1677415657733,-0.77104,0.12688,0.389424,-21.35,11.62,37.87,Stab,Right
1677415657733,-0.845216,0.191296,0.18788,-13.93,36.82,41.37,Stab,Right
1677415657733,-0.946232,0.228384,0.063928,-12.32,61.6,26.04,Stab,Right
1677415657733,-1.024312,0.22692,0.15128,-23.24,79.38,4.62,Stab,Right
1677415657734,-1.022848,0.204472,0.27816,-27.44,73.71,-8.89,Stab,Right
1677415657734,-0.957944,0.155672,0.364048,-24.85,45.43,-7.84,Stab,Right
1677415657835,-0.901336,0.138592,0.385032,-26.74,3.15,0.42,Stab,Right
1677415657835,-0.955016,0.12444,0.338184,-48.09,-26.88,14.7,Stab,Right
1677415657836,-1.02968,0.03172,0.342088,-46.76,-42.77,15.82,Stab,Right
1677415657836,-1.011624,0.057584,0.452376,-27.86,-39.69,-4.97,Stab,Right
1677415657836,-1.097024,0.064904,0.438712,-13.02,-36.4,-24.85,Stab,Right
1677415657836,-1.135576,0.039528,0.450424,3.57,-26.11,-13.37,Stab,Right
1677415657941,-1.012112,0.098576,0.369416,23.73,-13.44,11.13,Stab,Right
1677415657941,-0.852536,0.116144,0.213256,33.6,7.07,18.2,Stab,Right
1677415657941,-0.699792,0.147376,0.133224,28.21,34.65,4.48,Stab,Right
1677415657941,-0.653432,0.183488,0.040016,13.58,48.65,-15.96,Stab,Right
1677415657941,-0.785192,0.152744,0.088328,-10.15,56.07,-29.26,Stab,Right
1677415657941,-0.908656,0.133224,0.258152,3.36,62.09,-36.61,Stab,Right
1677415658043,-1.075064,0.14396,0.285968,12.11,71.61,-27.58,Stab,Right
1677415658043,-1.384944,0.049776,0.517768,37.94,56.84,-7.63,Stab,Right
1677415658043,-1.206336,-0.0854,0.612928,16.8,15.54,25.97,Stab,Right
1677415658043,-0.958432,-0.050264,0.260104,-30.1,-45.92,35.63,Stab,Right
1677415658043,-0.874984,0.223016,0.11956,-14.98,-59.43,20.02,Stab,Right
1677415658043,-0.996496,0.197152,0.19764,-9.31,-45.5,4.76,Stab,Right
1677415658148,-1.016016,0.189344,0.173728,-8.05,-24.01,3.85,Stab,Right
1677415658148,-0.960872,0.130296,0.213256,-30.03,-11.13,-0.98,Stab,Right
1677415658148,-1.027728,0.133224,0.211304,-36.61,-5.6,1.33,Stab,Right
1677415658148,-1.084824,0.148352,0.204472,-40.95,6.23,1.96,Stab,Right
1677415658148,-1.072624,0.118096,0.15128,-32.69,20.72,-8.05,Stab,Right
1677415658148,-0.953552,0.153232,0.149816,-27.51,27.72,-33.39,Stab,Right
1677415658248,-1.013088,0.140056,0.216184,-31.36,26.39,-60.41,Stab,Right
1677415658248,-1.054568,0.101992,0.211792,-12.04,24.43,-72.87,Stab,Right
1677415658248,-1.020408,0.07564,0.225944,-2.73,36.19,-61.18,Stab,Right
1677415658248,-1.033584,0.073688,0.193736,-9.94,49.63,-39.76,Stab,Right
1677415658248,-1.016016,0.059536,0.143472,-12.88,60.76,-28.56,Stab,Right
1677415658248,-0.98088,0.016104,0.121024,-16.03,59.36,-31.78,Stab,Right
1677415658350,-0.943792,0.032696,0.103456,-15.33,43.54,-37.45,Stab,Right
1677415658351,-0.913536,0.06832,0.123952,-13.16,24.43,-28.56,Stab,Right
1677415658351,-0.935496,0.05612,0.07564,-11.27,5.18,-10.85,Stab,Right
1677415658351,-0.910608,0.072224,0.065392,-11.76,-15.12,-0.14,Stab,Right
1677415658351,-0.95892,0.060512,0.044896,-9.1,-27.44,-1.75,Stab,Right
1677415658351,-0.984296,0.052704,0.080032,-6.23,-26.04,-9.1,Stab,Right
1677415658454,-0.986248,-0.018544,0.086864,-3.43,-15.61,-15.47,Stab,Right
1677415658455,-0.972584,-0.053192,0.09516,5.11,-4.55,-17.29,Stab,Right
1677415658455,-0.981856,-0.060024,0.100528,9.87,5.95,-17.85,Stab,Right
1677415658455,-0.98332,-0.079544,0.10736,10.08,15.47,-23.66,Stab,Right
1677415658455,-0.969656,-0.082472,0.127856,10.15,19.53,-27.93,Stab,Right
1677415658455,-1.003816,-0.077592,0.130296,5.88,16.03,-22.68,Stab,Right
1677415658456,-0.996984,-0.099552,0.12444,6.65,8.05,-14.49,Stab,Right
1677415658517,-1.024312,-0.081008,0.122,8.68,0.21,-10.01,Stab,Right
1677415658517,-1.0614,-0.062952,0.105896,7.84,-4.69,-3.78,Stab,Right
1677415658517,-1.047736,-0.042944,0.110776,8.05,-8.96,-0.91,Stab,Right
1677415658641,-1.021872,-0.01708,0.096136,7.42,-13.09,-1.54,Stab,Right
1677415658642,-1.004792,0.011224,0.114192,6.51,-13.51,-2.8,Stab,Right
1677415658642,-1.002352,0.044896,0.11468,9.31,-10.43,-2.31,Stab,Right
1677415658642,-0.97844,0.040504,0.115168,9.59,-6.44,-5.67,Stab,Right
1677415658642,-0.960872,0.040992,0.10736,7.28,-2.73,-10.22,Stab,Right
1677415658642,-0.93452,0.020984,0.098576,6.02,-2.24,-12.04,Stab,Right
1677415658642,-0.93696,-0.007808,0.082472,4.48,-1.68,-10.78,Stab,Right
1677415658698,-0.954528,-0.019032,0.082472,5.32,-0.14,-7.21,Stab,Right
1677415658699,-0.95892,-0.025864,0.099552,5.95,2.17,-2.38,Stab,Right
1677415658699,-0.95648,-0.027328,0.101016,4.55,3.01,1.33,Stab,Right
1677415658699,-0.962824,-0.021472,0.096624,2.45,0.35,5.46,Stab,Right
1677415658830,-0.997472,-0.01952,0.0854,4.55,-2.8,7.91,Stab,Right
1677415658830,-1.002352,-0.009272,0.083936,8.61,-3.71,6.02,Stab,Right
1677415658830,-1.00284,-0.022448,0.069296,6.23,-3.99,2.45,Stab,Right
1677415658830,-1.02236,-0.011224,0.075152,5.53,-2.1,0.77,Stab,Right
1677415658832,-1.016016,-0.011712,0.088816,5.6,-0.77,1.68,Stab,Right
1677415658832,-0.996496,-0.035136,0.08784,6.79,-2.31,0.49,Stab,Right
1677415658832,-0.982344,-0.047824,0.104432,7.98,-5.04,-1.82,Stab,Right
1677415658966,-0.996496,-0.049288,0.1098,7.49,-5.95,-2.59,Stab,Right
1677415658966,-0.997472,-0.044896,0.131272,8.89,-3.92,-2.24,Stab,Right
1677415658966,-1.025288,-0.047336,0.113216,8.68,-1.96,-3.85,Stab,Right
1677415658966,-1.009672,-0.033672,0.128344,10.92,-2.87,-7.0,Stab,Right
1677415658966,-1.018944,-0.040016,0.123464,10.43,-8.19,-7.63,Stab,Right
1677415658967,-1.001376,-0.037088,0.122976,10.08,-11.9,-7.28,Stab,Right
1677415658967,-0.991616,-0.020496,0.141032,9.31,-12.18,-7.56,Stab,Right
1677415658967,-0.96136,-0.02196,0.142008,10.5,-11.27,-7.0,Stab,Right
1677415659028,-0.96624,-0.018056,0.144448,9.87,-8.26,-6.86,Stab,Right
1677415659028,-0.96624,-0.013176,0.15128,10.43,-2.94,-7.35,Stab,Right
1677415659028,-0.960384,-0.010736,0.136152,10.78,1.33,-8.75,Stab,Right
1677415659028,-0.978928,-0.000488,0.119072,11.27,3.57,-9.17,Stab,Right
1677415659153,-0.974048,-0.003416,0.093696,11.48,3.29,-7.91,Stab,Right
1677415659153,-0.979904,-0.015128,0.081008,10.15,1.61,-7.98,Stab,Right
1677415659153,-0.969656,-0.011224,0.100528,8.61,-0.49,-7.49,Stab,Right
1677415659153,-0.983808,-0.023912,0.09516,7.84,-1.47,-4.83,Stab,Right
1677415659153,-1.0126,-0.018056,0.0854,8.4,-0.07,-1.89,Stab,Right
1677415659153,-1.019432,-0.00732,0.08052,9.03,1.96,-0.84,Stab,Right
1677415659153,-1.028704,-0.014152,0.071248,8.26,1.12,-1.12,Stab,Right
1677415659209,-1.01992,-0.010736,0.08052,7.56,-2.8,-2.17,Stab,Right
1677415659209,-1.00772,-0.017568,0.091256,6.79,-7.35,-3.64,Noise,Unknown
1677415659209,-1.00772,-0.015616,0.110776,6.72,-8.89,-2.66,Noise,Unknown
1677415659209,-0.986736,-0.027816,0.128344,6.79,-6.51,-1.05,Noise,Unknown
1677415659339,-0.994056,-0.035624,0.114192,5.67,-2.17,-0.21,Noise,Unknown
1677415659339,-0.982832,-0.017568,0.106872,5.95,1.26,1.47,Noise,Unknown
1677415659339,-0.979904,0.003416,0.100528,4.83,-0.84,5.18,Noise,Unknown
1677415659339,-0.989176,0.00244,0.094672,1.75,-6.79,7.35,Noise,Unknown
1677415659340,-0.977952,0.000976,0.101992,0.56,-13.93,6.72,Noise,Unknown
1677415659340,-0.989176,0.000976,0.102968,-1.26,-17.43,4.34,Noise,Unknown
1677415659340,-0.98576,-0.000976,0.115656,-2.24,-14.63,1.47,Noise,Unknown
